index,episode,map,start,action,tics_since_decision,psnr_dec,lpips_dec,copy_psnr_dec,latent_mse,hud_psnr_dec,psnr_raw,lpips_raw,copy_psnr_raw,vae_psnr,vae_lpips,hud_psnr_raw,hud_vae_psnr,persist_psnr_raw,persist_lpips_raw,persist_hud_psnr_raw,copy_latent_mse,latent_mse_ratio,start_tic,scored_tic,context_motion,dup_latent,dup_raw,mse_dec,hud_mse_dec,scene_psnr_dec,scene_mse_dec,scene_lpips_dec,copy_mse_dec,copy_lpips_dec,scene_copy_psnr_dec,scene_copy_mse_dec,scene_copy_lpips_dec,mse_raw,hud_mse_raw,scene_psnr_raw,scene_mse_raw,scene_lpips_raw,copy_mse_raw,copy_lpips_raw,scene_copy_psnr_raw,scene_copy_mse_raw,scene_copy_lpips_raw,vae_mse,hud_vae_mse,scene_vae_psnr,scene_vae_mse,scene_vae_lpips,persist_mse_raw,persist_hud_mse_raw,scene_persist_psnr_raw,scene_persist_mse_raw,scene_persist_lpips_raw
50,38,17,50,-1,2,23.818523406982422,0.180277019739151,19.914276123046875,0.16872940957546234,25.75967788696289,21.30769920349121,0.2410544753074646,18.669715881347656,22.77492904663086,0.11367107927799225,17.993810653686523,18.10017967224121,18.9649658203125,0.22658255696296692,100.0,0.37370601296424866,0.45150306820869446,50,82,0.43896326422691345,0,0,0.0041509526781737804,0.0026548029854893684,23.584138870239258,0.004381129983812571,0.20661506056785583,0.010199349373579025,0.23966026306152344,19.404651641845703,0.011469250544905663,0.2733510136604309,0.007399972528219223,0.01587153784930706,22.149084091186523,0.006096655502915382,0.2717389166355133,0.013584025204181671,0.26718869805336,18.78380012512207,0.013231836259365082,0.294944703578949,0.005278459284454584,0.015487530268728733,24.30879783630371,0.003707832656800747,0.1198473796248436,0.012691224925220013,0.0,18.34348487854004,0.014643721282482147,0.26459482312202454
721,38,17,753,-1,0,24.026405334472656,0.1303286850452423,20.793264389038086,0.1692284792661667,26.837875366210938,21.429441452026367,0.1818051040172577,19.467891693115234,22.59156036376953,0.12463203817605972,18.046186447143555,18.05183219909668,20.108869552612305,0.19458404183387756,100.0,0.4128998816013336,0.4098535478115082,753,785,0.4193645417690277,0,0,0.003956940956413746,0.0020711543038487434,23.7191162109375,0.004247062373906374,0.15767693519592285,0.00833055004477501,0.20601589977741241,20.296630859375,0.009339787997305393,0.24295473098754883,0.007195418234914541,0.015681277960538864,22.298919677734375,0.005889901425689459,0.20589715242385864,0.011303444392979145,0.2394067645072937,19.73556137084961,0.010627815499901772,0.265844464302063,0.00550609827041626,0.015660902485251427,24.040830612182617,0.003943820483982563,0.13009336590766907,0.009752439334988594,0.0,19.487388610839844,0.011252815835177898,0.23098894953727722
795,38,17,827,-1,2,24.850265502929688,0.11556963622570038,21.21692657470703,0.16406741738319397,26.950109481811523,21.9206600189209,0.15902578830718994,19.741004943847656,23.261104583740234,0.09627498686313629,17.984872817993164,18.058876037597656,20.146684646606445,0.2059670090675354,100.0,0.39473840594291687,0.4156358242034912,827,859,0.4323873519897461,0,0,0.0032732062973082066,0.0020183161832392216,24.601381301879883,0.0034662664402276278,0.1401703655719757,0.007556268014013767,0.20298370718955994,20.730669021606445,0.008451487869024277,0.23849797248840332,0.006425902247428894,0.01590423472225666,23.038448333740234,0.0049676974304020405,0.18199723958969116,0.01061449758708477,0.23355242609977722,20.06060028076172,0.009861432947218418,0.2653842568397522,0.004719432443380356,0.015635525807738304,25.171215057373047,0.003040033858269453,0.10203403234481812,0.009667888283729553,0.0,19.525205612182617,0.011155256070196629,0.24474219977855682
863,38,17,895,-1,2,21.85845184326172,0.1530708223581314,18.294509887695312,0.1766606569290161,27.948406219482422,19.562164306640625,0.22045108675956726,17.064090728759766,21.187732696533203,0.12788039445877075,18.27416229248047,18.458232879638672,17.09714698791504,0.16673801839351654,100.0,0.38500720262527466,0.45885026454925537,895,927,0.4242001473903656,0,0,0.006518606562167406,0.0016038342146202922,21.381834030151367,0.007274725940078497,0.17488723993301392,0.01480979286134243,0.1898038387298584,17.733503341674805,0.016851933673024178,0.21972006559371948,0.011060726828873158,0.014879344962537289,19.79918670654297,0.010473246686160564,0.23975510895252228,0.01966034062206745,0.21395497024059296,16.889249801635742,0.020467981696128845,0.23660844564437866,0.007607234641909599,0.014261883683502674,21.815471649169922,0.0065834419801831245,0.13001997768878937,0.019511256366968155,0.0,16.475669860839844,0.02251298725605011,0.19742324948310852
1108,38,17,1140,-1,3,17.332988739013672,0.3239959180355072,15.665913581848145,0.3406044542789459,24.177513122558594,16.636377334594727,0.3485487401485443,15.16262149810791,22.516841888427734,0.09323415905237198,17.581802368164062,17.618276596069336,15.067935943603516,0.3769291043281555,100.0,0.5593216419219971,0.6089599132537842,1140,1172,0.4805033504962921,0,0,0.0184799637645483,0.0038216314278542995,16.83294105529785,0.02073509246110916,0.37098291516304016,0.027127431705594063,0.3869166374206543,15.124942779541016,0.030725974589586258,0.442402720451355,0.021695133298635483,0.017450978979468346,16.507598876953125,0.022348081693053246,0.39206844568252563,0.030460558831691742,0.4010203182697296,14.872074127197266,0.03256811201572418,0.45026302337646484,0.005601649638265371,0.0173050370067358,24.200876235961914,0.003801127662882209,0.09038721024990082,0.03113195113837719,0.0,14.446457862854004,0.035921480506658554,0.4366161823272705
1203,38,17,1267,-1,3,22.17373275756836,0.19771693646907806,18.526887893676758,0.2274034023284912,25.461811065673828,20.02541732788086,0.24893267452716827,17.41064453125,22.108074188232422,0.10923714190721512,17.90419578552246,18.144376754760742,17.70322036743164,0.23414069414138794,100.0,0.41152963042259216,0.5525808930397034,1267,1299,0.44894328713417053,0,0,0.006062150001525879,0.002843275433406234,21.83271026611328,0.006557362154126167,0.22749747335910797,0.014038195833563805,0.25345882773399353,17.989892959594727,0.015885861590504646,0.2912542521953583,0.009941646829247475,0.01620243862271309,20.467987060546875,0.008978448808193207,0.27745816111564636,0.018152469769120216,0.2711159586906433,17.321945190429688,0.018527023494243622,0.302936315536499,0.006154499016702175,0.015330715104937553,23.23967742919922,0.004742773715406656,0.10988138616085052,0.016969852149486542,0.0,17.081741333007812,0.019580598920583725,0.2756141722202301
1238,38,17,1302,-1,2,22.32000160217285,0.16884547472000122,19.96554946899414,0.20443204045295715,26.469482421875,20.14763069152832,0.21847285330295563,18.57925796508789,22.45986557006836,0.10094469040632248,17.941722869873047,18.044265747070312,19.303483963012695,0.13859853148460388,100.0,0.3180621564388275,0.642742395401001,1302,1334,0.4122765064239502,0,0,0.005861382465809584,0.002254507504403591,21.92716407775879,0.0064162868075072765,0.19269177317619324,0.0100796427577734,0.14931994676589966,19.439834594726562,0.011376708745956421,0.16968700289726257,0.009665779769420624,0.01606304571032524,20.614009857177734,0.00868158508092165,0.2390400767326355,0.013869928196072578,0.1845092624425888,18.664152145385742,0.013601435348391533,0.19430029392242432,0.0056756241247057915,0.015688208863139153,23.83500862121582,0.004135226830840111,0.10016930103302002,0.011739554814994335,0.0,18.682004928588867,0.01354563981294632,0.16034363210201263
1700,38,17,1764,-1,0,24.383438110351562,0.14415979385375977,20.22585105895996,0.16677187383174896,26.494033813476562,21.636302947998047,0.19299817085266113,19.02422523498535,22.548900604248047,0.103956438601017,17.887069702148438,17.927515029907227,19.37871742248535,0.22585037350654602,100.0,0.4311078190803528,0.3868449330329895,1764,1796,0.4444936513900757,0,0,0.0036446540616452694,0.0022418000735342503,24.133588790893555,0.0038604778237640858,0.16849100589752197,0.009493248537182808,0.23321284353733063,19.719528198242188,0.010667120106518269,0.26895931363105774,0.006860720459371805,0.016266463324427605,22.665071487426758,0.005413683596998453,0.2152308225631714,0.012519224546849728,0.2563619613647461,19.19288444519043,0.01204235665500164,0.2842884659767151,0.005560452118515968,0.01611567847430706,24.04882049560547,0.003936571069061756,0.10437805950641632,0.011537943966686726,0.0,18.757238388061523,0.013313011266291142,0.26195991039276123
1756,38,17,1820,-1,0,20.96015739440918,0.1817910075187683,17.0352725982666,0.21695449948310852,24.258020401000977,19.039209365844727,0.2415369600057602,16.093185424804688,21.25307273864746,0.11680683493614197,18.04019546508789,18.03101348876953,16.11618423461914,0.22725112736225128,33.61024475097656,0.42915353178977966,0.5055404901504517,1820,1852,0.44210129976272583,0,0,0.008016492240130901,0.0037514399737119675,20.618480682373047,0.008672653697431087,0.20922784507274628,0.01979123242199421,0.243109792470932,16.490787506103516,0.02243475429713726,0.2828132212162018,0.012476109899580479,0.015702927485108376,19.21554946899414,0.011979675851762295,0.2683316767215729,0.02458563633263111,0.272345632314682,15.848628997802734,0.026009805500507355,0.30389848351478577,0.007493637502193451,0.015736151486635208,22.058218002319336,0.0062255593948066235,0.12051482498645782,0.024455783888697624,0.000435487600043416,15.505029678344727,0.028151212260127068,0.266243577003479
1846,38,17,1910,-1,2,24.096843719482422,0.15150177478790283,20.580251693725586,0.19810950756072998,27.12143898010254,21.53506088256836,0.204864963889122,19.24161148071289,22.818668365478516,0.11625012755393982,18.154708862304688,18.05354881286621,19.531248092651367,0.19875748455524445,100.0,0.36337345838546753,0.5451953411102295,1910,1942,0.44698190689086914,0,0,0.003893280401825905,0.001940242713317275,23.773977279663086,0.004193747416138649,0.17151886224746704,0.008749331347644329,0.20352652668952942,20.063045501708984,0.009855884127318859,0.23522093892097473,0.007022533565759659,0.015294286422431469,22.40335464477539,0.005749955773353577,0.22286424040794373,0.011908001266419888,0.24057498574256897,19.446632385253906,0.01135890930891037,0.263563334941864,0.005225564353168011,0.015654712915420532,24.411619186401367,0.0036210801918059587,0.11652034521102905,0.011139740236103535,0.0,18.909770965576172,0.012853546999394894,0.22490505874156952
1969,38,17,2065,-1,3,22.90483283996582,0.16768917441368103,19.964984893798828,0.20516668260097504,26.645830154418945,20.908180236816406,0.20393511652946472,18.819150924682617,22.99036407470703,0.09778676927089691,18.126195907592773,18.161102294921875,19.202116012573242,0.15068566799163818,100.0,0.3630814850330353,0.565070629119873,2065,2097,0.41272103786468506,0,0,0.005122910253703594,0.002164796693250537,22.53521156311035,0.005578004755079746,0.19461703300476074,0.010080952197313309,0.16648198664188385,19.45856475830078,0.011327745392918587,0.1959095001220703,0.0081130126491189,0.015395022928714752,21.553550720214844,0.006992703303694725,0.2267143428325653,0.01312456838786602,0.1941232979297638,18.934755325317383,0.012779809534549713,0.21583382785320282,0.005023004952818155,0.015271784737706184,24.626506805419922,0.003446269780397415,0.1001804769039154,0.012016788125038147,0.0,18.580638885498047,0.013865524902939796,0.17864540219306946
2038,38,17,2134,-1,0,20.779190063476562,0.16037647426128387,19.226842880249023,0.20255045592784882,27.58328628540039,18.853147506713867,0.21750876307487488,17.711711883544922,21.270418167114258,0.12649165093898773,18.24740219116211,18.19894790649414,18.035606384277344,0.15757723152637482,100.0,0.30629563331604004,0.66129070520401,2134,2166,0.3638646602630615,0,0,0.008357592858374119,0.0017445014091208577,20.280292510986328,0.009374991990625858,0.18353304266929626,0.011948566883802414,0.17598316073417664,18.69561767578125,0.013503248803317547,0.19786027073860168,0.0130222262814641,0.014971310272812843,18.954320907592773,0.012722366489470005,0.23756538331508636,0.01693670265376568,0.2213851511478424,17.63520622253418,0.0172377061098814,0.23752814531326294,0.007463771849870682,0.015139276161789894,22.018383026123047,0.0062829251401126385,0.13030065596103668,0.015719516202807426,0.0,17.41412925720215,0.01813790388405323,0.1807791143655777
2126,38,17,2222,-1,0,19.65432357788086,0.24599649012088776,17.101696014404297,0.28541141748428345,24.90373992919922,18.357736587524414,0.27594029903411865,16.322616577148438,22.374799728393555,0.12085132300853729,17.90005111694336,18.13849639892578,16.35039520263672,0.27798789739608765,100.0,0.4363771378993988,0.6540476083755493,2222,2254,0.4645496904850006,0,0,0.010828484781086445,0.003233150579035282,19.209272384643555,0.011996998451650143,0.28475886583328247,0.019490836188197136,0.2940906882286072,16.533897399902344,0.022213153541088104,0.34114891290664673,0.014595748856663704,0.01621791161596775,18.432636260986328,0.014346187002956867,0.3143211007118225,0.023320529609918594,0.30804237723350525,16.100934982299805,0.024541806429624557,0.3458966612815857,0.005787888076156378,0.015351480804383755,23.64861488342285,0.00431656651198864,0.12561222910881042,0.023171838372945786,0.0,15.728917121887207,0.026736734434962273,0.3277599513530731
2236,38,17,2332,-1,2,24.473472595214844,0.12067275494337082,18.386863708496094,0.1605861485004425,26.8326416015625,21.917869567871094,0.18070149421691895,17.70775604248047,22.913715362548828,0.11426546424627304,18.18529510498047,17.93307876586914,18.101661682128906,0.18650130927562714,100.0,0.3256145119667053,0.49317872524261475,2332,2364,0.3585234582424164,0,0,0.0035698742140084505,0.002073651412501931,24.202091217041016,0.003800062695518136,0.14973129332065582,0.014498183503746986,0.2081994116306305,17.918102264404297,0.016150645911693573,0.23397129774093628,0.006430032663047314,0.015186948701739311,22.93895721435547,0.005082815419882536,0.20989306271076202,0.016952136531472206,0.23614485561847687,17.653425216674805,0.017165539786219597,0.2607128322124481,0.005112443584948778,0.01609504595398903,24.656169891357422,0.0034228127915412188,0.11670609563589096,0.015482238493859768,0.0,17.48018455505371,0.01786412112414837,0.21613362431526184
2293,38,17,2389,-1,3,22.733640670776367,0.17936183512210846,18.69037437438965,0.23177456855773926,25.185646057128906,20.634506225585938,0.2258148193359375,17.712928771972656,23.205671310424805,0.09061459451913834,17.880590438842773,17.95677375793457,18.055816650390625,0.21194666624069214,100.0,0.3659887909889221,0.633283257484436,2389,2421,0.40710750222206116,0,0,0.0053288815543055534,0.0030299481004476547,22.454557418823242,0.005682563874870539,0.20341074466705322,0.013519560918211937,0.22361518442630768,18.203046798706055,0.015125003643333912,0.2522689998149872,0.008640713058412075,0.016290750354528427,21.270408630371094,0.007463784422725439,0.2443893551826477,0.016931962221860886,0.2452966570854187,17.67530059814453,0.017079295590519905,0.26548895239830017,0.0047800540924072266,0.01600746624171734,25.153074264526367,0.0030527599155902863,0.09045292437076569,0.015646545216441154,0.0,17.434337615966797,0.018053706735372543,0.24184563755989075
2402,38,17,2498,-1,0,23.47320556640625,0.16717121005058289,19.595247268676758,0.19659805297851562,25.950231552124023,20.97808074951172,0.21999019384384155,18.259546279907227,22.740257263183594,0.10196830332279205,17.941574096679688,17.971588134765625,18.6610107421875,0.18937034904956818,100.0,0.39613020420074463,0.49629655480384827,2498,2530,0.3921617269515991,0,0,0.004494480788707733,0.002540837274864316,23.19207763671875,0.004795041400939226,0.19256767630577087,0.010976787656545639,0.200018972158432,19.03569984436035,0.012486189603805542,0.22938457131385803,0.007983477786183357,0.01606358401477337,21.713153839111328,0.006740384269505739,0.24257421493530273,0.01492950227111578,0.22870752215385437,18.323793411254883,0.01471027173101902,0.24800631403923035,0.005320768337696791,0.015952955931425095,24.3355712890625,0.0036850471515208483,0.10281655192375183,0.013611276634037495,0.0,18.039531707763672,0.015705319121479988,0.21780189871788025
2450,38,17,2546,-1,0,23.003520965576172,0.19170799851417542,19.988632202148438,0.2425885647535324,25.195919036865234,20.86258888244629,0.2510194778442383,18.784387588500977,22.552614212036133,0.1237330436706543,17.832246780395508,17.870176315307617,18.989852905273438,0.33951207995414734,100.0,0.4563424289226532,0.5315932631492615,2546,2578,0.421034574508667,0,0,0.005007811821997166,0.0030227925162762403,22.74643898010254,0.005313199944794178,0.2171606570482254,0.010026211850345135,0.34387943148612976,19.47532844543457,0.011284112930297852,0.3998268246650696,0.008198628202080727,0.01647309958934784,21.59540557861328,0.006925631780177355,0.2776617109775543,0.013230044394731522,0.36405932903289795,18.93292236328125,0.012785202823579311,0.4106329381465912,0.005555699113756418,0.01632985845208168,24.0914306640625,0.00389813631772995,0.12524880468845367,0.012618700973689556,0.0,18.368375778198242,0.014560040086507797,0.40089094638824463
2748,38,17,2876,-1,1,21.192285537719727,0.17470377683639526,19.1275577545166,0.2468528002500534,25.80338478088379,19.388362884521484,0.2142006754875183,17.938865661621094,22.832643508911133,0.086469367146492,17.874242782592773,18.021808624267578,18.02796173095703,0.11056344956159592,100.0,0.3619575500488281,0.6819937825202942,2876,2908,0.40873250365257263,0,0,0.007599265314638615,0.002628218848258257,20.775836944580078,0.008364042267203331,0.1934354305267334,0.012224867008626461,0.12621383368968964,18.616317749023438,0.013752074912190437,0.14236558973789215,0.01151234656572342,0.01631457544863224,19.676416397094727,0.010773541405797005,0.22916936874389648,0.01607360690832138,0.16015908122062683,17.912796020507812,0.01617038995027542,0.16784891486167908,0.005208774469792843,0.01576954871416092,24.45627212524414,0.003584040328860283,0.08321051299571991,0.01574721932411194,0.0,17.406484603881836,0.018169868737459183,0.1271761804819107
2932,38,17,3060,-1,1,26.174198150634766,0.1765938550233841,22.871246337890625,0.2455550879240036,26.1666202545166,22.659156799316406,0.22808882594108582,20.80600929260254,23.873123168945312,0.10180176049470901,17.953157424926758,18.019699096679688,21.835012435913086,0.21128268539905548,100.0,0.4188660681247711,0.5862377285957336,3060,3092,0.41689202189445496,0,0,0.0024131278041750193,0.002417341573163867,26.175363540649414,0.0024124793708324432,0.20413130521774292,0.005162683315575123,0.21175827085971832,22.414281845092773,0.0057355077005922794,0.24621140956878662,0.005421061534434557,0.01602080464363098,24.213228225708008,0.00379033200442791,0.25508105754852295,0.008306138217449188,0.2383968085050583,21.440807342529297,0.007176611106842756,0.26144111156463623,0.004099092446267605,0.01577720418572426,26.378080368041992,0.0023024599067866802,0.10336878150701523,0.006553883198648691,0.0,21.213533401489258,0.007562173064798117,0.24872076511383057
3119,38,17,3247,-1,0,22.897815704345703,0.13914349675178528,16.808929443359375,0.17861829698085785,26.50571632385254,20.562454223632812,0.18436545133590698,16.009281158447266,21.936853408813477,0.10779466480016708,18.032581329345703,18.049928665161133,15.8881196975708,0.31836703419685364,100.0,0.4833589494228363,0.36953550577163696,3247,3279,0.4826069474220276,0,0,0.0051311952993273735,0.002235777210444212,22.536270141601562,0.00557664455845952,0.16136248409748077,0.02085004933178425,0.32574039697647095,16.235708236694336,0.023791911080479622,0.37541502714157104,0.00878526084125042,0.0157304797321558,21.125648498535156,0.007716764695942402,0.2061341255903244,0.025065243244171143,0.3428976237773895,15.774003028869629,0.02646060101687908,0.3848951458930969,0.006401987746357918,0.01566777192056179,23.03077507019043,0.004976482596248388,0.11211436241865158,0.02577437087893486,0.0,15.266639709472656,0.029739659279584885,0.3728899359703064
3139,38,17,3267,-1,0,22.2524471282959,0.1802237629890442,18.28244972229004,0.22127528488636017,26.711902618408203,19.890485763549805,0.21908889710903168,17.21047592163086,21.476848602294922,0.11136457324028015,18.011276245117188,18.184309005737305,17.427242279052734,0.31438979506492615,100.0,0.45867347717285156,0.48242440819740295,3267,3299,0.4804319143295288,0,0,0.00595326442271471,0.002132110996171832,21.84347152709961,0.006541133858263493,0.20722799003124237,0.014850976876914501,0.3243086338043213,17.754596710205078,0.016770275309681892,0.3738877773284912,0.010255370289087296,0.01580784283578396,20.2681941986084,0.009401143528521061,0.2428581416606903,0.0190086979418993,0.35132381319999695,17.061525344848633,0.019671952351927757,0.39241892099380493,0.007117297034710646,0.015190397389233112,22.30971336364746,0.005875281989574432,0.11227978020906448,0.018083225935697556,0.0,16.805761337280273,0.02086525969207287,0.3645983040332794
3452,38,17,3580,-1,1,26.414268493652344,0.13695913553237915,23.49237060546875,0.2075551599264145,25.755767822265625,23.181657791137695,0.18764564394950867,21.5341739654541,24.020904541015625,0.10283561795949936,18.04808807373047,18.16360855102539,22.648590087890625,0.12441590428352356,100.0,0.34126803278923035,0.6081880927085876,3580,3612,0.4234880805015564,0,0,0.0022833538241684437,0.0026571948546916246,26.525062561035156,0.002225839765742421,0.16501076519489288,0.0044746920466423035,0.13623999059200287,23.201446533203125,0.004784708376973867,0.1588781177997589,0.00480655999854207,0.0156744085252285,25.038204193115234,0.003134583355858922,0.20967146754264832,0.00702397245913744,0.17074671387672424,22.390018463134766,0.005767642520368099,0.18888582289218903,0.003961954731494188,0.015262977220118046,26.529949188232422,0.0022233359050005674,0.10636670142412186,0.005434270482510328,0.0,22.027109146118164,0.006270312238484621,0.150498628616333
3467,38,17,3595,-1,0,24.89488410949707,0.13871029019355774,21.708026885986328,0.16951121389865875,27.05978012084961,22.050281524658203,0.18576495349407196,20.228252410888672,22.948780059814453,0.10658144950866699,18.028152465820312,17.93932342529297,20.78354263305664,0.2560223340988159,100.0,0.3966895043849945,0.4273145794868469,3595,3627,0.4238247573375702,0,0,0.0032397503964602947,0.0019679865799844265,24.64021873474121,0.0034354068338871002,0.16448132693767548,0.006748348940163851,0.2665081024169922,21.29178810119629,0.0074271345511078835,0.3101276159286499,0.006236943881958723,0.015746530145406723,23.211240768432617,0.00477393064647913,0.20473404228687286,0.009488001465797424,0.28602612018585205,20.657093048095703,0.008595884777605534,0.3194742500782013,0.0050713312812149525,0.01607191376388073,24.712203979492188,0.0033789335284382105,0.11043460667133331,0.008349216543138027,0.0,20.162063598632812,0.009633711539208889,0.30364590883255005
3569,38,17,3697,-1,2,23.526975631713867,0.17144010961055756,20.008718490600586,0.19160108268260956,26.369035720825195,21.24843978881836,0.22328786551952362,18.920433044433594,22.606943130493164,0.11893166601657867,17.918628692626953,17.817001342773438,19.280550003051758,0.25616365671157837,35.69680404663086,0.40696173906326294,0.47080859541893005,3697,3729,0.44440701603889465,0,0,0.0044391765259206295,0.0023072606418281794,23.2174015045166,0.004767163656651974,0.20020627975463867,0.009979942813515663,0.27035757899284363,19.56636619567871,0.011050034314393997,0.3113420903682709,0.007501633837819099,0.016148677095770836,22.09621810913086,0.006171319633722305,0.24781084060668945,0.012822028249502182,0.294376403093338,19.103591918945312,0.01229251641780138,0.3283778727054596,0.005486630834639072,0.01653102971613407,24.216480255126953,0.0037874928675591946,0.12352719157934189,0.011801709420979023,0.0002693515853025019,18.67230987548828,0.013575916178524494,0.30012091994285583
3635,38,17,3763,-1,0,22.484949111938477,0.16362793743610382,16.370384216308594,0.2471250742673874,25.829973220825195,20.232467651367188,0.2135988175868988,15.622846603393555,22.439088821411133,0.10411843657493591,17.90634536743164,18.04928970336914,15.644692420959473,0.3680805563926697,100.0,0.5691632032394409,0.43419018387794495,3763,3795,0.4430696368217468,0,0,0.005642936564981937,0.00261217774823308,22.14015007019043,0.0061092074029147625,0.18693867325782776,0.023065436631441116,0.37985268235206604,15.799345970153809,0.026306644082069397,0.4311600625514984,0.009478799998760223,0.016194425523281097,20.733680725097656,0.008445627987384796,0.2390723079442978,0.027397776022553444,0.392310231924057,15.344354629516602,0.029212212190032005,0.4369604289531708,0.00570284016430378,0.01567007042467594,23.799243927001953,0.004169420339167118,0.10808047652244568,0.02726031467318535,0.0,15.023212432861328,0.03145420923829079,0.4243781566619873
3682,38,17,3810,-1,3,22.090171813964844,0.17346292734146118,17.59552764892578,0.21393302083015442,26.474990844726562,19.852272033691406,0.20630666613578796,16.613052368164062,21.564313888549805,0.11747705936431885,17.918289184570312,18.008615493774414,16.80463409423828,0.34542545676231384,100.0,0.48468801379203796,0.4413829445838928,3810,3842,0.42841097712516785,0,0,0.006179920397698879,0.0022516504395753145,21.68497085571289,0.006784269120544195,0.20183397829532623,0.01739591732621193,0.36242663860321045,17.035429000854492,0.019790520891547203,0.41855278611183167,0.010346010327339172,0.01614995114505291,20.244258880615234,0.00945309642702341,0.2279968112707138,0.021811963990330696,0.3826516568660736,16.438018798828125,0.022709013894200325,0.4263375401496887,0.0069753932766616344,0.015817519277334213,22.50644874572754,0.0056150672025978565,0.11951413005590439,0.02087068185210228,0.0,16.18315315246582,0.024081557989120483,0.40259385108947754
4096,38,17,4256,-1,0,18.784912109375,0.1939927339553833,21.05626106262207,0.3258971869945526,26.244003295898438,17.66118621826172,0.2234262079000473,19.323001861572266,22.740806579589844,0.09919137507677078,17.824438095092773,17.978389739990234,20.190820693969727,0.07675787061452866,100.0,0.2679843306541443,1.216105341911316,4256,4288,0.3420608341693878,0,0,0.01322844810783863,0.002374650677666068,18.268644332885742,0.014898263849318027,0.21866638958454132,0.007841045036911964,0.09413254261016846,20.527040481567383,0.008857189677655697,0.10683296620845795,0.01713489554822445,0.01650274358689785,17.636606216430664,0.017232149839401245,0.2416067272424698,0.011686916463077068,0.13452595472335815,19.556432723999023,0.011075329966843128,0.1352861523628235,0.005320093594491482,0.0159279927611351,24.33196258544922,0.003688108641654253,0.09239686280488968,0.009570129215717316,0.0,19.56934356689453,0.011042456142604351,0.08850432932376862
4221,38,17,4381,-1,1,25.734603881835938,0.126047283411026,21.8536376953125,0.1535950005054474,26.012889862060547,22.600566864013672,0.17266155779361725,20.249622344970703,23.49055290222168,0.09388479590415955,17.941051483154297,17.984800338745117,20.831737518310547,0.15935392677783966,100.0,0.3915919065475464,0.39223232865333557,4381,4413,0.47620582580566406,0,0,0.002670176327228546,0.0025044416543096304,25.69332504272461,0.0026956743095070124,0.14309893548488617,0.006525840610265732,0.16904979944229126,21.422910690307617,0.007206243462860584,0.19487370550632477,0.005494692362844944,0.016065523028373718,24.124675750732422,0.0038684105966240168,0.19039368629455566,0.009441430680453777,0.20072618126869202,20.724422454833984,0.00846365187317133,0.22029250860214233,0.004476564470678568,0.015904497355222702,25.65683364868164,0.00271842023357749,0.09307936578989029,0.00825707521289587,0.0,20.21025848388672,0.009527395479381084,0.1879151612520218
4314,38,17,4474,-1,2,25.075035095214844,0.11216045916080475,23.38771629333496,0.16131018102169037,24.56824493408203,22.14655876159668,0.1695978045463562,21.215110778808594,22.923242568969727,0.11281867325305939,17.77634620666504,18.012744903564453,22.31996726989746,0.09739360958337784,100.0,0.28921666741371155,0.557748556137085,4474,4506,0.4410591423511505,0,0,0.003108110511675477,0.003492815187200904,25.15853500366211,0.0030489249620586634,0.13057447969913483,0.004583829548209906,0.11030703037977219,22.956058502197266,0.005062841344624758,0.1294548213481903,0.0061002024449408054,0.01668650470674038,23.49542808532715,0.004471540451049805,0.1883520781993866,0.007559432648122311,0.1565300077199936,22.02977752685547,0.006266463082283735,0.17057137191295624,0.005101238843053579,0.015802491456270218,24.61565399169922,0.0034548926632851362,0.11737532913684845,0.005861424840986729,0.0,21.698490142822266,0.0067631835117936134,0.11593125760555267
4369,38,17,4529,-1,1,22.02359962463379,0.22915968298912048,18.42984962463379,0.26602253317832947,24.364517211914062,20.305015563964844,0.2586977183818817,17.580547332763672,23.307647705078125,0.09219429641962051,17.556421279907227,17.71255111694336,17.791349411010742,0.2894817888736725,100.0,0.4299355149269104,0.6187498569488525,4529,4561,0.46959981322288513,0,0,0.006275382824242115,0.0036605678033083677,21.75375747680664,0.006677662022411823,0.258709579706192,0.014355393126606941,0.29183655977249146,17.904600143432617,0.01620093360543251,0.3331267237663269,0.009321772493422031,0.017553266137838364,20.939136505126953,0.008055388927459717,0.28154122829437256,0.017456024885177612,0.3104676902294159,17.53159523010254,0.017653891816735268,0.34490641951560974,0.004669122863560915,0.016933433711528778,25.555952072143555,0.002782305469736457,0.08885852992534637,0.01662895642220974,0.0,17.169872283935547,0.019187256693840027,0.33544111251831055
4609,38,17,4769,-1,1,21.944496154785156,0.2131728231906891,17.606801986694336,0.2821027636528015,23.99430274963379,20.152170181274414,0.247325137257576,16.791889190673828,23.02423858642578,0.08377142250537872,17.71315574645996,17.9163761138916,16.943199157714844,0.32058995962142944,100.0,0.48121052980422974,0.5862356424331665,4769,4801,0.45531025528907776,0,0,0.006390729453414679,0.003986298106610775,21.700119018554688,0.006760641932487488,0.23441706597805023,0.0173508133739233,0.3278733789920807,17.069839477539062,0.019634325057268143,0.37440815567970276,0.009655683301389217,0.016931073740124702,20.687255859375,0.008536393754184246,0.265954852104187,0.020932018756866455,0.33798807859420776,16.65067481994629,0.021623825654387474,0.3700474202632904,0.004983978811651468,0.016157064586877823,24.86111068725586,0.0032650427892804146,0.0811462551355362,0.02021530270576477,0.0,16.321720123291016,0.023325348272919655,0.3647274672985077
4735,38,17,4895,-1,3,24.38168716430664,0.19919024407863617,21.718461990356445,0.20931501686573029,25.596303939819336,21.614242553710938,0.2391354739665985,19.8395938873291,23.18950653076172,0.09608419239521027,17.887624740600586,17.95009422302246,20.722084045410156,0.1533358246088028,100.0,0.2762058675289154,0.7578225135803223,4895,4927,0.4009173810482025,0,0,0.0036461236886680126,0.002756574423983693,24.221664428710938,0.003782977582886815,0.22765518724918365,0.006732149515300989,0.15485310554504395,21.22533416748047,0.007541656959801912,0.17840656638145447,0.0068956599570810795,0.016264379024505615,22.632596969604492,0.005454319063574076,0.2644144892692566,0.01037625689059496,0.19239380955696106,20.246450424194336,0.009448327124118805,0.20596060156822205,0.004797881003469229,0.016032105311751366,25.129268646240234,0.003069539088755846,0.09712090343236923,0.008468207903206348,0.0,20.100608825683594,0.009771007113158703,0.1789720058441162
4898,155,17,38,-1,2,18.03040313720703,0.23822197318077087,16.31907081604004,0.31410226225852966,24.299903869628906,16.861726760864258,0.2617247998714447,15.550470352172852,20.930675506591797,0.1126924380660057,17.98462677001953,17.937807083129883,15.404877662658691,0.2010054886341095,30.899242401123047,0.491751492023468,0.6387418508529663,38,70,0.42837631702423096,0,0,0.015738364309072495,0.003715435741469264,17.54782485961914,0.017588043585419655,0.25804853439331055,0.02333957329392433,0.2242453396320343,15.807769775390625,0.02625567466020584,0.24000607430934906,0.02059810981154442,0.015905138105154037,16.712106704711914,0.021320104598999023,0.2806834578514099,0.02785819210112095,0.23643270134925842,15.26464557647705,0.029753314331173897,0.24591675400733948,0.008071093820035458,0.01607753336429596,21.649864196777344,0.006839334964752197,0.11395232379436493,0.02880794182419777,0.0008129726047627628,14.799771308898926,0.03311485797166824,0.2206360101699829
5095,155,17,235,-1,3,20.940414428710938,0.15488702058792114,17.934219360351562,0.23139886558055878,25.5679931640625,19.46354866027832,0.2008335292339325,17.09064483642578,22.382633209228516,0.09808873385190964,18.007753372192383,18.223922729492188,17.295856475830078,0.2709774672985077,100.0,0.4970543086528778,0.46554040908813477,235,267,0.4617588222026825,0,0,0.00805301871150732,0.002774601336568594,20.523174285888672,0.008865082636475563,0.17292067408561707,0.016090817749500275,0.2900397777557373,17.378618240356445,0.018286827951669693,0.32699331641197205,0.011314757168293,0.015820670872926712,19.73812484741211,0.010621540248394012,0.21520406007766724,0.019540494307875633,0.3023736774921417,16.955612182617188,0.020157596096396446,0.33109384775161743,0.005777454469352961,0.01505246851593256,23.614578247070312,0.00435052951797843,0.09636849164962769,0.018638649955391884,0.0,16.67437744140625,0.021506132557988167,0.30712753534317017
5114,155,17,254,-1,2,23.570194244384766,0.12719625234603882,19.759565353393555,0.1907191276550293,26.165599822998047,21.467750549316406,0.18722838163375854,18.648136138916016,23.069522857666016,0.11083190143108368,17.897375106811523,18.047225952148438,19.04422950744629,0.21328455209732056,100.0,0.43491727113723755,0.4385181665420532,254,286,0.45493999123573303,0,0,0.004395220894366503,0.0024179101455956697,23.279556274414062,0.004699422512203455,0.15124301612377167,0.010569233447313309,0.2304396629333496,19.221731185913086,0.01196263451129198,0.2736719250679016,0.007132225204259157,0.016227910295128822,22.4162654876709,0.005732888821512461,0.20533506572246552,0.013651689514517784,0.2571929097175598,18.754179000854492,0.013322385959327221,0.2873991131782532,0.004932282958179712,0.015677524730563164,24.842361450195312,0.0032791695557534695,0.11086671054363251,0.01246169675141573,0.0,18.42275047302246,0.014378881081938744,0.2547253966331482
5651,155,17,823,-1,2,24.342681884765625,0.1300126016139984,22.050098419189453,0.20534582436084747,27.003047943115234,21.698514938354492,0.17677529156208038,20.286176681518555,22.934391021728516,0.11196410655975342,17.85033416748047,17.807418823242188,20.994022369384766,0.129304438829422,100.0,0.37573179602622986,0.5465223789215088,823,855,0.47208988666534424,0,0,0.0036790170706808567,0.001993863144889474,24.046945571899414,0.003938271198421717,0.1490033119916916,0.006237208377569914,0.1413668692111969,21.596948623657227,0.006923172622919083,0.16298896074295044,0.006763140670955181,0.016404638066887856,22.7737979888916,0.005279833450913429,0.19780617952346802,0.009362300857901573,0.17932695150375366,20.833864212036133,0.008253035135567188,0.1940685510635376,0.005088163074105978,0.016567550599575043,24.785869598388672,0.0033221037592738867,0.11838005483150482,0.00795422587543726,0.0,20.372541427612305,0.009177953004837036,0.15262854099273682
5707,155,17,879,-1,2,24.300106048583984,0.1980365812778473,20.771100997924805,0.2147291749715805,25.739051818847656,21.742633819580078,0.2235884666442871,19.34979248046875,23.265872955322266,0.108861044049263,17.854307174682617,17.798002243041992,19.79951286315918,0.3070085644721985,100.0,0.4946846067905426,0.434072881937027,879,911,0.46115151047706604,0,0,0.0037152625154703856,0.0026674410328269005,24.11564064025879,0.0038764658384025097,0.22980418801307678,0.008373173885047436,0.3157902956008911,20.291994094848633,0.009349762462079525,0.37168458104133606,0.0066947853192687035,0.01638963632285595,22.837238311767578,0.005203269422054291,0.25186634063720703,0.011615038849413395,0.33918166160583496,19.631372451782227,0.010885863564908504,0.3865050971508026,0.004714252892881632,0.01660349778831005,25.398334503173828,0.002885138150304556,0.11425867676734924,0.010472460649907589,0.0,19.17803382873535,0.012083608657121658,0.36549142003059387
6063,155,17,1235,-1,2,20.928442001342773,0.20415107905864716,18.295434951782227,0.24692754447460175,24.564773559570312,19.479907989501953,0.25712206959724426,17.403167724609375,22.0931339263916,0.13288895785808563,17.880611419677734,17.808448791503906,17.517391204833984,0.24138586223125458,100.0,0.44780609011650085,0.5514162182807922,1235,1267,0.45351865887641907,0,0,0.008075248450040817,0.0034956070594489574,20.565149307250977,0.008779807947576046,0.2376386821269989,0.01480664312839508,0.25411534309387207,17.809877395629883,0.016558170318603516,0.2816748023033142,0.011272215284407139,0.01629066839814186,19.78804588317871,0.010500145144760609,0.2893376350402832,0.018183745443820953,0.2807026505470276,17.337310791015625,0.01846158690750599,0.3037267327308655,0.006175707560032606,0.016563614830374718,23.393651962280273,0.004577568266540766,0.13898661732673645,0.01771172694861889,0.0,16.895912170410156,0.020436609163880348,0.27228179574012756
6680,155,17,1884,-1,2,25.64777183532715,0.12390685826539993,23.45296859741211,0.1726938933134079,27.002574920654297,22.591211318969727,0.17410549521446228,21.411117553710938,23.529388427734375,0.10855120420455933,17.9858341217041,18.173946380615234,22.362873077392578,0.1030568778514862,100.0,0.2824190855026245,0.6114809513092041,1884,1916,0.44611382484436035,0,0,0.0027241003699600697,0.0019940794445574284,25.472307205200195,0.0028364115860313177,0.14750303328037262,0.004515471868216991,0.12294746190309525,23.00872802734375,0.005001808982342482,0.14614759385585785,0.005506541114300489,0.015900712460279465,24.081079483032227,0.003907438367605209,0.1958197057247162,0.007225835230201483,0.14863666892051697,22.243120193481445,0.005966064985841513,0.1652451902627945,0.00443671178072691,0.015226682648062706,25.564687728881836,0.0027767156716436148,0.11286412179470062,0.005803802516311407,0.0,21.74139404296875,0.006696694530546665,0.123912513256073
6851,155,17,2087,-1,0,23.625553131103516,0.18346385657787323,19.60468292236328,0.24959135055541992,24.557905197143555,21.62152099609375,0.230391263961792,18.635387420654297,23.320972442626953,0.09688077121973038,17.99935531616211,18.045801162719727,18.96030044555664,0.29323795437812805,100.0,0.4458957314491272,0.5597527027130127,2087,2119,0.43838292360305786,0,0,0.004339550621807575,0.0035011412110179663,23.49834632873535,0.00446853693574667,0.21400360763072968,0.010952970013022423,0.2951563596725464,19.158645629882812,0.012137677520513535,0.3471231460571289,0.0068841129541397095,0.01585129089653492,22.592784881591797,0.005504547152668238,0.2683452367782593,0.013691823929548264,0.3080197274684906,18.743328094482422,0.013355719856917858,0.3548848628997803,0.004654816817492247,0.01568266749382019,25.289688110351562,0.0029582243878394365,0.1033826544880867,0.012704864144325256,0.0,18.338821411132812,0.014659458771348,0.34714576601982117
6858,155,17,2094,-1,3,24.400787353515625,0.19568893313407898,21.787736892700195,0.1877703070640564,25.512168884277344,21.876365661621094,0.2364763617515564,20.254623413085938,23.28264617919922,0.10950803756713867,17.975765228271484,17.983858108520508,20.974824905395508,0.19159501791000366,100.0,0.34072577953338623,0.5510892271995544,2094,2126,0.43667149543762207,0,0,0.0036301224026829004,0.0028104986995458603,24.252490997314453,0.0037562185898423195,0.23106339573860168,0.006625618785619736,0.21082092821598053,21.358078002929688,0.007314628455787897,0.24589282274246216,0.00649177236482501,0.015937622636556625,22.976932525634766,0.005038565024733543,0.26932406425476074,0.00943056307733059,0.22176554799079895,20.729129791259766,0.00845448486506939,0.2488352656364441,0.004696077201515436,0.015907950699329376,25.270719528198242,0.002971174195408821,0.11547697335481644,0.007989460602402687,0.0,20.35334587097168,0.009218608029186726,0.22676607966423035
6893,155,17,2129,-1,2,25.05681800842285,0.14117994904518127,22.597333908081055,0.15086184442043304,28.043628692626953,22.171775817871094,0.20864184200763702,20.700483322143555,22.961048126220703,0.12671545147895813,18.24587059020996,18.23822784423828,21.491098403930664,0.13148675858974457,100.0,0.31491613388061523,0.4790540337562561,2129,2161,0.42769813537597656,0,0,0.003121177898719907,0.0015690511791035533,24.736650466918945,0.0033599671442061663,0.16691337525844574,0.00549878366291523,0.1550351083278656,22.08991813659668,0.006180281285196543,0.1869392991065979,0.006064882501959801,0.014976595528423786,23.284709930419922,0.004693849943578243,0.2321818321943283,0.00851043313741684,0.19406139850616455,21.22845458984375,0.007536238059401512,0.2195121943950653,0.005057026632130146,0.015002964995801449,24.526092529296875,0.003526881569996476,0.1338595747947693,0.007093982771039009,0.0,20.869619369506836,0.008185364305973053,0.16119560599327087
6895,155,17,2131,-1,0,25.041799545288086,0.14453749358654022,22.36522674560547,0.1701858639717102,27.75330352783203,22.159141540527344,0.21164797246456146,20.63768196105957,23.10073471069336,0.12679918110370636,18.150062561035156,18.23954963684082,21.4201717376709,0.13112005591392517,100.0,0.31371352076530457,0.542488157749176,2131,2163,0.4242910146713257,0,0,0.0031319877598434687,0.001677528372965753,24.742103576660156,0.0033557508140802383,0.16867531836032867,0.0058006588369607925,0.1549539864063263,21.912181854248047,0.006438461132347584,0.1824006587266922,0.006082552019506693,0.015310651622712612,23.313491821289062,0.004662844352424145,0.23467305302619934,0.008634394034743309,0.19406172633171082,21.19123077392578,0.007601110264658928,0.21717049181461334,0.004896962083876133,0.014998405240476131,24.75877571105957,0.003342893673107028,0.1322181522846222,0.007210790179669857,0.0,20.79869270324707,0.008320142515003681,0.15836597979068756
6911,155,17,2147,-1,0,24.670879364013672,0.15898674726486206,20.0711669921875,0.19944021105766296,24.357755661010742,22.242584228515625,0.20950324833393097,19.00861358642578,23.359262466430664,0.10245373100042343,18.056673049926758,18.196048736572266,19.438541412353516,0.26099759340286255,100.0,0.440204918384552,0.4530622065067291,2147,2179,0.4216621220111847,0,0,0.0034112390130758286,0.0036662714555859566,24.72112274169922,0.0033720035571604967,0.18469220399856567,0.009837465360760689,0.28359049558639526,19.59894371032715,0.010967450216412544,0.3342564105987549,0.005966800265014172,0.01564345695078373,23.489078521728516,0.004478083457797766,0.23724928498268127,0.012564313597977161,0.30755287408828735,19.157394409179688,0.012141167186200619,0.3522305190563202,0.004613960161805153,0.015149388462305069,25.238752365112305,0.0029931259341537952,0.10449270904064178,0.011380092240869999,0.0,18.81706428527832,0.013130875304341316,0.3121223747730255
7301,155,17,2537,-1,2,20.625530242919922,0.1737874448299408,17.917701721191406,0.21416087448596954,25.60878562927246,18.790790557861328,0.21117551624774933,16.88136863708496,21.121246337890625,0.10038384795188904,17.78500747680664,17.808921813964844,16.77337646484375,0.1441003829240799,32.54507827758789,0.3650405704975128,0.5866768956184387,2537,2569,0.5048577785491943,0,0,0.00865858606994152,0.0027486637700349092,20.191877365112305,0.0095678037032485,0.19122327864170074,0.01615212857723236,0.16425782442092896,17.421844482421875,0.018105708062648773,0.1801351010799408,0.013210550881922245,0.016653262078762054,18.96849822998047,0.01268090307712555,0.2234976887702942,0.020505163818597794,0.1935047060251236,16.757776260375977,0.021097080782055855,0.20013868808746338,0.007724590599536896,0.01656181365251541,21.962003707885742,0.0063650174997746944,0.09656382352113724,0.021021433174610138,0.00055653479648754,16.167255401611328,0.02416987530887127,0.16048654913902283
7386,155,17,2622,-1,3,23.841503143310547,0.13832911849021912,19.992116928100586,0.15516254305839539,25.833454132080078,21.653852462768555,0.19520366191864014,18.913833618164062,23.024742126464844,0.12019472569227219,17.84410858154297,18.003284454345703,19.46510124206543,0.2473686933517456,100.0,0.40088143944740295,0.3870534598827362,2622,2654,0.4633388817310333,0,0,0.0041290451772511005,0.0026100852992385626,23.6024169921875,0.0043627312406897545,0.16511258482933044,0.010018170811235905,0.2600814700126648,19.486486434936523,0.011255157180130482,0.31265154480934143,0.006833053193986416,0.01642816700041294,22.710878372192383,0.005356882233172655,0.21997863054275513,0.012841528281569481,0.2981564700603485,19.10171890258789,0.012297820299863815,0.34796684980392456,0.004983399994671345,0.01583695225417614,24.79697036743164,0.00331362197175622,0.12757831811904907,0.011310708709061146,0.0,18.8436222076416,0.013050819747149944,0.3034980595111847
7447,155,17,2715,-1,2,26.519920349121094,0.1294141709804535,23.437728881835938,0.1655493527650833,25.58196258544922,22.99720001220703,0.174241304397583,21.258146286010742,23.572097778320312,0.10732030868530273,18.089643478393555,18.08673667907715,22.113676071166992,0.1375223994255066,100.0,0.33296746015548706,0.4971937835216522,2715,2747,0.4230344593524933,0,0,0.002228476805612445,0.002765691839158535,26.684053421020508,0.0021458282135427,0.14983338117599487,0.004531343933194876,0.15472464263439178,23.149578094482422,0.004842193331569433,0.17894324660301208,0.005015105940401554,0.015525147318840027,24.687541961669922,0.0033981765154749155,0.19349877536296844,0.007484891917556524,0.1872314065694809,22.074010848999023,0.006202958524227142,0.20804017782211304,0.004393294919282198,0.015535547398030758,25.720108032226562,0.002679102122783661,0.11329086124897003,0.006146563682705164,0.0,21.492197036743164,0.007092188578099012,0.1652507483959198
7940,155,17,3208,-1,3,24.2086181640625,0.13722723722457886,21.278209686279297,0.19190038740634918,25.70352554321289,21.7843074798584,0.1965029537677765,19.769514083862305,23.082786560058594,0.11391254514455795,17.999685287475586,17.962018966674805,20.266942977905273,0.16894851624965668,100.0,0.37920862436294556,0.5060549378395081,3208,3240,0.4513501524925232,0,0,0.003794357180595398,0.0026893510948866606,24.01827049255371,0.0039643580093979836,0.16117773950099945,0.007450390141457319,0.18459206819534302,20.79611587524414,0.008325082249939442,0.2159581035375595,0.006630849093198776,0.01585007645189762,22.82953453063965,0.005212506279349327,0.21665488183498383,0.010545048862695694,0.21872779726982117,20.10747528076172,0.009755568578839302,0.24375438690185547,0.00491724070161581,0.015988148748874664,24.929508209228516,0.0032140244729816914,0.12302102148532867,0.009403850883245468,0.0,19.645463943481445,0.010850596241652966,0.19848574697971344
8173,155,17,3441,-1,0,23.76694679260254,0.265680193901062,20.157936096191406,0.23119807243347168,25.43947410583496,21.82803726196289,0.3005450665950775,19.202587127685547,24.579143524169922,0.08046624064445496,17.802839279174805,17.902332305908203,19.705245971679688,0.2508697211742401,100.0,0.38477012515068054,0.6008732318878174,3441,3473,0.4287084639072418,0,0,0.004200540948659182,0.002857936080545187,23.558475494384766,0.00440709525719285,0.3091229200363159,0.009642870165407658,0.269112229347229,19.671913146972656,0.01078471727669239,0.31303417682647705,0.006564419716596603,0.01658502221107483,22.990550994873047,0.005022788420319557,0.33559662103652954,0.012015488930046558,0.28217190504074097,19.407604217529297,0.011461448855698109,0.31371602416038513,0.0034840600565075874,0.016209393739700317,28.163555145263672,0.0015263163950294256,0.08062326163053513,0.010702256113290787,0.0,19.083768844604492,0.01234875712543726,0.29616934061050415
8217,155,17,3485,-1,0,23.72388458251953,0.17461463809013367,19.900930404663086,0.24098478257656097,26.132612228393555,21.53505516052246,0.21667008101940155,18.84874153137207,23.025432586669922,0.10574719309806824,18.025367736816406,17.89268684387207,19.24502944946289,0.2605246305465698,100.0,0.4493877589702606,0.5362513065338135,3485,3517,0.462677538394928,0,0,0.004242400638759136,0.002436344977468252,23.44837188720703,0.0045202551409602165,0.20260263979434967,0.01023073773831129,0.26844409108161926,19.381580352783203,0.011530338786542416,0.31583794951438904,0.0070225452072918415,0.015756631270051003,22.45740509033203,0.005678840447217226,0.24226230382919312,0.013035444542765617,0.29141169786453247,18.978788375854492,0.012650894932448864,0.3291795253753662,0.004982608370482922,0.016245437785983086,24.881345748901367,0.003249865025281906,0.1092984601855278,0.011898636817932129,0.0,18.623550415039062,0.013729196041822433,0.30753034353256226
8299,155,17,3567,-1,2,22.00699806213379,0.19478315114974976,19.174720764160156,0.2540706694126129,25.255128860473633,20.350772857666016,0.2320406436920166,18.219022750854492,23.748004913330078,0.09185581654310226,18.018760681152344,18.255645751953125,18.49285316467285,0.213865265250206,100.0,0.3691878020763397,0.6881881356239319,3567,3599,0.4250694811344147,0,0,0.006299416068941355,0.0029818592593073845,21.668651580810547,0.00680980971083045,0.22336861491203308,0.012092829681932926,0.21885646879673004,18.677244186401367,0.013560494408011436,0.25279897451400757,0.009224075824022293,0.01578061282634735,20.853727340698242,0.008215377107262611,0.2601665258407593,0.01506946049630642,0.24411383271217346,18.21578025817871,0.015080715529620647,0.27441757917404175,0.0042189029045403,0.014942922629415989,25.90226936340332,0.002569053787738085,0.09748949110507965,0.01414863858371973,0.0,17.871376037597656,0.01632535271346569,0.2512591779232025
8350,155,17,3618,-1,1,24.349220275878906,0.17842990159988403,20.32794761657715,0.21426978707313538,26.740205764770508,21.764955520629883,0.22394248843193054,19.01530647277832,23.398296356201172,0.09280909597873688,17.879547119140625,17.867189407348633,19.470823287963867,0.2272578477859497,100.0,0.4125109612941742,0.5194281339645386,3618,3650,0.47391852736473083,0,0,0.0036734838504344225,0.0021182605996727943,24.07518196105957,0.003912749234586954,0.20638979971408844,0.009272681549191475,0.22446462512016296,19.79937744140625,0.010472784750163555,0.2605902850627899,0.0066604651510715485,0.016294658184051514,22.858142852783203,0.00517828157171607,0.24879243969917297,0.012544963508844376,0.24715076386928558,19.216848373413086,0.0119760911911726,0.27978673577308655,0.004572676494717598,0.01634109579026699,25.5875244140625,0.0027621504850685596,0.09720464050769806,0.011295817792415619,0.0,18.84934425354004,0.01303363498300314,0.268616259098053
8387,155,17,3655,-1,2,20.162940979003906,0.29735907912254333,19.97686004638672,0.32131657004356384,22.613853454589844,19.109556198120117,0.34797412157058716,18.92051887512207,24.057016372680664,0.08146657049655914,17.735382080078125,18.138696670532227,19.23973274230957,0.24046556651592255,25.17919921875,0.371761679649353,0.8643079400062561,3655,3687,0.44409775733947754,0,0,0.009631771594285965,0.0054779076017439365,19.88394546508789,0.010270828381180763,0.34443244338035583,0.010053426027297974,0.2500748336315155,19.584270477294922,0.011004569008946419,0.2883932292461395,0.012275650165975094,0.01684464141726494,19.36564064025879,0.011572729796171188,0.3907163143157959,0.012821773067116737,0.27823907136917114,19.100875854492188,0.012300209142267704,0.30863505601882935,0.0039291465654969215,0.015350780449807644,26.631458282470703,0.002171972533687949,0.07603767514228821,0.011913159862160683,0.0030344503466039896,18.768308639526367,0.013279115781188011,0.27781692147254944
8455,155,17,3723,-1,2,21.473140716552734,0.18801598250865936,18.6503963470459,0.22011184692382812,26.14084243774414,19.240453720092773,0.2506680190563202,17.2738037109375,20.925045013427734,0.13360238075256348,17.972919464111328,18.102754592895508,17.161909103393555,0.2553134560585022,35.69680404663086,0.43530845642089844,0.5056456923484802,3723,3755,0.4481298625469208,0,0,0.007123379502445459,0.0024317330680787563,21.053977966308594,0.007845170795917511,0.21613925695419312,0.013644592836499214,0.269421249628067,18.10042953491211,0.015486642718315125,0.3068735897541046,0.011911174282431602,0.015948066487908363,19.473018646240234,0.011290112510323524,0.27685707807540894,0.01873353123664856,0.2990074157714844,17.168733596801758,0.019192282110452652,0.3281867504119873,0.008081566542387009,0.015478345565497875,21.584150314331055,0.0069436016492545605,0.1374264359474182,0.01922246627509594,0.0002693515853025019,16.548553466796875,0.022138327360153198,0.29525279998779297
8487,155,17,3755,-1,2,23.161598205566406,0.1833377182483673,19.868896484375,0.2189553827047348,25.048358917236328,21.087800979614258,0.23927517235279083,18.66558837890625,22.98910140991211,0.10185612738132477,17.767471313476562,17.721050262451172,19.09326171875,0.25962868332862854,100.0,0.4152291715145111,0.527312159538269,3755,3787,0.4333507716655731,0,0,0.004828812088817358,0.003127260599285364,22.93231964111328,0.005090589169412851,0.2103084921836853,0.01030647661536932,0.2781796455383301,19.35605812072754,0.011598293669521809,0.3153060972690582,0.00778430700302124,0.016720633953809738,21.931766510009766,0.006409487687051296,0.2643328607082367,0.013596941716969013,0.29473254084587097,18.824066162109375,0.013109716586768627,0.3233844041824341,0.005024467129260302,0.016900325194001198,24.95201301574707,0.003197412472218275,0.09932881593704224,0.012321796268224716,0.0,18.471778869628906,0.014217458665370941,0.30288562178611755
8557,155,17,3825,-1,0,23.456771850585938,0.17035074532032013,20.80410385131836,0.25426238775253296,25.68494987487793,21.133623123168945,0.22531172633171082,19.38698959350586,23.37289810180664,0.11204898357391357,17.73017120361328,17.844717025756836,19.821510314941406,0.21695339679718018,100.0,0.43281975388526917,0.5874555706977844,3825,3857,0.4586566388607025,0,0,0.004511519800871611,0.0027008778415620327,23.19657325744629,0.004790079314261675,0.2009599208831787,0.00830977875739336,0.23050077259540558,20.379493713378906,0.00916327629238367,0.2669612467288971,0.00770260626450181,0.01686486043035984,22.011402130126953,0.0062930285930633545,0.2528505027294159,0.011515985243022442,0.25749337673187256,19.74690818786621,0.010600080713629723,0.2878000736236572,0.004599494859576225,0.016425874084234238,25.559473037719727,0.002780051901936531,0.11637008190155029,0.010419551283121109,0.0,19.200031280517578,0.012022559531033039,0.25669020414352417
8692,155,17,3960,-1,3,24.670827865600586,0.16365225613117218,21.71778678894043,0.185206800699234,26.764507293701172,21.83649444580078,0.2019743025302887,19.971317291259766,23.291900634765625,0.11030706018209457,17.826740264892578,17.84073257446289,20.42180824279785,0.28089991211891174,100.0,0.4055422842502594,0.4566892385482788,3960,3992,0.45405086874961853,0,0,0.003411279059946537,0.002106441417708993,24.422494888305664,0.003612023312598467,0.19144214689731598,0.006733198184520006,0.2819916903972626,21.234760284423828,0.007525304798036814,0.33071961998939514,0.006551648955792189,0.016493994742631912,22.99118423461914,0.005022057797759771,0.2234794795513153,0.010066264308989048,0.30501317977905273,20.380800247192383,0.00916051771491766,0.34563082456588745,0.00468608271330595,0.016440939158201218,25.409631729125977,0.002877643331885338,0.11426082253456116,0.009074429981410503,0.0,19.800329208374023,0.01047049555927515,0.32976609468460083
8820,155,17,4088,-1,3,24.8671875,0.1530030518770218,22.468156814575195,0.19577841460704803,26.761165618896484,21.871681213378906,0.1974739134311676,20.515106201171875,23.3353328704834,0.1140696108341217,17.67940902709961,17.809812545776367,21.328754425048828,0.14740139245986938,100.0,0.4013534486293793,0.48779553174972534,4088,4120,0.41822972893714905,0,0,0.0032604795414954424,0.0021080628503113985,24.637226104736328,0.0034377744887024164,0.18327295780181885,0.005664797034114599,0.16021020710468292,22.151639938354492,0.006093067117035389,0.18990197777748108,0.006498782895505428,0.01706315204501152,23.121593475341797,0.004873495548963547,0.22482001781463623,0.008881563320755959,0.1832798272371292,21.164749145507812,0.007647599093616009,0.20663133263587952,0.004639453254640102,0.01655842363834381,25.519487380981445,0.0028057654853910208,0.11614983528852463,0.007364183198660612,0.0,20.707275390625,0.008497134782373905,0.18028524518013
9111,155,17,4379,-1,2,25.043134689331055,0.15270355343818665,22.095643997192383,0.1934838443994522,26.647357940673828,22.053848266601562,0.19633227586746216,20.275177001953125,23.362003326416016,0.10159625858068466,17.89682388305664,17.942731857299805,20.988428115844727,0.23314806818962097,100.0,0.37842997908592224,0.5112804174423218,4379,4411,0.43265366554260254,0,0,0.0031310259364545345,0.0021640353370457888,24.841535568237305,0.0032797937747091055,0.18426918983459473,0.006172137334942818,0.24425135552883148,21.601394653320312,0.0069160861894488335,0.2903514802455902,0.006231826264411211,0.016229970380663872,23.284893035888672,0.004693651106208563,0.22147589921951294,0.009386032819747925,0.27003997564315796,20.799583435058594,0.008318432606756687,0.3092409372329712,0.004611049313098192,0.016059305518865585,25.451889038085938,0.0028497790917754173,0.1063937172293663,0.007964476011693478,0.0,20.36695098876953,0.009189779870212078,0.27777034044265747
9501,155,17,4769,-1,0,21.056476593017578,0.18267929553985596,16.905101776123047,0.23599949479103088,21.544204711914062,19.1774959564209,0.23151934146881104,16.00897979736328,21.640642166137695,0.10776761174201965,17.301284790039062,17.742631912231445,15.975784301757812,0.34681570529937744,23.279542922973633,0.47244855761528015,0.49952420592308044,4769,4801,0.4651030898094177,0,0,0.007840657606720924,0.0070077660493552685,20.986072540283203,0.007968795485794544,0.20549780130386353,0.020393412560224533,0.3525455594062805,16.427400588989258,0.02276458963751793,0.4041997790336609,0.012085103429853916,0.018615370616316795,19.554428100585938,0.011080446653068066,0.25211384892463684,0.025066973641514778,0.37185347080230713,15.824995994567871,0.02615172415971756,0.4106704592704773,0.006853870116174221,0.01681654527783394,22.739944458007812,0.00532115064561367,0.10307825356721878,0.025259321555495262,0.004699435085058212,15.463395118713379,0.028422381728887558,0.40038469433784485
9562,155,17,4830,-1,1,22.914608001708984,0.1744343340396881,20.141069412231445,0.2200687676668167,26.172983169555664,20.920978546142578,0.22128959000110626,18.96872329711914,23.17803955078125,0.11516299843788147,17.85348892211914,17.729061126708984,19.376991271972656,0.2950282692909241,100.0,0.48185044527053833,0.4567159116268158,4830,4862,0.5092980861663818,0,0,0.005111392587423325,0.0024138023145496845,22.575571060180664,0.00552640575915575,0.21093030273914337,0.009680390357971191,0.3077586591243744,19.639612197875977,0.0108652263879776,0.3648172914981842,0.008089138194918633,0.016392724588513374,21.667469024658203,0.006811663508415222,0.2610066831111908,0.012680242769420147,0.3352642357349396,19.168781280517578,0.012109381146728992,0.3866030275821686,0.00481056421995163,0.01686917617917061,25.293848037719727,0.002955392701551318,0.12623754143714905,0.011542527936398983,0.0,18.755510330200195,0.013318302109837532,0.35030779242515564
9651,155,17,4951,-1,0,23.00412368774414,0.18831892311573029,18.62043571472168,0.21241645514965057,25.86574363708496,20.778297424316406,0.22464998066425323,17.614879608154297,22.915088653564453,0.11240294575691223,18.01404571533203,17.979721069335938,17.873685836791992,0.18916311860084534,100.0,0.3658057153224945,0.5806810855865479,4951,4983,0.42197465896606445,0,0,0.005007116589695215,0.002590751275420189,22.693096160888672,0.005378865171223879,0.21595004200935364,0.013739043846726418,0.20736408233642578,18.101654052734375,0.015482272021472454,0.2393580824136734,0.008359305560588837,0.015797756612300873,21.417678833007812,0.007214927114546299,0.25374019145965576,0.017318569123744965,0.23489703238010406,17.570926666259766,0.01749473437666893,0.25970393419265747,0.0051108249463140965,0.015923108905553818,24.625089645385742,0.003447397146373987,0.11556516587734222,0.016316667199134827,0.0,17.252206802368164,0.01882692240178585,0.2221205234527588
9652,155,17,4952,-1,1,22.992170333862305,0.20817163586616516,19.630727767944336,0.21090610325336456,25.775135040283203,20.74924659729004,0.25921785831451416,18.43052864074707,22.931833267211914,0.1118369773030281,17.928546905517578,17.98139190673828,18.735464096069336,0.19884254038333893,100.0,0.3060561716556549,0.6891091465950012,4952,4984,0.42203259468078613,0,0,0.005020917393267155,0.002645370550453663,22.687026977539062,0.005386385601013899,0.23841756582260132,0.01088747475296259,0.22436247766017914,19.11817169189453,0.01225131843239069,0.258449912071228,0.00841541402041912,0.016111845150589943,21.40781021118164,0.007231346797198057,0.2866142690181732,0.014353150501847267,0.2494402825832367,18.504234313964844,0.014111618511378765,0.2751583158969879,0.005091159138828516,0.015916982665657997,24.65257453918457,0.003425647970288992,0.11248505115509033,0.01337992213666439,0.0,18.113983154296875,0.015438372269272804,0.23084676265716553
9660,155,17,4960,-1,1,22.589948654174805,0.17103159427642822,19.283164978027344,0.22533300518989563,25.811450958251953,20.523235321044922,0.21562090516090393,18.17408561706543,23.113113403320312,0.08715539425611496,18.001514434814453,18.04750633239746,18.397062301635742,0.20108936727046967,100.0,0.36371397972106934,0.6195335388183594,4960,4992,0.4075242578983307,0,0,0.005508143454790115,0.0026233431417495012,22.253400802612305,0.005951958708465099,0.19338631629943848,0.011794603429734707,0.2096121609210968,18.77690887451172,0.013252847827970982,0.23827151954174042,0.00886495690792799,0.015843410044908524,21.083871841430664,0.0077913496643304825,0.23865185678005219,0.01522619929164648,0.2378884106874466,18.20992660522461,0.015101059339940548,0.26117175817489624,0.004883022513240576,0.015676505863666534,24.9180908203125,0.0032224864698946476,0.08538804948329926,0.014464180916547775,0.0,17.77558135986328,0.016689438372850418,0.2319048047065735
9815,168,17,95,-1,3,22.079355239868164,0.18374082446098328,17.786178588867188,0.2169504463672638,26.37625503540039,19.779094696044922,0.22913847863674164,16.73914909362793,21.712112426757812,0.10018251836299896,17.847301483154297,17.86355209350586,16.845916748046875,0.3376820683479309,100.0,0.4696434438228607,0.46194714307785034,95,127,0.45257124304771423,0,0,0.006195329129695892,0.0023034277837723494,21.678691864013672,0.00679408386349678,0.2090265452861786,0.01664876751601696,0.3617374897003174,17.230972290039062,0.01891920156776905,0.4150950610637665,0.010521816089749336,0.016416100785136223,20.170507431030273,0.009615003131330013,0.2494301199913025,0.021187765523791313,0.3826531767845154,16.57794189453125,0.021989012137055397,0.4243601858615875,0.006742000579833984,0.01635477878153324,22.787574768066406,0.005263111088424921,0.09361577779054642,0.020673230290412903,0.0,16.224437713623047,0.0238537285476923,0.3927098214626312
10125,168,17,405,-1,1,18.37557029724121,0.18545116484165192,18.25149154663086,0.2773434817790985,24.730098724365234,17.42961311340332,0.20879143476486206,17.343610763549805,21.840961456298828,0.09731294959783554,17.935585021972656,18.138708114624023,17.48424530029297,0.16368186473846436,37.060516357421875,0.3569907248020172,0.7768926620483398,405,437,0.459116667509079,0,0,0.014535936526954174,0.0033650395926088095,17.890254974365234,0.01625453680753708,0.20741036534309387,0.014957224018871784,0.18746420741081238,17.753894805908203,0.016772985458374023,0.2076483964920044,0.01807335577905178,0.016085758805274963,17.356748580932617,0.01837914064526558,0.2263426035642624,0.01843482255935669,0.20845875144004822,17.22626495361328,0.01893972046673298,0.22104519605636597,0.006544914562255144,0.015350732952356339,22.848182678222656,0.005190172698348761,0.09488523751497269,0.017847420647740364,0.00019676527881529182,16.869155883789062,0.020562905818223953,0.18368548154830933
10317,168,17,597,-1,1,15.908317565917969,0.28785404562950134,14.114521026611328,0.2863239049911499,23.739049911499023,15.007824897766113,0.33562013506889343,13.462777137756348,20.22052574157715,0.12707962095737457,17.639328002929688,17.825824737548828,13.496454238891602,0.28881680965423584,32.71884536743164,0.45956292748451233,0.6230352520942688,597,629,0.4907169044017792,0,0,0.025654781609773636,0.00422761170193553,15.38332462310791,0.028951268643140793,0.3160472512245178,0.03877466171979904,0.3003109097480774,13.552827835083008,0.04412830248475075,0.33310970664024353,0.03156585246324539,0.017221352085471153,14.71434211730957,0.033772699534893036,0.36443087458610535,0.04505285620689392,0.32464316487312317,13.071744918823242,0.04929758235812187,0.3527064919471741,0.009504895657300949,0.016497472301125526,20.74217987060547,0.008429114706814289,0.12889167666435242,0.0447048544883728,0.0005347062251530588,12.881906509399414,0.05150025710463524,0.3252025544643402
10402,168,17,682,-1,2,23.90645980834961,0.12878473103046417,21.948692321777344,0.21028351783752441,26.319597244262695,21.45929718017578,0.1951339840888977,20.180627822875977,23.084331512451172,0.10192917287349701,17.672740936279297,17.692588806152344,20.943286895751953,0.11591275781393051,100.0,0.32895293831825256,0.6392510533332825,682,714,0.4747921824455261,0,0,0.004067747388035059,0.002333675976842642,23.630582809448242,0.004334527533501387,0.14736425876617432,0.006384558510035276,0.13149002194404602,21.462270736694336,0.007141225505620241,0.1500709503889084,0.007146118208765984,0.017089372500777245,22.50543212890625,0.005616386421024799,0.2084837406873703,0.009592615999281406,0.17811918258666992,20.72150230407715,0.00846934225410223,0.18741613626480103,0.0049154916778206825,0.017011437565088272,25.150489807128906,0.0030545771587640047,0.09967811405658722,0.008047696202993393,0.0,20.321805953979492,0.009285803884267807,0.13448172807693481
10468,168,17,748,-1,0,23.95812225341797,0.1271335780620575,20.69866371154785,0.1879648119211197,25.75232696533203,21.396896362304688,0.18380367755889893,19.2711238861084,22.643442153930664,0.09635908901691437,17.591543197631836,17.720199584960938,19.78931999206543,0.2233591228723526,100.0,0.4206298887729645,0.4468650817871094,748,780,0.4516385495662689,0,0,0.004019645042717457,0.002659300807863474,23.73769760131836,0.004228928592056036,0.14941665530204773,0.008513997308909893,0.23333145678043365,20.208782196044922,0.009530636481940746,0.277387410402298,0.007249539252370596,0.01741187833249569,22.451854705810547,0.00568610243499279,0.2036254107952118,0.011827357113361359,0.25175032019615173,19.581132888793945,0.01101252157241106,0.29042044281959534,0.005440711043775082,0.01690363697707653,24.344846725463867,0.003677183762192726,0.10110411792993546,0.010497069917619228,0.0,19.1678409576416,0.01211200375109911,0.2701451778411865
10767,168,17,1047,-1,3,19.279115676879883,0.28278350830078125,17.441268920898438,0.30455029010772705,22.802133560180664,18.02812385559082,0.3175596594810486,16.5004940032959,22.07191276550293,0.106451116502285,17.435523986816406,17.847827911376953,16.53278923034668,0.3706989884376526,100.0,0.5142924189567566,0.5921733975410461,1047,1079,0.48762020468711853,0,0,0.011805607937276363,0.005245496518909931,18.922863006591797,0.012814856134355068,0.31978774070739746,0.01802491582930088,0.38665586709976196,16.89211082458496,0.02045449987053871,0.4436127841472626,0.01574663445353508,0.01804877445101738,18.126920700073242,0.015392458997666836,0.35407721996307373,0.02238467149436474,0.3987666964530945,16.339008331298828,0.02323267050087452,0.44602635502815247,0.006205958779901266,0.01641410030424595,23.33905792236328,0.004635476041585207,0.10687597095966339,0.022218827158212662,0.0,15.911310195922852,0.025637108832597733,0.4276416301727295
10820,168,17,1100,-1,0,17.207582473754883,0.22771590948104858,15.179666519165039,0.27818289399147034,25.18976402282715,15.915207862854004,0.26538944244384766,14.31761360168457,19.69002914428711,0.12301205098628998,17.737459182739258,18.19190216064453,14.165609359741211,0.24035057425498962,100.0,0.5013798475265503,0.5548346042633057,1100,1132,0.4290871322154999,0,0,0.019021369516849518,0.003027078229933977,16.67924690246582,0.021482029929757118,0.2563060224056244,0.030341237783432007,0.26601555943489075,14.581328392028809,0.034823086112737656,0.30787503719329834,0.02561410702764988,0.016836589202284813,15.69207763671875,0.026964496821165085,0.2902335226535797,0.03700315207242966,0.2904868423938751,13.940361022949219,0.0403611920773983,0.3217640519142151,0.010739820078015327,0.015163865871727467,19.974367141723633,0.01005919836461544,0.12752246856689453,0.038321200758218765,0.0,13.5441312789917,0.04421676695346832,0.2780972123146057
11174,168,17,1486,-1,2,23.25164794921875,0.1703013777732849,19.09151840209961,0.1720433235168457,27.103681564331055,20.940258026123047,0.20500807464122772,17.995798110961914,22.56768798828125,0.09113740175962448,17.774499893188477,17.902341842651367,18.500646591186523,0.32350611686706543,100.0,0.38279208540916443,0.4494432508945465,1486,1518,0.43719571828842163,0,0,0.0047297170385718346,0.0019481925992295146,22.87548828125,0.005157644394785166,0.1995721459388733,0.0123267387971282,0.3362191617488861,18.546762466430664,0.013974097557365894,0.3971220850944519,0.008053307421505451,0.01669360138475895,21.723705291748047,0.006724030710756779,0.22411945462226868,0.015864279121160507,0.3524807095527649,18.009613037109375,0.01581389643251896,0.40111443400382996,0.005536452401429415,0.01620936021208763,24.09552001953125,0.003894466208294034,0.08761942386627197,0.014123277738690376,0.0,17.879165649414062,0.016296090558171272,0.38730305433273315
11222,168,17,1534,-1,2,16.7196102142334,0.24133557081222534,15.465730667114258,0.3235948979854584,25.297664642333984,15.743756294250488,0.283746600151062,14.753312110900879,20.67540168762207,0.10545062273740768,17.988054275512695,18.29511833190918,14.777416229248047,0.3170207738876343,33.24781036376953,0.485577791929245,0.6664120554924011,1534,1566,0.47598689794540405,0,0,0.02128330059349537,0.0029527959413826466,16.179222106933594,0.024103378877043724,0.2688297629356384,0.028407106176018715,0.3373180031776428,14.91585922241211,0.03224141150712967,0.3774663507938385,0.026645533740520477,0.01589258573949337,15.482160568237305,0.028299836441874504,0.3074154555797577,0.03347101807594299,0.34532496333122253,14.41047191619873,0.03622036054730415,0.3756512403488159,0.008559728041291237,0.01480772066861391,21.19272232055664,0.007598497439175844,0.10107523202896118,0.033285751938819885,0.00047338969307020307,14.164180755615234,0.03833380714058876,0.3623177409172058
11642,168,17,1954,-1,2,19.693519592285156,0.3253515958786011,16.8981990814209,0.3526274859905243,22.36517906188965,18.796606063842773,0.3441976308822632,16.360599517822266,23.403215408325195,0.08046864718198776,17.899003982543945,18.209270477294922,16.490489959716797,0.3584766685962677,100.0,0.488800972700119,0.7214131951332092,1954,1986,0.42127570509910583,0,0,0.010731193237006664,0.005800724495202303,19.39690399169922,0.011489726603031158,0.3759700059890747,0.02042584866285324,0.3510829210281372,16.35776138305664,0.023132573813199997,0.41157108545303345,0.013192876242101192,0.016221821308135986,18.952777862548828,0.012726884335279465,0.39215052127838135,0.02311745658516884,0.368406742811203,16.136728286743164,0.024340366944670677,0.4210640490055084,0.004567501600831747,0.015103336423635483,25.306781768798828,0.002946604276075959,0.07800456881523132,0.022436290979385376,0.0,15.869010925292969,0.025888031348586082,0.42109906673431396
11691,168,17,2003,-1,3,24.78971290588379,0.13261137902736664,23.18616485595703,0.17193566262722015,26.402271270751953,22.297391891479492,0.15960334241390228,21.2227725982666,24.722179412841797,0.07130078226327896,18.04507064819336,18.21990203857422,22.57373046875,0.07815998792648315,100.0,0.28428933024406433,0.6047911047935486,2003,2035,0.4480229318141937,0,0,0.003319164039567113,0.002289670752361417,24.587268829345703,0.003477547550573945,0.15439188480377197,0.004801574628800154,0.09930098056793213,22.68440055847168,0.005389644298702478,0.11420508474111557,0.0058919768780469894,0.01568531058728695,23.579998016357422,0.004385311156511307,0.17298413813114166,0.007546104025095701,0.11969923973083496,21.978609085083008,0.006340727675706148,0.11996437609195709,0.0033711816649883986,0.015066412277519703,28.035709381103516,0.001571915578097105,0.06426031142473221,0.00552874943241477,0.0,21.952251434326172,0.006379325874149799,0.09283065050840378
11774,168,17,2118,-1,2,21.16655731201172,0.18709085881710052,18.80518341064453,0.21759238839149475,26.324752807617188,19.452783584594727,0.22627900540828705,17.67700958251953,22.496509552001953,0.09858290106058121,18.027687072753906,18.03164291381836,17.669466018676758,0.20395036041736603,100.0,0.37329575419425964,0.5828954577445984,2118,2150,0.42293739318847656,0,0,0.0076444149017333984,0.002330905059352517,20.72533416748047,0.008461877703666687,0.21034735441207886,0.01316684577614069,0.2125614434480667,18.25172996520996,0.014956394210457802,0.2374364733695984,0.011342835612595081,0.015748217701911926,19.72035789489746,0.01066508423537016,0.25078845024108887,0.01707257330417633,0.23769475519657135,17.611501693725586,0.01733204536139965,0.25825515389442444,0.005627934355288744,0.015733882784843445,23.900672912597656,0.004073173273354769,0.0983630120754242,0.017102258279919624,0.0,17.04798698425293,0.019733374938368797,0.23344995081424713
11811,168,17,2155,-1,3,23.598596572875977,0.1798277050256729,20.38058853149414,0.2096685916185379,26.394479751586914,21.440410614013672,0.21810439229011536,19.170198440551758,23.450355529785156,0.09935583919286728,18.061115264892578,18.114765167236328,19.5842342376709,0.18215984106063843,100.0,0.3492414951324463,0.6003541946411133,2155,2187,0.4057677686214447,0,0,0.00436656828969717,0.002293782075867057,23.29248046875,0.004685458727180958,0.21263572573661804,0.009160968475043774,0.20379121601581573,19.90393829345703,0.010223652236163616,0.2329084873199463,0.007177265360951424,0.015627466142177582,22.308271408081055,0.005877234507352114,0.2483503818511963,0.012105429545044899,0.22441989183425903,19.390316009521484,0.011507167480885983,0.24835507571697235,0.004518189933151007,0.0154355987906456,25.468975067138672,0.0028385890182107687,0.10053292661905289,0.011004660278558731,0.0,18.962757110595703,0.012697683647274971,0.21278691291809082
11853,168,17,2197,-1,1,24.27647590637207,0.1477031260728836,21.804494857788086,0.18274176120758057,26.575698852539062,21.786968231201172,0.19584959745407104,20.169025421142578,22.995729446411133,0.10380980372428894,18.034042358398438,17.89418601989746,20.749013900756836,0.1283976435661316,100.0,0.34475255012512207,0.5300664305686951,2197,2229,0.45324912667274475,0,0,0.003735531587153673,0.0022000379394739866,24.01016616821289,0.003971761558204889,0.175382599234581,0.00660009915009141,0.15195582807064056,21.377357482910156,0.007282228674739599,0.17560690641403198,0.0066267880611121655,0.015725189819931984,22.817447662353516,0.005227033980190754,0.2206599861383438,0.009618286974728107,0.17844922840595245,20.63380241394043,0.008642109110951424,0.19498857855796814,0.005016801878809929,0.0162398312240839,24.827802658081055,0.00329018197953701,0.10919899493455887,0.00841586198657751,0.0,20.127534866333008,0.009710610844194889,0.1534246802330017
11922,168,17,2266,-1,2,22.215023040771484,0.1318863332271576,18.316957473754883,0.21269403398036957,26.892169952392578,19.982820510864258,0.17758770287036896,17.114498138427734,21.86281394958496,0.11277315765619278,18.071014404296875,18.004669189453125,17.278141021728516,0.2646135985851288,100.0,0.4398392140865326,0.48357224464416504,2266,2298,0.457597553730011,0,0,0.006004787050187588,0.0020454220939427614,21.79541015625,0.006613919977098703,0.15073682367801666,0.014733447693288326,0.2797171473503113,17.763586044311523,0.016735609620809555,0.3180988132953644,0.010039638727903366,0.015591890551149845,20.36899757385254,0.009185447357594967,0.19241394102573395,0.019433464854955673,0.3052748441696167,17.00372314453125,0.019935527816414833,0.3339232802391052,0.006512063089758158,0.015831906348466873,22.942867279052734,0.005078240763396025,0.10951536893844604,0.01871482841670513,0.0,16.65666389465332,0.021594032645225525,0.30368977785110474
11939,168,17,2283,-1,3,20.80008316040039,0.24840393662452698,18.284542083740234,0.2603083550930023,25.114307403564453,19.21023941040039,0.2997829020023346,17.294471740722656,22.747106552124023,0.12122370302677155,17.99746322631836,18.15589714050293,17.351032257080078,0.2675146162509918,100.0,0.3590245544910431,0.7250432968139648,2283,2315,0.44350123405456543,0,0,0.008317481726408005,0.003080130787566304,20.398517608642578,0.009123227559030056,0.2886994481086731,0.014843830838799477,0.2795383036136627,17.784135818481445,0.01665661111474037,0.3207647502422333,0.011994336731731892,0.01585819385945797,19.430992126464844,0.011399896815419197,0.3475395143032074,0.018644586205482483,0.3108914792537689,17.199384689331055,0.01905731111764908,0.34937092661857605,0.00531238317489624,0.015290100127458572,24.228126525878906,0.0037773498333990574,0.12769998610019684,0.018403351306915283,0.0,16.729551315307617,0.021234635263681412,0.3124491572380066
11996,168,17,2340,-1,0,18.211877822875977,0.2897580564022064,15.69979476928711,0.3204033374786377,24.002046585083008,17.055221557617188,0.33037063479423523,15.014848709106445,21.889781951904297,0.09917105734348297,17.852819442749023,18.23802375793457,14.979229927062988,0.3261302709579468,100.0,0.4974023997783661,0.6441531777381897,2340,2372,0.43617719411849976,0,0,0.015094269998371601,0.003979197237640619,17.74580192565918,0.016804279759526253,0.332420289516449,0.0269166249781847,0.33842211961746216,15.11701488494873,0.030782124027609825,0.3927149772644043,0.019700534641742706,0.01639525406062603,16.944543838500977,0.020209040492773056,0.3692610263824463,0.03151484206318855,0.3489518165588379,14.671331405639648,0.03410883620381355,0.39425939321517944,0.006471753120422363,0.015003678388893604,22.87421989440918,0.005159148946404457,0.09941105544567108,0.031774379312992096,0.0,14.357751846313477,0.036662742495536804,0.37959837913513184
12155,168,17,2499,-1,3,22.352161407470703,0.1596890389919281,18.841102600097656,0.20353808999061584,26.511566162109375,20.175811767578125,0.20055820047855377,17.5911922454834,21.856508255004883,0.10716615617275238,18.06333351135254,18.196426391601562,17.483383178710938,0.18604759871959686,100.0,0.43665629625320435,0.4661288261413574,2499,2531,0.44986334443092346,0,0,0.005818135105073452,0.0022327671758830547,21.958789825439453,0.006369730457663536,0.18398074805736542,0.013058392331004143,0.20057234168052673,18.307689666748047,0.014764918014407158,0.23026767373085022,0.00960326287895441,0.01561947911977768,20.61595916748047,0.008677692152559757,0.222041517496109,0.01741328462958336,0.2292766124010086,17.521358489990234,0.017695559188723564,0.24959063529968262,0.006521524861454964,0.015148074366152287,22.844676971435547,0.0051943641155958176,0.10727633535861969,0.01785096526145935,0.0,16.86190414428711,0.020597267895936966,0.21633383631706238
12435,168,17,2779,-1,3,23.4285831451416,0.15141376852989197,20.61730194091797,0.22165565192699432,24.200565338134766,21.298315048217773,0.20046676695346832,19.360258102416992,23.032012939453125,0.11703126132488251,17.813140869140625,18.099599838256836,19.67564582824707,0.24325452744960785,100.0,0.4188202917575836,0.5292381048202515,2779,2811,0.47935327887535095,0,0,0.004540897905826569,0.003801398677751422,23.32111358642578,0.004654667340219021,0.1784425675868988,0.00867501087486744,0.25403210520744324,20.15876579284668,0.009641033597290516,0.2977023720741272,0.007415981497615576,0.016545729711651802,22.210243225097656,0.006011404097080231,0.22899070382118225,0.011587087996304035,0.2831840217113495,19.599746704101562,0.010965421795845032,0.3232567310333252,0.00497506745159626,0.015489593148231506,24.739910125732422,0.0033574479166418314,0.12412526458501816,0.010775454342365265,0.0,19.05416488647461,0.012433215975761414,0.29401737451553345
12448,168,17,2792,-1,0,23.705785751342773,0.17435717582702637,20.086393356323242,0.1988968700170517,25.299320220947266,21.637269973754883,0.225701242685318,19.009859085083008,22.992847442626953,0.10731428861618042,17.88006019592285,17.824806213378906,19.39478302001953,0.2665535807609558,100.0,0.43642979860305786,0.4557362198829651,2792,2824,0.48238545656204224,0,0,0.0042601171880960464,0.0029516718350350857,23.50527000427246,0.0044614169746637344,0.20301036536693573,0.009803038090467453,0.2771824598312378,19.618173599243164,0.010918991640210152,0.3229675590991974,0.0068591926246881485,0.016292735934257507,22.66973304748535,0.0054078777320683,0.25557318329811096,0.0125607093796134,0.28859880566596985,19.19055938720703,0.012048806995153427,0.3257262408733368,0.0050201332196593285,0.016501348465681076,24.876100540161133,0.0032537926454097033,0.11127350479364395,0.01149534061551094,0.0,18.773303985595703,0.013263854198157787,0.31629401445388794
12765,168,17,3141,-1,3,24.297828674316406,0.11969104409217834,19.364727020263672,0.18469589948654175,28.133346557617188,21.18529510498047,0.16666874289512634,18.038963317871094,22.193862915039062,0.10360604524612427,18.18791961669922,18.164592742919922,18.402217864990234,0.2568187117576599,100.0,0.43746358156204224,0.4221971929073334,3141,3173,0.4628582298755646,0,0,0.003717209678143263,0.0015369696775451303,23.922630310058594,0.0040526315569877625,0.13967275619506836,0.011575165204703808,0.2571905553340912,18.84453010559082,0.013048091903328896,0.2996863126754761,0.007611503358930349,0.015177777968347073,21.906112670898438,0.0064474609680473804,0.17859424650669098,0.01570737361907959,0.29020994901657104,18.03670310974121,0.015715552493929863,0.32106903195381165,0.006034118123352528,0.0152595154941082,23.358448028564453,0.004614825826138258,0.10195616632699966,0.01444702222943306,0.0,17.780738830566406,0.016669640317559242,0.2997697591781616
12812,168,17,3188,-1,2,25.045658111572266,0.13787756860256195,21.608440399169922,0.1721593588590622,27.48126983642578,22.02005386352539,0.17537063360214233,20.07429313659668,22.96929931640625,0.11014670133590698,17.965791702270508,18.062225341796875,20.660419464111328,0.24250538647174835,100.0,0.4265577495098114,0.4036015272140503,3188,3220,0.44731345772743225,0,0,0.0031292070634663105,0.0017859659856185317,24.76792335510254,0.0033358598593622446,0.16246739029884338,0.0069048767909407616,0.24994133412837982,21.156051635742188,0.007662932388484478,0.29842495918273926,0.0062805041670799255,0.015974264591932297,23.197410583496094,0.004789155907928944,0.19563421607017517,0.009830387309193611,0.2756977081298828,20.478322982788086,0.008957107551395893,0.3118147850036621,0.005047427490353584,0.01562347449362278,24.6593017578125,0.003420343156903982,0.11029177904129028,0.0085893040522933,0.0,20.0389404296875,0.009910735301673412,0.29175883531570435
12842,168,17,3218,-1,0,23.443870544433594,0.1749759316444397,19.712207794189453,0.21054530143737793,25.289670944213867,21.3594970703125,0.22938582301139832,18.617374420166016,23.25179100036621,0.11328693479299545,18.000629425048828,17.82944107055664,18.88092803955078,0.2136276662349701,100.0,0.4427335858345032,0.4755575656890869,3218,3250,0.45916748046875,0,0,0.004524941556155682,0.002958236262202263,23.218482971191406,0.004765973426401615,0.20329192280769348,0.010685118846595287,0.23399443924427032,19.18670082092285,0.01205951813608408,0.27205249667167664,0.007312239613384008,0.01584663614630699,22.219026565551758,0.005999255925416946,0.2591544985771179,0.01374873612076044,0.26137861609458923,18.73084259033203,0.01339416578412056,0.2922903895378113,0.004729562439024448,0.016483746469020844,25.344350814819336,0.0029212262015789747,0.11562622338533401,0.012939197942614555,0.0,18.25944709777832,0.014929844066500664,0.2532203793525696
13254,168,17,3630,-1,0,24.033416748046875,0.16151979565620422,20.56145668029785,0.19524773955345154,26.600032806396484,21.493501663208008,0.20388802886009216,19.217756271362305,22.672637939453125,0.1152336522936821,17.92575454711914,17.9007511138916,19.641639709472656,0.2623891532421112,100.0,0.4267148971557617,0.4575601816177368,3630,3662,0.47242075204849243,0,0,0.003950555808842182,0.0021877458784729242,23.74506950378418,0.004221757408231497,0.19052839279174805,0.008787279017269611,0.2763350009918213,20.07120132446289,0.009837391786277294,0.32618990540504456,0.007090060971677303,0.016122212633490562,22.440872192382812,0.005700499750673771,0.2321130782365799,0.011973591521382332,0.3038645386695862,19.497222900390625,0.011227360926568508,0.3485913574695587,0.005404259543865919,0.01621530018746853,24.270095825195312,0.003741022665053606,0.11769910901784897,0.010860156267881393,0.0,19.020160675048828,0.012530949898064137,0.3141907751560211
13261,168,17,3637,-1,3,21.294349670410156,0.2029000222682953,17.148557662963867,0.2536342144012451,25.471296310424805,19.52023696899414,0.24758152663707733,16.280221939086914,22.339277267456055,0.11069781333208084,17.9210205078125,17.93375587463379,16.3613224029541,0.30588245391845703,100.0,0.487943172454834,0.5198027491569519,3637,3669,0.4777950048446655,0,0,0.007422750350087881,0.00283707189373672,20.900035858154297,0.008128239773213863,0.2298615276813507,0.019281651824712753,0.30812379717826843,16.602357864379883,0.021865742281079292,0.35247132182121277,0.011168026365339756,0.0161397997289896,19.82835578918457,0.010403139516711235,0.27077698707580566,0.023549286648631096,0.3292272090911865,16.085994720458984,0.02462637610733509,0.36687251925468445,0.005835424177348614,0.016092533245682716,23.70854949951172,0.004257407505065203,0.11277026683092117,0.023113615810871124,0.0,15.739842414855957,0.02666955627501011,0.352011501789093
13269,168,17,3645,-1,3,17.153635025024414,0.26134243607521057,14.980867385864258,0.3476869761943817,24.725421905517578,16.349037170410156,0.3033781945705414,14.378933906555176,22.415132522583008,0.09604654461145401,17.920700073242188,17.92434310913086,14.302788734436035,0.40841227769851685,100.0,0.5490350723266602,0.6332691311836243,3645,3677,0.49323493242263794,0,0,0.019259123131632805,0.003368665464222431,16.634639739990234,0.0217038094997406,0.29274070262908936,0.03176240250468254,0.40481460094451904,14.409066200256348,0.03623209148645401,0.4562551975250244,0.02317908965051174,0.01614098623394966,16.1507568359375,0.024261873215436935,0.3326215147972107,0.03648435324430466,0.42907336354255676,14.016799926757812,0.039657022804021835,0.47065162658691406,0.005734385456889868,0.0161274466663599,23.83477020263672,0.00413545360788703,0.09273913502693176,0.03712967410683632,0.0,13.68130874633789,0.04284193739295006,0.4605255126953125
13286,168,17,3662,-1,0,19.184738159179688,0.3027615547180176,16.194639205932617,0.3177550733089447,25.101768493652344,17.806934356689453,0.35746991634368896,15.390585899353027,21.79458999633789,0.1226147785782814,17.84986686706543,17.843931198120117,15.468372344970703,0.35513293743133545,32.64332580566406,0.5379284620285034,0.5907013416290283,3662,3694,0.48342323303222656,0,0,0.012064969167113304,0.003089037723839283,18.714107513427734,0.013445881195366383,0.34730687737464905,0.02401795983314514,0.362221360206604,15.652865409851074,0.02720905840396881,0.4089685082435608,0.016569392755627632,0.016406400129199028,17.80036735534668,0.01659446768462658,0.40290144085884094,0.028902901336550713,0.3830586075782776,15.115377426147461,0.030793720856308937,0.43091946840286255,0.006615168880671263,0.016428841277956963,22.919727325439453,0.0051053729839622974,0.12577876448631287,0.028389830142259598,0.0005440856330096722,14.85800552368164,0.03267379105091095,0.4110034704208374
13369,168,17,3745,-1,3,20.892303466796875,0.14935477077960968,20.29046630859375,0.2209763526916504,27.47829818725586,19.317665100097656,0.1942213475704193,18.887163162231445,22.026395797729492,0.10593851655721664,18.00896453857422,17.985401153564453,19.529598236083984,0.10085032135248184,100.0,0.3447374999523163,0.640998899936676,3745,3777,0.44337522983551025,0,0,0.008142726495862007,0.001787187298759818,20.39981460571289,0.009120501577854156,0.17648188769817352,0.009353052824735641,0.12507803738117218,19.736263275146484,0.010626091621816158,0.14568127691745758,0.011701282113790512,0.015816256403923035,19.559226989746094,0.011068210005760193,0.22251033782958984,0.012920630164444447,0.1505182385444641,19.051223754882812,0.012441642582416534,0.16310498118400574,0.00627134321257472,0.01590229943394661,23.19695472717285,0.004789657425135374,0.11230272054672241,0.01114397682249546,0.0,18.908117294311523,0.01285843551158905,0.11994324624538422
13558,168,17,3966,-1,1,21.51363754272461,0.19202876091003418,18.676280975341797,0.2569139897823334,26.270870208740234,19.684133529663086,0.2344217151403427,17.56430435180664,22.15676498413086,0.11320942640304565,18.044137954711914,18.243785858154297,17.660287857055664,0.2636737823486328,100.0,0.48743969202041626,0.5270682573318481,3966,3998,0.4799562096595764,0,0,0.007057263050228357,0.0023600058630108833,21.09025001525879,0.007779918145388365,0.2203432023525238,0.013563502579927444,0.2672522962093353,18.141504287719727,0.015340857207775116,0.3092764616012573,0.010754409246146679,0.01568867266178131,20.002044677734375,0.009995292872190475,0.25714850425720215,0.01752142794430256,0.29351750016212463,17.47823143005371,0.017872152850031853,0.3223571479320526,0.006085881497710943,0.014983784407377243,23.26336669921875,0.004716972820460796,0.11401381343603134,0.017138436436653137,0.0,17.038808822631836,0.019775116816163063,0.30570727586746216
13576,168,17,3984,-1,3,17.60540771484375,0.3351896107196808,15.236684799194336,0.41218993067741394,24.84607696533203,16.508115768432617,0.3683675229549408,14.510482788085938,21.45032501220703,0.10099386423826218,17.767963409423828,17.994483947753906,14.509565353393555,0.431693434715271,35.83977508544922,0.6052476763725281,0.6810268759727478,3984,4016,0.5089327096939087,0,0,0.017356382682919502,0.0032763646449893713,17.094636917114258,0.019522538408637047,0.3803654909133911,0.0299454964697361,0.4290558695793152,14.683361053466797,0.034014489501714706,0.480491042137146,0.022345412522554398,0.01671874336898327,16.34305191040039,0.023211054503917694,0.40449613332748413,0.03539580479264259,0.44942206144332886,14.170330047607422,0.03827957808971405,0.4933035969734192,0.007160901091992855,0.015869077295064926,22.349889755249023,0.005821180995553732,0.09719367325305939,0.03540327399969101,0.00026062896358780563,13.892351150512695,0.040809836238622665,0.4903602600097656
13897,168,17,4305,-1,0,23.433914184570312,0.19527246057987213,20.0638370513916,0.21442285180091858,24.748004913330078,21.21634292602539,0.24822743237018585,18.78020668029785,23.2596492767334,0.10291950404644012,17.74772071838379,17.701095581054688,19.008373260498047,0.24085202813148499,100.0,0.44784852862358093,0.47878432273864746,4305,4337,0.4477919936180115,0,0,0.004535328131169081,0.0033511933870613575,23.262880325317383,0.0047175027430057526,0.22176341712474823,0.009854083880782127,0.25127965211868286,19.597949981689453,0.010969961993396282,0.2890503406524658,0.007557285483926535,0.01679685153067112,22.121278762817383,0.0061358134262263775,0.275735467672348,0.013242789544165134,0.2821550667285919,18.95435905456543,0.012722259387373924,0.31334611773490906,0.004721012897789478,0.01697816140949726,25.474014282226562,0.0028352977242320776,0.10627241432666779,0.012565004639327526,0.0,18.38689422607422,0.014498082920908928,0.28036603331565857
14055,168,17,4463,-1,2,22.609516143798828,0.16457736492156982,18.913711547851562,0.21079860627651215,26.88259506225586,20.086570739746094,0.2171478569507599,17.691652297973633,21.54503631591797,0.11389943212270737,17.812959671020508,17.9598388671875,17.999170303344727,0.3529481589794159,34.5550537109375,0.4364674985408783,0.4829651713371277,4463,4495,0.43465498089790344,0,0,0.005483381450176239,0.00204993668012321,22.210098266601562,0.006011603400111198,0.1907462179660797,0.012841890566051006,0.36117035150527954,18.391664505004883,0.014482171274721622,0.42098039388656616,0.009802640415728092,0.016546418890357018,20.57241439819336,0.008765135891735554,0.24575278162956238,0.017015112563967705,0.3853130042552948,17.667583465576172,0.017109675332903862,0.4339081645011902,0.007006421685218811,0.0159961748868227,22.500022888183594,0.0056233834475278854,0.11810450255870819,0.015851959586143494,0.00035034408210776746,17.3905086517334,0.01823682337999344,0.4156501293182373
14975,194,17,395,-1,3,24.043537139892578,0.11770474165678024,25.96908187866211,0.1239241287112236,26.33367156982422,21.27126693725586,0.16183382272720337,21.781658172607422,22.288904190063477,0.10887141525745392,17.85396385192871,17.8756160736084,26.65557098388672,0.037714265286922455,100.0,0.10442090034484863,1.1867750883102417,395,427,0.15260177850723267,0,0,0.003941363655030727,0.002326125279068947,23.778003692626953,0.0041898624040186405,0.1361614167690277,0.002529833698645234,0.06641674041748047,25.632265090942383,0.002733843168243766,0.07554376125335693,0.007462311070412397,0.016390928998589516,22.15477180480957,0.006088676396757364,0.1767650991678238,0.006634894758462906,0.13144747912883759,22.879619598388672,0.005152737721800804,0.13832996785640717,0.0059034996666014194,0.01630941405892372,23.662700653076172,0.004302589688450098,0.1108008474111557,0.0021599463652819395,0.0,26.03409194946289,0.002492245752364397,0.04486852139234543
15059,194,17,479,-1,3,22.02638816833496,0.1912151724100113,18.191192626953125,0.22466082870960236,25.953750610351562,20.233367919921875,0.21472156047821045,17.38873291015625,22.866783142089844,0.10968051850795746,18.029796600341797,18.215862274169922,17.500560760498047,0.27637219429016113,100.0,0.48610901832580566,0.46216142177581787,479,511,0.39564749598503113,0,0,0.006271354388445616,0.002538779517635703,21.64588737487793,0.0068455967120826244,0.21211299300193787,0.01516634039580822,0.29197701811790466,17.649063110351562,0.017182787880301476,0.32936668395996094,0.00947683583945036,0.015740565955638885,20.699079513549805,0.008513184264302254,0.23231017589569092,0.018244273960590363,0.2994028925895691,17.27568817138672,0.018725402653217316,0.32969215512275696,0.005167990457266569,0.015080433338880539,24.38541030883789,0.0036429993342608213,0.11071178317070007,0.017780499532818794,0.0,16.87908172607422,0.020515961572527885,0.3157135248184204
15351,194,17,771,-1,3,18.48508644104004,0.21758458018302917,17.320337295532227,0.3398674428462982,24.452531814575195,17.46089744567871,0.23688212037086487,16.47797393798828,21.513540267944336,0.09690200537443161,17.59792137145996,17.87065887451172,16.623258590698242,0.2348727434873581,100.0,0.46698904037475586,0.7277846336364746,771,803,0.4038999378681183,0,0,0.014173967763781548,0.003587129293009639,18.012683868408203,0.015802713111042976,0.23632566630840302,0.01853388175368309,0.25589433312416077,16.760967254638672,0.02108158729970455,0.29122287034988403,0.017943624407052994,0.017386332154273987,17.440196990966797,0.018029361963272095,0.25487858057022095,0.02250104397535324,0.27440881729125977,16.29656982421875,0.023460809141397476,0.29958376288414,0.007057421840727329,0.01632803864777088,22.4940128326416,0.005631173029541969,0.09251435101032257,0.021760763600468636,0.0,16.001779556274414,0.025108572095632553,0.2729625105857849
15439,194,17,859,-1,3,22.13605499267578,0.14665314555168152,20.57299041748047,0.19594870507717133,25.80086898803711,20.204723358154297,0.20726212859153748,19.003768920898438,22.2996883392334,0.11479221284389496,17.834182739257812,17.8657169342041,19.408119201660156,0.101265087723732,100.0,0.26391953229904175,0.7424562573432922,859,891,0.3242936432361603,0,0,0.006114976480603218,0.0026297408621758223,21.771020889282227,0.0066511663608253,0.17327788472175598,0.008763969875872135,0.12427322566509247,20.08702850341797,0.009801606647670269,0.14491617679595947,0.009539545513689518,0.01646576263010502,20.71912956237793,0.008473972789943218,0.23726105690002441,0.012578340247273445,0.17727123200893402,19.232681274414062,0.011932515539228916,0.19522739946842194,0.005888860672712326,0.016346637159585953,23.685590744018555,0.004279972054064274,0.12068294733762741,0.011460092850029469,0.0,18.786640167236328,0.013223182410001755,0.12130843847990036
15470,194,17,890,-1,2,19.176651000976562,0.21091550588607788,16.228506088256836,0.2741720378398895,24.233243942260742,17.857812881469727,0.24914702773094177,15.478373527526855,21.618534088134766,0.10820978134870529,17.857421875,18.30999755859375,15.394214630126953,0.28726884722709656,33.2064094543457,0.5717156529426575,0.47956013679504395,890,922,0.4527709484100342,0,0,0.012087459675967693,0.003772903233766556,18.739782333374023,0.013366623781621456,0.23646368086338043,0.023831389844417572,0.30472925305366516,15.665042877197266,0.027132876217365265,0.3400372266769409,0.01637640967965126,0.01637788489460945,17.857873916625977,0.016376182436943054,0.2699574828147888,0.02832452394068241,0.3247075080871582,15.181282043457031,0.030329961329698563,0.35374435782432556,0.006888851057738066,0.014757071621716022,22.457773208618164,0.005678355693817139,0.10778134316205978,0.028878767043352127,0.00047792421537451446,14.782328605651855,0.03324812650680542,0.32975465059280396
15801,194,17,1253,-1,3,23.42434310913086,0.19658911228179932,20.014530181884766,0.22713732719421387,23.4860782623291,21.7023868560791,0.21867364645004272,19.02888298034668,25.539649963378906,0.044990699738264084,17.95783805847168,18.03293800354004,19.600704193115234,0.19354896247386932,100.0,0.3891924321651459,0.5836119055747986,1253,1285,0.35277462005615234,0,0,0.0045453323982656,0.004481179639697075,23.41492462158203,0.004555202089250088,0.22282250225543976,0.009966599754989147,0.190857395529747,19.56275749206543,0.011059213429689407,0.21748322248458862,0.006757116876542568,0.016003547236323357,22.728992462158203,0.005334589164704084,0.24355238676071167,0.012505806982517242,0.2120150923728943,19.23455810546875,0.011927354149520397,0.23222915828227997,0.00279277004301548,0.015729183331131935,30.95526695251465,0.0008025526767596602,0.03778567165136337,0.01096300408244133,0.0,18.97922706604004,0.012649619951844215,0.22549620270729065
15918,194,17,1370,-1,0,25.43259620666504,0.15311776101589203,22.435815811157227,0.21044455468654633,25.77826690673828,22.55809783935547,0.19553661346435547,20.71715545654297,23.341352462768555,0.10660573840141296,17.9172420501709,17.87421417236328,21.45758819580078,0.22269627451896667,100.0,0.41342997550964355,0.5090210437774658,1370,1402,0.4671979248523712,0,0,0.0028624662663787603,0.002643463434651494,25.381776809692383,0.002896159188821912,0.1838897168636322,0.005707140080630779,0.24357673525810242,22.055980682373047,0.006228766404092312,0.29292556643486023,0.005548686720430851,0.016153842210769653,24.070327758789062,0.003917123656719923,0.22181236743927002,0.008477824740111828,0.2569409906864166,21.32498550415039,0.007370578590780497,0.2956503927707672,0.004633025266230106,0.016314679756760597,25.47317123413086,0.0028358479030430317,0.1126680076122284,0.007148934528231621,0.0,20.836109161376953,0.008248770609498024,0.26765844225883484
15941,194,17,1393,-1,3,23.17428207397461,0.2502535581588745,20.669967651367188,0.1961277723312378,25.497713088989258,21.203712463378906,0.2864448130130768,19.4185791015625,23.824003219604492,0.09477189928293228,17.983375549316406,18.00045394897461,19.997108459472656,0.2391020506620407,100.0,0.37152668833732605,0.5278968811035156,1393,1425,0.43773654103279114,0,0,0.00481472909450531,0.0028198675718158484,22.90591812133789,0.00512163108214736,0.28354689478874207,0.00857043918222189,0.24946263432502747,20.230892181396484,0.009482240304350853,0.2804834246635437,0.00757929403334856,0.015909722074866295,22.008188247680664,0.006297689862549305,0.31973788142204285,0.011432522907853127,0.27564123272895813,19.68678855895996,0.010747838765382767,0.30109769105911255,0.004145718179643154,0.01584727130830288,26.297683715820312,0.0023454793263226748,0.08944356441497803,0.010006663389503956,0.0,19.375629425048828,0.011546149849891663,0.2757405638694763
15972,194,17,1424,-1,2,24.597196578979492,0.16230663657188416,20.45120620727539,0.17809084057807922,26.293088912963867,22.04303550720215,0.19456973671913147,19.313976287841797,23.178058624267578,0.09414009749889374,17.95182228088379,17.891462326049805,19.83720588684082,0.25806140899658203,100.0,0.3992744982242584,0.44603610038757324,1424,1456,0.4241563677787781,0,0,0.0034696084912866354,0.002347962697967887,24.386398315429688,0.0036421697586774826,0.19198302924633026,0.009013206698000431,0.2717101275920868,19.943939208984375,0.010129920206964016,0.32094356417655945,0.006247359327971935,0.0160257276147604,23.239471435546875,0.004742995835840702,0.22055649757385254,0.011711225844919682,0.28265804052352905,19.55343246459961,0.011082984507083893,0.3244898021221161,0.004810543730854988,0.016250018030405045,25.15611457824707,0.0030506248585879803,0.09427854418754578,0.010381963104009628,0.0,19.215726852416992,0.011979188770055771,0.3098909556865692
16064,194,17,1516,-1,2,25.14110565185547,0.16592364013195038,22.00792121887207,0.18966440856456757,27.22380828857422,22.192779541015625,0.21741363406181335,20.29519271850586,23.377593994140625,0.11454254388809204,17.919315338134766,17.93247413635254,20.94489288330078,0.15473860502243042,100.0,0.3822375237941742,0.4961951673030853,1516,1548,0.4251222610473633,0,0,0.003061183961108327,0.0018950430676341057,24.893760681152344,0.0032405902165919542,0.19443106651306152,0.006298075895756483,0.17519257962703705,21.568967819213867,0.0069679212756454945,0.20945410430431366,0.006035624537616968,0.016146130859851837,23.487062454223633,0.004480162635445595,0.2464762181043625,0.009342878125607967,0.20690155029296875,20.81415367126465,0.008290574885904789,0.23344427347183228,0.0045945243909955025,0.016097286716103554,25.49001693725586,0.002824869006872177,0.1240835189819336,0.0080447131767869,0.0,20.323413848876953,0.009282362647354603,0.18919308483600616
16137,194,17,1589,-1,3,21.97096061706543,0.3019969165325165,20.051259994506836,0.2694992423057556,22.536170959472656,20.502498626708984,0.322562038898468,18.970949172973633,25.58502960205078,0.04989977180957794,17.550992965698242,17.8432559967041,19.49547576904297,0.23309387266635895,100.0,0.39930784702301025,0.6749159693717957,1589,1621,0.46370062232017517,0,0,0.006351906806230545,0.005576773546636105,21.890182495117188,0.006471157073974609,0.3444043695926666,0.009882664307951927,0.24227377772331238,19.60624885559082,0.010949019342660904,0.2746657133102417,0.008907386101782322,0.01757522113621235,21.206819534301758,0.007573873270303011,0.3652329444885254,0.012673751451075077,0.2562269866466522,19.21240997314453,0.011988341808319092,0.28235766291618347,0.0027637395542114973,0.016431394964456558,31.79783058166504,0.0006610236596316099,0.03982619196176529,0.011231876909732819,0.0,18.873998641967773,0.012959858402609825,0.27112144231796265
16599,194,17,2051,-1,1,21.46177101135254,0.2021418958902359,16.513412475585938,0.22126808762550354,25.48578643798828,19.50465965270996,0.25532692670822144,15.696475982666016,21.866065979003906,0.11422515660524368,17.640182495117188,18.045333862304688,15.591814041137695,0.31007009744644165,100.0,0.4665345847606659,0.47428014874458313,2051,2083,0.4854668378829956,0,0,0.007142050191760063,0.002827621065080166,21.075820922851562,0.0078058079816401005,0.22697332501411438,0.022318178787827492,0.31606489419937134,15.930438041687012,0.025524435564875603,0.35402944684028625,0.011208157055079937,0.017217963933944702,19.87856101989746,0.010283571667969227,0.2770112454891205,0.026937203481793404,0.3358519971370697,15.42625617980957,0.028666483238339424,0.3634122610092163,0.006507189478725195,0.015684351325035095,22.928287506103516,0.005095318891108036,0.1142289936542511,0.027594251558184624,0.0,14.970335006713867,0.031839519739151,0.34699034690856934
17154,194,17,2638,-1,1,19.803131103515625,0.24679476022720337,18.02406120300293,0.23313389718532562,26.887393951416016,18.398033142089844,0.28166455030441284,16.98125648498535,22.11951446533203,0.1029578149318695,18.06464958190918,18.120826721191406,17.089401245117188,0.21463000774383545,100.0,0.3846549689769745,0.6060857772827148,2638,2670,0.4246174395084381,0,0,0.010463741607964039,0.0020476733334362507,19.29647445678711,0.01175852119922638,0.29305601119995117,0.015761371701955795,0.24211731553077698,17.464324951171875,0.017929472029209137,0.2805868089199066,0.014460948295891285,0.015614750795066357,18.451671600341797,0.014283441007137299,0.31955015659332275,0.020038926973938942,0.26032862067222595,16.81896209716797,0.020801939070224762,0.28483787178993225,0.006138307508081198,0.015414072200655937,23.26862335205078,0.004711266607046127,0.1028195470571518,0.019546089693903923,0.0,16.46792221069336,0.022553181275725365,0.2518959045410156
17171,194,17,2655,-1,2,24.300067901611328,0.12585437297821045,20.297191619873047,0.14053259789943695,26.82964515686035,21.12026596069336,0.18301597237586975,18.673057556152344,22.00665283203125,0.11655586957931519,18.057758331298828,18.05967140197754,19.005586624145508,0.13024123013019562,100.0,0.28889426589012146,0.4864499270915985,2655,2687,0.41633424162864685,0,0,0.0037152948789298534,0.002075083088129759,24.01468276977539,0.003967635333538055,0.14305254817008972,0.00933858472853899,0.16570454835891724,19.766246795654297,0.010552988387644291,0.1900830715894699,0.007726333569735289,0.015639550983905792,21.864913940429688,0.006508915219455957,0.19298221170902252,0.013573581352829933,0.19018901884555817,18.79684066772461,0.013192166574299335,0.20310261845588684,0.006299916189163923,0.01563265733420849,23.129966735839844,0.004864109680056572,0.11463144421577454,0.01257307268679142,0.0,18.38410758972168,0.01450738962739706,0.15300139784812927
17312,194,17,2796,-1,3,25.18191909790039,0.13450917601585388,21.91709327697754,0.1345275491476059,24.29055404663086,22.195602416992188,0.1811916083097458,20.264156341552734,22.927148818969727,0.10468709468841553,17.59970474243164,17.750608444213867,20.87276840209961,0.11884471029043198,25.209293365478516,0.3076510429382324,0.43727317452430725,2796,2828,0.4456842541694641,0,0,0.003032551845535636,0.003723441157490015,25.336868286132812,0.0029262611642479897,0.1591331660747528,0.006431180983781815,0.1344178020954132,21.617509841918945,0.006890475749969482,0.15617933869361877,0.00603170320391655,0.017379188910126686,23.67954444885254,0.004285935778170824,0.20379282534122467,0.009409889578819275,0.16863618791103363,20.892362594604492,0.008142614737153053,0.18198688328266144,0.00509665347635746,0.016785690560936928,24.817047119140625,0.003298340132459998,0.10673411190509796,0.008179429918527603,0.0030134967528283596,20.470048904418945,0.008974188938736916,0.14207114279270172
17373,194,17,2857,-1,0,22.258834838867188,0.2150413691997528,19.245655059814453,0.23966875672340393,25.627622604370117,20.412263870239258,0.2512773871421814,18.184690475463867,22.991317749023438,0.08616909384727478,17.771106719970703,17.771944046020508,18.663555145263672,0.2357301115989685,100.0,0.3949858248233795,0.6067781448364258,2857,2889,0.45221784710884094,0,0,0.005944515578448772,0.0027367672882974148,21.9124813079834,0.006438015028834343,0.23939865827560425,0.011896923184394836,0.2488923966884613,18.71894073486328,0.013430921360850334,0.28502005338668823,0.009094391949474812,0.016706649214029312,21.010953903198242,0.007923276163637638,0.26971134543418884,0.015189065597951412,0.26017189025878906,18.261735916137695,0.014921975322067738,0.2861655652523041,0.005021900869905949,0.01670343242585659,24.915050506591797,0.0032247421331703663,0.0808292105793953,0.013603315688669682,0.0,18.042072296142578,0.01569613255560398,0.2719736397266388
17491,194,17,2975,-1,2,22.045543670654297,0.2120029330253601,19.031583786010742,0.2859143614768982,24.418012619018555,20.211336135864258,0.24956932663917542,17.965213775634766,23.226411819458008,0.09555578231811523,17.98288917541504,17.963951110839844,18.138038635253906,0.2315816581249237,100.0,0.4425429403781891,0.6460714340209961,2975,3007,0.45238450169563293,0,0,0.006243754643946886,0.0036157534923404455,21.77305030822754,0.006648062728345394,0.23706498742103577,0.012498033232986927,0.2541588544845581,18.542133331298828,0.01398900430649519,0.28153350949287415,0.009525034576654434,0.015911497175693512,20.68414878845215,0.008542502298951149,0.2733050286769867,0.01597638987004757,0.2623916268348694,17.94941520690918,0.01603461615741253,0.2841542065143585,0.004757281858474016,0.01598103530704975,25.184783935546875,0.0030305508989840746,0.09210680425167084,0.015353097580373287,0.0,17.516559600830078,0.01771511323750019,0.26473575830459595
17625,194,17,3109,-1,0,24.415674209594727,0.15983131527900696,21.264345169067383,0.17163443565368652,24.736021041870117,21.894723892211914,0.22009605169296265,19.89621353149414,22.74459457397461,0.12537774443626404,18.149730682373047,17.914215087890625,20.40419578552246,0.2457110732793808,100.0,0.399294376373291,0.42984434962272644,3109,3141,0.44797971844673157,0,0,0.003617700655013323,0.0033604539930820465,24.36842155456543,0.003657276974990964,0.19008222222328186,0.007474211975932121,0.25695204734802246,20.808834075927734,0.008300735615193844,0.30144912004470825,0.006464390549808741,0.01531183160841465,22.92153549194336,0.005103245843201876,0.2531084716320038,0.010241860523819923,0.2765823006629944,20.245330810546875,0.009450765326619148,0.3145278990268707,0.005315459333360195,0.016165101900696754,24.38149642944336,0.003646283410489559,0.13144338130950928,0.00911130104213953,0.0,19.782718658447266,0.01051303930580616,0.29516175389289856
17753,194,17,3237,-1,0,24.010610580444336,0.13883693516254425,20.42678451538086,0.19982123374938965,25.39701271057129,21.37810707092285,0.19123122096061707,19.116214752197266,22.584951400756836,0.10404577851295471,17.86360740661621,17.823698043823242,19.297767639160156,0.1689995378255844,100.0,0.44389963150024414,0.4501495957374573,3237,3269,0.47137439250946045,0,0,0.003971357364207506,0.002886017318814993,23.83174705505371,0.004138333257287741,0.15905210375785828,0.009064039215445518,0.18267947435379028,19.978321075439453,0.01005004346370697,0.20929154753684998,0.007280972320586443,0.016354579478502274,22.302513122558594,0.005885032471269369,0.21220874786376953,0.01225684117525816,0.20828621089458466,19.317916870117188,0.011700605042278767,0.22999653220176697,0.005514486227184534,0.01650555245578289,24.175329208374023,0.003823553677648306,0.1072157472372055,0.011755016632378101,0.0,18.676288604736328,0.013563479296863079,0.20021530985832214
17878,194,17,3362,-1,1,23.33184814453125,0.16291774809360504,21.234127044677734,0.20070676505565643,25.119829177856445,20.87566566467285,0.21063131093978882,19.441883087158203,22.494831085205078,0.10526847839355469,17.764720916748047,17.87137222290039,19.917726516723633,0.1336917281150818,100.0,0.33893439173698425,0.5921699404716492,3362,3394,0.37676793336868286,0,0,0.004643177147954702,0.0030762183014303446,23.11202621459961,0.0048842476680874825,0.19671323895454407,0.007526403293013573,0.14935088157653809,20.756591796875,0.008401189930737019,0.17561765015125275,0.008173980750143528,0.01673123612999916,21.638355255126953,0.006857480388134718,0.23958861827850342,0.011371343396604061,0.1790529191493988,19.742942810058594,0.010609766468405724,0.195759117603302,0.005630111321806908,0.01632535830140114,23.996057510375977,0.0039846887812018394,0.1088230162858963,0.010191245935857296,0.0,19.296247482299805,0.011759130284190178,0.15768340229988098
17944,194,17,3460,-1,2,21.824073791503906,0.17729300260543823,18.386812210083008,0.2265697568655014,24.85710334777832,20.00753402709961,0.21267005801200867,17.43401336669922,22.99085235595703,0.09146708995103836,17.836639404296875,17.983638763427734,17.6048526763916,0.20919549465179443,100.0,0.372434139251709,0.6083484888076782,3460,3492,0.40676215291023254,0,0,0.006570413708686829,0.0032680577132850885,21.500608444213867,0.0070784687995910645,0.20559769868850708,0.014498356729745865,0.22494205832481384,17.84591293334961,0.016421345993876457,0.2601744532585144,0.009982667863368988,0.016456445679068565,20.463998794555664,0.00898670218884945,0.23819205164909363,0.01805504970252514,0.24225643277168274,17.356353759765625,0.01838080957531929,0.2697324752807617,0.0050224419683218,0.015908751636743546,24.75263214111328,0.003347625955939293,0.09022022783756256,0.017358606681227684,0.0,16.983373641967773,0.020029161125421524,0.24461637437343597
18274,194,17,3790,-1,0,20.689861297607422,0.19259291887283325,15.671540260314941,0.26116782426834106,25.957393646240234,18.990386962890625,0.2347429096698761,15.024271011352539,21.907835006713867,0.10478568077087402,18.03931427001953,17.99363136291504,15.139698028564453,0.38077324628829956,100.0,0.5365209579467773,0.4867802858352661,3790,3822,0.4548811912536621,0,0,0.008531274273991585,0.0025366507470607758,20.244064331054688,0.00945352390408516,0.22087480127811432,0.027092307806015015,0.4031446874141693,15.094209671020508,0.030944185331463814,0.4593749940395355,0.012617149390280247,0.015706108883023262,19.15712547302246,0.012141925282776356,0.2588205337524414,0.03144654259085655,0.41158032417297363,14.707903861999512,0.033822812139987946,0.45930904150009155,0.006444903556257486,0.01587219163775444,23.015033721923828,0.0049945516511797905,0.10467571020126343,0.03062177076935768,0.0,14.518218040466309,0.0353328138589859,0.4419527053833008
18298,194,17,3814,-1,0,21.765533447265625,0.14585481584072113,20.961376190185547,0.1926121711730957,26.99527359008789,19.593441009521484,0.21191690862178802,18.995908737182617,21.317670822143555,0.11673282831907272,18.23427963256836,18.21780014038086,19.36414337158203,0.09265762567520142,100.0,0.21829628944396973,0.8823428750038147,3814,3846,0.4558430314064026,0,0,0.006659576669335365,0.001997435698285699,21.321304321289062,0.007376828696578741,0.16499482095241547,0.008014245890080929,0.1111677810549736,20.42278289794922,0.009072389453649521,0.1254013627767563,0.010981359519064426,0.015016620047390461,19.846172332763672,0.010360549204051495,0.22810691595077515,0.012601121328771114,0.16180965304374695,19.13724708557129,0.012197626754641533,0.1720132976770401,0.007383002433925867,0.015073711052536964,22.076213836669922,0.00619981624186039,0.11896324902772903,0.011576727963984013,0.0,18.742664337158203,0.013357763178646564,0.10592921078205109
18437,194,17,3953,-1,3,22.383317947387695,0.1796233206987381,21.330745697021484,0.21741531789302826,26.140331268310547,20.185924530029297,0.24084071815013885,19.49881362915039,22.00339126586914,0.11719965934753418,18.190832138061523,18.17522621154785,20.4637451171875,0.16491566598415375,100.0,0.2948610782623291,0.7373483180999756,3953,3985,0.42298445105552673,0,0,0.005776547361165285,0.0024320180527865887,22.012741088867188,0.006291091442108154,0.20984920859336853,0.0073608094826340675,0.17112603783607483,20.82184600830078,0.008275904692709446,0.19668534398078918,0.009580930694937706,0.01516759768128395,20.594118118286133,0.008721441961824894,0.2695450186729431,0.011223254725337029,0.213432177901268,19.73941993713379,0.010618372820317745,0.23121270537376404,0.006304650101810694,0.015222196467220783,23.069135665893555,0.004932719748467207,0.12121833860874176,0.008987225592136383,0.0,19.842266082763672,0.010369875468313694,0.1948312222957611
18532,194,17,4048,-1,2,23.516809463500977,0.156139075756073,19.134151458740234,0.1885003000497818,26.08107566833496,20.986764907836914,0.19762209057807922,17.979549407958984,22.853160858154297,0.11025028675794601,17.84969711303711,18.093673706054688,18.01511573791504,0.17620009183883667,100.0,0.43760690093040466,0.43075257539749146,4048,4080,0.4396894872188568,0,0,0.004449580796062946,0.0024654294829815626,23.22864532470703,0.004754834342747927,0.17787110805511475,0.012206328101456165,0.18314075469970703,18.656681060791016,0.013624859042465687,0.2071593701839447,0.007967531681060791,0.016407044604420662,21.75929832458496,0.006669145077466965,0.2134426236152649,0.015923742204904556,0.21510297060012817,17.973085403442383,0.015947455540299416,0.2272007018327713,0.005184227600693703,0.015510747209191322,24.442367553710938,0.0035955326166003942,0.10722853243350983,0.01579386554658413,0.0,17.393638610839844,0.01822369173169136,0.1989099085330963
18585,194,17,4101,-1,3,24.56109619140625,0.16251228749752045,20.6644229888916,0.2226799577474594,26.377532958984375,21.91135025024414,0.21020397543907166,19.401750564575195,23.269441604614258,0.0993630439043045,17.921737670898438,18.025514602661133,20.031232833862305,0.2844250798225403,100.0,0.47080275416374207,0.4729793071746826,4101,4133,0.4912947416305542,0,0,0.0034985693637281656,0.0023027497809380293,24.338523864746094,0.0036825414281338453,0.1892085075378418,0.008581390604376793,0.29143887758255005,20.182403564453125,0.009588697925209999,0.3389247953891754,0.006439695134758949,0.016137126833200455,23.05589485168457,0.00494778249412775,0.23028168082237244,0.011476906947791576,0.3080238103866577,19.677343368530273,0.01077123824506998,0.3428109288215637,0.004710380919277668,0.015756098553538322,25.21283721923828,0.0030110394582152367,0.09860587120056152,0.009928345680236816,0.0,19.409753799438477,0.011455784551799297,0.3333248496055603
18646,194,17,4194,-1,2,24.122268676757812,0.20454221963882446,22.25049591064453,0.2225411981344223,24.73691177368164,21.780912399291992,0.24713177978992462,20.564525604248047,23.480648040771484,0.09820736944675446,17.887969970703125,17.87909698486328,21.42011260986328,0.1831846833229065,100.0,0.29114246368408203,0.7643721699714661,4194,4226,0.4353124797344208,0,0,0.0038705551996827126,0.0033597652800381184,24.034976959228516,0.003949138335883617,0.23406696319580078,0.005955943372100592,0.19534528255462646,21.91815948486328,0.006429601926356554,0.22948282957077026,0.006636038888245821,0.016263093799352646,22.87775230407715,0.005154953338205814,0.2790648341178894,0.008781074546277523,0.2181340903043747,21.208518981933594,0.00757090887054801,0.2454925775527954,0.004486784338951111,0.016296353191137314,25.73500633239746,0.0026699271984398365,0.09926189482212067,0.00721089169383049,0.0,20.798633575439453,0.008320259861648083,0.21788401901721954
18675,194,17,4223,-1,3,24.766855239868164,0.13387852907180786,22.597026824951172,0.17809389531612396,27.707015991210938,21.99315643310547,0.19481325149536133,20.898670196533203,22.801952362060547,0.11815758049488068,18.109209060668945,18.22756004333496,21.717012405395508,0.13030879199504852,100.0,0.3236323595046997,0.5502969622612,4223,4255,0.42035111784935,0,0,0.003336680121719837,0.0016955025494098663,24.450061798095703,0.003589168656617403,0.15816889703273773,0.005499172955751419,0.13751783967018127,22.123641967773438,0.006132475566118956,0.16370905935764313,0.006319525185972452,0.015455362387001514,23.08563995361328,0.004914011340588331,0.2199181616306305,0.008130796253681183,0.17087748646736145,21.49326515197754,0.007090447936207056,0.19159062206745148,0.0052457163110375404,0.015039869584143162,24.27253532409668,0.00373892392963171,0.12586750090122223,0.0067344000563025475,0.0,21.09553337097168,0.007770461495965719,0.1564875841140747
18859,194,17,4407,-1,3,21.519834518432617,0.2617989778518677,18.786623001098633,0.29297342896461487,23.878202438354492,20.08776092529297,0.30582326650619507,17.90240478515625,23.337419509887695,0.10853828489780426,18.039094924926758,17.794578552246094,18.231822967529297,0.28004464507102966,100.0,0.40585049986839294,0.7218752503395081,4407,4439,0.4386560320854187,0,0,0.007047201041132212,0.0040943012572824955,21.24852180480957,0.00750149367377162,0.2989814281463623,0.013223238289356232,0.306097149848938,18.321889877319336,0.014716721139848232,0.34370920062065125,0.009799950756132603,0.015706906095147133,20.51040267944336,0.008891189470887184,0.3428507149219513,0.016209129244089127,0.3225454092025757,17.906326293945312,0.01619449444115162,0.3572219908237457,0.004637225531041622,0.01661660335958004,25.537357330322266,0.0027942443266510963,0.10845376551151276,0.01502511091530323,0.0,17.61034393310547,0.017336666584014893,0.32486698031425476
18900,194,17,4448,-1,0,20.845048904418945,0.26026588678359985,18.911884307861328,0.26454582810401917,25.348758697509766,19.61882209777832,0.2870713770389557,18.038997650146484,23.58341407775879,0.08455122262239456,17.932043075561523,17.93988800048828,18.37688446044922,0.29847344756126404,100.0,0.43371081352233887,0.6099590063095093,4448,4480,0.46577227115631104,0,0,0.008231804706156254,0.0029182611033320427,20.43386459350586,0.009049274027347565,0.2986571490764618,0.012847287580370903,0.31411126255989075,18.354736328125,0.014605836011469364,0.3631085157394409,0.010917364619672298,0.016098879277706146,19.948104858398438,0.010120210237801075,0.3219567835330963,0.01570725440979004,0.33161938190460205,18.05280303955078,0.01565740630030632,0.36830270290374756,0.004381861072033644,0.01606982760131359,25.877559661865234,0.002583712339401245,0.08013426512479782,0.014531537890434265,0.0,17.75540542602539,0.01676715724170208,0.34777718782424927
19182,194,17,4730,-1,2,22.852069854736328,0.1984834522008896,18.710704803466797,0.3044165074825287,24.258132934570312,21.04132843017578,0.24031923711299896,17.779708862304688,24.04008674621582,0.0890534520149231,18.090984344482422,18.234561920166016,17.99500274658203,0.3347722887992859,100.0,0.49538540840148926,0.6145043969154358,4730,4762,0.45258915424346924,0,0,0.0051855286583304405,0.00375134265050292,22.671100616455078,0.005406172014772892,0.2207319140434265,0.013456427492201328,0.3306381106376648,18.197277069091797,0.015145106241106987,0.37842151522636414,0.00786805059760809,0.015520350076258183,21.745235443115234,0.006690774578601122,0.26140835881233215,0.01667359098792076,0.3572259545326233,17.732154846191406,0.016857169568538666,0.39939069747924805,0.003944495692849159,0.015015640296041965,26.4951114654541,0.002241242676973343,0.08594110608100891,0.015867173671722412,0.0,17.373525619506836,0.018308276310563087,0.38479888439178467
19428,194,17,5008,-1,1,17.883277893066406,0.42271125316619873,15.604743957519531,0.39774394035339355,23.84000587463379,17.150283813476562,0.4434821605682373,15.171917915344238,23.85519790649414,0.07276816666126251,17.79486846923828,17.845806121826172,15.26610279083252,0.44928592443466187,100.0,0.5302095413208008,0.7501636743545532,5008,5040,0.45021483302116394,0,0,0.01628067158162594,0.004130470100790262,17.411251068115234,0.018149934709072113,0.4844518005847931,0.027512216940522194,0.46541041135787964,15.056320190429688,0.031215336173772812,0.5327976942062378,0.019273990765213966,0.01661549136042595,17.05908966064453,0.0196829903870821,0.5058267712593079,0.03039543144404888,0.4720165431499481,14.877018928527832,0.03253106027841568,0.5352126359939575,0.00411604717373848,0.01642175018787384,26.53087615966797,0.002222862094640732,0.06925347447395325,0.029743347316980362,0.0,14.644622802734375,0.03431925177574158,0.5230381488800049
19554,207,17,114,-1,2,25.032527923583984,0.12961822748184204,22.047874450683594,0.19091592729091644,26.576152801513672,22.279264450073242,0.18486909568309784,20.407535552978516,23.424652099609375,0.10424670577049255,18.036712646484375,18.02214813232422,21.076683044433594,0.25739485025405884,100.0,0.40780186653137207,0.4681585431098938,114,146,0.39796969294548035,0,0,0.0031386821065098047,0.0021998086012899876,24.837127685546875,0.0032831241842359304,0.15453258156776428,0.006240400951355696,0.2625555694103241,21.584203720092773,0.006943519692867994,0.3077830970287323,0.005916618276387453,0.015715517103672028,23.556503295898438,0.004409095738083124,0.20863661170005798,0.009104298427700996,0.2897319197654724,20.90593147277832,0.008117214776575565,0.32896825671195984,0.0045450106263160706,0.015768319368362427,25.50005340576172,0.0028183474205434322,0.11167918145656586,0.007804259192198515,0.0,20.4552059173584,0.00900491513311863,0.30638328194618225
19615,207,17,175,-1,3,23.97564125061035,0.1764264702796936,19.597518920898438,0.2439204305410385,24.70620346069336,21.678865432739258,0.22937747836112976,18.530475616455078,23.774320602416992,0.1070178970694542,17.944597244262695,18.029197692871094,18.944011688232422,0.22112828493118286,100.0,0.39907675981521606,0.6112118363380432,175,207,0.42347100377082825,0,0,0.0040034637786448,0.0033836043439805508,23.87340545654297,0.004098827019333839,0.20035412907600403,0.010971049778163433,0.22908112406730652,19.080398559570312,0.012358338572084904,0.263216495513916,0.006793810520321131,0.01605241559445858,22.70073699951172,0.005369409918785095,0.2530823051929474,0.01402660645544529,0.25749194622039795,18.610631942749023,0.013770093210041523,0.2857680022716522,0.004193418193608522,0.015742739662528038,26.167953491210938,0.0024165997747331858,0.1078464686870575,0.01275260467082262,0.0,18.322532653808594,0.014714543707668781,0.25559094548225403
19847,207,17,407,-1,3,23.947908401489258,0.1635267436504364,20.417394638061523,0.19175131618976593,25.492679595947266,21.813060760498047,0.19938971102237701,19.27808380126953,24.137733459472656,0.0860443264245987,17.797550201416016,17.958412170410156,19.94778823852539,0.2417714148759842,100.0,0.3934482932090759,0.4873608946800232,407,439,0.42857295274734497,0,0,0.0040291110053658485,0.0028231379110366106,23.75238800048828,0.004214645363390446,0.185153067111969,0.00908365286886692,0.2508387267589569,19.92242431640625,0.010180231183767319,0.2834777235984802,0.006587095558643341,0.016605239361524582,22.970664978027344,0.005045842844992876,0.21899938583374023,0.011808414943516254,0.2744497060775757,19.542938232421875,0.011109800077974796,0.30363476276397705,0.0038567984011024237,0.016001436859369278,27.01498031616211,0.0019883925560861826,0.08526431769132614,0.010120948776602745,0.0,19.326309204101562,0.011678018607199192,0.2773370146751404
20284,207,17,844,-1,0,23.7734317779541,0.11647635698318481,22.214611053466797,0.16600628197193146,27.163799285888672,21.138704299926758,0.1548606902360916,20.177791595458984,22.6284122467041,0.09150543808937073,18.11641502380371,18.070039749145508,20.85443687438965,0.09253007173538208,100.0,0.30321893095970154,0.5474799275398254,844,876,0.4615020751953125,0,0,0.004194275941699743,0.0019214098574593663,23.42566680908203,0.004543947987258434,0.1357836276292801,0.006005362141877413,0.1076178327202797,21.683162689208984,0.006787089630961418,0.12624262273311615,0.007693601306527853,0.015429737977683544,21.868579864501953,0.006503426935523748,0.16939836740493774,0.009598886594176292,0.14449240267276764,20.591293334960938,0.008727116510272026,0.15445499122142792,0.00545957637950778,0.01559538021683693,24.089107513427734,0.0039002220146358013,0.0922432690858841,0.008214034140110016,0.0,20.232955932617188,0.00947773177176714,0.10912342369556427
20524,207,17,1116,-1,1,23.784379959106445,0.12245789915323257,21.68661880493164,0.20369134843349457,26.740549087524414,21.78158950805664,0.14956633746623993,20.281848907470703,23.855316162109375,0.08004322648048401,18.085845947265625,18.088411331176758,21.024932861328125,0.0996023491024971,100.0,0.3016371726989746,0.6752859354019165,1116,1148,0.44659560918807983,0,0,0.004183715209364891,0.0021180943585932255,23.4664249420166,0.004501502960920334,0.1443193256855011,0.006781695876270533,0.11127492785453796,21.180240631103516,0.00762036582455039,0.13152018189430237,0.006635000929236412,0.015538726933300495,22.78585433959961,0.005265196785330772,0.1668059378862381,0.009371628053486347,0.13865745067596436,20.73054313659668,0.008451735600829124,0.15091493725776672,0.004115934483706951,0.015529554337263107,26.270893096923828,0.0023599930573254824,0.07996643334627151,0.007897810079157352,0.0,20.403453826904297,0.009112858213484287,0.12059086561203003
20537,207,17,1129,-1,2,25.487394332885742,0.15850530564785004,21.31016731262207,0.15329554677009583,26.58379364013672,22.77802276611328,0.19024041295051575,20.114910125732422,24.28135108947754,0.0771380141377449,18.032936096191406,18.03446388244629,20.81619644165039,0.2337007373571396,100.0,0.3509122431278229,0.4368486702442169,1129,1161,0.4235057234764099,0,0,0.0028265747241675854,0.0021959415171295404,25.34082794189453,0.002923595020547509,0.18547751009464264,0.007395772263407707,0.24167148768901825,20.87233543395996,0.008180249482393265,0.2827577590942383,0.005274700000882149,0.01572919450700283,24.35770034790039,0.0036663166247308254,0.2178569734096527,0.009738880209624767,0.2551591098308563,20.514602661132812,0.008882591500878334,0.2904182970523834,0.003731340169906616,0.015723655000329018,27.243736267089844,0.0018863687291741371,0.07899431884288788,0.008286675438284874,0.0,20.194717407226562,0.009561548940837383,0.28140828013420105
20623,207,17,1215,-1,0,16.74750328063965,0.3276546597480774,15.399213790893555,0.34577661752700806,25.166513442993164,15.995332717895508,0.3639790415763855,14.837594985961914,22.20355224609375,0.10303286463022232,17.981220245361328,18.03287124633789,14.992059707641602,0.42778897285461426,34.863807678222656,0.5589446425437927,0.6186240911483765,1215,1247,0.4712335765361786,0,0,0.021147046238183975,0.0030433263164013624,16.210168838500977,0.023932233452796936,0.37121787667274475,0.028845537453889847,0.4369215965270996,14.842206001281738,0.032792869955301285,0.49751782417297363,0.025145873427391052,0.015917614102363586,15.756803512573242,0.02656560391187668,0.40005847811698914,0.0328277088701725,0.4433126747608185,14.504167556762695,0.03544730320572853,0.4969172179698944,0.0060206688940525055,0.01572943478822708,23.441884994506836,0.0045270128175616264,0.09895941615104675,0.031680651009082794,0.0003263017861172557,14.376548767089844,0.03650439903140068,0.4894712567329407
20680,207,17,1272,-1,1,21.810928344726562,0.19938276708126068,20.249324798583984,0.22741256654262543,26.68166732788086,19.96561622619629,0.24575991928577423,18.88128662109375,22.68806266784668,0.10551507025957108,18.039365768432617,18.060197830200195,19.347177505493164,0.20068305730819702,100.0,0.33429470658302307,0.6802756786346436,1272,1304,0.4152681231498718,0,0,0.006590333301573992,0.002147006569430232,21.382312774658203,0.0072739217430353165,0.22867149114608765,0.009442079812288284,0.2182570993900299,19.75751495361328,0.010574229061603546,0.24459028244018555,0.010079488158226013,0.01570591889321804,20.355575561523438,0.009213882498443127,0.26783812046051025,0.01293811947107315,0.24539297819137573,19.031147003173828,0.012499291449785233,0.26667991280555725,0.0053851003758609295,0.01563076488673687,24.192068099975586,0.0038088439032435417,0.10801637172698975,0.01162203960120678,0.0,18.725698471069336,0.013410045765340328,0.2297031283378601
20771,207,17,1363,-1,0,22.007099151611328,0.28139322996139526,18.607393264770508,0.2562802731990814,24.649974822998047,20.533584594726562,0.3216029405593872,17.79574203491211,24.411685943603516,0.08477090299129486,17.85808753967285,17.98887062072754,18.3453369140625,0.31816422939300537,100.0,0.40030717849731445,0.6402090191841125,1363,1395,0.44513338804244995,0,0,0.006299270782619715,0.003427696879953146,21.712724685668945,0.006741050630807877,0.3131941556930542,0.013780361972749233,0.3273683786392212,18.052091598510742,0.015659967437386513,0.3767012357711792,0.008843855001032352,0.016375377774238586,21.14347267150879,0.007685158867388964,0.3519228994846344,0.01661214791238308,0.35070207715034485,17.75413703918457,0.016772057861089706,0.392009437084198,0.003621026873588562,0.015889599919319153,27.610626220703125,0.0017335537122562528,0.08293050527572632,0.014637483283877373,0.0,17.723857879638672,0.016889404505491257,0.36891666054725647
20837,207,17,1429,-1,2,21.44635772705078,0.13765202462673187,17.131675720214844,0.23002798855304718,25.843048095703125,19.458818435668945,0.20046967267990112,16.179946899414062,22.085561752319336,0.09835731983184814,18.02989387512207,18.178613662719727,16.15947914123535,0.2136261910200119,35.69680404663086,0.4206567704677582,0.5468305945396423,1429,1461,0.4769839346408844,0,0,0.0071674431674182415,0.0026043260004371405,21.040550231933594,0.007869461551308632,0.158010333776474,0.019356749951839447,0.21785235404968262,16.574228286743164,0.022007832303643227,0.24817265570163727,0.011327088810503483,0.01574021391570568,19.72726058959961,0.010648145340383053,0.2177790105342865,0.02409934252500534,0.25459060072898865,15.958447456359863,0.0253603532910347,0.2754971981048584,0.006186481099575758,0.015210333280265331,23.189220428466797,0.004798196256160736,0.09787983447313309,0.024213191121816635,0.0002693515853025019,15.544447898864746,0.027896860614418983,0.2420312613248825
20975,207,17,1567,-1,0,24.273860931396484,0.14363867044448853,21.33309555053711,0.19349084794521332,26.915647506713867,21.723735809326172,0.19343242049217224,19.87015151977539,22.83707046508789,0.10830267518758774,17.69442367553711,17.810741424560547,20.42005729675293,0.27951034903526306,100.0,0.48059511184692383,0.4026067852973938,1567,1599,0.46477094292640686,0,0,0.003737781895324588,0.002034394768998027,23.979572296142578,0.003999841865152121,0.16935580968856812,0.007356828078627586,0.2890402376651764,20.88674545288086,0.008153152652084827,0.3421783745288849,0.006723982747644186,0.017004255205392838,22.88833999633789,0.005142402369529009,0.21480843424797058,0.010303500108420849,0.3155326247215271,20.306615829467773,0.009318334981799126,0.356759250164032,0.005203467793762684,0.016554877161979675,24.612884521484375,0.003457097103819251,0.11307717859745026,0.009078084491193295,0.0,19.798580169677734,0.01047471258789301,0.33257436752319336
21174,207,17,1766,-1,3,21.328144073486328,0.19094902276992798,19.108369827270508,0.1630353182554245,26.29641342163086,19.450090408325195,0.2415648102760315,17.846134185791016,21.96694564819336,0.11453729122877121,18.009483337402344,18.149078369140625,18.590744018554688,0.16230207681655884,100.0,0.2178456336259842,0.7483983635902405,1766,1798,0.42754071950912476,0,0,0.007365218363702297,0.0023461661767214537,20.89515495300293,0.008137380704283714,0.21397341787815094,0.01227900106459856,0.1831873059272766,18.541433334350586,0.01399125624448061,0.2065773606300354,0.01134987361729145,0.015814363956451416,19.721195220947266,0.010663027875125408,0.260049968957901,0.016420505940914154,0.21768589317798615,17.800188064575195,0.016595153138041496,0.23090992867946625,0.006357781123369932,0.015314130112528801,23.02781105041504,0.0049798814579844475,0.11375916004180908,0.013833294622600079,0.0,17.96926498413086,0.01596149429678917,0.18758165836334229
21473,207,17,2097,-1,1,21.29625129699707,0.31107839941978455,18.38264274597168,0.31742602586746216,23.71253204345703,19.397253036499023,0.36410343647003174,17.3862247467041,25.211505889892578,0.06375005841255188,17.333290100097656,17.884916305541992,17.592321395874023,0.3353888988494873,100.0,0.45059236884117126,0.7044638395309448,2097,2129,0.4585546553134918,0,0,0.007419506553560495,0.00425350246950984,21.020111083984375,0.007906584069132805,0.34160134196281433,0.01451228465884924,0.3282884657382965,17.87691879272461,0.01630452834069729,0.36286211013793945,0.011488799005746841,0.01847868412733078,19.82406234741211,0.01041343156248331,0.3904613256454468,0.018254825845360756,0.352952778339386,17.309049606323242,0.018582113087177277,0.385669469833374,0.003011962864547968,0.016274528577923775,30.125267028808594,0.0009715683409012854,0.05082283914089203,0.017408762127161026,0.0,16.970842361450195,0.02008703164756298,0.3813645541667938
21501,207,17,2125,-1,1,25.661165237426758,0.1413961499929428,22.272422790527344,0.17214711010456085,25.948135375976562,22.531850814819336,0.18633078038692474,20.43531036376953,23.719083786010742,0.10598808526992798,17.940717697143555,17.888690948486328,21.06499481201172,0.25010859966278076,100.0,0.39454251527786255,0.43632081151008606,2125,2157,0.4521348476409912,0,0,0.0027157110162079334,0.0025420631282031536,25.618650436401367,0.002742426237091422,0.16743451356887817,0.0059259491972625256,0.2752052843570709,21.822315216064453,0.006573074497282505,0.3245154619216919,0.0055823251605033875,0.01606675609946251,24.012821197509766,0.003969336394220591,0.20928572118282318,0.009046262130141258,0.2899579107761383,20.98027801513672,0.007979437708854675,0.32808029651641846,0.004247091710567474,0.016260387375950813,26.199893951416016,0.002398892305791378,0.11062437295913696,0.007825291715562344,0.0,20.44351577758789,0.009029182605445385,0.29799866676330566
21735,207,17,2359,-1,3,23.98626708984375,0.19020159542560577,21.196388244628906,0.2270788699388504,24.985868453979492,21.56479835510254,0.2398591935634613,19.65642547607422,23.221328735351562,0.11043896526098251,17.80059814453125,17.86104965209961,20.034475326538086,0.20763318240642548,100.0,0.45530906319618225,0.4987356662750244,2359,2391,0.4480060040950775,0,0,0.003993680234998465,0.0031725848093628883,23.851024627685547,0.004120002966374159,0.21777142584323883,0.00759208295494318,0.22152188420295715,20.688106536865234,0.008534721098840237,0.2606290280818939,0.006974612828344107,0.016593582928180695,22.600502014160156,0.005494771990925074,0.26644161343574524,0.010823243297636509,0.2523266077041626,20.035381317138672,0.009918862022459507,0.2821953296661377,0.004762854892760515,0.016364214941859245,25.26070785522461,0.0029780303593724966,0.11215770244598389,0.009920932352542877,0.0,19.412996292114258,0.01144722942262888,0.24502965807914734
21905,207,17,2529,-1,1,23.997861862182617,0.10927276313304901,21.298770904541016,0.18182726204395294,28.011154174804688,21.74808120727539,0.13835091888904572,19.730649948120117,23.771955490112305,0.08703922480344772,18.035789489746094,18.035846710205078,20.302846908569336,0.0978560522198677,100.0,0.3175410330295563,0.5726102590560913,2529,2561,0.4499359130859375,0,0,0.003983031027019024,0.001580827753059566,23.612510681152344,0.004352600779384375,0.13053777813911438,0.00741520244628191,0.11589676141738892,20.772287368774414,0.00837088655680418,0.14002472162246704,0.0066863964311778545,0.015718862414360046,22.759876251220703,0.005296786781400442,0.15043216943740845,0.010639839805662632,0.13578034937381744,20.022663116455078,0.009947951883077621,0.14986859261989594,0.004195699468255043,0.01571865752339363,26.156579971313477,0.002422936260700226,0.0880432054400444,0.009326432831585407,0.0,19.681365966796875,0.010761268436908722,0.11922004073858261
22018,207,17,2642,-1,2,20.329593658447266,0.16997842490673065,17.13617706298828,0.26814669370651245,24.805278778076172,18.792926788330078,0.20937436819076538,16.296222686767578,22.550403594970703,0.07869253307580948,17.6529483795166,17.930442810058594,16.453842163085938,0.29805612564086914,100.0,0.5222906470298767,0.5134051442146301,2642,2674,0.4294497072696686,0,0,0.009269161149859428,0.003307289443910122,19.9198055267334,0.010186371393501759,0.1888786405324936,0.019336696714162827,0.3086632788181305,16.602386474609375,0.0218655988574028,0.34584009647369385,0.013204055838286877,0.01716742292046547,18.99825668334961,0.012594307772815228,0.2256479114294052,0.023462694138288498,0.3399595320224762,16.103988647460938,0.024524560198187828,0.3731599450111389,0.005558524746447802,0.016104815527796745,24.04943084716797,0.003936018329113722,0.07475420087575912,0.022626414895057678,0.0,15.83236312866211,0.02610740251839161,0.3415899872779846
22118,207,17,2742,-1,2,21.13511848449707,0.18211226165294647,18.472789764404297,0.21527329087257385,24.283042907714844,19.6258487701416,0.20904646813869476,17.507701873779297,22.648752212524414,0.0913388729095459,17.527420043945312,17.59848403930664,17.7820987701416,0.16114333271980286,100.0,0.38682690262794495,0.5565106272697449,2742,2774,0.4441452920436859,0,0,0.007699955720454454,0.0037298884708434343,20.803606033325195,0.008310734294354916,0.20242658257484436,0.014214151538908482,0.17332059144973755,17.945358276367188,0.016049595549702644,0.1944650113582611,0.01089971698820591,0.017670873552560806,20.06211280822754,0.00985800102353096,0.22816845774650574,0.017751285806298256,0.1999475657939911,17.479787826538086,0.017865750938653946,0.2145795077085495,0.005434065125882626,0.01738407276570797,24.44228744506836,0.003595602000132203,0.0889628529548645,0.01666441559791565,0.0,17.160621643066406,0.019228173419833183,0.18517126142978668
22120,207,17,2744,-1,0,18.67742919921875,0.2117120921611786,17.788372039794922,0.30557841062545776,24.264183044433594,17.778467178344727,0.24361424148082733,17.080419540405273,22.56934356689453,0.09395469725131989,17.707767486572266,17.791139602661133,17.28792381286621,0.22759856283664703,100.0,0.4582132399082184,0.6668912768363953,2744,2776,0.4422488212585449,0,0,0.013559924438595772,0.0037461190950125456,18.218942642211914,0.015069741755723953,0.2368294596672058,0.01664036512374878,0.2366887480020523,17.309642791748047,0.018579576164484024,0.26014336943626404,0.01667836122214794,0.016952093690633774,17.789445877075195,0.016636250540614128,0.26995640993118286,0.019586559385061264,0.25722378492355347,16.986042022705078,0.020016858354210854,0.2765604853630066,0.005534336902201176,0.016629768535494804,24.1710205078125,0.0038273476529866457,0.09190213680267334,0.018672727048397064,0.0,16.666444778442383,0.02154545485973358,0.25545772910118103
22193,207,17,2817,-1,1,20.182531356811523,0.12773782014846802,19.226852416992188,0.16843228042125702,23.73855209350586,18.195022583007812,0.18862879276275635,17.4244327545166,20.276927947998047,0.11315536499023438,17.6253719329834,17.991039276123047,18.81291389465332,0.1020650789141655,29.21792984008789,0.15434907376766205,1.0912425518035889,2817,2849,0.43002545833587646,0,0,0.009588414803147316,0.004228097386658192,19.824207305908203,0.010413079522550106,0.1425134390592575,0.011948537081480026,0.12131693959236145,18.747987747192383,0.013341397047042847,0.13387945294380188,0.015152969397604465,0.017276784405112267,18.28969383239746,0.014826228842139244,0.20159204304218292,0.018094919621944427,0.17689436674118042,17.38518524169922,0.018259186297655106,0.18585748970508575,0.00938225444406271,0.015881672501564026,20.766345977783203,0.008382345549762249,0.11312500387430191,0.013143427670001984,0.001197311095893383,18.2445068359375,0.014981292188167572,0.1137072741985321
22262,207,17,2886,-1,2,23.67567253112793,0.13447734713554382,18.614896774291992,0.1616382598876953,25.255983352661133,21.166343688964844,0.1992756724357605,17.571575164794922,22.47528839111328,0.11303665488958359,17.78386878967285,17.93512725830078,17.678468704223633,0.21871820092201233,100.0,0.4422418773174286,0.3654974102973938,2886,2918,0.5026943683624268,0,0,0.004289757926017046,0.0029812725260853767,23.47650909423828,0.004491063300520182,0.15531088411808014,0.013756580650806427,0.23251846432685852,18.08791160583496,0.015531335026025772,0.2713417112827301,0.007644793018698692,0.016657624393701553,22.035503387451172,0.006258203648030758,0.222508504986763,0.017492122948169708,0.2560204565525055,17.524093627929688,0.01768440566956997,0.2861676812171936,0.005655502900481224,0.016087448224425316,23.92481803894043,0.004050588700920343,0.11614622920751572,0.017066847532987595,0.0,17.056987762451172,0.019692517817020416,0.25616586208343506
22619,207,17,3275,-1,2,22.00629425048828,0.16973309218883514,19.147567749023438,0.2395998239517212,21.173065185546875,20.02418327331543,0.21315574645996094,17.916805267333984,22.87122917175293,0.10393618792295456,17.143795013427734,18.043033599853516,17.910520553588867,0.13794097304344177,21.708023071289062,0.3953871428966522,0.6059879064559937,3275,3307,0.45326560735702515,0,0,0.006300433538854122,0.0076329694129526615,22.149959564208984,0.006095428019762039,0.18872514367103577,0.012168674729764462,0.16169296205043793,18.885086059570312,0.012926813215017319,0.1798846423625946,0.009944475255906582,0.019302813336253166,20.703393936157227,0.008504731580615044,0.23063728213310242,0.016155466437339783,0.18368467688560486,18.07343864440918,0.01558318268507719,0.19387242197990417,0.0051627024076879025,0.015692662447690964,24.50664710998535,0.003542708931490779,0.10402800887823105,0.016178861260414124,0.006748350802809,17.53754997253418,0.017629709094762802,0.15686169266700745
22694,207,17,3350,-1,1,23.961090087890625,0.1457306444644928,21.325176239013672,0.21552979946136475,27.329463958740234,21.292526245117188,0.19714371860027313,19.574838638305664,22.774520874023438,0.11445527523756027,18.035612106323242,17.958877563476562,20.169437408447266,0.2664273679256439,100.0,0.44013530015945435,0.4896898865699768,3350,3382,0.45933040976524353,0,0,0.00401689950376749,0.0018494969699531794,23.614761352539062,0.0043503460474312305,0.1686806082725525,0.007370252627879381,0.2622058391571045,20.813961029052734,0.008290941826999187,0.3080921173095703,0.0074258712120354176,0.015719501301646233,22.111299514770508,0.006149928085505962,0.2152348756790161,0.011028493754565716,0.2942608594894409,19.88979148864746,0.010257008485496044,0.32843512296676636,0.0052789547480642796,0.015999717637896538,24.40140724182129,0.00362960621714592,0.11428217589855194,0.009617368690669537,0.0,19.54796028137207,0.011096964590251446,0.31562140583992004
22722,207,17,3378,-1,1,24.351341247558594,0.16506460309028625,19.488739013671875,0.19776801764965057,25.68222999572754,21.611804962158203,0.22578029334545135,18.34935188293457,23.015182495117188,0.10878469049930573,17.90424156188965,17.94025421142578,18.474807739257812,0.30990731716156006,100.0,0.4717147946357727,0.4192533791065216,3378,3410,0.48163077235221863,0,0,0.003671690123155713,0.0027025705203413963,24.17847442626953,0.003820785554125905,0.19198843836784363,0.011249317787587643,0.317018061876297,18.99510383605957,0.012603456154465675,0.3669656813144684,0.0068995277397334576,0.016202270984649658,22.621448516845703,0.005468336399644613,0.25418710708618164,0.014623952098190784,0.3390861749649048,18.419950485229492,0.014388150535523891,0.38292381167411804,0.0049943821504712105,0.0160684771835804,24.8271484375,0.0032906753476709127,0.10986553877592087,0.014207555912435055,0.0,17.85332679748535,0.016393333673477173,0.36584919691085815
23025,207,17,3713,-1,1,25.262645721435547,0.13303737342357635,21.56222915649414,0.18273739516735077,26.986177444458008,22.124937057495117,0.18386100232601166,19.807510375976562,23.35028076171875,0.10725033283233643,18.09876823425293,18.206892013549805,20.099647521972656,0.13830581307411194,100.0,0.395997017621994,0.46146154403686523,3713,3745,0.47721073031425476,0,0,0.0029767011292278767,0.0020016233902424574,25.049121856689453,0.0031267129816114902,0.1579798460006714,0.00697874091565609,0.15750166773796082,21.110563278198242,0.007743615657091141,0.18449100852012634,0.006130647379904985,0.015492563135921955,23.287944793701172,0.004690352827310562,0.20730999112129211,0.010453191585838795,0.19527268409729004,20.095998764038086,0.00978138018399477,0.2187097668647766,0.004623511806130409,0.015111612156033516,25.21439552307129,0.003009958192706108,0.11303821206092834,0.009773166850209236,0.0,19.478168487548828,0.0112767294049263,0.16372480988502502
23286,207,17,3974,-1,2,19.322633743286133,0.2971360981464386,18.420190811157227,0.364948034286499,24.424150466918945,18.05877113342285,0.3314574360847473,17.322277069091797,22.829910278320312,0.09987407177686691,17.877182006835938,18.008901596069336,17.582733154296875,0.20896489918231964,100.0,0.4014852046966553,0.9089949727058411,3974,4006,0.482077956199646,0,0,0.011687906458973885,0.003610646817833185,18.883827209472656,0.012930559925734997,0.3309799134731293,0.01438735332340002,0.23377853631973267,17.89769744873047,0.01622670516371727,0.2605959475040436,0.0156359001994133,0.016303543001413345,18.08739471435547,0.015533186495304108,0.36402231454849243,0.01852560043334961,0.25686734914779663,17.24390411376953,0.018862951546907425,0.27744433283805847,0.005212056450545788,0.01581648364663124,24.460433959960938,0.003580606309697032,0.0995919331908226,0.01744723506271839,0.0,16.961254119873047,0.020131424069404602,0.23902875185012817
23413,207,17,4101,-1,1,25.249774932861328,0.13639648258686066,22.425308227539062,0.18909355998039246,26.320720672607422,22.430416107177734,0.1749802678823471,20.58358383178711,23.605192184448242,0.09784647077322006,17.913330078125,17.836217880249023,21.474132537841797,0.20952323079109192,100.0,0.42438435554504395,0.4455714523792267,4101,4133,0.4436841309070587,0,0,0.0029855372849851847,0.0023330720141530037,25.106159210205078,0.003085916629061103,0.16351629793643951,0.005720964167267084,0.20531603693962097,21.910686492919922,0.006440677680075169,0.24445125460624695,0.005714240949600935,0.016168396919965744,23.865907669067383,0.004105909261852503,0.19927886128425598,0.008742619305849075,0.23366716504096985,21.185216903686523,0.007611639332026243,0.260118305683136,0.004359945189207792,0.016458047553896904,26.022863388061523,0.002498698653653264,0.09733229875564575,0.007121750619262457,0.0,20.85265350341797,0.008217403665184975,0.24950113892555237
23425,207,17,4113,-1,1,23.831995010375977,0.16449032723903656,19.57857322692871,0.20085231959819794,26.319286346435547,21.316204071044922,0.21787892282009125,18.43545913696289,22.92091178894043,0.11537088453769684,17.927343368530273,18.0811767578125,18.641857147216797,0.23685835301876068,100.0,0.4298834800720215,0.46722501516342163,4113,4145,0.4507695734500885,0,0,0.004138097167015076,0.0023338417522609234,23.550029754638672,0.004415675066411495,0.19479602575302124,0.011019011959433556,0.2520398497581482,19.08457374572754,0.012346469797194004,0.2902020812034607,0.007385493256151676,0.0161163117736578,22.187984466552734,0.006042290944606066,0.24425287544727325,0.014336861670017242,0.27075523138046265,18.52510643005371,0.014043950475752354,0.3008807897567749,0.005103979725390673,0.01555543951690197,24.564208984375,0.0034960631746798754,0.11920786648988724,0.01367143914103508,0.0,18.02037811279297,0.015774738043546677,0.27614906430244446
23528,207,17,4216,-1,0,25.946571350097656,0.11650706082582474,22.095136642456055,0.17924347519874573,26.293256759643555,22.656118392944336,0.15336957573890686,20.343887329101562,23.691017150878906,0.09764906764030457,17.740013122558594,17.750566482543945,21.07452392578125,0.15971487760543823,100.0,0.37646451592445374,0.4761231541633606,4216,4248,0.4266915023326874,0,0,0.0025429795496165752,0.0023478714283555746,25.895610809326172,0.0025729963090270758,0.13451792299747467,0.006172859575599432,0.17080385982990265,21.7110652923584,0.006743628066033125,0.19797836244106293,0.00542485574260354,0.01682668924331665,24.35247802734375,0.003670727601274848,0.16984239220619202,0.009238708764314651,0.19596555829048157,20.91994285583496,0.00809106882661581,0.21718038618564606,0.004274627659469843,0.01678585261106491,26.28964614868164,0.002349823946133256,0.10022283345460892,0.0078081414103507996,0.0,20.453044891357422,0.009009393863379955,0.19042710959911346
23740,207,17,4460,-1,1,24.203378677368164,0.14628764986991882,21.306821823120117,0.18061979115009308,26.523902893066406,21.540653228759766,0.19604119658470154,19.660755157470703,22.757530212402344,0.10780750215053558,18.084396362304688,18.27616310119629,20.1595401763916,0.13449789583683014,100.0,0.3702988624572754,0.48776760697364807,4460,4492,0.47575831413269043,0,0,0.0037989371921867132,0.002226433251053095,23.93526268005371,0.004040861036628485,0.17168912291526794,0.007401467766612768,0.14436204731464386,20.785093307495117,0.008346239104866982,0.16843819618225098,0.0070134978741407394,0.015543916262686253,22.440393447875977,0.005701126530766487,0.21811732649803162,0.010812456719577312,0.18075643479824066,19.950511932373047,0.010114606469869614,0.19546836614608765,0.00529964966699481,0.014872494153678417,24.171524047851562,0.0038269043434411287,0.10839691013097763,0.009639316238462925,0.0,19.538057327270508,0.011122288182377815,0.15863509476184845
23848,207,17,4568,-1,1,24.35114288330078,0.14279121160507202,21.288516998291016,0.22895553708076477,26.87835693359375,21.75829315185547,0.19280503690242767,19.78676986694336,23.108461380004883,0.11940935254096985,17.945714950561523,17.984743118286133,20.32927703857422,0.19757762551307678,100.0,0.42226988077163696,0.5422019362449646,4568,4600,0.4006620943546295,0,0,0.003671855665743351,0.0020519390236586332,24.06595230102539,0.003921073861420155,0.170823335647583,0.007432728074491024,0.2086063176393509,20.77122688293457,0.008372928015887737,0.2489365190267563,0.006670690141618252,0.016048278659582138,22.81665802001953,0.005227983929216862,0.21850080788135529,0.010503235273063183,0.24677081406116486,20.14651107788086,0.009668273851275444,0.279222309589386,0.004888257477432489,0.015904709696769714,24.957443237304688,0.003193418961018324,0.12452974170446396,0.009269843809306622,0.0,19.70779800415039,0.010695972479879856,0.23477326333522797
24291,207,17,5011,-1,0,24.735733032226562,0.1497098058462143,21.354259490966797,0.18649180233478546,25.729705810546875,22.133216857910156,0.18562127649784088,19.937076568603516,23.277713775634766,0.1065344363451004,17.952049255371094,17.894697189331055,20.509639739990234,0.25683945417404175,100.0,0.44228535890579224,0.42165493965148926,5011,5043,0.44096970558166504,0,0,0.003360676346346736,0.0026731877587735653,24.601158142089844,0.0034664436243474483,0.17259450256824493,0.00732105877250433,0.26859861612319946,20.846878051757812,0.008228341117501259,0.3133606016635895,0.0061189704574644566,0.016024893149733543,23.377161026000977,0.004594982601702213,0.20423541963100433,0.010145941749215126,0.2825140357017517,20.316240310668945,0.009297708980739117,0.3180049955844879,0.004701416473835707,0.01623791642487049,25.336410522460938,0.002926570363342762,0.11012469232082367,0.008892752230167389,0.0,19.888158798217773,0.010260868817567825,0.3059147596359253
24367,285,17,67,-1,3,24.217376708984375,0.1668155938386917,20.10662841796875,0.1877017468214035,25.789396286010742,21.853042602539062,0.21653419733047485,19.08772087097168,22.726810455322266,0.13041110336780548,17.986753463745117,17.842853546142578,19.53829002380371,0.3066156804561615,100.0,0.4445667266845703,0.42221277952194214,67,99,0.4385489225387573,0,0,0.0037867138162255287,0.0026366987731307745,24.019058227539062,0.003963639494031668,0.19319282472133636,0.009757470339536667,0.30180099606513977,19.660913467407227,0.010812069289386272,0.35191887617111206,0.006526733748614788,0.015897344797849655,22.93700408935547,0.005085101816803217,0.24353832006454468,0.012337521649897099,0.3303510546684265,19.331144332885742,0.011665022931993008,0.37762629985809326,0.005337269511073828,0.016432911157608032,24.400636672973633,0.003630247665569186,0.1380968987941742,0.011121698655188084,0.0,18.916812896728516,0.012832727283239365,0.3619250953197479
24450,285,17,150,-1,2,24.517478942871094,0.15109769999980927,20.794628143310547,0.17617619037628174,25.867870330810547,21.743186950683594,0.19982369244098663,19.423215866088867,22.798891067504883,0.11332039535045624,18.099567413330078,17.960830688476562,19.75019073486328,0.27509182691574097,100.0,0.410876989364624,0.42878085374832153,150,182,0.44987753033638,0,0,0.003533882088959217,0.0025894828140735626,24.342498779296875,0.0036791737657040358,0.17555232346057892,0.008327933959662914,0.2790881097316742,20.323278427124023,0.009282653219997883,0.32904908061027527,0.0066939289681613445,0.015489711426198483,22.72399139404297,0.005340732634067535,0.22108560800552368,0.011420322582125664,0.3017653524875641,19.657697677612305,0.010820074006915092,0.34444987773895264,0.005249415524303913,0.01599252037703991,24.441041946411133,0.003596630645915866,0.1201237291097641,0.010592075064778328,0.0,19.12870979309082,0.012221627868711948,0.3229920268058777
24508,285,17,208,-1,0,21.698226928710938,0.22203145921230316,18.769596099853516,0.22032196819782257,25.745248794555664,19.913354873657227,0.2537989020347595,17.757064819335938,23.32342529296875,0.10790461301803589,17.849834442138672,18.060470581054688,17.791645050048828,0.3592913746833801,100.0,0.468976229429245,0.4697934687137604,208,240,0.44462108612060547,0,0,0.006763593293726444,0.0026636377442628145,21.310997009277344,0.007394356187433004,0.2530205249786377,0.01327518280595541,0.35098642110824585,18.241846084594727,0.014990472234785557,0.4043259620666504,0.010201510973274708,0.016406521201133728,20.34004020690918,0.009246894158422947,0.2795266807079315,0.01676075905561447,0.36254507303237915,17.710269927978516,0.016942325979471207,0.4067034423351288,0.004652190953493118,0.015629783272743225,25.28219985961914,0.0029633298981934786,0.10778744518756866,0.016627823933959007,0.0,17.170166015625,0.019185950979590416,0.4156235158443451
25320,285,17,1052,-1,2,24.612295150756836,0.1765122264623642,23.46843910217285,0.23013189435005188,26.821983337402344,21.857666015625,0.2245938926935196,21.213581085205078,23.696285247802734,0.10445649921894073,17.778575897216797,17.76864242553711,22.298240661621094,0.15461960434913635,35.374813079833984,0.28735101222991943,0.8008738160133362,1052,1084,0.4523462951183319,0,0,0.00345756602473557,0.002078747609630227,24.35370445251465,0.003669691737741232,0.20539605617523193,0.004499416798353195,0.16249769926071167,23.008380889892578,0.005002213176339865,0.1928355097770691,0.006519785150885582,0.016677936539053917,23.047819137573242,0.0049569918774068356,0.25137609243392944,0.007562087383121252,0.19705995917320251,22.096755981445312,0.006170556880533695,0.21609199047088623,0.004269445780664682,0.01671612821519375,26.280879974365234,0.0023545718286186457,0.1055668443441391,0.005890822969377041,0.0002900807885453105,21.70536994934082,0.006752476096153259,0.18237347900867462
25738,285,17,1470,-1,0,25.526744842529297,0.12225743383169174,23.24306297302246,0.14836862683296204,26.77004051208496,22.593908309936523,0.18082395195960999,21.21448516845703,23.452503204345703,0.10627573728561401,17.912277221679688,17.766521453857422,22.289724349975586,0.10535358637571335,100.0,0.3285262882709503,0.4516187310218811,1470,1502,0.41790130734443665,0,0,0.0028010813985019922,0.002103758743032813,25.36351776123047,0.0029083616100251675,0.14664019644260406,0.0047390758991241455,0.13314223289489746,22.798643112182617,0.005249716807156801,0.15899674594402313,0.005503121763467789,0.016172319650650024,24.132205963134766,0.003861706703901291,0.20752687752246857,0.007560516241937876,0.18029828369617462,22.06656265258789,0.006213606335222721,0.19931966066360474,0.004515955224633217,0.016724294051527977,25.787662506103516,0.0026377495378255844,0.111119344830513,0.005902386270463467,0.0,21.668245315551758,0.006810445804148912,0.13041198253631592
26007,285,17,1739,-1,1,20.092754364013672,0.2126365602016449,16.49581527709961,0.2513440251350403,24.99313735961914,18.938278198242188,0.245987206697464,15.9650239944458,23.663789749145508,0.07595060020685196,17.86383628845215,17.807218551635742,16.124284744262695,0.27511370182037354,100.0,0.4870336055755615,0.5160712003707886,1739,1771,0.4329163134098053,0,0,0.009788687340915203,0.0031672772020101547,19.66280174255371,0.01080736517906189,0.233109712600708,0.02240879088640213,0.28559941053390503,15.976139068603516,0.025257248431444168,0.32031524181365967,0.012769447639584541,0.016353711485862732,19.12999153137207,0.012218020856380463,0.2596732974052429,0.02532198093831539,0.29566991329193115,15.754900932312012,0.02657724916934967,0.32874763011932373,0.004301509819924831,0.01656830869615078,26.172069549560547,0.0024143101181834936,0.06791488826274872,0.024410218000411987,0.0,15.50280475616455,0.028165636584162712,0.31754180788993835
26042,285,17,1774,-1,0,24.773757934570312,0.13648830354213715,21.637554168701172,0.1568598598241806,25.605426788330078,21.978851318359375,0.1892649382352829,20.03915786743164,22.78120231628418,0.11938699334859848,17.81011390686035,17.911394119262695,20.685989379882812,0.12906749546527863,100.0,0.3099052309989929,0.5061542987823486,1774,1806,0.45185762643814087,0,0,0.003331379499286413,0.0027507906779646873,24.658849716186523,0.0034207007847726345,0.16188174486160278,0.006858746521174908,0.14736811816692352,21.136127471923828,0.007698169443756342,0.1695597767829895,0.006340374238789082,0.01655726693570614,23.216142654418945,0.004768544342368841,0.2103319615125656,0.00991024635732174,0.19330507516860962,20.483470916748047,0.008946498855948448,0.21029824018478394,0.005270841997116804,0.016175605356693268,24.445201873779297,0.0035931861493736506,0.12320807576179504,0.008538883179426193,0.0,20.064510345458984,0.009852558374404907,0.150648295879364
26126,285,17,1858,-1,0,24.352853775024414,0.15809354186058044,22.32282257080078,0.20777909457683563,25.07933807373047,21.883636474609375,0.20214466750621796,20.56502914428711,23.263206481933594,0.10373710095882416,17.51453399658203,17.657424926757812,21.25657081604004,0.1641051322221756,100.0,0.38381215929985046,0.5413562059402466,1858,1890,0.4504863917827606,0,0,0.0036704116500914097,0.0031050320249050856,24.251134872436523,0.0037573932204395533,0.19001492857933044,0.005857575219124556,0.17373771965503693,21.92588996887207,0.006418167147785425,0.20498840510845184,0.0064809187315404415,0.017723387107253075,23.231868743896484,0.0047513083554804325,0.2299022376537323,0.008780054748058319,0.20767925679683685,21.23936653137207,0.007517325226217508,0.23343166708946228,0.004717146512120962,0.01714974269270897,25.521541595458984,0.002804439514875412,0.11138656735420227,0.007487605791538954,0.0,20.63509178161621,0.008639545179903507,0.19702284038066864
26463,285,17,2227,-1,3,25.135690689086914,0.13784195482730865,22.504579544067383,0.15999089181423187,26.327651977539062,22.08522605895996,0.18680612742900848,20.707111358642578,23.03367805480957,0.10923321545124054,17.91009521484375,17.903493881225586,21.533222198486328,0.12224685400724411,100.0,0.2988445460796356,0.5353649258613586,2227,2259,0.3852718770503998,0,0,0.0030650042463093996,0.0023293502163141966,24.978214263916016,0.0031781818252056837,0.16369624435901642,0.0056174867786467075,0.13965493440628052,22.032943725585938,0.006261895876377821,0.1646302193403244,0.006186962127685547,0.01618044078350067,23.32593536376953,0.004649504087865353,0.21251928806304932,0.008497455157339573,0.17094972729682922,21.34111213684082,0.007343260571360588,0.19052594900131226,0.004973158240318298,0.016205061227083206,24.88762092590332,0.0032451734878122807,0.11531411856412888,0.007025509141385555,0.0,20.9117431640625,0.008106356486678123,0.14863377809524536
26521,285,17,2285,-1,1,26.545076370239258,0.11953016370534897,24.06196403503418,0.1773478239774704,26.77299690246582,23.084022521972656,0.17633946239948273,21.982532501220703,23.82265281677246,0.11903262138366699,18.036401748657227,18.01546859741211,23.200984954833984,0.12413682043552399,100.0,0.33351898193359375,0.5317473411560059,2285,2317,0.44429582357406616,0,0,0.0022156054619699717,0.0021023270674049854,26.511051177978516,0.00223303260281682,0.14325067400932312,0.0039246766828000546,0.1368667185306549,23.748016357421875,0.004218891728669405,0.15863987803459167,0.004915839526802301,0.01571664959192276,24.875591278076172,0.0032541758846491575,0.2004648596048355,0.006335005164146423,0.17909549176692963,23.074718475341797,0.00492638535797596,0.20252329111099243,0.00414700573310256,0.01579258404672146,26.279394149780273,0.002355378121137619,0.12769776582717896,0.0047852168790996075,0.0,22.579505920410156,0.005521404091268778,0.14665204286575317
26706,285,17,2470,-1,2,17.15658950805664,0.2816717028617859,16.391742706298828,0.29644080996513367,26.036283493041992,16.384641647338867,0.30847808718681335,15.685750007629395,22.37625503540039,0.09971749782562256,17.826126098632812,17.999435424804688,15.964300155639648,0.25921204686164856,100.0,0.33389732241630554,0.8878202438354492,2470,2502,0.43362218141555786,0,0,0.019246025010943413,0.002490988466888666,16.610713958740234,0.02182372286915779,0.32645323872566223,0.02295227162539959,0.27353084087371826,15.827759742736816,0.026135098189115524,0.31734663248062134,0.02298983372747898,0.016496332362294197,16.199909210205078,0.023988831788301468,0.344074547290802,0.027003809809684753,0.3027086853981018,15.437114715576172,0.028594905510544777,0.33271053433418274,0.0057859462685883045,0.015850991010665894,23.728925704956055,0.004237478133291006,0.09841153770685196,0.0253261961042881,0.0,15.342822074890137,0.029222533106803894,0.29833486676216125
26707,285,17,2471,-1,3,24.697265625,0.11452209949493408,22.44635581970215,0.13311590254306793,28.63325309753418,21.80546760559082,0.16061601042747498,20.27368927001953,23.12149429321289,0.10585122555494308,17.944576263427734,17.971654891967773,22.224912643432617,0.10449804365634918,100.0,0.1229105144739151,1.0830310583114624,2471,2503,0.4290436804294586,0,0,0.0033905755262821913,0.0013698553666472435,24.316274642944336,0.0037014558911323547,0.13654936850070953,0.005693306680768728,0.12977570295333862,21.877674102783203,0.006489817518740892,0.15210872888565063,0.00659862020984292,0.016052493825554848,22.8868408203125,0.005144177470356226,0.17505107820034027,0.009389255195856094,0.1658710241317749,20.75971794128418,0.00839514285326004,0.17608773708343506,0.004873608238995075,0.015952711924910545,24.990598678588867,0.003169130766764283,0.10660761594772339,0.005991131998598576,0.0,21.60343360900879,0.006912844721227884,0.12364619970321655
26778,285,17,2542,-1,2,22.49314308166504,0.13730186223983765,22.09974479675293,0.15152160823345184,27.708120346069336,20.293216705322266,0.18552514910697937,20.097572326660156,22.230667114257812,0.10051760077476501,18.005502700805664,18.097713470458984,21.067245483398438,0.09658849239349365,100.0,0.21307598054409027,0.7111153602600098,2542,2574,0.4024405777454376,0,0,0.005632300861179829,0.0016950721619650722,22.04952621459961,0.006238029338419437,0.16567036509513855,0.006166315171867609,0.11707618832588196,21.583032608032227,0.006945391185581684,0.13899636268615723,0.009347131475806236,0.01582886278629303,20.783164978027344,0.008349942043423653,0.20665404200553894,0.009777839295566082,0.14999085664749146,20.51974105834961,0.00887208990752697,0.1611170917749405,0.005983197595924139,0.015496328473091125,23.448963165283203,0.004519639071077108,0.10053187608718872,0.007821240462362766,0.0,20.44576644897461,0.00902450643479824,0.11605210602283478
26791,285,17,2555,-1,3,20.1967716217041,0.23371046781539917,19.767507553100586,0.27042248845100403,24.995777130126953,18.784082412719727,0.2689771056175232,18.491573333740234,22.694480895996094,0.09070627391338348,17.605119705200195,17.894695281982422,18.91181182861328,0.13852210342884064,100.0,0.2865599989891052,0.9436854124069214,2555,2587,0.3939433991909027,0,0,0.009557029232382774,0.0031653542537242174,19.77144432067871,0.010540364310145378,0.27062737941741943,0.010549922473728657,0.1512252241373062,19.25349998474121,0.011875451542437077,0.17665329575538635,0.013230974785983562,0.017357533797621727,18.99763298034668,0.01259611826390028,0.3017672896385193,0.014152809977531433,0.1826481819152832,18.595325469970703,0.01381871197372675,0.2020236700773239,0.0053771487437188625,0.016237925738096237,24.31064224243164,0.0037062596529722214,0.0930737555027008,0.01284750271588564,0.0,18.290332794189453,0.014824041165411472,0.16399413347244263
26799,285,17,2563,-1,3,19.370162963867188,0.3247636556625366,17.214981079101562,0.2569357454776764,24.124282836914062,18.21756362915039,0.36059075593948364,16.486305236816406,23.572914123535156,0.08978570252656937,17.419788360595703,18.005207061767578,16.617528915405273,0.22742746770381927,100.0,0.36655813455581665,0.7009413242340088,2563,2595,0.38451072573661804,0,0,0.011560684069991112,0.0038687598425894976,18.946922302246094,0.012744057923555374,0.3764183223247528,0.018988996744155884,0.25513896346092224,16.665599822998047,0.021549636498093605,0.29531145095825195,0.015074530616402626,0.018114285543560982,18.35442543029785,0.014606877230107784,0.41115158796310425,0.022457914426922798,0.2646435797214508,16.300809860229492,0.023437926545739174,0.2954287528991699,0.004392468370497227,0.015829939395189285,25.795726776123047,0.0026328577660024166,0.08810757100582123,0.021789491176605225,0.0,15.996049880981445,0.025141721591353416,0.26921841502189636
26852,285,17,2616,-1,0,22.53692626953125,0.15633369982242584,19.425315856933594,0.20566339790821075,26.145259857177734,20.76002311706543,0.1993202567100525,18.432445526123047,23.32046890258789,0.10172749310731888,17.84341049194336,17.938674926757812,18.966854095458984,0.265300989151001,100.0,0.390379935503006,0.5268288254737854,2616,2648,0.39962148666381836,0,0,0.005575805902481079,0.002429261337965727,22.17535400390625,0.0060598887503147125,0.18356211483478546,0.011414804495871067,0.2715243101119995,18.892799377441406,0.012903871946036816,0.3193731904029846,0.008394555188715458,0.016430815681815147,21.45195770263672,0.007158207707107067,0.22321337461471558,0.014346813783049583,0.2862895727157593,18.515405654907227,0.014075357466936111,0.32174867391586304,0.004655356984585524,0.016074324026703835,25.378128051757812,0.0028985929675400257,0.10285890847444534,0.012685705907642841,0.0,18.345373153686523,0.014637354761362076,0.31691956520080566
27018,285,17,2782,-1,2,22.271020889282227,0.20981352031230927,19.338987350463867,0.22073669731616974,24.851253509521484,20.529367446899414,0.2437494993209839,18.353687286376953,23.059688568115234,0.09600742161273956,17.738887786865234,17.769792556762695,18.63608169555664,0.28541862964630127,100.0,0.4340478479862213,0.5085538625717163,2782,2814,0.3512367904186249,0,0,0.005927862599492073,0.0032724635675549507,21.981584548950195,0.006336385849863291,0.2363874912261963,0.011643977835774422,0.2909684181213379,18.882144927978516,0.012935567647218704,0.33385828137397766,0.008852444589138031,0.016831049695611,21.17761993408203,0.007624967489391565,0.26522567868232727,0.014609371311962605,0.30331069231033325,18.43480682373047,0.014339015819132328,0.3368484377861023,0.004943463020026684,0.016711706295609474,25.04044532775879,0.003132964251562953,0.09542545676231384,0.013689637184143066,0.0,18.014602661132812,0.015795735642313957,0.3306877911090851
27069,285,17,2833,-1,1,24.07308578491211,0.15026448667049408,21.10744857788086,0.189649760723114,26.336158752441406,21.782787322998047,0.2020932137966156,19.777549743652344,22.97875213623047,0.11471465975046158,17.916635513305664,17.892379760742188,20.35557746887207,0.21967194974422455,100.0,0.38317611813545227,0.49494150280952454,2833,2865,0.417694628238678,0,0,0.003914636559784412,0.002324791857972741,23.809871673583984,0.004159227944910526,0.18188366293907166,0.007749166339635849,0.23365211486816406,20.60674285888672,0.008696128614246845,0.27725833654403687,0.006633176002651453,0.01615609973669052,22.866683959960938,0.0051681105978786945,0.2332664579153061,0.010525557212531567,0.27039098739624023,20.146989822387695,0.009667211212217808,0.30668994784355164,0.005036454182118177,0.016246585175395012,24.799335479736328,0.0033118186984211206,0.11872103810310364,0.009213875979185104,0.0,19.734098434448242,0.010631395503878593,0.2639707326889038
27291,285,17,3055,-1,3,22.88622283935547,0.17954349517822266,20.365833282470703,0.19585487246513367,25.58346176147461,20.56072235107422,0.23199258744716644,18.790157318115234,22.19997215270996,0.09945923089981079,17.810327529907227,17.728317260742188,19.26955223083496,0.15235933661460876,100.0,0.35015374422073364,0.5593396425247192,3055,3087,0.4057154357433319,0,0,0.005144908092916012,0.002764736767858267,22.58762550354004,0.0055110882967710495,0.20877917110919952,0.009192142635583878,0.1607845276594162,19.86393165588379,0.01031827088445425,0.18423707783222198,0.008788766339421272,0.016556452959775925,21.195446014404297,0.007593736983835697,0.2591804265975952,0.013212483376264572,0.1869395226240158,18.979637145996094,0.012648425064980984,0.20026257634162903,0.0060256365686655045,0.016872061416506767,23.60816764831543,0.004356956575065851,0.09725947678089142,0.011831637471914291,0.0,18.6480712890625,0.013651889748871326,0.17726439237594604
27365,285,17,3129,-1,1,20.70589828491211,0.2935601472854614,18.718225479125977,0.28494757413864136,24.443405151367188,19.234676361083984,0.33680441975593567,17.6425724029541,22.729007720947266,0.1132565289735794,17.761293411254883,17.796791076660156,17.796213150024414,0.22921566665172577,100.0,0.449470579624176,0.6339626908302307,3129,3161,0.4399566054344177,0,0,0.008499829098582268,0.003594675101339817,20.336484909057617,0.00925446767359972,0.3376566171646118,0.013433139771223068,0.23718130588531494,18.1622257232666,0.015267839655280113,0.27253344655036926,0.011927030980587006,0.01674444042146206,19.513294219970703,0.011185890063643456,0.37634140253067017,0.017208490520715714,0.2700052857398987,17.624380111694336,0.01728072389960289,0.2935774624347687,0.005334567278623581,0.016608133912086487,24.436769485473633,0.003600172232836485,0.1108715757727623,0.01661035418510437,0.0,17.174732208251953,0.01916579343378544,0.2653808295726776
27449,285,17,3213,-1,1,21.072099685668945,0.140043705701828,18.84040069580078,0.20118971168994904,26.947696685791016,18.892505645751953,0.18261006474494934,17.461997985839844,21.20316505432129,0.10580603033304214,17.97092628479004,18.115781784057617,17.44294548034668,0.1428583562374115,100.0,0.35967713594436646,0.55936199426651,3213,3245,0.36978158354759216,0,0,0.007812499068677425,0.0020194381941109896,20.602941513061523,0.008703739382326603,0.15599282085895538,0.013060503639280796,0.16307657957077026,18.29503631591797,0.014807997271418571,0.18615837395191193,0.01290474645793438,0.015955394133925438,19.05339813232422,0.012435415759682655,0.19141066074371338,0.017939088866114616,0.1885424703359604,17.39104461669922,0.018234573304653168,0.19896097481250763,0.007580253295600414,0.01543198712170124,21.957042694091797,0.0063722943887114525,0.10091710090637207,0.018017955124378204,0.0,16.82146644592285,0.020789949223399162,0.16331274807453156
27634,285,17,3398,-1,2,24.095367431640625,0.14240360260009766,19.472915649414062,0.20828011631965637,26.597633361816406,21.49173927307129,0.19665446877479553,18.365530014038086,22.86139488220215,0.11492611467838287,17.634794235229492,17.65254783630371,18.69291877746582,0.2416800856590271,100.0,0.46070995926856995,0.45208510756492615,3398,3430,0.47139763832092285,0,0,0.003894604044035077,0.002188954036682844,23.81218910217285,0.004157011862844229,0.16997699439525604,0.011290380731225014,0.25686007738113403,18.968355178833008,0.012681321240961552,0.3001510202884674,0.007092933636158705,0.017239341512322426,22.571218490600586,0.005531948991119862,0.2234378606081009,0.014569579623639584,0.28439828753471375,18.476207733154297,0.01420297659933567,0.31681114435195923,0.0051744068041443825,0.017169011756777763,24.776752471923828,0.0033290840219706297,0.12125557661056519,0.01351164560765028,0.0,18.07143783569336,0.015590360388159752,0.2843814492225647
27648,285,17,3412,-1,0,22.0228271484375,0.1976553052663803,17.935293197631836,0.29852789640426636,26.36623764038086,20.090381622314453,0.24618405103683472,17.029258728027344,22.658117294311523,0.1060204729437828,17.539575576782227,17.570476531982422,17.27960968017578,0.3986929655075073,100.0,0.5064554214477539,0.5894455313682556,3412,3444,0.46674686670303345,0,0,0.006276499480009079,0.0023087458685040474,21.619749069213867,0.006886922754347324,0.22967535257339478,0.01608683355152607,0.4066580533981323,17.393482208251953,0.018224336206912994,0.47566288709640503,0.009794036857783794,0.01762147806584835,20.6601619720459,0.008589815348386765,0.2714530825614929,0.019818659871816635,0.42319849133491516,16.952102661132812,0.02017388865351677,0.47978121042251587,0.005422359798103571,0.01749655231833458,24.479658126831055,0.0035647915210574865,0.10599648952484131,0.018708502873778343,0.0,16.658130645751953,0.021586734801530838,0.46667709946632385
27938,285,17,3734,-1,2,24.168970108032227,0.18055930733680725,21.33204460144043,0.18748034536838531,26.59410285949707,21.534460067749023,0.2238338142633438,19.656200408935547,22.78890609741211,0.11867634952068329,18.13697624206543,18.183605194091797,19.999921798706055,0.17089127004146576,100.0,0.36673495173454285,0.5112148523330688,3734,3766,0.45540565252304077,0,0,0.003829155582934618,0.0021907344926148653,23.892101287841797,0.004081220366060734,0.20883607864379883,0.007358606439083815,0.17870688438415527,20.82657814025879,0.008266890421509743,0.20329415798187256,0.0070235091261565685,0.01535685732960701,22.40978240966797,0.005741455592215061,0.25177162885665894,0.010823807679116726,0.21566738188266754,19.981887817382812,0.010041794739663601,0.23360154032707214,0.005261500831693411,0.015192857012152672,24.278724670410156,0.0037336000241339207,0.12302683293819427,0.010000182315707207,0.0,19.378440856933594,0.011538672260940075,0.19744399189949036
28171,285,17,3967,-1,3,25.254199981689453,0.13008525967597961,23.42230224609375,0.1662222146987915,25.351764678955078,22.271026611328125,0.17722511291503906,20.97943878173828,23.189655303955078,0.11748433858156204,17.793588638305664,17.884326934814453,21.78165054321289,0.10607568174600601,100.0,0.308368980884552,0.539036750793457,3967,3999,0.47154805064201355,0,0,0.002982497913762927,0.0029162417631596327,25.239381790161133,0.0029926912393420935,0.1499304473400116,0.0045474679209291935,0.1267196089029312,23.010255813598633,0.005000049713999033,0.1496889442205429,0.005927851423621178,0.016620390117168427,23.68267822265625,0.00428284564986825,0.19302070140838623,0.007980980910360813,0.16922928392887115,21.721561431884766,0.006727349478751421,0.1834183931350708,0.004797718953341246,0.01627674140036106,25.183116912841797,0.0030317155178636312,0.11826334148645401,0.006634911522269249,0.0,21.160171508789062,0.007655666675418615,0.1253330558538437
28421,285,17,4217,-1,1,23.029151916503906,0.14713633060455322,18.413433074951172,0.2387772798538208,24.900951385498047,20.934877395629883,0.17522761225700378,17.3951473236084,23.00594711303711,0.10755506902933121,18.13459014892578,18.006986618041992,17.546003341674805,0.2458089292049408,100.0,0.4854249060153961,0.49189335107803345,4217,4249,0.43539881706237793,0,0,0.0049783471040427685,0.0032352281268686056,22.801286697387695,0.005246519576758146,0.1682913601398468,0.014409760944545269,0.26405757665634155,17.8682861328125,0.016336973756551743,0.3056550621986389,0.00806328933686018,0.015365304425358772,21.58646583557129,0.006939902901649475,0.1904587745666504,0.01821735128760338,0.2709730863571167,17.313478469848633,0.018563169986009598,0.29913246631622314,0.005005013197660446,0.01582345925271511,24.76170539855957,0.003340637544170022,0.10935194790363312,0.017595427110791206,0.0,16.924522399902344,0.020302416756749153,0.2874985635280609
28481,285,17,4277,-1,1,24.098844528198242,0.16612359881401062,20.48334503173828,0.18790601193904877,26.673280715942383,21.497610092163086,0.21219952404499054,19.128936767578125,22.528587341308594,0.12527421116828918,18.079158782958984,17.900257110595703,19.506189346313477,0.2640810012817383,100.0,0.42906972765922546,0.4379381835460663,4277,4309,0.45633456110954285,0,0,0.0038914873730391264,0.0021511565428227186,23.809871673583984,0.00415923073887825,0.19211506843566895,0.008946754969656467,0.28717342019081116,19.96353530883789,0.010084312409162521,0.3354925215244293,0.007083355449140072,0.015562673099339008,22.381591796875,0.0057788449339568615,0.23757340013980865,0.012220985256135464,0.3063250482082367,19.327699661254883,0.011674282141029835,0.3477431535720825,0.005586521700024605,0.016217144206166267,24.032886505126953,0.003951041493564844,0.133218452334404,0.011204207316040993,0.0,18.88471221923828,0.012927930802106857,0.3138557970523834
28517,285,17,4313,-1,1,22.90642547607422,0.22841286659240723,19.158992767333984,0.22240093350410461,26.183765411376953,21.061298370361328,0.25486764311790466,18.215471267700195,23.52016258239746,0.10712244361639023,18.021940231323242,18.00046157836914,18.354389190673828,0.24385911226272583,100.0,0.4342714250087738,0.512124240398407,4313,4345,0.4704667627811432,0,0,0.005121031776070595,0.0024078176356852055,22.566118240356445,0.005538450088351965,0.2573423683643341,0.012136704288423061,0.26110222935676575,18.66832733154297,0.013588367961347103,0.29243019223213196,0.007831954397261143,0.015769071877002716,21.79742431640625,0.006610858254134655,0.282541960477829,0.015081793069839478,0.2755297124385834,18.231285095214844,0.015026971697807312,0.30131930112838745,0.004446147475391626,0.015847254544496536,25.699039459228516,0.0026921310927718878,0.1071002185344696,0.014607002958655357,0.0,17.73291015625,0.016854235902428627,0.28172627091407776
28686,285,17,4482,-1,2,24.04634666442871,0.15876366198062897,22.20701026916504,0.22375693917274475,27.09161376953125,21.623695373535156,0.20135332643985748,20.417573928833008,23.074148178100586,0.0960337221622467,18.257049560546875,18.10428237915039,21.015913009643555,0.16842857003211975,100.0,0.3419693112373352,0.6543187499046326,4482,4514,0.4827790856361389,0,0,0.00393881369382143,0.0019536141771823168,23.72201156616211,0.004244229290634394,0.18975725769996643,0.00601588049903512,0.172307088971138,21.73525047302246,0.0067061749286949635,0.2092268317937851,0.006880666129291058,0.014938089065253735,22.486391067504883,0.005641062743961811,0.22759279608726501,0.009083284065127373,0.20722539722919464,20.920713424682617,0.008089632727205753,0.2365463525056839,0.004927030298858881,0.015472901053726673,24.80882453918457,0.003304589306935668,0.10077794641256332,0.007914231158792973,0.0,20.39443588256836,0.009131805039942265,0.20554837584495544
28736,285,17,4532,-1,0,20.72887420654297,0.17487795650959015,15.699483871459961,0.279691219329834,24.95366096496582,19.155567169189453,0.2124888002872467,15.127548217773438,22.451602935791016,0.10017058253288269,17.883264541625977,18.11864471435547,15.109560012817383,0.3392488360404968,100.0,0.5415933132171631,0.5164229273796082,4532,4564,0.40048345923423767,0,0,0.00845497939735651,0.0031961994245648384,20.332002639770508,0.009264023043215275,0.19715847074985504,0.026918550953269005,0.35062479972839355,15.13392448425293,0.030662501230835915,0.39608049392700195,0.012146282941102982,0.016280721873044968,19.38916778564453,0.01151021383702755,0.230500265955925,0.030707553029060364,0.3724769353866577,14.79317569732666,0.03316519036889076,0.4104374647140503,0.0056864311918616295,0.015421824529767036,23.77923011779785,0.004188678227365017,0.09996607899665833,0.03083500824868679,0.0,14.488080978393555,0.035578858107328415,0.3842909038066864
28763,285,17,4559,-1,3,24.502426147460938,0.14776912331581116,21.371028900146484,0.2265913039445877,26.863407135009766,22.11998748779297,0.18402643501758575,19.984573364257812,23.606983184814453,0.10178488492965698,18.071441650390625,18.028024673461914,20.64610481262207,0.23159554600715637,100.0,0.4205978810787201,0.5387362241744995,4559,4591,0.47746512293815613,0,0,0.0035461531952023506,0.002059013582766056,24.23089599609375,0.0037749444600194693,0.17477299273014069,0.007292847614735365,0.23883303999900818,20.827743530273438,0.008264671079814434,0.2824099063873291,0.006137638818472624,0.015590348280966282,23.294410705566406,0.004683376289904118,0.20765218138694763,0.010035584680736065,0.263962984085083,20.33055877685547,0.009267106652259827,0.30082860589027405,0.004358145873993635,0.015746990218758583,25.840229034423828,0.002606016118079424,0.11017333716154099,0.008617665618658066,0.0,20.024625778198242,0.009943460114300251,0.2803890109062195
29175,285,17,5003,-1,1,24.507047653198242,0.11262599378824234,20.347614288330078,0.1427779197692871,27.055686950683594,21.48003387451172,0.17350144684314728,18.95378303527832,22.53730583190918,0.11550761759281158,17.891759872436523,18.025442123413086,19.08614730834961,0.1334298551082611,100.0,0.3857809007167816,0.37010106444358826,5003,5035,0.4569103419780731,0,0,0.0035423804074525833,0.0019698417745530605,24.220134735107422,0.003784309374168515,0.1263139694929123,0.009230783209204674,0.1500614881515503,19.844459533691406,0.010364637710154057,0.16934709250926971,0.007112080231308937,0.016248898580670357,22.436368942260742,0.005706415511667728,0.18997368216514587,0.012723945081233978,0.19515947997570038,19.13831329345703,0.012194633483886719,0.20809587836265564,0.0055753146298229694,0.015756357461214066,23.96963882446289,0.004009000491350889,0.12046310305595398,0.012341994792222977,0.0,18.46466827392578,0.014240761287510395,0.1558823585510254
29462,311,17,231,-1,3,19.492422103881836,0.24905961751937866,17.57074737548828,0.26033830642700195,24.97245979309082,18.368057250976562,0.285256028175354,16.81204605102539,22.230411529541016,0.10082356631755829,18.191137313842773,18.370622634887695,17.03369903564453,0.312749445438385,33.47898864746094,0.508902907371521,0.5115677118301392,231,263,0.445662260055542,0,0,0.011239779181778431,0.003182393964380026,19.038070678710938,0.01247937697917223,0.28712624311447144,0.01749546080827713,0.32905563712120056,17.02491569519043,0.01983848214149475,0.3820100426673889,0.014561101794242859,0.015166536904871464,18.39592742919922,0.014467958360910416,0.318477988243103,0.02083509787917137,0.34087079763412476,16.619707107543945,0.021778564900159836,0.38567501306533813,0.005983550567179918,0.014552510343492031,23.31125259399414,0.004665249027311802,0.0997391939163208,0.0197983980178833,0.0004488498088903725,16.425369262695312,0.022775249555706978,0.36635321378707886
29488,311,17,257,-1,1,21.968891143798828,0.20722629129886627,20.2919979095459,0.22299201786518097,25.111265182495117,20.214624404907227,0.23815737664699554,19.055923461914062,23.542835235595703,0.08645419776439667,17.730224609375,17.90982437133789,19.34562873840332,0.1871548444032669,100.0,0.4081002175807953,0.546414852142334,257,289,0.4432469308376312,0,0,0.006354932207614183,0.0030822905246168375,21.63776206970215,0.0068584163673222065,0.2421741783618927,0.009349752217531204,0.20070742070674896,19.794506072998047,0.010484540835022926,0.2354973554611206,0.009517822414636612,0.01686466671526432,20.763654708862305,0.00838753953576088,0.26554328203201294,0.01242818869650364,0.22115129232406616,19.240018844604492,0.011912371031939983,0.24098125100135803,0.004422995261847973,0.016181454062461853,25.826942443847656,0.0026140015106648207,0.08480069786310196,0.011626183055341244,0.0,18.724149703979492,0.013414827175438404,0.22013568878173828
29564,311,17,333,-1,1,23.415098190307617,0.11823099106550217,23.805932998657227,0.12945666909217834,24.235530853271484,21.298837661743164,0.17350634932518005,21.18475914001465,22.751733779907227,0.09860862046480179,17.863971710205078,17.902400970458984,23.499263763427734,0.05386687070131302,100.0,0.11691198498010635,1.1073002815246582,333,365,0.40371212363243103,0,0,0.004555019084364176,0.0037709178868681192,23.30158042907715,0.004675650037825108,0.12833592295646667,0.004163003992289305,0.07336735725402832,23.52391242980957,0.004442308563739061,0.07799427211284637,0.007415086030960083,0.01635320484638214,22.18963623046875,0.00603999150916934,0.183409184217453,0.007612443994730711,0.1183377057313919,22.00983238220215,0.00629530381411314,0.11827962845563889,0.0053067272529006,0.01620914228260517,24.401611328125,0.003629433223977685,0.09864822030067444,0.004467593040317297,0.0,22.87778663635254,0.005154914688318968,0.060525648295879364
29917,311,17,686,-1,2,19.317811965942383,0.21122747659683228,16.050107955932617,0.23047307133674622,23.549667358398438,17.566429138183594,0.2555789649486542,15.095687866210938,20.271528244018555,0.1283578872680664,17.784183502197266,18.025800704956055,14.877893447875977,0.2638787627220154,100.0,0.4796259105205536,0.48052674531936646,686,718,0.44399043917655945,0,0,0.011700887233018875,0.004416043870151043,18.920568466186523,0.012821631506085396,0.23112982511520386,0.02483072131872177,0.2859050929546356,15.479697227478027,0.02831590175628662,0.31971678137779236,0.017512869089841843,0.01665642485022545,17.533876419067383,0.01764463074505329,0.27698570489883423,0.03093366138637066,0.31331121921539307,14.773077011108398,0.033319029957056046,0.3415277600288391,0.00939392764121294,0.0157550610601902,20.749309539794922,0.008415292017161846,0.13237729668617249,0.03252450376749039,0.0,14.256414413452148,0.037528276443481445,0.29505589604377747
30013,311,17,782,-1,2,20.76646614074707,0.2227279245853424,19.183452606201172,0.25495558977127075,24.027130126953125,19.50063705444336,0.2652294933795929,18.197124481201172,22.75701332092285,0.10002180933952332,17.64739227294922,17.786815643310547,18.581323623657227,0.29616203904151917,100.0,0.4491080343723297,0.5676932334899902,782,814,0.4576122462749481,0,0,0.00838211178779602,0.003956279717385769,20.427276611328125,0.009063009172677994,0.26304101943969727,0.012068545445799828,0.32024407386779785,18.662059783935547,0.013607991859316826,0.37639012932777405,0.011218535713851452,0.017189400270581245,19.871652603149414,0.010299942456185818,0.3008042871952057,0.015145640820264816,0.3370094895362854,18.25879669189453,0.01493208296597004,0.38218745589256287,0.005300281103700399,0.016646336764097214,24.491928100585938,0.0035547339357435703,0.10065551102161407,0.013863337226212025,0.0,17.959842681884766,0.015996158123016357,0.3495156764984131
30413,311,17,1182,-1,2,20.38417625427246,0.13478490710258484,16.214317321777344,0.17428937554359436,25.6088924407959,18.408340454101562,0.19508644938468933,15.301366806030273,20.695533752441406,0.11826539039611816,17.728199005126953,18.052234649658203,15.164090156555176,0.2629525065422058,33.2064094543457,0.4873606264591217,0.35761889815330505,1182,1214,0.4787099063396454,0,0,0.009153399616479874,0.0027485962491482496,19.940155029296875,0.010138753801584244,0.15230810642242432,0.023909371346235275,0.2750552296638489,15.65091323852539,0.02722128853201866,0.31464850902557373,0.01442666444927454,0.016872525215148926,18.523120880126953,0.014050377532839775,0.21380659937858582,0.029502805322408676,0.2965644896030426,15.019903182983398,0.031478188931941986,0.3309824466705322,0.008520138449966908,0.015659455209970474,21.294918060302734,0.007421782240271568,0.12285594642162323,0.030450256541371346,0.00047792421537451446,14.55171012878418,0.035061389207839966,0.30359184741973877
30429,311,17,1198,-1,2,22.24574851989746,0.17432524263858795,18.348787307739258,0.22571884095668793,25.13677978515625,20.269498825073242,0.21353527903556824,17.370615005493164,22.444255828857422,0.09855059534311295,17.568981170654297,17.656583786010742,17.464344024658203,0.3177328109741211,34.46501922607422,0.5232979655265808,0.4313390254974365,1198,1230,0.49631357192993164,0,0,0.005962457973510027,0.0030642342753708363,21.932544708251953,0.006408338900655508,0.20230641961097717,0.014625861309468746,0.3330678939819336,17.824594497680664,0.01650215871632099,0.3877929747104645,0.009398318827152252,0.017502572387456894,20.88762092590332,0.00815151073038578,0.23341137170791626,0.01832055114209652,0.34743431210517883,17.319604873657227,0.01853700540959835,0.39226233959198,0.00569605827331543,0.017153067514300346,24.052274703979492,0.003933441359549761,0.09858593344688416,0.01792939566075802,0.00035768296220339835,16.854433059692383,0.020632734522223473,0.3727708160877228
30740,311,17,1541,-1,2,22.835237503051758,0.1804855614900589,20.436111450195312,0.22716651856899261,25.51473617553711,20.749168395996094,0.2280413806438446,19.121206283569336,22.640535354614258,0.12407609820365906,17.912002563476562,18.146360397338867,19.180910110473633,0.22372059524059296,100.0,0.4106166958808899,0.5532325506210327,1541,1573,0.4686688780784607,0,0,0.005205666180700064,0.0028088362887501717,22.538013458251953,0.0055744098499417305,0.2047043889760971,0.009044590406119823,0.23292231559753418,19.91775131225586,0.010191190056502819,0.266605406999588,0.008415563963353634,0.0161733441054821,21.413387298583984,0.007222059182822704,0.2542066276073456,0.012242763303220272,0.2590927183628082,19.276092529296875,0.011813834309577942,0.28706884384155273,0.005444357171654701,0.015323713421821594,24.062204360961914,0.003924456890672445,0.12747804820537567,0.012075604870915413,0.0,18.559432983398438,0.013933388516306877,0.26168498396873474
30762,311,17,1563,-1,0,22.39474105834961,0.17346107959747314,19.396045684814453,0.25314101576805115,25.727624893188477,20.497629165649414,0.19704851508140564,18.404876708984375,23.187416076660156,0.08083506673574448,18.1242733001709,18.172590255737305,18.877132415771484,0.2694985568523407,100.0,0.4231295585632324,0.5982588529586792,1563,1595,0.46414852142333984,0,0,0.0057613723911345005,0.0026744683273136616,22.050743103027344,0.006236280780285597,0.1953209936618805,0.011491998098790646,0.2817656695842743,18.938190460205078,0.012769708409905434,0.3278258144855499,0.008917378261685371,0.015401841141283512,21.012876510620117,0.007919768802821636,0.21723154187202454,0.014438178390264511,0.29316312074661255,18.46485137939453,0.014240166172385216,0.3360413610935211,0.00480019161477685,0.01523144356906414,24.95477294921875,0.0031953833531588316,0.08000057190656662,0.012950505129992962,0.0,18.25565528869629,0.014942890033125877,0.32452666759490967
30769,311,17,1570,-1,3,23.038618087768555,0.13642635941505432,20.93986701965332,0.2092042714357376,22.53820037841797,21.223651885986328,0.16964969038963318,19.745046615600586,23.15699577331543,0.09561233222484589,17.674650192260742,18.19918441772461,20.114990234375,0.17705214023590088,23.436004638671875,0.38882970809936523,0.5380356907844543,1570,1602,0.4610109329223633,0,0,0.004967504646629095,0.005574169103056192,23.12099266052246,0.004874171689152718,0.1565222591161728,0.008054030127823353,0.1990012377500534,20.74560546875,0.008422470651566982,0.2308155745267868,0.007544574793428183,0.017081860452890396,22.162893295288086,0.006077299360185862,0.18322381377220154,0.010604625567793846,0.21191315352916718,20.153188705444336,0.009653419256210327,0.236264169216156,0.004833932034671307,0.015138455666601658,24.883010864257812,0.00324862077832222,0.0948634222149849,0.009738706983625889,0.004533145111054182,19.771774291992188,0.010539563372731209,0.20968429744243622
30819,311,17,1620,-1,1,22.737651824951172,0.1280040740966797,18.40812873840332,0.1725001186132431,28.283796310424805,20.334625244140625,0.18129807710647583,17.348674774169922,21.91476821899414,0.11389388144016266,18.23371696472168,18.267370223999023,17.265037536621094,0.18867436051368713,100.0,0.38402438163757324,0.44919052720069885,1620,1652,0.4245958924293518,0,0,0.00532396137714386,0.0014846372650936246,22.280729293823242,0.005914625711739063,0.15100018680095673,0.014427377842366695,0.20235273241996765,17.839834213256836,0.01644434593617916,0.23737327754497528,0.009258433245122433,0.015018558129668236,20.77157211303711,0.008372260257601738,0.1963633894920349,0.01841333694756031,0.2229582965373993,17.224048614501953,0.018949387595057487,0.24678263068199158,0.0064346264116466045,0.014902634546160698,22.897254943847656,0.005131855607032776,0.11242393404245377,0.018771380186080933,0.0,16.6435604095459,0.021659284830093384,0.22423024475574493
31161,311,17,1994,-1,2,24.4884033203125,0.1398428976535797,20.976825714111328,0.18111135065555573,26.55518341064453,21.578683853149414,0.18722599744796753,19.455078125,22.750629425048828,0.10835115611553192,17.998760223388672,18.050067901611328,19.859323501586914,0.16851915419101715,100.0,0.37733301520347595,0.47997748851776123,1994,2026,0.4228709638118744,0,0,0.00355761987157166,0.0022104557137936354,24.242494583129883,0.0037648759316653013,0.16059839725494385,0.007985783740878105,0.19397374987602234,20.540363311767578,0.008830060251057148,0.22095239162445068,0.006952348630875349,0.015853455290198326,22.53136444091797,0.005582947749644518,0.20397332310676575,0.01133684627711773,0.21317073702812195,19.73301887512207,0.010634036734700203,0.2313784956932068,0.005308073945343494,0.01566726714372635,24.30116844177246,0.003714352147653699,0.112858347594738,0.010329222306609154,0.0,19.237844467163086,0.011918333359062672,0.19834193587303162
31450,311,17,2283,-1,3,25.431547164916992,0.1380205899477005,25.333484649658203,0.12846437096595764,25.68239974975586,22.350521087646484,0.17028236389160156,21.900066375732422,23.313213348388672,0.0774785578250885,17.829578399658203,17.763153076171875,25.186290740966797,0.05833804979920387,100.0,0.14276497066020966,0.8998311758041382,2283,2315,0.354208767414093,0,0,0.002863157307729125,0.002702464582398534,25.394210815429688,0.002887879265472293,0.1669599413871765,0.0029285415075719357,0.07817518711090088,24.986438751220703,0.003172168042510748,0.0951848179101944,0.005820333957672119,0.01648322492837906,23.788352966308594,0.004179889801889658,0.19312985241413116,0.006456440780311823,0.11892074346542358,23.12220001220703,0.004872816149145365,0.1274523288011551,0.004663143772631884,0.016737274825572968,25.519763946533203,0.0028055852744728327,0.07334157824516296,0.00302949920296669,0.0,24.56481170654297,0.003495576325803995,0.07317902147769928
31632,311,17,2465,-1,1,24.886829376220703,0.16073423624038696,23.01581382751465,0.17861390113830566,25.21263885498047,21.877700805664062,0.20744624733924866,20.728866577148438,23.142162322998047,0.10567077249288559,17.9300537109375,17.7895565032959,21.813823699951172,0.09767358005046844,100.0,0.36241254210472107,0.49284690618515015,2465,2497,0.43881919980049133,0,0,0.003245763946324587,0.0030111775267869234,24.838809967041016,0.003281853860244155,0.1874731332063675,0.00499365758150816,0.12451278418302536,22.58022117614746,0.0055204941891133785,0.14255774021148682,0.006489778868854046,0.01610625348985195,23.001344680786133,0.005010321736335754,0.2291737049818039,0.008454995229840279,0.1547347903251648,21.3959903717041,0.007251051254570484,0.16300132870674133,0.004850471392273903,0.016635823994874954,25.175065994262695,0.0030373402405530214,0.10578347742557526,0.006585937459021807,0.0,21.192344665527344,0.007599158212542534,0.11570202559232712
31714,311,17,2547,-1,3,24.732776641845703,0.13663560152053833,21.19033432006836,0.1608549952507019,26.535856246948242,21.96111488342285,0.19695717096328735,19.79179573059082,22.84937858581543,0.11405108124017715,17.862346649169922,18.010231018066406,20.34987449645996,0.22493210434913635,100.0,0.3778955638408661,0.4256599247455597,2547,2579,0.4040300250053406,0,0,0.003362966701388359,0.0022203149273991585,24.511489868164062,0.003538759658113122,0.16200695931911469,0.007602680008858442,0.2380739450454712,20.706518173217773,0.008498617447912693,0.2795664072036743,0.00636632414534688,0.016359325498342514,23.161483764648438,0.004828938748687506,0.22211407124996185,0.0104910833761096,0.2664582133293152,20.184993743896484,0.009582982398569584,0.3022967278957367,0.0051887426525354385,0.01581164076924324,24.49227523803711,0.0035544512793421745,0.11966552585363388,0.009225985035300255,0.0,19.728391647338867,0.01064536813646555,0.26971232891082764
31758,311,17,2591,-1,3,24.185895919799805,0.12208046764135361,20.87757110595703,0.17731954157352448,27.51049041748047,21.484817504882812,0.1721661537885666,19.4954891204834,22.808799743652344,0.10361877083778381,18.0225887298584,17.916603088378906,19.99936866760254,0.2575360834598541,100.0,0.43610888719558716,0.4065946638584137,2591,2623,0.46004608273506165,0,0,0.0038142602425068617,0.0017739888280630112,23.84244728088379,0.004128148313611746,0.1439603567123413,0.008170395158231258,0.26358848810195923,20.38994789123535,0.009141242131590843,0.3072021007537842,0.0071042501367628574,0.01576671563088894,22.387065887451172,0.005771563854068518,0.19160766899585724,0.011231842450797558,0.29302892088890076,19.771007537841797,0.010541426949203014,0.3317948281764984,0.005237451754510403,0.016156218945980072,24.488380432128906,0.003557641291990876,0.10779658704996109,0.010001452639698982,0.0,19.377891540527344,0.011540137231349945,0.30537229776382446
31812,311,17,2645,-1,1,23.40322494506836,0.19714903831481934,21.355148315429688,0.23640887439250946,25.837594985961914,21.096351623535156,0.23042182624340057,19.75113868713379,22.991676330566406,0.09815390408039093,17.775033950805664,17.912456512451172,20.431997299194336,0.14451594650745392,100.0,0.3828257918357849,0.6175364255905151,2645,2677,0.46468228101730347,0,0,0.00456748902797699,0.002607597503811121,23.125593185424805,0.004869010765105486,0.22451281547546387,0.007319563999772072,0.16810618340969086,20.890247344970703,0.008146577514708042,0.19098882377147675,0.007768996525555849,0.016691554337739944,21.940715789794922,0.006396295502781868,0.25433340668678284,0.010589761659502983,0.18963336944580078,20.130128860473633,0.009704816155135632,0.20497655868530273,0.005021487362682819,0.01617165096104145,24.806869506835938,0.003306077793240547,0.09466291218996048,0.009053162299096584,0.0,19.810518264770508,0.010445957072079182,0.17049042880535126
32018,311,17,2851,-1,3,25.05152130126953,0.12459112703800201,21.546550750732422,0.14888201653957367,26.348674774169922,22.238100051879883,0.17405807971954346,20.18927764892578,23.20667266845703,0.10422741621732712,17.786346435546875,17.966304779052734,20.940797805786133,0.23051586747169495,100.0,0.3760145306587219,0.39594751596450806,2851,2883,0.4577223062515259,0,0,0.0031249839812517166,0.0023181033320724964,24.88234519958496,0.003249119268730283,0.14511245489120483,0.007003985345363617,0.2501106560230255,21.092798233032227,0.007775353267788887,0.2938351631164551,0.005972966086119413,0.016648130491375923,23.63448715209961,0.004330633208155632,0.1913526952266693,0.00957353226840496,0.271404504776001,20.67060661315918,0.008569181896746159,0.30409833788871765,0.004778953269124031,0.015972381457686424,25.147207260131836,0.0030568877700716257,0.10193905979394913,0.00805230438709259,0.0,20.319318771362305,0.009291120804846287,0.2752063274383545
32100,311,17,2933,-1,1,23.654033660888672,0.11269065737724304,28.548828125,0.07885917276144028,27.616458892822266,20.533971786499023,0.16690266132354736,21.396100997924805,21.72151756286621,0.099455326795578,17.82940673828125,17.74544906616211,29.559101104736328,0.01474027056246996,100.0,0.04511972889304161,1.747775912284851,2933,2965,0.33737653493881226,0,0,0.004311184864491224,0.0017312277341261506,23.271541595458984,0.004708101972937584,0.12576138973236084,0.001396745559759438,0.03295324370265007,28.02534294128418,0.0015756720677018166,0.03696076571941376,0.00884306337684393,0.016483880579471588,21.153430938720703,0.007667554076761007,0.1731569916009903,0.007250867784023285,0.10460981726646423,22.379560470581055,0.005781546235084534,0.10070201754570007,0.006727417930960655,0.01680564507842064,22.859285354614258,0.005176922306418419,0.09347915649414062,0.0011068531312048435,0.0,28.937623977661133,0.0012771382462233305,0.01659202203154564
32254,311,17,3119,-1,1,22.22567367553711,0.18851514160633087,19.333843231201172,0.24647150933742523,26.43881607055664,20.259994506835938,0.22172534465789795,18.24024772644043,23.137357711791992,0.09583184868097305,18.016565322875977,18.07229232788086,18.342052459716797,0.21728816628456116,100.0,0.41431188583374023,0.5948936343193054,3119,3151,0.42621785402297974,0,0,0.005990082398056984,0.002270485507324338,21.829421997070312,0.006562327966094017,0.21469716727733612,0.011657776311039925,0.2341494858264923,18.82657241821289,0.013102162629365921,0.26732203364372253,0.009418909437954426,0.015788596123456955,20.737112045288086,0.008438958786427975,0.24161532521247864,0.014995993115007877,0.2522367238998413,18.269737243652344,0.014894511550664902,0.27562591433525085,0.004855840001255274,0.015587297268211842,24.94192886352539,0.0032048469875007868,0.09506162256002426,0.01464855670928955,0.0,17.72057342529297,0.016902180388569832,0.2516849935054779
32534,311,17,3399,-1,1,24.474624633789062,0.16075468063354492,21.958982467651367,0.18759842216968536,25.266483306884766,21.68748664855957,0.2020387351512909,20.17547607421875,22.77263641357422,0.11136533319950104,17.918493270874023,17.846662521362305,20.875455856323242,0.15594258904457092,100.0,0.34357503056526184,0.5460187792778015,3399,3431,0.4540739953517914,0,0,0.0035689270589500666,0.00297407410107553,24.36466407775879,0.0036604430060833693,0.18788409233093262,0.00636944780126214,0.17452670633792877,21.615158081054688,0.006894206628203392,0.20004165172576904,0.0067803398706018925,0.016149187460541725,22.725418090820312,0.005338979419320822,0.2250015139579773,0.009604007937014103,0.2050599753856659,20.70138168334961,0.008508674800395966,0.2236550748348236,0.005281244870275259,0.01641850732266903,24.47597312927246,0.0035678197164088488,0.11686156690120697,0.008174373768270016,0.0,20.25397491455078,0.009431970305740833,0.18091753125190735
32602,311,17,3467,-1,1,25.24177360534668,0.12702399492263794,21.458847045898438,0.18551500141620636,26.84938621520996,22.1790771484375,0.17167523503303528,19.796306610107422,23.344676971435547,0.09571781754493713,17.834564208984375,17.849245071411133,20.201082229614258,0.29250627756118774,100.0,0.4545425474643707,0.40813562273979187,3467,3499,0.46464458107948303,0,0,0.0029910437297075987,0.002065672306343913,25.03982925415039,0.003133408958092332,0.1502237468957901,0.007146860472857952,0.2959675192832947,20.95597267150879,0.00802422221750021,0.34871700406074524,0.006054695229977369,0.01646430790424347,23.513261795043945,0.004453216679394245,0.19138845801353455,0.010480194352567196,0.31561070680618286,20.196149826049805,0.009558398276567459,0.35614722967147827,0.00462948065251112,0.01640874706208706,25.501689910888672,0.002817286178469658,0.09712159633636475,0.00954754650592804,0.0,19.579605102539062,0.011016398668289185,0.3469853103160858
32630,311,17,3495,-1,1,22.11063003540039,0.16148075461387634,19.73239517211914,0.23844681680202484,27.539669036865234,19.889320373535156,0.20601089298725128,18.22101402282715,21.818323135375977,0.11589307337999344,18.11212158203125,18.011762619018555,18.481807708740234,0.19111570715904236,100.0,0.39250680804252625,0.6074972748756409,3495,3527,0.43952450156211853,0,0,0.006150880362838507,0.0017621113220229745,21.658288955688477,0.006826075725257397,0.18659712374210358,0.010635565035045147,0.20267347991466522,19.177419662475586,0.012085316702723503,0.2308199405670166,0.010258124209940434,0.015445000492036343,20.241024017333984,0.009460142813622952,0.2259824275970459,0.01506255567073822,0.23267048597335815,18.249847412109375,0.01496288925409317,0.2508280575275421,0.006579121109098196,0.015806060284376144,22.87384796142578,0.005159592255949974,0.11575891077518463,0.014184674248099327,0.0,17.860326766967773,0.016366932541131973,0.22247211635112762
33133,311,17,3998,-1,0,23.56830406188965,0.15364274382591248,20.95319938659668,0.18587389588356018,25.939462661743164,21.194316864013672,0.20561741292476654,19.595489501953125,22.5806884765625,0.11516501754522324,17.758256912231445,17.699180603027344,20.151596069335938,0.1409270167350769,100.0,0.3940413296222687,0.471711665391922,3998,4030,0.44679170846939087,0,0,0.004397133830934763,0.002547146286815405,23.29591941833496,0.004681747406721115,0.18177126348018646,0.008029340766370296,0.15497751533985138,20.541423797607422,0.008827902376651764,0.18077827990055084,0.0075957076624035835,0.016756156459450722,22.085613250732422,0.006186408456414938,0.2332061231136322,0.010976174846291542,0.18340927362442017,19.95269775390625,0.010109513066709042,0.20280396938323975,0.005519903264939785,0.016985638067126274,24.2528076171875,0.003755944548174739,0.12166588008403778,0.00965695921331644,0.0,19.530118942260742,0.01114264503121376,0.1663522571325302
33487,311,17,4352,-1,2,24.6070499420166,0.1377762407064438,21.511184692382812,0.19812969863414764,27.47232437133789,21.867950439453125,0.18844467401504517,19.86587905883789,23.322643280029297,0.09869961440563202,18.03213119506836,17.926929473876953,20.351581573486328,0.2454640418291092,100.0,0.4198756217956543,0.4718771278858185,4352,4384,0.4485504925251007,0,0,0.0034617437049746513,0.0017896475037559867,24.29574966430664,0.003718989435583353,0.16040188074111938,0.007061247248202562,0.2530336081981659,21.01487159729004,0.007916128262877464,0.2984185218811035,0.006504364311695099,0.015732107684016228,22.93733787536621,0.005084711592644453,0.2057594358921051,0.010313646867871284,0.27650186419487,20.276243209838867,0.009383734315633774,0.3111613392829895,0.004653025884181261,0.016117846593260765,25.3922119140625,0.002889207797124982,0.10116705298423767,0.009222356602549553,0.0,19.7301025390625,0.010641179978847504,0.29188019037246704
33488,311,17,4353,-1,3,23.852901458740234,0.15602470934391022,21.607254028320312,0.22176356613636017,26.39727020263672,21.52226448059082,0.20083197951316833,19.975814819335938,23.190013885498047,0.10842251777648926,17.988590240478516,17.70625114440918,20.494247436523438,0.24919858574867249,100.0,0.4449077546596527,0.4984484314918518,4353,4385,0.4500596523284912,0,0,0.004118222743272781,0.002292308257892728,23.566329956054688,0.004399132914841175,0.1799021065235138,0.0069067636504769325,0.2520464360713959,21.122892379760742,0.007721663452684879,0.2922334671020508,0.007043259683996439,0.01589062251150608,22.454891204833984,0.005682127550244331,0.2244601547718048,0.010055845603346825,0.2750018239021301,20.398513793945312,0.009123229421675205,0.3083473742008209,0.0047973208129405975,0.01695801503956318,25.336597442626953,0.002926445798948407,0.11028002947568893,0.008924324065446854,0.0,19.87276840209961,0.01029729750007391,0.2961634397506714
33668,311,17,4533,-1,3,24.85877799987793,0.14981992542743683,21.257232666015625,0.2244090884923935,25.315509796142578,21.96930694580078,0.19621597230434418,19.727895736694336,23.350189208984375,0.10647127777338028,17.770906448364258,17.84642791748047,20.346500396728516,0.23443083465099335,100.0,0.44210416078567505,0.5075932741165161,4533,4565,0.47110849618911743,0,0,0.0032667990308254957,0.0029406894464045763,24.792585372924805,0.003316969843581319,0.17233046889305115,0.0074864644557237625,0.2450815886259079,20.823566436767578,0.00827262457460165,0.2834163308143616,0.006354326847940683,0.01670742593705654,23.222524642944336,0.004761543124914169,0.21744205057621002,0.01064658910036087,0.278524249792099,20.140077590942383,0.009682605974376202,0.3039640188217163,0.004623611457645893,0.01641940139234066,25.514677047729492,0.0028088742401450872,0.10973626375198364,0.009233151562511921,0.0,19.725021362304688,0.010653636418282986,0.2735043168067932
33762,311,17,4627,-1,1,22.343692779541016,0.11244557052850723,21.220109939575195,0.15881715714931488,26.790849685668945,19.998884201049805,0.16544993221759796,19.209978103637695,21.650907516479492,0.11747249960899353,17.944435119628906,18.033485412597656,19.762910842895508,0.07928851246833801,100.0,0.22955337166786194,0.691852867603302,4627,4659,0.36471688747406006,0,0,0.0058294921182096004,0.0020937032531946898,21.935331344604492,0.00640422897413373,0.13757014274597168,0.007550730369985104,0.09682270884513855,20.726613998413086,0.008459382690489292,0.1175539493560791,0.010002571158111095,0.016053013503551483,20.423097610473633,0.009071733802556992,0.1874331831932068,0.011995057575404644,0.14975379407405853,19.42781639099121,0.011408229358494282,0.1627836525440216,0.006837686989456415,0.0157272070646286,22.620071411132812,0.005470068193972111,0.12760281562805176,0.010561096481978893,0.0,19.14143180847168,0.012185881845653057,0.09528142213821411
33836,311,17,4733,-1,2,18.101470947265625,0.27880075573921204,15.744161605834961,0.2918538749217987,25.57866668701172,17.077125549316406,0.3094686269760132,15.095129013061523,22.319019317626953,0.10380184650421143,18.017751693725586,18.181129455566406,15.039846420288086,0.28545597195625305,100.0,0.3985825777053833,0.7322294116020203,4733,4765,0.40936416387557983,0,0,0.015482915565371513,0.00276779243722558,17.58476448059082,0.017439087852835655,0.31084391474723816,0.026643050834536552,0.2945641279220581,15.159072875976562,0.03048546239733696,0.3351997137069702,0.019601423293352127,0.015784285962581635,16.94892120361328,0.020188674330711365,0.33568060398101807,0.03093763440847397,0.31203821301460266,14.777307510375977,0.03328658640384674,0.3423268496990204,0.0058627077378332615,0.015201523900032043,23.539920806884766,0.004425966180860996,0.10424822568893433,0.031333960592746735,0.0,14.418368339538574,0.03615456819534302,0.32531020045280457
33865,311,17,4762,-1,3,23.65299415588379,0.14148692786693573,21.66069221496582,0.18867985904216766,26.66374397277832,21.054073333740234,0.1809684783220291,19.682905197143555,22.220191955566406,0.10742905735969543,18.172592163085938,18.111600875854492,20.127708435058594,0.10537397116422653,100.0,0.29509788751602173,0.6393805742263794,4762,4794,0.38488736748695374,0,0,0.004312215372920036,0.0021558848675340414,23.331117630004883,0.004643958527594805,0.159975066781044,0.006822298746556044,0.12138357758522034,21.165813446044922,0.007645723409950733,0.13997583091259003,0.007844994775950909,0.015231435187160969,21.733667373657227,0.0067086187191307545,0.19785907864570618,0.010757454670965672,0.15634456276893616,19.989675521850586,0.010023800656199455,0.16556905210018158,0.0059976461343467236,0.015446854755282402,23.425691604614258,0.004543921910226345,0.11123353242874146,0.009710218757390976,0.0,19.5062313079834,0.011204098351299763,0.11870109289884567
33894,311,17,4791,-1,0,22.381181716918945,0.20335133373737335,21.34200096130371,0.19756336510181427,28.780668258666992,20.32100486755371,0.24338151514530182,19.57851791381836,22.582447052001953,0.1135290339589119,18.211124420166016,18.18039894104004,20.242300033569336,0.18500211834907532,100.0,0.3243004083633423,0.6091986298561096,4791,4823,0.3529060184955597,0,0,0.005779387429356575,0.001324137905612588,21.89444351196289,0.006464810576289892,0.24292609095573425,0.007341759279370308,0.20186376571655273,20.82350730895996,0.008272737264633179,0.2371779978275299,0.009287518449127674,0.015096893534064293,20.76043128967285,0.008393768221139908,0.2740296423435211,0.011019152589142323,0.22462475299835205,19.865398406982422,0.010314787738025188,0.2486208975315094,0.005517666228115559,0.01520407572388649,23.94969940185547,0.004027449991554022,0.11362680047750473,0.00945736188441515,0.0,19.620820999145508,0.010912340134382248,0.216732457280159
34052,311,17,4949,-1,2,20.620500564575195,0.25179213285446167,16.53841781616211,0.2932978570461273,24.951519012451172,18.783615112304688,0.2990564703941345,15.671268463134766,22.248313903808594,0.11241069436073303,17.756471633911133,17.99174690246582,15.745945930480957,0.37159955501556396,100.0,0.48427650332450867,0.6056413054466248,4949,4981,0.42322543263435364,0,0,0.00866861641407013,0.0031977754551917315,20.218067169189453,0.009510284289717674,0.2942854166030884,0.022190047428011894,0.3749871551990509,15.951618194580078,0.025400269776582718,0.43899670243263245,0.013232395052909851,0.01676304079592228,18.96565055847168,0.012689217925071716,0.3369699716567993,0.027094006538391113,0.39855849742889404,15.414820671081543,0.02874206192791462,0.4502716362476349,0.005958935711532831,0.015879079699516296,23.53325843811035,0.0044327592477202415,0.11259720474481583,0.026632102206349373,0.0,15.124467849731445,0.030729347839951515,0.43545886874198914
34307,324,17,145,-1,1,23.643465042114258,0.1271187663078308,21.977657318115234,0.1541951298713684,26.963834762573242,20.928482055664062,0.174404114484787,19.935680389404297,22.094308853149414,0.10856323689222336,18.101957321166992,18.210718154907227,20.532756805419922,0.08724775165319443,100.0,0.24759821593761444,0.6227635145187378,145,177,0.433987021446228,0,0,0.0043216897174716,0.0020119480323046446,23.300294876098633,0.004677034914493561,0.15383636951446533,0.006342118140310049,0.09874880313873291,21.483728408813477,0.007106032222509384,0.11879713833332062,0.008075173012912273,0.015481190755963326,21.589046478271484,0.0069357855245471,0.19941496849060059,0.010149209760129452,0.14659281075000763,20.28059959411621,0.009374330751597881,0.16003721952438354,0.006174036767333746,0.015098310075700283,23.18661880493164,0.004801071714609861,0.11447778344154358,0.008845538832247257,0.0,19.911277770996094,0.010206390172243118,0.1057964414358139
34375,324,17,213,-1,1,23.150005340576172,0.3407916724681854,20.323131561279297,0.2620568573474884,24.077341079711914,21.337299346923828,0.3736610412597656,19.2200927734375,24.947769165039062,0.07493501156568527,17.88852882385254,17.952896118164062,19.854358673095703,0.3766150176525116,100.0,0.36401450634002686,0.7199077606201172,213,245,0.44703635573387146,0,0,0.0048417202197015285,0.0039108023047447205,23.02340316772461,0.0049849385395646095,0.40064507722854614,0.009282972663640976,0.3959605097770691,19.828197479248047,0.010403521358966827,0.4607689678668976,0.0073497099801898,0.016260992735624313,22.233901977539062,0.0059787435457110405,0.42761945724487305,0.011967148631811142,0.4068422317504883,19.419742584228516,0.011429461650550365,0.46305373311042786,0.0032005389221012592,0.016021767631173134,29.107866287231445,0.0012280422961339355,0.0697951540350914,0.010341041721403599,0.0,19.232877731323242,0.011931972578167915,0.44245851039886475
34406,324,17,244,-1,0,25.09686279296875,0.14573131501674652,21.539480209350586,0.18583519756793976,25.659095764160156,22.24370574951172,0.20994466543197632,20.073898315429688,23.407447814941406,0.1151563972234726,17.935665130615234,17.98953628540039,20.709880828857422,0.2161199301481247,100.0,0.4316146969795227,0.43055808544158936,244,276,0.4718729853630066,0,0,0.003092528786510229,0.002717004856094718,25.0164794921875,0.0031503017526119947,0.17245692014694214,0.007015393581241369,0.23081187903881073,21.074604034423828,0.00780799426138401,0.2729872465133667,0.0059652626514434814,0.016085460782051086,23.557279586791992,0.004408309701830149,0.23892325162887573,0.009831286035478115,0.2635471224784851,20.51546859741211,0.00888082105666399,0.2994890511035919,0.004563049878925085,0.015887169167399406,25.496158599853516,0.0028208771254867315,0.12119298428297043,0.00849203858524561,0.0,20.088403701782227,0.009798507206141949,0.2616667151451111
34473,324,17,311,-1,3,23.920793533325195,0.13792170584201813,20.479572296142578,0.16972467303276062,26.20098114013672,21.440980911254883,0.20121750235557556,19.17487907409668,22.72231101989746,0.1147899180650711,18.063798904418945,18.233230590820312,19.466712951660156,0.26239994168281555,100.0,0.42942342162132263,0.3952385187149048,311,343,0.4515538215637207,0,0,0.004054344724863768,0.0023982913699001074,23.656112670898438,0.004309121984988451,0.16159866750240326,0.008954528719186783,0.2807261645793915,19.925931930541992,0.010172011330723763,0.3297027051448822,0.007176325656473637,0.015617814846336842,22.307971954345703,0.005877635441720486,0.22671014070510864,0.012092393822968006,0.3074389100074768,19.33963966369629,0.011642226949334145,0.3508380353450775,0.005342801567167044,0.015020247548818588,24.14092254638672,0.0038539643865078688,0.12318436801433563,0.011306514963507652,0.0,18.845233917236328,0.013045978732407093,0.30986255407333374
34494,324,17,332,-1,0,23.941299438476562,0.13816481828689575,20.44497299194336,0.16959413886070251,25.70284652709961,21.515918731689453,0.19730842113494873,19.133197784423828,22.554676055908203,0.12088881433010101,18.096954345703125,18.100595474243164,19.414104461669922,0.25402557849884033,100.0,0.4068987965583801,0.41679686307907104,332,364,0.44959479570388794,0,0,0.004035246558487415,0.002689772518351674,23.724044799804688,0.004242242779582739,0.16232508420944214,0.009026155807077885,0.27692532539367676,19.95871353149414,0.010095518082380295,0.32734256982803345,0.0070535591803491116,0.015499036759138107,22.400108337402344,0.005754255689680576,0.2259826362133026,0.012209005653858185,0.2896031141281128,19.310731887817383,0.011719977483153343,0.3287990689277649,0.005553059745579958,0.015486043877899647,23.952442169189453,0.004024908412247896,0.13014712929725647,0.011444304138422012,0.0,18.792627334594727,0.01320496667176485,0.30110228061676025
34610,324,17,448,-1,0,23.79216194152832,0.11857983469963074,22.490310668945312,0.172097310423851,27.494489669799805,21.405681610107422,0.17371945083141327,20.501811981201172,22.61172103881836,0.11027327179908752,17.92245101928711,17.891895294189453,21.241369247436523,0.09203042089939117,100.0,0.2536071240901947,0.6785981059074402,448,480,0.4411696195602417,0,0,0.004176223184913397,0.0017805376555770636,23.424863815307617,0.004544789902865887,0.14136089384555817,0.005635975394397974,0.10435501486063004,21.99446678161621,0.006317619234323502,0.12187784165143967,0.007234886288642883,0.016134481877088547,22.316789627075195,0.005865717306733131,0.1949297934770584,0.008908792398869991,0.13407592475414276,21.056190490722656,0.007841172628104687,0.13994380831718445,0.005480599123984575,0.016248393803834915,24.1748046875,0.003824015613645315,0.11337476223707199,0.007513859309256077,0.0,20.619890213012695,0.008669836446642876,0.1113843321800232
34650,324,17,488,-1,0,24.2165470123291,0.13589611649513245,20.894983291625977,0.16226229071617126,26.375333786010742,21.738285064697266,0.17926280200481415,19.458478927612305,22.94415283203125,0.1037837564945221,18.201278686523438,18.025943756103516,19.785999298095703,0.23259757459163666,100.0,0.40597468614578247,0.39968574047088623,488,520,0.44075217843055725,0,0,0.0037874362897127867,0.0023039167281240225,23.962419509887695,0.004015670157968998,0.15538525581359863,0.008137702941894531,0.2372918277978897,20.37019920349121,0.009182906709611416,0.27732619643211365,0.006701492704451084,0.01513116154819727,22.672348022460938,0.00540462089702487,0.19830681383609772,0.011327970772981644,0.2641155421733856,19.741823196411133,0.010612502694129944,0.2956768572330475,0.005076738074421883,0.015754539519548416,24.641998291015625,0.0034339998383075,0.1053357943892479,0.01050509512424469,0.0,19.164522171020508,0.012121262960135937,0.2765458822250366
35186,324,17,1056,-1,2,24.627201080322266,0.14861662685871124,21.566062927246094,0.15408937633037567,26.534679412841797,22.14267921447754,0.1734461933374405,20.15445899963379,23.441959381103516,0.08355288207530975,18.030555725097656,18.04872703552246,20.99924087524414,0.14907890558242798,100.0,0.3689020872116089,0.4176972210407257,1056,1088,0.39516040682792664,0,0,0.003445718204602599,0.0022209163289517164,24.395973205566406,0.003634149208664894,0.1703941375017166,0.0069725834764540195,0.17104119062423706,21.072067260742188,0.007812555879354477,0.19626641273498535,0.006105653941631317,0.015737811103463173,23.350027084350586,0.00462378328666091,0.1892821490764618,0.009650595486164093,0.18679751455783844,20.592519760131836,0.008724650368094444,0.203383669257164,0.004526934120804071,0.0156721081584692,25.509395599365234,0.0028122924268245697,0.08270357549190521,0.007944672368466854,0.0,20.377761840820312,0.009166930802166462,0.1718156337738037
35351,324,17,1221,-1,3,25.28917121887207,0.12573105096817017,21.940317153930664,0.18604128062725067,26.144426345825195,22.36722755432129,0.18452724814414978,20.314891815185547,23.105724334716797,0.11421219259500504,18.022422790527344,18.1075439453125,21.07944107055664,0.24052713811397552,100.0,0.40523219108581543,0.4590979814529419,1221,1253,0.46612370014190674,0,0,0.0029585775919258595,0.002429727930575609,25.17135238647461,0.0030399393290281296,0.14930970966815948,0.006396879907697439,0.2561885118484497,21.453664779663086,0.007155395578593016,0.30323824286460876,0.005797987803816795,0.015767313539981842,23.701576232910156,0.0042642452754080296,0.21433278918266296,0.009300598874688148,0.2799287438392639,20.785215377807617,0.00834600068628788,0.3211527168750763,0.004891338292509317,0.015461288392543793,24.86091423034668,0.0032651922665536404,0.12318747490644455,0.007799307815730572,0.0,20.457962036132812,0.008999200537800789,0.287884384393692
35407,324,17,1277,-1,3,24.53195571899414,0.15306535363197327,21.55147933959961,0.22655414044857025,26.306886672973633,21.942630767822266,0.18004576861858368,20.016704559326172,23.443485260009766,0.10467533022165298,18.069440841674805,17.9852352142334,20.48343276977539,0.2585737407207489,34.79906463623047,0.4547663629055023,0.4981769919395447,1277,1309,0.4283336400985718,0,0,0.0035221222788095474,0.0023405151441693306,24.313396453857422,0.0037039078306406736,0.17821861803531647,0.006996034178882837,0.2639279365539551,21.102214813232422,0.007758512627333403,0.3091205060482025,0.00639347406104207,0.015597539022564888,23.029918670654297,0.00497746467590332,0.20345725119113922,0.009961610659956932,0.27762237191200256,20.4216365814209,0.009074787609279156,0.31922268867492676,0.004525344353169203,0.01590290665626526,25.567447662353516,0.002774950349703431,0.10977369546890259,0.008946576155722141,0.0003312027838546783,19.88344383239746,0.010272016748785973,0.30885952711105347
35877,324,17,1747,-1,1,23.60111427307129,0.14586007595062256,19.7176570892334,0.19029395282268524,26.892032623291016,21.085426330566406,0.2012653648853302,18.499073028564453,22.458492279052734,0.10887358337640762,17.723098754882812,17.64670753479004,18.837982177734375,0.2576879858970642,100.0,0.4266023337841034,0.4460687041282654,1747,1779,0.40560710430145264,0,0,0.004364038817584515,0.0020454879850149155,23.259902954101562,0.004720738623291254,0.16832110285758972,0.010671715252101421,0.2850582003593445,19.190689086914062,0.012048447504639626,0.33012139797210693,0.007788565941154957,0.016892358660697937,21.94636344909668,0.0063879829831421375,0.22542837262153625,0.014128390699625015,0.30307406187057495,18.62545394897461,0.013723177835345268,0.34161728620529175,0.005677419248968363,0.017192114144563675,24.0827579498291,0.0039059279952198267,0.11222268640995026,0.01306778471916914,0.0,18.216501235961914,0.015078214928507805,0.3044561743736267
35886,324,17,1756,-1,2,23.310346603393555,0.16662415862083435,20.105913162231445,0.18956957757472992,25.34950065612793,21.001712799072266,0.2234327793121338,18.85150146484375,22.423519134521484,0.11375270038843155,17.748701095581055,17.79644775390625,19.073427200317383,0.2712085545063019,100.0,0.4237403869628906,0.4473719894886017,1756,1788,0.460554838180542,0,0,0.004666223656386137,0.0029177642427384853,23.066938400268555,0.004935217089951038,0.19673758745193481,0.009759080596268177,0.27779799699783325,19.565383911132812,0.011052530258893967,0.3242960274219513,0.007940150797367096,0.016793066635727882,21.818954467773438,0.006578164640814066,0.25287124514579773,0.013027161359786987,0.3078359365463257,19.028087615966797,0.012508094310760498,0.3446507453918457,0.005723320879042149,0.016609447076916695,23.92702293395996,0.004048532340675592,0.11637908220291138,0.01237819530069828,0.0,18.451950073242188,0.0142825311049819,0.3217836618423462
35974,324,17,1844,-1,2,21.749914169311523,0.21665892004966736,18.970083236694336,0.24343422055244446,24.987796783447266,20.004741668701172,0.2522442638874054,17.990459442138672,23.182723999023438,0.09114445745944977,17.598093032836914,17.758338928222656,18.240001678466797,0.2037954032421112,100.0,0.39842018485069275,0.6109986901283264,1844,1876,0.4437706768512726,0,0,0.006683574989438057,0.003171174554154277,21.412256240844727,0.007223944179713726,0.2503598928451538,0.012676277197897434,0.2135925143957138,18.452842712402344,0.01427958719432354,0.24417637288570404,0.009989091195166111,0.017385637387633324,20.529996871948242,0.008851161226630211,0.2787618339061737,0.015883784741163254,0.2370908558368683,18.016311645507812,0.015789519995450974,0.2582937180995941,0.004805378615856171,0.01675584353506565,25.27705192565918,0.0029668447095900774,0.08839091658592224,0.014996848069131374,0.0,17.618520736694336,0.017304055392742157,0.23595955967903137
35986,324,17,1856,-1,2,22.503862380981445,0.19096948206424713,18.465248107910156,0.2310628890991211,25.25865936279297,20.3925724029541,0.23363733291625977,17.503467559814453,23.007339477539062,0.08957109600305557,17.633108139038086,17.74329376220703,17.800912857055664,0.22677211463451385,100.0,0.3852502405643463,0.5997735261917114,1856,1888,0.4372160732746124,0,0,0.0056184157729148865,0.0029794357251375914,22.20085334777832,0.00602441281080246,0.21339833736419678,0.014238860458135605,0.2383567988872528,17.931190490722656,0.01610204577445984,0.2735382914543152,0.009135721251368523,0.017246032133698463,21.03034019470215,0.00788798090070486,0.25234290957450867,0.017768608406186104,0.26334330439567566,17.476224899291992,0.01788041554391384,0.29016420245170593,0.005003408994525671,0.016813986003398895,24.967002868652344,0.003186396788805723,0.08630601316690445,0.01659238152205944,0.0,17.179433822631836,0.01914505660533905,0.2611232399940491
36325,324,17,2227,-1,0,21.74335289001465,0.21643191576004028,17.744609832763672,0.22120440006256104,25.47898292541504,19.915624618530273,0.25263679027557373,16.924388885498047,22.196182250976562,0.11975165456533432,18.016422271728516,18.08221435546875,16.8523006439209,0.2937546968460083,100.0,0.4647938907146454,0.47591933608055115,2227,2259,0.49549177289009094,0,0,0.006693677976727486,0.002832055324688554,21.374052047729492,0.00728777376934886,0.24147316813468933,0.01680888794362545,0.30854275822639465,17.204757690429688,0.019033752381801605,0.34801968932151794,0.010196179151535034,0.01578911580145359,20.29851722717285,0.009335729293525219,0.27464964985847473,0.020303044468164444,0.3221498429775238,16.780569076538086,0.020986653864383698,0.3563621938228607,0.006030895747244358,0.015551729127764702,23.404495239257812,0.004566151648759842,0.12108336389064789,0.02064286358654499,0.0,16.230823516845703,0.023818688467144966,0.3376208245754242
36337,324,17,2239,-1,0,24.017818450927734,0.17241695523262024,20.14822769165039,0.2156107872724533,24.66290283203125,21.517578125,0.22754530608654022,18.83762550354004,22.84872055053711,0.10884279757738113,18.067420959472656,18.17800521850586,19.135971069335938,0.21480481326580048,100.0,0.44513970613479614,0.4843665659427643,2239,2271,0.45225316286087036,0,0,0.0039647719822824,0.0034175096079707146,23.926559448242188,0.004048965871334076,0.199627086520195,0.009664453566074371,0.22154346108436584,19.63227081298828,0.01088361069560051,0.25579753518104553,0.007050865329802036,0.015604794956743717,22.41476058959961,0.00573487626388669,0.2568124532699585,0.013068855740129948,0.24286310374736786,18.96329116821289,0.012696119025349617,0.26770156621932983,0.005189528688788414,0.015212465077638626,24.380001068115234,0.0036475383676588535,0.11197070777416229,0.012201211415231228,0.0,18.51449203491211,0.014078319072723389,0.25370925664901733
36559,324,17,2461,-1,2,24.846820831298828,0.15762242674827576,20.7492618560791,0.2140357941389084,26.461219787597656,22.20185089111328,0.2019100934267044,19.404266357421875,23.295347213745117,0.10291972011327744,18.018699645996094,18.050518035888672,19.771907806396484,0.2830982208251953,100.0,0.42702293395996094,0.501227855682373,2461,2493,0.4309917688369751,0,0,0.0032758049201220274,0.002258801832795143,24.644187927246094,0.0034322666469961405,0.18603435158729553,0.008415384218096733,0.28800082206726074,20.246139526367188,0.009449006989598274,0.3377920091152191,0.006023028865456581,0.015780843794345856,23.446863174438477,0.00452182674780488,0.22576618194580078,0.011470261961221695,0.31029337644577026,19.671653747558594,0.010785359889268875,0.3521692156791687,0.0046823639422655106,0.015665646642446518,25.239471435546875,0.002992628375068307,0.10596305876970291,0.010539239272475243,0.0,19.15043067932129,0.012160660699009895,0.3361462354660034
36560,324,17,2462,-1,3,25.35788345336914,0.14045730233192444,21.233779907226562,0.1766570657491684,26.996440887451172,22.479110717773438,0.1858689785003662,19.803203582763672,23.345224380493164,0.10141505300998688,18.128761291503906,18.166128158569336,20.292953491210938,0.28461626172065735,100.0,0.4080692231655121,0.4329095482826233,2462,2494,0.4296676218509674,0,0,0.0029121364932507277,0.001996897626668215,25.152814865112305,0.0030529426876455545,0.16759845614433289,0.007527001667767763,0.29344406723976135,20.689430236816406,0.00853212084621191,0.34632986783981323,0.005650527775287628,0.015385931357741356,23.81661605834961,0.004152773879468441,0.20837652683258057,0.010463566519320011,0.3171657621860504,20.148771286010742,0.009663245640695095,0.36217236518859863,0.004628896247595549,0.015254118479788303,25.237125396728516,0.0029942465480417013,0.10510650277137756,0.009347697719931602,0.0,19.67147445678711,0.010785805992782116,0.33705294132232666
36809,324,17,2711,-1,0,24.63051986694336,0.1450747847557068,20.843944549560547,0.17121337354183197,27.177249908447266,22.247655868530273,0.17903085052967072,19.63898277282715,23.520620346069336,0.09073114395141602,18.062122344970703,18.148487091064453,20.187877655029297,0.2420148104429245,100.0,0.33304843306541443,0.5140795111656189,2711,2743,0.44794198870658875,0,0,0.0034430865198373795,0.0019154682522639632,24.343759536743164,0.003678104607388377,0.17248669266700745,0.008233900181949139,0.25385236740112305,20.321155548095703,0.009287196211516857,0.30512842535972595,0.00595984049141407,0.015623840503394604,23.493940353393555,0.00447307201102376,0.20006152987480164,0.010866801254451275,0.2782817482948303,19.935394287109375,0.010149875655770302,0.3206687867641449,0.00444567808881402,0.015316207893192768,25.570049285888672,0.0027732893358916044,0.09044075012207031,0.009576619602739811,0.0,19.5664005279541,0.011049944907426834,0.29406940937042236
37026,324,17,2928,-1,1,24.830303192138672,0.15878449380397797,20.657421112060547,0.19471962749958038,27.76313591003418,21.975290298461914,0.20759199559688568,19.302593231201172,23.28769874572754,0.10703471302986145,18.043434143066406,18.017669677734375,19.737802505493164,0.3205307126045227,100.0,0.4557311236858368,0.4272686541080475,2928,2960,0.4916948676109314,0,0,0.0032882860396057367,0.0016737340483814478,24.5140438079834,0.0035366786178201437,0.18524706363677979,0.008595242165029049,0.3208006024360657,20.11348533630371,0.009742076508700848,0.381076842546463,0.006345575209707022,0.01569121703505516,23.09114646911621,0.004907784052193165,0.22681616246700287,0.01174196507781744,0.34283971786499023,19.511898040771484,0.011189493350684643,0.38866692781448364,0.004690618719905615,0.015784578397870064,25.25222396850586,0.002983855316415429,0.10827071219682693,0.010622330009937286,0.0,19.116323471069336,0.012256534770131111,0.3819883465766907
37051,324,17,2953,-1,2,23.639108657836914,0.15102799236774445,20.374300003051758,0.184024840593338,25.22735595703125,21.306053161621094,0.20525601506233215,19.135404586791992,23.033382415771484,0.11592359095811844,17.930130004882812,18.233055114746094,19.5915470123291,0.2763063311576843,100.0,0.41721591353416443,0.44107818603515625,2953,2985,0.4732970595359802,0,0,0.004326028283685446,0.0030009904876351357,23.439132690429688,0.00452987989410758,0.1728835105895996,0.00917423889040947,0.2791292071342468,19.842260360717773,0.010369885712862015,0.32285359501838684,0.007402782794088125,0.016105977818369865,22.172531127929688,0.006063829641789198,0.23124045133590698,0.012202799320220947,0.31617966294288635,19.332120895385742,0.011662397533655167,0.3575972318649292,0.004973495379090309,0.015020851977169514,24.64990997314453,0.00342774810269475,0.12075521051883698,0.010986147448420525,0.0,18.97006607055664,0.012676323764026165,0.3177489936351776
37190,324,17,3092,-1,1,24.080408096313477,0.15556322038173676,20.347373962402344,0.1911974400281906,25.52769660949707,21.85260009765625,0.20189954340457916,19.312002182006836,23.2314510345459,0.09814133495092392,18.009857177734375,18.098159790039062,19.872934341430664,0.20983868837356567,100.0,0.4125552177429199,0.4634469151496887,3092,3124,0.4427032470703125,0,0,0.003908043261617422,0.0028004662599414587,23.895061492919922,0.004078439902514219,0.17842787504196167,0.009231293573975563,0.2314721792936325,19.867856979370117,0.010308943688869476,0.27011674642562866,0.006527396384626627,0.015813002362847328,22.925283432006836,0.005098842550069094,0.22227627038955688,0.01171655673533678,0.25082695484161377,19.512685775756836,0.011187458410859108,0.2827114164829254,0.0047517637722194195,0.015494738705456257,25.087785720825195,0.0030989989172667265,0.10038413852453232,0.010296906344592571,0.0,19.251453399658203,0.011881045997142792,0.24618491530418396
37513,324,17,3447,-1,0,24.745410919189453,0.1538204848766327,21.437131881713867,0.16952361166477203,27.1821231842041,22.015098571777344,0.20974744856357574,20.03778648376465,23.272607803344727,0.12388035655021667,17.909147262573242,17.89708709716797,20.7167911529541,0.18979990482330322,100.0,0.3732735812664032,0.45415377616882324,3447,3479,0.450247585773468,0,0,0.003353194799274206,0.0019133208552375436,24.467586517333984,0.00357471383176744,0.17876368761062622,0.007182686123996973,0.21430301666259766,21.041751861572266,0.00786728598177433,0.2532770037651062,0.006287674885243177,0.01618397980928421,23.219219207763672,0.0047651673667132854,0.2380349487066269,0.00991336815059185,0.24514761567115784,20.490921020507812,0.00893116369843483,0.2846718728542328,0.004706946201622486,0.01622898504137993,25.324918746948242,0.002934324787929654,0.1310156285762787,0.00847853533923626,0.0,20.095312118530273,0.009782925248146057,0.2319892793893814
37631,324,17,3565,-1,2,24.50213623046875,0.15374667942523956,19.66067123413086,0.19138610363006592,28.10365867614746,21.630573272705078,0.19753587245941162,18.365442276000977,23.019256591796875,0.11184392869472504,18.0247802734375,17.977888107299805,18.583858489990234,0.2813602387905121,100.0,0.45458680391311646,0.4210111200809479,3565,3597,0.46735337376594543,0,0,0.0035463899839669466,0.0015475127147510648,24.1409854888916,0.0038539099041372538,0.18199126422405243,0.010812672786414623,0.28394782543182373,19.099231719970703,0.012304864823818207,0.33057117462158203,0.006869781296700239,0.01575876586139202,22.594602584838867,0.00550224632024765,0.2206098735332489,0.014569871127605438,0.31290483474731445,18.441387176513672,0.014317307621240616,0.35247066617012024,0.0049896989949047565,0.01592983677983284,24.806182861328125,0.0033066007308661938,0.11391133815050125,0.01385524682700634,0.0,17.962379455566406,0.015986822545528412,0.33278515934944153
37740,324,17,3674,-1,3,23.932811737060547,0.1142783835530281,21.674442291259766,0.13970720767974854,25.179244995117188,21.37203598022461,0.17656385898590088,19.918203353881836,22.638179779052734,0.10845842212438583,17.803607940673828,17.803499221801758,20.317113876342773,0.09705165028572083,100.0,0.26600149273872375,0.5252121090888977,3674,3706,0.41307777166366577,0,0,0.004043140448629856,0.0030344189144670963,23.769235610961914,0.0041983285918831825,0.130269855260849,0.006800734903663397,0.10709764063358307,21.177751541137695,0.007624735124409199,0.12536664307117462,0.007291154935956001,0.01658209040760994,22.319705963134766,0.0058617801405489445,0.18889254331588745,0.010190128348767757,0.14803704619407654,20.33220672607422,0.00926358811557293,0.1551692932844162,0.005447309464216232,0.01658250391483307,24.27802085876465,0.003734202589839697,0.1060163676738739,0.009295838885009289,0.0,19.695636749267578,0.010725967586040497,0.11471526324748993
38187,324,17,4121,-1,2,23.73468589782715,0.2028794139623642,20.58281898498535,0.2249927520751953,25.047161102294922,21.488540649414062,0.26293474435806274,19.236928939819336,22.931711196899414,0.11677618324756622,17.89524269104004,17.867223739624023,19.632755279541016,0.2251593917608261,100.0,0.38760867714881897,0.5804636478424072,4121,4153,0.4408283829689026,0,0,0.004231860861182213,0.003128123003989458,23.563831329345703,0.0044016665779054165,0.22953933477401733,0.008744163438677788,0.22089064121246338,20.1021785736084,0.009767468087375164,0.2532753646373749,0.007098161615431309,0.01623588427901268,22.447078704833984,0.005692358128726482,0.29351571202278137,0.011920848861336708,0.2552461624145508,19.515342712402344,0.011180615983903408,0.275744765996933,0.005091303959488869,0.016340961679816246,24.735849380493164,0.003360586939379573,0.11705201119184494,0.010882397182285786,0.0,19.011276245117188,0.012556610628962517,0.26210731267929077
38238,324,17,4172,-1,1,23.919086456298828,0.16365303099155426,20.814979553222656,0.2331535816192627,26.93588638305664,21.463703155517578,0.21246589720249176,19.38715362548828,23.037784576416016,0.11868159472942352,17.85913848876953,17.80899429321289,19.885061264038086,0.26766347885131836,100.0,0.44789600372314453,0.520552933216095,4172,4204,0.47013047337532043,0,0,0.004055938217788935,0.0020249364897608757,23.59677505493164,0.004368400201201439,0.19230319559574127,0.008288998156785965,0.27389541268348694,20.275537490844727,0.009385259822010994,0.324101060628891,0.007138875313103199,0.01637141965329647,22.42719268798828,0.00571848452091217,0.23926787078380585,0.011515547521412373,0.30906662344932556,19.670207977294922,0.010788952000439167,0.34949105978012085,0.0049684601835906506,0.016561537981033325,24.96902847290039,0.003184909699484706,0.12205187231302261,0.010268190875649452,0.0,19.263582229614258,0.011847912333905697,0.3221786618232727
38422,324,17,4356,-1,1,23.348976135253906,0.1819814294576645,17.855735778808594,0.21476292610168457,24.67739486694336,21.08028793334961,0.22201639413833618,17.078449249267578,22.805484771728516,0.11138707399368286,18.02522087097168,18.08700942993164,17.13167381286621,0.32997366786003113,100.0,0.49621638655662537,0.43280094861984253,4356,4388,0.46377798914909363,0,0,0.0046249027363955975,0.0034061234910041094,23.176376342773438,0.004812406841665506,0.19960765540599823,0.016384249553084373,0.3399580419063568,17.36081314086914,0.01836194470524788,0.3817882537841797,0.007797782775014639,0.015757163986563683,21.822189331054688,0.00657326215878129,0.23915261030197144,0.019595438614487648,0.363399863243103,16.940998077392578,0.02022554725408554,0.399183064699173,0.005241450387984514,0.015534569509327412,24.367691040039062,0.003657893743366003,0.11217238754034042,0.019356757402420044,0.0,16.510196685791016,0.022334720939397812,0.3744141459465027
38601,324,17,4535,-1,0,24.808475494384766,0.15432846546173096,22.23272132873535,0.19810719788074493,26.451847076416016,22.028074264526367,0.19575440883636475,20.45621109008789,23.25749969482422,0.10400316119194031,17.675918579101562,17.682878494262695,21.355913162231445,0.16054049134254456,100.0,0.34759455919265747,0.5699375867843628,4535,4567,0.46677881479263306,0,0,0.003304855665192008,0.0022636812645941973,24.602924346923828,0.0034650363959372044,0.17842188477516174,0.00598036777228117,0.17635424435138702,21.758464813232422,0.006670425180345774,0.20729556679725647,0.006268919911235571,0.017076866701245308,23.36661148071289,0.004606158472597599,0.21723219752311707,0.009002828039228916,0.20839820802211761,21.116199493408203,0.007733571343123913,0.23302263021469116,0.004723349120467901,0.017049524933099747,25.486719131469727,0.002827014774084091,0.11090876162052155,0.007318275514990091,0.0,20.734434127807617,0.0084441639482975,0.18826672434806824
38907,324,17,4841,-1,2,25.025226593017578,0.15538959205150604,22.25375747680664,0.1952630579471588,27.33344268798828,22.167713165283203,0.19084715843200684,20.430770874023438,23.257123947143555,0.10969839990139008,18.02960205078125,18.092615127563477,20.992109298706055,0.15730701386928558,100.0,0.3782895505428314,0.5161735415458679,4841,4873,0.43801751732826233,0,0,0.0031439617741853,0.0018478030106052756,24.758155822753906,0.003343370743095875,0.18746322393417358,0.0059514716267585754,0.15743817389011383,21.71855926513672,0.0067319986410439014,0.1880711317062378,0.0060705579817295074,0.015741270035505295,23.38873291015625,0.004582756664603949,0.21657180786132812,0.009055720642209053,0.19221274554729462,20.95529556274414,0.008025468327105045,0.2176867127418518,0.004723757039755583,0.015514525584876537,25.137624740600586,0.003063639160245657,0.1200229823589325,0.00795772671699524,0.0,20.37063217163086,0.009181992150843143,0.18833720684051514
38957,324,17,4891,-1,0,25.933753967285156,0.17246761918067932,22.28055763244629,0.25179925560951233,25.926525115966797,22.616174697875977,0.2248104214668274,20.51471710205078,23.874452590942383,0.10329273343086243,17.918514251708984,17.992074966430664,21.012937545776367,0.3355167508125305,100.0,0.46405988931655884,0.5426007509231567,4891,4923,0.44897589087486267,0,0,0.0025504962541162968,0.002554744714871049,25.934865951538086,0.0025498426984995604,0.19929100573062897,0.0059148590080440044,0.32357197999954224,21.889820098876953,0.006471697706729174,0.3788432776927948,0.005474982317537069,0.016149114817380905,24.16482925415039,0.00383280823007226,0.2517572343349457,0.008882357738912106,0.3512445092201233,21.083629608154297,0.007791789714246988,0.39920786023139954,0.00409783935174346,0.015877878293395042,26.410139083862305,0.0022855261340737343,0.10540898144245148,0.007919654250144958,0.0,20.391460418701172,0.009138062596321106,0.39757850766181946
39077,324,17,5011,-1,0,24.445362091064453,0.14201806485652924,22.089664459228516,0.19971956312656403,26.880596160888672,21.682653427124023,0.20103946328163147,20.291305541992188,22.88852882385254,0.11497899889945984,17.81315040588379,17.902034759521484,20.96630859375,0.11642026901245117,100.0,0.32187625765800476,0.6204855442047119,5011,5043,0.4425601661205292,0,0,0.003593053901568055,0.00205088104121387,24.167659759521484,0.003830311121419072,0.17197367548942566,0.00618063984438777,0.12707436084747314,21.61425018310547,0.006895644590258598,0.15049144625663757,0.0067878905683755875,0.016545699909329414,22.768163681030273,0.005286688916385174,0.22785070538520813,0.009351249784231186,0.16764864325523376,20.810745239257812,0.008297082968056202,0.1858867108821869,0.005142179783433676,0.016210507601499557,24.635223388671875,0.0034393598325550556,0.12073508650064468,0.008005146868526936,0.0,20.344829559326172,0.009236707352101803,0.1430264562368393
