index,episode,map,start,action,tics_since_decision,psnr_dec,lpips_dec,copy_psnr_dec,latent_mse,hud_psnr_dec,copy_latent_mse,latent_mse_ratio,start_tic,scored_tic,context_motion,dup_latent,mse_dec,hud_mse_dec,scene_psnr_dec,scene_mse_dec,scene_lpips_dec,copy_mse_dec,copy_lpips_dec,scene_copy_psnr_dec,scene_copy_mse_dec,scene_copy_lpips_dec
896,6000,2,896,-1,0,24.845020294189453,0.10042792558670044,22.34954071044922,0.1472810059785843,25.829879760742188,0.2561710774898529,0.5749322175979614,896,928,0.38630834221839905,0,0.003277162089943886,0.0026122345589101315,24.711528778076172,0.00337945856153965,0.11506053805351257,0.005821647588163614,0.12743042409420013,21.99083709716797,0.006322897505015135,0.14622333645820618
4194,6000,2,4290,-1,1,25.909889221191406,0.09911156445741653,21.926197052001953,0.13246802985668182,27.71957778930664,0.2688525319099426,0.49271631240844727,4290,4322,0.4166839122772217,0,0.0025645510759204626,0.0016906048404052854,25.687963485717773,0.0026990047190338373,0.11247348040342331,0.006417710799723864,0.12939205765724182,21.537189483642578,0.0070190937258303165,0.147711843252182
4754,6000,2,4850,-1,1,27.19732093811035,0.14165325462818146,25.441511154174805,0.14581237733364105,27.33395767211914,0.2811148762702942,0.518693208694458,4850,4882,0.40615496039390564,0,0.0019066372187808156,0.0018475842662155628,27.176673889160156,0.0019157223869115114,0.1628963053226471,0.0028565963730216026,0.17338010668754578,25.272111892700195,0.0029702219180762768,0.2021443247795105
5063,6001,3,61,-1,1,27.802427291870117,0.23324909806251526,27.366252899169922,0.18076349794864655,25.681543350219727,0.26220759749412537,0.6893907785415649,61,93,0.33373382687568665,0,0.0016586596611887217,0.0027029989287257195,28.244905471801758,0.001497992197982967,0.2838345766067505,0.0018338962690904737,0.1705264300107956,27.239439010620117,0.0018882345175370574,0.20559591054916382
7567,6001,3,2725,-1,0,25.230815887451172,0.10844772309064865,23.319137573242188,0.11151369661092758,27.193735122680664,0.1959967166185379,0.5689569711685181,2725,2757,0.31178581714630127,0,0.0029986000154167414,0.0019082125509157777,24.994409561157227,0.003166352165862918,0.1255766600370407,0.00465678796172142,0.11139344424009323,22.83510971069336,0.005205820314586163,0.12772433459758759
9581,6001,3,4803,-1,2,30.920372009277344,0.054551154375076294,32.863929748535156,0.034515973180532455,29.477214813232422,0.04224003106355667,0.8171389102935791,4803,4835,0.10877417027950287,0,0.0008090267074294388,0.0011279211612418294,31.19205665588379,0.0007599660311825573,0.06457262486219406,0.000517138687428087,0.03199692443013191,33.03640365600586,0.0004970036097802222,0.037862714380025864
9666,6001,3,4888,-1,3,31.188976287841797,0.04535919800400734,36.97985076904297,0.02322208322584629,28.97294807434082,0.014505458064377308,1.60092031955719,4888,4920,0.10098046064376831,0,0.0007605054997839034,0.0012667924165725708,31.658241271972656,0.0006826152093708515,0.052287355065345764,0.00020045408746227622,0.01515608187764883,36.65479278564453,0.00021603326604235917,0.018414106220006943
10346,6002,4,626,-1,2,27.203964233398438,0.17986837029457092,22.758289337158203,0.15537208318710327,23.4959774017334,0.2992080748081207,0.5192776918411255,626,658,0.367535799741745,0,0.0019037220627069473,0.004470974672585726,28.21379852294922,0.001508760149590671,0.21009758114814758,0.00529872253537178,0.26140081882476807,22.66433334350586,0.005414607003331184,0.3158011734485626
11741,6002,4,2021,-1,1,27.36172103881836,0.11751241236925125,22.31077003479004,0.13279566168785095,24.755962371826172,0.33252307772636414,0.39935773611068726,2021,2053,0.3939698338508606,0,0.0018358103698119521,0.0033450594637542963,27.948991775512695,0.001603618380613625,0.1343807578086853,0.005873855669051409,0.2788814902305603,22.09500503540039,0.00617304677143693,0.3270384669303894
12008,6002,4,2288,-1,0,25.93582534790039,0.10798214375972748,22.64220428466797,0.15851958096027374,24.363725662231445,0.3359488546848297,0.4718562960624695,2288,2320,0.3787443935871124,0,0.0025492801796644926,0.0036612343974411488,26.237497329711914,0.0023782101925462484,0.12490501254796982,0.0054422649554908276,0.25215256214141846,22.327001571655273,0.005851942580193281,0.29631900787353516
12722,6002,4,3002,-1,2,24.62782859802246,0.1432664394378662,24.70758819580078,0.17041924595832825,24.802108764648438,0.1602027863264084,1.0637720823287964,3002,3034,0.44433701038360596,0,0.003445223206654191,0.003309705061838031,24.60162353515625,0.003466072492301464,0.16351395845413208,0.0033825249411165714,0.0934896320104599,24.7264404296875,0.0033678754698485136,0.10585441440343857
17163,6003,5,2370,-1,2,25.936059951782227,0.1832394301891327,20.569252014160156,0.19086472690105438,25.508438110351562,0.34470245242118835,0.5537086129188538,2370,2402,0.45692503452301025,0,0.0025491423439234495,0.002812913153320551,26.005752563476562,0.0025085622910410166,0.21422047913074493,0.008771516382694244,0.2920728027820587,20.097455978393555,0.009778100997209549,0.3341979682445526
18967,6003,5,4238,-1,0,25.376934051513672,0.15656165778636932,21.957284927368164,0.23119039833545685,25.05582618713379,0.3912453353404999,0.5909090042114258,4238,4270,0.39988669753074646,0,0.002899389946833253,0.003121888730674982,25.428512573242188,0.002865159185603261,0.1805562674999237,0.0063719367608428,0.26636990904808044,21.486379623413086,0.0071016959846019745,0.30863407254219055
21234,6004,2,1471,-1,3,29.41653823852539,0.08813290297985077,25.58681869506836,0.12780803442001343,27.822664260864258,0.2794574201107025,0.4573434889316559,1471,1503,0.37656480073928833,0,0.0011437900830060244,0.0016509491251781583,29.723384857177734,0.001065765623934567,0.10642692446708679,0.0027625998482108116,0.159195214509964,25.351131439208984,0.0029166669119149446,0.19131039083003998
22851,6004,2,3088,-1,0,27.796497344970703,0.2123607099056244,24.36806869506836,0.153356671333313,24.162090301513672,0.31839480996131897,0.48165568709373474,3088,3120,0.3990142345428467,0,0.001660926383920014,0.0038352266419678926,28.773195266723633,0.0013264187145978212,0.25139668583869934,0.003657573601230979,0.27342110872268677,24.29715919494629,0.0037177845370024443,0.32811760902404785
23068,6004,2,3305,-1,1,25.943334579467773,0.1484667807817459,22.811294555664062,0.16372695565223694,25.800716400146484,0.2813241481781006,0.5819868445396423,3305,3337,0.38902878761291504,0,0.0025448764208704233,0.0026298346929252148,25.965694427490234,0.002531806007027626,0.1703823208808899,0.005234445910900831,0.1309463381767273,22.485597610473633,0.00564209558069706,0.14822354912757874
25613,6005,3,990,-1,2,25.08977508544922,0.1013118326663971,23.659564971923828,0.11628904193639755,27.165447235107422,0.1659371703863144,0.7008016705513,990,1022,0.37364912033081055,0,0.003097579814493656,0.0019206817960366607,24.843063354492188,0.003278641263023019,0.11805347353219986,0.004305695649236441,0.09021161496639252,23.236083984375,0.004746697843074799,0.10326199233531952
25894,6005,3,1303,-1,1,25.20775604248047,0.14489035308361053,25.346738815307617,0.2088862508535385,24.639644622802734,0.2172059565782547,0.9616966843605042,1303,1335,0.35552796721458435,0,0.0030145645141601562,0.0034358617849648,25.30215072631836,0.0029497495852410793,0.16382712125778198,0.0029196187388151884,0.0977315679192543,25.29314422607422,0.0029558720998466015,0.11066935211420059
28068,6005,3,3605,-1,2,21.74372673034668,0.15299834311008453,19.06732749938965,0.21016526222229004,27.22760009765625,0.3312492072582245,0.6344627141952515,3605,3637,0.25122153759002686,0,0.006693101488053799,0.0018933903193101287,21.28922462463379,0.007431518752127886,0.17657460272312164,0.012395592406392097,0.1991783231496811,18.555387496948242,0.013946373015642166,0.2324468195438385
28245,6005,3,3782,-1,3,26.613683700561523,0.08351603895425797,23.875274658203125,0.07910041511058807,28.189651489257812,0.19099923968315125,0.4141399562358856,3782,3814,0.2570691406726837,0,0.0021808792371302843,0.0015171723207458854,26.41496467590332,0.002282988280057907,0.0958934873342514,0.00409706262871623,0.09769340604543686,23.358745574951172,0.0046145073138177395,0.11514674872159958
30237,6006,4,935,-1,3,28.320924758911133,0.07247179746627808,24.661911010742188,0.10562890022993088,25.693431854248047,0.24210630357265472,0.4362913966178894,935,967,0.3348850905895233,0,0.0014719992177560925,0.0026956098154187202,28.915191650390625,0.001283751567825675,0.0881015881896019,0.0034182914532721043,0.15932372212409973,24.60735511779785,0.0034615022595971823,0.1885479986667633
30604,6006,4,1302,-1,2,26.861438751220703,0.09194056689739227,25.4841251373291,0.15222595632076263,24.916894912719727,0.21204864978790283,0.7178822159767151,1302,1334,0.35723674297332764,0,0.0020599476993083954,0.003223372157663107,27.256206512451172,0.001880959258414805,0.10908524692058563,0.0028287039604038,0.08420996367931366,25.409725189208984,0.0028775809332728386,0.09811338037252426
31088,6006,4,1786,-1,2,26.37664794921875,0.09973153471946716,18.56222915649414,0.1278802752494812,25.594497680664062,0.3946760892868042,0.32401323318481445,1786,1818,0.4391445815563202,0,0.002303218934684992,0.002757721347734332,26.510540008544922,0.002233295701444149,0.1173303946852684,0.01392442174255848,0.29397454857826233,18.05076789855957,0.015664737671613693,0.35011428594589233
34752,6007,5,306,-1,2,23.76355743408203,0.15480557084083557,22.331104278564453,0.19237741827964783,24.971607208251953,0.31167086958885193,0.6172454357147217,306,338,0.3691905438899994,0,0.004203823395073414,0.0031830212101340294,23.60426902770996,0.004360869526863098,0.17686861753463745,0.005846413318067789,0.21958045661449432,21.967859268188477,0.006356445141136646,0.25443676114082336
34758,6007,5,312,-1,0,26.16604232788086,0.09203840792179108,22.63082504272461,0.1433548778295517,27.95719337463379,0.28007981181144714,0.5118358135223389,312,344,0.35814952850341797,0,0.0024176635779440403,0.0016005922807380557,25.945911407470703,0.0025433667469769716,0.10767671465873718,0.005456542130559683,0.12526890635490417,22.174049377441406,0.006061708088964224,0.14373087882995605
35227,6007,5,781,-1,1,24.124534606933594,0.1468695104122162,20.50907325744629,0.19220905005931854,24.79351806640625,0.3480769395828247,0.5522027611732483,781,813,0.40581443905830383,0,0.00386853632517159,0.0033162585459649563,24.030179977416992,0.003953502047806978,0.16611447930335999,0.008893908932805061,0.21051111817359924,20.014493942260742,0.009966683574020863,0.25573188066482544
48895,6010,4,295,-1,3,27.490982055664062,0.12013620883226395,20.995513916015625,0.16616956889629364,24.887849807739258,0.4022301733493805,0.4131205976009369,295,327,0.4685428738594055,0,0.0017819760832935572,0.0032450025901198387,28.077407836914062,0.0015568950911983848,0.14017051458358765,0.007951491512358189,0.23775723576545715,20.627544403076172,0.008654570206999779,0.28020137548446655
52833,6010,4,4233,-1,1,19.165729522705078,0.23204776644706726,13.86266803741455,0.19612441956996918,22.89356231689453,0.4785524308681488,0.4098284840583801,4233,4265,0.4635983407497406,0,0.012117892503738403,0.005136220715939999,18.79689598083496,0.01319199614226818,0.2609337568283081,0.041089724749326706,0.36087241768836975,13.293986320495605,0.04683832824230194,0.41415467858314514
54922,6011,5,1171,-1,1,26.974048614501953,0.08952277153730392,23.722450256347656,0.178294375538826,28.128189086914062,0.33142295479774475,0.5379663109779358,1171,1203,0.36347246170043945,0,0.0020072204060852528,0.0015387960011139512,26.820858001708984,0.002079285681247711,0.09701221436262131,0.004243799950927496,0.13966910541057587,23.306352615356445,0.0046705142594873905,0.15628677606582642
55443,6011,5,1724,-1,3,25.569198608398438,0.16705581545829773,23.544891357421875,0.2691165506839752,23.490371704101562,0.40321967005729675,0.6674191951751709,1724,1756,0.41514748334884644,0,0.002773833693936467,0.004476751200854778,26.000070571899414,0.002511846600100398,0.18116284906864166,0.004420902114361525,0.23294329643249512,23.352079391479492,0.004621598403900862,0.26179587841033936
56748,6011,5,3061,-1,3,26.706335067749023,0.12969693541526794,22.015621185302734,0.1403430551290512,26.244976043701172,0.3017018735408783,0.46517130732536316,3061,3093,0.38590186834335327,0,0.002134846057742834,0.002374118659645319,26.78187370300293,0.00209803506731987,0.1532111018896103,0.0062869214452803135,0.22105327248573303,21.538179397583008,0.007017496973276138,0.2647792100906372
60167,6012,2,1595,-1,0,25.191518783569336,0.13187994062900543,22.97152328491211,0.19868014752864838,27.14724349975586,0.3463629484176636,0.5736183524131775,1595,1627,0.3833920359611511,0,0.0030258556362241507,0.0019287487957626581,24.955780029296875,0.0031946413218975067,0.15232183039188385,0.005044842604547739,0.31435444951057434,22.524070739746094,0.005592332221567631,0.36854472756385803
60450,6012,2,1910,-1,3,27.015155792236328,0.14989876747131348,22.813434600830078,0.1686871200799942,25.211523056030273,0.35690590739250183,0.47263750433921814,1910,1942,0.3671843409538269,0,0.0019883117638528347,0.003011951455846429,27.373523712158203,0.0018308288417756557,0.18154025077819824,0.005231864750385284,0.23189480602741241,22.537324905395508,0.005575292278081179,0.2729427218437195
61832,6012,2,3324,-1,3,27.81500816345215,0.10060764849185944,24.176347732543945,0.1382552683353424,26.04566192626953,0.30592337250709534,0.4519277811050415,3324,3356,0.3872995972633362,0,0.0016538617201149464,0.0024856156669557095,28.16474151611328,0.001525899744592607,0.11625814437866211,0.003822656348347664,0.1454363316297531,23.95850372314453,0.004019293002784252,0.16794176399707794
63615,6013,3,80,-1,0,27.947383880615234,0.14837956428527832,26.481304168701172,0.13086676597595215,26.250255584716797,0.22089062631130219,0.5924504995346069,80,112,0.3555695116519928,0,0.0016042122151702642,0.002371234353631735,28.27920150756836,0.0014862088719382882,0.1741982400417328,0.002248378936201334,0.14722123742103577,26.23958396911621,0.002377068158239126,0.18250416219234467
64416,6013,3,945,-1,0,27.091957092285156,0.09011077880859375,25.13176155090332,0.10013794898986816,26.549617767333984,0.1811644285917282,0.5527461767196655,945,977,0.287227600812912,0,0.001953459344804287,0.002213289262726903,27.18174934387207,0.001913485350087285,0.10299909859895706,0.003067777259275317,0.09641142189502716,24.85501480102539,0.003269628854468465,0.11028531193733215
65302,6013,3,1831,-1,2,27.23201560974121,0.09105069190263748,23.74700355529785,0.12833715975284576,26.411819458007812,0.23213469982147217,0.5528564453125,1831,1863,0.3597544729709625,0,0.0018914665561169386,0.0022846413776278496,27.3731689453125,0.0018309782026335597,0.10358031094074249,0.0042198761366307735,0.12226204574108124,23.320205688476562,0.004655640106648207,0.13843470811843872
66694,6013,3,3287,-1,0,26.77065086364746,0.15838803350925446,21.703100204467773,0.11436136066913605,26.9071102142334,0.2667611241340637,0.428703248500824,3287,3319,0.3451675772666931,0,0.0021034632809460163,0.0020383980590850115,26.750032424926758,0.002113473368808627,0.1767478883266449,0.006756005343049765,0.17328447103500366,21.312450408935547,0.007391882129013538,0.1880909502506256
68927,6014,4,674,-1,2,22.630701065063477,0.22686919569969177,18.109697341918945,0.21685266494750977,23.615663528442383,0.4348139762878418,0.49872514605522156,674,706,0.34772518277168274,0,0.0054566990584135056,0.004349443595856428,22.497196197509766,0.0056270454078912735,0.2637954652309418,0.015453621745109558,0.34411630034446716,17.629606246948242,0.017259949818253517,0.3923969566822052
70155,6014,4,1934,-1,1,30.225177764892578,0.06700457632541656,24.90948486328125,0.1136479377746582,26.339271545410156,0.3368884027004242,0.3373459577560425,1934,1966,0.4016087055206299,0,0.0009494725381955504,0.0023231268860399723,31.318607330322266,0.0007381411269307137,0.08384265750646591,0.00322887790389359,0.23976895213127136,24.75102996826172,0.003348861588165164,0.2951786518096924
76030,6015,5,2800,-1,0,26.064945220947266,0.1369268000125885,20.87668228149414,0.23281224071979523,25.227872848510742,0.4835568368434906,0.4814578592777252,2800,2832,0.4746896028518677,0,0.0024746034760028124,0.0030006321612745523,26.209346771240234,0.002393675735220313,0.1512969583272934,0.008172066882252693,0.3572894036769867,20.47262191772461,0.008968872018158436,0.4009259045124054
82308,6016,2,4392,-1,2,26.512239456176758,0.08351857215166092,19.135616302490234,0.11700477451086044,27.29981231689453,0.38829347491264343,0.3013307750225067,4392,4424,0.3873622715473175,0,0.002232420491054654,0.001862168195657432,26.402816772460938,0.002289382740855217,0.09459620714187622,0.012202205136418343,0.29222118854522705,18.63001823425293,0.01370876282453537,0.3358961343765259
82785,6016,2,4869,-1,3,29.013643264770508,0.09456867724657059,25.276878356933594,0.1304463893175125,27.163026809692383,0.31554803252220154,0.41339629888534546,4869,4901,0.4046594202518463,0,0.0012549774255603552,0.001921753166243434,29.383981704711914,0.0011523965513333678,0.10763531923294067,0.0029669643845409155,0.16944406926631927,25.121400833129883,0.003075104672461748,0.1989477276802063
84237,6017,3,1358,-1,3,25.143529891967773,0.09387756139039993,18.735231399536133,0.12983174622058868,26.062498092651367,0.2549916207790375,0.5091608166694641,1358,1390,0.28714990615844727,0,0.0030594756826758385,0.0024759976658970118,25.017940521240234,0.0031492416746914387,0.10745258629322052,0.013380644842982292,0.14169363677501678,18.274194717407227,0.01487923413515091,0.15976138412952423
86480,6017,3,3729,-1,3,25.5355167388916,0.11942300945520401,22.12064552307129,0.13672661781311035,24.42289161682129,0.27359700202941895,0.4997372627258301,3729,3761,0.31062906980514526,0,0.0027954282704740763,0.0036116938572376966,25.735132217407227,0.0026698492001742125,0.1334274411201477,0.006136707961559296,0.24821490049362183,21.767192840576172,0.006657034624367952,0.2861894369125366
88245,6018,4,623,-1,3,22.697837829589844,0.15475091338157654,19.623363494873047,0.1962355524301529,23.48016929626465,0.4352310597896576,0.45087671279907227,623,655,0.4404408931732178,0,0.005372995976358652,0.00448727747425437,22.589069366455078,0.005509260576218367,0.1767331063747406,0.010905951261520386,0.3208375871181488,19.125444412231445,0.012230820022523403,0.37880656123161316
88448,6018,4,858,-1,2,27.746524810791016,0.10741818696260452,25.90877342224121,0.1430394947528839,26.00292205810547,0.32027655839920044,0.4466124475002289,858,890,0.3541536033153534,0,0.0016801487654447556,0.002510197926312685,28.089828491210938,0.0015524490736424923,0.13039630651474,0.002565208123996854,0.2256586253643036,25.865158081054688,0.0025911005213856697,0.27106916904449463
91673,6018,4,4147,-1,1,27.194690704345703,0.14006564021110535,26.189544677734375,0.14531973004341125,24.81865882873535,0.2503553330898285,0.5804538726806641,4147,4179,0.3900766670703888,0,0.0019077920587733388,0.0032971149776130915,27.710739135742188,0.0016940499190241098,0.17441731691360474,0.002404614584520459,0.12348103523254395,26.30324363708496,0.0023424800019711256,0.1551738679409027
93580,6019,5,1052,-1,1,22.19203758239746,0.16692766547203064,20.02704429626465,0.23958201706409454,24.70602798461914,0.30397462844848633,0.788164496421814,1052,1084,0.44085243344306946,0,0.006036653649061918,0.0033837412483990192,21.90791130065918,0.006444794125854969,0.18450117111206055,0.009937920607626438,0.1944948434829712,19.554372787475586,0.011080585420131683,0.21736231446266174
94392,6019,5,1896,-1,1,26.627920150756836,0.10620047897100449,23.109664916992188,0.15922999382019043,26.490943908691406,0.37465715408325195,0.4250018894672394,1896,1928,0.44823500514030457,0,0.0021737420465797186,0.0022433956619352102,26.649383544921875,0.002163026249036193,0.11825977265834808,0.004886900540441275,0.20737123489379883,22.80413818359375,0.005243076477199793,0.23472464084625244
99170,6020,2,1899,-1,3,27.453136444091797,0.10406806319952011,24.440170288085938,0.13824090361595154,24.143367767333984,0.3086272180080414,0.4479219317436218,1899,1931,0.3880937099456787,0,0.0017975728260353208,0.003851796966046095,28.292869567871094,0.0014815384056419134,0.11900884658098221,0.0035973545163869858,0.17311513423919678,24.384265899658203,0.003643958829343319,0.20573419332504272
99341,6020,2,2070,-1,2,27.610342025756836,0.09969283640384674,23.26492691040039,0.13169005513191223,25.684831619262695,0.3211851716041565,0.4100128710269928,2070,2102,0.3973512351512909,0,0.0017336673336103559,0.0027009532786905766,28.000106811523438,0.0015848542097955942,0.1115260124206543,0.004715277347713709,0.16363981366157532,22.96525001525879,0.005052138585597277,0.18763285875320435
100565,6020,2,3358,-1,2,25.623476028442383,0.15041843056678772,23.247339248657227,0.15793190896511078,27.138288497924805,0.348181813955307,0.4535903334617615,3358,3390,0.40092217922210693,0,0.002739380346611142,0.001932729734107852,25.431058883666992,0.0028634804766625166,0.1740553081035614,0.004734411370009184,0.3260342478752136,22.957763671875,0.005060852039605379,0.3779468834400177
104413,6021,3,2236,-1,2,26.47833824157715,0.10280071943998337,19.750438690185547,0.11467895656824112,27.254745483398438,0.29968926310539246,0.38265955448150635,2236,2268,0.3594333827495575,0,0.0022499151527881622,0.0018815920921042562,26.370315551757812,0.002306580077856779,0.11628324538469315,0.010591466911137104,0.285123348236084,19.226171493530273,0.011950409971177578,0.324069082736969
104829,6021,3,2684,-1,2,30.462146759033203,0.06399424374103546,35.99406814575195,0.02616802416741848,29.329322814941406,0.011223586276173592,2.3315207958221436,2684,2716,0.09443061798810959,0,0.0008990531787276268,0.0011669914238154888,30.665979385375977,0.0008578319102525711,0.07554212212562561,0.00025153218302875757,0.01570049673318863,35.7297477722168,0.00026731626712717116,0.018476072698831558
109339,6022,4,2515,-1,3,28.08917808532715,0.08025561273097992,22.7835636138916,0.11813966184854507,25.17867088317871,0.36343517899513245,0.32506391406059265,2515,2547,0.4236583113670349,0,0.0015526814386248589,0.0030348198488354683,28.778955459594727,0.0013246600283309817,0.10077503323554993,0.005267975386232138,0.2542269229888916,22.514469146728516,0.0056047081016004086,0.3080745339393616
111600,6022,4,4776,-1,0,27.77972984313965,0.06821630150079727,21.397111892700195,0.11147617548704147,25.587827682495117,0.36531758308410645,0.3051486611366272,4776,4808,0.3933367133140564,0,0.0016673520440235734,0.002761959098279476,28.24212646484375,0.0014989509945735335,0.07999760657548904,0.0072491783648729324,0.2161358892917633,20.95075225830078,0.0080338716506958,0.25655636191368103
112383,6023,5,461,-1,1,22.696365356445312,0.12205062061548233,18.269115447998047,0.19897285103797913,27.03403663635254,0.3851008415222168,0.5166772603988647,461,493,0.4282954931259155,0,0.0053748139180243015,0.0019796867854893208,22.29358673095703,0.005897140596061945,0.1363716721534729,0.014896647073328495,0.2603321671485901,17.702024459838867,0.016974525526165962,0.295344740152359
112553,6023,5,631,-1,3,24.925140380859375,0.1780053824186325,20.963302612304688,0.1901945173740387,26.22024154663086,0.387402206659317,0.49094846844673157,631,663,0.4202806353569031,0,0.0032172584906220436,0.002387678250670433,24.75618553161621,0.003344886237755418,0.19519250094890594,0.008010687306523323,0.30030933022499084,20.473121643066406,0.008967842906713486,0.3405737578868866
113839,6023,5,2013,-1,2,26.005470275878906,0.1241673156619072,22.46767807006836,0.16222572326660156,26.4266357421875,0.28193172812461853,0.5754078030586243,2013,2045,0.38745078444480896,0,0.002508724108338356,0.00227686227299273,25.944154739379883,0.0025443953927606344,0.14215487241744995,0.005665424279868603,0.15683680772781372,22.043668746948242,0.006246448960155249,0.17611396312713623
114967,6023,5,3205,-1,2,27.01569366455078,0.15460379421710968,24.783164978027344,0.17634990811347961,25.144718170166016,0.35403746366500854,0.4981108605861664,3205,3237,0.39991918206214905,0,0.00198806612752378,0.0030586407519876957,27.391271591186523,0.0018233624286949635,0.18878687918186188,0.0033241717610508204,0.25342613458633423,24.497716903686523,0.0035499995574355125,0.3081229031085968
121682,6025,3,182,-1,2,28.219383239746094,0.09292431175708771,26.556968688964844,0.11409216374158859,27.255901336669922,0.16455917060375214,0.6933199763298035,182,214,0.31113287806510925,0,0.0015068220673128963,0.0018810909241437912,28.388591766357422,0.0014492420013993979,0.10723686218261719,0.0022095469757914543,0.08513450622558594,26.2678165435791,0.002361665479838848,0.09830376505851746
135402,6027,5,4069,-1,0,25.076982498168945,0.09371498227119446,22.21268081665039,0.20685730874538422,25.732372283935547,0.32244589924812317,0.6415256261825562,4069,4101,0.3825547695159912,0,0.0031067184172570705,0.002671547932550311,24.984386444091797,0.0031736677046865225,0.1016019731760025,0.006008028518408537,0.11610117554664612,21.801143646240234,0.006605199072510004,0.1293475180864334
136024,6027,5,4723,-1,2,22.651670455932617,0.15616923570632935,18.583675384521484,0.22759507596492767,26.360881805419922,0.45710402727127075,0.49790653586387634,4723,4755,0.3400048613548279,0,0.005430416204035282,0.0023115959484130144,22.283952713012695,0.005910234525799751,0.1742057204246521,0.013855830766260624,0.37578684091567993,18.052066802978516,0.015660056844353676,0.4286676347255707
137689,6028,2,1539,-1,3,28.20349884033203,0.10809269547462463,26.619474411010742,0.14396706223487854,24.922876358032227,0.30292069911956787,0.47526320815086365,1539,1571,0.3924388587474823,0,0.0015123420162126422,0.003218937199562788,29.031635284423828,0.0012497890274971724,0.12754802405834198,0.0021779730450361967,0.133924663066864,26.73931312561035,0.002118695992976427,0.15824037790298462
140598,6028,2,4512,-1,0,28.075481414794922,0.10815410315990448,24.569782257080078,0.12606047093868256,27.15007972717285,0.31929028034210205,0.3948146104812622,4512,4544,0.39489564299583435,0,0.0015575861325487494,0.001927489647641778,28.237125396728516,0.0015006777830421925,0.12200275808572769,0.003491578623652458,0.2060564011335373,24.28473663330078,0.003728433046489954,0.2349415421485901
140899,6028,2,4845,-1,0,21.18008041381836,0.2820686101913452,15.589820861816406,0.2595531940460205,23.335073471069336,0.4844828248023987,0.5357325077056885,4845,4877,0.412518709897995,0,0.0076206461526453495,0.004639731254428625,20.926288604736328,0.008079249411821365,0.3199288547039032,0.027606917545199394,0.3422643542289734,15.042770385742188,0.03131287917494774,0.3943014144897461
143511,6029,3,2590,-1,0,25.756404876708984,0.14448699355125427,21.11238670349121,0.16226224601268768,28.375938415527344,0.3253597021102905,0.49871647357940674,2590,2622,0.37353065609931946,0,0.0026568048633635044,0.0014534707879647613,25.463863372802734,0.002841933397576213,0.16725359857082367,0.007740363012999296,0.277353972196579,20.667449951171875,0.008575412444770336,0.3243022859096527
145605,6029,3,4812,-1,1,22.319576263427734,0.19473257660865784,20.141212463378906,0.16593901813030243,25.17989730834961,0.29077526926994324,0.5706778764724731,4812,4844,0.3298968970775604,0,0.005861955229192972,0.0030339634977281094,22.008644104003906,0.006297031417489052,0.2278686761856079,0.009680071845650673,0.30789855122566223,19.686134338378906,0.010749457404017448,0.35826218128204346
146237,6030,4,619,-1,3,23.33991050720215,0.18327273428440094,19.286197662353516,0.20831027626991272,25.618894577026367,0.47603535652160645,0.43759411573410034,619,651,0.4332636594772339,0,0.004634565208107233,0.002742273034527898,23.075332641601562,0.004925686866044998,0.2097487896680832,0.011786372400820255,0.3885819911956787,18.836807250976562,0.013071312569081783,0.4503021240234375
150470,6030,4,4980,-1,1,28.58642578125,0.08311548084020615,26.680835723876953,0.13804399967193604,24.661529541015625,0.25837862491607666,0.5342702269554138,4980,5012,0.3418496549129486,0,0.0013847056543454528,0.003418591571971774,29.698863983154297,0.0010718002449721098,0.09997610747814178,0.0021474177483469248,0.1485232263803482,27.02948570251465,0.001981762470677495,0.1788897067308426
160339,6032,2,4923,-1,2,27.16423225402832,0.24320101737976074,25.334426879882812,0.2322225570678711,25.079570770263672,0.29331403970718384,0.7917198538780212,4923,4955,0.4003245532512665,0,0.0019212188199162483,0.0031048674136400223,27.59670639038086,0.0017391190631315112,0.2937105894088745,0.0029279065784066916,0.238243967294693,25.071582794189453,0.0031105834059417248,0.2902868092060089
160613,6033,3,60,-1,0,27.008779525756836,0.11782406270503998,23.383371353149414,0.12516383826732635,26.34870719909668,0.21656815707683563,0.5779420137405396,60,92,0.3598001301288605,0,0.001991232857108116,0.0023180856369435787,27.119863510131836,0.001940947724506259,0.13717114925384521,0.0045884172432124615,0.13954930007457733,23.00132942199707,0.005010339897125959,0.1623423993587494
161430,6033,3,877,-1,1,26.522693634033203,0.11835275590419769,23.95867347717285,0.13932013511657715,26.534936904907227,0.22919121384620667,0.6078773140907288,877,909,0.3940505385398865,0,0.0022270542103797197,0.0022207850124686956,26.52081298828125,0.0022280188277363777,0.13525012135505676,0.0040191360749304295,0.12576687335968018,23.667133331298828,0.00429820129647851,0.14197291433811188
162239,6033,3,1718,-1,0,28.138273239135742,0.09557734429836273,25.574960708618164,0.09757395833730698,25.55122184753418,0.21177418529987335,0.46074527502059937,1718,1750,0.37050703167915344,0,0.0015352272894233465,0.002785337623208761,28.719554901123047,0.0013429027749225497,0.11708809435367584,0.002770154271274805,0.17475946247577667,25.371822357177734,0.0029028034768998623,0.20633438229560852
162821,6033,3,2364,-1,1,19.792064666748047,0.249881774187088,17.626617431640625,0.30819064378738403,24.52679443359375,0.4295671582221985,0.7174445986747742,2364,2396,0.45286062359809875,0,0.010490432381629944,0.003526311367750168,19.369731903076172,0.011561837047338486,0.2871146500110626,0.017271824181079865,0.22859518229961395,17.077810287475586,0.019598329439759254,0.26787492632865906
169866,6034,4,4595,-1,3,28.269121170043945,0.08529311418533325,26.950515747070312,0.09982877969741821,25.597644805908203,0.25909510254859924,0.38529783487319946,4595,4627,0.3940943479537964,0,0.001489662448875606,0.0027557227294892073,28.87769317626953,0.0012948840158060193,0.10424697399139404,0.0020181266590952873,0.11652705073356628,27.428638458251953,0.0018077415879815817,0.14129304885864258
173536,6035,5,3210,-1,2,27.72153091430664,0.14490732550621033,24.871959686279297,0.1867118626832962,26.44806671142578,0.3689754009246826,0.5060279369354248,3210,3242,0.4076423943042755,0,0.0016898458125069737,0.002265653572976589,27.955381393432617,0.0016012599226087332,0.17729076743125916,0.0032568969763815403,0.20442251861095428,24.79778480529785,0.003313001012429595,0.24991387128829956
173629,6035,5,3303,-1,3,27.745216369628906,0.15315303206443787,26.399070739746094,0.13833916187286377,26.909284591674805,0.20464745163917542,0.675987720489502,3303,3335,0.21216754615306854,0,0.0016806551720947027,0.0020373777952045202,27.88939666748047,0.001625774777494371,0.1789613962173462,0.002291359007358551,0.10229209810495377,26.1337833404541,0.0024356890935450792,0.11670105904340744
175680,6036,2,476,-1,0,24.280254364013672,0.15240125358104706,19.74907684326172,0.16128109395503998,25.49272346496582,0.3560667932033539,0.4529517889022827,476,508,0.3957669734954834,0,0.003732284065335989,0.0028231097385287285,24.120471954345703,0.0038721568416804075,0.17938444018363953,0.010594789870083332,0.27703750133514404,19.212413787841797,0.011988334357738495,0.3246017098426819
175973,6036,2,801,-1,1,24.326820373535156,0.11067129671573639,18.290000915527344,0.18365322053432465,25.846233367919922,0.40843018889427185,0.44965633749961853,801,833,0.37217751145362854,0,0.003692480269819498,0.0026024163234978914,24.133922576904297,0.0038601821288466454,0.12488824129104614,0.014825181104242802,0.2417657971382141,17.780475616455078,0.016670648008584976,0.26644203066825867
177591,6036,2,2451,-1,3,20.224523544311523,0.29148533940315247,17.67719268798828,0.2509024143218994,23.70314598083496,0.4912724494934082,0.5107194781303406,2451,2483,0.41586726903915405,0,0.009496155194938183,0.00426270579919219,19.87108039855957,0.010301300324499607,0.3289749324321747,0.017071854323148727,0.3990482985973358,17.212547302246094,0.018999634310603142,0.4527316987514496
177632,6036,2,2492,-1,0,27.12364959716797,0.10021522641181946,21.572111129760742,0.12195456027984619,26.461231231689453,0.3808947801589966,0.32017913460731506,2492,2524,0.4054991900920868,0,0.0019392557442188263,0.002258795313537121,27.23516273498535,0.0018900958821177483,0.1123005747795105,0.006962883286178112,0.3178415894508362,21.170026779174805,0.007638310547918081,0.3700030446052551
183808,6037,3,4111,-1,2,23.263137817382812,0.1530628353357315,19.67137908935547,0.17588777840137482,26.645484924316406,0.33259108662605286,0.5288408994674683,4111,4143,0.3715779781341553,0,0.004717223346233368,0.002164968755096197,22.915895462036133,0.0051098777912557125,0.1741187870502472,0.010786039754748344,0.26365599036216736,19.124231338500977,0.012234240770339966,0.30382052063941956
184289,6037,3,4624,-1,1,27.644330978393555,0.07343219965696335,25.549591064453125,0.07495050877332687,26.512052536010742,0.18859045207500458,0.39742472767829895,4624,4656,0.25753989815711975,0,0.0017201527953147888,0.002232516882941127,27.84804916381836,0.001641327515244484,0.08511757850646973,0.0027863841969519854,0.10274688154459,25.324928283691406,0.0029343178030103445,0.11686716973781586
188524,6038,4,4098,-1,2,28.4780330657959,0.13114196062088013,25.711641311645508,0.15802119672298431,24.096721649169922,0.3167721927165985,0.4988480806350708,4098,4130,0.38361361622810364,0,0.0014196999836713076,0.0038933889009058475,29.833290100097656,0.0010391325922682881,0.16854561865329742,0.002684330567717552,0.2693842947483063,25.670230865478516,0.0027100478764623404,0.3312855660915375
188567,6038,4,4141,-1,1,28.449054718017578,0.07494808733463287,25.999568939208984,0.1185283213853836,25.883684158325195,0.290412575006485,0.408137708902359,4141,4173,0.4077414870262146,0,0.0014292055275291204,0.0025800701696425676,29.023439407348633,0.0012521492317318916,0.0929490476846695,0.002512135077267885,0.19757381081581116,25.912065505981445,0.0025632649194449186,0.2407015711069107
190199,6039,5,668,-1,2,23.002742767333984,0.1372452825307846,13.537529945373535,0.18183715641498566,23.439855575561523,0.5691078305244446,0.31951266527175903,668,700,0.4781935214996338,0,0.0050087072886526585,0.004529126454144716,22.93923568725586,0.005082488991320133,0.14953909814357758,0.04428401216864586,0.3652092218399048,12.982701301574707,0.05031875893473625,0.4004552662372589
190630,6039,5,1099,-1,1,25.102197647094727,0.11132671684026718,19.34690284729004,0.19521306455135345,23.431251525878906,0.4374929368495941,0.44620850682258606,1099,1131,0.44767454266548157,0,0.00308873294852674,0.0045381090603768826,25.427616119384766,0.00286575173959136,0.12171640992164612,0.0116227762773633,0.28576940298080444,18.912918090820312,0.012844235636293888,0.3235793113708496
193207,6039,5,3868,-1,3,23.87760353088379,0.10588542371988297,19.464590072631836,0.1880296766757965,24.318971633911133,0.4029653072357178,0.46661505103111267,3868,3900,0.4391772747039795,0,0.0040948656387627125,0.0036991583183407784,23.813512802124023,0.0041557434014976025,0.11490019410848618,0.011312044225633144,0.2951735258102417,19.007062911987305,0.012568799778819084,0.33451202511787415
193626,6039,5,4287,-1,2,26.86499786376953,0.14908301830291748,24.390491485595703,0.16084586083889008,25.795452117919922,0.260931134223938,0.6164303421974182,4287,4319,0.44719257950782776,0,0.0020582592114806175,0.002633024239912629,27.05570411682129,0.0019698338583111763,0.16372428834438324,0.003638738300651312,0.12536722421646118,24.032737731933594,0.0039511751383543015,0.14036667346954346
194303,6040,2,93,-1,1,28.212974548339844,0.099270761013031,28.968273162841797,0.10449667274951935,28.090606689453125,0.11511190235614777,0.9077833890914917,93,125,0.30450698733329773,0,0.0015090464148670435,0.0015521706081926823,28.232112884521484,0.0015024117892608047,0.11745543777942657,0.0012681569205597043,0.07287480682134628,28.735618591308594,0.0013379447627812624,0.08685928583145142
194465,6040,2,255,-1,3,25.255874633789062,0.12268992513418198,20.826940536499023,0.1518939584493637,26.83650016784668,0.32041239738464355,0.474057674407959,255,287,0.41996660828590393,0,0.0029813461005687714,0.0020718108862638474,25.056682586669922,0.003121274057775736,0.14473924040794373,0.008266199380159378,0.1315123438835144,20.377656936645508,0.00916715245693922,0.15269817411899567
196005,6040,2,1891,-1,3,26.989316940307617,0.11169913411140442,22.70923614501953,0.156256303191185,26.186817169189453,0.3348771631717682,0.46660780906677246,1891,1923,0.4317852258682251,0,0.0020001765806227922,0.0024061272852122784,27.127084732055664,0.0019377227872610092,0.13031132519245148,0.00535891018807888,0.24036413431167603,22.37910270690918,0.0057821557857096195,0.2821861803531647
196374,6040,2,2260,-1,0,23.98784637451172,0.15554825961589813,18.494104385375977,0.18794210255146027,25.388317108154297,0.4202490746974945,0.4472159743309021,2260,2292,0.41978827118873596,0,0.003992228303104639,0.002891801530495286,23.807476043701172,0.004161525052040815,0.18158264458179474,0.014144564978778362,0.35658684372901917,17.95767593383789,0.016004139557480812,0.413574755191803
196737,6040,2,2623,-1,3,27.41910743713379,0.09905505180358887,21.759967803955078,0.12656553089618683,26.771631240844727,0.3040538728237152,0.4162602126598358,2623,2655,0.387887179851532,0,0.0018117133295163512,0.0021029883064329624,27.527875900268555,0.0017669018125161529,0.11507546901702881,0.006668119691312313,0.1698177456855774,21.38604736328125,0.007267672102898359,0.19596639275550842
198265,6040,2,4215,-1,3,23.326818466186523,0.20160219073295593,20.833070755004883,0.238215371966362,24.320955276489258,0.387417733669281,0.6148799061775208,4215,4247,0.4522426426410675,0,0.004648557864129543,0.003697468200698495,23.192222595214844,0.00479487981647253,0.23538339138031006,0.008254540152847767,0.23613092303276062,20.35026741027832,0.00922514870762825,0.27292683720588684
199285,6041,3,286,-1,2,26.210407257080078,0.10477314889431,24.585670471191406,0.0951235219836235,24.594303131103516,0.15339548885822296,0.6201193928718567,286,318,0.2909257709980011,0,0.0023930915631353855,0.0034719209652394056,26.52256965637207,0.0022271177731454372,0.12366041541099548,0.0034788278862833977,0.119951032102108,24.12977409362793,0.0038638697005808353,0.1417170614004135
199805,6041,3,870,-1,3,20.06777572631836,0.2650960683822632,18.02029800415039,0.23265843093395233,21.07213592529297,0.3581084907054901,0.6496869921684265,870,902,0.30809876322746277,0,0.00984515342861414,0.007812436670064926,19.931970596313477,0.010157879441976547,0.29967638850212097,0.015775032341480255,0.2727710008621216,17.655370712280273,0.01715785264968872,0.3102589547634125
200776,6041,3,1873,-1,2,23.571836471557617,0.14327946305274963,20.72020721435547,0.18694184720516205,24.588335037231445,0.31790414452552795,0.5880447030067444,1873,1905,0.40436020493507385,0,0.004393556620925665,0.0034766949247568846,23.434598922729492,0.004534611944109201,0.16406476497650146,0.008471868932247162,0.2817377746105194,20.31989860534668,0.009289885871112347,0.32013440132141113
202652,6041,3,3813,-1,2,21.184492111206055,0.20503634214401245,18.093875885009766,0.18409612774848938,27.10392951965332,0.40871819853782654,0.45042312145233154,3813,3845,0.3513111174106598,0,0.007612911053001881,0.001948081306181848,20.713777542114258,0.008484423160552979,0.2318219393491745,0.015510023571550846,0.37378400564193726,17.543928146362305,0.017603835090994835,0.4233478903770447
208914,6042,4,5158,-1,1,25.344247817993164,0.3003440499305725,22.087177276611328,0.19627730548381805,23.62682342529297,0.2940605878829956,0.6674723029136658,5158,5190,0.36906296014785767,0,0.0029212941881269217,0.0043382802978158,25.68106460571289,0.0027032967191189528,0.3693278133869171,0.00618418212980032,0.2574172914028168,21.69783592224121,0.0067642005160450935,0.3067322373390198
209415,6043,5,515,-1,1,24.987323760986328,0.09400041401386261,21.39944839477539,0.13852128386497498,25.59402084350586,0.29463931918144226,0.4701384902000427,515,547,0.3983585834503174,0,0.0031715224031358957,0.002758023329079151,24.901073455810547,0.003235137788578868,0.11189328134059906,0.007245282176882029,0.13198620080947876,20.925796508789062,0.008080167695879936,0.15425153076648712
209784,6043,5,916,-1,1,25.106908798217773,0.1777171939611435,23.580799102783203,0.1611405462026596,26.642120361328125,0.28219252824783325,0.5710304975509644,916,948,0.3950467109680176,0,0.00308538437820971,0.002166647231206298,24.912376403808594,0.003226728644222021,0.20674198865890503,0.004384501371532679,0.14063946902751923,23.10736846923828,0.004889484494924545,0.1688855141401291
210580,6043,5,1776,-1,1,21.216354370117188,0.1149730235338211,17.701662063598633,0.20482270419597626,26.85000991821289,0.4031486511230469,0.5080575346946716,1776,1808,0.47451260685920715,0,0.0075572640635073185,0.0020653766114264727,20.756088256835938,0.008402170613408089,0.12754344940185547,0.016975941136479378,0.145992711186409,17.156736373901367,0.01924538053572178,0.15732070803642273
213127,6043,5,4515,-1,1,24.02880859375,0.11108661442995071,21.515474319458008,0.20379380881786346,27.686988830566406,0.32271918654441833,0.6314895749092102,4515,4547,0.3663025200366974,0,0.003954750951379538,0.0017033388139680028,23.664180755615234,0.004301121924072504,0.12413526326417923,0.00705427723005414,0.13083431124687195,21.005699157714844,0.007932864129543304,0.14772553741931915
213162,6043,5,4550,-1,0,25.53127670288086,0.09483007341623306,21.081876754760742,0.14156751334667206,27.328149795532227,0.22189755737781525,0.63798588514328,4550,4582,0.44582074880599976,0,0.0027981584426015615,0.001850056229159236,25.310592651367188,0.0029440203215926886,0.10352522879838943,0.00779493385925889,0.1299850046634674,20.5612735748291,0.008787650614976883,0.14577719569206238
222717,6046,4,28,-1,0,24.474008560180664,0.1544511318206787,18.192745208740234,0.1658475250005722,27.063541412353516,0.4024965465068817,0.4120470881462097,28,60,0.4333944022655487,0,0.003569433931261301,0.001966283190995455,24.183834075927734,0.003816072829067707,0.18183742463588715,0.01516091451048851,0.18714414536952972,17.653337478637695,0.017165884375572205,0.22345681488513947
224705,6046,4,2048,-1,1,20.721126556396484,0.31705138087272644,21.88629150390625,0.29268136620521545,23.58985137939453,0.361343115568161,0.8099818229675293,2048,2080,0.3800807595252991,0,0.008470079861581326,0.004375369753688574,20.409568786621094,0.009100035764276981,0.3725929260253906,0.006476954091340303,0.23939354717731476,21.5047550201416,0.007071712985634804,0.28196194767951965
225291,6046,4,2634,-1,3,25.479232788085938,0.1515686959028244,21.540512084960938,0.17888490855693817,25.62086296081543,0.3784259855747223,0.4727077782154083,2634,2666,0.488828182220459,0,0.002831891877576709,0.0027410294860601425,25.457847595214844,0.002845871029421687,0.17942088842391968,0.007013723719865084,0.2964261472225189,21.069053649902344,0.007817979902029037,0.35097771883010864
228270,6047,5,540,-1,3,23.163524627685547,0.10793870687484741,19.507123947143555,0.18250487744808197,26.84917449951172,0.30956682562828064,0.58954918384552,540,572,0.47511473298072815,0,0.004826671909540892,0.0020657721906900406,22.797229766845703,0.005251425318419933,0.12039176374673843,0.011201797984540462,0.1431652158498764,18.9769287109375,0.012656312435865402,0.16098716855049133
229207,6047,5,1541,-1,3,26.80010223388672,0.23264779150485992,24.486618041992188,0.24255667626857758,24.972410202026367,0.39590245485305786,0.6126677989959717,1541,1573,0.4904250502586365,0,0.0020892468746751547,0.003182431682944298,27.164581298828125,0.0019210648024454713,0.27301645278930664,0.003559082979336381,0.24143348634243011,24.491100311279297,0.003555412171408534,0.27755194902420044
231102,6047,5,3468,-1,3,23.50907325744629,0.16674593091011047,20.483421325683594,0.21082182228565216,25.248079299926758,0.34978970885276794,0.6027101874351501,3468,3500,0.41071873903274536,0,0.004457512870430946,0.002986704232171178,23.294025421142578,0.004683791194111109,0.18814942240715027,0.008946594782173634,0.1559491604566574,19.99468994140625,0.01001223735511303,0.17799244821071625
233246,6048,2,798,-1,1,28.023075103759766,0.10415981709957123,24.676986694335938,0.14527499675750732,26.86317253112793,0.29343315958976746,0.4950871765613556,798,830,0.3894976079463959,0,0.001576494425535202,0.0020591255743056536,28.232595443725586,0.0015022435691207647,0.12262153625488281,0.003406445262953639,0.15306703746318817,24.604053497314453,0.0034641334787011147,0.1836765706539154
233447,6048,2,999,-1,2,27.80890655517578,0.09059900045394897,23.717975616455078,0.1255817413330078,25.48779296875,0.2712074816226959,0.46304672956466675,999,1031,0.38116469979286194,0,0.0016561868833377957,0.0028263165149837732,28.30864715576172,0.0014761668862774968,0.1043105274438858,0.0042481753043830395,0.16461890935897827,23.424100875854492,0.004545586183667183,0.19654342532157898
233607,6048,2,1191,-1,3,26.9263858795166,0.13066139817237854,24.85784339904785,0.13969889283180237,25.20114517211914,0.33348172903060913,0.4189101755619049,1191,1223,0.4081360399723053,0,0.0020293707493692636,0.003019157098606229,27.26513671875,0.0018770957831293344,0.15317577123641968,0.003267501713708043,0.2146785855293274,24.674274444580078,0.0034085726365447044,0.26237553358078003
234644,6048,2,2260,-1,0,29.13953971862793,0.09113705903291702,31.139938354492188,0.0986376628279686,27.679231643676758,0.08717059344053268,1.131547451019287,2260,2292,0.3779044449329376,0,0.0012191192945465446,0.00170638517010957,29.415149688720703,0.0011441553942859173,0.11124426871538162,0.0007691416540183127,0.05422274023294449,30.89946937561035,0.0008129298803396523,0.06449023634195328
237192,6048,2,4840,-1,3,28.50032615661621,0.09263934940099716,25.023456573486328,0.1230693981051445,26.834957122802734,0.29064351320266724,0.42343762516975403,4840,4872,0.41267478466033936,0,0.001412432175129652,0.0020725466310977936,28.824382781982422,0.0013108763378113508,0.10892348736524582,0.003145245835185051,0.13360022008419037,24.835926055908203,0.0032840340863913298,0.15572793781757355
238197,6049,3,818,-1,2,29.582836151123047,0.07069132477045059,26.66546630859375,0.07607171684503555,28.12065315246582,0.19753813743591309,0.3850988745689392,818,850,0.25523388385772705,0,0.0011008199071511626,0.001541468664072454,29.85887908935547,0.0010330278892070055,0.08316296339035034,0.0021550310775637627,0.09260976314544678,26.458587646484375,0.002260170876979828,0.1079811304807663
239704,6049,3,2389,-1,0,27.39960479736328,0.08537878096103668,23.793603897094727,0.10508022457361221,26.085113525390625,0.22909913957118988,0.4586670398712158,2389,2421,0.3403446078300476,0,0.001819866825826466,0.002463137498125434,27.642438888549805,0.001720902044326067,0.0998554676771164,0.004174838308244944,0.16990014910697937,23.603763580322266,0.004361378028988838,0.1992860734462738
242053,6049,3,4866,-1,1,28.765003204345703,0.09409847110509872,26.085216522216797,0.10770633071660995,27.01416778564453,0.24137063324451447,0.4462279677391052,4866,4898,0.35662513971328735,0,0.0013289226917549968,0.0019887639209628105,29.110109329223633,0.0012274085311219096,0.11049112677574158,0.002463079523295164,0.15674267709255219,25.871856689453125,0.0025871070101857185,0.18393342196941376
243884,6050,4,1856,-1,0,27.881118774414062,0.08041806519031525,21.887006759643555,0.13625071942806244,25.427433013916016,0.3848281800746918,0.3540559709072113,1856,1888,0.397389680147171,0,0.001628876430913806,0.002865872345864773,28.420692443847656,0.0014385692775249481,0.09528989344835281,0.006475889123976231,0.23062779009342194,21.402088165283203,0.007240877486765385,0.27768340706825256
245966,6050,4,3970,-1,1,27.347585678100586,0.08342726528644562,21.793535232543945,0.10732326656579971,24.806640625,0.3201989233493805,0.33517685532569885,3970,4002,0.39396294951438904,0,0.0018417955143377185,0.0033062526490539312,27.91425895690918,0.0016164943808689713,0.1005527451634407,0.006616779137402773,0.3201140761375427,21.407270431518555,0.007232245523482561,0.3835790753364563
246533,6050,4,4569,-1,1,23.94476318359375,0.21472680568695068,25.136423110961914,0.20061254501342773,23.524972915649414,0.30201515555381775,0.6642466187477112,4569,4601,0.3920741677284241,0,0.004032030235975981,0.004441224038600922,24.013103485107422,0.0039690774865448475,0.2557692527770996,0.003064487362280488,0.14158038794994354,24.944076538085938,0.003203262574970722,0.17192557454109192
247337,6051,5,314,-1,2,20.558319091796875,0.18335866928100586,16.840396881103516,0.2425350397825241,25.09368896484375,0.4350738227367401,0.5574572086334229,314,346,0.4343903958797455,0,0.00879362691193819,0.003094790503382683,20.14556884765625,0.009670370258390903,0.21087977290153503,0.020699517801404,0.3755947947502136,16.322410583496094,0.02332163229584694,0.42663073539733887
249864,6051,5,2969,-1,0,24.12889289855957,0.11229832470417023,18.212873458862305,0.20571959018707275,25.788251876831055,0.4688381254673004,0.43878597021102905,2969,3001,0.45053327083587646,0,0.0038646545726805925,0.0026373928412795067,23.921737670898438,0.004053464625030756,0.12492622435092926,0.01509081944823265,0.3372843563556671,17.677364349365234,0.017071185633540154,0.38635480403900146
252387,6052,2,749,-1,3,23.306997299194336,0.15737274289131165,23.16704750061035,0.15125392377376556,27.98539161682129,0.16284190118312836,0.9288390874862671,749,781,0.3198542892932892,0,0.0046698227524757385,0.0015902332961559296,22.8873233795166,0.005143606103956699,0.18553854525089264,0.004822756163775921,0.12081579118967056,22.682350158691406,0.005392188671976328,0.1432310789823532
253520,6052,2,1914,-1,1,29.16396713256836,0.09277927130460739,26.225940704345703,0.1163945123553276,26.254573822021484,0.29735106229782104,0.3914380371570587,1914,1946,0.38734689354896545,0,0.001212281989865005,0.0023688790388405323,29.853351593017578,0.0010343438480049372,0.10590514540672302,0.002384547144174576,0.11939700692892075,26.342370986938477,0.0023214707616716623,0.14217592775821686
258422,6053,3,2020,-1,2,28.069334030151367,0.055949561297893524,26.88528823852539,0.06483199447393417,27.879770278930664,0.08698555082082748,0.745319128036499,2020,2052,0.2767244875431061,0,0.0015597916208207607,0.001629382255487144,28.0992488861084,0.0015490853693336248,0.06581399589776993,0.0020486670546233654,0.04321230947971344,26.46544647216797,0.002256605075672269,0.05059241130948067
260292,6053,3,3954,-1,2,24.760356903076172,0.12767553329467773,20.918785095214844,0.15785546600818634,26.235637664794922,0.2445041686296463,0.6456146240234375,3954,3986,0.36013466119766235,0,0.0033416766673326492,0.002379228826612234,24.572063446044922,0.003489745780825615,0.14143125712871552,0.008093222044408321,0.1571982204914093,20.382286071777344,0.009157385677099228,0.17676380276679993
260645,6053,3,4339,-1,3,26.54143524169922,0.11719228327274323,20.86063575744629,0.12557409703731537,25.40909767150879,0.28195005655288696,0.44537708163261414,4339,4371,0.3834429085254669,0,0.002217463217675686,0.0028779967688024044,26.745166778564453,0.002115842653438449,0.13732658326625824,0.00820231530815363,0.2165372669696808,20.40801239013672,0.00910329818725586,0.2433142364025116
267888,6055,5,1560,-1,0,25.28862190246582,0.1387632191181183,21.02177619934082,0.20042569935321808,25.556686401367188,0.3483331799507141,0.5753850340843201,1560,1592,0.46628883481025696,0,0.002958951285108924,0.0027818367816507816,25.248811721801758,0.0029861994553357363,0.15573257207870483,0.007903553545475006,0.1659117490053177,20.542266845703125,0.00882619246840477,0.18805164098739624
268861,6055,5,2597,-1,2,25.738914489746094,0.10303334891796112,20.1239013671875,0.19195805490016937,25.600807189941406,0.39768800139427185,0.48268505930900574,2597,2629,0.3713659942150116,0,0.002667526248842478,0.002753717824816704,25.760557174682617,0.002654265845194459,0.11331655085086823,0.009718740358948708,0.2837376594543457,19.65334701538086,0.010830916464328766,0.32729530334472656
272300,6056,2,1293,-1,0,24.28827667236328,0.13780051469802856,20.2607421875,0.15714934468269348,25.44942855834961,0.32010290026664734,0.4909338355064392,1293,1325,0.41065841913223267,0,0.003725396003574133,0.002851393772289157,24.13428497314453,0.003859858028590679,0.15551820397377014,0.009417290799319744,0.1656232327222824,19.807231903076172,0.010453864932060242,0.18594470620155334
272680,6056,2,1705,-1,0,25.05598258972168,0.135323166847229,23.813251495361328,0.19721971452236176,25.816335678100586,0.35212311148643494,0.5600873827934265,1705,1737,0.39319613575935364,0,0.003121776506304741,0.0026203931774944067,24.94997787475586,0.0031989123672246933,0.15505114197731018,0.004155992530286312,0.3003755807876587,23.427711486816406,0.004541810601949692,0.3469783365726471
274078,6056,2,3103,-1,2,24.826000213623047,0.2389398217201233,22.554615020751953,0.1943017542362213,20.627840042114258,0.32442528009414673,0.5989106297492981,3103,3135,0.4012570083141327,0,0.003291547065600753,0.00865398719906807,26.079090118408203,0.002466556616127491,0.27814197540283203,0.005553141236305237,0.28127628564834595,22.723329544067383,0.005341547541320324,0.33680015802383423
274497,6056,2,3554,-1,3,28.390010833740234,0.1230408102273941,24.714675903320312,0.12368249893188477,26.16849136352539,0.27561765909194946,0.4487466514110565,3554,3586,0.3879599869251251,0,0.0014487679582089186,0.0024162998888641596,28.8608455657959,0.0012999167665839195,0.14577612280845642,0.003377011511474848,0.14034351706504822,24.646228790283203,0.0034306556917726994,0.1671954244375229
278930,6057,3,3120,-1,2,26.810035705566406,0.14029239118099213,27.66741943359375,0.11303062736988068,29.109098434448242,0.11308201402425766,0.9995455741882324,3120,3152,0.33673396706581116,0,0.0020844743121415377,0.0012276938650757074,26.54374122619629,0.0022162869572639465,0.16310237348079681,0.0017110311891883612,0.0802624300122261,27.209779739379883,0.001901174895465374,0.09469455480575562
279087,6057,3,3309,-1,3,25.335771560668945,0.13113342225551605,22.808849334716797,0.13482783734798431,28.08686065673828,0.26125961542129517,0.5160683989524841,3309,3341,0.29717111587524414,0,0.0029270004015415907,0.0015535103157162666,25.03304672241211,0.003138306550681591,0.15277288854122162,0.00523739168420434,0.15744325518608093,22.365018844604492,0.005800936836749315,0.19137850403785706
280412,6057,3,4698,-1,1,25.86138916015625,0.09124085307121277,22.908958435058594,0.1172073483467102,28.07298469543457,0.2241598665714264,0.5228739380836487,4698,4730,0.3457503318786621,0,0.0025933494325727224,0.0015584807842969894,25.60263442993164,0.0027525597251951694,0.10312297195196152,0.005118043627589941,0.10538392513990402,22.49872398376465,0.005625065881758928,0.11715051531791687
285053,6058,4,4528,-1,0,27.591821670532227,0.09455078840255737,27.981853485107422,0.12186741828918457,25.321557998657227,0.21436236798763275,0.5685112476348877,4528,4560,0.3875664472579956,0,0.001741076703183353,0.002936597215011716,28.07669448852539,0.0015571506228297949,0.11836551129817963,0.0015915293479338288,0.08556393533945084,28.110157012939453,0.0015451994258910418,0.10289973765611649
287423,6059,5,1857,-1,1,25.9377498626709,0.13028594851493835,20.56192398071289,0.15737438201904297,25.431045532226562,0.3435785472393036,0.4580448567867279,1857,1889,0.36842066049575806,0,0.0025481495540589094,0.002863488392904401,26.0212345123291,0.0024996355641633272,0.15492156147956848,0.008786332793533802,0.25726109743118286,20.058250427246094,0.009866769425570965,0.3040846884250641
288296,6059,5,2794,-1,1,26.58883285522461,0.09773855656385422,23.418272018432617,0.15711703896522522,26.11919593811035,0.2693030834197998,0.5834208726882935,2794,2826,0.3928286135196686,0,0.0021933945827186108,0.002443882869556546,26.665813446044922,0.002154857851564884,0.1069372221827507,0.004551691003143787,0.12509983777999878,23.08582305908203,0.004913801793009043,0.1398574858903885
292828,6060,2,2686,-1,0,25.08527374267578,0.1276519000530243,23.513050079345703,0.13924752175807953,26.561141967773438,0.21454744040966034,0.6490290760993958,2686,2718,0.34422627091407776,0,0.003100793110206723,0.002207424957305193,24.89691734313965,0.003238234668970108,0.14656281471252441,0.004453434608876705,0.10811653733253479,23.142881393432617,0.0048496657982468605,0.123960942029953
294055,6060,2,3977,-1,1,27.701812744140625,0.09326468408107758,24.63655662536621,0.12173783779144287,25.850006103515625,0.30958276987075806,0.39323195815086365,3977,4009,0.38743001222610474,0,0.0016975352773442864,0.0026001569349318743,28.07245635986328,0.0015586704248562455,0.10751716047525406,0.0034383051097393036,0.16183975338935852,24.431232452392578,0.003604762488976121,0.18632760643959045
294840,6060,2,4794,-1,3,29.49042320251465,0.1021253764629364,25.688817977905273,0.12624645233154297,27.379436492919922,0.3022167682647705,0.4177347719669342,4794,4826,0.3939262926578522,0,0.0011244959896430373,0.001828337786719203,29.93015480041504,0.0010162126272916794,0.11899606138467789,0.0026984745636582375,0.14587201178073883,25.59760856628418,0.00275574647821486,0.1725662350654602
297216,6061,3,2285,-1,2,25.800048828125,0.1041615828871727,20.12424087524414,0.10512027889490128,27.76717185974121,0.33474332094192505,0.31403249502182007,2285,2317,0.3880164921283722,0,0.0026302384212613106,0.0016721788560971618,25.563255310058594,0.0027776320930570364,0.1152910515666008,0.009717977605760098,0.2768940329551697,19.545246124267578,0.01110389456152916,0.3151107430458069
297411,6061,3,2480,-1,1,27.89803695678711,0.0976511687040329,21.717567443847656,0.09627365320920944,28.119483947753906,0.2943858802318573,0.3270321786403656,2480,2512,0.35839277505874634,0,0.0016225435538217425,0.0015418842667713761,27.86495018005371,0.0016349524958059192,0.11235028505325317,0.006733538582921028,0.2972536087036133,21.284832000732422,0.007439035456627607,0.34087949991226196
298826,6061,3,3991,-1,3,19.970630645751953,0.21461233496665955,18.364957809448242,0.25450360774993896,27.863142013549805,0.35821494460105896,0.710477352142334,3991,4023,0.37465882301330566,0,0.010067855007946491,0.0016356322448700666,19.444259643554688,0.011365119367837906,0.24943016469478607,0.014571497216820717,0.29854005575180054,17.789201736450195,0.016637181863188744,0.3466039001941681
299630,6061,3,4827,-1,0,27.696523666381836,0.08958019316196442,25.567285537719727,0.12126833200454712,26.825674057006836,0.23672138154506683,0.5122829675674438,4827,4859,0.3240435719490051,0,0.0016996044432744384,0.002076981822028756,27.847469329833984,0.0016415464924648404,0.10631749778985977,0.0027750544250011444,0.15867051482200623,25.145549774169922,0.0030580530874431133,0.18787269294261932
300211,6062,4,537,-1,1,27.831666946411133,0.13872557878494263,24.001449584960938,0.1676291972398758,25.71101951599121,0.3292085826396942,0.5091884136199951,537,569,0.42471739649772644,0,0.0016475304728373885,0.0026847142726182938,28.274078369140625,0.0014879637164995074,0.16546675562858582,0.003979742992669344,0.24286797642707825,23.578449249267578,0.004386874381452799,0.29134178161621094
300422,6062,4,748,-1,0,25.24730682373047,0.1437867134809494,21.40570068359375,0.1890754997730255,25.924755096435547,0.3913007378578186,0.4831973910331726,748,780,0.4160987138748169,0,0.002987235551699996,0.0025557866320014,25.1518611907959,0.0030536120757460594,0.17066219449043274,0.007234856486320496,0.28292497992515564,20.926998138427734,0.008077934384346008,0.3364933729171753
305838,6063,5,1052,-1,1,23.541481018066406,0.11539925634860992,23.031051635742188,0.20634761452674866,26.57367515563965,0.17853739857673645,1.1557668447494507,1052,1084,0.3749030828475952,0,0.004424375016242266,0.002201063558459282,23.218076705932617,0.004766422789543867,0.1259465217590332,0.004976167809218168,0.07205400615930557,22.589101791381836,0.005509219132363796,0.07870927453041077
306517,6063,5,1763,-1,1,21.717132568359375,0.19240207970142365,16.885374069213867,0.2501485347747803,25.358646392822266,0.4331672787666321,0.5774871706962585,1763,1795,0.3975924551486969,0,0.0067342109978199005,0.0029116240330040455,21.35352325439453,0.007322301156818867,0.21583589911460876,0.02048625238239765,0.3784116506576538,16.319442749023438,0.023337585851550102,0.42471984028816223
307483,6063,5,2793,-1,3,24.173465728759766,0.10078690201044083,23.042354583740234,0.18727713823318481,27.987850189208984,0.27824240922927856,0.6730718612670898,2793,2825,0.45855337381362915,0,0.0038251951336860657,0.0015893337549641728,23.79949951171875,0.004169174004346132,0.11365993320941925,0.004963232669979334,0.08884279429912567,22.661666870117188,0.005417929496616125,0.09778454899787903
309990,6064,2,454,-1,2,23.64152717590332,0.12187575548887253,20.93787956237793,0.1764766275882721,26.575658798217773,0.32147321105003357,0.5489621758460999,454,486,0.40612196922302246,0,0.004323619417846203,0.0022000581957399845,23.325172424316406,0.00465032085776329,0.13857319951057434,0.00805772002786398,0.16244812309741974,20.443180084228516,0.00902988389134407,0.18550926446914673
314128,6064,2,4816,-1,3,19.871904373168945,0.2622811794281006,18.959774017333984,0.2613186538219452,24.773040771484375,0.412598580121994,0.6333484053611755,4816,4848,0.42662397027015686,0,0.01029934547841549,0.0033319315407425165,19.44191551208496,0.011371255852282047,0.29603856801986694,0.012706400826573372,0.3229975700378418,18.46371841430664,0.014243877492845058,0.36725008487701416
317600,6065,3,3474,-1,3,26.419679641723633,0.10731373727321625,21.39183235168457,0.11358016729354858,23.129358291625977,0.3421127498149872,0.33199629187583923,3474,3506,0.40571486949920654,0,0.002280510263517499,0.004864792805165052,27.251663208007812,0.0018829281907528639,0.12083462625741959,0.00725799473002553,0.2627865672111511,21.03754997253418,0.007874902337789536,0.3014776408672333
318557,6065,3,4463,-1,3,24.677452087402344,0.11007976531982422,17.785057067871094,0.16008956730365753,27.407310485839844,0.3887474834918976,0.41180863976478577,4463,4495,0.37318551540374756,0,0.003406079253181815,0.0018166406080126762,24.37635040283203,0.0036506084725260735,0.12625455856323242,0.016653072088956833,0.29245343804359436,17.241920471191406,0.018871571868658066,0.3361305892467499
319150,6066,4,178,-1,2,23.885557174682617,0.13858431577682495,22.052139282226562,0.19217514991760254,25.97195816040039,0.38010555505752563,0.505583643913269,178,210,0.4422333538532257,0,0.004087374545633793,0.002528158249333501,23.637876510620117,0.004327254369854927,0.16330048441886902,0.006234275177121162,0.18481731414794922,21.6085262298584,0.00690474035218358,0.21911752223968506
319176,6066,4,204,-1,0,25.92544937133789,0.15453960001468658,22.476505279541016,0.20288892090320587,25.859506607055664,0.35566720366477966,0.5704459547996521,204,236,0.40364351868629456,0,0.0025553775485605,0.0025944747030735016,25.935686111450195,0.0025493630673736334,0.18265128135681152,0.005653918720781803,0.22220227122306824,22.135425567626953,0.006115858443081379,0.25757014751434326
319573,6066,4,601,-1,1,15.49405288696289,0.49215370416641235,15.792285919189453,0.5154284834861755,22.688302993774414,0.46845918893814087,1.1002633571624756,601,633,0.43124502897262573,0,0.028222447261214256,0.00538480281829834,14.984488487243652,0.03173593059182167,0.5612590909004211,0.026349442079663277,0.42565208673477173,15.240116119384766,0.029921848326921463,0.4710662364959717
320448,6066,4,1476,-1,0,25.449695587158203,0.23839524388313293,20.00562286376953,0.1490468978881836,25.30426025390625,0.3368956744670868,0.4424126148223877,1476,1508,0.4660729169845581,0,0.0028512184508144855,0.0029483165126293898,25.472509384155273,0.0028362800367176533,0.26813560724258423,0.009987065568566322,0.2655820846557617,19.525188446044922,0.011155295185744762,0.303232878446579
326492,6067,5,2337,-1,2,22.93484878540039,0.11117354035377502,17.730623245239258,0.23316454887390137,25.929134368896484,0.46172839403152466,0.504982054233551,2337,2369,0.4122697114944458,0,0.005087623838335276,0.00255321036092937,22.614151000976562,0.005477533675730228,0.12080023437738419,0.016863113269209862,0.3150360882282257,17.22612190246582,0.01894034445285797,0.35374584794044495
327888,6067,5,3765,-1,2,24.826900482177734,0.10602223873138428,17.842193603515625,0.1772567480802536,26.47983741760254,0.44209805130958557,0.40094441175460815,3765,3797,0.4465624690055847,0,0.0032908639404922724,0.0022491381969302893,24.62038803100586,0.0034511294215917587,0.11432943493127823,0.0164354108273983,0.23240363597869873,17.282020568847656,0.018698126077651978,0.2595771253108978
329492,6068,2,501,-1,1,26.02630615234375,0.12849672138690948,22.60942268371582,0.16461896896362305,26.02741241455078,0.31366071105003357,0.5248313546180725,501,533,0.4064362645149231,0,0.0024967181961983442,0.002496082568541169,26.026134490966797,0.0024968162178993225,0.14376522600650787,0.005483499262481928,0.23130996525287628,22.224781036376953,0.0059913103468716145,0.26711520552635193
331113,6068,2,2154,-1,1,26.16924285888672,0.1564304381608963,22.026142120361328,0.15471704304218292,25.652679443359375,0.33121493458747864,0.4671197533607483,2154,2186,0.40842342376708984,0,0.0024158821906894445,0.0027210216503590345,26.254465103149414,0.002368937712162733,0.1846492439508438,0.006271707825362682,0.16476236283779144,21.762554168701172,0.006664147134870291,0.18774457275867462
331500,6068,2,2541,-1,0,23.551977157592773,0.18221352994441986,21.780963897705078,0.21891215443611145,24.967147827148438,0.3210398852825165,0.6818845868110657,2541,2573,0.3837262988090515,0,0.004413696005940437,0.0031862903852015734,23.370037078857422,0.004602527245879173,0.20790624618530273,0.006635959725826979,0.27116867899894714,21.42264175415039,0.007206690963357687,0.30770060420036316
332718,6068,2,3791,-1,3,28.57388687133789,0.15327832102775574,27.855844497680664,0.18157196044921875,25.36846351623535,0.24832744896411896,0.7311795949935913,3791,3823,0.39237290620803833,0,0.0013887095265090466,0.002905049826949835,29.372577667236328,0.0011554264929145575,0.1781926304101944,0.0016383844194933772,0.10076629370450974,27.82364273071289,0.001650576712563634,0.11797184497117996
334910,6069,3,917,-1,1,28.176671981811523,0.09222275763750076,26.104732513427734,0.10392522811889648,27.61359214782715,0.19487586617469788,0.53328937292099,917,949,0.35235828161239624,0,0.0015217132167890668,0.0017323711654171348,28.270166397094727,0.0014893043553456664,0.10436087101697922,0.0024520361330360174,0.12292563915252686,25.7117919921875,0.0026842369697988033,0.14369744062423706
335146,6069,3,1185,-1,0,28.127552032470703,0.110113225877285,26.627836227416992,0.10549380630254745,26.907014846801758,0.17842788994312286,0.5912405848503113,1185,1217,0.31866544485092163,0,0.001539022196084261,0.0020384429953992367,28.34996795654297,0.0014621883165091276,0.12978631258010864,0.00217378418892622,0.11665716022253036,26.33355140686035,0.0023261881433427334,0.14441661536693573
337140,6069,3,3307,-1,1,24.736278533935547,0.10149305313825607,21.256702423095703,0.12390220165252686,25.416118621826172,0.23469172418117523,0.5279359817504883,3307,3339,0.3151998221874237,0,0.0033602556213736534,0.002873346908017993,24.64052391052246,0.0034351646900177,0.11594424396753311,0.00748737808316946,0.15558217465877533,20.894405364990234,0.00813878234475851,0.1666097640991211
339074,6070,4,434,-1,2,28.49917221069336,0.1465781331062317,26.82255744934082,0.15935413539409637,26.046142578125,0.2803904116153717,0.5683294534683228,434,466,0.40008679032325745,0,0.0014128070324659348,0.0024853399954736233,29.038543701171875,0.001247802167199552,0.17700043320655823,0.002078471938148141,0.17744776606559753,26.88428497314453,0.00204914016649127,0.2128465622663498
342020,6070,4,3476,-1,0,27.58515167236328,0.09618969261646271,23.76266098022461,0.12049286812543869,27.047897338867188,0.3095948100090027,0.38919538259506226,3476,3508,0.3835974931716919,0,0.001743753207847476,0.0019733780063688755,27.67403793334961,0.0017084263963624835,0.11584112793207169,0.004204690922051668,0.24503284692764282,23.36438751220703,0.004608520772308111,0.293472021818161
342815,6070,4,4303,-1,2,28.91663360595703,0.07032003998756409,24.960628509521484,0.1230805516242981,25.06847381591797,0.3538707494735718,0.3478121757507324,4303,4335,0.40354907512664795,0,0.0012833252549171448,0.0031128099653869867,29.99190330505371,0.0010018659522756934,0.08629082888364792,0.0031910769175738096,0.239962637424469,25.00718879699707,0.0031570489518344402,0.2851976454257965
343058,6070,4,4546,-1,1,25.715595245361328,0.12854759395122528,22.21800994873047,0.16889193654060364,24.363372802734375,0.3016684949398041,0.5598593950271606,4546,4578,0.40750184655189514,0,0.002681888872757554,0.0036615319550037384,25.966777801513672,0.0025311745703220367,0.15146520733833313,0.0060006603598594666,0.18361300230026245,21.906213760375977,0.006447310093790293,0.2138083279132843
344202,6071,5,663,-1,1,24.23876190185547,0.10775782912969589,23.141183853149414,0.1808304786682129,25.209606170654297,0.20696234703063965,0.8737361431121826,663,695,0.39815250039100647,0,0.003768112976104021,0.0030132802203297615,24.1069393157959,0.003884240984916687,0.1191231906414032,0.004851562902331352,0.09171680361032486,22.72352409362793,0.005341308657079935,0.10193431377410889
353378,6073,3,229,-1,1,20.956050872802734,0.20174336433410645,19.172264099121094,0.1683489978313446,26.491310119628906,0.3177811801433563,0.5297638773918152,229,261,0.3519093096256256,0,0.00802407693117857,0.0022432045079767704,20.49954605102539,0.008913442492485046,0.2259373664855957,0.012099670246243477,0.2415039986371994,18.668291091918945,0.013588487170636654,0.2685825228691101
353631,6073,3,482,-1,2,26.004426956176758,0.0813731700181961,28.516881942749023,0.11643218994140625,26.836050033569336,0.1030883938074112,1.1294403076171875,482,514,0.3619416654109955,0,0.002509326906874776,0.002072025090456009,25.889522552490234,0.002576604252681136,0.09240980446338654,0.001407057512551546,0.046580780297517776,28.499343872070312,0.0014127511531114578,0.053316183388233185
356285,6073,3,3360,-1,0,27.36846923828125,0.10559146106243134,23.501659393310547,0.13064907491207123,26.3193302154541,0.2624540627002716,0.4977978765964508,3360,3392,0.3554289937019348,0,0.001832960988394916,0.002333818469196558,27.554988861083984,0.0017559059197083116,0.1258753538131714,0.004465132486075163,0.17636889219284058,23.088153839111328,0.004911165218800306,0.20933306217193604
357437,6073,3,4576,-1,0,24.439496994018555,0.11026708781719208,18.082101821899414,0.15901657938957214,26.823524475097656,0.3524770736694336,0.4511401951313019,4576,4608,0.3432444930076599,0,0.0035979105159640312,0.002078009070828557,24.166038513183594,0.0038317416328936815,0.12187066674232483,0.015552131459116936,0.33607903122901917,17.539264678955078,0.017622752115130424,0.37398722767829895
360116,6074,4,2455,-1,2,20.435302734375,0.17317144572734833,18.62822723388672,0.2746347486972809,23.768157958984375,0.4520229399204254,0.6075681447982788,2455,2487,0.5058450102806091,0,0.009046278893947601,0.004199373070150614,20.091304779052734,0.009791956283152103,0.19365061819553375,0.013714421540498734,0.2814229428768158,18.134096145629883,0.015367044135928154,0.32745155692100525
361729,6074,4,4068,-1,3,18.173133850097656,0.27640867233276367,11.85919189453125,0.2738439738750458,22.25924301147461,0.5159482359886169,0.5307586193084717,4068,4100,0.4783167541027069,0,0.015229539945721626,0.0059439572505652905,17.783748626708984,0.01665809191763401,0.31318598985671997,0.06517496705055237,0.369513601064682,11.269144058227539,0.07465958595275879,0.4076531231403351
362075,6074,4,4414,-1,1,22.794103622436523,0.2698546051979065,18.941198348999023,0.1932147890329361,24.04415512084961,0.40186038613319397,0.4808007776737213,4414,4446,0.4520587623119354,0,0.0052552069537341595,0.003940802067518234,22.630123138427734,0.005457423627376556,0.2986641824245453,0.012760869227349758,0.2661702036857605,18.434310913085938,0.014340653084218502,0.3006771504878998
362156,6074,4,4495,-1,2,23.25423240661621,0.14687150716781616,18.171131134033203,0.15641333162784576,24.396831512451172,0.4287478029727936,0.36481431126594543,4495,4527,0.4839966595172882,0,0.004726904910057783,0.0036334306932985783,23.102357864379883,0.004895131569355726,0.1645558774471283,0.015236558392643929,0.28716665506362915,17.676183700561523,0.01707582175731659,0.31922513246536255
362932,6075,5,134,-1,2,25.888019561767578,0.08337919414043427,22.596948623657227,0.15963499248027802,27.395172119140625,0.29086145758628845,0.5488351583480835,134,166,0.43266841769218445,0,0.0025774966925382614,0.0018217252800241113,25.696395874023438,0.0026937692891806364,0.09228111803531647,0.00549927307292819,0.12125906348228455,22.13317108154297,0.00611903378739953,0.13827313482761383
363303,6075,5,505,-1,1,23.57448387145996,0.14711333811283112,19.028440475463867,0.19825772941112518,24.895170211791992,0.3869030773639679,0.5124222040176392,505,537,0.3778427839279175,0,0.00439087999984622,0.0032395371235907078,23.402729034423828,0.0045680091716349125,0.1686985343694687,0.012507084757089615,0.25508421659469604,18.50844955444336,0.014097926206886768,0.2905304431915283
363621,6075,5,855,-1,1,25.619829177856445,0.10328671336174011,21.583770751953125,0.1430884152650833,26.145971298217773,0.30801454186439514,0.46455085277557373,855,887,0.36493048071861267,0,0.0027416828088462353,0.002428863663226366,25.544254302978516,0.0027898091357201338,0.12152060121297836,0.006944207474589348,0.19941169023513794,21.037004470825195,0.007875892333686352,0.2366773933172226
371894,6076,2,4522,-1,3,30.85575294494629,0.23697534203529358,33.687896728515625,0.20081686973571777,23.52588653564453,0.26965922117233276,0.7447060942649841,4522,4554,0.3714052736759186,0,0.0008211542153730989,0.004440290853381157,35.777976989746094,0.0002643638872541487,0.2961214482784271,0.00042777013732120395,0.10214857757091522,35.9382209777832,0.000254787621088326,0.12555661797523499
372104,6076,2,4732,-1,1,23.189083099365234,0.26846349239349365,23.09237289428711,0.2769269645214081,23.91065788269043,0.3207121789455414,0.8634750247001648,4732,4764,0.30030572414398193,0,0.004798350390046835,0.004063818138092756,23.087987899780273,0.004911355674266815,0.3151843845844269,0.004906399641185999,0.2293221354484558,22.67983627319336,0.005395310930907726,0.27543437480926514
373223,6077,3,827,-1,0,25.455617904663086,0.10878824442625046,25.38027000427246,0.0957280769944191,28.488492965698242,0.11717486381530762,0.8169676661491394,827,859,0.2931666076183319,0,0.0028473325073719025,0.0014162855222821236,25.13216209411621,0.003067493438720703,0.13050128519535065,0.0028971629217267036,0.06886032968759537,25.132354736328125,0.003067358396947384,0.0796196386218071
374295,6077,3,1995,-1,1,23.577011108398438,0.11283683776855469,20.414831161499023,0.13543014228343964,27.310344696044922,0.2955418825149536,0.4582434892654419,1995,2027,0.30959999561309814,0,0.004388326779007912,0.001857656636275351,23.207847595214844,0.0047776601277291775,0.13275545835494995,0.009089013561606407,0.15326954424381256,19.96414566040039,0.010082900524139404,0.17566534876823425
374516,6077,3,2248,-1,2,24.148250579833984,0.1201777309179306,22.277740478515625,0.11650162190198898,27.44144630432129,0.2526944875717163,0.46103745698928833,2248,2280,0.26811376214027405,0,0.003847468877211213,0.0018024177988991141,23.806884765625,0.004162091761827469,0.13498684763908386,0.005918694660067558,0.1359482854604721,21.78750228881836,0.006625973619520664,0.15487048029899597
376838,6077,3,4730,-1,2,24.356990814208984,0.1436004638671875,20.6838436126709,0.15496209263801575,25.803058624267578,0.3061563968658447,0.5061533451080322,4730,4762,0.37735500931739807,0,0.0036669159308075905,0.0026284167543053627,24.171772003173828,0.0038266852498054504,0.16395987570285797,0.008543102070689201,0.18104776740074158,20.193222045898438,0.009564843028783798,0.20422835648059845
377181,6078,4,248,-1,0,26.862613677978516,0.0748363807797432,25.77053451538086,0.11949312686920166,26.033172607421875,0.1960316151380539,0.609560489654541,248,280,0.35795602202415466,0,0.0020593907684087753,0.0024927735794335604,27.00554656982422,0.001992716221138835,0.08808476477861404,0.0026481731329113245,0.08979339897632599,25.585948944091797,0.002763153985142708,0.1055656298995018
379730,6078,4,2829,-1,2,28.273799896240234,0.07197709381580353,26.184650421142578,0.12749865651130676,25.363624572753906,0.30236345529556274,0.4216735064983368,2829,2861,0.3679238557815552,0,0.0014880591770634055,0.0029082896653562784,28.96346092224121,0.0012695620534941554,0.08848283439874649,0.0024073270615190268,0.1943196952342987,26.223041534423828,0.0023861397057771683,0.2350226491689682
380070,6078,4,3201,-1,1,28.31367301940918,0.07047103345394135,25.547710418701172,0.14012718200683594,25.81505012512207,0.3188033401966095,0.43954113125801086,3201,3233,0.4040365219116211,0,0.0014744589570909739,0.002621168503537774,28.86711311340332,0.0012980421306565404,0.08675793558359146,0.002787591191008687,0.14852400124073029,25.71490478515625,0.002682312624529004,0.1767534613609314
382418,6079,5,444,-1,0,21.568174362182617,0.1241404265165329,17.68922996520996,0.2693251371383667,24.425050735473633,0.49073711037635803,0.5488175749778748,444,476,0.4025117754936218,0,0.0069691939279437065,0.003609897568821907,21.257497787475586,0.0074860090389847755,0.13078653812408447,0.017024600878357887,0.27516499161720276,17.17809295654297,0.019150976091623306,0.309948205947876
382601,6079,5,627,-1,3,27.1382999420166,0.12191040813922882,23.02790641784668,0.18058983981609344,26.275474548339844,0.401235967874527,0.4500838816165924,627,659,0.41255855560302734,0,0.0019327251939103007,0.0023575040977448225,27.28768539428711,0.0018673744052648544,0.13492976129055023,0.004979771561920643,0.23303647339344025,22.659332275390625,0.00542084313929081,0.26679879426956177
388416,6080,2,1685,-1,1,26.73894691467285,0.09787899255752563,23.39595603942871,0.09268966317176819,26.83758544921875,0.2965652644634247,0.3125438988208771,1685,1717,0.38443198800086975,0,0.002118875505402684,0.0020712928380817175,26.723968505859375,0.0021261959336698055,0.11253328621387482,0.004575141239911318,0.11370544135570526,23.04701805114746,0.004957905504852533,0.1285126805305481
388927,6080,2,2260,-1,2,21.455486297607422,0.19575738906860352,20.208280563354492,0.23544375598430634,24.82620620727539,0.3919053077697754,0.6007669568061829,2260,2292,0.411349892616272,0,0.007152392994612455,0.003291389672085643,21.109006881713867,0.007746393326669931,0.22186972200870514,0.009531740099191666,0.2616477906703949,19.81838607788086,0.010427047498524189,0.29827532172203064
389221,6080,2,2554,-1,0,26.312664031982422,0.14500276744365692,24.717350006103516,0.1379447728395462,26.17771339416504,0.2630361020565033,0.5244328379631042,2554,2586,0.3991740643978119,0,0.002337403828278184,0.002411174587905407,26.33380126953125,0.002326054498553276,0.17410802841186523,0.003374932100996375,0.19454985857009888,24.503074645996094,0.0035456232726573944,0.2249322235584259
390342,6080,2,3707,-1,0,25.733224868774414,0.13065192103385925,22.807634353637695,0.17707745730876923,26.924989700317383,0.30617478489875793,0.5783541202545166,3707,3739,0.4302137792110443,0,0.002671022666618228,0.002030024304986,25.575769424438477,0.002769637852907181,0.14849601686000824,0.005238857585936785,0.21500876545906067,22.411598205566406,0.005739050917327404,0.24872329831123352
391535,6080,2,4900,-1,1,19.812864303588867,0.37798070907592773,16.48094367980957,0.30842483043670654,25.212814331054688,0.4793250262737274,0.6434565782546997,4900,4932,0.42398834228515625,0,0.010440316051244736,0.0030110543593764305,19.361684799194336,0.011583279818296432,0.44068628549575806,0.022485656663775444,0.3947051465511322,15.909577369689941,0.02564733475446701,0.44920215010643005
391644,6080,2,5009,-1,2,26.800601959228516,0.10783946514129639,23.641029357910156,0.15383070707321167,25.225139617919922,0.3222782015800476,0.4773227274417877,5009,5041,0.3996387720108032,0,0.002089007291942835,0.003002521814778447,27.103071212768555,0.0019484665244817734,0.12879376113414764,0.004324115347117186,0.19635745882987976,23.516918182373047,0.004449468571692705,0.23406463861465454
392342,6081,3,719,-1,1,19.203664779663086,0.23718778789043427,17.934354782104492,0.28718653321266174,24.688138961791992,0.39966922998428345,0.718560516834259,719,751,0.3821435272693634,0,0.012012500315904617,0.003397709224373102,18.7491397857666,0.01333785243332386,0.2641606330871582,0.01609031856060028,0.26046764850616455,17.401344299316406,0.0181913860142231,0.2926563620567322
392561,6081,3,938,-1,0,27.454517364501953,0.09994290769100189,25.4404354095459,0.1263667792081833,26.63332176208496,0.1963382512331009,0.6436177492141724,938,970,0.30275633931159973,0,0.0017970007611438632,0.0021710407454520464,27.59586524963379,0.001739456201903522,0.11753863096237183,0.002857303712517023,0.11683869361877441,25.05713653564453,0.003120945766568184,0.13622145354747772
393201,6081,3,1610,-1,1,21.1787109375,0.22062081098556519,20.15958023071289,0.22092314064502716,20.65742301940918,0.31383615732192993,0.703944206237793,1610,1642,0.3634534180164337,0,0.0076230536215007305,0.008595232851803303,21.2647647857666,0.007473487872630358,0.24959348142147064,0.009639221243560314,0.17890805006027222,20.009031295776367,0.009979226626455784,0.20388959348201752
397450,6082,4,1148,-1,0,28.789264678955078,0.1005866602063179,26.499549865722656,0.12802959978580475,25.598968505859375,0.26721373200416565,0.47912806272506714,1148,1180,0.36429837346076965,0,0.0013215196086093783,0.0027548824436962605,29.58211898803711,0.0011010023299604654,0.1166624203324318,0.002238954184576869,0.12114923447370529,26.463632583618164,0.002257547341287136,0.14365048706531525
397998,6082,4,1696,-1,0,27.14252471923828,0.114719457924366,23.110177993774414,0.133854940533638,25.330781936645508,0.27427634596824646,0.48802947998046875,1696,1728,0.3551632761955261,0,0.0019308461342006922,0.0029303671326488256,27.502944946289062,0.0017770737176761031,0.1371035873889923,0.00488632544875145,0.16076752543449402,22.763032913208008,0.005292939022183418,0.1873156577348709
398232,6082,4,1930,-1,2,29.30870819091797,0.09718944877386093,27.406177520751953,0.1365307867527008,26.035415649414062,0.29690811038017273,0.45984187722206116,1930,1962,0.4116328954696655,0,0.0011725446674972773,0.0024914867244660854,30.133935928344727,0.0009696306078694761,0.1123906821012497,0.0018171144183725119,0.16399212181568146,27.494510650634766,0.0017805288080126047,0.19504421949386597
399189,6082,4,2887,-1,3,20.72528076171875,0.15587098896503448,14.652284622192383,0.1862829178571701,26.372549057006836,0.4357483983039856,0.4275010824203491,2887,2919,0.4512098729610443,0,0.008461976423859596,0.0023053945042192936,20.26449966430664,0.009409142658114433,0.17318317294120789,0.03425874933600426,0.30031818151474,14.066824913024902,0.039202842861413956,0.3349970579147339
406554,6084,2,390,-1,2,24.602428436279297,0.1280302256345749,23.493776321411133,0.13182078301906586,27.038801193237305,0.24644358456134796,0.5348923206329346,390,422,0.4189023971557617,0,0.0034654312767088413,0.0019775156397372484,24.324630737304688,0.003694341517984867,0.14730395376682281,0.0044732424430549145,0.12923046946525574,23.102279663085938,0.004895219579339027,0.1497185379266739
409011,6084,2,2911,-1,1,27.722122192382812,0.13222117722034454,24.415189743041992,0.14119160175323486,26.242475509643555,0.3061022460460663,0.46125635504722595,2911,2943,0.3952246308326721,0,0.0016896153101697564,0.0023754851426929235,28.00218391418457,0.0015840968117117882,0.15289625525474548,0.0036181039176881313,0.13496334850788116,24.167312622070312,0.003830615896731615,0.15343044698238373
409933,6084,2,3897,-1,1,27.014991760253906,0.14063376188278198,23.768199920654297,0.14172227680683136,24.71230697631836,0.3370802104473114,0.42044082283973694,3897,3929,0.3930593430995941,0,0.001988386269658804,0.0033788527362048626,27.50931739807129,0.00177446857560426,0.16279236972332,0.004199330694973469,0.2531758248806,23.612478256225586,0.004352635238319635,0.3006595969200134
410166,6084,2,4130,-1,2,23.02849769592285,0.13437315821647644,21.148479461669922,0.1868344098329544,25.85336685180664,0.35194656252861023,0.530860185623169,4130,4162,0.39613497257232666,0,0.004979094490408897,0.002598145278170705,22.72020149230957,0.0053453948348760605,0.15258745849132538,0.007676304783672094,0.18226197361946106,20.643634796142578,0.008622569032013416,0.20730838179588318
411680,6085,3,688,-1,1,22.15351104736328,0.2420268952846527,21.617557525634766,0.21704736351966858,26.676740646362305,0.2996259331703186,0.7243944406509399,688,720,0.38698065280914307,0,0.006090445443987846,0.0021494433749467134,21.74135971069336,0.006696753669530153,0.28511521220207214,0.006890399381518364,0.18528829514980316,21.091556549072266,0.007777578663080931,0.21836593747138977
411781,6085,3,789,-1,2,19.236618041992188,0.22778820991516113,18.051570892333984,0.36089611053466797,23.0948543548584,0.4595254063606262,0.7853670716285706,789,821,0.4127272963523865,0,0.01192170474678278,0.004903594963252544,18.86009407043457,0.013001415878534317,0.25462689995765686,0.015661852434277534,0.32523640990257263,17.598262786865234,0.017384959384799004,0.3688870668411255
411795,6085,3,803,-1,0,23.69676971435547,0.12265611439943314,19.82029151916504,0.1858350783586502,21.829315185546875,0.41474649310112,0.4480690658092499,803,835,0.44787922501564026,0,0.0042689708061516285,0.006562488619238138,24.07143783569336,0.003916122019290924,0.13190332055091858,0.010422475636005402,0.2910526394844055,19.63564682006836,0.01087515614926815,0.32011276483535767
412379,6085,3,1387,-1,0,25.232160568237305,0.16685740649700165,21.4516544342041,0.17531141638755798,25.371665954589844,0.3253982961177826,0.5387594699859619,1387,1419,0.3656530976295471,0,0.0029976717196404934,0.0029029082506895065,25.211090087890625,0.003012250643223524,0.1943129599094391,0.007158705499023199,0.2748243808746338,20.963613510131836,0.008010112680494785,0.31519874930381775
412708,6085,3,1748,-1,3,26.442459106445312,0.1000899225473404,23.872638702392578,0.1081320270895958,26.455907821655273,0.19856952130794525,0.5445550084114075,1748,1780,0.38417255878448486,0,0.0022685807198286057,0.002261565765365958,26.440391540527344,0.0022696598898619413,0.11351008713245392,0.004099552053958178,0.09644406288862228,23.440967559814453,0.004527967423200607,0.10950905084609985
413948,6085,3,3020,-1,2,27.637393951416016,0.08880230784416199,24.502437591552734,0.11203563213348389,27.399322509765625,0.21566012501716614,0.5195009112358093,3020,3052,0.33900168538093567,0,0.001722902525216341,0.001819985220208764,27.675207138061523,0.001707966672256589,0.10263673961162567,0.0035461450461298227,0.12482603639364243,24.201677322387695,0.0038004270754754543,0.14336858689785004
414796,6085,3,3932,-1,3,22.414459228515625,0.16558007895946503,20.052513122558594,0.18100325763225555,25.481531143188477,0.2699056565761566,0.6706167459487915,3932,3964,0.3288130760192871,0,0.005735273938626051,0.002830394310876727,22.088584899902344,0.006182179320603609,0.1854940503835678,0.00987981352955103,0.20620247721672058,19.55900764465332,0.011068766005337238,0.22996090352535248
415830,6086,4,17,-1,1,27.79823112487793,0.08831124752759933,24.67860221862793,0.12138953059911728,25.427637100219727,0.3190678656101227,0.3804505169391632,17,49,0.35933592915534973,0,0.0016602639807388186,0.0028657380025833845,28.31264877319336,0.0014748063404113054,0.1090259775519371,0.0034051784314215183,0.1676076054573059,24.74477767944336,0.003353683976456523,0.2043464481830597
417230,6086,4,1481,-1,3,27.635757446289062,0.11140483617782593,24.283985137939453,0.1474296897649765,24.576278686523438,0.2900334298610687,0.508319616317749,1481,1513,0.4198421239852905,0,0.0017235515406355262,0.0034863611217588186,28.379287719726562,0.0014523500576615334,0.1351078897714615,0.0037290777545422316,0.21571488678455353,24.1373233795166,0.0038571609184145927,0.2562437653541565
417268,6086,4,1519,-1,1,28.816692352294922,0.07793673872947693,25.334922790527344,0.12060274928808212,25.442768096923828,0.3121407628059387,0.38637295365333557,1519,1551,0.3962162435054779,0,0.0013131997548043728,0.002855770755559206,29.682357788085938,0.001075881184078753,0.08916298300027847,0.002927573164924979,0.2423534393310547,25.061782836914062,0.0031176090706139803,0.28986024856567383
417339,6086,4,1590,-1,0,24.91927719116211,0.14339567720890045,19.025556564331055,0.17534534633159637,23.223552703857422,0.375655859708786,0.4667712152004242,1590,1622,0.3963997960090637,0,0.0032216061372309923,0.004760413896292448,25.250751495361328,0.0029848667327314615,0.1673041433095932,0.012515394948422909,0.40935248136520386,18.5761775970459,0.01387977134436369,0.4793774485588074
423578,6087,5,3033,-1,2,28.14260482788086,0.22638395428657532,26.133628845214844,0.24200788140296936,25.50848960876465,0.34396257996559143,0.7035878300666809,3033,3065,0.42067593336105347,0,0.0015336972428485751,0.002812879392877221,28.739013671875,0.0013368999352678657,0.2714557349681854,0.002435775939375162,0.20046672224998474,25.983617782592773,0.0025213798508048058,0.23913733661174774
425098,6087,5,4617,-1,0,20.48511505126953,0.26807281374931335,18.053382873535156,0.2520327568054199,23.765085220336914,0.3765718638896942,0.6692819595336914,4617,4649,0.40405794978141785,0,0.008943111635744572,0.0042023444548249245,20.14463233947754,0.009672461077570915,0.3048290014266968,0.015655310824513435,0.27327999472618103,17.509258270263672,0.01774492673575878,0.3138021230697632
425419,6088,2,28,-1,0,27.303058624267578,0.11365846544504166,23.685436248779297,0.13033753633499146,27.400951385498047,0.29058074951171875,0.4485415518283844,28,60,0.38803714513778687,0,0.0018607772653922439,0.001819302444346249,27.288188934326172,0.0018671579891815782,0.13243961334228516,0.004280124790966511,0.14246469736099243,23.39353370666504,0.004577694460749626,0.16731467843055725
428099,6088,2,2772,-1,3,27.534610748291016,0.14897993206977844,25.988975524902344,0.15353091061115265,24.98370933532715,0.2572892904281616,0.5967248678207397,2772,2804,0.3854365348815918,0,0.0017641643062233925,0.0031741634011268616,28.104419708251953,0.001547241467051208,0.17684049904346466,0.0025182715617120266,0.17893806099891663,25.919496536254883,0.0025588825810700655,0.2108677327632904
428370,6088,2,3075,-1,0,26.02977752685547,0.12912210822105408,21.702260971069336,0.1347508430480957,26.617332458496094,0.3411547839641571,0.39498448371887207,3075,3107,0.4035727083683014,0,0.002494723303243518,0.0021790482569485903,25.946043014526367,0.0025432887487113476,0.14885213971138,0.006757313385605812,0.3798075020313263,21.238039016723633,0.0075196255929768085,0.4370337128639221
429331,6088,2,4100,-1,1,22.727264404296875,0.22815637290477753,21.387413024902344,0.23041753470897675,21.828157424926758,0.40601691603660583,0.5675072073936462,4100,4132,0.42597681283950806,0,0.005336708389222622,0.006564239971339703,22.88373565673828,0.005147858522832394,0.2664329707622528,0.007265388034284115,0.27511799335479736,21.306135177612305,0.0074026379734277725,0.3194502592086792
429471,6088,2,4240,-1,1,24.158065795898438,0.1300995945930481,20.738922119140625,0.1547851413488388,27.29751968383789,0.3416975140571594,0.45298877358436584,4240,4272,0.37496423721313477,0,0.0038387819658964872,0.0018631506245583296,23.82714080810547,0.004142725374549627,0.14842185378074646,0.00843544490635395,0.14875002205371857,20.285381317138672,0.009364009834825993,0.16884319484233856
432829,6089,3,2777,-1,3,27.323135375976562,0.12112466245889664,25.828153610229492,0.1085018441081047,27.193511962890625,0.1867038905620575,0.5811439752578735,2777,2809,0.38650912046432495,0,0.0018521934980526567,0.0019083094084635377,27.343427658081055,0.0018435601377859712,0.1385476291179657,0.0026132722850888968,0.09148170053958893,25.51400375366211,0.0028093105647712946,0.10422178357839584
441447,6091,5,1327,-1,2,20.91965675354004,0.17871463298797607,17.95421600341797,0.22889737784862518,25.695125579833984,0.3677440881729126,0.6224365830421448,1327,1359,0.39494824409484863,0,0.00809160154312849,0.002694557188078761,20.495418548583984,0.008921916596591473,0.1935683786869049,0.016016902402043343,0.19533178210258484,17.41049575805664,0.018153078854084015,0.21533432602882385
443718,6091,5,3694,-1,1,22.212181091308594,0.17929521203041077,18.989856719970703,0.2717406749725342,25.278493881225586,0.43325328826904297,0.6272097229957581,3694,3726,0.39873915910720825,0,0.0060087209567427635,0.002965860301628709,21.8863582611084,0.006476853508502245,0.19834637641906738,0.012618687935173512,0.3277946710586548,18.451923370361328,0.014282611198723316,0.37511178851127625
447296,6092,2,2355,-1,1,28.756210327148438,0.10033980011940002,25.25799560546875,0.11536651104688644,25.05097198486328,0.31136077642440796,0.3705235719680786,2355,2387,0.38601964712142944,0,0.0013316157273948193,0.0031253821216523647,29.764795303344727,0.0010556515771895647,0.11616592854261398,0.0029798909090459347,0.15023674070835114,25.262561798095703,0.0029767611995339394,0.17541003227233887
451518,6093,3,1671,-1,3,23.508224487304688,0.16392628848552704,19.82666778564453,0.12028636783361435,25.853450775146484,0.22458143532276154,0.5356024503707886,1671,1703,0.22938652336597443,0,0.0044583845883607864,0.002598094753921032,23.238019943237305,0.004744582809507847,0.19138410687446594,0.010407183319330215,0.14664405584335327,19.36429214477539,0.01157632376998663,0.166721373796463
454594,6094,4,78,-1,2,26.407854080200195,0.12821902334690094,17.85025978088379,0.184122234582901,25.476741790771484,0.37986862659454346,0.4846997559070587,78,110,0.44961297512054443,0,0.0022867280058562756,0.002833516336977482,26.570629119873047,0.0022026069927960634,0.14778901636600494,0.01640491746366024,0.19656117260456085,17.319786071777344,0.01853623241186142,0.23352067172527313
454878,6094,4,362,-1,2,23.6856746673584,0.16124869883060455,19.323598861694336,0.22608891129493713,24.17547607421875,0.43868008255958557,0.5153844952583313,362,394,0.41126322746276855,0,0.00427989149466157,0.003823423059657216,23.614990234375,0.0043501174077391624,0.18684276938438416,0.011685309931635857,0.2446046769618988,18.827646255493164,0.01309892162680626,0.28361308574676514
456101,6094,4,1585,-1,1,27.330734252929688,0.09547934681177139,23.44771957397461,0.11676307022571564,26.644168853759766,0.3175700604915619,0.3676765561103821,1585,1617,0.38086655735969543,0,0.0018489559879526496,0.0021656241733580828,27.446701049804688,0.0018002379219979048,0.11348899453878403,0.0045209359377622604,0.22883696854114532,23.089679718017578,0.004909441340714693,0.2650713622570038
461979,6095,5,2344,-1,0,25.55278778076172,0.31482648849487305,22.899980545043945,0.2302413433790207,24.085067749023438,0.36916375160217285,0.623683512210846,2344,2376,0.47749200463294983,0,0.0027843343559652567,0.0039038502145558596,25.830101013183594,0.002612101612612605,0.36228567361831665,0.005128637887537479,0.2994016408920288,22.53868293762207,0.005573548376560211,0.34651392698287964
463435,6095,5,3896,-1,0,21.638656616210938,0.13839349150657654,14.144590377807617,0.20491480827331543,26.530624389648438,0.543615460395813,0.3769480884075165,3896,3928,0.4587947726249695,0,0.006857007741928101,0.0022229913156479597,21.20907974243164,0.0075699333101511,0.15377074480056763,0.03850711137056351,0.3463866710662842,13.560020446777344,0.0440552793443203,0.39304816722869873
466320,6096,2,1871,-1,3,29.19292640686035,0.0994986966252327,25.964906692504883,0.12159507721662521,25.674341201782227,0.30325767397880554,0.4009628891944885,1871,1903,0.37905576825141907,0,0.0012042244197800756,0.002707485109567642,30.119077682495117,0.000972953625023365,0.11269811540842056,0.0025322663132101297,0.13786038756370544,25.981740951538086,0.002522469963878393,0.16600452363491058
467293,6096,2,2876,-1,0,23.272239685058594,0.2383996844291687,19.752422332763672,0.22376954555511475,24.969242095947266,0.38899922370910645,0.5752441883087158,2876,2908,0.43913012742996216,0,0.004707345739006996,0.0031847546342760324,23.06133270263672,0.004941590130329132,0.27700841426849365,0.010586637072265148,0.37052682042121887,19.251449584960938,0.01188106182962656,0.4309806227684021
467853,6096,2,3468,-1,2,24.1072998046875,0.18857185542583466,19.31318473815918,0.1829053908586502,25.464672088623047,0.36767637729644775,0.4974629878997803,3468,3500,0.42851394414901733,0,0.0038839192129671574,0.0028414027765393257,23.931560516357422,0.004044306930154562,0.22390006482601166,0.011713366955518723,0.19957982003688812,18.751834869384766,0.013329582288861275,0.231272354722023
469343,6096,2,4990,-1,4,25.43360710144043,0.2610776126384735,22.39276123046875,0.24948644638061523,23.954456329345703,0.35600587725639343,0.7007930278778076,4990,5022,0.4250280559062958,0,0.0028618003707379103,0.004023042507469654,25.71355438232422,0.0026831477880477905,0.30975109338760376,0.0057639991864562035,0.30052754282951355,22.03681182861328,0.006256318185478449,0.35389384627342224
469956,6097,3,537,-1,1,26.110294342041016,0.10672210156917572,23.48511505126953,0.1304144710302353,27.453269958496094,0.2144409865140915,0.6081601977348328,537,569,0.31819695234298706,0,0.0024488973431289196,0.0017975179944187403,25.936115264892578,0.0025491095148026943,0.12327690422534943,0.004482172895222902,0.1139635518193245,23.035924911499023,0.004970587324351072,0.13009029626846313
470351,6097,3,964,-1,2,26.444337844848633,0.0871986523270607,19.997817993164062,0.1259998083114624,28.401958465576172,0.3259005844593048,0.3866203725337982,964,996,0.31724634766578674,0,0.002267599804326892,0.0014447883004322648,26.20842170715332,0.0023941858671605587,0.10006527602672577,0.010005027987062931,0.16110461950302124,19.558475494384766,0.011070123873651028,0.1754181832075119
472252,6097,3,2993,-1,2,18.696617126464844,0.2633328437805176,16.960847854614258,0.2354385107755661,24.73475456237793,0.38416215777397156,0.6128622889518738,2993,3025,0.28000807762145996,0,0.01350014191120863,0.0033614335115998983,18.22176742553711,0.01505994237959385,0.2848052680492401,0.020133310928940773,0.32959017157554626,16.401044845581055,0.022903164848685265,0.3676178455352783
476018,6098,4,1920,-1,0,20.46705436706543,0.2756383419036865,17.933515548706055,0.3037970960140228,23.480195999145508,0.4927401542663574,0.6165462732315063,1920,1952,0.42059245705604553,0,0.008980377577245235,0.00448725325986743,20.14500617980957,0.009671627543866634,0.3159481883049011,0.01609342359006405,0.35208889842033386,17.43069839477539,0.018068835139274597,0.40690791606903076
477627,6098,4,3561,-1,0,27.683914184570312,0.09413561969995499,22.828575134277344,0.14911171793937683,26.743389129638672,0.3245391249656677,0.45945683121681213,3561,3593,0.34202954173088074,0,0.0017045458080247045,0.0021167092490941286,27.848556518554688,0.0016411360120400786,0.1159757748246193,0.0052136583253741264,0.22285079956054688,22.427169799804688,0.005718511994928122,0.2616710066795349
478241,6098,4,4175,-1,2,25.68666648864746,0.19215671718120575,21.92171287536621,0.19995567202568054,25.12805938720703,0.3598010241985321,0.5557395815849304,4175,4207,0.4046187698841095,0,0.0026998103130608797,0.003070394741371274,25.779361724853516,0.0026427973061800003,0.22960877418518066,0.006424343679100275,0.3429754376411438,21.648475646972656,0.006841514725238085,0.40758734941482544
480440,6099,5,1294,-1,1,24.801090240478516,0.3020300269126892,23.74994659423828,0.2576821446418762,24.36037254333496,0.3508910834789276,0.7343650460243225,1294,1326,0.4185776114463806,0,0.003310480620712042,0.0036640602629631758,24.873044967651367,0.0032560843974351883,0.3570827543735504,0.004217016976326704,0.24785420298576355,23.33453369140625,0.0046403068117797375,0.29258179664611816
483053,6099,5,4067,-1,2,23.591312408447266,0.1444593071937561,19.433982849121094,0.19787399470806122,24.593753814697266,0.38046032190322876,0.5200909972190857,4067,4099,0.42459002137184143,0,0.004373900592327118,0.003472359385341406,23.455732345581055,0.00451259920373559,0.15717943012714386,0.011392047628760338,0.20601487159729004,18.927019119262695,0.012802598997950554,0.22571755945682526
