index,episode,map,start,action,tics_since_decision,psnr_dec,lpips_dec,copy_psnr_dec,latent_mse,hud_psnr_dec,copy_latent_mse,latent_mse_ratio,start_tic,scored_tic,context_motion,dup_latent,mse_dec,hud_mse_dec,scene_psnr_dec,scene_mse_dec,scene_lpips_dec,copy_mse_dec,copy_lpips_dec,scene_copy_psnr_dec,scene_copy_mse_dec,scene_copy_lpips_dec
896,6000,2,896,-1,0,24.78004264831543,0.10097995400428772,22.34954071044922,0.14656423032283783,25.629562377929688,0.2561710774898529,0.5721341967582703,896,928,0.38630834221839905,0,0.003326563397422433,0.0027355446945875883,24.66292953491211,0.0034174893517047167,0.11491888016462326,0.005821647588163614,0.12743042409420013,21.99083709716797,0.006322897505015135,0.14622333645820618
4194,6000,2,4290,-1,1,25.665075302124023,0.10017672926187515,21.926197052001953,0.13305722177028656,27.642393112182617,0.2688525319099426,0.49490782618522644,4290,4322,0.4166839122772217,0,0.0027132679242640734,0.0017209200887009501,25.42733383178711,0.002865936839953065,0.11452373117208481,0.006417710799723864,0.12939205765724182,21.537189483642578,0.0070190937258303165,0.147711843252182
4754,6000,2,4850,-1,1,26.25525665283203,0.1413954347372055,25.441511154174805,0.15817783772945404,26.854839324951172,0.2811148762702942,0.5626804232597351,4850,4882,0.40615496039390564,0,0.002368505811318755,0.0020630802027881145,26.169939041137695,0.002415494527667761,0.1624167412519455,0.0028565963730216026,0.17338010668754578,25.272111892700195,0.0029702219180762768,0.2021443247795105
5063,6001,3,61,-1,1,26.94415855407715,0.23920930922031403,27.366252899169922,0.19010749459266663,25.303544998168945,0.26220759749412537,0.7250266671180725,61,93,0.33373382687568665,0,0.002021083142608404,0.0029488024301826954,27.262218475341797,0.0018783572595566511,0.2915118634700775,0.0018338962690904737,0.1705264300107956,27.239439010620117,0.0018882345175370574,0.20559591054916382
7567,6001,3,2725,-1,0,25.281166076660156,0.10558014363050461,23.319137573242188,0.1145470067858696,28.159358978271484,0.1959967166185379,0.5844333171844482,2725,2757,0.31178581714630127,0,0.002964035840705037,0.0015277920756489038,24.96891212463379,0.003184996312484145,0.12215005606412888,0.00465678796172142,0.11139344424009323,22.83510971069336,0.005205820314586163,0.12772433459758759
9581,6001,3,4803,-1,2,29.098804473876953,0.06694687157869339,32.863929748535156,0.03757556900382042,29.16407585144043,0.04224003106355667,0.8895725011825562,4803,4835,0.10877417027950287,0,0.0012306076241657138,0.0012122512562200427,29.088850021362305,0.0012334316270425916,0.079671211540699,0.000517138687428087,0.03199692443013191,33.03640365600586,0.0004970036097802222,0.037862714380025864
9666,6001,3,4888,-1,3,29.4418888092041,0.05595339834690094,36.97985076904297,0.02260422147810459,29.18082046508789,0.014505458064377308,1.5583252906799316,4888,4920,0.10098046064376831,0,0.0011371332220733166,0.0012075860286131501,29.483482360839844,0.001126294257119298,0.06394834071397781,0.00020045408746227622,0.01515608187764883,36.65479278564453,0.00021603326604235917,0.018414106220006943
10346,6002,4,626,-1,2,26.76833724975586,0.1567847579717636,22.758289337158203,0.16131694614887238,23.91473960876465,0.2992080748081207,0.539146363735199,626,658,0.367535799741745,0,0.0021045845933258533,0.004059999715536833,27.438232421875,0.001803751802071929,0.18113574385643005,0.00529872253537178,0.26140081882476807,22.66433334350586,0.005414607003331184,0.3158011734485626
11741,6002,4,2021,-1,1,27.06539535522461,0.12610672414302826,22.31077003479004,0.1440282166004181,24.710315704345703,0.33252307772636414,0.4331375062465668,2021,2053,0.3939698338508606,0,0.001965443603694439,0.003380401525646448,27.57518768310547,0.0017477578949183226,0.1438135802745819,0.005873855669051409,0.2788814902305603,22.09500503540039,0.00617304677143693,0.3270384669303894
12008,6002,4,2288,-1,0,26.74646759033203,0.09763294458389282,22.64220428466797,0.15933379530906677,24.73184585571289,0.3359488546848297,0.47427991032600403,2288,2320,0.3787443935871124,0,0.0021152091212570667,0.0033636854495853186,27.159900665283203,0.0019231359474360943,0.11287904530763626,0.0054422649554908276,0.25215256214141846,22.327001571655273,0.005851942580193281,0.29631900787353516
12722,6002,4,3002,-1,2,24.436153411865234,0.15773522853851318,24.70758819580078,0.1597476303577423,24.436141967773438,0.1602027863264084,0.9971588850021362,3002,3034,0.44433701038360596,0,0.003600682131946087,0.0036006919108331203,24.436153411865234,0.0036006809677928686,0.18171150982379913,0.0033825249411165714,0.0934896320104599,24.7264404296875,0.0033678754698485136,0.10585441440343857
17163,6003,5,2370,-1,2,24.88347053527832,0.1795009970664978,20.569252014160156,0.1939127892255783,25.389408111572266,0.34470245242118835,0.5625512599945068,2370,2402,0.45692503452301025,0,0.0032482773531228304,0.0028910734690725803,24.810609817504883,0.0033032321371138096,0.21025918424129486,0.008771516382694244,0.2920728027820587,20.097455978393555,0.009778100997209549,0.3341979682445526
18967,6003,5,4238,-1,0,25.320228576660156,0.1470615416765213,21.957284927368164,0.23835165798664093,25.512285232543945,0.3912453353404999,0.6092127561569214,4238,4270,0.39988669753074646,0,0.002937494544312358,0.0028104218654334545,25.29142189025879,0.0029570439364761114,0.16943536698818207,0.0063719367608428,0.26636990904808044,21.486379623413086,0.0071016959846019745,0.30863407254219055
21234,6004,2,1471,-1,3,28.61896514892578,0.08150885999202728,25.58681869506836,0.13208453357219696,27.943086624145508,0.2794574201107025,0.4726463556289673,1471,1503,0.37656480073928833,0,0.0013743703020736575,0.00160579988732934,28.732955932617188,0.0013387656072154641,0.09835077822208405,0.0027625998482108116,0.159195214509964,25.351131439208984,0.0029166669119149446,0.19131039083003998
22851,6004,2,3088,-1,0,27.237079620361328,0.20594428479671478,24.36806869506836,0.15424621105194092,24.297468185424805,0.31839480996131897,0.48444950580596924,3088,3120,0.3990142345428467,0,0.0018892614170908928,0.0037175179459154606,27.937164306640625,0.0016079912893474102,0.2432805448770523,0.003657573601230979,0.27342110872268677,24.29715919494629,0.0037177845370024443,0.32811760902404785
23068,6004,2,3305,-1,1,24.05674934387207,0.1607276052236557,22.811294555664062,0.17590756714344025,26.501285552978516,0.2813241481781006,0.6252842545509338,3305,3337,0.38902878761291504,0,0.003929391037672758,0.0022380577865988016,23.778278350830078,0.0041895960457623005,0.18581393361091614,0.005234445910900831,0.1309463381767273,22.485597610473633,0.00564209558069706,0.14822354912757874
25613,6005,3,990,-1,2,25.25301742553711,0.10618641972541809,23.659564971923828,0.11640173196792603,27.6512451171875,0.1659371703863144,0.7014807462692261,990,1022,0.37364912033081055,0,0.0029833100270479918,0.0017174163367599249,24.978374481201172,0.0031780628487467766,0.12382359057664871,0.004305695649236441,0.09021161496639252,23.236083984375,0.004746697843074799,0.10326199233531952
25894,6005,3,1303,-1,1,24.77982521057129,0.1284317672252655,25.346738815307617,0.2118394374847412,24.8350887298584,0.2172059565782547,0.9752929210662842,1303,1335,0.35552796721458435,0,0.003326728707179427,0.00328466622158885,24.771387100219727,0.003333200002089143,0.14676602184772491,0.0029196187388151884,0.0977315679192543,25.29314422607422,0.0029558720998466015,0.11066935211420059
28068,6005,3,3605,-1,2,21.86501693725586,0.1492398977279663,19.06732749938965,0.20220990478992462,27.686355590820312,0.3312492072582245,0.6104464530944824,3605,3637,0.25122153759002686,0,0.006508758291602135,0.0017035885248333216,21.397809982299805,0.007248015608638525,0.1734810322523117,0.012395592406392097,0.1991783231496811,18.555387496948242,0.013946373015642166,0.2324468195438385
28245,6005,3,3782,-1,3,26.183406829833984,0.08323124051094055,23.875274658203125,0.08134399354457855,29.13875961303711,0.19099923968315125,0.42588648200035095,3782,3814,0.2570691406726837,0,0.002408016473054886,0.0012193379225209355,25.86551284790039,0.0025908902753144503,0.0959620326757431,0.00409706262871623,0.09769340604543686,23.358745574951172,0.0046145073138177395,0.11514674872159958
30237,6006,4,935,-1,3,27.262752532958984,0.0798293724656105,24.661911010742188,0.11522674560546875,25.854341506958008,0.24210630357265472,0.4759345054626465,935,967,0.3348850905895233,0,0.0018781265243887901,0.0025975611060857773,27.52654266357422,0.0017674443079158664,0.09899335354566574,0.0034182914532721043,0.15932372212409973,24.60735511779785,0.0034615022595971823,0.1885479986667633
30604,6006,4,1302,-1,2,26.384998321533203,0.09425220638513565,25.4841251373291,0.1584821194410324,24.462764739990234,0.21204864978790283,0.7473856806755066,1302,1334,0.35723674297332764,0,0.002298795385286212,0.003578685689717531,26.773902893066406,0.0021018891129642725,0.11032859981060028,0.0028287039604038,0.08420996367931366,25.409725189208984,0.0028775809332728386,0.09811338037252426
31088,6006,4,1786,-1,2,24.762928009033203,0.12493182718753815,18.56222915649414,0.14647960662841797,25.573989868164062,0.3946760892868042,0.3711387813091278,1786,1818,0.4391445815563202,0,0.003339699236676097,0.0027707742992788553,24.65057373046875,0.003427225863561034,0.14593733847141266,0.01392442174255848,0.29397454857826233,18.05076789855957,0.015664737671613693,0.35011428594589233
34752,6007,5,306,-1,2,23.922286987304688,0.1670915186405182,22.331104278564453,0.20060673356056213,26.112667083740234,0.31167086958885193,0.6436492800712585,306,338,0.3691905438899994,0,0.004052951466292143,0.0024475606624037027,23.665380477905273,0.004299935419112444,0.1916891187429428,0.005846413318067789,0.21958045661449432,21.967859268188477,0.006356445141136646,0.25443676114082336
34758,6007,5,312,-1,0,25.891109466552734,0.09178939461708069,22.63082504272461,0.14413855969905853,27.933631896972656,0.28007981181144714,0.5146338939666748,312,344,0.35814952850341797,0,0.002575663849711418,0.001609300379641354,25.64739418029785,0.0027243352960795164,0.10626707971096039,0.005456542130559683,0.12526890635490417,22.174049377441406,0.006061708088964224,0.14373087882995605
35227,6007,5,781,-1,1,24.054683685302734,0.1313467174768448,20.50907325744629,0.19065943360328674,25.515783309936523,0.3480769395828247,0.5477508306503296,781,813,0.40581443905830383,0,0.003931259736418724,0.0028081589844077826,23.867881774902344,0.004104044288396835,0.15107019245624542,0.008893908932805061,0.21051111817359924,20.014493942260742,0.009966683574020863,0.25573188066482544
48895,6010,4,295,-1,3,23.607887268066406,0.15931233763694763,20.995513916015625,0.21388188004493713,24.876821517944336,0.4022301733493805,0.5317400097846985,295,327,0.4685428738594055,0,0.00435723876580596,0.0032532529439777136,23.441814422607422,0.00452708313241601,0.18404613435268402,0.007951491512358189,0.23775723576545715,20.627544403076172,0.008654570206999779,0.28020137548446655
52833,6010,4,4233,-1,1,19.505550384521484,0.24146507680416107,13.86266803741455,0.19656503200531006,23.035354614257812,0.4785524308681488,0.4107491970062256,4233,4265,0.4635983407497406,0,0.011205855756998062,0.004971237853169441,19.148868560791016,0.012165026739239693,0.27258947491645813,0.041089724749326706,0.36087241768836975,13.293986320495605,0.04683832824230194,0.41415467858314514
54922,6011,5,1171,-1,1,26.051944732666016,0.08984185010194778,23.722450256347656,0.18903443217277527,28.7320499420166,0.33142295479774475,0.5703721642494202,1171,1203,0.36347246170043945,0,0.0024820216931402683,0.0013390446547418833,25.75467300415039,0.002657864009961486,0.10026974976062775,0.004243799950927496,0.13966910541057587,23.306352615356445,0.0046705142594873905,0.15628677606582642
55443,6011,5,1724,-1,3,24.121522903442383,0.17906543612480164,23.544891357421875,0.2908606231212616,23.722488403320312,0.40321967005729675,0.7213453054428101,1724,1756,0.41514748334884644,0,0.003871219465509057,0.004243762698024511,24.186302185058594,0.0038139051757752895,0.19573232531547546,0.004420902114361525,0.23294329643249512,23.352079391479492,0.004621598403900862,0.26179587841033936
56748,6011,5,3061,-1,3,25.831804275512695,0.12001074850559235,22.015621185302734,0.0799274817109108,27.515865325927734,0.3017018735408783,0.26492205262184143,3061,3093,0.38590186834335327,0,0.002611076459288597,0.0017717963783070445,25.62218475341797,0.002740196418017149,0.14034521579742432,0.0062869214452803135,0.22105327248573303,21.538179397583008,0.007017496973276138,0.2647792100906372
60167,6012,2,1595,-1,0,24.7128849029541,0.15440958738327026,22.97152328491211,0.20764775574207306,27.35626983642578,0.3463629484176636,0.5995091199874878,1595,1627,0.3833920359611511,0,0.003378404537215829,0.0018381171394139528,24.41847038269043,0.0036153721157461405,0.17663656175136566,0.005044842604547739,0.31435444951057434,22.524070739746094,0.005592332221567631,0.36854472756385803
60450,6012,2,1910,-1,3,27.04317283630371,0.13076308369636536,22.813434600830078,0.16697253286838531,25.096914291381836,0.35690590739250183,0.4678334891796112,1910,1942,0.3671843409538269,0,0.001975526101887226,0.003092491300776601,27.43839454650879,0.001803685212507844,0.15640917420387268,0.005231864750385284,0.23189480602741241,22.537324905395508,0.005575292278081179,0.2729427218437195
61832,6012,2,3324,-1,3,27.58826446533203,0.08728335797786713,24.176347732543945,0.14837370812892914,26.34957504272461,0.30592337250709534,0.4850028455257416,3324,3356,0.3872995972633362,0,0.0017425029072910547,0.002317621372640133,27.814586639404297,0.0016540231881663203,0.09984564781188965,0.003822656348347664,0.1454363316297531,23.95850372314453,0.004019293002784252,0.16794176399707794
63615,6013,3,80,-1,0,27.310562133789062,0.13294880092144012,26.481304168701172,0.1279871016740799,26.250486373901367,0.22089062631130219,0.579413890838623,80,112,0.3555695116519928,0,0.0018575640860944986,0.002371107693761587,27.49932098388672,0.0017785574309527874,0.15501198172569275,0.002248378936201334,0.14722123742103577,26.23958396911621,0.002377068158239126,0.18250416219234467
64416,6013,3,945,-1,0,27.248641967773438,0.08246247470378876,25.13176155090332,0.10339965671300888,27.1651611328125,0.1811644285917282,0.57075035572052,945,977,0.287227600812912,0,0.0018842373974621296,0.0019208084559068084,27.26163101196289,0.0018786110449582338,0.09426301717758179,0.003067777259275317,0.09641142189502716,24.85501480102539,0.003269628854468465,0.11028531193733215
65302,6013,3,1831,-1,2,26.703750610351562,0.08681866526603699,23.74700355529785,0.13844254612922668,26.61536979675293,0.23213469982147217,0.5963888764381409,1831,1863,0.3597544729709625,0,0.002136116148903966,0.0021800335962325335,26.717510223388672,0.0021293594036251307,0.09889375418424606,0.0042198761366307735,0.12226204574108124,23.320205688476562,0.004655640106648207,0.13843470811843872
66694,6013,3,3287,-1,0,26.47583770751953,0.1401999294757843,21.703100204467773,0.12205693870782852,27.64063835144043,0.2667611241340637,0.4575514495372772,3287,3319,0.3451675772666931,0,0.0022512113209813833,0.0017216162523254752,26.321434020996094,0.002332687843590975,0.15742957592010498,0.006756005343049765,0.17328447103500366,21.312450408935547,0.007391882129013538,0.1880909502506256
68927,6014,4,674,-1,2,22.76810646057129,0.22020182013511658,18.109697341918945,0.21249793469905853,24.466903686523438,0.4348139762878418,0.4887099862098694,674,706,0.34772518277168274,0,0.005286756437271833,0.003575278911739588,22.557022094726562,0.005550060886889696,0.2561461329460144,0.015453621745109558,0.34411630034446716,17.629606246948242,0.017259949818253517,0.3923969566822052
70155,6014,4,1934,-1,1,28.868209838867188,0.08180779218673706,24.90948486328125,0.12226475775241852,26.209999084472656,0.3368884027004242,0.36292362213134766,1934,1966,0.4016087055206299,0,0.0012977138394489884,0.0023933162447065115,29.47244644165039,0.0011291595874354243,0.10283781588077545,0.00322887790389359,0.23976895213127136,24.75102996826172,0.003348861588165164,0.2951786518096924
76030,6015,5,2800,-1,0,25.756996154785156,0.12511399388313293,20.87668228149414,0.23465585708618164,25.46950340270996,0.4835568368434906,0.4852704703807831,2800,2832,0.4746896028518677,0,0.002656443975865841,0.0028382446616888046,25.802963256835938,0.0026284747291356325,0.13664406538009644,0.008172066882252693,0.3572894036769867,20.47262191772461,0.008968872018158436,0.4009259045124054
82308,6016,2,4392,-1,2,25.419252395629883,0.09177937358617783,19.135616302490234,0.13764458894729614,26.865478515625,0.38829347491264343,0.35448595881462097,4392,4424,0.3873622715473175,0,0.002871276345103979,0.0020580333657562733,25.23401641845703,0.00299639068543911,0.1051669791340828,0.012202205136418343,0.29222118854522705,18.63001823425293,0.01370876282453537,0.3358961343765259
82785,6016,2,4869,-1,3,29.170249938964844,0.07848257571458817,25.276878356933594,0.1251951903104782,28.1108455657959,0.31554803252220154,0.39675477147102356,4869,4901,0.4046594202518463,0,0.001210528425872326,0.001544953673146665,29.358871459960938,0.0011590783251449466,0.09248040616512299,0.0029669643845409155,0.16944406926631927,25.121400833129883,0.003075104672461748,0.1989477276802063
84237,6017,3,1358,-1,3,23.88126564025879,0.09482121467590332,18.735231399536133,0.1541634351015091,25.39301109313965,0.2549916207790375,0.6045823693275452,1358,1390,0.28714990615844727,0,0.004091414622962475,0.0028886774089187384,23.689165115356445,0.00427645118907094,0.10877463221549988,0.013380644842982292,0.14169363677501678,18.274194717407227,0.01487923413515091,0.15976138412952423
86480,6017,3,3729,-1,3,25.05121421813965,0.12366215884685516,22.12064552307129,0.15050378441810608,24.802827835083008,0.27359700202941895,0.5500929355621338,3729,3761,0.31062906980514526,0,0.003125204937532544,0.003309156745672226,25.090723037719727,0.00309690460562706,0.13878260552883148,0.006136707961559296,0.24821490049362183,21.767192840576172,0.006657034624367952,0.2861894369125366
88245,6018,4,623,-1,3,22.064102172851562,0.17821083962917328,19.623363494873047,0.20707917213439941,22.95598793029785,0.4352310597896576,0.475791335105896,623,655,0.4404408931732178,0,0.006217129062861204,0.005062921904027462,21.941797256469727,0.006394699681550264,0.2012246996164322,0.010905951261520386,0.3208375871181488,19.125444412231445,0.012230820022523403,0.37880656123161316
88448,6018,4,858,-1,2,27.884212493896484,0.10678508877754211,25.90877342224121,0.14353889226913452,26.130443572998047,0.32027655839920044,0.4481717050075531,858,890,0.3541536033153534,0,0.0016277168178930879,0.0024375631473958492,28.23004913330078,0.001503125298768282,0.1287955790758133,0.002565208123996854,0.2256586253643036,25.865158081054688,0.0025911005213856697,0.27106916904449463
91673,6018,4,4147,-1,1,27.776397705078125,0.14759287238121033,26.189544677734375,0.15102243423461914,24.757688522338867,0.2503553330898285,0.6032323241233826,4147,4179,0.3900766670703888,0,0.001668631099164486,0.0033437309321016073,28.50496482849121,0.0014109235489740968,0.18216118216514587,0.002404614584520459,0.12348103523254395,26.30324363708496,0.0023424800019711256,0.1551738679409027
93580,6019,5,1052,-1,1,22.541866302490234,0.15463989973068237,20.02704429626465,0.22297902405261993,25.011995315551758,0.30397462844848633,0.7335448265075684,1052,1084,0.44085243344306946,0,0.005569464527070522,0.0031535557936877012,22.26129913330078,0.0059411427937448025,0.17033177614212036,0.009937920607626438,0.1944948434829712,19.554372787475586,0.011080585420131683,0.21736231446266174
94392,6019,5,1896,-1,1,26.34341812133789,0.09731290489435196,23.109664916992188,0.16855089366436005,26.835739135742188,0.37465715408325195,0.44988036155700684,1896,1928,0.44823500514030457,0,0.0023209096398204565,0.00207217363640666,26.272396087646484,0.002359176753088832,0.1089940145611763,0.004886900540441275,0.20737123489379883,22.80413818359375,0.005243076477199793,0.23472464084625244
99170,6020,2,1899,-1,3,26.987327575683594,0.10752342641353607,24.440170288085938,0.14933617413043976,23.508169174194336,0.3086272180080414,0.48387235403060913,1899,1931,0.3880937099456787,0,0.0020010932348668575,0.0044584437273442745,27.896709442138672,0.0016230393666774035,0.12361308187246323,0.0035973545163869858,0.17311513423919678,24.384265899658203,0.003643958829343319,0.20573419332504272
99341,6020,2,2070,-1,2,27.55157470703125,0.10142304003238678,23.26492691040039,0.13569635152816772,26.51592445373535,0.3211851716041565,0.4224863648414612,2070,2102,0.3973512351512909,0,0.0017572869546711445,0.0022305266465991735,27.73533821105957,0.0016844809288159013,0.11420314013957977,0.004715277347713709,0.16363981366157532,22.96525001525879,0.005052138585597277,0.18763285875320435
100565,6020,2,3358,-1,2,25.400531768798828,0.15522992610931396,23.247339248657227,0.1549418717622757,27.315155029296875,0.348181813955307,0.4450027644634247,3358,3390,0.40092217922210693,0,0.00288367853499949,0.001855600974522531,25.168628692626953,0.003041844582185149,0.18044696748256683,0.004734411370009184,0.3260342478752136,22.957763671875,0.005060852039605379,0.3779468834400177
104413,6021,3,2236,-1,2,26.441669464111328,0.0891619324684143,19.750438690185547,0.12522315979003906,28.236026763916016,0.29968926310539246,0.4178433418273926,2236,2268,0.3594333827495575,0,0.002268992830067873,0.0015010584611445665,26.221227645874023,0.002387136686593294,0.10035864263772964,0.010591466911137104,0.285123348236084,19.226171493530273,0.011950409971177578,0.324069082736969
104829,6021,3,2684,-1,2,29.28238868713379,0.07395024597644806,35.99406814575195,0.030303416773676872,29.74686622619629,0.011223586276173592,2.6999762058258057,2684,2716,0.09443061798810959,0,0.0011796719627454877,0.0010600181994959712,29.21514320373535,0.0011980802519246936,0.08593007922172546,0.00025153218302875757,0.01570049673318863,35.7297477722168,0.00026731626712717116,0.018476072698831558
109339,6022,4,2515,-1,3,28.659934997558594,0.07889703661203384,22.7835636138916,0.12055061012506485,26.174409866333008,0.36343517899513245,0.3316977024078369,2515,2547,0.4236583113670349,0,0.0013614654308184981,0.0024130097590386868,29.20931053161621,0.0011996895773336291,0.09624040126800537,0.005267975386232138,0.2542269229888916,22.514469146728516,0.0056047081016004086,0.3080745339393616
111600,6022,4,4776,-1,0,27.860050201416016,0.07291828840970993,21.397111892700195,0.1182592511177063,25.978286743164062,0.36531758308410645,0.32371628284454346,4776,4808,0.3933367133140564,0,0.0016367980279028416,0.002524477429687977,28.238414764404297,0.001500232145190239,0.0847373828291893,0.0072491783648729324,0.2161358892917633,20.95075225830078,0.0080338716506958,0.25655636191368103
112383,6023,5,461,-1,1,22.65892791748047,0.12195542454719543,18.269115447998047,0.20405340194702148,27.043746948242188,0.3851008415222168,0.5298700332641602,461,493,0.4282954931259155,0,0.005421349313110113,0.001975263934582472,22.25372314453125,0.00595151586458087,0.13581582903862,0.014896647073328495,0.2603321671485901,17.702024459838867,0.016974525526165962,0.295344740152359
112553,6023,5,631,-1,3,24.057342529296875,0.20112866163253784,20.963302612304688,0.21214213967323303,25.826169967651367,0.387402206659317,0.5476017594337463,631,663,0.4202806353569031,0,0.003928854130208492,0.0026144669391214848,23.83937644958496,0.004131067544221878,0.22347816824913025,0.008010687306523323,0.30030933022499084,20.473121643066406,0.008967842906713486,0.3405737578868866
113839,6023,5,2013,-1,2,25.332077026367188,0.11940152198076248,22.46767807006836,0.17062988877296448,26.90616226196289,0.28193172812461853,0.6052170395851135,2013,2045,0.38745078444480896,0,0.0029294935520738363,0.0020388434641063213,25.133548736572266,0.003066516947001219,0.1360297054052353,0.005665424279868603,0.15683680772781372,22.043668746948242,0.006246448960155249,0.17611396312713623
114967,6023,5,3205,-1,2,26.117572784423828,0.16099441051483154,24.783164978027344,0.17952823638916016,25.261106491088867,0.35403746366500854,0.5070882439613342,3205,3237,0.39991918206214905,0,0.0024447969626635313,0.002977757714688778,26.26572608947754,0.002362803090363741,0.19299829006195068,0.0033241717610508204,0.25342613458633423,24.497716903686523,0.0035499995574355125,0.3081229031085968
121682,6025,3,182,-1,2,27.374900817871094,0.09714990109205246,26.556968688964844,0.1186864897608757,27.436222076416016,0.16455917060375214,0.7212389707565308,182,214,0.31113287806510925,0,0.0018302480457350612,0.0018045861506834626,27.365541458129883,0.0018341962713748217,0.11199035495519638,0.0022095469757914543,0.08513450622558594,26.2678165435791,0.002361665479838848,0.09830376505851746
135402,6027,5,4069,-1,0,24.660717010498047,0.09751363843679428,22.21268081665039,0.22596211731433868,25.903736114501953,0.32244589924812317,0.7007752656936646,4069,4101,0.3825547695159912,0,0.003419232089072466,0.002568186493590474,24.49751853942871,0.003550162771716714,0.10665705800056458,0.006008028518408537,0.11610117554664612,21.801143646240234,0.006605199072510004,0.1293475180864334
136024,6027,5,4723,-1,2,22.1851806640625,0.1818011999130249,18.583675384521484,0.24536357820034027,26.826889038085938,0.45710402727127075,0.536778450012207,4723,4755,0.3400048613548279,0,0.006046193651854992,0.0020764004439115524,21.767261505126953,0.006656930781900883,0.20257875323295593,0.013855830766260624,0.37578684091567993,18.052066802978516,0.015660056844353676,0.4286676347255707
137689,6028,2,1539,-1,3,27.174184799194336,0.1272183507680893,26.619474411010742,0.15991678833961487,24.475366592407227,0.30292069911956787,0.5279163718223572,1539,1571,0.3924388587474823,0,0.0019168216967955232,0.0035683156456798315,27.79174041748047,0.0016627457225695252,0.14794187247753143,0.0021779730450361967,0.133924663066864,26.73931312561035,0.002118695992976427,0.15824037790298462
140598,6028,2,4512,-1,0,27.948930740356445,0.10404053330421448,24.569782257080078,0.126210018992424,27.552125930786133,0.31929028034210205,0.3952829837799072,4512,4544,0.39489564299583435,0,0.0016036411980167031,0.0017570637864992023,28.013324737548828,0.0015800377586856484,0.11955387890338898,0.003491578623652458,0.2060564011335373,24.28473663330078,0.003728433046489954,0.2349415421485901
140899,6028,2,4845,-1,0,21.022144317626953,0.30342280864715576,15.589820861816406,0.2640477418899536,23.17511749267578,0.4844828248023987,0.5450094938278198,4845,4877,0.412518709897995,0,0.007902889512479305,0.004813803359866142,20.76852798461914,0.008378134109079838,0.3486156463623047,0.027606917545199394,0.3422643542289734,15.042770385742188,0.03131287917494774,0.3943014144897461
143511,6029,3,2590,-1,0,24.651206970214844,0.15624459087848663,21.11238670349121,0.15931345522403717,28.12802505493164,0.3253597021102905,0.4896533191204071,2590,2622,0.37353065609931946,0,0.0034267245791852474,0.001538854674436152,24.297882080078125,0.0037171663716435432,0.18168988823890686,0.007740363012999296,0.277353972196579,20.667449951171875,0.008575412444770336,0.3243022859096527
145605,6029,3,4812,-1,1,21.981761932373047,0.20107513666152954,20.141212463378906,0.17323382198810577,25.783981323242188,0.29077526926994324,0.5957652926445007,4812,4844,0.3298968970775604,0,0.006336125545203686,0.002639987040311098,21.60851287841797,0.006904762238264084,0.23454466462135315,0.009680071845650673,0.30789855122566223,19.686134338378906,0.010749457404017448,0.35826218128204346
146237,6030,4,619,-1,3,22.530696868896484,0.18770167231559753,19.286197662353516,0.22910575568675995,24.826339721679688,0.47603535652160645,0.4812788665294647,619,651,0.4332636594772339,0,0.00558380875736475,0.0032912897877395153,22.264692306518555,0.00593650434166193,0.21116073429584503,0.011786372400820255,0.3885819911956787,18.836807250976562,0.013071312569081783,0.4503021240234375
150470,6030,4,4980,-1,1,28.524410247802734,0.08450730890035629,26.680835723876953,0.1501867026090622,24.452409744262695,0.25837862491607666,0.5812659859657288,4980,5012,0.3418496549129486,0,0.0014046205906197429,0.0035872277803719044,29.710893630981445,0.0010688349138945341,0.1010662093758583,0.0021474177483469248,0.1485232263803482,27.02948570251465,0.001981762470677495,0.1788897067308426
160339,6032,2,4923,-1,2,26.58440399169922,0.24034646153450012,25.334426879882812,0.22527413070201874,25.0998477935791,0.29331403970718384,0.7680305242538452,4923,4955,0.4003245532512665,0,0.0021956332493573427,0.003090404672548175,26.865596771240234,0.002057976322248578,0.2934000492095947,0.0029279065784066916,0.238243967294693,25.071582794189453,0.0031105834059417248,0.2902868092060089
160613,6033,3,60,-1,0,26.89230728149414,0.1197010800242424,23.383371353149414,0.128003790974617,26.641111373901367,0.21656815707683563,0.5910554528236389,60,92,0.3598001301288605,0,0.0020453582983464003,0.0021671494469046593,26.932275772094727,0.002026621252298355,0.13989946246147156,0.0045884172432124615,0.13954930007457733,23.00132942199707,0.005010339897125959,0.1623423993587494
161430,6033,3,877,-1,1,26.871292114257812,0.11417972296476364,23.95867347717285,0.13410460948944092,26.666057586669922,0.22919121384620667,0.5851210951805115,877,909,0.3940505385398865,0,0.002055278979241848,0.0021547384094446898,26.903745651245117,0.0020399775821715593,0.1316147744655609,0.0040191360749304295,0.12576687335968018,23.667133331298828,0.00429820129647851,0.14197291433811188
162239,6033,3,1718,-1,0,27.540363311767578,0.0933743342757225,25.574960708618164,0.10677409172058105,25.641157150268555,0.21177418529987335,0.5041884183883667,1718,1750,0.37050703167915344,0,0.0017618287820369005,0.002728251274675131,27.92325782775879,0.0016131483716890216,0.11548805236816406,0.002770154271274805,0.17475946247577667,25.371822357177734,0.0029028034768998623,0.20633438229560852
162821,6033,3,2364,-1,1,20.6238956451416,0.2041296660900116,17.626617431640625,0.3071839213371277,25.040206909179688,0.4295671582221985,0.7151010632514954,2364,2396,0.45286062359809875,0,0.008661847561597824,0.0031331356149166822,20.217090606689453,0.009512419812381268,0.23162831366062164,0.017271824181079865,0.22859518229961395,17.077810287475586,0.019598329439759254,0.26787492632865906
169866,6034,4,4595,-1,3,27.946489334106445,0.0944325253367424,26.950515747070312,0.1157960444688797,26.092071533203125,0.25909510254859924,0.4469248652458191,4595,4627,0.3940943479537964,0,0.001604542019777,0.0024591954424977303,28.31780433654785,0.0014730568509548903,0.11584480851888657,0.0020181266590952873,0.11652705073356628,27.428638458251953,0.0018077415879815817,0.14129304885864258
173536,6035,5,3210,-1,2,26.80659294128418,0.14941821992397308,24.871959686279297,0.1991901844739914,27.041366577148438,0.3689754009246826,0.5398467779159546,3210,3242,0.4076423943042755,0,0.002086127642542124,0.0019763484597206116,26.771574020385742,0.002103016944602132,0.18202216923236847,0.0032568969763815403,0.20442251861095428,24.79778480529785,0.003313001012429595,0.24991387128829956
173629,6035,5,3303,-1,3,26.1705322265625,0.14506377279758453,26.399070739746094,0.14554756879806519,26.31648063659668,0.20464745163917542,0.7112112641334534,3303,3335,0.21216754615306854,0,0.0024151646066457033,0.0023353497963398695,26.148508071899414,0.0024274438619613647,0.16727159917354584,0.002291359007358551,0.10229209810495377,26.1337833404541,0.0024356890935450792,0.11670105904340744
175680,6036,2,476,-1,0,24.001373291015625,0.14826346933841705,19.74907684326172,0.1691051572561264,26.14292335510254,0.3560667932033539,0.47492536902427673,476,508,0.3957669734954834,0,0.003979812376201153,0.002430567517876625,23.74877166748047,0.004218157846480608,0.17510919272899628,0.010594789870083332,0.27703750133514404,19.212413787841797,0.011988334357738495,0.3246017098426819
175973,6036,2,801,-1,1,23.224153518676758,0.14952771365642548,18.290000915527344,0.20850348472595215,25.70378303527832,0.40843018889427185,0.5104997158050537,801,833,0.37217751145362854,0,0.004759756848216057,0.0026891918387264013,22.942811965942383,0.0050783054903149605,0.1680881828069687,0.014825181104242802,0.2417657971382141,17.780475616455078,0.016670648008584976,0.26644203066825867
177591,6036,2,2451,-1,3,20.44290542602539,0.2760826051235199,17.67719268798828,0.2447870522737503,23.904403686523438,0.4912724494934082,0.49827149510383606,2451,2483,0.41586726903915405,0,0.009030453860759735,0.004069673828780651,20.090553283691406,0.009793651290237904,0.30953681468963623,0.017071854323148727,0.3990482985973358,17.212547302246094,0.018999634310603142,0.4527316987514496
177632,6036,2,2492,-1,0,26.077043533325195,0.09974807500839233,21.572111129760742,0.11960164457559586,26.89163589477539,0.3808947801589966,0.31400179862976074,2492,2524,0.4054991900920868,0,0.002467718441039324,0.0020456735510379076,25.964252471923828,0.0025326486211270094,0.11331254243850708,0.006962883286178112,0.3178415894508362,21.170026779174805,0.007638310547918081,0.3700030446052551
183808,6037,3,4111,-1,2,23.328428268432617,0.14010100066661835,19.67137908935547,0.17811404168605804,27.19198226928711,0.33259108662605286,0.5355346202850342,4111,4143,0.3715779781341553,0,0.004646834451705217,0.001908981939777732,22.95159912109375,0.0050680432468652725,0.15984472632408142,0.010786039754748344,0.26365599036216736,19.124231338500977,0.012234240770339966,0.30382052063941956
184289,6037,3,4624,-1,1,27.930620193481445,0.07243280112743378,25.549591064453125,0.07782461494207382,26.99192237854004,0.18859045207500458,0.41266465187072754,4624,4656,0.25753989815711975,0,0.001610416336916387,0.0019989770371466875,28.094894409179688,0.0015506380004808307,0.08410578966140747,0.0027863841969519854,0.10274688154459,25.324928283691406,0.0029343178030103445,0.11686716973781586
188524,6038,4,4098,-1,2,27.631349563598633,0.13423824310302734,25.711641311645508,0.15568600594997406,24.44472885131836,0.3167721927165985,0.49147623777389526,4098,4130,0.38361361622810364,0,0.0017253013793379068,0.0035935810301452875,28.422794342041016,0.001437873812392354,0.166972354054451,0.002684330567717552,0.2693842947483063,25.670230865478516,0.0027100478764623404,0.3312855660915375
188567,6038,4,4141,-1,1,28.09946060180664,0.08593535423278809,25.999568939208984,0.12899692356586456,26.201892852783203,0.290412575006485,0.4441850483417511,4141,4173,0.4077414870262146,0,0.0015490087680518627,0.002397789154201746,28.481929779052734,0.0014184272149577737,0.10555025935173035,0.002512135077267885,0.19757381081581116,25.912065505981445,0.0025632649194449186,0.2407015711069107
190199,6039,5,668,-1,2,21.595849990844727,0.13856758177280426,13.537529945373535,0.19083577394485474,23.04295539855957,0.5691078305244446,0.3353244662284851,668,700,0.4781935214996338,0,0.006924923975020647,0.004962545819580555,21.4105224609375,0.007226828020066023,0.1507941335439682,0.04428401216864586,0.3652092218399048,12.982701301574707,0.05031875893473625,0.4004552662372589
190630,6039,5,1099,-1,1,25.066116333007812,0.11260930448770523,19.34690284729004,0.20859749615192413,23.886638641357422,0.4374929368495941,0.47680196166038513,1099,1131,0.44767454266548157,0,0.003114499617367983,0.0040863570757210255,25.2797794342041,0.0029649827629327774,0.12381491810083389,0.0116227762773633,0.28576940298080444,18.912918090820312,0.012844235636293888,0.3235793113708496
193207,6039,5,3868,-1,3,23.93515396118164,0.10594562441110611,19.464590072631836,0.20725660026073456,24.808849334716797,0.4029653072357178,0.51432865858078,3868,3900,0.4391772747039795,0,0.004040961153805256,0.0033045709133148193,23.81507110595703,0.004154251888394356,0.11485229432582855,0.011312044225633144,0.2951735258102417,19.007062911987305,0.012568799778819084,0.33451202511787415
193626,6039,5,4287,-1,2,26.81557846069336,0.1504288613796234,24.390491485595703,0.1521008014678955,26.133434295654297,0.260931134223938,0.5829154849052429,4287,4319,0.44719257950782776,0,0.002081814454868436,0.002435883739963174,26.93073081970215,0.002027342328801751,0.16419920325279236,0.003638738300651312,0.12536722421646118,24.032737731933594,0.0039511751383543015,0.14036667346954346
194303,6040,2,93,-1,1,27.540477752685547,0.1060381606221199,28.968273162841797,0.11055009812116623,28.04248809814453,0.11511190235614777,0.9603707194328308,93,125,0.30450698733329773,0,0.0017617827979847789,0.0015694638714194298,27.46814727783203,0.0017913703341037035,0.12322821468114853,0.0012681569205597043,0.07287480682134628,28.735618591308594,0.0013379447627812624,0.08685928583145142
194465,6040,2,255,-1,3,24.41959571838379,0.1297803372144699,20.826940536499023,0.17205384373664856,26.67611312866211,0.32041239738464355,0.5369762182235718,255,287,0.41996660828590393,0,0.0036144363693892956,0.0021497532725334167,24.156944274902344,0.003839772194623947,0.15028035640716553,0.008266199380159378,0.1315123438835144,20.377656936645508,0.00916715245693922,0.15269817411899567
196005,6040,2,1891,-1,3,26.314762115478516,0.12060821801424026,22.70923614501953,0.16515696048736572,26.251707077026367,0.3348771631717682,0.49318668246269226,1891,1923,0.4317852258682251,0,0.0023362752981483936,0.0023704429622739553,26.324542999267578,0.002331018913537264,0.13916631042957306,0.00535891018807888,0.24036413431167603,22.37910270690918,0.0057821557857096195,0.2821861803531647
196374,6040,2,2260,-1,0,23.126829147338867,0.16786573827266693,18.494104385375977,0.20397606492042542,24.593669891357422,0.4202490746974945,0.4853694438934326,2260,2292,0.41978827118873596,0,0.004867625888437033,0.0034724262077361345,22.93941879272461,0.005082271993160248,0.193975567817688,0.014144564978778362,0.35658684372901917,17.95767593383789,0.016004139557480812,0.413574755191803
196737,6040,2,2623,-1,3,27.219484329223633,0.09966951608657837,21.759967803955078,0.13293449580669403,26.945144653320312,0.3040538728237152,0.43720704317092896,2623,2655,0.387887179851532,0,0.0018969321390613914,0.0020206233020871878,27.263269424438477,0.0018779027741402388,0.11494369804859161,0.006668119691312313,0.1698177456855774,21.38604736328125,0.007267672102898359,0.19596639275550842
198265,6040,2,4215,-1,3,22.123796463012695,0.22316749393939972,20.833070755004883,0.27573680877685547,24.03853416442871,0.387417733669281,0.7117299437522888,4215,4247,0.4522426426410675,0,0.006132256705313921,0.003945904318243265,21.891883850097656,0.006468619219958782,0.2579685151576996,0.008254540152847767,0.23613092303276062,20.35026741027832,0.00922514870762825,0.27292683720588684
199285,6041,3,286,-1,2,25.983047485351562,0.10962115973234177,24.585670471191406,0.0999530553817749,28.38632583618164,0.15339548885822296,0.651603639125824,286,318,0.2909257709980011,0,0.0025217109359800816,0.0014499981189146638,25.70798683166504,0.0026865899562835693,0.13051386177539825,0.0034788278862833977,0.119951032102108,24.12977409362793,0.0038638697005808353,0.1417170614004135
199805,6041,3,870,-1,3,19.4525089263916,0.3139762282371521,18.02029800415039,0.2513698637485504,21.2032470703125,0.3581084907054901,0.701937735080719,870,902,0.30809876322746277,0,0.011343555524945259,0.0075801070779562,19.236309051513672,0.011922548525035381,0.3564622402191162,0.015775032341480255,0.2727710008621216,17.655370712280273,0.01715785264968872,0.3102589547634125
200776,6041,3,1873,-1,2,23.57672882080078,0.13621751964092255,20.72020721435547,0.19153594970703125,24.55121612548828,0.31790414452552795,0.6024959087371826,1873,1905,0.40436020493507385,0,0.004388611763715744,0.003506537526845932,23.444473266601562,0.004524315241724253,0.1538618803024292,0.008471868932247162,0.2817377746105194,20.31989860534668,0.009289885871112347,0.32013440132141113
202652,6041,3,3813,-1,2,21.63751792907715,0.19102153182029724,18.093875885009766,0.1785244196653366,27.47978401184082,0.40871819853782654,0.43679097294807434,3813,3845,0.3513111174106598,0,0.006858801003545523,0.0017865764675661922,21.169551849365234,0.007639144081622362,0.21605998277664185,0.015510023571550846,0.37378400564193726,17.543928146362305,0.017603835090994835,0.4233478903770447
208914,6042,4,5158,-1,1,25.058597564697266,0.3293858766555786,22.087177276611328,0.20075495541095734,23.065044403076172,0.2940605878829956,0.6826992630958557,5158,5190,0.36906296014785767,0,0.0031198961660265923,0.004937368910759687,25.46638298034668,0.0028402849566191435,0.4023737907409668,0.00618418212980032,0.2574172914028168,21.69783592224121,0.0067642005160450935,0.3067322373390198
209415,6043,5,515,-1,1,24.65736198425293,0.09360048174858093,21.39944839477539,0.14645643532276154,26.204063415527344,0.29463931918144226,0.49707022309303284,515,547,0.3983585834503174,0,0.003421873552724719,0.0023965900763869286,24.46164321899414,0.0035796095617115498,0.11108581721782684,0.007245282176882029,0.13198620080947876,20.925796508789062,0.008080167695879936,0.15425153076648712
209784,6043,5,916,-1,1,24.96354866027832,0.15259280800819397,23.580799102783203,0.15823595225811005,27.283342361450195,0.28219252824783325,0.5607375502586365,916,948,0.3950467109680176,0,0.003188932314515114,0.0018692436860874295,24.695491790771484,0.0033919611014425755,0.1773337423801422,0.004384501371532679,0.14063946902751923,23.10736846923828,0.004889484494924545,0.1688855141401291
210580,6043,5,1776,-1,1,20.959575653076172,0.11313275992870331,17.701662063598633,0.2153574526309967,26.843639373779297,0.4031486511230469,0.5341886878013611,1776,1808,0.47451260685920715,0,0.008017567917704582,0.0020684085320681334,20.4901123046875,0.00893282238394022,0.12590207159519196,0.016975941136479378,0.145992711186409,17.156736373901367,0.01924538053572178,0.15732070803642273
213127,6043,5,4515,-1,1,24.19826889038086,0.1051492691040039,21.515474319458008,0.19642972946166992,27.46211814880371,0.32271918654441833,0.6086707711219788,4515,4547,0.3663025200366974,0,0.003803408471867442,0.0017938592936843634,23.858867645263672,0.004112569615244865,0.11838749796152115,0.00705427723005414,0.13083431124687195,21.005699157714844,0.007932864129543304,0.14772553741931915
213162,6043,5,4550,-1,0,25.223186492919922,0.10266486555337906,21.081876754760742,0.14429643750190735,27.76251983642578,0.22189755737781525,0.6502840518951416,4550,4582,0.44582074880599976,0,0.003003871999680996,0.0016739709535613656,24.93701934814453,0.003208471927791834,0.11386172473430634,0.00779493385925889,0.1299850046634674,20.5612735748291,0.008787650614976883,0.14577719569206238
222717,6046,4,28,-1,0,23.53706169128418,0.16911016404628754,18.192745208740234,0.18155832588672638,26.912525177001953,0.4024965465068817,0.45108044147491455,28,60,0.4333944022655487,0,0.004428880754858255,0.0020358588080853224,23.190269470214844,0.004797038156539202,0.19845080375671387,0.01516091451048851,0.18714414536952972,17.653337478637695,0.017165884375572205,0.22345681488513947
224705,6046,4,2048,-1,1,20.436767578125,0.3286896049976349,21.88629150390625,0.29315754771232605,23.602218627929688,0.361343115568161,0.8112996816635132,2048,2080,0.3800807595252991,0,0.009043226018548012,0.004362930078059435,20.104045867919922,0.009763271547853947,0.3873371481895447,0.006476954091340303,0.23939354717731476,21.5047550201416,0.007071712985634804,0.28196194767951965
225291,6046,4,2634,-1,3,23.56766128540039,0.24107763171195984,21.540512084960938,0.20968198776245117,24.91421127319336,0.3784259855747223,0.5540898442268372,2634,2666,0.488828182220459,0,0.004397782497107983,0.003225365187972784,23.393096923828125,0.004578154534101486,0.2913614809513092,0.007013723719865084,0.2964261472225189,21.069053649902344,0.007817979902029037,0.35097771883010864
228270,6047,5,540,-1,3,23.318958282470703,0.11248853802680969,19.507123947143555,0.19519631564617157,27.104381561279297,0.30956682562828064,0.6305466294288635,540,572,0.47511473298072815,0,0.004656977020204067,0.001947878859937191,22.946701049804688,0.0050737615674734116,0.1262633502483368,0.011201797984540462,0.1431652158498764,18.9769287109375,0.012656312435865402,0.16098716855049133
229207,6047,5,1541,-1,3,26.80679702758789,0.22982582449913025,24.486618041992188,0.25118520855903625,24.72705841064453,0.39590245485305786,0.6344623565673828,1541,1573,0.4904250502586365,0,0.002086029155179858,0.0033673967700451612,27.2379207611084,0.0018888957565650344,0.26889756321907043,0.003559082979336381,0.24143348634243011,24.491100311279297,0.003555412171408534,0.27755194902420044
231102,6047,5,3468,-1,3,23.562278747558594,0.14578483998775482,20.483421325683594,0.22256813943386078,25.30677032470703,0.34978970885276794,0.6362912654876709,3468,3500,0.41071873903274536,0,0.004403239116072655,0.002946612425148487,23.346691131591797,0.004627335350960493,0.1640196293592453,0.008946594782173634,0.1559491604566574,19.99468994140625,0.01001223735511303,0.17799244821071625
233246,6048,2,798,-1,1,27.233844757080078,0.09644216299057007,24.676986694335938,0.15706633031368256,26.112577438354492,0.29343315958976746,0.5352712273597717,798,830,0.3894976079463959,0,0.0018906699260696769,0.0024476097896695137,27.435260772705078,0.0018049870850518346,0.11506755650043488,0.003406445262953639,0.15306703746318817,24.604053497314453,0.0034641334787011147,0.1836765706539154
233447,6048,2,999,-1,2,27.604997634887695,0.0813419371843338,23.717975616455078,0.12928543984889984,25.993865966796875,0.2712074816226959,0.47670307755470276,999,1031,0.38116469979286194,0,0.0017358030891045928,0.002515435917302966,27.915964126586914,0.0016158594517037272,0.09327803552150726,0.0042481753043830395,0.16461890935897827,23.424100875854492,0.004545586183667183,0.19654342532157898
233607,6048,2,1191,-1,3,26.221786499023438,0.1333802342414856,24.85784339904785,0.1433105617761612,25.450149536132812,0.33348172903060913,0.42974036931991577,1191,1223,0.4081360399723053,0,0.002386830747127533,0.0028509211260825396,26.353681564331055,0.0023154320660978556,0.15546442568302155,0.003267501713708043,0.2146785855293274,24.674274444580078,0.0034085726365447044,0.26237553358078003
234644,6048,2,2260,-1,0,28.576919555664062,0.08859173953533173,31.139938354492188,0.09851761162281036,27.170103073120117,0.08717059344053268,1.130170226097107,2260,2292,0.3779044449329376,0,0.0013877404853701591,0.001918623922392726,28.840349197387695,0.0013060661731287837,0.10661870241165161,0.0007691416540183127,0.05422274023294449,30.89946937561035,0.0008129298803396523,0.06449023634195328
237192,6048,2,4840,-1,3,27.62653350830078,0.09790115058422089,25.023456573486328,0.13314883410930634,27.00861930847168,0.29064351320266724,0.4581173360347748,4840,4872,0.41267478466033936,0,0.00172721641138196,0.001991306897252798,27.72991371154785,0.0016865871148183942,0.1165805459022522,0.003145245835185051,0.13360022008419037,24.835926055908203,0.0032840340863913298,0.15572793781757355
238197,6049,3,818,-1,2,28.65170669555664,0.07131315022706985,26.66546630859375,0.0794854387640953,28.301679611206055,0.19753813743591309,0.40238022804260254,818,850,0.25523388385772705,0,0.0013640470569953322,0.0014785362873226404,28.708152770996094,0.0013464331859722733,0.08496593683958054,0.0021550310775637627,0.09260976314544678,26.458587646484375,0.002260170876979828,0.1079811304807663
239704,6049,3,2389,-1,0,26.82518196105957,0.09100961685180664,23.793603897094727,0.10789792984724045,26.310808181762695,0.22909913957118988,0.470966100692749,2389,2421,0.3403446078300476,0,0.00207721721380949,0.0023384022060781717,26.910017013549805,0.0020370350684970617,0.10693428665399551,0.004174838308244944,0.16990014910697937,23.603763580322266,0.004361378028988838,0.1992860734462738
242053,6049,3,4866,-1,1,28.240249633789062,0.08886783570051193,26.085216522216797,0.1117565780878067,27.733964920043945,0.24137063324451447,0.46300819516181946,4866,4898,0.35662513971328735,0,0.0014995988458395004,0.0016850144602358341,28.323657989501953,0.0014710732502862811,0.10602587461471558,0.002463079523295164,0.15674267709255219,25.871856689453125,0.0025871070101857185,0.18393342196941376
243884,6050,4,1856,-1,0,27.291301727294922,0.08446557819843292,21.887006759643555,0.14295469224452972,25.623655319213867,0.3848281800746918,0.3714766800403595,1856,1888,0.397389680147171,0,0.0018658206099644303,0.0027392685879021883,27.615917205810547,0.0017314442666247487,0.09979374706745148,0.006475889123976231,0.23062779009342194,21.402088165283203,0.007240877486765385,0.27768340706825256
245966,6050,4,3970,-1,1,27.35652732849121,0.08479004353284836,21.793535232543945,0.11039867252111435,25.06102752685547,0.3201989233493805,0.3447815179824829,3970,4002,0.39396294951438904,0,0.0018380078254267573,0.0031181511003524065,27.8487491607666,0.0016410627868026495,0.10409273207187653,0.006616779137402773,0.3201140761375427,21.407270431518555,0.007232245523482561,0.3835790753364563
246533,6050,4,4569,-1,1,24.501453399658203,0.180546373128891,25.136423110961914,0.2029178887605667,23.69980812072754,0.30201515555381775,0.6718798279762268,4569,4601,0.3920741677284241,0,0.0035469485446810722,0.004265984985977411,24.639053344726562,0.0034363276790827513,0.2123066782951355,0.003064487362280488,0.14158038794994354,24.944076538085938,0.003203262574970722,0.17192557454109192
247337,6051,5,314,-1,2,20.429893493652344,0.19567476212978363,16.840396881103516,0.24637161195278168,25.088760375976562,0.4350738227367401,0.566275417804718,314,346,0.4343903958797455,0,0.009057551622390747,0.0030983034521341324,20.011150360107422,0.009974359534680843,0.22324475646018982,0.020699517801404,0.3755947947502136,16.322410583496094,0.02332163229584694,0.42663073539733887
249864,6051,5,2969,-1,0,23.92463493347168,0.10970848798751831,18.212873458862305,0.20609794557094574,26.307968139648438,0.4688381254673004,0.43959298729896545,2969,3001,0.45053327083587646,0,0.004050760064274073,0.002339930972084403,23.651235580444336,0.004313964396715164,0.12176314741373062,0.01509081944823265,0.3372843563556671,17.677364349365234,0.017071185633540154,0.38635480403900146
252387,6052,2,749,-1,3,23.108596801757812,0.14915145933628082,23.16704750061035,0.15297645330429077,28.670974731445312,0.16284190118312836,0.9394170045852661,749,781,0.3198542892932892,0,0.0048881033435463905,0.001358009409159422,22.651046752929688,0.005431194324046373,0.176274374127388,0.004822756163775921,0.12081579118967056,22.682350158691406,0.005392188671976328,0.1432310789823532
253520,6052,2,1914,-1,1,28.712417602539062,0.09304442256689072,26.225940704345703,0.11524299532175064,27.045747756958008,0.29735106229782104,0.3875654339790344,1914,1946,0.38734689354896545,0,0.0013451111735776067,0.001974354963749647,29.036792755126953,0.0012483044993132353,0.10647549480199814,0.002384547144174576,0.11939700692892075,26.342370986938477,0.0023214707616716623,0.14217592775821686
258422,6053,3,2020,-1,2,28.055437088012695,0.05908488482236862,26.88528823852539,0.06704127043485641,28.848779678344727,0.08698555082082748,0.7707173228263855,2020,2052,0.2767244875431061,0,0.0015647908439859748,0.001303533324971795,27.94529151916504,0.0016049843979999423,0.07052212953567505,0.0020486670546233654,0.04321230947971344,26.46544647216797,0.002256605075672269,0.05059241130948067
260292,6053,3,3954,-1,2,25.124832153320312,0.12779028713703156,20.918785095214844,0.14965584874153137,27.01960563659668,0.2445041686296463,0.6120789051055908,3954,3986,0.36013466119766235,0,0.0030726762488484383,0.001986276125535369,24.894800186157227,0.003239814890548587,0.1425727903842926,0.008093222044408321,0.1571982204914093,20.382286071777344,0.009157385677099228,0.17676380276679993
260645,6053,3,4339,-1,3,25.593406677246094,0.15552377700805664,20.86063575744629,0.13714177906513214,24.94476318359375,0.28195005655288696,0.48640450835227966,4339,4371,0.3834429085254669,0,0.002758413553237915,0.0032027545385062695,25.702390670776367,0.0026900533121079206,0.1807229071855545,0.00820231530815363,0.2165372669696808,20.40801239013672,0.00910329818725586,0.2433142364025116
267888,6055,5,1560,-1,0,25.10257339477539,0.12969879806041718,21.02177619934082,0.20783495903015137,26.08306884765625,0.3483331799507141,0.5966556668281555,1560,1592,0.46628883481025696,0,0.0030884663574397564,0.002464297926053405,24.9695987701416,0.0031844922341406345,0.14569039642810822,0.007903553545475006,0.1659117490053177,20.542266845703125,0.00882619246840477,0.18805164098739624
268861,6055,5,2597,-1,2,25.237102508544922,0.11433307081460953,20.1239013671875,0.18773473799228668,25.78390121459961,0.39768800139427185,0.47206538915634155,2597,2629,0.3713659942150116,0,0.0029942619148641825,0.0026400364004075527,25.158769607543945,0.003048758488148451,0.1270310878753662,0.009718740358948708,0.2837376594543457,19.65334701538086,0.010830916464328766,0.32729530334472656
272300,6056,2,1293,-1,0,22.206575393676758,0.17867383360862732,20.2607421875,0.17431406676769257,25.263835906982422,0.32010290026664734,0.5445563197135925,1293,1325,0.41065841913223267,0,0.0060164788737893105,0.0029758878517895937,21.881393432617188,0.006484263110905886,0.20514166355133057,0.009417290799319744,0.1656232327222824,19.807231903076172,0.010453864932060242,0.18594470620155334
272680,6056,2,1705,-1,0,24.64134407043457,0.15602508187294006,23.813251495361328,0.20090220868587494,25.612960815429688,0.35212311148643494,0.5705453753471375,1705,1737,0.39319613575935364,0,0.003434516256675124,0.002746021142229438,24.509429931640625,0.0035404383670538664,0.17983371019363403,0.004155992530286312,0.3003755807876587,23.427711486816406,0.004541810601949692,0.3469783365726471
274078,6056,2,3103,-1,2,23.494661331176758,0.29578253626823425,22.554615020751953,0.2503538131713867,20.68376350402832,0.32442528009414673,0.7716840505599976,3103,3135,0.4012570083141327,0,0.004472331143915653,0.00854326318949461,24.14986801147461,0.003846033476293087,0.3462078273296356,0.005553141236305237,0.28127628564834595,22.723329544067383,0.005341547541320324,0.33680015802383423
274497,6056,2,3554,-1,3,27.19588279724121,0.12053533643484116,24.714675903320312,0.12780827283859253,25.88949966430664,0.27561765909194946,0.4637158215045929,3554,3586,0.3879599869251251,0,0.001907267956994474,0.002576618455350399,27.436933517456055,0.0018042910378426313,0.14251291751861572,0.003377011511474848,0.14034351706504822,24.646228790283203,0.0034306556917726994,0.1671954244375229
278930,6057,3,3120,-1,2,27.04751205444336,0.0999205932021141,27.66741943359375,0.10371940582990646,30.07356834411621,0.11308201402425766,0.9172051548957825,3120,3152,0.33673396706581116,0,0.0019735535606741905,0.0009832031792029738,26.72454071044922,0.0021259153727442026,0.11686334013938904,0.0017110311891883612,0.0802624300122261,27.209779739379883,0.001901174895465374,0.09469455480575562
279087,6057,3,3309,-1,3,25.035341262817383,0.1456957757472992,22.808849334716797,0.14333762228488922,28.063983917236328,0.26125961542129517,0.5486405491828918,3309,3341,0.29717111587524414,0,0.003136648563668132,0.0015617150347679853,24.712188720703125,0.003378945868462324,0.1701429784297943,0.00523739168420434,0.15744325518608093,22.365018844604492,0.005800936836749315,0.19137850403785706
280412,6057,3,4698,-1,1,26.43511962890625,0.08979503810405731,22.908958435058594,0.11778493225574493,28.161714553833008,0.2241598665714264,0.525450587272644,4698,4730,0.3457503318786621,0,0.002272416837513447,0.0015269636642187834,26.221290588378906,0.0023871022276580334,0.10102009773254395,0.005118043627589941,0.10538392513990402,22.49872398376465,0.005625065881758928,0.11715051531791687
285053,6058,4,4528,-1,0,28.310894012451172,0.09942573308944702,27.981853485107422,0.10927359014749527,25.61855125427246,0.21436236798763275,0.5097610950469971,4528,4560,0.3875664472579956,0,0.001475403318181634,0.0027424897998571396,28.92631721496582,0.0012804670259356499,0.12262727320194244,0.0015915293479338288,0.08556393533945084,28.110157012939453,0.0015451994258910418,0.10289973765611649
287423,6059,5,1857,-1,1,24.679698944091797,0.13927222788333893,20.56192398071289,0.17041252553462982,25.652549743652344,0.3435785472393036,0.4959929287433624,1857,1889,0.36842066049575806,0,0.0034043181221932173,0.0027211038395762444,24.547636032104492,0.003509428119286895,0.16505934298038483,0.008786332793533802,0.25726109743118286,20.058250427246094,0.009866769425570965,0.3040846884250641
288296,6059,5,2794,-1,1,25.8751277923584,0.1029004454612732,23.418272018432617,0.16581110656261444,27.14017105102539,0.2693030834197998,0.6157044768333435,2794,2826,0.3928286135196686,0,0.0025851589161902666,0.00193189294077456,25.70948600769043,0.0026856616605073214,0.11472448706626892,0.004551691003143787,0.12509983777999878,23.08582305908203,0.004913801793009043,0.1398574858903885
292828,6060,2,2686,-1,0,24.607393264770508,0.15799757838249207,23.513050079345703,0.1511475145816803,26.626359939575195,0.21454744040966034,0.7044945955276489,2686,2718,0.34422627091407776,0,0.0034614712931215763,0.0021745231933891773,24.365825653076172,0.0036594632547348738,0.1805032193660736,0.004453434608876705,0.10811653733253479,23.142881393432617,0.0048496657982468605,0.123960942029953
294055,6060,2,3977,-1,1,26.96636962890625,0.0994403064250946,24.63655662536621,0.1366727203130722,26.39928436279297,0.30958276987075806,0.44147393107414246,3977,4009,0.38743001222610474,0,0.0020107741001993418,0.0022912458516657352,27.060577392578125,0.0019676245283335447,0.1158723309636116,0.0034383051097393036,0.16183975338935852,24.431232452392578,0.003604762488976121,0.18632760643959045
294840,6060,2,4794,-1,3,28.74152374267578,0.08994559943675995,25.688817977905273,0.13033394515514374,27.63312339782715,0.3022167682647705,0.43125981092453003,4794,4826,0.3939262926578522,0,0.0013361265882849693,0.0017245974158868194,28.940261840820312,0.0012763618724420667,0.10610596835613251,0.0026984745636582375,0.14587201178073883,25.59760856628418,0.00275574647821486,0.1725662350654602
297216,6061,3,2285,-1,2,25.54738998413086,0.0896083414554596,20.12424087524414,0.10922473669052124,28.598289489746094,0.33474332094192505,0.3262940049171448,2285,2317,0.3880164921283722,0,0.0027877965476363897,0.0013809282099828124,25.22265625,0.00300423800945282,0.09851822257041931,0.009717977605760098,0.2768940329551697,19.545246124267578,0.01110389456152916,0.3151107430458069
297411,6061,3,2480,-1,1,27.404342651367188,0.08988694846630096,21.717567443847656,0.06769365072250366,28.328048706054688,0.2943858802318573,0.22994869947433472,2480,2512,0.35839277505874634,0,0.0018178827594965696,0.0014695868594571948,27.278179168701172,0.0018714667530730367,0.10327775776386261,0.006733538582921028,0.2972536087036133,21.284832000732422,0.007439035456627607,0.34087949991226196
298826,6061,3,3991,-1,3,19.91683578491211,0.1983940303325653,18.364957809448242,0.24513891339302063,28.212738037109375,0.35821494460105896,0.6843346953392029,3991,4023,0.37465882301330566,0,0.01019334141165018,0.0015091283712536097,19.381942749023438,0.011529374867677689,0.2309868484735489,0.014571497216820717,0.29854005575180054,17.789201736450195,0.016637181863188744,0.3466039001941681
299630,6061,3,4827,-1,0,27.504060745239258,0.08874930441379547,25.567285537719727,0.12650442123413086,27.550445556640625,0.23672138154506683,0.5344021916389465,4827,4859,0.3240435719490051,0,0.001776618417352438,0.0017577437683939934,27.496967315673828,0.0017795223975554109,0.10521376878023148,0.0027750544250011444,0.15867051482200623,25.145549774169922,0.0030580530874431133,0.18787269294261932
300211,6062,4,537,-1,1,25.221912384033203,0.1678956300020218,24.001449584960938,0.18243655562400818,26.07303237915039,0.3292085826396942,0.5541670918464661,537,569,0.42471739649772644,0,0.003004752565175295,0.002469999948516488,25.104602813720703,0.0030870221089571714,0.20070083439350128,0.003979742992669344,0.24286797642707825,23.578449249267578,0.004386874381452799,0.29134178161621094
300422,6062,4,748,-1,0,24.08454704284668,0.1923747956752777,21.40570068359375,0.22962895035743713,25.915109634399414,0.3913007378578186,0.5868349671363831,748,780,0.4160987138748169,0,0.003904320765286684,0.0025614688638597727,23.86061668395996,0.004110913723707199,0.2279025763273239,0.007234856486320496,0.28292497992515564,20.926998138427734,0.008077934384346008,0.3364933729171753
305838,6063,5,1052,-1,1,23.47796630859375,0.10015218704938889,23.031051635742188,0.18965741991996765,27.25013542175293,0.17853739857673645,1.062283992767334,1052,1084,0.3749030828475952,0,0.004489555023610592,0.0018835910595953465,23.106494903564453,0.004890472628176212,0.10958793014287949,0.004976167809218168,0.07205400615930557,22.589101791381836,0.005509219132363796,0.07870927453041077
306517,6063,5,1763,-1,1,21.148073196411133,0.2003071904182434,16.885374069213867,0.2633189857006073,25.567949295043945,0.4331672787666321,0.6078921556472778,1763,1795,0.3975924551486969,0,0.00767701817676425,0.0027746311388909817,20.741090774536133,0.00843123160302639,0.22589996457099915,0.02048625238239765,0.3784116506576538,16.319442749023438,0.023337585851550102,0.42471984028816223
307483,6063,5,2793,-1,3,24.025524139404297,0.09746506810188293,23.042354583740234,0.20144620537757874,28.41101837158203,0.27824240922927856,0.7239953279495239,2793,2825,0.45855337381362915,0,0.003957744687795639,0.0014417771017178893,23.620285034179688,0.0043448167853057384,0.10855001211166382,0.004963232669979334,0.08884279429912567,22.661666870117188,0.005417929496616125,0.09778454899787903
309990,6064,2,454,-1,2,24.10152244567871,0.13530521094799042,20.93787956237793,0.15722081065177917,26.254470825195312,0.32147321105003357,0.4890635013580322,454,486,0.40612196922302246,0,0.0038890878204256296,0.0023689335212111473,23.847911834716797,0.004122958052903414,0.1546131819486618,0.00805772002786398,0.16244812309741974,20.443180084228516,0.00902988389134407,0.18550926446914673
314128,6064,2,4816,-1,3,20.047807693481445,0.2713826298713684,18.959774017333984,0.26537278294563293,24.5986270904541,0.412598580121994,0.6431742310523987,4816,4848,0.42662397027015686,0,0.009890526533126831,0.003468466456979513,19.634296417236328,0.01087853591889143,0.30499911308288574,0.012706400826573372,0.3229975700378418,18.46371841430664,0.014243877492845058,0.36725008487701416
317600,6065,3,3474,-1,3,26.703948974609375,0.09601350128650665,21.39183235168457,0.11580866575241089,26.456050872802734,0.3421127498149872,0.3385102450847626,3474,3506,0.40571486949920654,0,0.002136019291356206,0.0022614917252212763,26.74337387084961,0.0021167160011827946,0.10935606062412262,0.00725799473002553,0.2627865672111511,21.03754997253418,0.007874902337789536,0.3014776408672333
318557,6065,3,4463,-1,3,24.051921844482422,0.12009458988904953,17.785057067871094,0.18118508160114288,27.60533905029297,0.3887474834918976,0.4660739600658417,4463,4495,0.37318551540374756,0,0.003933759871870279,0.0017356666503474116,23.693761825561523,0.00427192822098732,0.139083132147789,0.016653072088956833,0.29245343804359436,17.241920471191406,0.018871571868658066,0.3361305892467499
319150,6066,4,178,-1,2,23.125972747802734,0.14136643707752228,22.052139282226562,0.21062862873077393,25.331308364868164,0.38010555505752563,0.5541319251060486,178,210,0.4422333538532257,0,0.004868586082011461,0.0029300109017640352,22.867759704589844,0.005166827701032162,0.16493022441864014,0.006234275177121162,0.18481731414794922,21.6085262298584,0.00690474035218358,0.21911752223968506
319176,6066,4,204,-1,0,24.384233474731445,0.14493602514266968,22.476505279541016,0.20485936105251312,26.041269302368164,0.35566720366477966,0.5759860873222351,204,236,0.40364351868629456,0,0.003643984440714121,0.0024881295394152403,24.17731285095215,0.0038218083791434765,0.172557532787323,0.005653918720781803,0.22220227122306824,22.135425567626953,0.006115858443081379,0.25757014751434326
319573,6066,4,601,-1,1,16.201576232910156,0.4840383231639862,15.792285919189453,0.4418403208255768,22.456682205200195,0.46845918893814087,0.9431778192520142,601,633,0.43124502897262573,0,0.02397962659597397,0.005679787136614323,15.719465255737305,0.02679498679935932,0.5510727763175964,0.026349442079663277,0.42565208673477173,15.240116119384766,0.029921848326921463,0.4710662364959717
320448,6066,4,1476,-1,0,24.850589752197266,0.20218735933303833,20.00562286376953,0.15730440616607666,25.545307159423828,0.3368956744670868,0.46692320704460144,1476,1508,0.4660729169845581,0,0.003272963222116232,0.0027891353238373995,24.752925872802734,0.0033473982475697994,0.22872234880924225,0.009987065568566322,0.2655820846557617,19.525188446044922,0.011155295185744762,0.303232878446579
326492,6067,5,2337,-1,2,22.730052947998047,0.11056449264287949,17.730623245239258,0.2390320748090744,26.14284324645996,0.46172839403152466,0.5176897644996643,2337,2369,0.4122697114944458,0,0.005333284847438335,0.0024306129198521376,22.38083267211914,0.005779850296676159,0.1193864494562149,0.016863113269209862,0.3150360882282257,17.22612190246582,0.01894034445285797,0.35374584794044495
327888,6067,5,3765,-1,2,24.140125274658203,0.09782340377569199,17.842193603515625,0.19220221042633057,26.422935485839844,0.44209805130958557,0.43475019931793213,3765,3797,0.4465624690055847,0,0.003854673355817795,0.002278802450746298,23.875219345092773,0.004097114782780409,0.10458515584468842,0.0164354108273983,0.23240363597869873,17.282020568847656,0.018698126077651978,0.2595771253108978
329492,6068,2,501,-1,1,25.268218994140625,0.1755376011133194,22.60942268371582,0.1882118284702301,25.71658706665039,0.31366071105003357,0.6000490784645081,501,533,0.4064362645149231,0,0.002972886897623539,0.002681275364011526,25.203168869018555,0.003017750568687916,0.20001980662345886,0.005483499262481928,0.23130996525287628,22.224781036376953,0.0059913103468716145,0.26711520552635193
331113,6068,2,2154,-1,1,25.511301040649414,0.16197995841503143,22.026142120361328,0.17366579174995422,25.62934112548828,0.33121493458747864,0.5243296027183533,2154,2186,0.40842342376708984,0,0.0028110600542277098,0.0027356839273124933,25.49342155456543,0.0028226561844348907,0.1890648752450943,0.006271707825362682,0.16476236283779144,21.762554168701172,0.006664147134870291,0.18774457275867462
331500,6068,2,2541,-1,0,23.56493377685547,0.22363528609275818,21.780963897705078,0.20871248841285706,24.544984817504883,0.3210398852825165,0.6501138806343079,2541,2573,0.3837262988090515,0,0.0044005452655255795,0.0035115715581923723,23.432016372680664,0.00453731045126915,0.2544304132461548,0.006635959725826979,0.27116867899894714,21.42264175415039,0.007206690963357687,0.30770060420036316
332718,6068,2,3791,-1,3,27.50421905517578,0.11822958290576935,27.855844497680664,0.1673329621553421,25.15115737915039,0.24832744896411896,0.6738399863243103,3791,3823,0.39237290620803833,0,0.0017765522934496403,0.003054107539355755,28.013416290283203,0.0015800052788108587,0.13602504134178162,0.0016383844194933772,0.10076629370450974,27.82364273071289,0.001650576712563634,0.11797184497117996
334910,6069,3,917,-1,1,28.133451461791992,0.08091088384389877,26.104732513427734,0.10867410898208618,28.31569480895996,0.19487586617469788,0.5576581358909607,917,949,0.35235828161239624,0,0.0015369330067187548,0.0014737732708454132,28.1060791015625,0.0015466498443856835,0.09219671040773392,0.0024520361330360174,0.12292563915252686,25.7117919921875,0.0026842369697988033,0.14369744062423706
335146,6069,3,1185,-1,0,27.821969985961914,0.09917764365673065,26.627836227416992,0.10219313204288483,27.36152458190918,0.17842788994312286,0.5727419257164001,1185,1217,0.31866544485092163,0,0.0016512128058820963,0.0018358947709202766,27.897350311279297,0.001622800249606371,0.11683732271194458,0.00217378418892622,0.11665716022253036,26.33355140686035,0.0023261881433427334,0.14441661536693573
337140,6069,3,3307,-1,1,24.612865447998047,0.1012757197022438,21.256702423095703,0.12910929322242737,25.397445678710938,0.23469172418117523,0.5501229166984558,3307,3339,0.3151998221874237,0,0.003457112703472376,0.002885728143155575,24.503814697265625,0.003545018145814538,0.11563827097415924,0.00748737808316946,0.15558217465877533,20.894405364990234,0.00813878234475851,0.1666097640991211
339074,6070,4,434,-1,2,28.02175521850586,0.1385260373353958,26.82255744934082,0.17289932072162628,25.47844886779785,0.2803904116153717,0.6166377663612366,434,466,0.40008679032325745,0,0.001576974056661129,0.0028324038721621037,28.589170455932617,0.001383831026032567,0.16990318894386292,0.002078471938148141,0.17744776606559753,26.88428497314453,0.00204914016649127,0.2128465622663498
342020,6070,4,3476,-1,0,27.715673446655273,0.08879132568836212,23.76266098022461,0.12661288678646088,27.126541137695312,0.3095948100090027,0.4089632034301758,3476,3508,0.3835974931716919,0,0.0016921255737543106,0.0019379653967916965,27.813846588134766,0.0016543042147532105,0.10638832300901413,0.004204690922051668,0.24503284692764282,23.36438751220703,0.004608520772308111,0.293472021818161
342815,6070,4,4303,-1,2,28.424701690673828,0.0720004141330719,24.960628509521484,0.1317124366760254,25.664310455322266,0.3538707494735718,0.3722049295902252,4303,4335,0.40354907512664795,0,0.0014372423756867647,0.002713744528591633,29.062782287597656,0.001240857527591288,0.08639685809612274,0.0031910769175738096,0.239962637424469,25.00718879699707,0.0031570489518344402,0.2851976454257965
343058,6070,4,4546,-1,1,25.329540252685547,0.12915512919425964,22.21800994873047,0.16783328354358673,24.649364471435547,0.3016684949398041,0.55635005235672,4546,4578,0.40750184655189514,0,0.0029312032274901867,0.003428179770708084,25.444326400756836,0.0028547453694045544,0.153195321559906,0.0060006603598594666,0.18361300230026245,21.906213760375977,0.006447310093790293,0.2138083279132843
344202,6071,5,663,-1,1,23.675710678100586,0.10910914838314056,23.141183853149414,0.1898435652256012,25.021015167236328,0.20696234703063965,0.9172855019569397,663,695,0.39815250039100647,0,0.004289720673114061,0.0031470144167542458,23.501279830932617,0.004465521313250065,0.12034885585308075,0.004851562902331352,0.09171680361032486,22.72352409362793,0.005341308657079935,0.10193431377410889
353378,6073,3,229,-1,1,21.296764373779297,0.19366908073425293,19.172264099121094,0.16681905090808868,26.35657501220703,0.3177811801433563,0.5249494314193726,229,261,0.3519093096256256,0,0.007418629713356495,0.0023138890974223614,20.859756469726562,0.008203974924981594,0.21672119200229645,0.012099670246243477,0.2415039986371994,18.668291091918945,0.013588487170636654,0.2685825228691101
353631,6073,3,482,-1,2,26.18656349182129,0.07806531339883804,28.516881942749023,0.11226110905408859,27.130231857299805,0.1030883938074112,1.0889791250228882,482,514,0.3619416654109955,0,0.0024062655866146088,0.0019363194005563855,26.05799674987793,0.002478565089404583,0.08870689570903778,0.001407057512551546,0.046580780297517776,28.499343872070312,0.0014127511531114578,0.053316183388233185
356285,6073,3,3360,-1,0,26.74332046508789,0.11791068315505981,23.501659393310547,0.13635845482349396,26.7772216796875,0.2624540627002716,0.519551694393158,3360,3392,0.3554289937019348,0,0.002116741146892309,0.0021002832800149918,26.738130569458008,0.002119273180142045,0.13784359395503998,0.004465132486075163,0.17636889219284058,23.088153839111328,0.004911165218800306,0.20933306217193604
357437,6073,3,4576,-1,0,24.186735153198242,0.11332318186759949,18.082101821899414,0.15310004353523254,26.759416580200195,0.3524770736694336,0.43435460329055786,4576,4608,0.3432444930076599,0,0.0038135244976729155,0.002108911518007517,23.897899627685547,0.0040757725946605206,0.12621301412582397,0.015552131459116936,0.33607903122901917,17.539264678955078,0.017622752115130424,0.37398722767829895
360116,6074,4,2455,-1,2,19.048484802246094,0.25347721576690674,18.62822723388672,0.3347548842430115,23.320152282714844,0.4520229399204254,0.7405705451965332,2455,2487,0.5058450102806091,0,0.012449493631720543,0.00465569831430912,18.649141311645508,0.01364853698760271,0.28358128666877747,0.013714421540498734,0.2814229428768158,18.134096145629883,0.015367044135928154,0.32745155692100525
361729,6074,4,4068,-1,3,18.425861358642578,0.28454065322875977,11.85919189453125,0.2663861811161041,22.214452743530273,0.5159482359886169,0.516304075717926,4068,4100,0.4783167541027069,0,0.01436858531087637,0.006005574483424425,18.05341339111328,0.01565520465373993,0.3156358003616333,0.06517496705055237,0.369513601064682,11.269144058227539,0.07465958595275879,0.4076531231403351
362075,6074,4,4414,-1,1,22.437850952148438,0.23125407099723816,18.941198348999023,0.17379319667816162,24.261783599853516,0.40186038613319397,0.4324715733528137,4414,4446,0.4520587623119354,0,0.00570446252822876,0.0037481908220797777,22.214563369750977,0.006005427334457636,0.25666138529777527,0.012760869227349758,0.2661702036857605,18.434310913085938,0.014340653084218502,0.3006771504878998
362156,6074,4,4495,-1,2,22.03798484802246,0.1739850789308548,18.171131134033203,0.16573770344257355,24.20263671875,0.4287478029727936,0.3865622282028198,4495,4527,0.4839966595172882,0,0.006254630628973246,0.003799585858359933,21.783340454101562,0.0066323294304311275,0.19816844165325165,0.015236558392643929,0.28716665506362915,17.676183700561523,0.01707582175731659,0.31922513246536255
362932,6075,5,134,-1,2,25.556413650512695,0.07642221450805664,22.596948623657227,0.15863938629627228,27.74417495727539,0.29086145758628845,0.5454121828079224,134,166,0.43266841769218445,0,0.002782009541988373,0.0016810582019388676,25.299739837646484,0.0029513868503272533,0.08516056090593338,0.00549927307292819,0.12125906348228455,22.13317108154297,0.00611903378739953,0.13827313482761383
363303,6075,5,505,-1,1,23.605655670166016,0.15082097053527832,19.028440475463867,0.19501173496246338,25.01781463623047,0.3869030773639679,0.504032552242279,505,537,0.3778427839279175,0,0.004359475802630186,0.0031493338756263256,23.42403793334961,0.004545651376247406,0.17238029837608337,0.012507084757089615,0.25508421659469604,18.50844955444336,0.014097926206886768,0.2905304431915283
363621,6075,5,855,-1,1,26.12868309020996,0.09830480813980103,21.583770751953125,0.13581246137619019,26.931245803833008,0.30801454186439514,0.44092872738838196,855,887,0.36493048071861267,0,0.002438550116494298,0.0020271025132387877,26.01738929748535,0.0025018497835844755,0.1150602325797081,0.006944207474589348,0.19941169023513794,21.037004470825195,0.007875892333686352,0.2366773933172226
371894,6076,2,4522,-1,3,30.652982711791992,0.215347558259964,33.687896728515625,0.20649206638336182,23.762226104736328,0.26965922117233276,0.7657518982887268,4522,4554,0.3714052736759186,0,0.0008604024769738317,0.004205110017210245,34.61134719848633,0.0003458321443758905,0.2680319845676422,0.00042777013732120395,0.10214857757091522,35.9382209777832,0.000254787621088326,0.12555661797523499
372104,6076,2,4732,-1,1,23.286663055419922,0.297860711812973,23.09237289428711,0.28156712651252747,23.64651870727539,0.3207121789455414,0.8779433369636536,4732,4764,0.30030572414398193,0,0.004691739566624165,0.004318649880588055,23.23385238647461,0.004749138839542866,0.3483392596244812,0.004906399641185999,0.2293221354484558,22.67983627319336,0.005395310930907726,0.27543437480926514
373223,6077,3,827,-1,0,25.40186882019043,0.09725921601057053,25.38027000427246,0.10010798275470734,29.082809448242188,0.11717486381530762,0.8543469309806824,827,859,0.2931666076183319,0,0.002882791217416525,0.0012351481709629297,25.035858154296875,0.0031362746376544237,0.11671565473079681,0.0028971629217267036,0.06886032968759537,25.132354736328125,0.003067358396947384,0.0796196386218071
374295,6077,3,1995,-1,1,23.346412658691406,0.11141230165958405,20.414831161499023,0.14593815803527832,27.434234619140625,0.2955418825149536,0.49379855394363403,1995,2027,0.30959999561309814,0,0.004627631511539221,0.0018054136307910085,22.956933975219727,0.00506181875243783,0.1312583088874817,0.009089013561606407,0.15326954424381256,19.96414566040039,0.010082900524139404,0.17566534876823425
374516,6077,3,2248,-1,2,24.344005584716797,0.12315203994512558,22.277740478515625,0.11785051971673965,28.153268814086914,0.2526944875717163,0.4663754999637604,2248,2280,0.26811376214027405,0,0.003677895525470376,0.001529935747385025,23.97034454345703,0.004008350893855095,0.14103475213050842,0.005918694660067558,0.1359482854604721,21.78750228881836,0.006625973619520664,0.15487048029899597
376838,6077,3,4730,-1,2,24.041099548339844,0.15408220887184143,20.6838436126709,0.16823413968086243,26.129180908203125,0.3061563968658447,0.5495039224624634,4730,4762,0.37735500931739807,0,0.0039435760118067265,0.0024382711853832006,23.79326820373535,0.004175161011517048,0.17503267526626587,0.008543102070689201,0.18104776740074158,20.193222045898438,0.009564843028783798,0.20422835648059845
377181,6078,4,248,-1,0,26.961223602294922,0.07478948682546616,25.77053451538086,0.12575805187225342,26.51596450805664,0.1960316151380539,0.6415192484855652,248,280,0.35795602202415466,0,0.0020131568890064955,0.002230506855994463,27.033966064453125,0.0019797184504568577,0.0860217809677124,0.0026481731329113245,0.08979339897632599,25.585948944091797,0.002763153985142708,0.1055656298995018
379730,6078,4,2829,-1,2,28.659305572509766,0.07713550329208374,26.184650421142578,0.12301009148359299,25.702943801879883,0.30236345529556274,0.4068285822868347,2829,2861,0.3679238557815552,0,0.0013616629876196384,0.002689712680876255,29.36536407470703,0.0011573476949706674,0.09273700416088104,0.0024073270615190268,0.1943196952342987,26.223041534423828,0.0023861397057771683,0.2350226491689682
380070,6078,4,3201,-1,1,28.688488006591797,0.0726226344704628,25.547710418701172,0.13388407230377197,26.522939682006836,0.3188033401966095,0.4199581742286682,3201,3233,0.4040365219116211,0,0.001352543942630291,0.0022269280161708593,29.14344596862793,0.0012180233607068658,0.0885712131857872,0.002787591191008687,0.14852400124073029,25.71490478515625,0.002682312624529004,0.1767534613609314
382418,6079,5,444,-1,0,21.907432556152344,0.12095049023628235,17.68922996520996,0.2906673550605774,25.24273681640625,0.49073711037635803,0.5923076868057251,444,476,0.4025117754936218,0,0.006445502396672964,0.0029903806280344725,21.563278198242188,0.0069770594127476215,0.12836810946464539,0.017024600878357887,0.27516499161720276,17.17809295654297,0.019150976091623306,0.309948205947876
382601,6079,5,627,-1,3,26.462684631347656,0.13788112998008728,23.02790641784668,0.1851053684949875,26.319538116455078,0.401235967874527,0.4613379240036011,627,659,0.41255855560302734,0,0.0022580407094210386,0.002333706710487604,26.485130310058594,0.002246399875730276,0.15445098280906677,0.004979771561920643,0.23303647339344025,22.659332275390625,0.00542084313929081,0.26679879426956177
388416,6080,2,1685,-1,1,26.241626739501953,0.09656687825918198,23.39595603942871,0.09414320439100266,27.251131057739258,0.2965652644634247,0.31744515895843506,1685,1717,0.38443198800086975,0,0.002375951036810875,0.0018831591587513685,26.105213165283203,0.002451765350997448,0.11334246397018433,0.004575141239911318,0.11370544135570526,23.04701805114746,0.004957905504852533,0.1285126805305481
388927,6080,2,2260,-1,2,22.72164535522461,0.1836506724357605,20.208280563354492,0.22372393310070038,25.053314208984375,0.3919053077697754,0.5708622336387634,2260,2292,0.411349892616272,0,0.005343619734048843,0.003123694797977805,22.45258331298828,0.005685146432369947,0.20779742300510406,0.009531740099191666,0.2616477906703949,19.81838607788086,0.010427047498524189,0.29827532172203064
389221,6080,2,2554,-1,0,25.845701217651367,0.14529629051685333,24.717350006103516,0.1443203240633011,26.547710418701172,0.2630361020565033,0.5486711859703064,2554,2586,0.3991740643978119,0,0.0026027350686490536,0.002214261097833514,25.74710464477539,0.0026625001337379217,0.17475363612174988,0.003374932100996375,0.19454985857009888,24.503074645996094,0.0035456232726573944,0.2249322235584259
390342,6080,2,3707,-1,0,26.12691879272461,0.14563323557376862,22.807634353637695,0.17145459353923798,26.575576782226562,0.30617478489875793,0.5599892735481262,3707,3739,0.4302137792110443,0,0.0024395405780524015,0.002200100105255842,26.061832427978516,0.002476377645507455,0.16979846358299255,0.005238857585936785,0.21500876545906067,22.411598205566406,0.005739050917327404,0.24872329831123352
391535,6080,2,4900,-1,1,19.85517692565918,0.38961508870124817,16.48094367980957,0.2968568503856659,23.66858673095703,0.4793250262737274,0.619322657585144,4900,4932,0.42398834228515625,0,0.010339091531932354,0.004296763334423304,19.48126983642578,0.011268680915236473,0.4507080018520355,0.022485656663775444,0.3947051465511322,15.909577369689941,0.02564733475446701,0.44920215010643005
391644,6080,2,5009,-1,2,26.69053840637207,0.09959696233272552,23.641029357910156,0.15546326339244843,25.079662322998047,0.3222782015800476,0.48238837718963623,5009,5041,0.3996387720108032,0,0.0021426251623779535,0.0031048008240759373,27.001447677612305,0.001994598191231489,0.1192806139588356,0.004324115347117186,0.19635745882987976,23.516918182373047,0.004449468571692705,0.23406463861465454
392342,6081,3,719,-1,1,18.74264144897461,0.34236425161361694,17.934354782104492,0.30303046107292175,23.96878433227539,0.39966922998428345,0.7582031488418579,719,751,0.3821435272693634,0,0.013357829302549362,0.004009789787232876,18.298559188842773,0.01479598879814148,0.3810131847858429,0.01609031856060028,0.26046764850616455,17.401344299316406,0.0181913860142231,0.2926563620567322
392561,6081,3,938,-1,0,26.980314254760742,0.10435953736305237,25.4404354095459,0.13306795060634613,27.068395614624023,0.1963382512331009,0.6777485013008118,938,970,0.30275633931159973,0,0.0020043272525072098,0.0019640852697193623,26.966922760009766,0.002010518219321966,0.12266518175601959,0.002857303712517023,0.11683869361877441,25.05713653564453,0.003120945766568184,0.13622145354747772
393201,6081,3,1610,-1,1,19.75376319885254,0.20134815573692322,20.15958023071289,0.24142228066921234,21.232341766357422,0.31383615732192993,0.7692621350288391,1610,1642,0.3634534180164337,0,0.0105833625420928,0.007529495749622583,19.56512451171875,0.01105318870395422,0.23175674676895142,0.009639221243560314,0.17890805006027222,20.009031295776367,0.009979226626455784,0.20388959348201752
397450,6082,4,1148,-1,0,27.547382354736328,0.10648796707391739,26.499549865722656,0.14570459723472595,25.636537551879883,0.26721373200416565,0.5452736020088196,1148,1180,0.36429837346076965,0,0.0017589834751561284,0.0027311546728014946,27.933311462402344,0.0016094185411930084,0.12453203648328781,0.002238954184576869,0.12114923447370529,26.463632583618164,0.002257547341287136,0.14365048706531525
397998,6082,4,1696,-1,0,27.042808532714844,0.11798593401908875,23.110177993774414,0.14255709946155548,25.442543029785156,0.27427634596824646,0.5197571516036987,1696,1728,0.3551632761955261,0,0.0019756914116442204,0.0028559183701872826,27.351181030273438,0.0018402717541903257,0.14156103134155273,0.00488632544875145,0.16076752543449402,22.763032913208008,0.005292939022183418,0.1873156577348709
398232,6082,4,1930,-1,2,28.49433135986328,0.09977298229932785,27.406177520751953,0.14990507066249847,26.22496795654297,0.29690811038017273,0.5048871040344238,1930,1962,0.4116328954696655,0,0.001414382248185575,0.002385081024840474,28.97894287109375,0.001265044091269374,0.1161373183131218,0.0018171144183725119,0.16399212181568146,27.494510650634766,0.0017805288080126047,0.19504421949386597
399189,6082,4,2887,-1,3,21.219852447509766,0.17304754257202148,14.652284622192383,0.17199774086475372,26.43253517150879,0.4357483983039856,0.3947180211544037,2887,2919,0.4512098729610443,0,0.00755118066444993,0.0022737698163837194,20.77633285522461,0.008363090455532074,0.19204400479793549,0.03425874933600426,0.30031818151474,14.066824913024902,0.039202842861413956,0.3349970579147339
406554,6084,2,390,-1,2,24.183319091796875,0.1422995924949646,23.493776321411133,0.13911466300487518,26.864500045776367,0.24644358456134796,0.5644888877868652,390,422,0.4189023971557617,0,0.00381652545183897,0.00205849576741457,23.885963439941406,0.004086991772055626,0.16389088332653046,0.0044732424430549145,0.12923046946525574,23.102279663085938,0.004895219579339027,0.1497185379266739
409011,6084,2,2911,-1,1,27.356952667236328,0.11531636863946915,24.415189743041992,0.13852564990520477,26.187469482421875,0.3061022460460663,0.45254698395729065,2911,2943,0.3952246308326721,0,0.001837827730923891,0.0024057638365775347,27.568496704101562,0.0017504527932032943,0.13242261111736298,0.0036181039176881313,0.13496334850788116,24.167312622070312,0.003830615896731615,0.15343044698238373
409933,6084,2,3897,-1,1,26.57012939453125,0.14145149290561676,23.768199920654297,0.14177069067955017,24.804697036743164,0.3370802104473114,0.42058444023132324,3897,3929,0.3930593430995941,0,0.0022028619423508644,0.0033077311236411333,26.91887855529785,0.0020328820683062077,0.16476455330848694,0.004199330694973469,0.2531758248806,23.612478256225586,0.004352635238319635,0.3006595969200134
410166,6084,2,4130,-1,2,21.804582595825195,0.1658494770526886,21.148479461669922,0.20783352851867676,24.75000762939453,0.35194656252861023,0.5905258059501648,4130,4162,0.39613497257232666,0,0.006599964573979378,0.003349648555740714,21.487407684326172,0.007100013084709644,0.18669889867305756,0.007676304783672094,0.18226197361946106,20.643634796142578,0.008622569032013416,0.20730838179588318
411680,6085,3,688,-1,1,22.13953971862793,0.24541309475898743,21.617557525634766,0.2144393026828766,26.928003311157227,0.2996259331703186,0.7156900763511658,688,720,0.38698065280914307,0,0.006110067944973707,0.002028615679591894,21.714698791503906,0.006737984251230955,0.29288676381111145,0.006890399381518364,0.18528829514980316,21.091556549072266,0.007777578663080931,0.21836593747138977
411781,6085,3,789,-1,2,18.956592559814453,0.2345091998577118,18.051570892333984,0.38237473368644714,22.986299514770508,0.4595254063606262,0.8321079015731812,789,821,0.4127272963523865,0,0.012715715914964676,0.005027708597481251,18.57032585144043,0.013898487202823162,0.26312923431396484,0.015661852434277534,0.32523640990257263,17.598262786865234,0.017384959384799004,0.3688870668411255
411795,6085,3,803,-1,0,23.587980270385742,0.12069503217935562,19.82029151916504,0.17529693245887756,21.819570541381836,0.41474649310112,0.4226604402065277,803,835,0.44787922501564026,0,0.004377257078886032,0.006577230058610439,23.937475204467773,0.004038800019770861,0.1296883374452591,0.010422475636005402,0.2910526394844055,19.63564682006836,0.01087515614926815,0.32011276483535767
412379,6085,3,1387,-1,0,24.823572158813477,0.14257411658763885,21.4516544342041,0.17597971856594086,25.691246032714844,0.3253982961177826,0.5408132672309875,1387,1419,0.3656530976295471,0,0.003293388755992055,0.0026969658210873604,24.704225540161133,0.003385146614164114,0.16318057477474213,0.007158705499023199,0.2748243808746338,20.963613510131836,0.008010112680494785,0.31519874930381775
412708,6085,3,1748,-1,3,27.117488861083984,0.0791795402765274,23.872638702392578,0.09315434843301773,26.589801788330078,0.19856952130794525,0.4691271185874939,1748,1780,0.38417255878448486,0,0.0019420089665800333,0.002192906104028225,27.20467758178711,0.001903409487567842,0.08914263546466827,0.004099552053958178,0.09644406288862228,23.440967559814453,0.004527967423200607,0.10950905084609985
413948,6085,3,3020,-1,2,27.201065063476562,0.08387632668018341,24.502437591552734,0.11426694691181183,27.785072326660156,0.21566012501716614,0.5298473834991455,3020,3052,0.33900168538093567,0,0.0019049937836825848,0.0016653005732223392,27.1177978515625,0.0019418696174398065,0.09633797407150269,0.0035461450461298227,0.12482603639364243,24.201677322387695,0.0038004270754754543,0.14336858689785004
414796,6085,3,3932,-1,3,22.341154098510742,0.1533568650484085,20.052513122558594,0.18374700844287872,25.718666076660156,0.2699056565761566,0.6807823777198792,3932,3964,0.3288130760192871,0,0.005832900293171406,0.0026799929328262806,21.994230270385742,0.006317962892353535,0.17093195021152496,0.00987981352955103,0.20620247721672058,19.55900764465332,0.011068766005337238,0.22996090352535248
415830,6086,4,17,-1,1,27.547405242919922,0.08530867844820023,24.67860221862793,0.13266266882419586,24.850940704345703,0.3190678656101227,0.41578197479248047,17,49,0.35933592915534973,0,0.0017589745111763477,0.003272698726505041,28.164188385009766,0.0015260938089340925,0.10271190851926804,0.0034051784314215183,0.1676076054573059,24.74477767944336,0.003353683976456523,0.2043464481830597
417230,6086,4,1481,-1,3,26.520776748657227,0.12135270237922668,24.283985137939453,0.1530061811208725,24.91744613647461,0.2900334298610687,0.5275467038154602,1481,1513,0.4198421239852905,0,0.0022280365228652954,0.0032229647040367126,26.82988166809082,0.0020749703980982304,0.14458341896533966,0.0037290777545422316,0.21571488678455353,24.1373233795166,0.0038571609184145927,0.2562437653541565
417268,6086,4,1519,-1,1,28.459646224975586,0.08633648604154587,25.334922790527344,0.1233346238732338,25.667314529418945,0.3121407628059387,0.39512500166893005,1519,1551,0.3962162435054779,0,0.0014257238944992423,0.0027118679136037827,29.1085262298584,0.0012278556823730469,0.0976870134472847,0.002927573164924979,0.2423534393310547,25.061782836914062,0.0031176090706139803,0.28986024856567383
417339,6086,4,1590,-1,0,24.22048568725586,0.15682007372379303,19.025556564331055,0.1732373684644699,23.106882095336914,0.375655859708786,0.46115976572036743,1590,1622,0.3963997960090637,0,0.0037840018048882484,0.004890033975243568,24.420307159423828,0.003613842651247978,0.18028318881988525,0.012515394948422909,0.40935248136520386,18.5761775970459,0.01387977134436369,0.4793774485588074
423578,6087,5,3033,-1,2,25.75217056274414,0.24545079469680786,26.133628845214844,0.25937268137931824,24.936046600341797,0.34396257996559143,0.754072368144989,3033,3065,0.42067593336105347,0,0.0026593965012580156,0.003209188813343644,25.89254379272461,0.002574813086539507,0.2965184450149536,0.002435775939375162,0.20046672224998474,25.983617782592773,0.0025213798508048058,0.23913733661174774
425098,6087,5,4617,-1,0,19.660810470581055,0.271030068397522,18.053382873535156,0.27158910036087036,23.951189041137695,0.3765718638896942,0.7212145328521729,4617,4649,0.40405794978141785,0,0.010812325403094292,0.0040260679088532925,19.260486602783203,0.011856364086270332,0.30727845430374146,0.015655310824513435,0.27327999472618103,17.509258270263672,0.01774492673575878,0.3138021230697632
425419,6088,2,28,-1,0,26.51578712463379,0.10707239806652069,23.685436248779297,0.1457206904888153,27.2052001953125,0.29058074951171875,0.5014808773994446,28,60,0.38803714513778687,0,0.0022305981256067753,0.0019031809642910957,26.41880226135254,0.0022809701040387154,0.12308518588542938,0.004280124790966511,0.14246469736099243,23.39353370666504,0.004577694460749626,0.16731467843055725
428099,6088,2,2772,-1,3,26.318376541137695,0.15706290304660797,25.988975524902344,0.17254602909088135,25.480119705200195,0.2572892904281616,0.6706304550170898,2772,2804,0.3854365348815918,0,0.00233433092944324,0.00283131399191916,26.463008880615234,0.0022578719072043896,0.1841755211353302,0.0025182715617120266,0.17893806099891663,25.919496536254883,0.0025588825810700655,0.2108677327632904
428370,6088,2,3075,-1,0,25.548059463500977,0.131820410490036,21.702260971069336,0.137099027633667,27.113122940063477,0.3411547839641571,0.40186750888824463,3075,3107,0.4035727083683014,0,0.0027873660437762737,0.0019439617171883583,25.35045623779297,0.0029171204660087824,0.1505451798439026,0.006757313385605812,0.3798075020313263,21.238039016723633,0.0075196255929768085,0.4370337128639221
429331,6088,2,4100,-1,1,22.708616256713867,0.29664862155914307,21.387413024902344,0.2589779794216156,21.340913772583008,0.40601691603660583,0.6378502249717712,4100,4132,0.42597681283950806,0,0.005359672009944916,0.0073435925878584385,22.963258743286133,0.0050544533878564835,0.34904325008392334,0.007265388034284115,0.27511799335479736,21.306135177612305,0.0074026379734277725,0.3194502592086792
429471,6088,2,4240,-1,1,24.203475952148438,0.1229294091463089,20.738922119140625,0.15452225506305695,27.86978530883789,0.3416975140571594,0.4522194266319275,4240,4272,0.37496423721313477,0,0.003798853140324354,0.0016331332735717297,23.838356018066406,0.004132040776312351,0.1423245370388031,0.00843544490635395,0.14875002205371857,20.285381317138672,0.009364009834825993,0.16884319484233856
432829,6089,3,2777,-1,3,27.158239364624023,0.0947510376572609,25.828153610229492,0.10555260628461838,27.415483474731445,0.1867038905620575,0.5653476715087891,2777,2809,0.38650912046432495,0,0.0019238715758547187,0.0018132248660549521,27.11998176574707,0.0019408941734582186,0.10756479948759079,0.0026132722850888968,0.09148170053958893,25.51400375366211,0.0028093105647712946,0.10422178357839584
441447,6091,5,1327,-1,2,20.602928161621094,0.19662491977214813,17.95421600341797,0.24502448737621307,25.298526763916016,0.3677440881729126,0.6662907600402832,1327,1359,0.39494824409484863,0,0.00870377104729414,0.0029522108379751444,20.182437896728516,0.009588626213371754,0.21251505613327026,0.016016902402043343,0.19533178210258484,17.41049575805664,0.018153078854084015,0.21533432602882385
443718,6091,5,3694,-1,1,21.584842681884766,0.18041545152664185,18.989856719970703,0.2882106602191925,25.399991989135742,0.43325328826904297,0.6652244329452515,3694,3726,0.39873915910720825,0,0.006942500360310078,0.002884037559852004,21.210832595825195,0.007566879503428936,0.20048357546329498,0.012618687935173512,0.3277946710586548,18.451923370361328,0.014282611198723316,0.37511178851127625
447296,6092,2,2355,-1,1,28.264617919921875,0.09490379691123962,25.25799560546875,0.11985742300748825,25.241180419921875,0.31136077642440796,0.3849470913410187,2355,2387,0.38601964712142944,0,0.0014912077458575368,0.0029914521146565676,28.99491310119629,0.0012604009825736284,0.1096222773194313,0.0029798909090459347,0.15023674070835114,25.262561798095703,0.0029767611995339394,0.17541003227233887
451518,6093,3,1671,-1,3,23.290388107299805,0.16758990287780762,19.82666778564453,0.12241657078266144,26.811241149902344,0.22458143532276154,0.5450876951217651,1671,1703,0.22938652336597443,0,0.004687715321779251,0.002083894331008196,22.934268951416016,0.005088303238153458,0.19543024897575378,0.010407183319330215,0.14664405584335327,19.36429214477539,0.01157632376998663,0.166721373796463
454594,6094,4,78,-1,2,24.39759063720703,0.16600902378559113,17.85025978088379,0.20224256813526154,25.294963836669922,0.37986862659454346,0.5324013233184814,78,110,0.44961297512054443,0,0.0036327962297946215,0.002954632742330432,24.27461814880371,0.0037371288053691387,0.1938675194978714,0.01640491746366024,0.19656117260456085,17.319786071777344,0.01853623241186142,0.23352067172527313
454878,6094,4,362,-1,2,22.292545318603516,0.1884520947933197,19.323598861694336,0.25788208842277527,24.676992416381836,0.43868008255958557,0.5878590941429138,362,394,0.41126322746276855,0,0.005898552946746349,0.0034064401406794786,22.019052505493164,0.006281955633312464,0.21938692033290863,0.011685309931635857,0.2446046769618988,18.827646255493164,0.01309892162680626,0.28361308574676514
456101,6094,4,1585,-1,1,27.190149307250977,0.0923907607793808,23.44771957397461,0.12391334027051926,26.856691360473633,0.3175700604915619,0.3901921212673187,1585,1617,0.38086655735969543,0,0.0019097875338047743,0.0020622003357857466,27.243803024291992,0.0018863393925130367,0.10704730451107025,0.0045209359377622604,0.22883696854114532,23.089679718017578,0.004909441340714693,0.2650713622570038
461979,6095,5,2344,-1,0,25.86638641357422,0.24073268473148346,22.899980545043945,0.24172435700893402,24.681474685668945,0.36916375160217285,0.6547889709472656,2344,2376,0.47749200463294983,0,0.00259036710485816,0.00340292789041996,26.081201553344727,0.0024653575383126736,0.27776941657066345,0.005128637887537479,0.2994016408920288,22.53868293762207,0.005573548376560211,0.34651392698287964
463435,6095,5,3896,-1,0,21.42285919189453,0.1527397483587265,14.144590377807617,0.2096240520477295,26.347274780273438,0.543615460395813,0.3856109082698822,3896,3928,0.4587947726249695,0,0.007206333335489035,0.0023188497871160507,20.991823196411133,0.007958253845572472,0.17196308076381683,0.03850711137056351,0.3463866710662842,13.560020446777344,0.0440552793443203,0.39304816722869873
466320,6096,2,1871,-1,3,28.065074920654297,0.09825437515974045,25.964906692504883,0.12912710011005402,25.76102066040039,0.30325767397880554,0.4257999360561371,1871,1903,0.37905576825141907,0,0.0015613219002261758,0.0026539817918092012,28.559803009033203,0.0013932203873991966,0.11242841184139252,0.0025322663132101297,0.13786038756370544,25.981740951538086,0.002522469963878393,0.16600452363491058
467293,6096,2,2876,-1,0,22.90673828125,0.23664572834968567,19.752422332763672,0.23853586614131927,25.019699096679688,0.38899922370910645,0.6132039427757263,2876,2908,0.43913012742996216,0,0.005120665766298771,0.0031479678582400084,22.65667724609375,0.005424157716333866,0.2747539281845093,0.010586637072265148,0.37052682042121887,19.251449584960938,0.01188106182962656,0.4309806227684021
467853,6096,2,3468,-1,2,23.925186157226562,0.17911812663078308,19.31318473815918,0.19407755136489868,25.444969177246094,0.36767637729644775,0.5278488397598267,3468,3500,0.42851394414901733,0,0.004050246439874172,0.0028543230146169662,23.73225212097168,0.00423423433676362,0.21396829187870026,0.011713366955518723,0.19957982003688812,18.751834869384766,0.013329582288861275,0.231272354722023
469343,6096,2,4990,-1,4,25.075204849243164,0.25796592235565186,22.39276123046875,0.25838926434516907,24.535842895507812,0.35600587725639343,0.7258005738258362,4990,5022,0.4250280559062958,0,0.003107990836724639,0.003518973244354129,25.164466857910156,0.0030447624158114195,0.3039379417896271,0.0057639991864562035,0.30052754282951355,22.03681182861328,0.006256318185478449,0.35389384627342224
469956,6097,3,537,-1,1,26.056060791015625,0.10572600364685059,23.48511505126953,0.12595315277576447,27.626476287841797,0.2144409865140915,0.5873557925224304,537,569,0.31819695234298706,0,0.002479670336470008,0.0017272394616156816,25.857908248901367,0.002595429075881839,0.12303703278303146,0.004482172895222902,0.1139635518193245,23.035924911499023,0.004970587324351072,0.13009029626846313
470351,6097,3,964,-1,2,26.189489364624023,0.08858439326286316,19.997817993164062,0.13510119915008545,28.786592483520508,0.3259005844593048,0.41454726457595825,964,996,0.31724634766578674,0,0.0024046464823186398,0.0013223328860476613,25.898714065551758,0.0025711562484502792,0.10091844201087952,0.010005027987062931,0.16110461950302124,19.558475494384766,0.011070123873651028,0.1754181832075119
472252,6097,3,2993,-1,2,18.612829208374023,0.25999605655670166,16.960847854614258,0.24322235584259033,24.91929054260254,0.38416215777397156,0.6331241726875305,2993,3025,0.28000807762145996,0,0.013763124123215675,0.003221595659852028,18.12905502319336,0.015384896658360958,0.2813761532306671,0.020133310928940773,0.32959017157554626,16.401044845581055,0.022903164848685265,0.3676178455352783
476018,6098,4,1920,-1,0,20.636024475097656,0.34523534774780273,17.933515548706055,0.29790517687797546,23.025890350341797,0.4927401542663574,0.6045888066291809,1920,1952,0.42059245705604553,0,0.00863768719136715,0.004982085898518562,20.36208152770996,0.009200086817145348,0.3921184539794922,0.01609342359006405,0.35208889842033386,17.43069839477539,0.018068835139274597,0.40690791606903076
477627,6098,4,3561,-1,0,27.374130249023438,0.11129395663738251,22.828575134277344,0.15367074310779572,26.06451988220215,0.3245391249656677,0.47350451350212097,3561,3593,0.34202954173088074,0,0.0018305738922208548,0.0024748456198722124,27.615886688232422,0.0017314553260803223,0.13806121051311493,0.0052136583253741264,0.22285079956054688,22.427169799804688,0.005718511994928122,0.2616710066795349
478241,6098,4,4175,-1,2,24.61703872680664,0.20219860970973969,21.92171287536621,0.22046522796154022,25.90196990966797,0.3598010241985321,0.6127420663833618,4175,4207,0.4046187698841095,0,0.0034537920728325844,0.002569229807704687,24.449203491210938,0.00358987832441926,0.24424873292446136,0.006424343679100275,0.3429754376411438,21.648475646972656,0.006841514725238085,0.40758734941482544
480440,6099,5,1294,-1,1,25.68476104736328,0.23542749881744385,23.74994659423828,0.27670595049858093,25.48885154724121,0.3508910834789276,0.7885807156562805,1294,1326,0.4185776114463806,0,0.0027009949553757906,0.0028256282676011324,25.7157039642334,0.002681820187717676,0.27799782156944275,0.004217016976326704,0.24785420298576355,23.33453369140625,0.0046403068117797375,0.29258179664611816
483053,6099,5,4067,-1,2,23.468029022216797,0.11956065148115158,19.433982849121094,0.18627220392227173,24.720504760742188,0.38046032190322876,0.4895969331264496,4067,4099,0.42459002137184143,0,0.004499840084463358,0.003372481558471918,23.303783416748047,0.004673279821872711,0.1280447244644165,0.011392047628760338,0.20601487159729004,18.927019119262695,0.012802598997950554,0.22571755945682526
