index,episode,map,start,action,tics_since_decision,psnr_dec,lpips_dec,copy_psnr_dec,latent_mse,hud_psnr_dec,psnr_raw,lpips_raw,copy_psnr_raw,vae_psnr,vae_lpips,hud_psnr_raw,hud_vae_psnr,persist_psnr_raw,persist_lpips_raw,persist_hud_psnr_raw,copy_latent_mse,latent_mse_ratio,start_tic,scored_tic,context_motion,dup_latent,dup_raw,mse_dec,hud_mse_dec,scene_psnr_dec,scene_mse_dec,scene_lpips_dec,copy_mse_dec,copy_lpips_dec,scene_copy_psnr_dec,scene_copy_mse_dec,scene_copy_lpips_dec,mse_raw,hud_mse_raw,scene_psnr_raw,scene_mse_raw,scene_lpips_raw,copy_mse_raw,copy_lpips_raw,scene_copy_psnr_raw,scene_copy_mse_raw,scene_copy_lpips_raw,vae_mse,hud_vae_mse,scene_vae_psnr,scene_vae_mse,scene_vae_lpips,persist_mse_raw,persist_hud_mse_raw,scene_persist_psnr_raw,scene_persist_mse_raw,scene_persist_lpips_raw
283,37,16,283,-1,3,25.224416732788086,0.2387814223766327,19.133113861083984,0.22096732258796692,25.421438217163086,22.553499221801758,0.2735429108142853,18.251422882080078,24.041187286376953,0.10731406509876251,17.963939666748047,18.00332260131836,18.645519256591797,0.3256106376647949,100.0,0.4215717315673828,0.5241512060165405,283,315,0.45681339502334595,0,0,0.0030030212365090847,0.0028698311652988195,25.194883346557617,0.003023512428626418,0.2838413417339325,0.012209235690534115,0.31946542859077454,18.59004783630371,0.013835515826940536,0.37886518239974976,0.005554568022489548,0.015981081873178482,24.033491134643555,0.0039504896849393845,0.3121643662452698,0.014957460574805737,0.35038748383522034,18.27740478515625,0.0148682352155447,0.4023759663105011,0.003943495452404022,0.015836814418435097,26.74945640563965,0.0021137536969035864,0.11274772882461548,0.013659913092851639,0.0,18.0240421295166,0.01576143689453602,0.38593971729278564
399,37,16,399,-1,3,22.51436996459961,0.23303060233592987,20.54153060913086,0.35053226351737976,24.966903686523438,20.914575576782227,0.2821944057941437,19.44586753845215,23.301895141601562,0.10354222357273102,17.74578285217285,17.800912857055664,19.994644165039062,0.3414665758609772,100.0,0.42263004183769226,0.8294068574905396,399,431,0.4693339467048645,0,0,0.005604840349406004,0.003186469431966543,22.235240936279297,0.005976897664368153,0.2866060435771942,0.008827690966427326,0.3440111577510834,20.06850814819336,0.009843496605753899,0.4107890725135803,0.008101070299744606,0.016804350540041924,21.699180603027344,0.006762104574590921,0.3301224112510681,0.011360914446413517,0.36300256848335266,19.743228912353516,0.010609069839119911,0.41462820768356323,0.0046753110364079475,0.01659238152205944,25.46388816833496,0.002841915935277939,0.11106761544942856,0.010012338869273663,0.0,19.373165130615234,0.011552699841558933,0.40467730164527893
441,37,16,441,-1,1,23.081016540527344,0.16046607494354248,21.890165328979492,0.24274960160255432,26.581581115722656,21.088598251342773,0.20188145339488983,20.262842178344727,22.932575225830078,0.11683803051710129,17.973299026489258,17.846826553344727,20.631380081176758,0.14375196397304535,100.0,0.32970187067985535,0.736270010471344,441,473,0.45334821939468384,0,0,0.004919244907796383,0.002197060501202941,22.726181030273438,0.005338042974472046,0.18849682807922363,0.006471180357038975,0.13900990784168243,21.38949203491211,0.007261910941451788,0.1669747531414032,0.007782877888530493,0.015946676954627037,21.852924346923828,0.006526908837258816,0.22419503331184387,0.009412731975317001,0.17741301655769348,20.805103302001953,0.008307868614792824,0.19525130093097687,0.005090292077511549,0.016417890787124634,24.752685546875,0.003347584744915366,0.12311915308237076,0.008646932430565357,0.0,20.00990104675293,0.009977229870855808,0.1720746010541916
535,37,16,535,-1,3,23.916160583496094,0.22318041324615479,21.190418243408203,0.23443889617919922,24.042522430419922,21.80629539489746,0.2655670642852783,19.8608455657959,23.477375030517578,0.11263451725244522,17.764278411865234,17.741853713989258,20.556930541992188,0.3212240934371948,100.0,0.4005066454410553,0.585355818271637,535,567,0.46690240502357483,0,0,0.004058671649545431,0.0039422824047505856,23.897045135498047,0.004076577723026276,0.2589539587497711,0.007602529600262642,0.345444917678833,20.777141571044922,0.008361533284187317,0.4070425033569336,0.006597365252673626,0.016732944175601006,22.977380752563477,0.005038045812398195,0.297311007976532,0.010325601324439049,0.3622109293937683,20.290008544921875,0.009354038164019585,0.4159291684627533,0.0044901673682034016,0.016819564625620842,25.861412048339844,0.0025933370925486088,0.11493515968322754,0.008796436712145805,0.0,19.935453414916992,0.010149735026061535,0.3804302215576172
587,37,16,587,-1,3,22.56265640258789,0.12878510355949402,19.856353759765625,0.20964527130126953,26.816062927246094,20.736597061157227,0.17259901762008667,18.833112716674805,22.593183517456055,0.10313601046800613,17.76070785522461,17.830537796020508,19.349849700927734,0.2246178835630417,100.0,0.39335188269615173,0.5329713225364685,587,619,0.4574548602104187,0,0,0.005542867351323366,0.002081583719700575,22.164270401000977,0.006075372453778982,0.15446439385414124,0.010336291044950485,0.2534800171852112,19.362417221069336,0.011581328697502613,0.301974356174469,0.008439959958195686,0.016746699810028076,21.44965934753418,0.007161999121308327,0.1920238882303238,0.01308243814855814,0.2661706805229187,19.022891998291016,0.012523069977760315,0.3040770888328552,0.005504042375832796,0.01647958718240261,24.184490203857422,0.003815497038885951,0.10582084208726883,0.011614888906478882,0.0,18.72837257385254,0.01340179331600666,0.26965147256851196
744,37,16,744,-1,0,23.122365951538086,0.18890534341335297,20.317363739013672,0.2194850742816925,25.929237365722656,21.12331199645996,0.22194965183734894,19.177873611450195,22.55634117126465,0.11028175055980682,17.88397979736328,17.79812240600586,19.844810485839844,0.21749651432037354,100.0,0.4102647006511688,0.5349840521812439,744,776,0.45544713735580444,0,0,0.004872629418969154,0.002553150523453951,22.815420150756836,0.005229472648352385,0.22020988166332245,0.009295305237174034,0.2298007607460022,19.887123107910156,0.010263316333293915,0.2709243595600128,0.0077209193259477615,0.016278039664030075,21.935192108154297,0.006404438987374306,0.24762292206287384,0.012084053829312325,0.26116442680358887,19.459564208984375,0.011325144208967686,0.2890055775642395,0.005550932139158249,0.01660304330289364,24.14470863342285,0.0038506072014570236,0.1077662855386734,0.010363797657191753,0.0,19.223331451416016,0.0119582274928689,0.25884154438972473
848,37,16,848,-1,0,22.588619232177734,0.1872451901435852,19.54012107849121,0.2371450662612915,25.660839080810547,20.51565933227539,0.2404882162809372,18.38929557800293,22.420652389526367,0.11590887606143951,17.735328674316406,17.902484893798828,18.647491455078125,0.24485987424850464,100.0,0.4774465560913086,0.4966944754123688,848,880,0.46076714992523193,0,0,0.0055098277516663074,0.002715914975851774,22.26238441467285,0.005939659662544727,0.21686531603336334,0.01111701037734747,0.25669988989830017,19.022092819213867,0.012525372207164764,0.3007158041000366,0.0088804317638278,0.01684485375881195,21.160470962524414,0.007655136752873659,0.26585158705711365,0.014490070752799511,0.2902028262615204,18.444196701049805,0.014308052137494087,0.3280821740627289,0.0057271015830338,0.01620883122086525,23.856801986694336,0.004114528186619282,0.11904637515544891,0.013653715141117573,0.0,18.026012420654297,0.01575428619980812,0.29261407256126404
1284,37,16,1316,-1,3,25.439128875732422,0.13085773587226868,23.86835289001465,0.2198261320590973,25.09087562561035,22.262266159057617,0.18789589405059814,21.375736236572266,23.013263702392578,0.12853962182998657,17.614309310913086,17.675724029541016,22.139455795288086,0.11121639609336853,100.0,0.3304433524608612,0.6652460694313049,1316,1348,0.4416047930717468,0,0,0.0028581637889146805,0.003096794942393899,25.49527359008789,0.0028214510530233383,0.1488191783428192,0.00410359725356102,0.12630030512809753,23.68898582458496,0.004276627209037542,0.14188891649246216,0.005939822643995285,0.017320849001407623,23.779003143310547,0.004188896156847477,0.20626574754714966,0.007284947205334902,0.1631793975830078,22.405614852905273,0.005746965296566486,0.17180998623371124,0.004996591247618198,0.017077630385756493,25.033512115478516,0.0031379698775708675,0.13071224093437195,0.006110187619924545,0.0,21.51797866821289,0.007050216663628817,0.12644478678703308
1439,37,16,1471,-1,2,25.973665237426758,0.13315828144550323,23.617918014526367,0.17039784789085388,25.314943313598633,22.51371192932129,0.16439028084278107,21.300800323486328,23.18415069580078,0.1095561608672142,17.498920440673828,17.595102310180664,22.16221809387207,0.11293360590934753,100.0,0.3195672333240509,0.5332143902778625,1471,1503,0.4234604239463806,0,0,0.002527164528146386,0.0029410722199827433,26.084497451782227,0.002463486511260271,0.15106642246246338,0.0043471865355968475,0.1273583620786667,23.466718673706055,0.004501198418438435,0.13880610466003418,0.005605689715594053,0.017787212505936623,24.28104019165039,0.0037316097877919674,0.17723944783210754,0.007411736994981766,0.15816573798656464,22.35355567932129,0.00581626920029521,0.16206985712051392,0.00480379955843091,0.01739761233329773,25.426799774169922,0.0028662902768701315,0.10911793261766434,0.006078245118260384,0.0,21.540739059448242,0.007013359572738409,0.12909825146198273
1688,37,16,1720,-1,3,25.971174240112305,0.1358557641506195,23.36977767944336,0.18233440816402435,25.016868591308594,22.38935089111328,0.17611433565616608,21.03243637084961,22.98457145690918,0.1090342327952385,17.18059730529785,17.273780822753906,21.96331787109375,0.11586682498455048,100.0,0.3827945291996002,0.47632449865341187,1720,1752,0.4353176951408386,0,0,0.0025286150630563498,0.0031500195618718863,26.138553619384766,0.0024330143351107836,0.14925965666770935,0.0046028029173612595,0.1411760151386261,23.166038513183594,0.004823875613510609,0.1596093475818634,0.0057685282081365585,0.019139926880598068,24.304636001586914,0.003711389610543847,0.18364210426807404,0.007884176447987556,0.16883087158203125,22.070178985595703,0.006208437494933605,0.17665228247642517,0.00502970814704895,0.018733635544776917,25.344070434570312,0.0029214120004326105,0.10699639469385147,0.006363095249980688,0.0,21.34183692932129,0.007342033553868532,0.1323992908000946
1846,37,16,1878,-1,1,25.02838134765625,0.1622294783592224,23.224220275878906,0.2226378172636032,23.573604583740234,21.98772621154785,0.21209527552127838,20.969524383544922,22.929035186767578,0.11304880678653717,17.276660919189453,17.471200942993164,21.85206413269043,0.11447373032569885,29.463428497314453,0.3239887058734894,0.6871777176856995,1878,1910,0.4194830060005188,0,0,0.0031416798010468483,0.004391769412904978,25.302724838256836,0.002949358429759741,0.17748233675956726,0.004759682808071375,0.129530131816864,23.17610740661621,0.004812705796211958,0.14077357947826385,0.006327430251985788,0.018721215426921844,23.545095443725586,0.004420693963766098,0.22102473676204681,0.007999219931662083,0.1669216901063919,21.961490631103516,0.006365771405398846,0.16897538304328918,0.005094442516565323,0.017901111394166946,25.052631378173828,0.003124186070635915,0.11070936918258667,0.0065282005816698074,0.0011315071024000645,21.332130432128906,0.007358462084084749,0.128548264503479
1861,37,16,1893,-1,0,25.816490173339844,0.17420077323913574,23.186357498168945,0.19049251079559326,25.116168975830078,22.239179611206055,0.20786918699741364,20.88228416442871,22.78620147705078,0.12981492280960083,17.37380027770996,17.29317283630371,21.656097412109375,0.1424340158700943,100.0,0.33439427614212036,0.5696643590927124,1893,1925,0.41637906432151794,0,0,0.002620300045236945,0.003078811103478074,25.93500518798828,0.0025497600436210632,0.1975754350423813,0.004801361821591854,0.1666964590549469,22.98204803466797,0.0050326320342719555,0.18775296211242676,0.005971482954919338,0.018307115882635117,23.900117874145508,0.004073692485690117,0.22665856778621674,0.008161526173353195,0.19719165563583374,21.774198532104492,0.0066463034600019455,0.20993554592132568,0.005264773964881897,0.01865016482770443,24.941064834594727,0.0032054835464805365,0.1278371810913086,0.006829521153122187,0.0,21.03462028503418,0.007880217395722866,0.1632300764322281
2098,37,16,2162,-1,0,21.91773223876953,0.19066976010799408,18.400659561157227,0.18607263267040253,27.758651733398438,19.723520278930664,0.22659127414226532,17.310583114624023,21.37566566467285,0.09168992191553116,18.32671356201172,18.501436233520508,17.545000076293945,0.25312310457229614,100.0,0.4080265164375305,0.4560307264328003,2162,2194,0.4157957434654236,0,0,0.006430233828723431,0.0016754637472331524,21.44981575012207,0.00716173741966486,0.2188432216644287,0.014452203176915646,0.27427536249160767,17.830738067626953,0.016478827223181725,0.3147088289260864,0.010657320730388165,0.014700383879244328,19.984691619873047,0.010035309940576553,0.24725928902626038,0.018575558438897133,0.2924128770828247,17.16958236694336,0.0191885344684124,0.32108786702156067,0.007285064551979303,0.014120712876319885,22.052730560302734,0.006233427207916975,0.08883917331695557,0.01759948953986168,0.0,16.923521041870117,0.020307103171944618,0.2925296425819397
2120,37,16,2184,-1,2,19.199161529541016,0.307681679725647,16.048561096191406,0.2557981610298157,23.54916763305664,18.141958236694336,0.3386228680610657,15.458721160888672,22.475112915039062,0.09382113814353943,17.914772033691406,18.249475479125977,15.559491157531738,0.314235657453537,100.0,0.4829293191432953,0.5296803116798401,2184,2216,0.432836651802063,0,0,0.01202496699988842,0.004416551440954208,18.795743942260742,0.013195491395890713,0.3542218804359436,0.02483956143260002,0.32747673988342285,15.46409797668457,0.028417780995368958,0.37636977434158325,0.015339258126914501,0.016163036227226257,18.177988052368164,0.015212522819638252,0.3784780204296112,0.028452996164560318,0.34455132484436035,15.151237487792969,0.030540507286787033,0.38296252489089966,0.005655729677528143,0.01496416237205267,23.743106842041016,0.004223663359880447,0.08941023051738739,0.02780039608478546,0.0,14.93801212310791,0.032077379524707794,0.3642597794532776
2903,37,16,2999,-1,3,25.902177810668945,0.13060696423053741,23.89592170715332,0.18408207595348358,25.90359115600586,22.542327880859375,0.1753312200307846,21.444242477416992,23.318376541137695,0.10363973677158356,17.67945098876953,17.85611343383789,22.303638458251953,0.11012297123670578,100.0,0.34746628999710083,0.5297839641571045,2999,3031,0.4406495988368988,0,0,0.0025691071059554815,0.002568271476775408,25.901962280273438,0.0025692356284707785,0.14743570983409882,0.004077629651874304,0.12653279304504395,23.551189422607422,0.004414496012032032,0.1379041075706482,0.005568871274590492,0.017062989994883537,24.201541900634766,0.003800544422119856,0.1868671476840973,0.0071709370240569115,0.14907974004745483,22.39688491821289,0.005758531857281923,0.15270128846168518,0.0046576024033129215,0.01638282835483551,25.445884704589844,0.002853721845895052,0.10069946199655533,0.005883504636585712,0.0,21.682159423828125,0.006788658909499645,0.1282721310853958
3311,37,16,3407,-1,3,25.742183685302734,0.14803113043308258,23.255891799926758,0.1863298863172531,25.82962989807129,22.140525817871094,0.19811135530471802,20.90113639831543,22.826156616210938,0.12719552218914032,17.33010482788086,17.406259536743164,21.779945373535156,0.12793484330177307,100.0,0.32373929023742676,0.5755553841590881,3407,3439,0.4364653527736664,0,0,0.0026655197143554688,0.002612384269014001,25.7288818359375,0.002673694398254156,0.16347846388816833,0.004725099075585604,0.15316782891750336,22.956527709960938,0.005062291864305735,0.1695323884487152,0.00610868027433753,0.01849224604666233,23.763874053955078,0.004203516058623791,0.2068539410829544,0.008126179687678814,0.1746521294116974,21.76831817626953,0.0066553098149597645,0.18336327373981476,0.005216563120484352,0.01817079819738865,24.916584014892578,0.003223603591322899,0.12764210999011993,0.006637516897171736,0.0,21.158466339111328,0.007658672984689474,0.14439259469509125
3337,37,16,3433,-1,1,16.6622257232666,0.3811165988445282,15.801210403442383,0.46228089928627014,24.30270767211914,15.778205871582031,0.41631248593330383,15.128534317016602,21.472911834716797,0.11900734156370163,17.44989585876465,17.738998413085938,15.103669166564941,0.37403249740600586,35.112030029296875,0.5482439398765564,0.8432029485702515,3433,3465,0.43829458951950073,0,0,0.021566390991210938,0.003713037818670273,16.141603469848633,0.0243130624294281,0.43081027269363403,0.02629534900188446,0.3764532804489136,15.26033878326416,0.029782844707369804,0.4245143532752991,0.026435013860464096,0.0179891437292099,15.569815635681152,0.02773437835276127,0.46666136384010315,0.03070058673620224,0.4073275625705719,14.836977005004883,0.03283237665891647,0.4527173340320587,0.007123751100152731,0.016830623149871826,22.494619369506836,0.0056303865276277065,0.12134227156639099,0.03087685815989971,0.0003081747854594141,14.4879732131958,0.035579729825258255,0.42596691846847534
3514,37,16,3610,-1,2,25.906478881835938,0.14451952278614044,22.87687110900879,0.1939074695110321,24.55410385131836,22.496681213378906,0.18933941423892975,20.823505401611328,23.317832946777344,0.1217571422457695,17.235872268676758,17.457426071166992,21.705341339111328,0.19922859966754913,100.0,0.3585706651210785,0.5407789349555969,3610,3642,0.4233814775943756,0,0,0.002566564129665494,0.003504206193611026,26.15770149230957,0.002422311808913946,0.16340012848377228,0.005156002473086119,0.2055572122335434,22.56070327758789,0.005545360967516899,0.23732633888721466,0.005627710837870836,0.018897874280810356,24.453718185424805,0.0035861472133547068,0.20674678683280945,0.008272743783891201,0.22097896039485931,21.67352294921875,0.006802175659686327,0.24300363659858704,0.004658186808228493,0.017957977950572968,25.830162048339844,0.0026120650582015514,0.12478508800268173,0.006752519868314266,0.0,21.0838623046875,0.007791369222104549,0.23274080455303192
3618,37,16,3714,-1,2,26.833118438720703,0.13396351039409637,23.872127532958984,0.17574194073677063,25.51917266845703,22.8570556640625,0.1625766158103943,21.300975799560547,23.483901977539062,0.11366437375545502,17.426565170288086,17.704349517822266,22.153167724609375,0.11956821382045746,100.0,0.35383737087249756,0.4966743290424347,3714,3746,0.4351685047149658,0,0,0.0020734237041324377,0.0028059682808816433,27.075834274291992,0.0019607245922088623,0.14713597297668457,0.0041000330820679665,0.13601289689540863,23.515413284301758,0.004451012704521418,0.15295928716659546,0.0051795789040625095,0.018086040392518044,24.95669174194336,0.0031939703039824963,0.17426025867462158,0.0074114385060966015,0.16086411476135254,22.368345260620117,0.005796496290713549,0.16956673562526703,0.004483426921069622,0.016965433955192566,25.91231346130371,0.002563118701800704,0.11500367522239685,0.006090925075113773,0.0,21.531688690185547,0.007027990650385618,0.13721242547035217
3623,37,16,3719,-1,3,26.003223419189453,0.1209891065955162,23.260757446289062,0.1804329752922058,24.401655197143555,22.6204776763916,0.15558266639709473,21.133224487304688,23.25269889831543,0.10111318528652191,17.374479293823242,17.502655029296875,21.97006607055664,0.15248654782772064,100.0,0.3650430142879486,0.4942786693572998,3719,3751,0.4360833764076233,0,0,0.0025100242346525192,0.003629398299381137,26.31190299987793,0.002337812911719084,0.13847032189369202,0.0047198073007166386,0.16462858021259308,23.051355361938477,0.004952957388013601,0.18918025493621826,0.005469557363539934,0.018304256722331047,24.56554412841797,0.003494988428428769,0.16585800051689148,0.007703314069658518,0.19122713804244995,22.094894409179688,0.006173203699290752,0.2083476185798645,0.004728573374450207,0.017771927639842033,25.651273727416992,0.0027219033800065517,0.10124272108078003,0.006353212986141443,0.0,21.348587036132812,0.007330631371587515,0.17734378576278687
3725,37,16,3821,-1,1,25.4388427734375,0.15239374339580536,21.58460807800293,0.20812149345874786,25.541305541992188,22.203899383544922,0.1863430291414261,19.873607635498047,22.98273277282715,0.10197805613279343,17.683406829833984,17.66126251220703,20.25567054748535,0.1978982388973236,100.0,0.37396788597106934,0.5565223693847656,3821,3853,0.43510451912879944,0,0,0.00285835238173604,0.0027917050756514072,25.423290252685547,0.002868606010451913,0.17551980912685394,0.006942870561033487,0.21083378791809082,21.147010803222656,0.007678898982703686,0.24173209071159363,0.006020190194249153,0.017047446221113205,23.641454696655273,0.004323689732700586,0.20427857339382172,0.010295302607119083,0.23792096972465515,20.315105438232422,0.009300141595304012,0.2581816017627716,0.005031839944422245,0.017134595662355423,24.989574432373047,0.003169877454638481,0.10322512686252594,0.009428291581571102,0.0,19.634191513061523,0.010878797620534897,0.23046818375587463
3833,37,16,3929,-1,1,25.894187927246094,0.14302417635917664,23.245887756347656,0.1906718760728836,25.22561264038086,22.394859313964844,0.18711824715137482,20.951133728027344,23.1534481048584,0.11039842665195465,17.416210174560547,17.52914047241211,21.791860580444336,0.15588153898715973,100.0,0.3899768888950348,0.48893120884895325,3929,3961,0.43580448627471924,0,0,0.0025738379918038845,0.003002193057909608,26.006834030151367,0.0025079373735934496,0.1634102314710617,0.00473599461838603,0.15990202128887177,22.951416015625,0.005068252328783274,0.17987480759620667,0.005761216394603252,0.01812921278178692,24.135873794555664,0.003858448937535286,0.20081423223018646,0.008033167570829391,0.190750852227211,21.88397216796875,0.006480417679995298,0.20561060309410095,0.004837880842387676,0.017663877457380295,25.429283142089844,0.002864651381969452,0.10737858712673187,0.006619327701628208,0.0,21.17038345336914,0.007637685630470514,0.18118394911289215
3869,37,16,3965,-1,1,25.486370086669922,0.13126790523529053,22.992401123046875,0.19171209633350372,24.29751205444336,22.349205017089844,0.17643627524375916,20.814773559570312,23.199460983276367,0.109575055539608,17.50791358947754,17.482444763183594,21.59990119934082,0.1821218729019165,100.0,0.383085161447525,0.5004425048828125,3965,3997,0.44108739495277405,0,0,0.0028272438794374466,0.003717480693012476,25.70201873779297,0.002690284512937069,0.1479693055152893,0.005020651500672102,0.19691717624664307,22.695865631103516,0.00537543511018157,0.22135424613952637,0.005822100210934877,0.017750421538949013,23.993566513061523,0.003986974246799946,0.19079169631004333,0.008289389312267303,0.21816974878311157,21.62225914001465,0.0068829418160021305,0.23558011651039124,0.0047868965193629265,0.01785481907427311,25.565107345581055,0.0027764462865889072,0.10686775296926498,0.006918467581272125,0.0,20.978422164916992,0.007982847280800343,0.210447296500206
4042,37,16,4170,-1,0,25.78573989868164,0.12198907136917114,23.185270309448242,0.2021869719028473,25.37508201599121,22.397838592529297,0.17046353220939636,20.99350357055664,23.206674575805664,0.11480291932821274,17.65817642211914,17.662399291992188,21.59370231628418,0.13091397285461426,100.0,0.36719319224357605,0.5506283044815063,4170,4202,0.429841548204422,0,0,0.002638920210301876,0.0029006267432123423,25.852510452270508,0.002598657738417387,0.13730332255363464,0.004802563693374395,0.14191660284996033,22.92905616760254,0.005094416905194521,0.15671348571777344,0.005757268518209457,0.017146779224276543,23.97393798828125,0.004005036316812038,0.1815851330757141,0.007955174893140793,0.16941434144973755,21.82684326171875,0.006566223222762346,0.17541252076625824,0.004778950475156307,0.017130110412836075,25.407926559448242,0.0028787723276764154,0.11516901105642319,0.006928347982466221,0.0,20.97222328186035,0.00799424760043621,0.14806926250457764
4139,37,16,4267,-1,1,25.76072883605957,0.1504247635602951,23.401233673095703,0.18005213141441345,25.492000579833984,22.4160099029541,0.1942504346370697,21.166072845458984,23.137929916381836,0.11746956408023834,17.688457489013672,17.76932144165039,22.103158950805664,0.12996137142181396,100.0,0.29510459303855896,0.6101298928260803,4267,4299,0.4204992949962616,0,0,0.0026541610714048147,0.0028235793579369783,25.803586959838867,0.0026280966121703386,0.17053063213825226,0.004569582641124725,0.1449812799692154,23.073312759399414,0.0049279783852398396,0.1628427654504776,0.005733226425945759,0.017027635127305984,23.984153747558594,0.003995624836534262,0.21250121295452118,0.007645270321518183,0.1791105717420578,22.017133712768555,0.00628473237156868,0.19107875227928162,0.004855201113969088,0.016713516786694527,25.184364318847656,0.0030308449640870094,0.11880424618721008,0.0061614662408828735,0.0,21.48168182373047,0.007109384052455425,0.1521908938884735
4196,37,16,4324,-1,2,24.733667373657227,0.16663450002670288,22.460586547851562,0.24398770928382874,24.663414001464844,21.857769012451172,0.21021273732185364,20.483909606933594,23.100574493408203,0.11296487599611282,17.589374542236328,17.778783798217773,21.037120819091797,0.15896062552928925,100.0,0.35794535279273987,0.6816339492797852,4324,4356,0.4388723373413086,0,0,0.0033622747287154198,0.003417105181142688,24.744577407836914,0.0033538395073264837,0.197382390499115,0.005674681160598993,0.16538751125335693,22.087783813476562,0.006183317396789789,0.19160190224647522,0.006519632413983345,0.017420586198568344,23.149250030517578,0.0048425630666315556,0.23863551020622253,0.008945593610405922,0.19110263884067535,21.143301010131836,0.007685462478548288,0.20688511431217194,0.004897142294794321,0.016677141189575195,25.107681274414062,0.0030848344322293997,0.11711631715297699,0.007875677198171616,0.0,20.41564178466797,0.009087320417165756,0.18610136210918427
4233,37,16,4361,-1,3,24.11444664001465,0.11274951696395874,22.81125259399414,0.1244131326675415,27.00713348388672,20.65255355834961,0.1586211919784546,19.810747146606445,21.52239990234375,0.12102270871400833,17.687721252441406,17.83085823059082,21.856552124023438,0.06358211487531662,100.0,0.12476044148206711,0.9972161650657654,4361,4393,0.42570626735687256,0,0,0.00387753127142787,0.0019919879268854856,23.80112648010254,0.004167614970356226,0.12129709869623184,0.005234494339674711,0.09908711910247803,22.284486770629883,0.005909510422497988,0.10877110809087753,0.008604874834418297,0.017030518501996994,21.361644744873047,0.007308622822165489,0.15990763902664185,0.010445402935147285,0.14708319306373596,20.241029739379883,0.009460128843784332,0.14532145857810974,0.007043036632239819,0.016478369012475014,22.52475929260254,0.005591446999460459,0.11558637022972107,0.00652146153151989,0.0,21.23507308959961,0.007524763233959675,0.07168615609407425
4372,37,16,4500,-1,2,25.43515396118164,0.13611935079097748,22.967037200927734,0.23837843537330627,24.734233856201172,22.195186614990234,0.18643653392791748,20.86876678466797,23.225269317626953,0.11024287343025208,17.529542922973633,17.73247528076172,21.393556594848633,0.18405017256736755,100.0,0.38194170594215393,0.6241225600242615,4500,4532,0.4415994882583618,0,0,0.0028607819695025682,0.0033618351444602013,25.553781509399414,0.0027836966328322887,0.15725506842136383,0.005050057545304298,0.18792815506458282,22.64129638671875,0.005443402100354433,0.21346570551395416,0.0060322773642838,0.01766224019229412,23.723217010498047,0.00424305209890008,0.20293784141540527,0.00818697176873684,0.21577328443527222,21.558320999145508,0.00698502641171217,0.23708601295948029,0.004758532624691725,0.01685592532157898,25.37992286682129,0.00289739528670907,0.11027685552835464,0.007255116011947393,0.0,20.772077560424805,0.008371288888156414,0.21096175909042358
4379,37,16,4507,-1,1,25.397010803222656,0.16751497983932495,22.987545013427734,0.20536041259765625,25.343769073486328,22.321014404296875,0.2155197560787201,20.97896957397461,23.234027862548828,0.11311617493629456,17.641550064086914,17.70673942565918,21.79117202758789,0.1718878149986267,100.0,0.3783990442752838,0.5427085757255554,4507,4539,0.44330573081970215,0,0,0.00288601778447628,0.002921616891399026,25.405258178710938,0.0028805409092456102,0.18827244639396667,0.005026267841458321,0.18569780886173248,22.724206924438477,0.005340467672795057,0.20834186673164368,0.005860012955963612,0.01721254363656044,23.85791778564453,0.004113469272851944,0.23407980799674988,0.007981840521097183,0.20744110643863678,21.829498291015625,0.006562213413417339,0.22368985414505005,0.004748947452753782,0.016956103965640068,25.419784545898438,0.0028709236066788435,0.11251449584960938,0.006620378699153662,0.0,21.169692993164062,0.007638898678123951,0.1976710855960846
4588,37,16,4716,-1,2,24.393081665039062,0.15744523704051971,22.20660400390625,0.2073804885149002,24.7083683013916,21.519794464111328,0.20212197303771973,20.202510833740234,22.479543685913086,0.12907420098781586,17.578889846801758,17.826148986816406,20.53816032409668,0.19611914455890656,100.0,0.3549592196941376,0.5842375159263611,4716,4748,0.43979185819625854,0,0,0.0036365699488669634,0.0033819195814430714,24.34654426574707,0.003675746964290738,0.1774854212999344,0.006016440223902464,0.21317455172538757,21.763761520385742,0.006662297993898392,0.24580848217010498,0.007047263439744711,0.017462683841586113,22.64011001586914,0.005444891285151243,0.22234198451042175,0.00954441074281931,0.23879285156726837,20.71153450012207,0.008488805964589119,0.26342126727104187,0.005649965722113848,0.01649625040590763,23.999744415283203,0.003981307148933411,0.13189443945884705,0.008834542706608772,0.0,19.91668128967285,0.010193702764809132,0.2274250090122223
4628,37,16,4756,-1,2,26.644248962402344,0.14944453537464142,21.41327667236328,0.18101443350315094,25.70965003967285,22.82647132873535,0.21017064154148102,19.836610794067383,23.492412567138672,0.12240011990070343,17.325468063354492,17.510183334350586,20.421648025512695,0.19702953100204468,100.0,0.38696813583374023,0.4677760601043701,4756,4788,0.43617957830429077,0,0,0.0021655848249793053,0.0026855613104999065,26.80771255493164,0.002085588639602065,0.16863702237606049,0.007222247309982777,0.21262526512145996,21.04332733154297,0.007864430546760559,0.2359510362148285,0.0052161854691803455,0.018511997535824776,24.988481521606445,0.0031706762965768576,0.22692954540252686,0.010383387096226215,0.23618820309638977,20.31416130065918,0.009302164427936077,0.25197118520736694,0.004474646411836147,0.01774114929139614,26.137428283691406,0.002433645771816373,0.12254475802183151,0.009074762463569641,0.0,19.800168991088867,0.010470879264175892,0.22349153459072113
4718,37,16,4878,-1,1,26.57526969909668,0.1333109587430954,23.738670349121094,0.18249554932117462,26.44566535949707,23.062774658203125,0.1768915057182312,21.549604415893555,23.880653381347656,0.10368956625461578,17.91957664489746,18.025012969970703,22.46215057373047,0.14886334538459778,100.0,0.3602757453918457,0.5065441131591797,4878,4910,0.43978363275527954,0,0,0.0022002547048032284,0.0022669066675007343,26.595558166503906,0.0021900006104260683,0.14779718220233917,0.004227982368320227,0.16113035380840302,23.33486557006836,0.004639952909201384,0.18103072047233582,0.00493994913995266,0.016145162284374237,24.926746368408203,0.0032160701230168343,0.19109708070755005,0.006999059580266476,0.18306930363178253,22.463953018188477,0.00567028159275651,0.197239488363266,0.004091992042958736,0.015757910907268524,26.38794708251953,0.002297235419973731,0.1013389527797699,0.00567263551056385,0.0,21.840669631958008,0.0065453494898974895,0.17160479724407196
4957,154,16,97,-1,1,21.631324768066406,0.13745412230491638,19.913333892822266,0.17421366274356842,24.999235153198242,19.525686264038086,0.17396727204322815,18.259443283081055,21.364118576049805,0.08938848227262497,18.107568740844727,18.354902267456055,18.44119644165039,0.07252956926822662,33.57508087158203,0.1844259798526764,0.9446264505386353,97,129,0.45235276222229004,0,0,0.006868591532111168,0.0031628357246518135,21.28502655029297,0.007438709028065205,0.15792305767536163,0.010201560333371162,0.09277196228504181,19.426712036132812,0.011411129496991634,0.09941104054450989,0.011154018342494965,0.015461196191608906,19.791677474975586,0.010491374880075455,0.1927889734506607,0.01492986548691988,0.1306677907705307,18.23159408569336,0.015025908127427101,0.12958835065364838,0.007304459344595671,0.01460527628660202,22.0892333984375,0.0061812568455934525,0.08713307976722717,0.014317939057946205,0.00043902790639549494,17.837507247924805,0.016453156247735023,0.07801465690135956
4964,154,16,104,-1,0,23.970911026000977,0.09833164513111115,21.30860137939453,0.135257750749588,27.39239501953125,21.15913200378418,0.14173933863639832,19.495908737182617,22.3287296295166,0.10019441694021225,18.17144012451172,18.256244659423828,20.165626525878906,0.08790688216686249,100.0,0.2784009873867035,0.4858379065990448,104,136,0.42473211884498596,0,0,0.004007826093584299,0.001822890480980277,23.621131896972656,0.004343970213085413,0.11176382005214691,0.007398437242954969,0.10872765630483627,20.81664276123047,0.00828582514077425,0.12306834012269974,0.007657499983906746,0.015235472470521927,21.876441955566406,0.006491658743470907,0.14878356456756592,0.011230762116611004,0.14181724190711975,19.735734939575195,0.010627389885485172,0.1498750001192093,0.005849611479789019,0.01494086068123579,23.515464782714844,0.004450958222150803,0.10005708783864975,0.009625810198485851,0.0,19.544147491455078,0.011106704361736774,0.10472714155912399
5008,154,16,148,-1,0,20.51845359802246,0.13268133997917175,16.85059928894043,0.24824455380439758,25.189332962036133,18.883007049560547,0.1629476249217987,15.995445251464844,22.246122360229492,0.07168754935264587,17.96320343017578,18.120559692382812,16.18036460876465,0.3039644658565521,34.863807678222656,0.47060805559158325,0.5274974703788757,148,180,0.44909390807151794,0,0,0.008874720893800259,0.0030273781158030033,20.099136352539062,0.009774313308298588,0.1511838734149933,0.02065095491707325,0.30668729543685913,16.307971954345703,0.023399293422698975,0.35431596636772156,0.012933000922203064,0.015983790159225464,19.043546676635742,0.012463649734854698,0.17304904758930206,0.02514522150158882,0.3286396265029907,15.743428230285645,0.026647543534636497,0.3670565187931061,0.005961943883448839,0.01541502121835947,23.46052360534668,0.004507623612880707,0.06656180322170258,0.02409704029560089,0.0003263017861172557,15.566732406616211,0.027754079550504684,0.3557228744029999
5110,154,16,250,-1,2,21.785860061645508,0.15711267292499542,17.323707580566406,0.2505839467048645,25.734121322631836,19.92414093017578,0.20327430963516235,16.521595001220703,22.43332290649414,0.09581402689218521,18.037736892700195,18.20174217224121,16.726654052734375,0.2923281490802765,33.51478958129883,0.48448583483695984,0.5172162652015686,250,282,0.3769935667514801,0,0,0.00662848399952054,0.0026704713236540556,21.4041690826416,0.007237408310174942,0.18259984254837036,0.018519500270485878,0.3051021099090576,16.794231414794922,0.020920736715197563,0.3436491787433624,0.01017620787024498,0.015711816027760506,20.303709030151367,0.009324575774371624,0.21971100568771362,0.022276172414422035,0.3216050863265991,16.32514190673828,0.023306969553232193,0.3517713248729706,0.005710416939109564,0.01512954756617546,23.704557418823242,0.00426132045686245,0.09141983836889267,0.021248813718557358,0.0004451653512660414,16.11732292175293,0.02444937638938427,0.33521074056625366
5170,154,16,310,-1,2,22.457786560058594,0.12017731368541718,18.978721618652344,0.20146210491657257,27.06426429748535,20.763744354248047,0.16753405332565308,18.118515014648438,22.565507888793945,0.09244272112846375,18.17452621459961,18.218767166137695,18.460880279541016,0.2706122100353241,100.0,0.4399500787258148,0.4579203724861145,310,342,0.3914234936237335,0,0,0.0056783417239785194,0.001965956063941121,22.04156494140625,0.0062494780868291855,0.14261113107204437,0.01265108585357666,0.2889578938484192,18.445953369140625,0.014302256517112255,0.33625903725624084,0.008387364447116852,0.015224655158817768,21.345718383789062,0.0073354728519916534,0.18280211091041565,0.0154222771525383,0.3088591992855072,18.13565444946289,0.015361534431576729,0.3432827293872833,0.005539227742701769,0.015070348978042603,23.900959014892578,0.004072901792824268,0.09124143421649933,0.014253188855946064,0.0,17.839401245117188,0.016445986926555634,0.3215242028236389
5256,154,16,396,-1,0,22.123687744140625,0.26781702041625977,20.474023818969727,0.24379901587963104,24.54013442993164,20.682327270507812,0.3171502947807312,19.438840866088867,23.779281616210938,0.10414204001426697,18.0678653717041,18.041492462158203,19.957530975341797,0.3392519950866699,100.0,0.40584632754325867,0.6007175445556641,396,428,0.4564371705055237,0,0,0.006132412701845169,0.0035154970828443766,21.8475341796875,0.006535015068948269,0.31465914845466614,0.008965975604951382,0.3299770653247833,20.049057006835938,0.009887677617371082,0.38772207498550415,0.00854608416557312,0.015603190287947655,21.27239227294922,0.007460375782102346,0.35972869396209717,0.011379309929907322,0.3544718325138092,19.68608856201172,0.010749571025371552,0.4027949273586273,0.004188629798591137,0.015698231756687164,26.165578842163086,0.0024179217871278524,0.10551999509334564,0.010098271071910858,0.0,19.3360538482666,0.011651850305497646,0.402159720659256
5532,154,16,704,-1,1,24.86385154724121,0.16850805282592773,23.164674758911133,0.2358386069536209,24.605979919433594,21.914472579956055,0.21268489956855774,20.95035743713379,22.871997833251953,0.13454072177410126,17.822288513183594,17.96542739868164,21.3947696685791,0.1659172773361206,100.0,0.37150219082832336,0.634824275970459,704,736,0.4337652325630188,0,0,0.0032629843335598707,0.003462598193436861,24.904918670654297,0.0032322746701538563,0.19052499532699585,0.004825392737984657,0.17700700461864471,22.81631088256836,0.005228403490036726,0.1991855800151825,0.006435062270611525,0.016510918736457825,23.11141586303711,0.004884930793195963,0.22976630926132202,0.0080346018075943,0.20085197687149048,21.657638549804688,0.0068270983174443245,0.21296055614948273,0.005161791108548641,0.015975605696439743,24.5616455078125,0.0034981269855052233,0.13257288932800293,0.0072530885227024555,0.0,20.773292541503906,0.008368948474526405,0.19259652495384216
5647,154,16,819,-1,0,24.870031356811523,0.15724481642246246,21.589176177978516,0.2081156224012375,24.894485473632812,22.02993392944336,0.19693903625011444,19.961685180664062,23.202150344848633,0.11194548010826111,17.37796974182129,17.477676391601562,20.495813369750977,0.23546366393566132,100.0,0.3919322192668915,0.5309990048408508,819,851,0.443965882062912,0,0,0.0032583442516624928,0.0032400470227003098,24.86627960205078,0.003261159174144268,0.178695410490036,0.0069355713203549385,0.2507607936859131,21.14732551574707,0.007678345311433077,0.2858363687992096,0.006266236770898104,0.018289554864168167,23.549222946166992,0.004416495095938444,0.21360066533088684,0.010088611394166946,0.2681312561035156,20.511993408203125,0.00888793170452118,0.2979365587234497,0.004783934447914362,0.017874442040920258,25.57518768310547,0.0027700101491063833,0.11234182864427567,0.008921108208596706,0.0,19.874332427978516,0.010293587110936642,0.269447922706604
5905,154,16,1077,-1,2,23.60469627380371,0.17368777096271515,20.643085479736328,0.2124277800321579,24.88909912109375,20.919479370117188,0.20845088362693787,19.044511795043945,22.683731079101562,0.10929182171821594,17.198942184448242,17.532583236694336,19.34319496154785,0.23803669214248657,100.0,0.4074857831001282,0.5213133692741394,1077,1109,0.4315589666366577,0,0,0.004360441584140062,0.003244068007916212,23.436918258666992,0.004532191902399063,0.1956213414669037,0.008623654022812843,0.24757063388824463,20.195226669311523,0.00956043042242527,0.28531211614608765,0.008091926574707031,0.019059250131249428,21.93505096435547,0.006404647137969732,0.22762428224086761,0.01246088556945324,0.2697061002254486,19.355222702026367,0.011600527912378311,0.2990051507949829,0.005390476901084185,0.017649881541728973,24.553844451904297,0.003504414577037096,0.10901247709989548,0.011632702313363552,0.0,18.721715927124023,0.013422347605228424,0.27886104583740234
5956,154,16,1128,-1,1,25.3331298828125,0.19591140747070312,22.73929786682129,0.2336856573820114,24.462804794311523,22.162696838378906,0.22924089431762695,20.613805770874023,23.046682357788086,0.12935779988765717,17.42535972595215,17.37439727783203,21.423206329345703,0.22938527166843414,100.0,0.389730304479599,0.5996086597442627,1128,1160,0.44727978110313416,0,0,0.00292878202162683,0.003578653559088707,25.48397445678711,0.002828802214935422,0.22962118685245514,0.005321940407156944,0.24374647438526154,22.363922119140625,0.005802404135465622,0.2819400429725647,0.006077576894313097,0.018091067671775818,23.737268447875977,0.004229347687214613,0.25384092330932617,0.008681993000209332,0.26228681206703186,21.4279727935791,0.007197849918156862,0.2892003059387207,0.004958288744091988,0.018304603174328804,25.368526458740234,0.0029050095472484827,0.13475674390792847,0.007205752655863762,0.0,20.801727294921875,0.008314330130815506,0.2649077773094177
6046,154,16,1218,-1,3,24.033348083496094,0.2041957974433899,20.601491928100586,0.2663048505783081,23.90808868408203,21.628801345825195,0.25204652547836304,19.31683921813965,23.693754196166992,0.1205294132232666,17.208955764770508,17.348400115966797,19.88067626953125,0.3070790469646454,100.0,0.3624970018863678,0.7346401214599609,1218,1250,0.45137661695480347,0,0,0.003950621001422405,0.004066224209964275,24.052942276000977,0.0039328355342149734,0.2380027174949646,0.008706645108759403,0.31894248723983765,20.19026756286621,0.009571355767548084,0.37992799282073975,0.0068725827150046825,0.019015362486243248,23.006427764892578,0.005004462320357561,0.27682921290397644,0.011703511700034142,0.3395472466945648,19.712907791137695,0.010683399625122547,0.39136767387390137,0.004271934740245342,0.01841450296342373,26.7857666015625,0.0020961551927030087,0.12542875111103058,0.01027856394648552,0.0,19.259197235107422,0.01185988076031208,0.3696792423725128
6107,154,16,1279,-1,0,25.58721160888672,0.18359245359897614,23.563026428222656,0.2488362342119217,24.96380043029785,22.262775421142578,0.2341591715812683,21.193195343017578,23.132944107055664,0.11324389278888702,17.45657730102539,17.6049747467041,22.005298614501953,0.1632080227136612,100.0,0.3409171998500824,0.7299022674560547,1279,1311,0.42637506127357483,0,0,0.002762352116405964,0.0031887469813227654,25.691587448120117,0.0026967530138790607,0.208326056599617,0.0044024791568517685,0.17008034884929657,23.336841583251953,0.004637839738279581,0.18815724551677704,0.005939123686403036,0.01796148344874382,23.88326644897461,0.004089529626071453,0.2618168592453003,0.0075976732186973095,0.19675104320049286,22.20025634765625,0.006025240756571293,0.2098323255777359,0.004860776476562023,0.01735811121761799,25.319320678710938,0.002938109217211604,0.11072830110788345,0.006301882676780224,0.0,21.383819580078125,0.007271402981132269,0.18778368830680847
6288,154,16,1460,-1,1,22.66981315612793,0.19023893773555756,18.963804244995117,0.2567906081676483,23.79029083251953,20.664024353027344,0.22068291902542114,17.927021026611328,22.563304901123047,0.10328808426856995,17.708587646484375,17.605335235595703,18.223241806030273,0.2509557902812958,100.0,0.40158358216285706,0.6394450068473816,1460,1492,0.45244789123535156,0,0,0.005407776217907667,0.004178024362772703,22.52047348022461,0.005596969276666641,0.21884751319885254,0.012694615870714188,0.26849570870399475,18.481542587280273,0.014185539446771145,0.3064541518688202,0.008582182228565216,0.016948889940977097,21.3697509765625,0.007294996175915003,0.24462971091270447,0.016117507591843605,0.2819162607192993,17.981016159057617,0.015918368473649025,0.31180694699287415,0.005542039405554533,0.017356671392917633,24.289432525634766,0.0037244046106934547,0.10229797661304474,0.015054833143949509,0.0,17.601760864257812,0.017370961606502533,0.29169291257858276
6603,154,16,1775,-1,0,25.24707794189453,0.1315833032131195,21.46976089477539,0.20126405358314514,25.026185989379883,22.048986434936523,0.18380354344844818,19.823205947875977,23.128955841064453,0.10588070750236511,17.274324417114258,17.459041595458984,20.33072280883789,0.1397598385810852,100.0,0.37224557995796204,0.5406754612922668,1775,1807,0.42328470945358276,0,0,0.002987392246723175,0.0031432679388672113,25.282079696655273,0.002963411621749401,0.1470259130001068,0.007128925994038582,0.15686002373695374,21.077289581298828,0.007803171873092651,0.1775202602148056,0.0062388041988015175,0.01873128116130829,23.648298263549805,0.004316884092986584,0.19459396600723267,0.010415486060082912,0.18252865970134735,20.280441284179688,0.009374666959047318,0.19650301337242126,0.004865242633968592,0.017951298505067825,25.448501586914062,0.002852003090083599,0.10737946629524231,0.00926676020026207,0.0,19.70924186706543,0.0106924157589674,0.16248802840709686
6714,154,16,1886,-1,3,26.302919387817383,0.14243221282958984,24.304630279541016,0.16746483743190765,26.247404098510742,22.65267562866211,0.1881130039691925,21.60515594482422,23.306819915771484,0.10573185980319977,17.546382904052734,17.609426498413086,22.617324829101562,0.12186680734157562,100.0,0.34109851717948914,0.4909573793411255,1886,1918,0.41789019107818604,0,0,0.002342653926461935,0.0023727919906377792,26.311521530151367,0.0023380175698548555,0.16021129488945007,0.003711393568664789,0.13735096156597137,23.941810607910156,0.004034771583974361,0.15347474813461304,0.00542915565893054,0.017593886703252792,24.488357543945312,0.0035576585214585066,0.20094428956508636,0.006910102441906929,0.1624317616224289,22.781631469726562,0.00527031859382987,0.16967634856700897,0.0046700118109583855,0.017340339720249176,25.65314483642578,0.002720731543377042,0.10470601916313171,0.005473529454320669,0.0,21.995847702026367,0.006315610371530056,0.1391148716211319
6716,154,16,1888,-1,1,26.364112854003906,0.13266876339912415,24.041431427001953,0.17731919884681702,26.086437225341797,22.68521499633789,0.19591662287712097,21.484506607055664,23.31644058227539,0.10975167155265808,17.58165168762207,17.612924575805664,22.48882293701172,0.12210450321435928,100.0,0.33096662163734436,0.5357615947723389,1888,1920,0.41708698868751526,0,0,0.0023098771926015615,0.0024623863864690065,26.408451080322266,0.002286414382979274,0.15098924934864044,0.003943274263292551,0.14218440651893616,23.761463165283203,0.004205848090350628,0.16221760213375092,0.005388631019741297,0.01745157688856125,24.518817901611328,0.003532793140038848,0.2083587944507599,0.007104761432856321,0.18055599927902222,22.609159469604492,0.005483831744641066,0.18860115110874176,0.004659680183976889,0.017326368018984795,25.668771743774414,0.0027109594084322453,0.10830103605985641,0.005637906491756439,0.0,21.867341995239258,0.006505277007818222,0.13969728350639343
7256,154,16,2460,-1,2,25.204666137695312,0.1607353389263153,23.01410675048828,0.19819259643554688,25.410425186157227,22.22418212890625,0.20678752660751343,20.925453186035156,23.218175888061523,0.11504009366035461,17.922218322753906,18.018156051635742,21.50945281982422,0.175704687833786,100.0,0.38711854815483093,0.511968731880188,2460,2492,0.436642587184906,0,0,0.0030167086515575647,0.0028771169018000364,25.173856735229492,0.0030381849501281977,0.1855037659406662,0.0049956189468503,0.194478839635849,22.593515396118164,0.00550362141802907,0.22674381732940674,0.00599213782697916,0.01613534241914749,23.534351348876953,0.004431644920259714,0.23277194797992706,0.008080806583166122,0.21508729457855225,21.605806350708008,0.006909067276865244,0.24007569253444672,0.004766311962157488,0.015782812610268593,25.126543045043945,0.0030714659951627254,0.12226487696170807,0.007064065895974636,0.0,20.88797378540039,0.008150845766067505,0.20739677548408508
7464,154,16,2700,-1,1,20.5881290435791,0.27095794677734375,18.636749267578125,0.29016128182411194,25.652685165405273,18.905338287353516,0.3048863112926483,17.500112533569336,22.27926254272461,0.09819105267524719,17.838647842407227,18.030879974365234,17.77157211303711,0.2348291277885437,100.0,0.4418182373046875,0.656743586063385,2700,2732,0.44136136770248413,0,0,0.008733480237424374,0.002721019322052598,20.150917053222656,0.00965847447514534,0.3158094882965088,0.013687524944543839,0.24225777387619019,18.088762283325195,0.015528290532529354,0.2777928113937378,0.01286667212843895,0.016448838636279106,19.095455169677734,0.012315570376813412,0.3475433588027954,0.017782337963581085,0.26482313871383667,17.41495132446289,0.018134471029043198,0.29193374514579773,0.005916622467339039,0.015736643224954605,23.559701919555664,0.0044058505445718765,0.09799782931804657,0.016704857349395752,0.0,17.15009307861328,0.019274836406111717,0.27345457673072815
7673,154,16,2909,-1,2,25.956018447875977,0.1416233479976654,23.55638313293457,0.17705757915973663,25.944751739501953,22.508407592773438,0.1905202567577362,21.11537742614746,23.19675636291504,0.11964262276887894,17.662065505981445,17.737695693969727,21.959030151367188,0.12683339416980743,100.0,0.315054327249527,0.5619906187057495,2909,2941,0.43198394775390625,0,0,0.0025374542456120253,0.0025440449826419353,25.957754135131836,0.0025364402681589127,0.1573271006345749,0.004409220069646835,0.13799501955509186,23.20526885986328,0.004780500195920467,0.1570754498243332,0.005612538196146488,0.017131423577666283,24.156234741210938,0.003840402467176318,0.20361706614494324,0.007735036313533783,0.17359960079193115,21.967979431152344,0.006356268655508757,0.18749769032001495,0.004789877217262983,0.01683567278087139,25.32143783569336,0.0029366775415837765,0.12385456264019012,0.006369377486407757,0.0,21.33755111694336,0.007349281571805477,0.14497651159763336
7760,154,16,2996,-1,1,24.605836868286133,0.15990851819515228,20.900375366210938,0.1815350502729416,26.621152877807617,21.99148941040039,0.20213758945465088,19.56293487548828,23.566604614257812,0.09571195393800735,17.92382049560547,18.05637550354004,19.98817253112793,0.27738499641418457,100.0,0.43588733673095703,0.4164724051952362,2996,3028,0.45786580443382263,0,0,0.003462712513282895,0.0021771322935819626,24.36460304260254,0.0036604944616556168,0.18592695891857147,0.008127606473863125,0.27617162466049194,20.396949768066406,0.0091265132650733,0.3240986466407776,0.006321950815618038,0.0161293875426054,23.175737380981445,0.004813114181160927,0.22329889237880707,0.011058758944272995,0.30319923162460327,19.848867416381836,0.010354122146964073,0.3437841534614563,0.004398855846375227,0.015644533559679985,25.736919403076172,0.0026687521021813154,0.10143794119358063,0.010027274489402771,0.0,19.3666934967041,0.011569932103157043,0.32595551013946533
7952,154,16,3220,-1,3,25.89004898071289,0.13838206231594086,20.7171630859375,0.19902746379375458,26.123659133911133,22.44542694091797,0.181808739900589,19.373435974121094,23.244007110595703,0.10930193960666656,17.886659622192383,17.942237854003906,19.5510311126709,0.2627488672733307,100.0,0.42018604278564453,0.4736650884151459,3220,3252,0.44262999296188354,0,0,0.0025762917939573526,0.0024413722567260265,25.855199813842773,0.0025970491115003824,0.15687908232212067,0.00847780890762806,0.2672223746776581,20.255659103393555,0.009428318589925766,0.3111359775066376,0.005694523919373751,0.016267996281385422,23.90636444091797,0.004067836329340935,0.19866597652435303,0.011551979929208755,0.2816080152988434,19.63174057006836,0.010884936898946762,0.3154481053352356,0.004738049115985632,0.01606113277375698,25.234529495239258,0.002996036782860756,0.11167959868907928,0.011089117266237736,0.0,18.92955207824707,0.012795135378837585,0.30662092566490173
8178,154,16,3446,-1,1,25.325328826904297,0.15335795283317566,22.324304580688477,0.19125328958034515,25.53236961364746,22.18968963623047,0.19726420938968658,20.379703521728516,22.938663482666016,0.1131381019949913,17.922119140625,17.959915161132812,20.964231491088867,0.17501391470432281,100.0,0.36026468873023987,0.5308688282966614,3446,3478,0.408587783575058,0,0,0.0029340479522943497,0.0027974541299045086,25.294334411621094,0.0029550627805292606,0.17381107807159424,0.005855575203895569,0.18146394193172455,21.925708770751953,0.006418434903025627,0.20392093062400818,0.006039921659976244,0.01613571308553219,23.480709075927734,0.004486722871661186,0.21439063549041748,0.009162833914160728,0.20508047938346863,20.909976959228516,0.008109653368592262,0.2182837724685669,0.005083160009235144,0.015995895490050316,24.679752349853516,0.003404278075322509,0.11402048170566559,0.00800897553563118,0.0,20.342750549316406,0.009241125546395779,0.20209535956382751
8273,154,16,3541,-1,0,24.69947624206543,0.14269091188907623,22.261611938476562,0.21651427447795868,24.610107421875,22.047290802001953,0.17259839177131653,20.676837921142578,23.4771728515625,0.09513100981712341,17.752769470214844,17.99324607849121,21.335861206054688,0.19171564280986786,100.0,0.3769952356815338,0.5743156671524048,3541,3573,0.4287335276603699,0,0,0.0033888500183820724,0.0034593085292726755,24.713390350341797,0.0033780101221054792,0.15552955865859985,0.005940717179328203,0.20587168633937836,22.048561096191406,0.006239413283765316,0.2337578535079956,0.006241240072995424,0.016777336597442627,23.353294372558594,0.004620302468538284,0.18421253561973572,0.008556901477277279,0.21675938367843628,21.323474884033203,0.007373140659183264,0.23705723881721497,0.004490377847105265,0.01587359793484211,25.6239013671875,0.002739112824201584,0.0946851521730423,0.0073521435260772705,0.0,20.714380264282227,0.008483242243528366,0.22245094180107117
8288,154,16,3556,-1,3,25.455585479736328,0.1751890480518341,22.039491653442383,0.21563449501991272,23.64473533630371,22.75818634033203,0.2206851840019226,20.536762237548828,24.464134216308594,0.09004341810941696,17.463167190551758,17.753461837768555,21.487138748168945,0.21015922725200653,100.0,0.3766957223415375,0.5724368095397949,3556,3588,0.44314607977867126,0,0,0.002847354393452406,0.004320425912737846,25.815780639648438,0.0026207282207906246,0.20126372575759888,0.006252459716051817,0.2181243747472763,21.633758544921875,0.006864738650619984,0.2541483938694,0.0052988468669354916,0.017934255301952362,24.743154525756836,0.003354937769472599,0.24887385964393616,0.008837387897074223,0.2423570156097412,21.15555763244629,0.007663804106414318,0.27249860763549805,0.0035775566939264536,0.01677466742694378,28.104446411132812,0.0015472318045794964,0.08923567831516266,0.007100456394255161,0.0,20.865659713745117,0.008192834444344044,0.25022944808006287
8389,154,16,3657,-1,0,23.84311866760254,0.16055762767791748,22.29060935974121,0.2422563135623932,24.787179946899414,21.4016170501709,0.20254376530647278,20.468658447265625,23.064682006835938,0.11748180538415909,17.880266189575195,17.9005126953125,21.025400161743164,0.15192994475364685,100.0,0.36128053069114685,0.6705490350723267,3657,3689,0.43449264764785767,0,0,0.004127510357648134,0.003321100026369095,23.71450424194336,0.004251573234796524,0.18469560146331787,0.0059011853300035,0.1684865653514862,21.972902297973633,0.006349063944071531,0.18678905069828033,0.007241660263389349,0.01629195734858513,22.328956604003906,0.005849307402968407,0.22802266478538513,0.008977060206234455,0.19715020060539246,21.065101623535156,0.007825097069144249,0.21591174602508545,0.004937782417982817,0.01621619239449501,24.944915771484375,0.0032026423141360283,0.12452773004770279,0.007896963506937027,0.0,20.403919219970703,0.009111881256103516,0.1755787879228592
8478,154,16,3746,-1,1,25.463247299194336,0.14438021183013916,22.94224739074707,0.16917093098163605,25.48290252685547,22.25203514099121,0.17644888162612915,20.875093460083008,23.069608688354492,0.10400263965129852,17.89314079284668,18.131711959838867,21.416561126708984,0.15608996152877808,100.0,0.3426148593425751,0.49376413226127625,3746,3778,0.43134406208992004,0,0,0.0028423352632671595,0.0028295007068663836,25.46023178100586,0.002844309899955988,0.16709564626216888,0.00507896626368165,0.1725931167602539,22.606613159179688,0.0054870471358299255,0.1974220871925354,0.005953832529485226,0.01624373160302639,23.594419479370117,0.004370770882815123,0.1969720870256424,0.00817505456507206,0.1886352002620697,21.553638458251953,0.006992562208324671,0.20606523752212524,0.0049321833066642284,0.015375479124486446,24.781400680541992,0.0033255228772759438,0.10661247372627258,0.007216785568743944,0.0,20.795082092285156,0.008327060379087925,0.18187165260314941
8570,154,16,3838,-1,1,25.188514709472656,0.16824820637702942,22.951778411865234,0.21498337388038635,24.78620147705078,22.065887451171875,0.23110559582710266,20.754615783691406,22.99429702758789,0.11567014455795288,17.640106201171875,17.75659942626953,21.234153747558594,0.1633564829826355,100.0,0.3628261983394623,0.5925244092941284,3838,3870,0.4350126087665558,0,0,0.0030279483180493116,0.0033218504395335913,25.25385856628418,0.00298273260705173,0.18520502746105194,0.005067829508334398,0.1769537478685379,22.631526947021484,0.005455662962049246,0.19665062427520752,0.006214572116732597,0.017218271270394325,23.44698715209961,0.004521695431321859,0.2491634488105774,0.008405015803873539,0.20461544394493103,21.476276397705078,0.007118236739188433,0.21769404411315918,0.005018457770347595,0.016762543469667435,24.93268585205078,0.003211675677448511,0.1128627359867096,0.007526354398578405,0.0,20.612674713134766,0.008684255182743073,0.1887381374835968
8696,154,16,3964,-1,3,25.370059967041016,0.15900740027427673,23.118000030517578,0.21323354542255402,26.05783462524414,22.101451873779297,0.181391641497612,20.825721740722656,23.09698486328125,0.1218315064907074,17.551219940185547,17.60579490661621,21.453811645507812,0.15592113137245178,100.0,0.3359467685222626,0.6347241997718811,3964,3996,0.43666350841522217,0,0,0.0029039825312793255,0.00247865729033947,25.273286819458008,0.002969417255371809,0.17469260096549988,0.004877530504018068,0.17235279083251953,22.78082275390625,0.005271301604807377,0.19175462424755096,0.006163889542222023,0.01757429912686348,23.557147979736328,0.004408442415297031,0.19316144287586212,0.008268523029983044,0.19395485520362854,21.637582778930664,0.006858701352030039,0.2076062262058258,0.0049011898227036,0.01735483482480049,25.250202178955078,0.0029852453153580427,0.12064088135957718,0.00715514924377203,0.0,20.832332611083984,0.008255942724645138,0.1769108921289444
8765,154,16,4033,-1,0,23.362716674804688,0.17449481785297394,20.47652816772461,0.25350743532180786,26.198890686035156,20.937950134277344,0.22307953238487244,19.013912200927734,22.847898483276367,0.12575078010559082,17.53598403930664,17.56238555908203,19.30441665649414,0.27465111017227173,100.0,0.4077588617801666,0.6217092275619507,4033,4065,0.4498005509376526,0,0,0.004610290750861168,0.0023994457442313433,23.053579330444336,0.004950420465320349,0.1993238925933838,0.008960815146565437,0.2633360028266907,19.96996307373047,0.010069403797388077,0.303472101688385,0.00805758498609066,0.01763606071472168,21.815120697021484,0.006583973299711943,0.24792395532131195,0.012548987753689289,0.30424046516418457,19.29515266418457,0.011762099340558052,0.3418117165565491,0.005190512631088495,0.01752917841076851,24.82506561279297,0.0032922562677413225,0.13234519958496094,0.011737039312720299,0.0,18.68293571472168,0.013542736880481243,0.31954121589660645
8891,154,16,4159,-1,2,25.419208526611328,0.15028038620948792,22.259740829467773,0.18673740327358246,25.569908142089844,22.170085906982422,0.195378378033638,20.35700225830078,23.160188674926758,0.11573575437068939,17.488210678100586,17.746145248413086,20.907800674438477,0.13179980218410492,100.0,0.3608572483062744,0.5174827575683594,4159,4191,0.4222135543823242,0,0,0.0028713031206279993,0.0027733787428587675,25.396482467651367,0.0028863681945949793,0.16927286982536316,0.005943278316408396,0.14685788750648499,21.938247680664062,0.006399933714419603,0.16327038407325745,0.0060672452673316,0.017831135541200638,23.708538055419922,0.0042574163526296616,0.211202472448349,0.009210849180817604,0.173079714179039,21.046222686767578,0.007859189063310623,0.1843990981578827,0.004830377642065287,0.016802947968244553,25.245548248291016,0.002988444408401847,0.11896683275699615,0.008113720454275608,0.0,20.286319732666016,0.009361985139548779,0.15329574048519135
9091,154,16,4391,-1,2,23.095481872558594,0.16852666437625885,20.14815902709961,0.25201675295829773,25.73569107055664,21.129045486450195,0.21099625527858734,19.004213333129883,23.219526290893555,0.11019080877304077,18.042430877685547,18.267595291137695,19.323684692382812,0.18495674431324005,100.0,0.37522435188293457,0.6716428399085999,4391,4423,0.47181612253189087,0,0,0.004902885761111975,0.0026695060078054667,22.801319122314453,0.005246482789516449,0.19043073058128357,0.009664608165621758,0.20952129364013672,19.67258644104004,0.010783041827380657,0.2403869926929474,0.0077107311226427555,0.015694839879870415,21.88263702392578,0.006482406985014677,0.23017627000808716,0.012577051296830177,0.22380098700523376,19.161848068237305,0.01212872564792633,0.25245434045791626,0.004764830227941275,0.014901858754456043,24.941329956054688,0.00320528750307858,0.11682221293449402,0.011685074307024479,0.0,18.702205657958984,0.013482779264450073,0.22200986742973328
9244,154,16,4544,-1,3,15.686054229736328,0.32473134994506836,14.607202529907227,0.3916134536266327,24.98029327392578,15.049668312072754,0.3398721516132355,14.085296630859375,22.296855926513672,0.08270350098609924,18.006698608398438,18.19984245300293,14.14344596862793,0.41378429532051086,100.0,0.5640924572944641,0.6942362785339355,4544,4576,0.4671418070793152,0,0,0.027001917362213135,0.0031766602769494057,15.133238792419434,0.030667345970869064,0.36381417512893677,0.03461622819304466,0.43995335698127747,14.036035537719727,0.0394817516207695,0.49780988693237305,0.03126318007707596,0.015824507921934128,14.731651306152344,0.0336383581161499,0.3742712736129761,0.03903646022081375,0.4481115937232971,13.701065063476562,0.042647503316402435,0.49917834997177124,0.005892700981348753,0.01513616181910038,23.496313095092773,0.004470629617571831,0.07943853735923767,0.03851727023720741,0.0,13.521966934204102,0.044443003833293915,0.47434860467910767
10020,167,16,371,-1,3,24.489070892333984,0.16661623120307922,20.861757278442383,0.19883862137794495,26.260568618774414,21.972808837890625,0.19847872853279114,19.579986572265625,24.10590934753418,0.09034813195466995,17.852039337158203,18.010047912597656,20.24611473083496,0.1900196373462677,100.0,0.3759160041809082,0.5289442539215088,371,403,0.3861715793609619,0,0,0.0035570738837122917,0.0023656096309423447,24.270849227905273,0.0037403758615255356,0.19598372280597687,0.008200198411941528,0.20118027925491333,20.339481353759766,0.00924808718264103,0.2321590632200241,0.006349199451506138,0.016398198902606964,23.1846923828125,0.0048031993210315704,0.21866993606090546,0.011015423573553562,0.2247903048992157,19.888280868530273,0.010260581970214844,0.24735218286514282,0.0038851615972816944,0.015812305733561516,26.882001876831055,0.002050216542556882,0.08780763298273087,0.009449062868952751,0.0,19.6246337890625,0.010902764275670052,0.2228844165802002
10387,167,16,738,-1,2,25.830642700195312,0.1667632907629013,22.387310028076172,0.20280174911022186,23.975173950195312,23.130781173706055,0.21129842102527618,20.919384002685547,24.729034423828125,0.09724410623311996,17.73974609375,18.123090744018555,21.962717056274414,0.25232768058776855,100.0,0.38126954436302185,0.5319117307662964,738,770,0.4360094666481018,0,0,0.0026117749512195587,0.00400389451533556,26.202228546142578,0.0023976031225174665,0.1939396858215332,0.005771240219473839,0.27099794149398804,22.062179565429688,0.006219878792762756,0.321922242641449,0.004863195586949587,0.01682773046195507,25.19634246826172,0.0030224977526813745,0.23444435000419617,0.008092106319963932,0.2851324677467346,21.621286392211914,0.006884485948830843,0.3274897336959839,0.0033658642787486315,0.015406036749482155,28.200090408325195,0.0015135303838178515,0.10230427980422974,0.006363973952829838,0.0,21.341238021850586,0.007343046832829714,0.30291807651519775
10409,167,16,760,-1,0,20.1535701751709,0.3691050708293915,18.524185180664062,0.2502419650554657,22.656333923339844,19.372629165649414,0.38416367769241333,17.90006446838379,25.667930603027344,0.052946947515010834,17.768070220947266,17.799869537353516,18.451583862304688,0.3971492052078247,100.0,0.33607104420661926,0.7446103096008301,760,792,0.43769994378089905,0,0,0.009652571752667427,0.005424586124718189,19.870351791381836,0.010303030721843243,0.43876004219055176,0.014046929776668549,0.399918794631958,18.032546997070312,0.01573059894144535,0.47066253423690796,0.011554126627743244,0.016718337312340736,19.682025909423828,0.010759633034467697,0.44615107774734497,0.01621786132454872,0.41248619556427,17.896163940429688,0.016232432797551155,0.4712478518486023,0.0027114832773804665,0.016596373170614243,32.40070724487305,0.0005753462901338935,0.04582234472036362,0.014283726923167706,0.0,17.830106735229492,0.016481224447488785,0.4681186079978943
10553,167,16,904,-1,0,26.76837921142578,0.18231606483459473,23.641454696655273,0.18338420987129211,25.365848541259766,23.864025115966797,0.221094012260437,21.876853942871094,25.03365707397461,0.09086854010820389,18.067819595336914,18.027639389038086,23.148780822753906,0.2564792037010193,100.0,0.36634960770606995,0.500571608543396,904,936,0.4241483211517334,0,0,0.002104563172906637,0.002906800014898181,27.030841827392578,0.001981142209842801,0.21340809762477875,0.004323690198361874,0.2613013684749603,23.218482971191406,0.004765973426401615,0.30968326330184937,0.004107687622308731,0.015603357926011086,26.30946922302246,0.0023391232825815678,0.24801494181156158,0.006491044070571661,0.2844819724559784,22.839262008666992,0.0052008433267474174,0.3246200680732727,0.0031378655694425106,0.015748387202620506,29.216209411621094,0.001197785953991115,0.08922865986824036,0.00484308460727334,0.0,22.527301788330078,0.005588174797594547,0.30772486329078674
10690,167,16,1041,-1,1,19.290485382080078,0.3033033311367035,16.297767639160156,0.39949843287467957,24.638992309570312,18.239377975463867,0.3290042579174042,15.724626541137695,22.642240524291992,0.100462906062603,17.72931480407715,18.167627334594727,15.863204956054688,0.4284718632698059,100.0,0.5368847846984863,0.7441045641899109,1041,1073,0.4560718238353729,0,0,0.011774744838476181,0.0034363768063485622,18.84137725830078,0.013057569973170757,0.3503747284412384,0.023454349488019943,0.4381829798221588,15.736321449279785,0.026691189035773277,0.5146744251251221,0.014998994767665863,0.016868190839886665,18.323453903198242,0.014711426571011543,0.3749581575393677,0.02676316164433956,0.45924317836761475,15.447715759277344,0.02852519229054451,0.5320071578025818,0.005442221183329821,0.015248855575919151,24.052200317382812,0.003933507949113846,0.10271794348955154,0.025922652333974838,0.0,15.241726875305176,0.029910754412412643,0.5094583630561829
10711,167,16,1062,-1,2,23.693561553955078,0.1839786171913147,18.845518112182617,0.21094965934753418,25.541669845581055,21.758604049682617,0.213632270693779,17.997371673583984,24.045469284057617,0.08534672111272812,17.848876953125,17.94183349609375,18.380563735961914,0.30881404876708984,100.0,0.4206647574901581,0.5014674067497253,1062,1094,0.45660364627838135,0,0,0.0042721242643892765,0.002791469916701317,23.467952728271484,0.004499917384237051,0.20938362181186676,0.01304512657225132,0.3267667293548584,18.32832145690918,0.014694943092763424,0.3803948163986206,0.006670210976153612,0.016410142183303833,22.863616943359375,0.005171759519726038,0.23385389149188995,0.01585853099822998,0.34042930603027344,18.015342712402344,0.01579304225742817,0.38088086247444153,0.0039396085776388645,0.01606263965368271,26.830808639526367,0.0020745270885527134,0.08305811136960983,0.01451923418790102,0.0,17.759082794189453,0.01675296202301979,0.36450645327568054
10735,167,16,1118,-1,0,25.07373046875,0.156204491853714,22.106822967529297,0.21198825538158417,25.028491973876953,22.199596405029297,0.19464610517024994,20.472431182861328,23.143003463745117,0.10833626985549927,17.983577728271484,17.94552993774414,20.88762664794922,0.1556137502193451,100.0,0.37803909182548523,0.5607575178146362,1118,1150,0.43285244703292847,0,0,0.0031090439297258854,0.003141601337119937,25.080734252929688,0.003104035509750247,0.1871400624513626,0.006156270392239094,0.16581496596336365,21.81412124633789,0.00658548716455698,0.1882798820734024,0.006026155781000853,0.015908971428871155,23.462356567382812,0.004505722783505917,0.22387388348579407,0.008969268761575222,0.18570560216903687,20.981550216674805,0.007977097295224667,0.20672252774238586,0.004849531687796116,0.016048958525061607,25.049358367919922,0.003126543015241623,0.1113683432340622,0.008151496760547161,0.0,20.26614761352539,0.009405573830008507,0.18665632605552673
10902,167,16,1285,-1,3,25.49816131591797,0.14958229660987854,21.939678192138672,0.18725059926509857,24.869770050048828,22.591245651245117,0.17416515946388245,20.4346866607666,23.963926315307617,0.09719639271497726,17.5350341796875,17.67459487915039,21.21013832092285,0.20730720460414886,100.0,0.38690829277038574,0.4839663505554199,1285,1317,0.4474058151245117,0,0,0.0028195767663419247,0.0032585393637418747,25.60344696044922,0.0027520442381501198,0.16670574247837067,0.00639782240614295,0.2099994271993637,21.610755920410156,0.006901195738464594,0.23970665037631989,0.00550649780780077,0.017639925703406334,24.389205932617188,0.0036398167721927166,0.18823182582855225,0.009047559462487698,0.22654691338539124,21.051952362060547,0.0078488290309906,0.2499251663684845,0.004014278296381235,0.017082078382372856,26.981353759765625,0.002003847621381283,0.09585975110530853,0.007568089757114649,0.0,20.58865737915039,0.008732411079108715,0.24324800074100494
11307,167,16,1690,-1,0,25.925703048706055,0.14638656377792358,23.5843448638916,0.18748727440834045,24.71807861328125,22.551170349121094,0.19344080984592438,21.16859245300293,23.190139770507812,0.12787607312202454,17.60382843017578,17.576309204101562,21.8966007232666,0.2100227028131485,37.56810760498047,0.36643609404563904,0.5116506814956665,1690,1722,0.4359014630317688,0,0,0.002555229002609849,0.003374365856871009,26.145355224609375,0.00242920801974833,0.16086949408054352,0.004380923695862293,0.21036607027053833,23.187114715576172,0.0048005236312747,0.24043919146060944,0.00555754778906703,0.017362702637910843,24.26969337463379,0.0037413702812045813,0.1980341076850891,0.007640834432095289,0.24530631303787231,22.058250427246094,0.0062255109660327435,0.265234112739563,0.004797181114554405,0.017473068088293076,25.456056594848633,0.00284704496152699,0.12459292262792587,0.006461598910391331,0.00017506087897345424,21.29083824157715,0.0074287583120167255,0.24373091757297516
11459,167,16,1842,-1,0,22.230005264282227,0.1908370852470398,18.828895568847656,0.24613165855407715,24.494972229003906,19.99843406677246,0.23852276802062988,17.553199768066406,21.815128326416016,0.12148921191692352,17.508821487426758,17.74941635131836,17.710506439208984,0.29204392433166504,100.0,0.4383247494697571,0.5615280866622925,1842,1874,0.4466940462589264,0,0,0.005984111689031124,0.003552243346348405,21.966629028320312,0.006358245387673378,0.21630319952964783,0.013095146045088768,0.29304420948028564,18.31268310546875,0.014747951179742813,0.3402163088321686,0.010003609582781792,0.017746709287166595,20.5490779876709,0.00881236232817173,0.2629351019859314,0.01756628416478634,0.33070796728134155,17.50912094116211,0.017745478078722954,0.37201204895973206,0.006583958398550749,0.016790293157100677,22.998371124267578,0.005013753194361925,0.12316806614398956,0.016941403970122337,0.0,17.089027404785156,0.019547773525118828,0.34455519914627075
11462,167,16,1845,-1,3,24.012510299682617,0.15961326658725739,20.477724075317383,0.18697814643383026,25.379562377929688,21.15823745727539,0.22574695944786072,18.861539840698242,22.225505828857422,0.1195143312215805,17.527692794799805,17.58405113220215,19.327938079833984,0.2800326645374298,100.0,0.3967648446559906,0.4712568521499634,1845,1877,0.4436655640602112,0,0,0.003969620447605848,0.0028976351022720337,23.83572769165039,0.0041345409117639065,0.1840636432170868,0.008958345279097557,0.27945664525032043,19.955848693847656,0.01010217983275652,0.32244595885276794,0.007659076247364283,0.017669761553406715,22.133216857910156,0.006118971388787031,0.2520069479942322,0.01299708429723978,0.3178730309009552,19.07568359375,0.01237176638096571,0.3591294586658478,0.005990311037749052,0.017441945150494576,23.738117218017578,0.004228520672768354,0.12495094537734985,0.011673643253743649,0.0,18.706457138061523,0.01346958801150322,0.3291875720024109
11602,167,16,1985,-1,3,24.073286056518555,0.1400272697210312,20.65445899963379,0.1992611140012741,25.89078712463379,21.488981246948242,0.1900191605091095,19.204586029052734,23.134532928466797,0.10599620640277863,17.754440307617188,17.954757690429688,19.42576789855957,0.2520633935928345,100.0,0.4085969030857086,0.4876716136932373,1985,2017,0.45782485604286194,0,0,0.003914455883204937,0.0025758559349924326,23.85061264038086,0.004120394121855497,0.16020262241363525,0.008601101115345955,0.26279333233833313,20.19274139404297,0.009565896354615688,0.3030693531036377,0.00709744356572628,0.01677088439464569,22.510974884033203,0.005609221290796995,0.20352910459041595,0.012009957805275917,0.2825051546096802,19.42797088623047,0.011407827958464622,0.31428831815719604,0.004858998116105795,0.01601489633321762,25.026962280273438,0.0031427061185240746,0.10528045892715454,0.011413617059588432,0.0,18.80428695678711,0.01316955778747797,0.29339510202407837
11726,167,16,2141,-1,0,21.436092376708984,0.14931577444076538,18.275175094604492,0.1860324591398239,27.097837448120117,19.35907554626465,0.17834176123142242,17.16302490234375,21.129398345947266,0.10058222711086273,18.261144638061523,18.37294578552246,17.129053115844727,0.2786499857902527,100.0,0.43906980752944946,0.42369675636291504,2141,2173,0.4453853368759155,0,0,0.007184405345469713,0.0019508162513375282,20.97476577758789,0.007989573292434216,0.17057698965072632,0.01487587857991457,0.2891156077384949,17.71506690979004,0.01692362129688263,0.3369911015033722,0.011590242385864258,0.014924008399248123,19.555641174316406,0.011077356524765491,0.19072268903255463,0.01921752840280533,0.31407225131988525,16.99980926513672,0.019953500479459763,0.3521498739719391,0.007710103876888752,0.014544728212058544,21.766155242919922,0.006658623926341534,0.0997663140296936,0.01936844363808632,0.0,16.507572174072266,0.022348206490278244,0.3274572789669037
11798,167,16,2213,-1,0,19.998125076293945,0.15748955309391022,22.385957717895508,0.2687467336654663,21.887195587158203,18.444639205932617,0.1942104697227478,19.892406463623047,21.198238372802734,0.10700774192810059,17.308561325073242,18.28571128845215,21.507844924926758,0.0685340017080307,21.735591888427734,0.14376263320446014,1.8693782091140747,2213,2245,0.37560558319091797,0,0,0.010004321113228798,0.006475607864558697,19.768627166748047,0.010547200217843056,0.17563995718955994,0.005773036740720272,0.10119227319955826,22.346508026123047,0.005825715139508247,0.11499526351690292,0.014306589961051941,0.018584201112389565,18.649152755737305,0.013648497872054577,0.2058071494102478,0.01025084126740694,0.1440708488225937,20.43492889404297,0.009047054685652256,0.14839383959770203,0.007588851731270552,0.014839827083051205,21.88873291015625,0.006473317742347717,0.10693449527025223,0.007066682446748018,0.006705651059746742,21.473844528198242,0.007122226059436798,0.07815702259540558
11935,167,16,2350,-1,1,17.925050735473633,0.3670198917388916,15.81830883026123,0.2850891053676605,23.510147094726562,17.03524398803711,0.4164261221885681,15.249527931213379,22.00044822692871,0.10197330266237259,17.790786743164062,18.061288833618164,15.312774658203125,0.3476157486438751,100.0,0.46578875184059143,0.6120566725730896,2350,2382,0.3666963279247284,0,0,0.016124816611409187,0.004456413444131613,17.466632843017578,0.017919955775141716,0.4063170552253723,0.02619202993810177,0.36314836144447327,15.260224342346191,0.02978363074362278,0.4084749221801758,0.019791362807154655,0.016631117090582848,16.92984390258789,0.02027755416929722,0.45642250776290894,0.029857076704502106,0.39257264137268066,14.945775985717773,0.03202007710933685,0.4368908405303955,0.006308923475444317,0.01562684029340744,23.11989974975586,0.004875397775322199,0.10110592842102051,0.02942541427910328,0.0,14.69129467010498,0.03395240381360054,0.39937323331832886
11988,167,16,2435,-1,3,27.499902725219727,0.1840459704399109,25.32737922668457,0.19286978244781494,25.532001495361328,23.63170623779297,0.24148677289485931,22.77279281616211,24.286996841430664,0.113725945353508,17.77822494506836,17.812402725219727,24.51274871826172,0.2355823516845703,100.0,0.33760324120521545,0.5712912678718567,2435,2467,0.41943132877349854,0,0,0.0017783197108656168,0.0027976923156529665,27.900850296020508,0.0016214933712035418,0.2167431265115738,0.002932662609964609,0.2545579671859741,25.36452293395996,0.0029076882638037205,0.3036201298236847,0.004333405755460262,0.016679292544722557,26.1367244720459,0.002434038557112217,0.2723124325275421,0.00528105441480875,0.26311585307121277,24.40308380126953,0.0036282038781791925,0.30060166120529175,0.0037264940328896046,0.01654854789376259,27.56002426147461,0.0017538703978061676,0.11639958620071411,0.003537733107805252,0.0,23.89126968383789,0.004081999883055687,0.28297170996665955
11993,167,16,2440,-1,0,26.4881591796875,0.18879477679729462,25.125999450683594,0.19558191299438477,25.486160278320312,23.308277130126953,0.24567171931266785,22.504352569580078,23.94056510925293,0.11497359722852707,18.019216537475586,18.076684951782227,23.875646591186523,0.252219557762146,100.0,0.3216590881347656,0.608040988445282,2440,2472,0.4170856177806854,0,0,0.0022448329254984856,0.0028273798525333405,26.66510581970215,0.0021552101243287325,0.21492914855480194,0.0030718499328941107,0.2542552649974823,24.94772720336914,0.003200570121407509,0.29889631271362305,0.004668446723371744,0.015778958797454834,25.288349151611328,0.0029591377824544907,0.2734704315662384,0.005617777816951275,0.2800104320049286,23.958087921142578,0.004019677639007568,0.31781697273254395,0.0040359292179346085,0.015571537427604198,26.456573486328125,0.0022612204775214195,0.1211264356970787,0.0040967115201056,0.0,23.254167556762695,0.004726974759250879,0.3015032708644867
12131,167,16,2578,-1,2,26.840576171875,0.11303242295980453,24.293489456176758,0.16515572369098663,26.760026931762695,22.797115325927734,0.15887928009033203,21.681049346923828,23.377216339111328,0.11098235845565796,17.671676635742188,17.884233474731445,22.543724060058594,0.09819440543651581,100.0,0.35790109634399414,0.4614563286304474,2578,2610,0.43374863266944885,0,0,0.002069866517558694,0.00210861605592072,26.853103637695312,0.00206390512175858,0.12909580767154694,0.0037209263537079096,0.12483179569244385,24.07611656188965,0.003911904990673065,0.13976283371448517,0.005251565016806126,0.017093554139137268,24.647411346435547,0.0034297206439077854,0.16641327738761902,0.006790397688746452,0.148204043507576,22.76363182067871,0.005292210262268782,0.15324953198432922,0.004594926722347736,0.016277093440294266,25.53203582763672,0.0027976708952337503,0.11070433259010315,0.005567083600908518,0.0,21.922243118286133,0.006423558108508587,0.11128296703100204
12293,167,16,2740,-1,0,24.519515991210938,0.20463868975639343,22.29800796508789,0.24893732368946075,23.79043960571289,21.999710083007812,0.2313857525587082,20.545894622802734,23.244747161865234,0.11907854676246643,17.738788604736328,17.799213409423828,21.099882125854492,0.18740639090538025,100.0,0.38289472460746765,0.6501455903053284,2740,2772,0.46564486622810364,0,0,0.0035322261974215508,0.004177881870418787,24.64339828491211,0.0034328943584114313,0.226445734500885,0.005891142878681421,0.21121789515018463,21.996469497680664,0.006314705591648817,0.23642559349536896,0.006309996359050274,0.01683143898844719,23.287057876586914,0.004691312555223703,0.255273699760437,0.008818823844194412,0.22996167838573456,21.154327392578125,0.007665974088013172,0.24728113412857056,0.00473723653703928,0.016598878428339958,25.35753631591797,0.0029123686254024506,0.11880829930305481,0.007762680761516094,0.0,20.478403091430664,0.008956938982009888,0.21662580966949463
12657,167,16,3104,-1,0,25.836719512939453,0.1412719190120697,24.25494956970215,0.22368459403514862,25.894948959350586,22.38187026977539,0.1907351315021515,21.449853897094727,23.096458435058594,0.12557914853096008,17.399486541748047,17.480371475219727,22.640392303466797,0.1415058970451355,100.0,0.34480899572372437,0.6487203240394592,3104,3136,0.45907720923423767,0,0,0.002608122304081917,0.002573386998847127,25.827831268310547,0.0026134662330150604,0.15978515148162842,0.003754092613235116,0.1503022015094757,23.80750846862793,0.004161493852734566,0.17448298633098602,0.005778471939265728,0.01819916069507599,24.125587463378906,0.0038675968535244465,0.20783115923404694,0.007161672227084637,0.18895410001277924,22.59674835205078,0.005499524064362049,0.2077813744544983,0.004901784006506205,0.01786334626376629,25.36450958251953,0.002907697344198823,0.12893477082252502,0.005444534122943878,0.0,22.01891326904297,0.0062821549363434315,0.16789203882217407
12838,167,16,3285,-1,1,24.69428825378418,0.19347360730171204,22.59964370727539,0.24653993546962738,24.41204833984375,21.948040008544922,0.22708497941493988,20.635845184326172,23.291547775268555,0.10965999960899353,17.388452529907227,17.55431365966797,21.357715606689453,0.21617425978183746,100.0,0.37364479899406433,0.6598243713378906,3285,3317,0.42693278193473816,0,0,0.003392903134226799,0.0036207230295985937,24.739381790161133,0.00335785374045372,0.2242068350315094,0.005495857447385788,0.2320658266544342,22.18320655822754,0.0060489424504339695,0.2645191550254822,0.006385516375303268,0.018245460465550423,23.40948486328125,0.004560909699648619,0.2518598735332489,0.008638046681880951,0.2633877992630005,21.3624210357666,0.007307317107915878,0.2837606966495514,0.0046864659525454044,0.017561789602041245,25.677288055419922,0.002705646911635995,0.10465752333402634,0.007315239403396845,0.0,20.736234664916992,0.008440661244094372,0.25102877616882324
13084,167,16,3531,-1,3,22.401254653930664,0.17530088126659393,19.743297576904297,0.1815025359392166,24.417354583740234,20.553062438964844,0.19959710538387299,18.60434341430664,22.465187072753906,0.10030677914619446,17.87635612487793,17.819480895996094,18.92302703857422,0.26179614663124084,100.0,0.42159566283226013,0.43051329255104065,3531,3563,0.465707391500473,0,0,0.005752738565206528,0.0036163018085062504,22.159950256347656,0.006081420928239822,0.20147526264190674,0.010608899407088757,0.2818295955657959,19.231050491333008,0.011936994269490242,0.332105815410614,0.008804279379546642,0.01630663499236107,21.163345336914062,0.0076500712893903255,0.21952411532402039,0.013790044002234936,0.28499409556388855,18.715356826782227,0.013442015275359154,0.32667508721351624,0.005668673198670149,0.016521599143743515,23.980493545532227,0.003998992498964071,0.10296636819839478,0.012814375571906567,0.0,18.301546096801758,0.014785818755626678,0.3107510209083557
13085,167,16,3532,-1,0,22.927536010742188,0.14586050808429718,19.63212776184082,0.1903713047504425,27.437437057495117,20.89767837524414,0.18903407454490662,18.632898330688477,22.589580535888672,0.09517355263233185,17.8167724609375,17.897916793823242,18.96425437927246,0.27838605642318726,100.0,0.42560988664627075,0.4472905993461609,3532,3564,0.4652896821498871,0,0,0.00509620038792491,0.0018040823051705956,22.516042709350586,0.005602680146694183,0.17434626817703247,0.010883966460824013,0.2932504415512085,19.097551345825195,0.012309624813497066,0.3461081087589264,0.008132652379572392,0.01653190702199936,21.64914894104004,0.0068404595367610455,0.21325886249542236,0.013699675910174847,0.3088056743144989,18.77275276184082,0.013265534304082394,0.3528948426246643,0.00550860958173871,0.01622588187456131,24.134353637695312,0.003859798889607191,0.09591606259346008,0.012693304568529129,0.0,18.342775344848633,0.014646119438111782,0.32870548963546753
13214,167,16,3661,-1,1,24.01869773864746,0.121013343334198,19.607057571411133,0.1620934009552002,26.157249450683594,21.718978881835938,0.15244093537330627,18.549110412597656,23.300518035888672,0.07800296694040298,17.76365089416504,17.721372604370117,19.036266326904297,0.29790744185447693,100.0,0.40357881784439087,0.40163999795913696,3661,3693,0.4508587718009949,0,0,0.003963968716561794,0.0024225632660090923,23.7663631439209,0.004201107658445835,0.1379566788673401,0.010946976952254772,0.3073517084121704,19.062477111816406,0.012409444898366928,0.36076056957244873,0.006731351371854544,0.016735348850488663,22.846424102783203,0.005192274693399668,0.16093413531780243,0.013966541737318039,0.32670149207115173,18.69448471069336,0.013506773859262466,0.3703024387359619,0.004676791373640299,0.016899067908525467,25.53394317626953,0.002796441549435258,0.07473361492156982,0.012484566308557987,0.0,18.41478729248047,0.014405269175767899,0.35280969738960266
13820,167,16,4299,-1,3,27.04721450805664,0.19367031753063202,25.92136573791504,0.20894527435302734,25.093040466308594,23.296104431152344,0.2496480941772461,22.812820434570312,24.039621353149414,0.11835068464279175,17.710893630981445,17.925569534301758,24.457914352416992,0.1538366973400116,100.0,0.2925664484500885,0.714180588722229,4299,4331,0.42848366498947144,0,0,0.001973687903955579,0.003095251740887761,27.44452476501465,0.0018011399079114199,0.2220936268568039,0.002557781059294939,0.16051490604877472,25.825613021850586,0.002614801749587059,0.19064132869243622,0.004681548103690147,0.01693989522755146,25.535175323486328,0.0027956487610936165,0.28447476029396057,0.005232605151832104,0.19060643017292023,24.56847381591797,0.00349263078533113,0.2127636820077896,0.0039449166506528854,0.01612289994955063,26.83740234375,0.0020713810808956623,0.12433911859989166,0.0035826852545142174,0.0,23.836437225341797,0.0041338675655424595,0.18543268740177155
13871,167,16,4350,-1,2,24.79327964782715,0.1423822045326233,22.399288177490234,0.195924311876297,25.662443161010742,21.854888916015625,0.19512689113616943,20.37802505493164,23.115365982055664,0.11993563920259476,17.72024917602539,17.853429794311523,20.867183685302734,0.1783284693956375,100.0,0.3950204849243164,0.4959851801395416,4350,4382,0.4219631552696228,0,0,0.0033164408523589373,0.0027149112429469824,24.673751831054688,0.003408983815461397,0.15711110830307007,0.0057553453370928764,0.18709692358970642,22.025842666625977,0.006272141356021166,0.20660683512687683,0.006523955147713423,0.016903433948755264,23.07407569885254,0.004927112255245447,0.2121208906173706,0.009166372008621693,0.22081288695335388,20.950637817382812,0.008034083060920238,0.23654292523860931,0.004880491178482771,0.016392948105931282,25.073314666748047,0.003109343582764268,0.12071292102336884,0.008189961314201355,0.0,20.245702743530273,0.009449955075979233,0.20344382524490356
13875,167,16,4354,-1,2,25.702152252197266,0.14100323617458344,23.499467849731445,0.17474153637886047,26.747323989868164,22.265522003173828,0.19253027439117432,21.12195587158203,23.24814224243164,0.12143323570489883,17.870771408081055,17.89729881286621,21.842876434326172,0.1717986911535263,100.0,0.3542550206184387,0.4932648241519928,4354,4386,0.42471593618392944,0,0,0.0026902025565505028,0.0021147923544049263,25.561540603637695,0.002778727328404784,0.16103163361549377,0.00446738488972187,0.18544597923755646,23.13311004638672,0.0048605878837406635,0.21283748745918274,0.005935370456427336,0.016327619552612305,23.628543853759766,0.0043365624733269215,0.21215370297431946,0.007723329123109579,0.20914621651172638,21.948715209960938,0.006384523119777441,0.22584384679794312,0.004733537323772907,0.016228197142481804,25.27956771850586,0.00296512758359313,0.12700679898262024,0.006542032118886709,0.0,21.221393585205078,0.007548498921096325,0.19934353232383728
14058,167,16,4537,-1,1,23.174087524414062,0.1828160434961319,16.613842010498047,0.2257702648639679,24.703231811523438,20.81052017211914,0.21542584896087646,15.956619262695312,22.633878707885742,0.10706029832363129,17.596664428710938,17.682659149169922,15.98264217376709,0.3173089623451233,33.47898864746094,0.4727206230163574,0.4775976538658142,4537,4569,0.4661957323551178,0,0,0.004814942833036184,0.0033859219402074814,22.980186462402344,0.005034792236983776,0.20791542530059814,0.02180800959467888,0.3240971565246582,16.084436416625977,0.02463521622121334,0.37031373381614685,0.008297513239085674,0.01739136129617691,21.61248016357422,0.006898460444062948,0.2381822168827057,0.02537103369832039,0.3406733274459839,15.73013687133789,0.02672922983765602,0.38378000259399414,0.005452705547213554,0.017050376161932945,24.355175018310547,0.0036684484221041203,0.10816706717014313,0.025219464674592018,0.0004488498088903725,15.371480941772461,0.02903032675385475,0.37091535329818726
14141,167,16,4620,-1,0,21.623218536376953,0.17737390100955963,18.249305725097656,0.2145978957414627,25.331518173217773,19.694122314453125,0.20443680882453918,17.190250396728516,21.995420455932617,0.10808347910642624,17.56135368347168,17.81256103515625,17.196048736572266,0.25227653980255127,100.0,0.424903929233551,0.5050504207611084,4620,4652,0.44281458854675293,0,0,0.006881421431899071,0.0029298688750714064,21.255558013916016,0.007489352487027645,0.20042334496974945,0.014964748173952103,0.26026973128318787,17.7015380859375,0.01697642169892788,0.29933929443359375,0.010729704983532429,0.01753334142267704,20.139904022216797,0.009682992473244667,0.22584034502506256,0.01909743621945381,0.28174877166748047,17.09864044189453,0.019504547119140625,0.3118588626384735,0.0063162329606711864,0.01654793694615364,23.240270614624023,0.004742124117910862,0.11054685711860657,0.019071945920586586,0.0,16.574569702148438,0.022006094455718994,0.29711878299713135
14145,167,16,4624,-1,0,20.73097038269043,0.16709798574447632,17.15692901611328,0.23976655304431915,26.09180450439453,18.743127822875977,0.21686777472496033,16.083547592163086,21.083209991455078,0.11500047147274017,17.466171264648438,17.76546287536621,16.013263702392578,0.2653886377811432,100.0,0.4476785659790039,0.5355774760246277,4624,4656,0.4480363726615906,0,0,0.008450898341834545,0.0024593460839241743,20.28136444091797,0.009372677654027939,0.18821264803409576,0.019244519993662834,0.2619744539260864,16.57868194580078,0.02198527567088604,0.30041489005088806,0.013356336392462254,0.017921846359968185,18.977739334106445,0.012653951533138752,0.23542791604995728,0.024640265852212906,0.28528892993927,15.861617088317871,0.02593213878571987,0.31610769033432007,0.0077925436198711395,0.016728369519114494,21.926137924194336,0.006417801603674889,0.11825873702764511,0.02504226565361023,0.0,15.39178466796875,0.028894923627376556,0.3070330023765564
14501,167,16,4980,-1,0,24.456409454345703,0.27130189538002014,25.021360397338867,0.25030627846717834,23.878440856933594,22.170412063598633,0.3113206923007965,22.249919891357422,24.30237579345703,0.09592638164758682,17.61493492126465,17.658933639526367,24.11696434020996,0.22776013612747192,100.0,0.3087072968482971,0.8108207583427429,4980,5012,0.4471589922904968,0,0,0.0035839250776916742,0.004094076808542013,24.552574157714844,0.003505440428853035,0.32027727365493774,0.0031467624939978123,0.23941467702388763,24.71693229675293,0.0033752552699297667,0.2809995114803314,0.006066788919270039,0.017318349331617355,23.629329681396484,0.004335779696702957,0.3585575520992279,0.005956731736660004,0.26698121428489685,23.751354217529297,0.004215652123093605,0.3015040159225464,0.003713322337716818,0.01714378036558628,27.832805633544922,0.0016470981063321233,0.09661948680877686,0.0038752842228859663,0.0,23.495485305786133,0.004471481777727604,0.26903605461120605
14505,167,16,4984,-1,0,26.10214614868164,0.24065640568733215,23.416156768798828,0.22522933781147003,24.631561279296875,22.822742462158203,0.30528226494789124,21.32530975341797,23.726089477539062,0.12041203677654266,17.556194305419922,17.582481384277344,22.345659255981445,0.28245726227760315,100.0,0.35100266337394714,0.6416741609573364,4984,5016,0.43918195366859436,0,0,0.00245349551551044,0.003442261600866914,26.3801212310791,0.0023013774771243334,0.2766370177268982,0.004553908482193947,0.28477591276168823,23.133941650390625,0.004859660752117634,0.33353179693222046,0.0052206628024578094,0.01755417510867119,24.784435272216797,0.003323199925944209,0.34355050325393677,0.007370028644800186,0.31451892852783203,22.288516998291016,0.005904026795178652,0.3568568229675293,0.004240247420966625,0.017448250204324722,26.559524536132812,0.0022082470823079348,0.12254884093999863,0.005826851818710566,0.0,21.72418212890625,0.006723291240632534,0.33255326747894287
14753,193,16,173,-1,1,21.627193450927734,0.2320944368839264,18.80611228942871,0.21506595611572266,25.28415298461914,20.238964080810547,0.28297045826911926,18.00259780883789,23.486743927001953,0.10870525985956192,17.882980346679688,17.778793334960938,18.321002960205078,0.37158137559890747,100.0,0.437998503446579,0.4910198450088501,173,205,0.4658057391643524,0,0,0.006875129416584969,0.0029619995038956404,21.262638092041016,0.007477150298655033,0.27604857087135315,0.013164028525352478,0.39568957686424255,18.27869415283203,0.014863829128444195,0.47008416056632996,0.009464630857110023,0.016281787306070328,20.749027252197266,0.008415838703513145,0.32400089502334595,0.015839453786611557,0.40769800543785095,18.017955780029297,0.015783540904521942,0.46817803382873535,0.004480491392314434,0.01667710393667221,25.843441009521484,0.0026040892116725445,0.11126650869846344,0.014719724655151367,0.0,17.699525833129883,0.016984298825263977,0.441416472196579
14813,193,16,233,-1,1,22.786243438720703,0.12663866579532623,20.638931274414062,0.19427816569805145,24.866579055786133,21.0458984375,0.18076191842556,19.458938598632812,22.75153160095215,0.11122457683086395,17.950122833251953,17.903980255126953,19.95154571533203,0.1376875936985016,100.0,0.363875150680542,0.53391432762146,233,265,0.43495050072669983,0,0,0.005264726467430592,0.0032609363552182913,22.53911018371582,0.005573001224547625,0.14948415756225586,0.008631912060081959,0.15663449466228485,20.180622100830078,0.009592636488378048,0.18403783440589905,0.007859773933887482,0.016032004728913307,21.80291175842285,0.006602507550269365,0.2079247236251831,0.011326772160828114,0.1938582807779312,19.704267501831055,0.01070467010140419,0.21636895835399628,0.005306973587721586,0.016203247010707855,24.400188446044922,0.0036306234542280436,0.11842083185911179,0.01011219434440136,0.0,19.330066680908203,0.011667917482554913,0.16484200954437256
14895,193,16,315,-1,3,22.849645614624023,0.1524486094713211,21.10780906677246,0.20035134255886078,26.390113830566406,20.79094696044922,0.19699329137802124,19.61312484741211,22.589672088623047,0.11030944436788559,17.781801223754883,17.72515106201172,20.18548011779785,0.13142657279968262,100.0,0.35261672735214233,0.5681844353675842,315,347,0.4538036286830902,0,0,0.005188424605876207,0.002296089194715023,22.49229621887207,0.0056333988904953,0.1814546287059784,0.007748524192720652,0.1487162560224533,20.590576171875,0.008728555403649807,0.17463360726833344,0.008334998041391373,0.016665562987327576,21.516033172607422,0.007053373847156763,0.21795867383480072,0.010931695811450481,0.1747083067893982,19.994338989257812,0.01001304667443037,0.19205410778522491,0.005508492235094309,0.01688437908887863,24.25002098083496,0.003758356673642993,0.11314336210489273,0.009581908583641052,0.0,19.564002990722656,0.011056046932935715,0.15755945444107056
15009,193,16,429,-1,1,24.903392791748047,0.1876220703125,22.760204315185547,0.21671819686889648,25.71472930908203,22.35895347595215,0.23309406638145447,20.86897850036621,23.394393920898438,0.10845870524644852,18.006956100463867,17.755260467529297,21.880077362060547,0.14740893244743347,100.0,0.33171790838241577,0.6533207893371582,429,461,0.445249080657959,0,0,0.003233409719541669,0.0026824225205928087,24.791004180908203,0.003318177303299308,0.22711977362632751,0.0052963863126933575,0.16127721965312958,22.371700286865234,0.005792020820081234,0.18998216092586517,0.00580904446542263,0.015823569148778915,23.697402954101562,0.004268348682671785,0.2665998935699463,0.008186575956642628,0.20138078927993774,21.582624435424805,0.006946043111383915,0.22347204387187958,0.004576785024255514,0.016767721623182297,25.684345245361328,0.0027012559585273266,0.11215415596961975,0.006486230064183474,0.0,21.25859832763672,0.007484112400561571,0.17611399292945862
15375,193,16,827,-1,2,18.400257110595703,0.2350797802209854,16.76022720336914,0.22959685325622559,25.91434669494629,17.216854095458984,0.269209623336792,15.837102890014648,21.40174102783203,0.10018004477024078,18.154531478881836,18.310955047607422,15.852970123291016,0.17325973510742188,100.0,0.3349301517009735,0.6855066418647766,827,859,0.4339843690395355,0,0,0.014453541487455368,0.0025619177613407373,17.88265037536621,0.016283024102449417,0.26711398363113403,0.02108517847955227,0.1924196183681488,16.184650421142578,0.024073272943496704,0.21922822296619415,0.018980802968144417,0.015294910408556461,17.089008331298828,0.01954786106944084,0.2965918183326721,0.026078928261995316,0.22798600792884827,15.55654525756836,0.027819253504276276,0.24379563331604004,0.007241454906761646,0.014753823168575764,22.156890869140625,0.006085705477744341,0.09626717865467072,0.025983821600675583,0.0,15.231491088867188,0.029981330037117004,0.20061129331588745
15457,193,16,909,-1,0,22.91330337524414,0.13719633221626282,18.9312801361084,0.17533676326274872,26.908519744873047,20.890621185302734,0.1742490530014038,17.97757911682129,22.524742126464844,0.09755467623472214,17.992427825927734,18.015316009521484,18.043216705322266,0.1589149534702301,100.0,0.34973272681236267,0.5013450384140015,909,941,0.3775554597377777,0,0,0.005112927872687578,0.002037737285718322,22.52896499633789,0.005586035083979368,0.15697793662548065,0.012790041975677013,0.17723776400089264,18.39519691467285,0.01447039470076561,0.20502929389476776,0.00814587902277708,0.015876591205596924,21.576068878173828,0.006956538185477257,0.18495145440101624,0.015930961817502975,0.20245260000228882,17.97529411315918,0.01593935303390026,0.22368177771568298,0.005591467022895813,0.01579313538968563,23.955602645874023,0.004021979868412018,0.09778783470392227,0.01569199562072754,0.0,17.42173957824707,0.01810614764690399,0.18565399944782257
15533,193,16,985,-1,0,23.66769027709961,0.12576550245285034,22.38399314880371,0.1342596858739853,27.62364387512207,21.194232940673828,0.16297253966331482,20.40440559387207,23.119510650634766,0.07797861844301224,18.166170120239258,18.224714279174805,21.514057159423828,0.08334502577781677,100.0,0.22702185809612274,0.5913954377174377,985,1017,0.4209040403366089,0,0,0.00429764948785305,0.001728365896269679,23.285564422607422,0.004692923743277788,0.14614440500736237,0.005775650031864643,0.10357294231653214,21.87360382080078,0.006495908834040165,0.12058773636817932,0.007595853880047798,0.015253975056111813,21.926219940185547,0.0064176819287240505,0.1761208176612854,0.009110861457884312,0.13880550861358643,20.8487548828125,0.008224783465266228,0.14443087577819824,0.0048758345656096935,0.01504973042756319,24.8009090423584,0.0033106193877756596,0.07487580925226212,0.007056579925119877,0.0,20.892578125,0.008142207749187946,0.09712700545787811
15764,193,16,1248,-1,1,25.1024227142334,0.1372312605381012,21.519058227539062,0.18181848526000977,24.687559127807617,22.09003257751465,0.179886132478714,19.903242111206055,23.10077667236328,0.10300590842962265,17.707229614257812,17.73750877380371,20.30813217163086,0.148003950715065,100.0,0.337542861700058,0.5386530160903931,1248,1280,0.42322126030921936,0,0,0.0030885718297213316,0.0033981609158217907,25.169918060302734,0.0030409428291022778,0.15667295455932617,0.007048460189253092,0.1627967655658722,21.17397117614746,0.007631377782672644,0.1880820095539093,0.006180120166391134,0.016954196617007256,23.446147918701172,0.004522570408880711,0.19720102846622467,0.010225293226540089,0.18602395057678223,20.34841537475586,0.009229080751538277,0.20712675154209137,0.004896913189440966,0.01683639921247959,25.14268684387207,0.0030600696336477995,0.10627923905849457,0.009315083734691143,0.0,19.68665313720703,0.010748174041509628,0.1776740998029709
15820,193,16,1304,-1,1,25.22693634033203,0.15668952465057373,23.711931228637695,0.19779041409492493,24.94809341430664,22.38865089416504,0.2115332931280136,21.469934463500977,23.232221603393555,0.11758696287870407,17.76573371887207,17.73300552368164,22.443519592285156,0.11102676391601562,100.0,0.33085837960243225,0.597809910774231,1304,1336,0.4350194036960602,0,0,0.0030012791976332664,0.003200300270691514,25.271469116210938,0.0029706608038395643,0.1721765398979187,0.0042540933936834335,0.12675251066684723,23.523332595825195,0.004442902281880379,0.13173307478427887,0.005769458133727312,0.016727333888411522,23.88953399658203,0.004083630628883839,0.2298623025417328,0.007128640078008175,0.1654101461172104,22.50493049621582,0.005617035087198019,0.16441071033477783,0.0047509209252893925,0.01685386337339878,25.392629623413086,0.002888930030167103,0.12024363875389099,0.005697025917470455,0.0,21.822040557861328,0.0065734912641346455,0.12528148293495178
15951,193,16,1435,-1,0,24.846576690673828,0.17588210105895996,22.93368148803711,0.21466122567653656,25.162811279296875,22.033580780029297,0.20112010836601257,20.905141830444336,23.05006980895996,0.116517573595047,17.76877212524414,17.778362274169922,21.555511474609375,0.19039295613765717,100.0,0.36807987093925476,0.583191990852356,1435,1467,0.43772101402282715,0,0,0.0032759879250079393,0.003045924473553896,24.799907684326172,0.0033113823737949133,0.20109792053699493,0.005088993813842535,0.2232068032026291,22.586708068847656,0.005512257106602192,0.254485160112381,0.006260975264012814,0.016715627163648605,23.323074340820312,0.004652567207813263,0.22338156402111053,0.008118688128888607,0.23747363686561584,21.659019470214844,0.006824927870184183,0.26118773221969604,0.004954421892762184,0.01667875610291958,25.015960693359375,0.0031506787054240704,0.11439082771539688,0.006989543791860342,0.0,20.934032440185547,0.008064858615398407,0.2202308624982834
16012,193,16,1496,-1,1,25.723495483398438,0.14109371602535248,22.997303009033203,0.1842489093542099,25.327831268310547,22.54446792602539,0.17929497361183167,21.004898071289062,23.415639877319336,0.10131588578224182,17.652944564819336,17.83208656311035,21.724889755249023,0.1778387725353241,100.0,0.34892794489860535,0.5280428528785706,1496,1528,0.43605494499206543,0,0,0.002677012700587511,0.0029323578346520662,25.78769874572754,0.0026377288158982992,0.15813061594963074,0.005014988128095865,0.1809016466140747,22.663249969482422,0.005415954627096653,0.20247063040733337,0.005566129926592112,0.01716744154691696,24.223575592041016,0.003781312145292759,0.19368353486061096,0.00793433003127575,0.20406493544578552,21.813228607177734,0.006586841773241758,0.22076556086540222,0.00455445097759366,0.016473714262247086,25.65316390991211,0.002720718504860997,0.09946782141923904,0.006722195539623499,0.0,21.103410720825195,0.0077563803642988205,0.20528313517570496
16070,193,16,1554,-1,3,25.42224884033203,0.11468196660280228,22.510297775268555,0.18216662108898163,25.502948760986328,22.325456619262695,0.15465548634529114,20.574953079223633,23.230728149414062,0.1000424399971962,17.74814224243164,17.734996795654297,21.193239212036133,0.10866348445415497,100.0,0.29350656270980835,0.6206560134887695,1554,1586,0.4122941195964813,0,0,0.002869295421987772,0.0028164705727249384,25.40996551513672,0.002877421909943223,0.13101011514663696,0.0056100948713719845,0.12930364906787872,22.170612335205078,0.006066509522497654,0.14889894425868988,0.005854024551808834,0.01679522916674614,23.7978458404541,0.004170762840658426,0.16823682188987732,0.008760012686252594,0.16123700141906738,21.243541717529297,0.007510100957006216,0.17639857530593872,0.004752554465085268,0.01684613525867462,25.388011932373047,0.002892003394663334,0.10416878014802933,0.007597592659294605,0.0,20.571762084960938,0.008766453713178635,0.12698012590408325
16086,193,16,1570,-1,3,26.13690948486328,0.14134985208511353,23.449419021606445,0.1687956303358078,25.582130432128906,22.604507446289062,0.17114228010177612,21.19436264038086,23.467607498168945,0.10464455187320709,17.569467544555664,17.66788673400879,21.968297958374023,0.16065946221351624,100.0,0.3584749400615692,0.4708715081214905,1570,1602,0.4016261398792267,0,0,0.002433936344459653,0.002765585668385029,26.228919982910156,0.0023829133715480566,0.1587185263633728,0.004519165959209204,0.1636180877685547,23.149185180664062,0.004842633847147226,0.18860894441604614,0.005489706993103027,0.017500612884759903,24.386749267578125,0.0036418759264051914,0.18494746088981628,0.007595629431307316,0.1895158886909485,22.089061737060547,0.006181502714753151,0.20646148920059204,0.004500279203057289,0.017108481377363205,25.91666030883789,0.0025605554692447186,0.10477536916732788,0.006355800665915012,0.0,21.346818923950195,0.0073336162604391575,0.1902865469455719
16224,193,16,1708,-1,1,24.897159576416016,0.1936648041009903,22.711124420166016,0.22487211227416992,24.931676864624023,22.014083862304688,0.23405130207538605,20.755435943603516,23.217247009277344,0.11056835949420929,17.741607666015625,18.018993377685547,21.248310089111328,0.17250311374664307,100.0,0.36030179262161255,0.6241215467453003,1708,1740,0.4367830157279968,0,0,0.00323805445805192,0.003212420968338847,24.89187240600586,0.003241998143494129,0.2250814437866211,0.0053565786220133305,0.1894841343164444,22.348329544067383,0.0058232699520885944,0.2168867141008377,0.006289144046604633,0.016820518299937248,23.30782699584961,0.004668932408094406,0.2616767883300781,0.008403426967561245,0.20563960075378418,21.377897262573242,0.007281326223164797,0.22559566795825958,0.004767331760376692,0.015779772773385048,25.124217987060547,0.0030731104779988527,0.11530817300081253,0.0075018638744950294,0.0,20.6268310546875,0.008655996061861515,0.20123231410980225
16508,193,16,2024,-1,2,25.387603759765625,0.16230298578739166,22.998342514038086,0.21265879273414612,25.462207794189453,22.465618133544922,0.1974673867225647,20.997621536254883,23.41341781616211,0.10533954203128815,17.902074813842773,17.962635040283203,21.636783599853516,0.1852397918701172,33.548065185546875,0.3634074628353119,0.5851800441741943,2024,2056,0.4404338598251343,0,0,0.0028922762721776962,0.0028430160600692034,25.376239776611328,0.002899854676797986,0.18633809685707092,0.005013788118958473,0.2027493715286255,22.66559600830078,0.0054130288772284985,0.22815227508544922,0.005668110679835081,0.01621035486459732,23.92949867248535,0.0040462263859808445,0.21735921502113342,0.007947634905576706,0.22106511890888214,21.735260009765625,0.006706164684146643,0.2384948879480362,0.0045567830093204975,0.0159858800470829,25.530811309814453,0.002798460889607668,0.10467148572206497,0.006859961431473494,0.0004417672462295741,21.052757263183594,0.007847375236451626,0.2146170288324356
16551,193,16,2067,-1,1,25.900251388549805,0.147441565990448,23.187639236450195,0.187337264418602,26.61383056640625,22.618303298950195,0.18532836437225342,21.127410888671875,23.70915412902832,0.10443568229675293,18.06562042236328,18.14203453063965,21.790189743041992,0.14584702253341675,100.0,0.3717060983181,0.5039929747581482,2067,2099,0.43609848618507385,0,0,0.0025702465791255236,0.0021808044984936714,25.800174713134766,0.002630160888656974,0.17171823978424072,0.004799943417310715,0.16723699867725372,22.880023956298828,0.005152258090674877,0.18851608037948608,0.005472296848893166,0.015611258335411549,24.075504302978516,0.003912456799298525,0.21473197638988495,0.0077136363834142685,0.1777474284172058,21.87628936767578,0.006491887848824263,0.1918247938156128,0.004256815183907747,0.01533898152410984,25.931419372558594,0.0025518664624542,0.10736794024705887,0.006621876265853643,0.0,21.168710708618164,0.00764062674716115,0.1687024086713791
16708,193,16,2224,-1,2,24.508872985839844,0.1768898367881775,21.52153968811035,0.22070792317390442,24.41625213623047,21.90168571472168,0.20803821086883545,20.035783767700195,23.551692962646484,0.09489869326353073,17.47918701171875,17.75301742553711,20.663301467895508,0.1994817554950714,100.0,0.3970937132835388,0.5558081269264221,2224,2256,0.4551125168800354,0,0,0.0035408921539783478,0.0036172205582261086,24.523300170898438,0.003529149340465665,0.2043105661869049,0.007044436410069466,0.20026302337646484,21.14130401611328,0.007688994985073805,0.2295275777578354,0.006454037502408028,0.01786821521818638,23.280860900878906,0.004698010627180338,0.2294939011335373,0.009917943738400936,0.23286445438861847,20.50973129272461,0.008892565965652466,0.2587876319885254,0.0044139837846159935,0.01677638106048107,25.999671936035156,0.002512076636776328,0.09434505552053452,0.008583605289459229,0.0,20.041824340820312,0.009904160164296627,0.23398207128047943
16786,193,16,2302,-1,0,24.26141357421875,0.13992653787136078,22.1116943359375,0.2149924784898758,22.01854705810547,21.845535278320312,0.18697838485240936,20.45560646057129,23.2149600982666,0.1108141839504242,17.185344696044922,17.977487564086914,20.876855850219727,0.16246375441551208,22.871868133544922,0.367037832736969,0.585750162601471,2302,2334,0.44302257895469666,0,0,0.0037485111970454454,0.006282686721533537,24.738367080688477,0.00335863814689219,0.1622522473335266,0.0061493683606386185,0.16234970092773438,22.087974548339844,0.006183046847581863,0.18134254217147827,0.006538023706525564,0.01911901868879795,23.370075225830078,0.00460248626768589,0.20880286395549774,0.009004082530736923,0.18809419870376587,21.24832534790039,0.007501835469156504,0.20171992480754852,0.004769844003021717,0.015931297093629837,25.15316390991211,0.003052696818485856,0.11311610788106918,0.00817173719406128,0.005161941517144442,20.637489318847656,0.008634782396256924,0.18809741735458374
16852,193,16,2400,-1,3,23.458721160888672,0.1345655918121338,17.16190528869629,0.19595269858837128,26.976905822753906,20.736818313598633,0.17605708539485931,16.298763275146484,22.52867889404297,0.09894640743732452,17.9698429107666,18.195404052734375,16.466699600219727,0.3319564163684845,100.0,0.4478869140148163,0.4375048577785492,2400,2432,0.4449116289615631,0,0,0.004509495105594397,0.0020059016533195972,23.102771759033203,0.004894663114100695,0.1503579020500183,0.019222484901547432,0.32714396715164185,16.5859432220459,0.021948544308543205,0.37178558111190796,0.00843952689319849,0.015959370881319046,21.377120971679688,0.007282627746462822,0.1888335645198822,0.023448970168828964,0.3478376269340515,16.075897216796875,0.024683700874447823,0.3857107162475586,0.005586402490735054,0.015151633881032467,23.85648536682129,0.004114828538149595,0.09991353750228882,0.022559531033039093,0.0,15.845220565795898,0.02603023126721382,0.38292431831359863
16992,193,16,2540,-1,3,23.6715030670166,0.18146160244941711,21.813461303710938,0.20677685737609863,24.055744171142578,21.42789649963379,0.2186829149723053,20.096271514892578,23.002397537231445,0.11957608908414841,18.063636779785156,18.1323299407959,20.71216583251953,0.21612702310085297,100.0,0.39587637782096863,0.5223268270492554,2540,2572,0.45034897327423096,0,0,0.0042938776314258575,0.00393030047416687,23.61529541015625,0.004349812399595976,0.20116575062274933,0.006586488336324692,0.23241329193115234,21.40810775756836,0.0072308494709432125,0.2618071436882019,0.007197977043688297,0.015618390403687954,22.289621353149414,0.0059025282971560955,0.23389017581939697,0.009780767373740673,0.26085028052330017,20.47467803955078,0.008964630775153637,0.2866787314414978,0.0050091068260371685,0.015373297967016697,24.666584014892578,0.0034146157559007406,0.12207495421171188,0.008487572893500328,0.0,20.090686798095703,0.009793353267014027,0.24850603938102722
17118,193,16,2666,-1,1,20.92082977294922,0.2194800078868866,18.91236114501953,0.24547362327575684,24.709701538085938,19.19429588317871,0.24301433563232422,17.713150024414062,22.028907775878906,0.11041233688592911,17.82843780517578,18.221803665161133,17.933067321777344,0.17176714539527893,33.47898864746094,0.29496869444847107,0.8322023153305054,2666,2698,0.4589878022670746,0,0,0.008089411072432995,0.003380879992619157,20.548370361328125,0.008813801221549511,0.24631313979625702,0.012845883145928383,0.19674240052700043,18.41378402709961,0.014408601447939873,0.2191811203956604,0.012038443237543106,0.01648756116628647,19.44852638244629,0.011353963054716587,0.2672936022281647,0.016931090503931046,0.21441376209259033,17.66287612915039,0.01712822914123535,0.23202219605445862,0.0062677147798240185,0.015059812925755978,23.08469009399414,0.0049150846898555756,0.10973770916461945,0.016095081344246864,0.0004488498088903725,17.327768325805664,0.018502194434404373,0.1993878036737442
17683,193,16,3263,-1,2,25.538537979125977,0.17365556955337524,22.96448516845703,0.2163778394460678,25.737743377685547,22.432538986206055,0.21620243787765503,20.883638381958008,23.270145416259766,0.11209258437156677,18.01975440979004,18.025558471679688,21.38835906982422,0.17836636304855347,100.0,0.3661130368709564,0.5910137295722961,3263,3295,0.4339296817779541,0,0,0.00279348436743021,0.00266824453137815,25.508686065673828,0.0028127520345151424,0.19417014718055725,0.0050530266016721725,0.19335806369781494,22.54718780517578,0.005562642589211464,0.2203415036201477,0.005711446516215801,0.015777014195919037,23.806041717529297,0.004162897821515799,0.23682138323783875,0.008158988319337368,0.2128547579050064,21.538496017456055,0.0070169828832149506,0.22952482104301453,0.004709618631750345,0.01575593464076519,25.214069366455078,0.003010185668244958,0.11397756636142731,0.007263805251568556,0.0,20.76688003540039,0.008381313644349575,0.20591691136360168
17904,193,16,3484,-1,3,24.554044723510742,0.1548633724451065,20.077545166015625,0.17463253438472748,24.762004852294922,21.91097068786621,0.17620490491390228,18.86186981201172,23.40742301940918,0.0938405841588974,17.795434951782227,17.989160537719727,19.057899475097656,0.22058619558811188,100.0,0.40036144852638245,0.43618717789649963,3484,3516,0.43331584334373474,0,0,0.003504254622384906,0.0033404077403247356,24.52291488647461,0.0035294615663588047,0.173267662525177,0.00982302613556385,0.230326846241951,19.62030601501465,0.010913639329373837,0.25668856501579285,0.006440252996981144,0.016613321378827095,23.120105743408203,0.004875166807323694,0.19029207527637482,0.012996100820600986,0.24506737291812897,19.00189971923828,0.012583747506141663,0.2605871856212616,0.004563075955957174,0.015888545662164688,25.496437072753906,0.002820695983245969,0.0915733352303505,0.012422533705830574,0.0,18.436420440673828,0.0143336933106184,0.2477998435497284
17948,193,16,3528,-1,3,25.561857223510742,0.15114380419254303,23.205034255981445,0.19281290471553802,24.87627410888672,22.33373260498047,0.19904203712940216,21.033977508544922,23.348358154296875,0.1011403426527977,17.48444175720215,17.464645385742188,21.813127517700195,0.15567675232887268,100.0,0.38156062364578247,0.505327045917511,3528,3560,0.4648292660713196,0,0,0.002778524998575449,0.003253662958741188,25.677642822265625,0.0027054271195083857,0.16700714826583862,0.004780757240951061,0.17979028820991516,22.932167053222656,0.005090769380331039,0.20025897026062012,0.005842879880219698,0.017846614122390747,23.98358154296875,0.0039961510337889194,0.2130933701992035,0.007881379686295986,0.19895760715007782,21.912214279174805,0.006438409443944693,0.21485768258571625,0.004625560250133276,0.017928147688508034,25.88547134399414,0.002579008461907506,0.10013560205698013,0.006586993113160133,0.0,21.191650390625,0.007600376848131418,0.17933720350265503
18237,193,16,3817,-1,0,16.76529312133789,0.26349300146102905,17.63524055480957,0.34511733055114746,22.579843521118164,15.879449844360352,0.2974641025066376,16.539566040039062,21.341398239135742,0.12705875933170319,17.59221649169922,17.906816482543945,16.600690841674805,0.2649226188659668,33.10432815551758,0.4608423411846161,0.7488837242126465,3817,3849,0.46144798398017883,0,0,0.021060597151517868,0.005520972888916731,16.298330307006836,0.02345130778849125,0.2926139235496521,0.01723756268620491,0.27785688638687134,17.090614318847656,0.019540634006261826,0.31329381465911865,0.025825880467891693,0.01740918681025505,15.666982650756836,0.02712075784802437,0.3235645592212677,0.022184183821082115,0.2985774576663971,16.370407104492188,0.023065311834216118,0.3255925476551056,0.007342777214944363,0.016192670911550522,22.23207664489746,0.005981255788356066,0.12959732115268707,0.021874140948057175,0.0004892910365015268,15.992183685302734,0.02516411803662777,0.30241721868515015
18302,193,16,3882,-1,1,25.218801498413086,0.14912459254264832,21.084468841552734,0.1883089393377304,20.904529571533203,22.92575454711914,0.1887417733669281,19.981897354125977,25.301816940307617,0.06410465389490128,16.875713348388672,17.680057525634766,20.45090103149414,0.1813567727804184,22.01849365234375,0.36165305972099304,0.5206894874572754,3882,3914,0.43098577857017517,0,0,0.0030069053173065186,0.008119835518300533,26.5358829498291,0.002220300491899252,0.17139817774295807,0.0077902828343212605,0.19044166803359985,21.031925201416016,0.007885106839239597,0.2181541621685028,0.005098293535411358,0.020531874150037766,25.648096084594727,0.002723896177485585,0.20686444640159607,0.010041771456599236,0.21005091071128845,20.752294540405273,0.008409508503973484,0.22860129177570343,0.0029499756637960672,0.017060590907931328,31.08400535583496,0.0007791112875565886,0.06055908650159836,0.009013842791318893,0.006282760761678219,20.253036499023438,0.009434008970856667,0.21168282628059387
18426,193,16,4006,-1,1,22.538524627685547,0.16720886528491974,21.41728401184082,0.24294348061084747,25.704334259033203,20.738908767700195,0.21490225195884705,20.044185638427734,22.717998504638672,0.11209486424922943,17.773014068603516,17.840452194213867,20.758766174316406,0.11842464655637741,100.0,0.3741602599620819,0.6493032574653625,4006,4038,0.44318556785583496,0,0,0.005573753733187914,0.0026888505090028048,22.20577621459961,0.006017586216330528,0.19868814945220947,0.007215586956590414,0.14201168715953827,20.96327018737793,0.008010746911168098,0.16866065561771393,0.008435470052063465,0.016699310392141342,21.448379516601562,0.00716411042958498,0.23959416151046753,0.009898778051137924,0.1707369089126587,20.513442993164062,0.008884965442121029,0.189777210354805,0.005348107777535915,0.016442006453871727,24.387371063232422,0.003641354152932763,0.11831384897232056,0.008396987803280354,0.0,20.137287139892578,0.009688831865787506,0.14132697880268097
18482,193,16,4062,-1,1,22.302268981933594,0.2037322074174881,19.970535278320312,0.28603991866111755,23.854496002197266,20.506057739257812,0.2525930106639862,18.754119873046875,22.901805877685547,0.09437409788370132,17.440689086914062,17.57573890686035,19.299257278442383,0.2518593668937683,100.0,0.4413166046142578,0.6481512784957886,4062,4094,0.4842395484447479,0,0,0.005885360762476921,0.004116711672395468,22.10598373413086,0.006157460156828165,0.23435813188552856,0.010068075731396675,0.2416975349187851,19.479639053344727,0.011272912845015526,0.2807043790817261,0.008900090120732784,0.01802731677889824,21.25176239013672,0.007495901547372341,0.2801801562309265,0.013322574086487293,0.2728719413280487,18.974441528320312,0.01266355998814106,0.30702048540115356,0.005126481410115957,0.01747536100447178,24.912479400634766,0.003226653439924121,0.09826109558343887,0.01175098679959774,0.0,18.677778244018555,0.013558831065893173,0.2975137233734131
18556,193,16,4136,-1,3,20.51325798034668,0.2786761224269867,17.4639835357666,0.26843366026878357,23.923635482788086,19.273239135742188,0.3096425235271454,16.67226219177246,23.32062530517578,0.07622765004634857,17.697307586669922,17.911521911621094,16.98468589782715,0.33674001693725586,100.0,0.4578102231025696,0.5863426327705383,4136,4168,0.4345764219760895,0,0,0.008885344490408897,0.004051694646477699,20.164196014404297,0.00962898414582014,0.3216085731983185,0.017930885776877403,0.35482800006866455,16.883037567138672,0.020497286692261696,0.4197571277618408,0.011821599677205086,0.016992975026369095,19.57581901550293,0.011026003398001194,0.34821999073028564,0.02151660993695259,0.36582568287849426,16.54273796081543,0.02216799184679985,0.4199866056442261,0.00465518981218338,0.01617513783276081,25.401718139648438,0.0028828904032707214,0.06997857987880707,0.020023105666041374,0.0,16.363204956054688,0.023103585466742516,0.4030068814754486
18875,193,16,4487,-1,1,24.436063766479492,0.13558337092399597,20.991506576538086,0.20418153703212738,25.20329475402832,22.237621307373047,0.17352239787578583,19.887678146362305,23.933696746826172,0.09128455817699432,18.080997467041016,18.227460861206055,20.645519256591797,0.2519690692424774,100.0,0.40365925431251526,0.505826473236084,4487,4519,0.4610099494457245,0,0,0.003600754775106907,0.0030176627915352583,24.329195022583008,0.0036904611624777317,0.15221033990383148,0.007958835922181606,0.2649839520454407,20.564538955688477,0.008781046606600285,0.3067190945148468,0.005973623134195805,0.015556082129478455,23.468456268310547,0.004499398171901703,0.19202902913093567,0.01026200596243143,0.2829602062702179,20.2315731048584,0.009480753913521767,0.3226117193698883,0.004042316693812609,0.015040205791592598,26.28870391845703,0.0023503340780735016,0.09265733510255814,0.008618826977908611,0.0,20.02404022216797,0.009944800287485123,0.29881757497787476
19047,193,16,4659,-1,1,26.644886016845703,0.13415510952472687,23.73857879638672,0.15846386551856995,26.066951751708984,22.859506607055664,0.1835566610097885,21.4304256439209,23.463844299316406,0.10711806267499924,18.034574508666992,18.07040786743164,22.057376861572266,0.1142452210187912,100.0,0.34510350227355957,0.45917779207229614,4659,4691,0.4253790080547333,0,0,0.002165267476812005,0.0024734598118811846,26.741043090820312,0.0021178531460464,0.1477622389793396,0.004228067584335804,0.12569260597229004,23.453847885131836,0.004514559172093868,0.13948513567447662,0.005176656413823366,0.01572325825691223,24.492700576782227,0.0035541022662073374,0.19821448624134064,0.00719378562644124,0.15787509083747864,22.28172492980957,0.0059132687747478485,0.16721457242965698,0.004504176788032055,0.015594065189361572,25.531461715698242,0.0027980401646345854,0.10728532075881958,0.006226764526218176,0.0,21.435897827148438,0.007184728980064392,0.12937016785144806
19281,193,16,4893,-1,3,25.01764488220215,0.14175955951213837,22.48917007446289,0.20309090614318848,26.3876953125,21.978130340576172,0.20019899308681488,20.63831329345703,22.986190795898438,0.10579147934913635,17.404720306396484,17.651931762695312,21.599796295166016,0.19070445001125336,100.0,0.3762786388397217,0.5397354364395142,4893,4925,0.45332252979278564,0,0,0.0031494549475610256,0.002297366736456752,24.84054183959961,0.00328054535202682,0.15944944322109222,0.005637452472001314,0.20317640900611877,22.176332473754883,0.006058522034436464,0.23392434418201447,0.006341428030282259,0.01817723922431469,23.448102951049805,0.0045205336064100266,0.21586407721042633,0.008633139543235302,0.23733337223529816,21.33176612854004,0.007359080482274294,0.26151877641677856,0.005027836188673973,0.017171448096632957,25.00369644165039,0.003159588435664773,0.1066087856888771,0.00691863801330328,0.0,20.978317260742188,0.007983043789863586,0.22341641783714294
19374,206,16,5,-1,1,23.08266830444336,0.19169452786445618,20.364749908447266,0.23058877885341644,25.479257583618164,21.01062774658203,0.2587412893772125,19.121170043945312,22.45866584777832,0.12456375360488892,17.97563362121582,17.8525333404541,19.51573944091797,0.25187909603118896,100.0,0.44199249148368835,0.5217029452323914,5,37,0.46832215785980225,0,0,0.004917374812066555,0.002831876976415515,22.808162689208984,0.005238220561295748,0.22861060500144958,0.009194435551762581,0.24830035865306854,19.889009475708008,0.010258860886096954,0.2936413586139679,0.007923868484795094,0.015938103199005127,21.745149612426758,0.006690909620374441,0.2952689528465271,0.012242866680026054,0.28532883524894714,19.332517623901367,0.01166133675724268,0.3228275775909424,0.005677192937582731,0.016396332532167435,23.949005126953125,0.004028094932436943,0.13013124465942383,0.011179598979651928,0.0,18.89426040649414,0.012899535708129406,0.2973423898220062
19425,206,16,56,-1,0,19.966190338134766,0.2966066598892212,19.940841674804688,0.2898601293563843,23.855466842651367,18.762922286987305,0.33577585220336914,18.67828369140625,23.306472778320312,0.08528545498847961,17.958635330200195,18.083892822265625,18.780839920043945,0.1763528436422348,100.0,0.31486740708351135,0.9205783605575562,56,88,0.4408028721809387,0,0,0.010078152641654015,0.004115791991353035,19.587875366210938,0.010995438322424889,0.3554147779941559,0.010137147270143032,0.18809835612773895,19.440139770507812,0.011375905945897102,0.22485223412513733,0.013295592740178108,0.01600061170756817,18.901031494140625,0.012879435904324055,0.38630932569503784,0.01355725433677435,0.20491929352283478,18.76836395263672,0.013278950937092304,0.23301583528518677,0.00467038806527853,0.015545720234513283,25.232755661010742,0.002997260307893157,0.08370565623044968,0.013240857981145382,0.0,18.159360885620117,0.01527791190892458,0.2126765251159668
19518,206,16,149,-1,1,22.85616683959961,0.1901002824306488,19.31962776184082,0.20404712855815887,26.585399627685547,20.811038970947266,0.2366386353969574,18.28807830810547,22.972639083862305,0.1014750599861145,18.004627227783203,18.01078224182129,18.502214431762695,0.2038453370332718,100.0,0.3143859803676605,0.649033784866333,149,181,0.4013441503047943,0,0,0.005180638749152422,0.0021951289381831884,22.48724937438965,0.005639947950839996,0.2275093048810959,0.011695998720824718,0.2177320122718811,18.82499122619629,0.013106931000947952,0.2565615773200989,0.008296525105834007,0.015832053497433662,21.464712142944336,0.007137212436646223,0.2697308659553528,0.014831739477813244,0.2402346134185791,18.297109603881836,0.014800931327044964,0.26833483576774597,0.00504355039447546,0.01580963283777237,24.701553344726562,0.0033872302155941725,0.10407137870788574,0.01411818154156208,0.0,17.880735397338867,0.01629020832479,0.24357916414737701
19643,206,16,274,-1,2,22.78106689453125,0.14578214287757874,20.073068618774414,0.1531863510608673,28.62074851989746,20.350406646728516,0.1993633657693863,18.65341567993164,21.795780181884766,0.1162840873003006,18.094934463500977,18.17682647705078,18.936172485351562,0.11706140637397766,100.0,0.25498321652412415,0.6007703542709351,274,306,0.3647621273994446,0,0,0.0052710035815835,0.0013738052221015096,22.313196182250977,0.005870572756975889,0.1773972064256668,0.00983316358178854,0.13933208584785461,19.584922790527344,0.011002919636666775,0.1612941324710846,0.009224851615726948,0.015506241470575333,20.830995559692383,0.008258484303951263,0.22555731236934662,0.013635101728141308,0.17730411887168884,18.75249671936035,0.013327546417713165,0.18288664519786835,0.006613356526941061,0.015216590836644173,22.765621185302734,0.005289782304316759,0.12137964367866516,0.012775643728673458,0.0,18.314693450927734,0.014741127379238605,0.13546313345432281
19766,206,16,397,-1,1,22.75537109375,0.16169744729995728,22.60310935974121,0.18255583941936493,26.794748306274414,20.433189392089844,0.21637558937072754,20.296812057495117,22.107105255126953,0.12563687562942505,18.089235305786133,18.231595993041992,21.833040237426758,0.07276074588298798,36.46255874633789,0.16270196437835693,1.1220260858535767,397,429,0.4511365294456482,0,0,0.0053022862412035465,0.0020918245427310467,22.36856460571289,0.005796202924102545,0.18822719156742096,0.005491478368639946,0.09566595405340195,22.14248275756836,0.00610593194141984,0.11033119261264801,0.009050678461790085,0.015526603907346725,20.939678192138672,0.008054384030401707,0.2397996336221695,0.009339399635791779,0.15907292068004608,20.763782501220703,0.008387289941310883,0.1687837839126587,0.006155869923532009,0.01502589974552393,23.195512771606445,0.0047912499867379665,0.1292910873889923,0.006556862033903599,0.00022581062512472272,21.231548309326172,0.0075308699160814285,0.08590677380561829
19921,206,16,552,-1,0,20.895931243896484,0.22828425467014313,17.92955207824707,0.23990212380886078,24.917648315429688,19.452045440673828,0.27289247512817383,17.158416748046875,22.224624633789062,0.11842238157987595,17.856983184814453,18.203889846801758,17.411243438720703,0.3174329996109009,100.0,0.44819846749305725,0.5352587103843689,552,584,0.4535742998123169,0,0,0.008135925978422165,0.003222814528271556,20.510108947753906,0.008891789242625237,0.266899436712265,0.016108116135001183,0.3467901051044464,17.373327255249023,0.018309112638235092,0.40860873460769653,0.01134476624429226,0.01637953706085682,19.759174346923828,0.01057018619030714,0.30736398696899414,0.019237931817770004,0.3556739091873169,17.017698287963867,0.019871480762958527,0.40121832489967346,0.0059915268793702126,0.015122062526643276,23.38487434387207,0.0045868284069001675,0.12282729148864746,0.01814996264874935,0.0,16.789764404296875,0.020942263305187225,0.37144747376441956
20163,206,16,826,-1,2,23.779001235961914,0.17673255503177643,21.698745727539062,0.2270575612783432,22.88787078857422,21.40842628479004,0.2057085484266281,20.048582077026367,22.830821990966797,0.10606200993061066,17.283113479614258,17.710269927978516,20.47048568725586,0.22438295185565948,25.312898635864258,0.37336787581443787,0.6081336140632629,826,858,0.45090287923812866,0,0,0.00418890081346035,0.00514295743778348,23.93390655517578,0.004042122513055801,0.20241987705230713,0.0067627811804413795,0.24119426310062408,21.436965942382812,0.007182961329817772,0.2720160484313965,0.007230318151414394,0.01869342103600502,22.622697830200195,0.005466763861477375,0.22435741126537323,0.009888755157589912,0.2581639289855957,20.635107040405273,0.008639519102871418,0.28146353363990784,0.005210962612181902,0.016942322254180908,24.67737579345703,0.0034061376936733723,0.10600070655345917,0.008973287418484688,0.0029424582608044147,20.043163299560547,0.009901106357574463,0.25610485672950745
20307,206,16,970,-1,2,25.353744506835938,0.1890951693058014,22.24580955505371,0.21789531409740448,25.48334312438965,22.08795928955078,0.23119889199733734,20.347610473632812,23.047523498535156,0.12223048508167267,17.396045684814453,17.42647933959961,21.12529945373535,0.25506317615509033,35.63117980957031,0.4074423015117645,0.5347881317138672,970,1002,0.4290297031402588,0,0,0.0029149132315069437,0.0028292129281908274,25.334144592285156,0.0029280981980264187,0.22046339511871338,0.005962373688817024,0.2511047422885895,21.883563995361328,0.006481025367975235,0.2945300340652466,0.006183065939694643,0.01821359060704708,23.63290023803711,0.004332216456532478,0.25946706533432007,0.009230791591107845,0.2867954969406128,21.07691764831543,0.007803838234394789,0.32469236850738525,0.004957329481840134,0.018086399883031845,25.320262908935547,0.002937472192570567,0.1259607970714569,0.007717384025454521,0.0002734525769483298,20.52438735961914,0.008862604387104511,0.30316799879074097
20378,206,16,1041,-1,1,24.334495544433594,0.18325458467006683,21.586591720581055,0.23055286705493927,26.004276275634766,21.502262115478516,0.23345230519771576,19.84415054321289,22.796133041381836,0.10773637890815735,17.659391403198242,17.735851287841797,20.382173538208008,0.29583361744880676,100.0,0.415645569562912,0.5546861886978149,1041,1073,0.48651760816574097,0,0,0.0036859603133052588,0.0025094146840274334,24.126293182373047,0.0038669679779559374,0.2096949964761734,0.006939702667295933,0.3102680742740631,21.12198829650879,0.00772327184677124,0.3598446846008301,0.007075774949043989,0.017141981050372124,22.57500457763672,0.005527128465473652,0.25518855452537537,0.010365374386310577,0.32776057720184326,20.26034927368164,0.009418142959475517,0.3706568777561188,0.0052527496591210365,0.01684282347559929,24.597129821777344,0.003469661111012101,0.1100211814045906,0.00915762223303318,0.0,19.76069450378418,0.010566486977040768,0.3479215204715729
20402,206,16,1065,-1,1,5.456405162811279,0.5264489650726318,4.254574298858643,0.979609489440918,21.427536010742188,5.382882118225098,0.518352746963501,4.187872886657715,21.67514991760254,0.11426926404237747,17.568626403808594,17.78498077392578,4.177873134613037,0.5894052982330322,35.191654205322266,1.2201684713363647,0.8028477430343628,1065,1097,0.4521174132823944,0,0,0.28468164801597595,0.007198575884103775,4.8495941162109375,0.3273713290691376,0.5929125547409058,0.3754417300224304,0.6205233931541443,3.6419429779052734,0.43232035636901855,0.6938793659210205,0.28954216837882996,0.017504004761576653,4.796550750732422,0.331394225358963,0.5771402716636658,0.3812525272369385,0.6001001596450806,3.592914581298828,0.43722856044769287,0.665358304977417,0.006799627561122179,0.016653358936309814,22.77064323425293,0.00528366956859827,0.1180344969034195,0.3821313679218292,0.00030257596517913043,3.5568525791168213,0.44087424874305725,0.6588248014450073
20612,206,16,1275,-1,3,25.325969696044922,0.18202123045921326,23.082935333251953,0.20061419904232025,24.970314025878906,22.16547966003418,0.22768816351890564,20.90733528137207,22.97947120666504,0.11957351863384247,17.483924865722656,17.455638885498047,21.647846221923828,0.19920675456523895,100.0,0.34646132588386536,0.5790377855300903,1275,1307,0.4227496087551117,0,0,0.002933614421635866,0.0031839674338698387,25.38336753845215,0.0028950986452400684,0.21202638745307922,0.004917072132229805,0.22682709991931915,22.813560485839844,0.0052317120134830475,0.25285178422927856,0.006073682568967342,0.017848733812570572,23.703725814819336,0.0042621367610991,0.25555163621902466,0.00811458844691515,0.2469782829284668,21.78400421142578,0.006631313357502222,0.2701835334300995,0.005035618785768747,0.01796536147594452,25.162090301513672,0.003046427620574832,0.1197914406657219,0.00684250658378005,0.0,21.0263671875,0.007895199581980705,0.22795814275741577
20692,206,16,1355,-1,3,19.63087272644043,0.23095086216926575,18.068435668945312,0.28339454531669617,24.519489288330078,18.388843536376953,0.2662014067173004,17.191274642944336,22.97021484375,0.11046041548252106,17.556058883666992,17.67160987854004,17.24540901184082,0.280103474855423,100.0,0.44043633341789246,0.6434404253959656,1355,1387,0.43277740478515625,0,0,0.010887112468481064,0.003532249014824629,19.201448440551758,0.012018631212413311,0.2629399001598358,0.015601146034896374,0.29891568422317505,17.553287506103516,0.017565935850143433,0.3416379690170288,0.014491579495370388,0.01755472831428051,18.532419204711914,0.014020325616002083,0.2891935408115387,0.019092924892902374,0.3127897381782532,17.12073516845703,0.019405575469136238,0.3438597619533539,0.005046367645263672,0.01709381490945816,24.958126068115234,0.0031929146498441696,0.11161643266677856,0.018856417387723923,0.0,16.62392807006836,0.02175740711390972,0.32074832916259766
20805,206,16,1468,-1,0,26.014062881469727,0.1241064965724945,23.288211822509766,0.1993432492017746,25.668649673461914,22.549564361572266,0.16209310293197632,21.088830947875977,23.482250213623047,0.1045997217297554,17.43537712097168,17.530330657958984,22.01244354248047,0.17100326716899872,100.0,0.35597655177116394,0.5599898099899292,1468,1500,0.43590691685676575,0,0,0.002503765979781747,0.002711034845560789,26.06972885131836,0.0024718784261494875,0.13868334889411926,0.004690064582973719,0.18223395943641663,22.9796199798584,0.005035448353737593,0.2069144994020462,0.005559601355344057,0.01804937981069088,24.391258239746094,0.003638097085058689,0.1756170392036438,0.007782462053000927,0.20559749007225037,22.037458419799805,0.006255388259887695,0.22720719873905182,0.004485129378736019,0.017659034579992294,26.093521118164062,0.0024583747144788504,0.10716558992862701,0.006291519850492477,0.0,21.39096450805664,0.007259446196258068,0.19991838932037354
21079,206,16,1742,-1,2,24.981292724609375,0.14080753922462463,22.54576873779297,0.20887134969234467,25.250720977783203,21.77354621887207,0.1989092230796814,20.363449096679688,22.726158142089844,0.13634571433067322,17.561262130737305,17.597854614257812,20.915842056274414,0.15138626098632812,100.0,0.39402762055397034,0.5300931930541992,1742,1774,0.43931451439857483,0,0,0.003175928723067045,0.0029848876874893904,24.941287994384766,0.003205319633707404,0.1521977186203003,0.005564459599554539,0.1605835109949112,22.180288314819336,0.006053010001778603,0.17490532994270325,0.006647302769124508,0.01753370463848114,23.034276962280273,0.004972472321242094,0.21235933899879456,0.00919718574732542,0.19721460342407227,21.006187438964844,0.007931974716484547,0.20687121152877808,0.005338067188858986,0.01738659292459488,24.578662872314453,0.0034844481851905584,0.13611151278018951,0.008098709397017956,0.0,20.294363021850586,0.009344665333628654,0.1710023730993271
21090,206,16,1753,-1,1,25.500865936279297,0.15497979521751404,23.65233612060547,0.19243240356445312,24.296329498291016,22.263452529907227,0.19595447182655334,21.230998992919922,22.952587127685547,0.1263066828250885,17.507171630859375,17.476924896240234,21.946884155273438,0.15353909134864807,100.0,0.35599908232688904,0.5405418276786804,1753,1785,0.4412674307823181,0,0,0.002817822154611349,0.0037184935063123703,25.71985626220703,0.0026792571879923344,0.17203767597675323,0.004312869161367416,0.168890580534935,23.334962844848633,0.004639848601073027,0.19085544347763062,0.005938197951763868,0.01775345578789711,23.850536346435547,0.00412046629935503,0.21158623695373535,0.007531825453042984,0.18334415555000305,22.17817497253418,0.006055952049791813,0.19664324820041656,0.005066888872534037,0.01787753216922283,25.091960906982422,0.003096020547673106,0.1237676665186882,0.006387217901647091,0.0,21.32540512084961,0.00736986706033349,0.1780865490436554
21258,206,16,1921,-1,1,25.365964889526367,0.14006751775741577,21.60379409790039,0.1836056262254715,25.416507720947266,22.049150466918945,0.18234601616859436,19.82067108154297,22.963266372680664,0.10424322634935379,17.616268157958984,17.87808609008789,20.19738006591797,0.15083396434783936,100.0,0.361844927072525,0.507415235042572,1921,1953,0.4441303312778473,0,0,0.002906722715124488,0.0028730910271406174,25.358240127563477,0.002911897376179695,0.16193242371082306,0.006912269629538059,0.17093616724014282,21.12283706665039,0.007721760775893927,0.19250790774822235,0.006238570436835289,0.01731303706765175,23.434412002563477,0.004534806590527296,0.2018498033285141,0.010421564802527428,0.19296519458293915,20.241485595703125,0.00945914164185524,0.20700609683990479,0.005054442677646875,0.01630014181137085,24.7829532623291,0.003324334742501378,0.10527419298887253,0.009555689990520477,0.0,19.575899124145508,0.011025797575712204,0.17316076159477234
21398,206,16,2093,-1,3,24.259140014648438,0.16225862503051758,18.702510833740234,0.18719880282878876,27.104814529418945,21.497507095336914,0.22336168587207794,17.740676879882812,22.788890838623047,0.1071474552154541,18.05785369873047,18.121501922607422,17.869726181030273,0.26704642176628113,100.0,0.450345516204834,0.4156781733036041,2093,2125,0.4421013593673706,0,0,0.0037504727952182293,0.0019476846791803837,23.949295043945312,0.0040278248488903046,0.18493324518203735,0.013481834903359413,0.2758013904094696,18.15917205810547,0.015278572216629982,0.317415326833725,0.007083524018526077,0.015639208257198334,22.390300750732422,0.00576726533472538,0.24119499325752258,0.016824116930365562,0.2979058027267456,17.674095153808594,0.017084043473005295,0.32787206768989563,0.005261515732854605,0.015411674045026302,24.318038940429688,0.0036999532021582127,0.10730153322219849,0.01633155159652233,0.0,17.248247146606445,0.01884409971535206,0.3107938766479492
21457,206,16,2152,-1,2,23.59143829345703,0.1451839655637741,16.74665641784668,0.18489767611026764,26.7259521484375,21.225936889648438,0.18390819430351257,16.11776351928711,23.150083541870117,0.09165628999471664,17.791608810424805,17.8811092376709,16.140199661254883,0.3045392334461212,100.0,0.4803421199321747,0.3849291205406189,2152,2184,0.4125691056251526,0,0,0.004373775329440832,0.002125224331393838,23.26085090637207,0.004719706252217293,0.16780899465084076,0.021151170134544373,0.314282089471817,16.196359634399414,0.024008452892303467,0.3621281385421753,0.0075406101532280445,0.01662796549499035,22.11651039123535,0.006142555270344019,0.19882087409496307,0.024446893483400345,0.3322244882583618,15.891180038452148,0.025756213814020157,0.3686811029911041,0.004841630347073078,0.016288794577121735,25.113750457763672,0.0030805279966443777,0.08913750946521759,0.024320926517248154,0.0,15.518720626831055,0.02806260623037815,0.35236501693725586
21568,206,16,2263,-1,1,21.93310546875,0.1087314635515213,20.12422752380371,0.17843131721019745,27.09702491760254,20.082204818725586,0.14831896126270294,18.883323669433594,22.443151473999023,0.09043736755847931,18.20687484741211,18.069660186767578,19.35782241821289,0.09862415492534637,100.0,0.3410041928291321,0.523252546787262,2263,2295,0.39318257570266724,0,0,0.006407515145838261,0.0019511815626174212,21.491634368896484,0.007093105930835009,0.12309601902961731,0.009718005545437336,0.1262599676847458,19.60043716430664,0.0109636802226305,0.14238005876541138,0.009812500327825546,0.01511167362332344,20.458906173706055,0.008997243829071522,0.15334801375865936,0.012932059355080128,0.14948700368404388,18.966754913330078,0.012685997411608696,0.1551213264465332,0.005697506945580244,0.015596753917634487,23.793909072875977,0.004174546338617802,0.08402490615844727,0.011593587696552277,0.0,18.736343383789062,0.013377216644585133,0.11462670564651489
21737,206,16,2464,-1,1,21.624744415283203,0.12014877051115036,18.907623291015625,0.1664258986711502,28.059162139892578,19.360530853271484,0.1584686040878296,17.5274600982666,20.85483169555664,0.10585807263851166,18.379804611206055,18.253170013427734,17.496496200561523,0.09817627817392349,100.0,0.22764015197753906,0.7310920357704163,2464,2496,0.48156556487083435,0,0,0.006879006512463093,0.0015634496230632067,21.136905670166016,0.007696784567087889,0.13960523903369904,0.012859904207289219,0.12280488759279251,18.400876998901367,0.014451482333242893,0.13205605745315552,0.011586361564695835,0.014521772973239422,19.533191680908203,0.011134759522974491,0.1695895493030548,0.017670713365077972,0.15512990951538086,17.40622901916504,0.018170934170484543,0.15494391322135925,0.008213287219405174,0.014951441437005997,21.44078254699707,0.007176648359745741,0.1068170815706253,0.01779714599251747,0.0,16.875017166137695,0.020535167306661606,0.10634294152259827
21985,206,16,2712,-1,1,23.909561157226562,0.11641141772270203,24.822086334228516,0.11636020988225937,28.377199172973633,21.273868560791016,0.16980858147144318,21.58743667602539,22.95535659790039,0.10323698818683624,18.21795082092285,18.189579010009766,23.770671844482422,0.054224759340286255,100.0,0.09656105190515518,1.205042839050293,2712,2744,0.4125863313674927,0,0,0.004064843524247408,0.0014530483167618513,23.500173568725586,0.00446665845811367,0.13350990414619446,0.003294513560831547,0.06686701625585556,24.272653579711914,0.0037388212513178587,0.07718990743160248,0.007457844913005829,0.015073181129992008,22.016082763671875,0.006286255083978176,0.18133147060871124,0.006938352715224028,0.11631354689598083,22.46249008178711,0.005672194063663483,0.11860725283622742,0.00506365904584527,0.015171973966062069,24.548742294311523,0.0035085335839539766,0.1035671979188919,0.004196941386908293,0.0,23.149192810058594,0.00484262453392148,0.06298484653234482
22079,206,16,2806,-1,3,21.393447875976562,0.147090882062912,18.73165512084961,0.21078196167945862,25.781940460205078,19.70823860168457,0.18482552468776703,17.636011123657227,22.67766761779785,0.07540255784988403,18.143875122070312,18.124290466308594,17.7869873046875,0.19147948920726776,38.754634857177734,0.410604327917099,0.5133457183837891,2806,2838,0.3805289566516876,0,0,0.007255301345139742,0.0026412291917949915,20.988056182861328,0.00796515867114067,0.16963478922843933,0.013391662389039993,0.1991126388311386,18.219036102294922,0.015069417655467987,0.21830971539020538,0.01069488562643528,0.015332483686506748,20.00808334350586,0.009981408715248108,0.1976296752691269,0.01723451167345047,0.22746485471725464,17.56020736694336,0.01753797009587288,0.2409646362066269,0.0053980047814548016,0.01540178433060646,24.135295867919922,0.0038589618634432554,0.06752662360668182,0.01664566993713379,0.0001332099927822128,17.17014503479004,0.019186047837138176,0.21519093215465546
22332,206,16,3059,-1,0,25.864694595336914,0.18080300092697144,23.955867767333984,0.20420455932617188,26.044143676757812,22.49904441833496,0.21311180293560028,21.389577865600586,23.259685516357422,0.1176527887582779,17.807205200195312,17.838104248046875,22.159025192260742,0.19181036949157715,100.0,0.3443162739276886,0.5930726528167725,3059,3091,0.4087510406970978,0,0,0.002591376891359687,0.0024864838924258947,25.83773422241211,0.0026075143832713366,0.20204630494117737,0.004021733533591032,0.20967188477516174,23.57811737060547,0.00438720965757966,0.23845146596431732,0.005624652374535799,0.016568360850214958,24.043930053710938,0.003941005561500788,0.2319270521402359,0.007261765655130148,0.22058187425136566,22.365110397338867,0.005800813902169466,0.23930968344211578,0.004720974247902632,0.016450900584459305,25.351573944091797,0.0029163702856749296,0.11562023311853409,0.0060827168636024,0.0,21.537548065185547,0.007018519099801779,0.2229628562927246
22764,206,16,3523,-1,3,25.05457878112793,0.1523728221654892,22.818103790283203,0.2004460096359253,25.880029678344727,22.015531539916992,0.2051975578069687,20.71292495727539,23.116107940673828,0.1084037497639656,17.726232528686523,17.754762649536133,21.308324813842773,0.18221893906593323,100.0,0.38021907210350037,0.5271855592727661,3523,3555,0.45011231303215027,0,0,0.0031227844301611185,0.0025822436437010765,24.940441131591797,0.003205944085493684,0.17062336206436157,0.005226246081292629,0.19542598724365234,22.4502010345459,0.0056882682256400585,0.22514931857585907,0.006287052296102047,0.01688016951084137,23.318618774414062,0.004657342564314604,0.21941465139389038,0.008486091159284115,0.22409673035144806,21.425334930419922,0.007202222477644682,0.24440942704677582,0.004879659507423639,0.016769640147686005,25.15638542175293,0.0030504323076456785,0.10944171994924545,0.007398910820484161,0.0,20.686843872070312,0.008537204936146736,0.20957225561141968
22889,206,16,3648,-1,0,22.961179733276367,0.15351583063602448,21.068899154663086,0.2487092763185501,24.630970001220703,20.819063186645508,0.18643328547477722,19.54880142211914,23.38697052001953,0.09584763646125793,17.636775970458984,17.764881134033203,19.929311752319336,0.14767014980316162,100.0,0.39942654967308044,0.6226658821105957,3648,3680,0.43760955333709717,0,0,0.0050568729639053345,0.0034427291247993708,22.752979278564453,0.005305203143507242,0.1695680320262909,0.007818262092769146,0.15784120559692383,20.659923553466797,0.00859028846025467,0.1741178333759308,0.008281207643449306,0.017231477424502373,21.60883903503418,0.00690424395725131,0.2024887502193451,0.011094808578491211,0.1756541132926941,19.921833038330078,0.010181616060435772,0.1848340481519699,0.004584617912769318,0.016730615869164467,25.66069793701172,0.002716002520173788,0.09401226788759232,0.010164100676774979,0.0,19.307832717895508,0.01172780804336071,0.1659097671508789
22986,206,16,3745,-1,1,24.040512084960938,0.167082741856575,23.108196258544922,0.2398688793182373,24.49468994140625,21.491657257080078,0.21029864251613617,20.913007736206055,23.316146850585938,0.11323327571153641,17.31404685974121,17.552993774414062,21.72869873046875,0.16840000450611115,29.370262145996094,0.335134893655777,0.7157382965087891,3745,3777,0.4378777742385864,0,0,0.003944107796996832,0.003552474780008197,23.97467041015625,0.004004359245300293,0.1879977285861969,0.004888553638011217,0.17536449432373047,22.835453033447266,0.0052054086700081825,0.19887042045593262,0.00709307286888361,0.01856074295938015,22.733692169189453,0.005328815430402756,0.23135323822498322,0.008103999309241772,0.20053286850452423,21.862876892089844,0.006511969491839409,0.216879740357399,0.004659994505345821,0.01756712794303894,25.727930068969727,0.002674281597137451,0.11619692295789719,0.0067163011990487576,0.0011560427956283092,21.208049774169922,0.007571725640445948,0.1945071816444397
23613,206,16,4404,-1,3,24.2116756439209,0.22230851650238037,22.975454330444336,0.27563461661338806,24.51395034790039,21.61960792541504,0.25341370701789856,20.92901611328125,23.09322738647461,0.11766181141138077,17.547107696533203,17.65851593017578,21.556320190429688,0.15617461502552032,100.0,0.35624369978904724,0.7737249135971069,4404,4436,0.43521374464035034,0,0,0.00379168544895947,0.0035367554519325495,24.1669864654541,0.003830905305221677,0.2552698850631714,0.005040280055254698,0.1791536659002304,22.72262191772461,0.005342420190572739,0.2042226642370224,0.00688714487478137,0.017590954899787903,22.806354522705078,0.005240404978394508,0.2860509753227234,0.00807417742908001,0.19856441020965576,21.71631622314453,0.006735478527843952,0.2158452719449997,0.004905431531369686,0.017145434394478798,25.196548461914062,0.003022354794666171,0.11844831705093384,0.006988243665546179,0.0,20.934839248657227,0.008063358254730701,0.18286766111850739
23951,206,16,4774,-1,0,25.0694637298584,0.1565704494714737,22.803430557250977,0.22356414794921875,24.900718688964844,22.097240447998047,0.19366297125816345,20.758548736572266,23.060932159423828,0.1123998761177063,17.747756958007812,17.90346908569336,21.390792846679688,0.12292740494012833,100.0,0.32557377219200134,0.6866773962974548,4774,4806,0.418051540851593,0,0,0.0031121019273996353,0.0032354018185287714,25.09601402282715,0.0030931327491998672,0.17145799100399017,0.005243931896984577,0.13559094071388245,22.4891300201416,0.0056375060230493546,0.15139764547348022,0.006169871427118778,0.016796717420220375,23.434255599975586,0.004534971434623003,0.2096816599369049,0.008397411555051804,0.17252413928508759,21.43250274658203,0.007190346717834473,0.18061207234859467,0.004942046012729406,0.016205154359340668,24.935951232910156,0.003209260292351246,0.11262357234954834,0.007259734440594912,0.0,20.769311904907227,0.008376617915928364,0.13947543501853943
24038,206,16,4861,-1,3,24.07398223876953,0.15349990129470825,20.836668014526367,0.20962348580360413,24.632436752319336,21.366504669189453,0.18679843842983246,19.262836456298828,23.006589889526367,0.1077604666352272,17.81437110900879,18.095691680908203,19.466854095458984,0.18112081289291382,100.0,0.3872818648815155,0.541268527507782,4861,4893,0.4242539405822754,0,0,0.0039138286374509335,0.0034415668342262506,23.99410057067871,0.003986484371125698,0.16996170580387115,0.008247706107795238,0.196823388338089,20.409740447998047,0.009099678136408329,0.2197258174419403,0.007300448138266802,0.016541045159101486,22.307100296020508,0.00587881775572896,0.19960451126098633,0.011849946342408657,0.21717211604118347,19.473712921142578,0.011288302950561047,0.23322634398937225,0.005004274658858776,0.015503538772463799,24.699283599853516,0.0033890027552843094,0.10788434743881226,0.011306148022413254,0.0,18.845375061035156,0.013045555911958218,0.20719580352306366
24061,206,16,4884,-1,2,24.13754653930664,0.14903409779071808,21.21202278137207,0.1855892390012741,24.0804500579834,21.55754280090332,0.20930418372154236,19.702302932739258,22.825485229492188,0.11456797271966934,17.603357315063477,17.488086700439453,20.212890625,0.15156953036785126,100.0,0.37056148052215576,0.5008324980735779,4884,4916,0.4401130974292755,0,0,0.003856961615383625,0.003908004146069288,24.146400451660156,0.0038491084706038237,0.16759313642978668,0.007564803585410118,0.16759496927261353,20.882587432861328,0.008160960860550404,0.18765033781528473,0.006986275780946016,0.017364580184221268,22.684423446655273,0.005389614030718803,0.22880569100379944,0.01070951297879219,0.19557014107704163,20.116104125976562,0.009736203588545322,0.21099063754081726,0.005217367317527533,0.017831645905971527,24.84562110900879,0.0032767094671726227,0.11617421358823776,0.009521624073386192,0.0,19.59140968322754,0.010986491106450558,0.1717562973499298
24079,206,16,4902,-1,0,22.954919815063477,0.22136014699935913,20.021045684814453,0.26486554741859436,24.048839569091797,20.919416427612305,0.24193093180656433,18.8033504486084,23.41748046875,0.09918858110904694,17.5960636138916,17.835338592529297,19.257667541503906,0.2647707462310791,100.0,0.4107760488986969,0.6447930932044983,4902,4934,0.4416334629058838,0,0,0.005064168944954872,0.003936553839594126,22.808637619018555,0.005237649194896221,0.2564401924610138,0.00995166040956974,0.2707775831222534,19.55961036682129,0.011067232117056847,0.31025195121765137,0.008092048577964306,0.01739376410841942,21.76459503173828,0.006661015562713146,0.27274659276008606,0.013172400183975697,0.2859545350074768,19.004226684570312,0.012577011249959469,0.317962110042572,0.004552521277219057,0.01646137796342373,25.653688430786133,0.002720389747992158,0.09656066447496414,0.011864060536026955,0.0,18.636186599731445,0.01368930097669363,0.30900514125823975
24133,206,16,4956,-1,2,25.069467544555664,0.12138891220092773,21.76143455505371,0.1920233964920044,25.264299392700195,22.094404220581055,0.17531687021255493,20.135305404663086,23.043153762817383,0.11069799214601517,17.795215606689453,17.807653427124023,20.636367797851562,0.15051965415477753,100.0,0.3989386260509491,0.48133566975593567,4956,4988,0.4467959403991699,0,0,0.0031120984349399805,0.002975569572299719,25.040254592895508,0.0031331032514572144,0.13945424556732178,0.006665867753326893,0.16623413562774658,21.443660736083984,0.007171895820647478,0.19444639980793,0.006173898000270128,0.016614165157079697,23.40302276611328,0.004567703697830439,0.1904790699481964,0.00969325378537178,0.18736377358436584,20.640954971313477,0.00862788874655962,0.20683744549751282,0.004962320439517498,0.016566650941967964,24.979774475097656,0.003177038859575987,0.11452008038759232,0.008637003600597382,0.0,20.014888763427734,0.009965773671865463,0.17983722686767578
24167,284,16,9,-1,1,23.38873291015625,0.11306147277355194,20.300615310668945,0.13418011367321014,27.310598373413086,21.098831176757812,0.15693777799606323,19.134231567382812,22.542911529541016,0.09293804317712784,18.044601440429688,18.202516555786133,19.514755249023438,0.13103297352790833,100.0,0.36532169580459595,0.36729303002357483,9,41,0.4572048485279083,0,0,0.004582753870636225,0.0018575488356873393,23.008548736572266,0.0050020162016153336,0.12777529656887054,0.00933121982961893,0.15790535509586334,19.81764030456543,0.010428842157125473,0.17523536086082458,0.007764560170471668,0.0156870000064373,21.840423583984375,0.006545723415911198,0.16623049974441528,0.012206098064780235,0.19205953180789948,19.317724227905273,0.011701125651597977,0.20096807181835175,0.005568125285208225,0.015126846730709076,23.874755859375,0.004097552504390478,0.09180814772844315,0.011182132177054882,0.0,18.893274307250977,0.012902460992336273,0.15016259253025055
24321,284,16,163,-1,3,22.555830001831055,0.16115744411945343,18.220827102661133,0.21258233487606049,22.313230514526367,20.79094886779785,0.19274824857711792,17.32398796081543,23.53741455078125,0.0649799257516861,17.792062759399414,17.592546463012695,17.622447967529297,0.2255762815475464,100.0,0.3961772620677948,0.5365839004516602,163,195,0.41655391454696655,0,0,0.005551586858928204,0.005870528519153595,22.594385147094727,0.0055025191977620125,0.17613321542739868,0.015063205733895302,0.23615196347236633,17.76723289489746,0.016721557825803757,0.26135456562042236,0.008334989659488201,0.016626235097646713,21.51231575012207,0.007059414405375719,0.20569932460784912,0.01851831190288067,0.2520475685596466,17.2679443359375,0.018758824095129967,0.2723747193813324,0.004428521730005741,0.017407862469553947,26.140899658203125,0.0024317000061273575,0.06011495739221573,0.017288420349359512,0.0,17.00096893310547,0.01994817703962326,0.25279754400253296
24326,284,16,168,-1,0,22.204822540283203,0.18070988357067108,18.46824836730957,0.19561277329921722,24.364078521728516,20.366247177124023,0.22123071551322937,17.465946197509766,22.725540161132812,0.08911340683698654,17.716215133666992,17.70799446105957,17.6352596282959,0.29810360074043274,100.0,0.4587901532649994,0.42636653780937195,168,200,0.4316791594028473,0,0,0.006018907763063908,0.0036609373055398464,21.950654983520508,0.00638167280703783,0.20179729163646698,0.014229033142328262,0.3046444058418274,17.925838470458984,0.01612189970910549,0.35157814621925354,0.00919126346707344,0.016919152811169624,20.967823028564453,0.008002357557415962,0.243528813123703,0.01792277954518795,0.31769439578056335,17.433568954467773,0.018056901171803474,0.3556635081768036,0.0053388322703540325,0.01695120707154274,24.494888305664062,0.0035523134283721447,0.087556853890419,0.01723749376833439,0.0,17.01378059387207,0.019889414310455322,0.34678301215171814
24673,284,16,515,-1,3,25.771141052246094,0.12261289358139038,23.664981842041016,0.1862611025571823,25.677967071533203,22.69180679321289,0.17671427130699158,21.49799346923828,23.689769744873047,0.11561055481433868,17.892284393310547,17.90338706970215,22.476490020751953,0.12971541285514832,100.0,0.357753723859787,0.5206405520439148,515,547,0.44137370586395264,0,0,0.0026478050276637077,0.002705224556848407,25.785654067993164,0.0026389709673821926,0.14302048087120056,0.0043003312312066555,0.16300570964813232,23.348024368286133,0.004625915549695492,0.18857049942016602,0.005380459129810333,0.016246942803263664,24.30779266357422,0.0037086927331984043,0.19793520867824554,0.007082730531692505,0.18551364541053772,22.460996627807617,0.0056741442531347275,0.2036893218755722,0.004275856539607048,0.01620546355843544,26.125152587890625,0.002440533135086298,0.11852454394102097,0.005653940606862307,0.0,21.855010986328125,0.006523777265101671,0.15175378322601318
24696,284,16,538,-1,2,24.08800506591797,0.13561461865901947,20.990859985351562,0.2129930555820465,25.774944305419922,21.625001907348633,0.20040759444236755,19.671499252319336,23.087236404418945,0.1069786548614502,17.78461265563965,17.71137237548828,20.17237663269043,0.20364150404930115,100.0,0.41625967621803284,0.5116831064224243,538,570,0.42791953682899475,0,0,0.003901211079210043,0.002645487431436777,23.878097534179688,0.004094399511814117,0.15426240861415863,0.007960017770528793,0.2161598950624466,20.55526351928711,0.00879981741309166,0.24934770166873932,0.006878596730530262,0.01665477454662323,22.696561813354492,0.005374569911509752,0.22078853845596313,0.010785742662847042,0.24564695358276367,20.052783966064453,0.009879199787974358,0.2709502875804901,0.004912205506116152,0.01693802699446678,25.139835357666016,0.0030620789621025324,0.11073741316795349,0.009610864333808422,0.0,19.55089569091797,0.011089459992945194,0.239299014210701
24789,284,16,631,-1,3,28.0728816986084,0.16824012994766235,27.502147674560547,0.1510927677154541,26.75836753845215,23.883703231811523,0.25318050384521484,23.58213233947754,24.444698333740234,0.13479265570640564,17.771636962890625,17.86277961730957,25.976436614990234,0.1303056925535202,100.0,0.2470846176147461,0.6115021109580994,631,663,0.43747833371162415,0,0,0.0015585182700306177,0.0021094209514558315,28.315719604492188,0.0014737641904503107,0.19353564083576202,0.0017774003790691495,0.14684531092643738,27.42975616455078,0.0018072761595249176,0.1663733720779419,0.004089117981493473,0.016704609617590904,26.679105758666992,0.0021482734009623528,0.2791180908679962,0.004383155144751072,0.189127579331398,26.01529884338379,0.0025030546821653843,0.20205046236515045,0.00359360221773386,0.016357693821191788,27.878400802612305,0.0016298959963023663,0.13983482122421265,0.002525551710277796,0.0,25.354957580566406,0.002914098324254155,0.15167288482189178
24826,284,16,668,-1,0,26.186054229736328,0.13824768364429474,23.830142974853516,0.19104957580566406,26.11157989501953,22.681049346923828,0.18196210265159607,21.443038940429688,23.492473602294922,0.11560872942209244,17.81608772277832,17.81635093688965,22.27088737487793,0.1678028255701065,100.0,0.36172494292259216,0.5281625986099243,668,700,0.4246223568916321,0,0,0.002406548708677292,0.0024481734726577997,26.1976261138916,0.002400144701823592,0.1508416384458542,0.004139861557632685,0.1803055852651596,23.552539825439453,0.004413124173879623,0.20323555171489716,0.005393803585320711,0.016534507274627686,24.341699600219727,0.0036798494402319193,0.18849225342273712,0.007172924932092428,0.2056245654821396,22.42580223083496,0.00572031456977129,0.21750661730766296,0.004474584013223648,0.01653350703418255,25.81804084777832,0.002619365695863962,0.11206525564193726,0.005928042810410261,0.0,21.6494083404541,0.006840049289166927,0.19144654273986816
24922,284,16,764,-1,0,25.306171417236328,0.13955408334732056,22.62291145324707,0.1965050846338272,25.892333984375,22.236909866333008,0.19146431982517242,20.59558868408203,23.191423416137695,0.11369659751653671,17.695789337158203,17.83205795288086,21.269588470458984,0.14168791472911835,100.0,0.3332683742046356,0.5896301865577698,764,796,0.4198431074619293,0,0,0.002947017317637801,0.0025749364867806435,25.222625732421875,0.0030042605940252542,0.15601950883865356,0.005466492380946875,0.14105327427387238,22.223526000976562,0.005993046797811985,0.156690776348114,0.005974605679512024,0.016998915001749992,23.687026977539062,0.0042785583063960075,0.20584015548229218,0.008718486875295639,0.18307961523532867,21.256526947021484,0.007487679831683636,0.18897745013237,0.0047957636415958405,0.016473812982439995,25.230030059814453,0.0029991413466632366,0.1122218668460846,0.007465193513780832,0.0,20.648109436035156,0.008613686077296734,0.16063186526298523
25075,284,16,917,-1,1,24.86336898803711,0.17588886618614197,22.462186813354492,0.22584080696105957,24.641414642333984,21.917449951171875,0.19200283288955688,20.587873458862305,23.377016067504883,0.09843985736370087,17.453777313232422,17.714393615722656,21.263504028320312,0.1777646541595459,100.0,0.386572927236557,0.5842126607894897,917,949,0.42603710293769836,0,0,0.003263345453888178,0.003434461774304509,24.898548126220703,0.0032370195258408785,0.20571953058242798,0.005672589410096407,0.19746392965316772,22.104310989379883,0.00615983409807086,0.22659754753112793,0.006430651061236858,0.017973067238926888,23.32090187072754,0.004654895048588514,0.2181672751903534,0.008733992464840412,0.21798044443130493,21.280776977539062,0.007445991039276123,0.24408088624477386,0.004595136735588312,0.016926249489188194,25.68951416015625,0.002698042895644903,0.10386789590120316,0.007475664373487234,0.0,20.64202308654785,0.008625767193734646,0.21035254001617432
25100,284,16,942,-1,2,25.130939483642578,0.14587822556495667,21.655654907226562,0.18831796944141388,24.90433692932129,22.392704010009766,0.1917223185300827,20.081674575805664,23.78135871887207,0.09414639323949814,17.601539611816406,17.568071365356445,20.76214599609375,0.1954108476638794,100.0,0.38577601313591003,0.4881536662578583,942,974,0.4301394522190094,0,0,0.0030683581717312336,0.0032327058725059032,25.1668758392334,0.0030430739279836416,0.1647070199251175,0.006830217782407999,0.2004145383834839,21.246774673461914,0.00750451534986496,0.22613461315631866,0.005764073226600885,0.017371853813529015,24.003067016601562,0.003978261258453131,0.20756445825099945,0.009813698939979076,0.22354021668434143,20.603717803955078,0.008702180348336697,0.24330878257751465,0.004186625126749277,0.01750624179840088,26.701032638549805,0.00213745329529047,0.08653359860181808,0.008390454575419426,0.0,20.140666961669922,0.009681293740868568,0.22477400302886963
25196,284,16,1038,-1,2,24.8558349609375,0.1770295798778534,22.968351364135742,0.2279210388660431,24.220291137695312,22.051288604736328,0.2318018674850464,20.85721206665039,23.165863037109375,0.11421428620815277,17.571556091308594,17.58692169189453,21.621978759765625,0.17385907471179962,100.0,0.3534986972808838,0.6447578072547913,1038,1070,0.4424738585948944,0,0,0.003269012551754713,0.003784174332395196,24.96242332458496,0.003189757000654936,0.20591972768306732,0.005048530176281929,0.18239980936050415,22.63494110107422,0.005451376084238291,0.20352515578269958,0.006235497072339058,0.017492203041911125,23.464309692382812,0.004503695294260979,0.2587794363498688,0.00820878054946661,0.2057824283838272,21.66965675354004,0.006808229722082615,0.21063923835754395,0.004824071656912565,0.017430424690246582,25.39909553527832,0.0028846326749771833,0.10854007303714752,0.006883387919515371,0.0,21.000499725341797,0.00794237107038498,0.1968623697757721
25374,284,16,1216,-1,0,25.561132431030273,0.17282894253730774,22.318153381347656,0.18125103414058685,25.140371322631836,22.208250045776367,0.21511679887771606,20.3500919342041,22.948719024658203,0.12472479790449142,17.333782196044922,17.50290298461914,21.032482147216797,0.21231918036937714,100.0,0.368038147687912,0.4924789369106293,1216,1248,0.4346666932106018,0,0,0.002778988564386964,0.003061702474951744,25.6296443939209,0.002735493704676628,0.19437289237976074,0.005863874685019255,0.22346410155296326,21.94052505493164,0.0063965762965381145,0.25764787197113037,0.0060141608119010925,0.018476592376828194,23.875486373901367,0.00409686379134655,0.23118498921394348,0.009225521236658096,0.24936749041080475,21.013153076171875,0.007919264025986195,0.27509284019470215,0.005071406718343496,0.017770910635590553,25.061744689941406,0.0031176365446299314,0.12422659248113632,0.007884099148213863,0.0,20.41100311279297,0.00909703690558672,0.2508448362350464
25459,284,16,1301,-1,1,24.937135696411133,0.14779387414455414,21.85301971435547,0.19558310508728027,25.10448455810547,21.876571655273438,0.18906891345977783,20.033235549926758,23.191797256469727,0.09953851997852325,17.21817398071289,17.437408447265625,20.747892379760742,0.170259490609169,100.0,0.3674447238445282,0.5322790145874023,1301,1333,0.42499664425849915,0,0,0.00320838438346982,0.003087107092142105,24.91195297241211,0.00322704273276031,0.16989552974700928,0.0065267677418887615,0.18369582295417786,21.412151336669922,0.007224119734019041,0.20812803506851196,0.006491468288004398,0.018975041806697845,23.399965286254883,0.004570918157696724,0.20816749334335327,0.009923763573169708,0.20789320766925812,20.63337516784668,0.008642963133752346,0.22303541004657745,0.004795347806066275,0.01804094761610031,25.594745635986328,0.0027575630228966475,0.09761741757392883,0.008418033830821514,0.0,20.126415252685547,0.00971311703324318,0.19863873720169067
25548,284,16,1390,-1,2,21.78704261779785,0.3129867613315582,19.47123146057129,0.30350038409233093,23.56490135192871,20.2695369720459,0.331145703792572,18.489120483398438,24.227907180786133,0.0756533145904541,17.229063034057617,17.614456176757812,19.021350860595703,0.3149160146713257,100.0,0.3966808319091797,0.7650997042655945,1390,1422,0.43564242124557495,0,0,0.006626677233725786,0.004400580655783415,21.568201065063477,0.006969152949750423,0.3610524535179138,0.01129476074129343,0.3204004466533661,18.96628189086914,0.012687376700341702,0.36844033002853394,0.009398235008120537,0.018927523866295815,21.00606918334961,0.007932191714644432,0.3761814832687378,0.014160805381834507,0.34030747413635254,18.65584373474121,0.013627483509480953,0.37928518652915955,0.00377754052169621,0.017320265993475914,27.71075439453125,0.001694044447503984,0.06417825818061829,0.012527517974376678,0.0,18.399869918823242,0.014454827643930912,0.36745983362197876
25564,284,16,1406,-1,2,25.753385543823242,0.14345046877861023,23.300796508789062,0.2131546586751938,25.10538101196289,22.362720489501953,0.187615305185318,20.956539154052734,23.127056121826172,0.10955601185560226,17.412208557128906,17.523677825927734,21.710874557495117,0.16236437857151031,100.0,0.33860597014427185,0.629506528377533,1406,1438,0.4459233283996582,0,0,0.0026586505118757486,0.003086470067501068,25.86225700378418,0.0025928320828825235,0.16402818262577057,0.004676496610045433,0.17147348821163177,23.006298065185547,0.005004609934985638,0.1940465271472931,0.005804006941616535,0.01814592443406582,24.08350944519043,0.0039052509237080812,0.2069457471370697,0.008023169822990894,0.20582354068756104,21.8839111328125,0.006480506155639887,0.22124581038951874,0.00486737210303545,0.01768610253930092,25.38312530517578,0.0028952599968761206,0.11068979650735855,0.006743921432644129,0.0,21.089397430419922,0.007781447842717171,0.18881189823150635
25628,284,16,1470,-1,2,26.026611328125,0.12189660966396332,23.407896041870117,0.2020019292831421,24.797222137451172,22.5037841796875,0.16066713631153107,21.135498046875,23.364763259887695,0.10242676734924316,17.482181549072266,17.680496215820312,21.968692779541016,0.1452631950378418,100.0,0.3352082669734955,0.6026161909103394,1470,1502,0.4354500472545624,0,0,0.002496542874723673,0.0033134303521364927,26.250925064086914,0.0023708681110292673,0.13826100528240204,0.0045625814236700535,0.16564017534255981,23.10600471496582,0.004891019780188799,0.18900582194328308,0.0056185172870755196,0.01785590685904026,24.27611541748047,0.0037358419504016638,0.1733340322971344,0.007699284236878157,0.18129023909568787,22.013330459594727,0.006290235091000795,0.19566768407821655,0.004608119372278452,0.017058877274394035,25.698253631591797,0.002692617941647768,0.10121143609285355,0.006355223245918751,0.0,21.34721565246582,0.00733294989913702,0.17097944021224976
25796,284,16,1670,-1,3,24.653350830078125,0.14189490675926208,22.035743713378906,0.1930408477783203,25.890819549560547,21.97698402404785,0.19362789392471313,20.402528762817383,23.299901962280273,0.11084359884262085,17.98628044128418,18.164478302001953,21.026329040527344,0.19116723537445068,100.0,0.37219366431236267,0.5186569690704346,1670,1702,0.4487702250480652,0,0,0.0034250349272042513,0.0025758359115570784,24.490774154663086,0.003555681323632598,0.1585591584444046,0.006257857196033001,0.19927234947681427,21.631988525390625,0.006867538671940565,0.2286502718925476,0.006343104410916567,0.015899082645773888,23.122079849243164,0.0048729535192251205,0.21350643038749695,0.009114800952374935,0.23567521572113037,20.882129669189453,0.008161819539964199,0.26190662384033203,0.004677456803619862,0.015259918756783009,25.157878875732422,0.003049385268241167,0.1118873655796051,0.007895270362496376,0.0,20.40485191345215,0.009109927341341972,0.21878251433372498
25801,284,16,1675,-1,0,24.890167236328125,0.13260331749916077,21.286256790161133,0.15218383073806763,26.330472946166992,22.230091094970703,0.1861211508512497,19.997726440429688,23.46208953857422,0.10377232730388641,18.021034240722656,18.097959518432617,20.81934928894043,0.1754636913537979,100.0,0.38367801904678345,0.396644651889801,1675,1707,0.44551512598991394,0,0,0.003243272192776203,0.002327837748453021,24.70555877685547,0.003384107956662774,0.15347395837306976,0.0074365995824337006,0.2022765427827835,20.867738723754883,0.008188907988369465,0.23309607803821564,0.005983991548418999,0.015772351995110512,23.489070892333984,0.004478090442717075,0.20349235832691193,0.010005234740674496,0.22232915461063385,20.38446807861328,0.009152780286967754,0.24848493933677673,0.004505999851971865,0.015495448373258114,25.504730224609375,0.0028153154999017715,0.106034055352211,0.008280660957098007,0.0,20.1978702545166,0.009554608725011349,0.20511625707149506
25870,284,16,1744,-1,1,23.840238571166992,0.12628892064094543,19.74911880493164,0.12023303657770157,27.540494918823242,21.398292541503906,0.18056070804595947,18.743846893310547,22.39508056640625,0.10502123087644577,18.3179931640625,18.207080841064453,18.994075775146484,0.1425483226776123,100.0,0.383094847202301,0.3138466477394104,1744,1776,0.3826776146888733,0,0,0.004130248911678791,0.0017617758130654693,23.473060607910156,0.004494629800319672,0.14426878094673157,0.010594688355922699,0.16630029678344727,19.234846115112305,0.011926564387977123,0.1876125931739807,0.007247207686305046,0.014729930087924004,22.149539947509766,0.006096018478274345,0.19164910912513733,0.013354117050766945,0.19632673263549805,18.812467575073242,0.013144783675670624,0.20767705142498016,0.0057609230279922485,0.015110954642295837,23.6426944732666,0.004322456661611795,0.10288821160793304,0.012606441043317318,0.0,18.372594833374023,0.014545893296599388,0.16020457446575165
25910,284,16,1784,-1,1,22.13869285583496,0.13441571593284607,18.168292999267578,0.1516953557729721,27.4766845703125,19.785720825195312,0.17685715854167938,17.128036499023438,21.423599243164062,0.08867242187261581,18.239547729492188,18.322561264038086,17.293787002563477,0.16538189351558685,38.754634857177734,0.38232240080833435,0.39677339792251587,1784,1816,0.3472302258014679,0,0,0.006111258640885353,0.0017878521466627717,21.69001007080078,0.0067763980478048325,0.1550741195678711,0.015246519818902016,0.17922745645046234,17.631933212280273,0.017250701785087585,0.20490849018096924,0.010505772195756435,0.014998410828411579,20.081274032592773,0.00981459766626358,0.18916568160057068,0.019372977316379547,0.21132829785346985,16.98470115661621,0.020023033022880554,0.23024776577949524,0.007205101661384106,0.01471445057541132,22.18257713317871,0.006049817893654108,0.08792806416749954,0.018647531047463417,0.0001332099927822128,16.67644691467285,0.021495888009667397,0.18900412321090698
25962,284,16,1836,-1,1,24.757369995117188,0.07679805159568787,25.16115951538086,0.06108347326517105,28.63373565673828,21.387413024902344,0.13305874168872833,21.240859985351562,22.195556640625,0.09300345182418823,17.694059371948242,17.92793846130371,25.097997665405273,0.02309097722172737,100.0,0.05160064622759819,1.183773398399353,1836,1868,0.3607958257198334,0,0,0.0033439742401242256,0.0013697030954062939,24.379798889160156,0.003647708334028721,0.08898980915546417,0.003047081409022212,0.039102938026189804,24.73722267150879,0.0033595252316445112,0.04396564140915871,0.007265390362590551,0.017005685716867447,22.39059066772461,0.005766883958131075,0.1394166499376297,0.007514739874750376,0.10225940495729446,22.051877975463867,0.006234652362763882,0.10260277986526489,0.006031767465174198,0.01611410453915596,23.48659896850586,0.004480639006942511,0.09268456697463989,0.003091721097007394,0.0,24.476518630981445,0.0035673705860972404,0.02632727101445198
26195,284,16,2101,-1,3,18.141937255859375,0.3585154414176941,14.506841659545898,0.32176873087882996,23.048072814941406,17.0677547454834,0.3750089704990387,13.972366333007812,21.574081420898438,0.09428174793720245,17.795120239257812,18.111589431762695,13.972233772277832,0.4465163052082062,33.51478958129883,0.6287065744400024,0.5117947459220886,2101,2133,0.42603546380996704,0,0,0.015339331701397896,0.00495670223608613,17.71172332763672,0.016936659812927246,0.402784526348114,0.03542548790574074,0.4615304470062256,13.970298767089844,0.04008391499519348,0.5162345170974731,0.019643759354948997,0.016614530235528946,16.965925216674805,0.020109795033931732,0.4171244502067566,0.040064841508865356,0.4642271399497986,13.588970184326172,0.04376259073615074,0.5178244709968567,0.006959718186408281,0.015446886420249939,22.476442337036133,0.005654000211507082,0.09119158983230591,0.04006607085466385,0.0004451653512660414,13.357192039489746,0.04616159573197365,0.5078124403953552
26906,284,16,2844,-1,0,26.349048614501953,0.10164320468902588,22.67503547668457,0.1382211297750473,25.51323699951172,22.52352523803711,0.1606842279434204,20.580413818359375,22.966907501220703,0.12181757390499115,17.872703552246094,17.75750732421875,21.915477752685547,0.11912114173173904,100.0,0.16738128662109375,0.8257860541343689,2844,2876,0.42747196555137634,0,0,0.0023179028648883104,0.0028098071925342083,26.493207931518555,0.0022422249894589186,0.11226571351289749,0.005401277448982,0.1336735486984253,22.279151916503906,0.00591677101328969,0.149265855550766,0.00559303630143404,0.016320358961820602,24.04208755493164,0.003942678216844797,0.17224924266338348,0.008749004453420639,0.16625238955020905,21.16851043701172,0.00764097785577178,0.17407098412513733,0.005050209350883961,0.016759049147367477,24.882705688476562,0.003248849418014288,0.12136253714561462,0.006433573551476002,0.0,21.29399871826172,0.007423353847116232,0.13849197328090668
26972,284,16,2910,-1,2,25.883319854736328,0.1367863267660141,22.573013305664062,0.16971276700496674,26.054508209228516,22.346633911132812,0.17679813504219055,20.541345596313477,23.308040618896484,0.10658522695302963,17.63815689086914,17.828250885009766,21.092681884765625,0.18498632311820984,100.0,0.3626963794231415,0.46791964769363403,2910,2942,0.4406479299068451,0,0,0.002580287866294384,0.002480556722730398,25.85757064819336,0.002595631405711174,0.15150141716003418,0.005529662594199181,0.19782009720802307,22.18805694580078,0.006042188033461571,0.21948982775211334,0.005825547035783529,0.017225993797183037,23.902313232421875,0.0040716324001550674,0.18802540004253387,0.008828063495457172,0.22623026371002197,21.173582077026367,0.007632062770426273,0.2390148639678955,0.004668698646128178,0.01648826152086258,25.451087951660156,0.0028503043577075005,0.10092711448669434,0.007775560487061739,0.0,20.471202850341797,0.008971801027655602,0.2125721275806427
26980,284,16,2918,-1,2,21.566707611083984,0.14566224813461304,19.42985725402832,0.2175678312778473,21.137798309326172,19.633193969726562,0.17721667885780334,18.064682006835938,22.111038208007812,0.10045015066862106,17.072166442871094,17.856456756591797,18.125579833984375,0.16522394120693207,22.451417922973633,0.39155513048171997,0.5556505918502808,2918,2950,0.44467073678970337,0,0,0.006971547845751047,0.007695205044001341,21.636621475219727,0.006860216613858938,0.15743082761764526,0.011402874253690243,0.1614793837070465,19.181703567504883,0.012073402293026447,0.17217843234539032,0.010881300084292889,0.019623810425400734,20.206201553344727,0.009536297991871834,0.18573328852653503,0.015614637173712254,0.18522924184799194,18.24192237854004,0.014990207739174366,0.19390325248241425,0.006150299683213234,0.016381526365876198,23.394887924194336,0.004576266277581453,0.09957057982683182,0.01539720967411995,0.005686675198376179,17.723411560058594,0.01689113676548004,0.18521404266357422
27019,284,16,2957,-1,1,24.527969360351562,0.16563819348812103,20.737167358398438,0.1988968700170517,24.678041458129883,21.743432998657227,0.19766855239868164,19.384958267211914,23.104808807373047,0.1050550639629364,17.286067962646484,17.4235897064209,19.8154354095459,0.24451935291290283,100.0,0.4058665335178375,0.4900548756122589,2957,2989,0.45364901423454285,0,0,0.0035253558307886124,0.0034056163858622313,24.50533676147461,0.0035437773913145065,0.18335270881652832,0.008438852615654469,0.24922068417072296,20.35147476196289,0.00922258198261261,0.28296181559562683,0.006693555042147636,0.01868070475757122,23.143138885498047,0.004849378950893879,0.21212415397167206,0.011521371081471443,0.2710503339767456,19.736948013305664,0.010624420829117298,0.29976552724838257,0.004892368335276842,0.018098436295986176,25.43532943725586,0.0028606660198420286,0.10405181348323822,0.010434135794639587,0.0,19.19395637512207,0.012039387598633766,0.2837611734867096
27120,284,16,3058,-1,2,22.352798461914062,0.13531170785427094,18.985755920410156,0.1913502961397171,25.76482582092285,19.820388793945312,0.18107618391513824,17.686384201049805,21.380794525146484,0.11119235306978226,17.657543182373047,17.784818649291992,17.82643699645996,0.20876052975654602,35.36793518066406,0.4028145372867584,0.4750332534313202,3058,3090,0.4487314522266388,0,0,0.0058172838762402534,0.0026516588404774666,22.003629684448242,0.0063043031841516495,0.15379038453102112,0.012630617246031761,0.22996440529823303,18.494497299194336,0.01414328534156084,0.2606889009475708,0.010422240011394024,0.01714927889406681,20.27458953857422,0.009387310594320297,0.19819071888923645,0.017035771161317825,0.25813189148902893,17.671863555908203,0.01709282584488392,0.28343233466148376,0.0072764684446156025,0.016653986647725105,22.340505599975586,0.005833773873746395,0.11480750888586044,0.016495155170559883,0.0002905403380282223,17.215167999267578,0.018988171592354774,0.24031201004981995
27207,284,16,3145,-1,1,25.919084548950195,0.14014387130737305,23.191944122314453,0.17887504398822784,25.784622192382812,22.407140731811523,0.18728283047676086,20.954986572265625,23.28458595275879,0.11574792116880417,17.480083465576172,17.76901626586914,21.76844024658203,0.11913225799798965,100.0,0.3294888436794281,0.54288649559021,3145,3177,0.4332791268825531,0,0,0.0025591254234313965,0.0026396000757813454,25.940147399902344,0.0025467448867857456,0.15809009969234467,0.004795189015567303,0.1446172446012497,22.809284210205078,0.005236868746578693,0.1656164675951004,0.005744947120547295,0.017864536494016647,24.111242294311523,0.0038803950883448124,0.20436349511146545,0.008026043884456158,0.1709458976984024,21.763856887817383,0.00666215131059289,0.18545988202095032,0.004693984519690275,0.016714686527848244,25.459718704223633,0.002844646107405424,0.11689241230487823,0.006655121222138405,0.0,21.146963119506836,0.007678986061364412,0.13881182670593262
27341,284,16,3279,-1,3,25.151107788085938,0.13927996158599854,21.90329360961914,0.17781893908977509,25.30765151977539,21.931346893310547,0.17208310961723328,20.012311935424805,22.710264205932617,0.11711744219064713,17.434362411499023,17.50418472290039,20.52974510192871,0.1436711549758911,100.0,0.3715358376502991,0.47860509157180786,3279,3311,0.433811753988266,0,0,0.0030541419982910156,0.0029460142832249403,25.127517700195312,0.0030707770492881536,0.16230672597885132,0.006451650522649288,0.15135996043682098,21.546791076660156,0.007003594655543566,0.17804789543151855,0.006410105619579554,0.018053604289889336,23.354711532592773,0.00461879838258028,0.18334005773067474,0.00997169315814972,0.19030439853668213,20.56399154663086,0.008782151155173779,0.20762498676776886,0.005357641261070967,0.017765669152140617,24.623430252075195,0.00344871380366385,0.12063255161046982,0.00885167345404625,0.0,19.908267974853516,0.01021346915513277,0.1694844514131546
27488,284,16,3458,-1,2,25.89067268371582,0.13302157819271088,23.908771514892578,0.20016853511333466,25.757549285888672,22.514944076538086,0.16956827044487,21.377046585083008,23.29798126220703,0.10570190846920013,18.016414642333984,18.076641082763672,21.99945068359375,0.14066478610038757,100.0,0.34111958742141724,0.5867987275123596,3458,3490,0.4302999675273895,0,0,0.0025759225245565176,0.0026561038102954626,25.91152000427246,0.002563586924225092,0.1516440361738205,0.004065582994371653,0.1454918086528778,23.536434173583984,0.004429520573467016,0.16501307487487793,0.005604096222668886,0.01578914187848568,23.93923568725586,0.004037166479974985,0.18598836660385132,0.0072827511467039585,0.18571753799915314,22.224367141723633,0.005991883110255003,0.1991329789161682,0.004679524339735508,0.015571700409054756,25.223283767700195,0.0030038044787943363,0.10810583084821701,0.006310373079031706,0.0,21.377971649169922,0.007281199563294649,0.16220587491989136
27579,284,16,3549,-1,1,26.197072982788086,0.15681900084018707,23.949432373046875,0.19808907806873322,25.93442726135254,22.61590576171875,0.20091570913791656,21.46920394897461,23.31810760498047,0.11578771471977234,17.93117904663086,18.178510665893555,22.28473663330078,0.11342635005712509,100.0,0.318550169467926,0.6218457818031311,3549,3581,0.43815985321998596,0,0,0.002400450874119997,0.002550101140514016,26.238927841186523,0.002377427415922284,0.17866748571395874,0.004027697257697582,0.13614991307258606,23.730070114135742,0.004236359614878893,0.1516263782978058,0.005475321318954229,0.016102084890007973,24.156198501586914,0.0038404345978051424,0.21976454555988312,0.007129836827516556,0.1579739898443222,22.418903350830078,0.0057294066064059734,0.16320298612117767,0.004657890647649765,0.015210692770779133,25.179298400878906,0.0030343823600560427,0.1148560494184494,0.00590916583314538,0.0,21.663257598876953,0.006818268448114395,0.13169991970062256
27926,284,16,3896,-1,0,26.6120548248291,0.12892605364322662,24.40707015991211,0.1803695261478424,25.515888214111328,23.035429000854492,0.18093755841255188,21.88048553466797,23.562776565551758,0.10915939509868622,17.755748748779297,17.676937103271484,22.880441665649414,0.12993226945400238,100.0,0.33464527130126953,0.5389872193336487,3896,3928,0.4445216953754425,0,0,0.0021816976368427277,0.0028080919291824102,26.808252334594727,0.0020853294990956783,0.141967311501503,0.0036248748656362295,0.143712118268013,24.203083038330078,0.0037991958670318127,0.16145062446594238,0.004971153102815151,0.016765831038355827,25.007822036743164,0.0031565872486680746,0.1916644275188446,0.006485618185251951,0.17694295942783356,23.080047607421875,0.004920340608805418,0.18239040672779083,0.004402731545269489,0.01707286387681961,26.102176666259766,0.002453480614349246,0.10520979762077332,0.005151763092726469,0.0,22.25896453857422,0.005944341886788607,0.14886173605918884
29053,310,16,35,-1,3,23.636234283447266,0.1935253143310547,20.639190673828125,0.22241373360157013,25.317584991455078,21.520444869995117,0.21371053159236908,19.421274185180664,23.169776916503906,0.10548871755599976,17.824478149414062,17.7993221282959,19.97186851501465,0.16776417195796967,100.0,0.39679089188575745,0.5605313777923584,35,67,0.44910407066345215,0,0,0.004328891634941101,0.0029392840806394815,23.426883697509766,0.0045426771976053715,0.225058451294899,0.008631391450762749,0.19379600882530212,20.174175262451172,0.009606888517737389,0.22713589668273926,0.007046209182590246,0.01650259457528591,22.524810791015625,0.005591380409896374,0.24074292182922363,0.011425433680415154,0.2210724949836731,19.727636337280273,0.010647221468389034,0.24857346713542938,0.004819727037101984,0.01659845933318138,25.2177791595459,0.0030076142866164446,0.10826204717159271,0.01006498746573925,0.0,19.35038948059082,0.011613447219133377,0.19826869666576385
29409,310,16,423,-1,2,24.56702995300293,0.18723204731941223,21.800010681152344,0.20195935666561127,24.685667037963867,21.847715377807617,0.20802952349185944,20.060922622680664,22.91799545288086,0.111953966319561,17.83458137512207,17.83505630493164,20.645273208618164,0.17179730534553528,100.0,0.327608197927475,0.6164661049842834,423,455,0.4286092519760132,0,0,0.0034937928430736065,0.0033996424172073603,24.549062728881836,0.0035082774702459574,0.20951059460639954,0.006606921087950468,0.19062615931034088,21.401538848876953,0.007241793442517519,0.21841534972190857,0.00653473986312747,0.016464248299598694,23.00411605834961,0.0050071231089532375,0.2289232313632965,0.009860698133707047,0.20946624875068665,20.512107849121094,0.008887698873877525,0.2263736128807068,0.00510740652680397,0.016462452709674835,24.735992431640625,0.0033604770433157682,0.11207906901836395,0.008619316853582859,0.0,20.023794174194336,0.009945365600287914,0.20101028680801392
29498,310,16,512,-1,3,26.142101287841797,0.14146322011947632,23.508169174194336,0.17955610156059265,26.00307273864746,22.54104995727539,0.18448211252689362,21.27274513244629,23.247949600219727,0.11048515141010284,17.542625427246094,17.720422744750977,22.113487243652344,0.1368013322353363,100.0,0.3563408851623535,0.5038885474205017,512,544,0.43699270486831665,0,0,0.002431028289720416,0.002510110614821315,26.163890838623047,0.002418861724436283,0.15916979312896729,0.004458442330360413,0.14668840169906616,23.277223587036133,0.004701947793364525,0.1696593463420868,0.00557051133364439,0.017609111964702606,24.296417236328125,0.0037184185348451138,0.19874563813209534,0.00745977321639657,0.18542322516441345,22.260305404663086,0.00594250438734889,0.20457963645458221,0.004733745474368334,0.01690276898443699,25.433929443359375,0.0028615877963602543,0.11414822936058044,0.0061468337662518024,0.0,21.492006301879883,0.0070925005711615086,0.1628277748823166
29560,310,16,574,-1,1,24.97522735595703,0.1507062017917633,22.773149490356445,0.17089015245437622,24.966064453125,21.820852279663086,0.19326071441173553,20.47970962524414,22.874860763549805,0.11418306827545166,17.343515396118164,17.395097732543945,20.95975685119629,0.14213776588439941,100.0,0.3697134554386139,0.46222323179244995,574,606,0.434731662273407,0,0,0.00318036787211895,0.0031870859675109386,24.97663688659668,0.003179333871230483,0.1621382236480713,0.005280620884150267,0.14764374494552612,22.4224853515625,0.00572468526661396,0.16356249153614044,0.006575287785381079,0.018435228615999222,23.232440948486328,0.004750681575387716,0.2014501392841339,0.00895424373447895,0.18230631947517395,21.247074127197266,0.007503997068852186,0.18952244520187378,0.005158387590199709,0.01821756549179554,25.01788330078125,0.0031492833513766527,0.10910336673259735,0.008017228916287422,0.0,20.33827781677246,0.009250648319721222,0.1610320508480072
29578,310,16,592,-1,3,25.658172607421875,0.14194434881210327,23.101720809936523,0.18628942966461182,24.66182518005371,22.208803176879883,0.20528680086135864,20.77165412902832,22.918712615966797,0.12721306085586548,17.224763870239258,17.266036987304688,21.532215118408203,0.1827424317598343,100.0,0.36442410945892334,0.5111885666847229,592,624,0.4363643527030945,0,0,0.002717582741752267,0.0034183587413281202,25.83397674560547,0.0026097712107002735,0.15763622522354126,0.0048958491533994675,0.18907520174980164,22.766956329345703,0.005288159474730492,0.20951510965824127,0.006013395264744759,0.018946267664432526,23.953720092773438,0.004023722838610411,0.2139548510313034,0.008372105658054352,0.22675777971744537,21.680622100830078,0.006791065912693739,0.24201364815235138,0.005106563679873943,0.018767066299915314,25.22163200378418,0.003004947677254677,0.12666983902454376,0.00702713755890727,0.0,20.910737991333008,0.008108235895633698,0.21156001091003418
30218,310,16,1232,-1,3,26.244680404663086,0.14832670986652374,23.494754791259766,0.19722281396389008,25.861961364746094,22.434911727905273,0.19617927074432373,21.040931701660156,22.99350357055664,0.11682309210300446,17.37656021118164,17.47062110900879,21.765125274658203,0.1620837301015854,100.0,0.35568878054618835,0.5544813871383667,1232,1264,0.4484521150588989,0,0,0.0023742802441120148,0.0025930083356797695,26.30667495727539,0.0023406296968460083,0.16543728113174438,0.004472235683351755,0.17512202262878418,23.171899795532227,0.0048173703253269196,0.19398219883441925,0.005708327051252127,0.018295487388968468,24.234466552734375,0.003771840827539563,0.2118145227432251,0.007868770509958267,0.2102758288383484,22.00181770324707,0.0063069346360862255,0.2209288626909256,0.005019376985728741,0.01790350116789341,25.175262451171875,0.0030372042674571276,0.11535647511482239,0.006660203915089369,0.0,21.143646240234375,0.007684851065278053,0.1868908554315567
30390,310,16,1404,-1,3,25.534835815429688,0.14673155546188354,22.215572357177734,0.20754699409008026,24.713029861450195,22.252132415771484,0.1945849359035492,20.312973022460938,23.084732055664062,0.10716476291418076,17.385784149169922,17.503616333007812,20.96300506591797,0.18928229808807373,100.0,0.359621524810791,0.577126145362854,1404,1436,0.4356929659843445,0,0,0.0027958666905760765,0.003378291381523013,25.676300048828125,0.002706262981519103,0.1619790494441986,0.006004030816257,0.20292973518371582,21.80535888671875,0.0065987869165837765,0.22985322773456573,0.005953696556389332,0.01825668103992939,23.913745880126953,0.004060929641127586,0.20580580830574036,0.009304707869887352,0.23051856458187103,20.940715789794922,0.008052458055317402,0.2530043423175812,0.004915039520710707,0.01776799187064171,25.319984436035156,0.0029376617167145014,0.10460729151964188,0.008011233061552048,0.0,20.341527938842773,0.009243730455636978,0.22353070974349976
30408,310,16,1422,-1,1,23.722213745117188,0.17767074704170227,21.314498901367188,0.24958686530590057,24.248239517211914,21.329299926757812,0.20662465691566467,19.73447036743164,23.099090576171875,0.10556530952453613,17.28387451171875,17.48511505126953,20.333465576171875,0.21010452508926392,100.0,0.4006640613079071,0.6229329705238342,1422,1454,0.4316284656524658,0,0,0.0042440323159098625,0.0037598975468426943,23.646657943725586,0.004318514838814735,0.20483502745628357,0.0073883975856006145,0.2357078641653061,20.916154861450195,0.008098128251731396,0.27414950728416443,0.007363257464021444,0.018690146505832672,22.50212860107422,0.005620659328997135,0.22715337574481964,0.010630481876432896,0.24994401633739471,20.20612335205078,0.00953647680580616,0.27488768100738525,0.004898812621831894,0.01784384623169899,25.36514663696289,0.002907269634306431,0.10814201831817627,0.009260904975235462,0.0,19.711986541748047,0.010685659013688564,0.2509268522262573
30619,310,16,1633,-1,0,25.54061508178711,0.15245719254016876,23.918888092041016,0.20651523768901825,24.58380126953125,22.249813079833984,0.21416282653808594,21.27150535583496,22.92597770690918,0.12278899550437927,17.409013748168945,17.593006134033203,22.075176239013672,0.15614286065101624,100.0,0.32937631011009216,0.6269887685775757,1633,1665,0.45139336585998535,0,0,0.002792148385196924,0.0034803240559995174,25.708494186401367,0.002686275402083993,0.16734762489795685,0.004056124482303858,0.16099736094474792,23.56481170654297,0.004400670528411865,0.1824248880147934,0.005956878885626793,0.018159283325076103,23.893840789794922,0.004079585894942284,0.22785638272762299,0.007461901754140854,0.19793161749839783,22.260656356811523,0.005942024290561676,0.2096206545829773,0.005098029505461454,0.017406024038791656,24.942407608032227,0.0032044919207692146,0.1186765730381012,0.006201296113431454,0.0,21.453697204589844,0.007155342027544975,0.17707017064094543
30712,310,16,1726,-1,1,25.087411880493164,0.15148627758026123,22.818607330322266,0.2230905145406723,24.93804931640625,22.100374221801758,0.1875080168247223,20.82610321044922,23.110626220703125,0.10463982820510864,17.471498489379883,17.50878143310547,21.60283660888672,0.14216870069503784,100.0,0.3563149571418762,0.6261048316955566,1726,1758,0.4202602803707123,0,0,0.0030992666725069284,0.0032077108044177294,25.11085319519043,0.0030825829599052668,0.17342987656593323,0.005225637927651405,0.16380463540554047,22.49953269958496,0.005624019540846348,0.18871372938156128,0.006165421102195978,0.017899883911013603,23.605018615722656,0.004360118880867958,0.20263120532035828,0.00826779194176197,0.19595053791999817,21.665374755859375,0.006814945954829454,0.21129105985164642,0.004885818809270859,0.017746878787875175,25.365259170532227,0.0029071944300085306,0.09883564710617065,0.006913794670253992,0.0,20.98135757446289,0.007977455854415894,0.16451039910316467
30868,310,16,1882,-1,1,25.525121688842773,0.11058498919010162,22.19821548461914,0.17667654156684875,24.933252334594727,22.145305633544922,0.15648257732391357,20.305370330810547,23.02950096130371,0.10069464147090912,17.448394775390625,17.50618553161621,20.878807067871094,0.14657855033874512,100.0,0.34554868936538696,0.5112927556037903,1882,1914,0.44085219502449036,0,0,0.0028021277394145727,0.003211255883798003,25.62378692626953,0.0027391850017011166,0.11949072033166885,0.006028075236827135,0.15702563524246216,21.77338409423828,0.006647550500929356,0.17581506073474884,0.006101963575929403,0.017995353788137436,23.69347381591797,0.004272210877388716,0.1633249670267105,0.009321007877588272,0.1844179630279541,20.905359268188477,0.008118282072246075,0.1957109123468399,0.004977943375706673,0.017757484689354897,25.211654663085938,0.0030118597205728292,0.0945424735546112,0.00816806685179472,0.0,20.257328033447266,0.009424692019820213,0.16860957443714142
30876,310,16,1890,-1,1,24.620378494262695,0.13672488927841187,21.962467193603516,0.22673681378364563,24.174726486206055,21.756486892700195,0.1849692314863205,20.16503143310547,23.10504913330078,0.10860413312911987,17.441160202026367,17.642078399658203,20.925273895263672,0.1638498157262802,100.0,0.3515947759151459,0.6448810696601868,1890,1922,0.4372848868370056,0,0,0.0034511382691562176,0.0038240847643464804,24.693185806274414,0.003393762046471238,0.14892010390758514,0.0063643427565693855,0.17703746259212494,21.566120147705078,0.006972496397793293,0.20102261006832123,0.006673465482890606,0.018025362864136696,23.07415771484375,0.00492702005431056,0.19818225502967834,0.009627130813896656,0.2139192670583725,20.759763717651367,0.008395056240260601,0.2293301224708557,0.004892097320407629,0.017210448160767555,25.233182907104492,0.002996966242790222,0.104769766330719,0.008081139996647835,0.0,20.303794860839844,0.009324392303824425,0.19120699167251587
31225,310,16,2271,-1,2,24.942581176757812,0.1813507378101349,23.323619842529297,0.2599402964115143,24.4608097076416,22.153179168701172,0.2231438159942627,21.22899055480957,23.132450103759766,0.11883370578289032,18.0024471282959,17.965314865112305,21.996719360351562,0.16628849506378174,100.0,0.36277857422828674,0.7165260314941406,2271,2303,0.425353467464447,0,0,0.0032043636310845613,0.0035802971106022596,25.021686553955078,0.0031465275678783655,0.20197445154190063,0.0046519809402525425,0.19602027535438538,23.10811996459961,0.004888640251010656,0.21923798322677612,0.00609090831130743,0.01584000699222088,23.380882263183594,0.004591047298163176,0.2387494295835495,0.007535307202488184,0.2203112542629242,22.025306701660156,0.006272915285080671,0.23951184749603271,0.004861328285187483,0.015976017341017723,25.014995574951172,0.003151377197355032,0.11960720270872116,0.006314340513199568,0.0,21.375240325927734,0.007285777945071459,0.19207116961479187
31520,310,16,2566,-1,1,23.386253356933594,0.1571042537689209,18.13849639892578,0.15691328048706055,26.239736557006836,21.004451751708984,0.1986445039510727,17.21747589111328,22.505714416503906,0.09327024966478348,18.160306930541992,18.315948486328125,17.409263610839844,0.31569811701774597,100.0,0.42695045471191406,0.3675210475921631,2566,2598,0.4338657855987549,0,0,0.004585373215377331,0.002376984106376767,23.075828552246094,0.004925125744193792,0.1800120770931244,0.015351482667028904,0.3121069371700287,17.568456649780273,0.017504682764410973,0.3586670160293579,0.007935143075883389,0.015274583362042904,21.671083450317383,0.006805998273193836,0.2150942087173462,0.01897808536887169,0.33120131492614746,17.060094833374023,0.01967843621969223,0.3712674379348755,0.005616019479930401,0.01473686471581459,23.75428009033203,0.0042128125205636024,0.09256744384765625,0.018158238381147385,0.0,16.787784576416016,0.02095181494951248,0.36462366580963135
31616,310,16,2662,-1,1,23.79279327392578,0.14511385560035706,20.605899810791016,0.1759115755558014,25.343345642089844,21.27324867248535,0.1823767125606537,19.059066772460938,23.172588348388672,0.1002611294388771,17.87015724182129,18.00106430053711,19.508588790893555,0.17176656424999237,100.0,0.3206068277359009,0.5486831665039062,2662,2694,0.38424623012542725,0,0,0.004175616893917322,0.0029218997806310654,23.5966796875,0.004368496593087912,0.16586649417877197,0.008697811514139175,0.18362276256084442,20.095951080322266,0.009781489148736,0.21308207511901855,0.007458905689418316,0.016329927369952202,22.150880813598633,0.006094133015722036,0.1977178454399109,0.012419193983078003,0.2164357453584671,19.23451805114746,0.011927471496164799,0.2397332489490509,0.004816606640815735,0.015845047309994698,25.05855941772461,0.0031199236400425434,0.10136224329471588,0.0111980140209198,0.0,18.88711166381836,0.012920785695314407,0.20100319385528564
31647,310,16,2693,-1,0,22.98701286315918,0.099235400557518,23.381988525390625,0.15382267534732819,25.664453506469727,20.528440475463867,0.14202828705310822,20.543947219848633,22.62566375732422,0.08561047911643982,18.092832565307617,18.088420867919922,21.879045486450195,0.06389981508255005,100.0,0.14902590215206146,1.0321874618530273,2693,2725,0.44651079177856445,0,0,0.005026884377002716,0.0027136560529470444,22.689945220947266,0.0053827655501663685,0.1072445809841156,0.004589876160025597,0.08074226975440979,22.87376594543457,0.005159687716513872,0.09083329141139984,0.008854336105287075,0.015513748861849308,21.06248664855957,0.007829811424016953,0.14524860680103302,0.008822775445878506,0.1114957332611084,21.102800369262695,0.0077574653550982475,0.11157971620559692,0.005463031120598316,0.015529518947005272,24.073413848876953,0.003914339933544397,0.08138726651668549,0.006487768143415451,0.0,21.257568359375,0.007485886570066214,0.07297762483358383
31661,310,16,2707,-1,2,21.787080764770508,0.1753222644329071,18.01947021484375,0.2028360366821289,24.693716049194336,19.856689453125,0.21960124373435974,16.994613647460938,22.19379234313965,0.11601938307285309,17.998371124267578,17.985347747802734,17.12877082824707,0.21710893511772156,100.0,0.36708757281303406,0.5525549054145813,2707,2739,0.4549565315246582,0,0,0.006626617629081011,0.0033933501690626144,21.472736358642578,0.0071240440011024475,0.19332750141620636,0.015778033062815666,0.2154029756784439,17.46369171142578,0.017932092770934105,0.24217629432678223,0.010335490107536316,0.015854882076382637,20.229005813598633,0.009486353024840355,0.23551279306411743,0.0199773870408535,0.2598769962787628,16.840665817260742,0.020698247477412224,0.28181299567222595,0.006034218706190586,0.015902496874332428,23.452438354492188,0.004516022279858589,0.11533081531524658,0.01936970092356205,0.0,16.507293701171875,0.022349653765559196,0.24832381308078766
31687,310,16,2733,-1,0,20.638874053955078,0.29943138360977173,19.16225242614746,0.2850780487060547,22.81979751586914,19.23960304260254,0.338914692401886,18.09874725341797,23.476335525512695,0.09851818531751633,17.791549682617188,17.87593650817871,18.486692428588867,0.23804348707199097,100.0,0.376863569021225,0.7564489245414734,2733,2765,0.38842713832855225,0,0,0.008632026612758636,0.0052242036908864975,20.382795333862305,0.009156307205557823,0.3361002802848816,0.01212759967893362,0.24418789148330688,18.709177017211914,0.013461153954267502,0.2789459526538849,0.011913507245481014,0.016628198325634003,19.512409210205078,0.011188169941306114,0.37728291749954224,0.0154926348477602,0.2727165222167969,18.129613876342773,0.015382922254502773,0.30374881625175476,0.004491242580115795,0.01630820892751217,25.7296085357666,0.0026732475962489843,0.09843634068965912,0.014168724417686462,0.0,17.865215301513672,0.01634852960705757,0.2747059762477875
31951,310,16,3029,-1,1,18.522546768188477,0.22237086296081543,17.671092987060547,0.2430398315191269,26.403627395629883,17.461496353149414,0.2549705505371094,16.772249221801758,22.089942932128906,0.10437999665737152,18.173404693603516,18.066951751708984,16.852039337158203,0.2084818035364151,100.0,0.4069659411907196,0.5971994400024414,3029,3061,0.38058704137802124,0,0,0.014052227139472961,0.002288955030962825,17.996429443359375,0.015861961990594864,0.25577324628829956,0.017095845192670822,0.22347013652324677,17.125019073486328,0.01938643679022789,0.25167885422706604,0.017941158264875412,0.015228589996695518,17.361635208129883,0.01835847645998001,0.2822580635547638,0.02102690003812313,0.24503925442695618,16.57161521911621,0.022021066397428513,0.2650814354419708,0.006180244032293558,0.015606483444571495,23.251340866088867,0.004730053711682558,0.10659313201904297,0.020644111558794975,0.0,16.230560302734375,0.02382013015449047,0.23972153663635254
32116,310,16,3194,-1,2,22.507923126220703,0.155562624335289,17.59016227722168,0.19827282428741455,25.776994705200195,20.516002655029297,0.20126987993717194,16.735187530517578,23.253368377685547,0.08704815804958344,18.086700439453125,18.1304874420166,17.067161560058594,0.24875043332576752,100.0,0.39549002051353455,0.5013346076011658,3194,3226,0.42889025807380676,0,0,0.005613165907561779,0.002644238295033574,22.168169021606445,0.006069924682378769,0.1753162443637848,0.01741741970181465,0.25021952390670776,17.030731201171875,0.01981194317340851,0.290679395198822,0.008879728615283966,0.015535668469965458,21.04813003540039,0.007855738513171673,0.21417754888534546,0.02120710164308548,0.2752383053302765,16.550811767578125,0.022126810625195503,0.3056320250034332,0.004727842751890421,0.015379820950329304,25.101715087890625,0.0030890770722180605,0.08247871696949005,0.01964644156396389,0.0,16.445682525634766,0.022668970748782158,0.29201313853263855
32194,310,16,3272,-1,0,23.483539581298828,0.15750303864479065,20.622814178466797,0.13774791359901428,27.05204200744629,21.246570587158203,0.1946616768836975,19.273208618164062,22.571487426757812,0.11124067008495331,18.09886932373047,18.164505004882812,19.720550537109375,0.12957170605659485,100.0,0.22693422436714172,0.6069948673248291,3272,3304,0.39383751153945923,0,0,0.0044838013127446175,0.0019714953377842903,23.124435424804688,0.0048703099600970745,0.17693698406219482,0.008664007298648357,0.15370352566242218,20.136594772338867,0.00969037227332592,0.1700925976037979,0.007504864130169153,0.015492203645408154,22.023141860961914,0.00627604266628623,0.20778071880340576,0.011821676976978779,0.1937142014503479,19.505006790161133,0.01120725553482771,0.20384645462036133,0.00553160673007369,0.015259820967912674,23.94161033630371,0.0040349592454731464,0.11110284179449081,0.010664609260857105,0.0,19.099071502685547,0.012305318377912045,0.14644762873649597
32414,310,16,3524,-1,2,23.321929931640625,0.30742669105529785,20.209882736206055,0.2655167281627655,23.151037216186523,21.529569625854492,0.3354783356189728,19.169994354248047,25.22513198852539,0.055342257022857666,17.42173957824707,17.573286056518555,19.92811393737793,0.32163897156715393,100.0,0.38117843866348267,0.6965680718421936,3524,3556,0.4556143283843994,0,0,0.004653794690966606,0.004840567242354155,23.348827362060547,0.004625060595571995,0.36050185561180115,0.009528222493827343,0.3249177932739258,19.738027572631836,0.010621782392263412,0.38483792543411255,0.007031420711427927,0.01810614950954914,22.734670639038086,0.005327616818249226,0.3817400336265564,0.012106001377105713,0.3458029627799988,19.46445083618164,0.011312402784824371,0.3962201476097107,0.003002527402713895,0.017485231161117554,31.110239028930664,0.000774419168010354,0.051136985421180725,0.010166903026401997,0.0,19.30663299560547,0.01173104252666235,0.38643136620521545
32805,310,16,3915,-1,1,26.644794464111328,0.12710589170455933,24.651416778564453,0.17877748608589172,24.699115753173828,22.976930618286133,0.18751020729541779,21.872486114501953,23.58481216430664,0.11656572669744492,17.626745223999023,17.7745304107666,22.785045623779297,0.13484452664852142,100.0,0.3462654650211334,0.5163018107414246,3915,3947,0.4327230453491211,0,0,0.0021653128787875175,0.003389132209122181,27.03986167907715,0.0019770332146435976,0.14140434563159943,0.003426559269428253,0.14369156956672668,24.397783279418945,0.0036326348781585693,0.16353344917297363,0.005038565490394831,0.017271317541599274,25.00779914855957,0.0031566042453050613,0.19842147827148438,0.006497577764093876,0.1747760772705078,23.084991455078125,0.004914744757115841,0.1872902512550354,0.004380450583994389,0.016693485900759697,26.044750213623047,0.002486137207597494,0.117701455950737,0.005266179330646992,0.0,22.163564682006836,0.006076360121369362,0.15539449453353882
32828,310,16,3938,-1,0,25.762832641601562,0.15183958411216736,22.860774993896484,0.17196142673492432,24.70656394958496,22.50394058227539,0.20185944437980652,20.8992919921875,23.150102615356445,0.11694470047950745,17.6475830078125,17.84699821472168,21.487531661987305,0.20510883629322052,100.0,0.35738667845726013,0.48116350173950195,3938,3970,0.4292823076248169,0,0,0.0026528756134212017,0.003383324248716235,25.95081329345703,0.0025404985062777996,0.17069721221923828,0.00517514580860734,0.21846351027488708,22.541362762451172,0.0055701094679534435,0.25093406438827515,0.005618315190076828,0.017188645899295807,24.158649444580078,0.0038382650818675756,0.21960315108299255,0.008129633031785488,0.24797727167606354,21.60365104675293,0.006912498269230127,0.2738831341266632,0.004841608926653862,0.016417240723967552,25.141733169555664,0.0030607429798692465,0.11811408400535583,0.007099816109985113,0.0,20.866050720214844,0.008192095905542374,0.2408723086118698
32871,310,16,3981,-1,3,25.39593505859375,0.15220265090465546,22.47062873840332,0.18414758145809174,25.454212188720703,22.343441009521484,0.19068606197834015,20.578449249267578,23.34270477294922,0.11029689759016037,17.73746109008789,17.763683319091797,21.252164840698242,0.16526779532432556,100.0,0.346614271402359,0.5312752723693848,3981,4013,0.4240811765193939,0,0,0.002886733040213585,0.0028482547495514154,25.387039184570312,0.002892652526497841,0.1724519580602646,0.005661575589329004,0.17677488923072815,22.079906463623047,0.006194543559104204,0.19559308886528015,0.005829832050949335,0.016836583614349365,23.83368492126465,0.004136485513299704,0.20723067224025726,0.008752964437007904,0.19991862773895264,21.23871612548828,0.007518450263887644,0.21029675006866455,0.004631583113223314,0.016735229641199112,25.576011657714844,0.0027694834861904383,0.10927596688270569,0.007495206315070391,0.0,20.630685806274414,0.008648314513266087,0.18796512484550476
32880,310,16,3990,-1,0,26.033390045166016,0.17131544649600983,23.084543228149414,0.18074850738048553,25.110031127929688,22.54682731628418,0.2225417196750641,20.931833267211914,23.161949157714844,0.12799443304538727,17.618698120117188,17.708608627319336,21.613433837890625,0.2057972252368927,100.0,0.3535979390144348,0.5111695528030396,3990,4022,0.42305508255958557,0,0,0.0024926485493779182,0.0030831675976514816,26.194631576538086,0.002401799662038684,0.19819530844688416,0.004915253259241581,0.22128057479858398,22.70780372619629,0.005360676907002926,0.25812482833862305,0.005563105922192335,0.017303353175520897,24.25168800354004,0.003756914520636201,0.2508925497531891,0.008068942464888096,0.23737597465515137,21.696231842041016,0.006766698323190212,0.26698485016822815,0.004828420002013445,0.016948815435171127,25.281593322753906,0.0029637436382472515,0.13364511728286743,0.0068969433195889,0.0,20.991954803466797,0.007958011701703072,0.243684321641922
33235,310,16,4345,-1,3,25.808622360229492,0.148149311542511,23.605998992919922,0.1862558275461197,25.446434020996094,22.481401443481445,0.17893432080745697,21.197689056396484,23.409770965576172,0.11130551993846893,17.673274993896484,17.62438201904297,22.150787353515625,0.1272328644990921,100.0,0.3313849866390228,0.5620527267456055,4345,4377,0.4331109821796417,0,0,0.002625051187351346,0.002853360492736101,25.86712646484375,0.0025899263564497232,0.16912095248699188,0.004359132144600153,0.1424730271100998,23.330413818359375,0.004644709639251232,0.15912127494812012,0.005647549405694008,0.017087262123823166,24.103191375732422,0.003887593513354659,0.19817739725112915,0.007589816115796566,0.16735996305942535,22.18325424194336,0.006048873998224735,0.1759524941444397,0.004560608882457018,0.017280712723731995,25.84414291381836,0.0026036701165139675,0.11206001788377762,0.006094262003898621,0.0,21.52931022644043,0.007031839340925217,0.14659973978996277
33364,310,16,4474,-1,0,26.210872650146484,0.14455163478851318,24.237977981567383,0.205340176820755,25.476762771606445,22.761573791503906,0.1934300810098648,21.692886352539062,23.52375030517578,0.11781934648752213,17.776504516601562,17.820926666259766,22.610671997070312,0.16937005519866943,100.0,0.3435545563697815,0.5976930856704712,4474,4506,0.4501533806324005,0,0,0.002392834983766079,0.0028335032984614372,26.335697174072266,0.0023250398226082325,0.16734665632247925,0.003768791211768985,0.1788792908191681,24.03489875793457,0.0039492095820605755,0.20307518541812897,0.00529471505433321,0.01668589748442173,24.507238388061523,0.003542225807905197,0.21320262551307678,0.006771912798285484,0.21656817197799683,22.839109420776367,0.005201026797294617,0.2343202531337738,0.004442476201802492,0.016516096889972687,25.87540054321289,0.002584996400400996,0.1168140172958374,0.005481922533363104,0.0,21.989192962646484,0.006325295194983482,0.19436070322990417
33398,310,16,4508,-1,2,24.773670196533203,0.16637562215328217,21.82920265197754,0.21639254689216614,23.457103729248047,21.91309928894043,0.21419672667980194,20.096267700195312,23.131389617919922,0.1178654283285141,17.345233917236328,17.418949127197266,20.537315368652344,0.23765088617801666,100.0,0.40649136900901794,0.5323423147201538,4508,4540,0.4348101019859314,0,0,0.003331448882818222,0.0045111761428415775,25.01696014404297,0.003149952506646514,0.1882103532552719,0.006562657188624144,0.2472105324268341,21.520496368408203,0.007046127691864967,0.285786509513855,0.0064370958134531975,0.018427936360239983,23.379650115966797,0.004592351149767637,0.23013964295387268,0.009780775755643845,0.27786117792129517,20.640960693359375,0.008627880364656448,0.3076429069042206,0.004862516187131405,0.018117781728506088,25.492515563964844,0.002823245245963335,0.11534920334815979,0.008836260996758938,0.0,19.915836334228516,0.010195685550570488,0.27653801441192627
33556,310,16,4666,-1,0,24.505769729614258,0.16685274243354797,21.955469131469727,0.21341176331043243,25.61140251159668,21.76353645324707,0.19790109992027283,20.121936798095703,23.071056365966797,0.1127377524971962,17.843448638916016,17.752071380615234,20.768688201904297,0.2296903282403946,100.0,0.3729963004589081,0.5721551775932312,4666,4698,0.4473213255405426,0,0,0.003543423255905509,0.0027470069471746683,24.358137130737305,0.003665948985144496,0.1854390949010849,0.006374604534357786,0.23471111059188843,21.486709594726562,0.007101159542798996,0.264595627784729,0.006662640254944563,0.016430668532848358,22.873615264892578,0.005159866530448198,0.21316738426685333,0.009723139926791191,0.25796815752983093,20.661739349365234,0.008586693555116653,0.27696505188941956,0.0049305385909974575,0.016780035570263863,25.075836181640625,0.003107538679614663,0.10954268276691437,0.00837782584130764,0.0,20.147207260131836,0.009666722267866135,0.26408475637435913
33721,310,16,4831,-1,1,26.811113357543945,0.16100788116455078,24.164222717285156,0.18646271526813507,24.947734832763672,23.05881690979004,0.21805733442306519,21.73388671875,23.659496307373047,0.11676765978336334,17.527162551879883,17.65576171875,22.845966339111328,0.19815616309642792,100.0,0.36893412470817566,0.5054092407226562,4831,4863,0.43789228796958923,0,0,0.002083957428112626,0.0032005654647946358,27.18473243713379,0.0019121718360111117,0.1886720508337021,0.003833343042060733,0.21982914209365845,23.930156707763672,0.0040456135757267475,0.2576064467430115,0.004944454878568649,0.01767192780971527,25.248546600341797,0.0029863817617297173,0.24747605621814728,0.006708283443003893,0.24030736088752747,22.925697326660156,0.005098357331007719,0.2684698700904846,0.004305766895413399,0.017156312242150307,26.328754425048828,0.002328759990632534,0.12105519324541092,0.005192822311073542,0.0,22.2244873046875,0.005991718266159296,0.2391190528869629
33861,310,16,5003,-1,2,24.471376419067383,0.14554640650749207,21.60788345336914,0.1888730525970459,25.294082641601562,21.959442138671875,0.18708430230617523,20.0788516998291,23.686569213867188,0.10179361701011658,18.055822372436523,18.50335693359375,20.41931915283203,0.14002780616283417,100.0,0.3630405068397522,0.5202533602714539,5003,5035,0.43097439408302307,0,0,0.0035715983249247074,0.00295523414388299,24.357574462890625,0.003666423726826906,0.17587296664714813,0.006905765738338232,0.1451781690120697,21.149246215820312,0.007674945518374443,0.1744137853384018,0.006368773523718119,0.015646526589989662,23.06147575378418,0.004941427148878574,0.21383368968963623,0.009820075705647469,0.1723267287015915,20.393024444580078,0.00913477037101984,0.19306664168834686,0.004279009532183409,0.01411446649581194,25.581695556640625,0.0027658622711896896,0.10307875275611877,0.00907963141798973,0.0,19.797840118408203,0.010476497933268547,0.16855719685554504
34011,323,16,133,-1,1,18.236982345581055,0.2228304147720337,17.505184173583984,0.30834290385246277,24.903697967529297,17.040544509887695,0.26948803663253784,16.408981323242188,21.420604705810547,0.11508316546678543,18.11256980895996,18.08928680419922,16.3654727935791,0.17824329435825348,100.0,0.38481375575065613,0.801278293132782,133,165,0.4627624452114105,0,0,0.015007276087999344,0.003233183640986681,17.742082595825195,0.01681867614388466,0.241535946726799,0.017761580646038055,0.18692243099212646,16.96706199645996,0.02010452374815941,0.20633068680763245,0.019767215475440025,0.015443405136466026,16.89680290222168,0.02043241634964943,0.29010552167892456,0.022861354053020477,0.21984584629535675,16.189638137817383,0.024045636877417564,0.23529016971588135,0.007210069335997105,0.015526422299444675,22.268991470336914,0.00593063049018383,0.11169321835041046,0.02309153974056244,0.0,15.743993759155273,0.026644080877304077,0.1994730532169342
34222,323,16,344,-1,0,21.770854949951172,0.21208161115646362,18.698284149169922,0.22387266159057617,24.31184959411621,20.0919189453125,0.25484874844551086,17.747941970825195,22.382076263427734,0.11802875995635986,17.90937614440918,17.98032569885254,17.885448455810547,0.24271851778030396,34.79906463623047,0.434851735830307,0.5148252844810486,344,376,0.4632561504840851,0,0,0.006651425734162331,0.0037052303086966276,21.48455047607422,0.0071046859957277775,0.24469375610351562,0.013494962826371193,0.2564496695995331,18.182846069335938,0.015195521526038647,0.29443955421447754,0.009790575131773949,0.01618313230574131,20.551666259765625,0.0088071059435606,0.28116899728775024,0.01679600030183792,0.27886059880256653,17.677431106567383,0.017070917412638664,0.3075892925262451,0.005778199527412653,0.01592089608311653,23.749156951904297,0.004217785317450762,0.1197327971458435,0.01627253368496895,0.0003312027838546783,17.275772094726562,0.018725046887993813,0.2845536172389984
34341,323,16,463,-1,3,22.800188064575195,0.1730060875415802,19.744037628173828,0.20685695111751556,25.113203048706055,20.868139266967773,0.22324520349502563,18.612520217895508,22.999422073364258,0.10885372012853622,17.77090835571289,18.18260955810547,18.89695167541504,0.20950064063072205,100.0,0.4170716404914856,0.4959746301174164,463,495,0.44336646795272827,0,0,0.005247848574072123,0.0030809135641902685,22.53270721435547,0.005581223871558905,0.1995772123336792,0.01060708798468113,0.22502142190933228,19.208585739135742,0.011998898349702358,0.26785728335380554,0.00818815641105175,0.016707416623830795,21.62569236755371,0.0068775019608438015,0.24676966667175293,0.013764108531177044,0.2512422204017639,18.686491012573242,0.013531655073165894,0.28416046500205994,0.005012540612369776,0.015196343883872032,24.627098083496094,0.0034458008594810963,0.11129696667194366,0.012891538441181183,0.0,18.27547264099121,0.014874854125082493,0.2454565316438675
34509,323,16,631,-1,3,19.704322814941406,0.21438419818878174,17.32819175720215,0.2677479386329651,24.558696746826172,18.118846893310547,0.25163060426712036,16.32754135131836,21.46038818359375,0.10808335244655609,17.92376136779785,18.30213165283203,16.29408073425293,0.19624608755111694,34.50343322753906,0.3873068690299988,0.6913069486618042,631,663,0.4847082793712616,0,0,0.010704535990953445,0.0035005039535462856,19.27645492553711,0.011812848970293999,0.2422582358121872,0.01850038766860962,0.2053319215774536,16.776456832885742,0.02100653015077114,0.226584792137146,0.015421098098158836,0.01612960919737816,18.1496524810791,0.015312097035348415,0.2733805477619171,0.023294100537896156,0.24404406547546387,16.10098648071289,0.024541517719626427,0.25826171040534973,0.007144328206777573,0.014783823862671852,22.240970611572266,0.0059690214693546295,0.1097395271062851,0.02347426861524582,0.0003545331710483879,15.681354522705078,0.027031147852540016,0.218043252825737
34546,323,16,668,-1,0,17.866647720336914,0.31951451301574707,15.843027114868164,0.35688385367393494,24.364240646362305,16.944414138793945,0.34973275661468506,15.283422470092773,22.427549362182617,0.10088114440441132,17.802845001220703,18.093679428100586,15.314949989318848,0.34457239508628845,100.0,0.48825809359550476,0.7309327721595764,668,700,0.46811118721961975,0,0,0.01634313352406025,0.003660799702629447,17.376850128173828,0.018294261768460274,0.36514461040496826,0.026043377816677094,0.3486897945404053,15.270987510681152,0.02970989979803562,0.3979938328266144,0.02020963840186596,0.01658499985933304,16.82620620727539,0.020767275243997574,0.3938274085521698,0.029624955728650093,0.3756842315196991,14.968484878540039,0.0318530909717083,0.4175592362880707,0.00571801234036684,0.015510724857449532,23.755693435668945,0.0042114416137337685,0.10003050416707993,0.029410677030682564,0.0,14.693470001220703,0.03393539786338806,0.3967088460922241
34678,323,16,832,-1,0,26.072797775268555,0.13517916202545166,23.433307647705078,0.17617113888263702,26.8796443939209,22.523273468017578,0.1829209178686142,21.189682006835938,23.177078247070312,0.11887248605489731,17.954214096069336,18.087350845336914,21.989334106445312,0.1162591427564621,100.0,0.3136858642101288,0.5616164207458496,832,864,0.42602086067199707,0,0,0.002470133127644658,0.0020513308700174093,25.960968017578125,0.0025345643516629934,0.1490919142961502,0.004535959102213383,0.12216270714998245,23.165796279907227,0.004824148025363684,0.1327281892299652,0.005593359004706144,0.016016904264688492,23.990556716918945,0.003989737015217543,0.19461433589458466,0.007603817619383335,0.16614767909049988,21.969802856445312,0.006353598553687334,0.1736392080783844,0.004811631515622139,0.015533346682786942,25.000194549560547,0.003162136534228921,0.12103225290775299,0.006325090304017067,0.0,21.367855072021484,0.007298181299120188,0.1317480355501175
34748,323,16,902,-1,2,25.3055419921875,0.15044954419136047,23.31927490234375,0.2053322046995163,24.72988510131836,22.448829650878906,0.17767709493637085,21.23467254638672,23.345840454101562,0.11339166760444641,17.86981773376465,17.98651885986328,21.929946899414062,0.13074563443660736,100.0,0.3541489541530609,0.5797905325889587,902,934,0.4418331980705261,0,0,0.0029474447946995497,0.003365203971043229,25.401290893554688,0.0028831742238253355,0.17286580801010132,0.004656638018786907,0.15018583834171295,23.107330322265625,0.004889529198408127,0.16841980814933777,0.005690061952918768,0.016331210732460022,23.922273635864258,0.004052962642163038,0.19639649987220764,0.007525457069277763,0.1678514927625656,22.081005096435547,0.0061929780058562756,0.18047675490379333,0.004628242924809456,0.01589820347726345,25.384410858154297,0.0028944031801074743,0.11694779992103577,0.006412174552679062,0.0,21.308467864990234,0.007398662623018026,0.15386322140693665
34752,323,16,906,-1,2,25.546463012695312,0.15234413743019104,22.849702835083008,0.19718584418296814,24.67197608947754,22.50322151184082,0.20112521946430206,20.932518005371094,23.26986312866211,0.12208983302116394,17.93940544128418,18.0858211517334,21.507553100585938,0.125285342335701,100.0,0.38223928213119507,0.5158701539039612,906,938,0.43783190846443176,0,0,0.0027883911971002817,0.0034103761427104473,25.6981201171875,0.0026927010621875525,0.1737898588180542,0.005188358016312122,0.1440936028957367,22.594364166259766,0.005502547603100538,0.16074438393115997,0.0056192451156675816,0.016071617603302002,23.967269897460938,0.004011187702417374,0.22514185309410095,0.008067674934864044,0.17717260122299194,21.634098052978516,0.00686420826241374,0.19076499342918396,0.00470992224290967,0.015538820996880531,25.1656436920166,0.0030439377296715975,0.12321251630783081,0.007067155092954636,0.0,20.886075973510742,0.008154409937560558,0.1485142707824707
34786,323,16,940,-1,0,25.369361877441406,0.16327473521232605,22.58140754699707,0.20094238221645355,25.77637481689453,22.223594665527344,0.21399468183517456,20.596921920776367,23.279552459716797,0.12245821952819824,17.796972274780273,17.95305061340332,21.1174373626709,0.204665869474411,100.0,0.3905057907104492,0.5145695209503174,940,972,0.43608683347702026,0,0,0.0029044493567198515,0.002644615713506937,25.309999465942383,0.002944423584267497,0.18010282516479492,0.005518986377865076,0.22259190678596497,22.178855895996094,0.00605500815436244,0.251784086227417,0.0059929522685706615,0.01660744659602642,23.605182647705078,0.004359952639788389,0.22963029146194458,0.008715814910829067,0.25191497802734375,21.1976261138916,0.007589924149215221,0.2744898796081543,0.004699425771832466,0.016021203249692917,25.290584564208984,0.0029576141387224197,0.12561503052711487,0.007731371559202671,0.0,20.495956420898438,0.008920813910663128,0.23871630430221558
34787,323,16,941,-1,1,25.128677368164062,0.17713990807533264,22.061199188232422,0.22111716866493225,25.711627960205078,22.114913940429688,0.21349798142910004,20.25933265686035,23.22870635986328,0.129234179854393,17.847911834716797,17.886032104492188,20.743671417236328,0.2188168317079544,100.0,0.38654446601867676,0.572035551071167,941,973,0.43704861402511597,0,0,0.0030699577182531357,0.0026843384839594364,25.045549392700195,0.0031292838975787163,0.19842049479484558,0.006221286021173,0.23424527049064636,21.63656234741211,0.0068603139370679855,0.26316988468170166,0.006144814193248749,0.016413791105151176,23.405620574951172,0.004564971197396517,0.2344035804271698,0.009420346468687057,0.2604047358036041,20.754711151123047,0.008404831402003765,0.28337037563323975,0.004754768218845129,0.0162703488022089,25.253265380859375,0.0029831405263394117,0.13116036355495453,0.008426226675510406,0.0,20.1221923828125,0.009722569026052952,0.2481411248445511
35415,323,16,1601,-1,3,24.553089141845703,0.14550618827342987,21.810426712036133,0.20683351159095764,25.32780647277832,21.8339900970459,0.18685242533683777,20.131389617919922,23.00990867614746,0.11201704293489456,18.060659408569336,18.13864517211914,20.527530670166016,0.2284887582063675,100.0,0.3752404749393463,0.5512025356292725,1601,1633,0.4426693618297577,0,0,0.0035050243604928255,0.0029323738999664783,24.44527816772461,0.003593124682083726,0.1615072786808014,0.006591094192117453,0.2387508600950241,21.42888641357422,0.007196338381618261,0.2674805521965027,0.0065554301254451275,0.015629108995199203,22.873943328857422,0.005159479565918446,0.1995854526758194,0.009701996110379696,0.26269760727882385,20.565231323242188,0.008779646828770638,0.28836673498153687,0.005000449251383543,0.015350958332419395,24.674922943115234,0.0034080634359270334,0.1119578555226326,0.008856193162500858,0.0,19.906051635742188,0.010218684561550617,0.2638992965221405
35721,323,16,1939,-1,0,23.07672691345215,0.14593765139579773,22.035194396972656,0.1737527847290039,27.044334411621094,20.332916259765625,0.18544773757457733,19.764785766601562,21.3826847076416,0.12443475425243378,18.231800079345703,18.427108764648438,20.14025115966797,0.09209742397069931,100.0,0.24457259476184845,0.7104343771934509,1939,1971,0.4472142159938812,0,0,0.004924104083329439,0.0019749978091567755,22.69394302368164,0.005377812311053276,0.16463613510131836,0.006258650682866573,0.11509984731674194,21.53976058959961,0.007014942355453968,0.12968090176582336,0.009262081235647202,0.015025189146399498,20.769920349121094,0.008375449106097221,0.19600896537303925,0.010556534864008427,0.14617063105106354,20.033462524414062,0.00992324948310852,0.15085852146148682,0.007273302413523197,0.014364452101290226,22.08846092224121,0.006182356737554073,0.1258826106786728,0.009682218544185162,0.0,19.51877212524414,0.011171790771186352,0.1062542200088501
35940,323,16,2158,-1,3,24.10251235961914,0.15061965584754944,20.22509765625,0.2118920087814331,24.908618927001953,21.40618324279785,0.17951363325119019,18.796194076538086,22.596012115478516,0.10453994572162628,17.560970306396484,17.801721572875977,18.99964141845703,0.1991247981786728,100.0,0.3883140981197357,0.5456717014312744,2158,2190,0.4517636001110077,0,0,0.0038882028311491013,0.003229522379115224,23.990774154663086,0.003989538177847862,0.1778797209262848,0.009494896046817303,0.21370892226696014,19.69902229309082,0.010717608965933323,0.2552345097064972,0.007234054617583752,0.017534885555505753,22.480045318603516,0.005649311933666468,0.19963277876377106,0.013194127008318901,0.23350569605827332,18.966106414794922,0.012687891721725464,0.26116031408309937,0.005500459112226963,0.016589287668466568,24.208471298217773,0.003794485703110695,0.10791804641485214,0.012590299360454082,0.0,18.378162384033203,0.014527268707752228,0.23573534190654755
36071,323,16,2289,-1,2,25.083961486816406,0.1601741760969162,19.71686363220215,0.1954592913389206,25.023712158203125,22.032453536987305,0.2054300159215927,18.52272605895996,22.93661117553711,0.11926114559173584,17.486133575439453,17.406784057617188,18.854816436767578,0.20829160511493683,100.0,0.36410021781921387,0.5368282794952393,2289,2321,0.43311718106269836,0,0,0.003101729555055499,0.0031450586393475533,25.093305587768555,0.003095063613727689,0.18040379881858826,0.010673665441572666,0.22478869557380676,19.33742332458496,0.011648168787360191,0.24101659655570984,0.006262600421905518,0.017839662730693817,23.485754013061523,0.004481513053178787,0.2293662428855896,0.014051651582121849,0.24523967504501343,18.710615158081055,0.013456704095005989,0.2562176585197449,0.005085563752800226,0.018168609589338303,25.12467384338379,0.003072787309065461,0.11699683964252472,0.013017228804528713,0.0,18.23333740234375,0.015019876882433891,0.22411154210567474
36218,323,16,2436,-1,1,25.967472076416016,0.1510671079158783,23.096675872802734,0.20193122327327728,25.17337417602539,22.514360427856445,0.19601275026798248,20.95147705078125,23.347063064575195,0.12191691994667053,17.43166732788086,17.529775619506836,21.851150512695312,0.15976999700069427,100.0,0.36979469656944275,0.5460630655288696,2436,2468,0.4438098073005676,0,0,0.0025307713076472282,0.003038523718714714,26.103633880615234,0.0024526556953787804,0.16324201226234436,0.004901539068669081,0.1801106184720993,22.864456176757812,0.005170763004571199,0.1972174197435379,0.005604851059615612,0.01806480623781681,24.332164764404297,0.003687935648486018,0.2023392915725708,0.008032531477510929,0.2034803181886673,21.86375617980957,0.006510648410767317,0.21166612207889557,0.0046269395388662815,0.01766129769384861,25.814247131347656,0.0026216537225991488,0.11419788748025894,0.006529577076435089,0.0,21.229671478271484,0.0075341276824474335,0.18204814195632935
36284,323,16,2502,-1,3,25.035249710083008,0.12931159138679504,21.552370071411133,0.1697932332754135,25.966445922851562,22.217002868652344,0.16973426938056946,20.11578369140625,23.81231117248535,0.09351985156536102,17.682552337646484,17.747220993041992,20.690624237060547,0.1758662313222885,100.0,0.37509670853614807,0.45266520977020264,2502,2534,0.4446094036102295,0,0,0.003136714454740286,0.0025313692167401314,24.908184051513672,0.003229844616726041,0.14538882672786713,0.006994602270424366,0.18377847969532013,21.21892738342285,0.007552789524197578,0.20300394296646118,0.0060020554810762405,0.01705079898238182,23.66304588317871,0.004302248824387789,0.17501813173294067,0.0097369235008955,0.20315514504909515,20.655736923217773,0.008598573505878448,0.21428550779819489,0.004156895447522402,0.01679878681898117,26.55217170715332,0.002211988903582096,0.086255744099617,0.008529775775969028,0.0,20.06914520263672,0.009842049330472946,0.2014426290988922
36317,323,16,2535,-1,0,25.454626083374023,0.1381566822528839,21.384191513061523,0.18839499354362488,25.382909774780273,22.38884925842285,0.17336620390415192,19.867538452148438,23.670454025268555,0.10622736811637878,17.675689697265625,17.743547439575195,20.544260025024414,0.22766947746276855,100.0,0.39376482367515564,0.47844547033309937,2535,2567,0.46083325147628784,0,0,0.002847983269020915,0.002895404351875186,25.46576499938965,0.0028406877536326647,0.15375250577926636,0.007270776201039553,0.23804879188537598,20.941696166992188,0.008050643838942051,0.26835915446281433,0.005769194569438696,0.017077768221497536,23.947582244873047,0.004029414150863886,0.18220575153827667,0.010309700854122639,0.2677841782569885,20.31710433959961,0.009295862168073654,0.29116639494895935,0.004294914659112692,0.016812998801469803,26.254249572753906,0.0023690557572990656,0.10501229017972946,0.008822139352560043,0.0,19.92278289794922,0.010179391130805016,0.26244547963142395
36548,323,16,2766,-1,3,25.525720596313477,0.32264772057533264,23.428335189819336,0.23104719817638397,23.334156036376953,22.91524887084961,0.37911301851272583,21.49663734436035,24.318134307861328,0.10583081841468811,17.452051162719727,17.366912841796875,22.716686248779297,0.29729560017585754,100.0,0.34024637937545776,0.6790584921836853,2766,2798,0.46969592571258545,0,0,0.0028017410077154636,0.004640711471438408,25.98802375793457,0.0025188226718455553,0.38179299235343933,0.004541157279163599,0.2992188632488251,23.232158660888672,0.004750988446176052,0.3487216830253601,0.005110636819154024,0.017980214208364487,25.043581008911133,0.0031307025346904993,0.43894943594932556,0.007084944285452366,0.31727054715156555,22.592174530029297,0.005505318287760019,0.36090368032455444,0.0036998712457716465,0.018336178734898567,28.391918182373047,0.001448131981305778,0.10844148695468903,0.005349725019186735,0.0,22.095205307006836,0.006172759924083948,0.34812402725219727
36640,323,16,2858,-1,3,25.888874053955078,0.16351792216300964,22.11770248413086,0.19627684354782104,24.942235946655273,22.722013473510742,0.20162610709667206,20.466064453125,24.168010711669922,0.10185938328504562,17.455215454101562,17.536197662353516,21.415245056152344,0.2040620744228363,100.0,0.3874053955078125,0.506644606590271,2858,2890,0.4310360252857208,0,0,0.0025769895873963833,0.0032046197447925806,26.05472755432129,0.002480430994182825,0.1911175549030304,0.006140869110822678,0.20815590023994446,21.772850036621094,0.006648367270827293,0.24544167518615723,0.00534316711127758,0.01796712540090084,24.683910369873047,0.00340102007612586,0.2284669280052185,0.008982423692941666,0.2367648035287857,21.23355484008789,0.007527395151555538,0.26503923535346985,0.003830001689493656,0.017635196447372437,27.67989158630371,0.001706125563941896,0.10470572113990784,0.0072189755737781525,0.0,20.793766021728516,0.008329587057232857,0.2435670793056488
36698,323,16,2916,-1,1,25.094615936279297,0.14858883619308472,23.358543395996094,0.21315084397792816,23.772714614868164,22.142248153686523,0.1786007583141327,21.15021514892578,23.114187240600586,0.11068079620599747,17.507770538330078,17.550840377807617,21.895904541015625,0.12094032764434814,100.0,0.3514014780521393,0.6065735816955566,2916,2948,0.4316888451576233,0,0,0.003094128565862775,0.0041949693113565445,25.339086532592773,0.0029247687198221684,0.1751479208469391,0.004614723846316338,0.13765177130699158,23.10207176208496,0.004895453341305256,0.1581951379776001,0.006106256972998381,0.01775100640952587,23.65043830871582,0.004314756952226162,0.1974995732307434,0.007673234678804874,0.16275203227996826,22.043617248535156,0.006246522534638643,0.17486442625522614,0.0048818145878612995,0.017575835809111595,25.33297348022461,0.0029288888908922672,0.11359663307666779,0.00646263686940074,0.0,21.274423599243164,0.007456888444721699,0.1433398425579071
36852,323,16,3070,-1,3,25.03589630126953,0.15402425825595856,22.102815628051758,0.21782799065113068,25.665027618408203,21.90512466430664,0.20531438291072845,20.202444076538086,22.884836196899414,0.11650809645652771,17.63452911376953,17.6519832611084,20.860918045043945,0.16537171602249146,100.0,0.358999639749527,0.6067638397216797,3070,3102,0.4225586950778961,0,0,0.0031362478621304035,0.002713296562433243,24.946712493896484,0.0032013175077736378,0.1725391447544098,0.006161954719573259,0.1877640336751938,21.750778198242188,0.006682243198156357,0.2080078423023224,0.006448929198086262,0.017240386456251144,23.197818756103516,0.00478870514780283,0.222403883934021,0.009544553235173225,0.21294310688972473,20.7735538482666,0.008368443697690964,0.2235042005777359,0.00514655327424407,0.017171241343021393,24.8193359375,0.003296601353213191,0.11791093647480011,0.008201783522963524,0.0,20.239437103271484,0.009463596157729626,0.1838127225637436
37426,323,16,3644,-1,1,24.82516860961914,0.14160022139549255,23.057674407958984,0.2245893031358719,25.578975677490234,21.861793518066406,0.1668713092803955,20.852344512939453,23.259090423583984,0.10113899409770966,17.54524803161621,17.65179443359375,21.650318145751953,0.13976432383060455,100.0,0.34772351384162903,0.6458846926689148,3644,3676,0.43122923374176025,0,0,0.0032921775709837675,0.002767594764009118,24.719989776611328,0.0033728827256709337,0.16565123200416565,0.004945756401866674,0.1458980292081833,22.689359664916992,0.005383491516113281,0.16923236846923828,0.006513592787086964,0.017598478123545647,23.180152893066406,0.0048082247376441956,0.18240173161029816,0.008217993192374706,0.1695185750722885,21.603832244873047,0.0069122095592319965,0.18689796328544617,0.004721618257462978,0.017171984538435936,25.518848419189453,0.002806176897138357,0.10339629650115967,0.006838616449385881,0.0,21.028841018676758,0.007890711538493633,0.16515770554542542
37476,323,16,3694,-1,3,25.321714401245117,0.14757998287677765,22.25254249572754,0.20309405028820038,22.906494140625,22.030410766601562,0.17745469510555267,20.415250778198242,23.027238845825195,0.11299161612987518,16.90857696533203,17.46100616455078,20.79013442993164,0.18761935830116272,23.402250289916992,0.3834666311740875,0.5296263694763184,3694,3726,0.4264316260814667,0,0,0.0029364898800849915,0.005120952147990465,25.849567413330078,0.0026004191022366285,0.1684848815202713,0.005953137297183275,0.19701795279979706,22.19518280029297,0.006032282952219248,0.22107380628585815,0.006265546660870314,0.02037709578871727,23.877948760986328,0.0040945387445390224,0.19505244493484497,0.009088137187063694,0.21747887134552002,21.247966766357422,0.007502454798668623,0.23405659198760986,0.004980537109076977,0.017943179234862328,25.248687744140625,0.0029862849041819572,0.11622661352157593,0.00833655521273613,0.004568515345454216,20.498178482055664,0.008916253224015236,0.21652421355247498
37688,323,16,3938,-1,2,25.77190589904785,0.16862750053405762,23.683101654052734,0.21290139853954315,26.02178955078125,22.15519142150879,0.21415309607982635,21.120203018188477,22.897472381591797,0.13879309594631195,17.378189086914062,17.444692611694336,21.840389251708984,0.1970369815826416,100.0,0.3461197018623352,0.6151091456413269,3938,3970,0.4306045472621918,0,0,0.0026473384350538254,0.0024993140250444412,25.73470687866211,0.002670111833140254,0.1880408078432083,0.004282426089048386,0.2125052511692047,23.31439971923828,0.004661867395043373,0.2402612566947937,0.006088086403906345,0.01828862726688385,23.756065368652344,0.00421107979491353,0.22979798913002014,0.007726448122411966,0.2403770536184311,22.076311111450195,0.006199676543474197,0.26309728622436523,0.005131599958986044,0.018010709434747696,25.01662254333496,0.0031501981429755688,0.14273616671562195,0.006545773707330227,0.0,21.218910217285156,0.007552816066890955,0.2286844700574875
37813,323,16,4063,-1,3,26.24614906311035,0.14022956788539886,23.877466201782227,0.15132343769073486,26.817590713500977,22.46479034423828,0.18207493424415588,21.34616470336914,23.150556564331055,0.11500035971403122,17.398059844970703,17.495033264160156,22.25471305847168,0.11111374199390411,100.0,0.32846951484680176,0.46069249510765076,4063,4095,0.43184468150138855,0,0,0.0023734772112220526,0.0020808514673262835,26.164546966552734,0.002418496645987034,0.15773363411426544,0.004094995558261871,0.12424158304929733,23.586397171020508,0.004378851503133774,0.1396942138671875,0.005669189617037773,0.01820514351129532,24.270610809326172,0.0037405816838145256,0.1929846704006195,0.007334719877690077,0.15224942564964294,22.410137176513672,0.0057409824803471565,0.1576838195323944,0.0048411027528345585,0.017803145572543144,25.456214904785156,0.0028469422832131386,0.11623843759298325,0.005950161721557379,0.0,21.63323402404785,0.00686557125300169,0.12589620053768158
38078,323,16,4328,-1,0,24.876205444335938,0.16414329409599304,21.389850616455078,0.23258386552333832,25.431720733642578,21.767269134521484,0.20415571331977844,19.73931121826172,23.160093307495117,0.10232456773519516,17.453886032104492,17.654850006103516,20.268184661865234,0.17900902032852173,100.0,0.4026576578617096,0.5776218771934509,4328,4360,0.4259530305862427,0,0,0.003253714879974723,0.00286304228939116,24.796714782714844,0.0033138184808194637,0.1867321878671646,0.007261308375746012,0.18302558362483978,20.966920852661133,0.008004019036889076,0.213907390832901,0.006656917277723551,0.01797262579202652,23.08384895324707,0.004916038829833269,0.22606106102466583,0.01061863824725151,0.2070578932762146,20.20961570739746,0.009528807364404202,0.23375113308429718,0.0048304833471775055,0.01715990900993347,25.325918197631836,0.0029336491134017706,0.10353256016969681,0.009401161223649979,0.0,19.646705627441406,0.010847493074834347,0.21520695090293884
38163,323,16,4413,-1,1,26.73638153076172,0.1213742196559906,24.00834083557129,0.18114395439624786,26.082162857055664,22.845802307128906,0.1603817194700241,21.499374389648438,23.433605194091797,0.10855033248662949,17.453550338745117,17.387731552124023,22.573123931884766,0.1513180434703827,100.0,0.36697033047676086,0.4936201572418213,4413,4445,0.42468807101249695,0,0,0.0021201272029429674,0.00246481248177588,26.84638786315918,0.0020670986268669367,0.1354321390390396,0.003973433282226324,0.16190750896930695,23.77239227294922,0.004195279907435179,0.18409952521324158,0.005193017423152924,0.017974015325307846,24.912403106689453,0.003226709784939885,0.16976581513881683,0.007080479059368372,0.1780725121498108,22.64712142944336,0.005436107516288757,0.1904892772436142,0.004535650834441185,0.018248485401272774,26.151123046875,0.0024259837809950113,0.10746891796588898,0.0055295261554419994,0.0,21.951641082763672,0.006380222737789154,0.17535385489463806
38358,323,16,4608,-1,0,23.58499526977539,0.18094676733016968,20.387632369995117,0.23045001924037933,23.962299346923828,21.303308486938477,0.21113526821136475,19.106761932373047,23.017770767211914,0.10229404270648956,17.580190658569336,17.69390106201172,19.542524337768555,0.1778324842453003,100.0,0.3702491223812103,0.6224188208580017,4608,4640,0.46107175946235657,0,0,0.004380266647785902,0.004015780985355377,23.52975082397461,0.0044363415800035,0.21279746294021606,0.009146120399236679,0.18957896530628204,19.925979614257812,0.010171899572014809,0.22597797214984894,0.007407460827380419,0.01745745912194252,22.320053100585938,0.005861307494342327,0.2471061795949936,0.012283544056117535,0.21655629575252533,19.33730697631836,0.011648484505712986,0.2482752501964569,0.004991408437490463,0.017006302252411842,25.026607513427734,0.0031429631635546684,0.10535024106502533,0.01111085806041956,0.0,18.92104721069336,0.012820219621062279,0.21520891785621643
38370,323,16,4620,-1,0,23.490182876586914,0.1596112996339798,21.843597412109375,0.22208984196186066,25.212936401367188,20.5813045501709,0.20835135877132416,19.639747619628906,21.668968200683594,0.11672481149435043,17.58393669128418,17.844249725341797,19.763124465942383,0.13779431581497192,100.0,0.34997230768203735,0.634592592716217,4620,4652,0.4509272277355194,0,0,0.004476944915950298,0.003010969841852784,23.276731491088867,0.00470247957855463,0.17596369981765747,0.006540942937135696,0.13644011318683624,21.38235092163086,0.007273862138390541,0.1523347944021225,0.008747212588787079,0.017442405223846436,21.30211639404297,0.0074094911105930805,0.22670578956604004,0.01086488738656044,0.16793771088123322,19.97446632385254,0.010058966465294361,0.17956626415252686,0.006809311453253031,0.016427630558609962,22.733078002929688,0.005329570733010769,0.12080589681863785,0.01056057121604681,0.0,19.141647338867188,0.012185274623334408,0.15559333562850952
38518,323,16,4800,-1,1,23.6191463470459,0.12888368964195251,19.244152069091797,0.2050807923078537,26.374267578125,21.00731658935547,0.1605350524187088,18.005239486694336,22.738033294677734,0.10294643044471741,17.82032585144043,18.102413177490234,18.230283737182617,0.25541895627975464,100.0,0.41775116324424744,0.4909161627292633,4800,4832,0.43549081683158875,0,0,0.004345956724137068,0.0023044811096042395,23.31611442565918,0.004660029895603657,0.1415233165025711,0.011901041492819786,0.25730031728744507,18.712322235107422,0.013451410457491875,0.2905268669128418,0.007929909974336624,0.016518378630280495,21.798900604248047,0.006608606781810522,0.17007943987846375,0.015829818323254585,0.2846416234970093,17.988313674926758,0.01589163765311241,0.3110911250114441,0.005323493853211403,0.01547956932336092,24.2469425201416,0.0037610207218676805,0.10016557574272156,0.015030434355139732,0.0,17.608806610107422,0.017342809587717056,0.29346543550491333
38564,323,16,4846,-1,3,21.74897003173828,0.17872270941734314,19.140377044677734,0.23959599435329437,24.80196189880371,19.699161529541016,0.21867015957832336,17.821430206298828,21.927547454833984,0.11468550562858582,17.98048210144043,18.042922973632812,17.99064826965332,0.2189965844154358,100.0,0.40389642119407654,0.5932114720344543,4846,4878,0.4330167770385742,0,0,0.00668502738699317,0.00330981588922441,21.424087524414062,0.007204290013760328,0.2051411122083664,0.012188836932182312,0.21356487274169922,18.615774154663086,0.013753795064985752,0.24155722558498383,0.010717260651290417,0.015920329838991165,20.03628921508789,0.009916787967085838,0.2370034158229828,0.01651417650282383,0.25373220443725586,17.785964965820312,0.01664959453046322,0.27297836542129517,0.006415719632059336,0.015693066641688347,23.02035903930664,0.004988435190171003,0.11304231733083725,0.01588309183716774,0.0,17.369171142578125,0.018326645717024803,0.25137901306152344
38728,323,16,5010,-1,3,25.408042907714844,0.14889104664325714,22.16520118713379,0.20811524987220764,25.41377067565918,22.340803146362305,0.18123114109039307,20.369070053100586,23.294052124023438,0.11402847617864609,17.872493743896484,18.023996353149414,20.756921768188477,0.20881012082099915,100.0,0.37066784501075745,0.5614601969718933,5010,5042,0.39984840154647827,0,0,0.002878695959225297,0.0028749005869030952,25.407161712646484,0.002879279898479581,0.16664046049118042,0.006074073724448681,0.21692591905593872,21.776264190673828,0.006643146276473999,0.24625250697135925,0.005833373870700598,0.016321146860718727,23.74700927734375,0.0042198700830340385,0.19310002028942108,0.009185290895402431,0.2487134337425232,20.874977111816406,0.008175275288522243,0.2689802944660187,0.004683762788772583,0.01576160080730915,25.258596420288086,0.0029794792644679546,0.11183925718069077,0.008400552906095982,0.0,20.13544273376465,0.009692945517599583,0.23822619020938873
