index,episode,map,start,action,tics_since_decision,psnr_dec,lpips_dec,copy_psnr_dec,latent_mse,hud_psnr_dec,psnr_raw,lpips_raw,copy_psnr_raw,vae_psnr,vae_lpips,hud_psnr_raw,hud_vae_psnr,persist_psnr_raw,persist_lpips_raw,persist_hud_psnr_raw,copy_latent_mse,latent_mse_ratio,start_tic,scored_tic,context_motion,dup_latent,dup_raw,mse_dec,hud_mse_dec,scene_psnr_dec,scene_mse_dec,scene_lpips_dec,copy_mse_dec,copy_lpips_dec,scene_copy_psnr_dec,scene_copy_mse_dec,scene_copy_lpips_dec,mse_raw,hud_mse_raw,scene_psnr_raw,scene_mse_raw,scene_lpips_raw,copy_mse_raw,copy_lpips_raw,scene_copy_psnr_raw,scene_copy_mse_raw,scene_copy_lpips_raw,vae_mse,hud_vae_mse,scene_vae_psnr,scene_vae_mse,scene_vae_lpips,persist_mse_raw,persist_hud_mse_raw,scene_persist_psnr_raw,scene_persist_mse_raw,scene_persist_lpips_raw,psnr_dec_tuned,mse_dec_tuned,lpips_dec_tuned,hud_psnr_dec_tuned,hud_mse_dec_tuned,scene_psnr_dec_tuned,scene_mse_dec_tuned,scene_lpips_dec_tuned,copy_psnr_dec_tuned,copy_mse_dec_tuned,copy_lpips_dec_tuned,scene_copy_psnr_dec_tuned,scene_copy_mse_dec_tuned,scene_copy_lpips_dec_tuned,psnr_raw_tuned,mse_raw_tuned,lpips_raw_tuned,hud_psnr_raw_tuned,hud_mse_raw_tuned,scene_psnr_raw_tuned,scene_mse_raw_tuned,scene_lpips_raw_tuned,copy_psnr_raw_tuned,copy_mse_raw_tuned,copy_lpips_raw_tuned,scene_copy_psnr_raw_tuned,scene_copy_mse_raw_tuned,scene_copy_lpips_raw_tuned,vae_psnr_tuned,vae_mse_tuned,vae_lpips_tuned,hud_vae_psnr_tuned,hud_vae_mse_tuned,scene_vae_psnr_tuned,scene_vae_mse_tuned,scene_vae_lpips_tuned
50,38,17,50,-1,2,23.264272689819336,0.2135736644268036,19.914276123046875,0.18024341762065887,25.27252197265625,21.005130767822266,0.273952454328537,18.669715881347656,22.77492904663086,0.11367107927799225,18.00211524963379,18.10017967224121,18.9649658203125,0.22658255696296692,100.0,0.37370601296424866,0.4823133945465088,50,82,0.43896326422691345,0,0,0.004715989343822002,0.0029699415899813175,23.023685455322266,0.004984612111002207,0.24666503071784973,0.010199349373579025,0.23966026306152344,19.404651641845703,0.011469250544905663,0.2733510136604309,0.00793390441685915,0.01584121771156788,21.72799301147461,0.006717394571751356,0.31116485595703125,0.013584025204181671,0.26718869805336,18.78380012512207,0.013231836259365082,0.294944703578949,0.005278459284454584,0.015487530268728733,24.30879783630371,0.003707832656800747,0.1198473796248436,0.012691224925220013,0.0,18.34348487854004,0.014643721282482147,0.26459482312202454,25.17477798461914,0.003037542337551713,0.19736380875110626,34.9491081237793,0.0003199550847057253,24.61472511291504,0.0034556325990706682,0.233158141374588,20.718738555908203,0.008474738337099552,0.2112330049276352,20.109310150146484,0.009751444682478905,0.24548228085041046,22.878211975097656,0.005154405254870653,0.23953628540039062,31.56246566772461,0.0006978363380767405,22.33584976196289,0.0058400314301252365,0.2839045822620392,19.630733489990234,0.010887464508414268,0.23233219981193542,19.042377471923828,0.01246701180934906,0.27097368240356445,25.900405883789062,0.0025701550766825676,0.0864027887582779,31.970407485961914,0.0006352714262902737,25.424468994140625,0.0028678295202553272,0.10183421522378922
721,38,17,753,-1,0,23.511133193969727,0.1490822732448578,20.793264389038086,0.18814775347709656,26.360965728759766,21.283493041992188,0.20659291744232178,19.467891693115234,22.59156036376953,0.12463203817605972,18.205942153930664,18.05183219909668,20.108869552612305,0.19458404183387756,100.0,0.4128998816013336,0.45567402243614197,753,785,0.4193645417690277,0,0,0.004455401562154293,0.0023115521762520075,23.200977325439453,0.004785225261002779,0.1774466335773468,0.00833055004477501,0.20601589977741241,20.296630859375,0.009339787997305393,0.24295473098754883,0.007441332563757896,0.015114923007786274,22.033714294433594,0.006260780151933432,0.2335452139377594,0.011303444392979145,0.2394067645072937,19.73556137084961,0.010627815499901772,0.265844464302063,0.00550609827041626,0.015660902485251427,24.040830612182617,0.003943820483982563,0.13009336590766907,0.009752439334988594,0.0,19.487388610839844,0.011252815835177898,0.23098894953727722,25.725154876708984,0.0026759901084005833,0.11676230281591415,35.45794677734375,0.0002845808630809188,25.165695190429688,0.0030438993126153946,0.1442011296749115,22.00851821899414,0.0062972079031169415,0.17603656649589539,21.399280548095703,0.007245559245347977,0.21106544137001038,23.17865562438965,0.004809882026165724,0.16863517463207245,29.25702667236328,0.0011865810956805944,22.702430725097656,0.0053673130460083485,0.20340496301651,20.80194664001465,0.008313913829624653,0.20709455013275146,20.247861862182617,0.009445259347558022,0.24523070454597473,25.475265502929688,0.002834480255842209,0.09231400489807129,30.365373611450195,0.0009193115402013063,25.0457763671875,0.0031291216146200895,0.10968031734228134
795,38,17,827,-1,2,23.857166290283203,0.15178893506526947,21.21692657470703,0.19771720468997955,26.311208724975586,21.422483444213867,0.19863265752792358,19.741004943847656,23.261104583740234,0.09627498686313629,17.992244720458984,18.058876037597656,20.146684646606445,0.2059670090675354,100.0,0.39473840594291687,0.5008816123008728,827,859,0.4323873519897461,0,0,0.00411418080329895,0.002338186837732792,23.577919006347656,0.004387410823255777,0.17988331615924835,0.007556268014013767,0.20298370718955994,20.730669021606445,0.008451487869024277,0.23849797248840332,0.007206951268017292,0.015877261757850647,22.311355590820312,0.005873057991266251,0.22658215463161469,0.01061449758708477,0.23355242609977722,20.06060028076172,0.009861432947218418,0.2653842568397522,0.004719432443380356,0.015635525807738304,25.171215057373047,0.003040033858269453,0.10203403234481812,0.009667888283729553,0.0,19.525205612182617,0.011155256070196629,0.24474219977855682,25.369054794311523,0.0029046551790088415,0.12177889794111252,34.969032287597656,0.0003184906963724643,24.81153678894043,0.0033025266602635384,0.15199923515319824,22.018634796142578,0.00628255819901824,0.18681439757347107,21.4111328125,0.007225811015814543,0.22451843321323395,23.266223907470703,0.004713869653642178,0.16553853452205658,29.689741134643555,0.0010740533471107483,22.778728485107422,0.005273841321468353,0.2056114822626114,20.916549682617188,0.008097388781607151,0.2117028534412384,20.359907150268555,0.00920469593256712,0.25491127371788025,26.67894172668457,0.0021483548916876316,0.07300755381584167,30.33456039428711,0.0009258569334633648,26.314468383789062,0.002336431760340929,0.09014783799648285
863,38,17,895,-1,2,21.597274780273438,0.17380505800247192,18.294509887695312,0.1856304556131363,27.576988220214844,19.406320571899414,0.23684905469417572,17.064090728759766,21.187732696533203,0.12788039445877075,18.33953857421875,18.458232879638672,17.09714698791504,0.16673801839351654,100.0,0.38500720262527466,0.48214802145957947,895,927,0.4242001473903656,0,0,0.0069226487539708614,0.0017470342572778463,21.124448776245117,0.007718896958976984,0.1982138305902481,0.01480979286134243,0.1898038387298584,17.733503341674805,0.016851933673024178,0.21972006559371948,0.011464845389127731,0.014657037332654,19.596454620361328,0.010973737575113773,0.25871551036834717,0.01966034062206745,0.21395497024059296,16.889249801635742,0.020467981696128845,0.23660844564437866,0.007607234641909599,0.014261883683502674,21.815471649169922,0.0065834419801831245,0.13001997768878937,0.019511256366968155,0.0,16.475669860839844,0.02251298725605011,0.19742324948310852,23.118267059326172,0.004877232015132904,0.14594782888889313,36.46753692626953,0.00022555184841621667,22.523649215698242,0.005592875648289919,0.16976051032543182,19.061466217041016,0.012412331067025661,0.17098937928676605,18.44562339782715,0.014303348027169704,0.2024940848350525,20.836593627929688,0.008247850462794304,0.1905728578567505,29.996700286865234,0.001000760355964303,20.28594970703125,0.009362787008285522,0.22128604352474213,17.86944007873535,0.016332626342773438,0.18951278924942017,17.28022575378418,0.01870585046708584,0.22455579042434692,23.418075561523438,0.004551898222416639,0.08049991726875305,30.275907516479492,0.0009384461445733905,22.91765022277832,0.005107813980430365,0.09376873821020126
1108,38,17,1140,-1,3,17.328523635864258,0.3465668559074402,15.665913581848145,0.35458388924598694,24.06064224243164,16.643089294433594,0.36878275871276855,15.16262149810791,22.516841888427734,0.09323415905237198,17.686372756958008,17.618276596069336,15.067935943603516,0.3769291043281555,100.0,0.5593216419219971,0.6339534521102905,1140,1172,0.4805033504962921,0,0,0.018498975783586502,0.003925867844372988,16.83170509338379,0.020740993320941925,0.3974590301513672,0.027127431705594063,0.3869166374206543,15.124942779541016,0.030725974589586258,0.442402720451355,0.02166162244975567,0.01703580468893051,16.502702713012695,0.022373288869857788,0.41597050428390503,0.030460558831691742,0.4010203182697296,14.872074127197266,0.03256811201572418,0.45026302337646484,0.005601649638265371,0.0173050370067358,24.200876235961914,0.003801127662882209,0.09038721024990082,0.03113195113837719,0.0,14.446457862854004,0.035921480506658554,0.4366161823272705,17.586830139160156,0.01743079163134098,0.3246529698371887,33.139671325683594,0.00048532523214817047,16.981502532958984,0.020037785172462463,0.3799225986003876,15.815460205078125,0.026209216564893723,0.3666958808898926,15.201729774475098,0.030187495052814484,0.424906849861145,17.0549373626709,0.019701816141605377,0.34205782413482666,27.95305061340332,0.001602119766175747,16.480804443359375,0.022486384958028793,0.39774447679519653,15.412775039672852,0.02875560335814953,0.38404783606529236,14.8222017288208,0.032944273203611374,0.4449211657047272,25.54254913330078,0.0027909050695598125,0.06476347893476486,28.48023223876953,0.0014189818175509572,25.225936889648438,0.003001970238983631,0.07383055984973907
1203,38,17,1267,-1,3,21.69272232055664,0.2236490547657013,18.526887893676758,0.2568466365337372,25.113725662231445,19.707000732421875,0.26968035101890564,17.41064453125,22.108074188232422,0.10923714190721512,17.91729164123535,18.144376754760742,17.70322036743164,0.23414069414138794,100.0,0.41152963042259216,0.6241267323493958,1267,1299,0.44894328713417053,0,0,0.00677217124029994,0.0030805435962975025,21.342973709106445,0.007340114563703537,0.25775399804115295,0.014038195833563805,0.25345882773399353,17.989892959594727,0.015885861590504646,0.2912542521953583,0.010697934776544571,0.01615365408360958,20.061851501464844,0.00985859427601099,0.2997991740703583,0.018152469769120216,0.2711159586906433,17.321945190429688,0.018527023494243622,0.302936315536499,0.006154499016702175,0.015330715104937553,23.23967742919922,0.004742773715406656,0.10988138616085052,0.016969852149486542,0.0,17.081741333007812,0.019580598920583725,0.2756141722202301,22.837642669677734,0.00520278187468648,0.19525045156478882,34.0506706237793,0.0003934895503334701,22.260181427001953,0.005942672956734896,0.23023724555969238,19.061925888061523,0.012411020696163177,0.23432959616184235,18.446517944335938,0.014300402253866196,0.2752687633037567,21.174549102783203,0.007630359381437302,0.23140209913253784,30.349945068359375,0.0009225828689523041,20.623655319213867,0.008662324398756027,0.27097025513648987,18.231332778930664,0.015026809647679329,0.24233290553092957,17.63425064086914,0.017241492867469788,0.28466153144836426,25.12005043029785,0.0030760609079152346,0.07257618755102158,31.858184814453125,0.0006519010639749467,24.623058319091797,0.0034490088000893593,0.08616112172603607
1238,38,17,1302,-1,2,21.757478713989258,0.18116344511508942,19.96554946899414,0.22682932019233704,26.563322067260742,19.821670532226562,0.22857403755187988,18.57925796508789,22.45986557006836,0.10094469040632248,17.982633590698242,18.044265747070312,19.303483963012695,0.13859853148460388,100.0,0.3180621564388275,0.7131603360176086,1302,1334,0.4122765064239502,0,0,0.00667194277048111,0.002206316916272044,21.33183479309082,0.007358962204307318,0.20681534707546234,0.0100796427577734,0.14931994676589966,19.439834594726562,0.011376708745956421,0.16968700289726257,0.010419167578220367,0.015912439674139023,20.189041137695312,0.009574049152433872,0.25115475058555603,0.013869928196072578,0.1845092624425888,18.664152145385742,0.013601435348391533,0.19430029392242432,0.0056756241247057915,0.015688208863139153,23.83500862121582,0.004135226830840111,0.10016930103302002,0.011739554814994335,0.0,18.682004928588867,0.01354563981294632,0.16034363210201263,22.687850952148438,0.005385363008826971,0.15790331363677979,35.36569595336914,0.00029069025185890496,22.097742080688477,0.006169158034026623,0.18590186536312103,20.54912757873535,0.00881225522607565,0.12985128164291382,19.935014724731445,0.01015076320618391,0.15149787068367004,21.26544189453125,0.007472327910363674,0.19266590476036072,29.991127014160156,0.001002045813947916,20.72231674194336,0.00846775621175766,0.22463926672935486,19.586673736572266,0.010998484678566456,0.15273147821426392,19.009021759033203,0.012563133612275124,0.1757177710533142,25.611772537231445,0.002746773883700371,0.06624042242765427,30.79412841796875,0.0008328891126438975,25.169525146484375,0.0030412175692617893,0.07741129398345947
1700,38,17,1764,-1,0,23.985252380371094,0.15963636338710785,20.22585105895996,0.1796422004699707,26.60690689086914,21.47789764404297,0.20533865690231323,19.02422523498535,22.548900604248047,0.103956438601017,17.932170867919922,17.927515029907227,19.37871742248535,0.22585037350654602,100.0,0.4311078190803528,0.41669902205467224,1764,1796,0.4444936513900757,0,0,0.0039946152828633785,0.0021842848509550095,23.692541122436523,0.004273127764463425,0.18715453147888184,0.009493248537182808,0.23321284353733063,19.719528198242188,0.010667120106518269,0.26895931363105774,0.007115582469850779,0.01609840616583824,22.41571807861328,0.0057336101308465,0.23011595010757446,0.012519224546849728,0.2563619613647461,19.19288444519043,0.01204235665500164,0.2842884659767151,0.005560452118515968,0.01611567847430706,24.04882049560547,0.003936571069061756,0.10437805950641632,0.011537943966686726,0.0,18.757238388061523,0.013313011266291142,0.26195991039276123,26.246402740478516,0.002373338909819722,0.1357305645942688,35.245765686035156,0.00029882960370741785,25.69845199584961,0.0026924938429147005,0.162836953997612,21.176137924194336,0.007627571001648903,0.20666825771331787,20.5697021484375,0.008770612068474293,0.24159809947013855,23.57700538635254,0.004388334229588509,0.17402353882789612,28.57785987854004,0.0013874397845938802,23.142574310302734,0.004850009921938181,0.20687337219715118,20.08416175842285,0.009808080270886421,0.23504120111465454,19.5501651763916,0.011091328226029873,0.2731100022792816,25.377918243408203,0.00289873406291008,0.07645006477832794,28.19078254699707,0.0015167775563895702,25.07052230834961,0.0031113424338400364,0.08844441175460815
1756,38,17,1820,-1,0,20.679168701171875,0.2000606507062912,17.0352725982666,0.23380212485790253,24.108488082885742,18.856338500976562,0.2616679072380066,16.093185424804688,21.25307273864746,0.11680683493614197,18.125823974609375,18.03101348876953,16.11618423461914,0.22725112736225128,33.61024475097656,0.42915353178977966,0.5447983145713806,1820,1852,0.44210129976272583,0,0,0.008552305400371552,0.0038828542456030846,20.32888412475586,0.00927068293094635,0.2318153977394104,0.01979123242199421,0.243109792470932,16.490787506103516,0.02243475429713726,0.2828132212162018,0.013012668117880821,0.01539634820073843,18.980487823486328,0.012645949609577656,0.29158294200897217,0.02458563633263111,0.272345632314682,15.848628997802734,0.026009805500507355,0.30389848351478577,0.007493637502193451,0.015736151486635208,22.058218002319336,0.0062255593948066235,0.12051482498645782,0.024455783888697624,0.000435487600043416,15.505029678344727,0.028151212260127068,0.266243577003479,21.911821365356445,0.00643899105489254,0.17461377382278442,33.35332489013672,0.0004620274994522333,21.33209228515625,0.007358523551374674,0.20781564712524414,17.452661514282227,0.01797768659889698,0.22628691792488098,16.849023818969727,0.020658446475863457,0.26702407002449036,20.11109161376953,0.00974744837731123,0.21258233487606049,28.84754180908203,0.0013039048062637448,19.567771911621094,0.01104645524173975,0.24978335201740265,16.671772003173828,0.02151903696358204,0.24328269064426422,16.089824676513672,0.024604670703411102,0.2857844829559326,23.7655086517334,0.004201933275908232,0.07685763388872147,29.708433151245117,0.0010694405063986778,23.293964385986328,0.004683855455368757,0.08984729647636414
1846,38,17,1910,-1,2,23.85146713256836,0.17968374490737915,20.580251693725586,0.20454350113868713,26.590961456298828,21.445524215698242,0.2303268015384674,19.24161148071289,22.818668365478516,0.11625012755393982,18.182727813720703,18.05354881286621,19.531248092651367,0.19875748455524445,100.0,0.36337345838546753,0.5629016160964966,1910,1942,0.44698190689086914,0,0,0.004119585268199444,0.002192319603636861,23.549623489379883,0.0044160871766507626,0.20614956319332123,0.008749331347644329,0.20352652668952942,20.063045501708984,0.009855884127318859,0.23522093892097473,0.0071688187308609486,0.015195935033261776,22.26661491394043,0.0059338780120015144,0.25319188833236694,0.011908001266419888,0.24057498574256897,19.446632385253906,0.01135890930891037,0.263563334941864,0.005225564353168011,0.015654712915420532,24.411619186401367,0.0036210801918059587,0.11652034521102905,0.011139740236103535,0.0,18.909770965576172,0.012853546999394894,0.22490505874156952,25.619709014892578,0.002741757780313492,0.15735971927642822,34.62453079223633,0.00034478394081816077,25.071666717529297,0.0031105231028050184,0.185617133975029,21.414466857910156,0.00722027150914073,0.17936937510967255,20.810205459594727,0.008298113010823727,0.20709307491779327,23.21871566772461,0.004765720572322607,0.19574420154094696,28.02823257446289,0.0015746232820674777,22.792903900146484,0.00525665795430541,0.2274473011493683,20.25079345703125,0.009438885375857353,0.2101891040802002,19.71826934814453,0.010670211166143417,0.24014779925346375,25.729793548583984,0.0026731337420642376,0.0891895592212677,28.494014739990234,0.0014144855085760355,25.426067352294922,0.0028667720034718513,0.10043065249919891
1969,38,17,2065,-1,3,22.90245819091797,0.17675140500068665,19.964984893798828,0.21588292717933655,27.004358291625977,20.84990692138672,0.21395836770534515,18.819150924682617,22.99036407470703,0.09778676927089691,18.11064910888672,18.161102294921875,19.202116012573242,0.15068566799163818,100.0,0.3630814850330353,0.5945853590965271,2065,2097,0.41272103786468506,0,0,0.005125713534653187,0.001993261044844985,22.51220703125,0.005607629660516977,0.20671769976615906,0.010080952197313309,0.16648198664188385,19.45856475830078,0.011327745392918587,0.1959095001220703,0.008222602307796478,0.015450232662260532,21.48090171813965,0.007110658101737499,0.23941388726234436,0.01312456838786602,0.1941232979297638,18.934755325317383,0.012779809534549713,0.21583382785320282,0.005023004952818155,0.015271784737706184,24.626506805419922,0.003446269780397415,0.1001804769039154,0.012016788125038147,0.0,18.580638885498047,0.013865524902939796,0.17864540219306946,24.236751556396484,0.003769857110455632,0.16101449728012085,36.331138610839844,0.00023274807608686388,23.65117073059082,0.004314027726650238,0.1926950365304947,20.610050201416016,0.00868950691074133,0.14709161221981049,19.997547149658203,0.010005653835833073,0.17687278985977173,22.43678092956543,0.005705871153622866,0.1958731859922409,30.201522827148438,0.0009546578512527049,21.91328239440918,0.006436827592551708,0.23331241309642792,19.683210372924805,0.010756700299680233,0.17177781462669373,19.102109909057617,0.012296715751290321,0.20501358807086945,26.263809204101562,0.0023638461716473103,0.07152067869901657,31.14141845703125,0.0007688793702982366,25.834884643554688,0.002609225921332836,0.08403023332357407
2038,38,17,2134,-1,0,20.671878814697266,0.17462468147277832,19.226842880249023,0.20550227165222168,27.04041290283203,18.783479690551758,0.23512600362300873,17.711711883544922,21.270418167114258,0.12649165093898773,18.279014587402344,18.19894790649414,18.035606384277344,0.15757723152637482,100.0,0.30629563331604004,0.670927882194519,2134,2166,0.3638646602630615,0,0,0.00856667198240757,0.001976781990379095,20.186119079589844,0.009580502286553383,0.20015938580036163,0.011948566883802414,0.17598316073417664,18.69561767578125,0.013503248803317547,0.19786027073860168,0.013232807628810406,0.014862731099128723,18.866567611694336,0.012982050888240337,0.258137047290802,0.01693670265376568,0.2213851511478424,17.63520622253418,0.0172377061098814,0.23752814531326294,0.007463771849870682,0.015139276161789894,22.018383026123047,0.0062829251401126385,0.13030065596103668,0.015719516202807426,0.0,17.41412925720215,0.01813790388405323,0.1807791143655777,21.555198669433594,0.0069900453090667725,0.15350669622421265,34.635292053222656,0.0003439304418861866,20.96230697631836,0.00801252480596304,0.1809878796339035,19.964502334594727,0.010082075372338295,0.14763537049293518,19.356884002685547,0.011596095748245716,0.170127272605896,19.90474510192871,0.010221756994724274,0.19663038849830627,29.985519409179688,0.0010033405851572752,19.34048080444336,0.01163997408002615,0.23207196593284607,18.647611618041992,0.013653339818120003,0.1817246675491333,18.0643367767334,0.015615874901413918,0.20947355031967163,23.75705909729004,0.0042101177386939526,0.08549079298973083,30.772563934326172,0.0008370347786694765,23.25225830078125,0.004729053471237421,0.1007923036813736
2126,38,17,2222,-1,0,19.818382263183594,0.26402658224105835,17.101696014404297,0.2871719300746918,24.64202880859375,18.500246047973633,0.3010709285736084,16.322616577148438,22.374799728393555,0.12085132300853729,17.92354965209961,18.13849639892578,16.35039520263672,0.27798789739608765,100.0,0.4363771378993988,0.6580819487571716,2222,2254,0.4645496904850006,0,0,0.01042705774307251,0.003433976322412491,19.391921997070312,0.011502914130687714,0.3072757124900818,0.019490836188197136,0.2940906882286072,16.533897399902344,0.022213153541088104,0.34114891290664673,0.014124574139714241,0.016130395233631134,18.596181869506836,0.013815985061228275,0.3446168303489685,0.023320529609918594,0.30804237723350525,16.100934982299805,0.024541806429624557,0.3458966612815857,0.005787888076156378,0.015351480804383755,23.64861488342285,0.00431656651198864,0.12561222910881042,0.023171838372945786,0.0,15.728917121887207,0.026736734434962273,0.3277599513530731,20.326635360717773,0.00927547924220562,0.2390325963497162,31.359804153442383,0.0007311723893508315,19.75104522705078,0.01058998890221119,0.2806645631790161,17.328475952148438,0.01849917508661747,0.2852727770805359,16.711326599121094,0.021323934197425842,0.33427101373672485,19.326255798339844,0.011678162030875683,0.260038822889328,29.16189193725586,0.001212860457599163,18.765335083007812,0.013288210146129131,0.3082802891731262,16.799720764160156,0.020894302055239677,0.28374090790748596,16.199687957763672,0.023990051820874214,0.33571305871009827,25.206146240234375,0.003015681402757764,0.08575170487165451,31.09632110595703,0.0007769052172079682,24.736465454101562,0.003360108705237508,0.10021286457777023
2236,38,17,2332,-1,2,24.375835418701172,0.13393396139144897,18.386863708496094,0.16975775361061096,26.387569427490234,21.861268997192383,0.1967923641204834,17.70775604248047,22.913715362548828,0.11426546424627304,18.215774536132812,17.93307876586914,18.101661682128906,0.18650130927562714,100.0,0.3256145119667053,0.5213457942008972,2332,2364,0.3585234582424164,0,0,0.003651038743555546,0.002297434024512768,24.134931564331055,0.0038592852652072906,0.1657717078924179,0.014498183503746986,0.2081994116306305,17.918102264404297,0.016150645911693573,0.23397129774093628,0.006514380220323801,0.015080738812685013,22.842910766601562,0.005196478683501482,0.23060105741024017,0.016952136531472206,0.23614485561847687,17.653425216674805,0.017165539786219597,0.2607128322124481,0.005112443584948778,0.01609504595398903,24.656169891357422,0.0034228127915412188,0.11670609563589096,0.015482238493859768,0.0,17.48018455505371,0.01786412112414837,0.21613362431526184,27.027164459228516,0.0019828216172754765,0.11465755105018616,37.04896545410156,0.00019728920597117394,26.46368408203125,0.0022575189359486103,0.1525249183177948,18.816482543945312,0.013132636435329914,0.17874076962471008,18.205707550048828,0.015115735121071339,0.2069682478904724,24.4343204498291,0.0036022004205733538,0.15267756581306458,30.79532814025879,0.0008326593087986112,23.948801040649414,0.004028283525258303,0.19600990414619446,18.333724975585938,0.014676673337817192,0.20792660117149353,17.74388885498047,0.01681167632341385,0.2419067919254303,26.52792739868164,0.002224372234195471,0.07366327941417694,31.513416290283203,0.0007057622424326837,26.09417152404785,0.0024580047465860844,0.08860208839178085
2293,38,17,2389,-1,3,22.460535049438477,0.21592935919761658,18.69037437438965,0.23882122337818146,24.768646240234375,20.474197387695312,0.2578716278076172,17.712928771972656,23.205671310424805,0.09061459451913834,17.81040382385254,17.95677375793457,18.055816650390625,0.21194666624069214,100.0,0.3659887909889221,0.6525369882583618,2389,2421,0.40710750222206116,0,0,0.005674746818840504,0.003335305256769061,22.193471908569336,0.0060346610844135284,0.2462897151708603,0.013519560918211937,0.22361518442630768,18.203046798706055,0.015125003643333912,0.2522689998149872,0.00896561611443758,0.016556160524487495,21.080257415771484,0.007797840517014265,0.28342491388320923,0.016931962221860886,0.2452966570854187,17.67530059814453,0.017079295590519905,0.26548895239830017,0.0047800540924072266,0.01600746624171734,25.153074264526367,0.0030527599155902863,0.09045292437076569,0.015646545216441154,0.0,17.434337615966797,0.018053706735372543,0.24184563755989075,23.628597259521484,0.004336511250585318,0.1915571242570877,34.10696029663086,0.00038842225330881774,23.059295654296875,0.004943909589201212,0.22326920926570892,18.90145492553711,0.012878183275461197,0.2033417522907257,18.292030334472656,0.014818251132965088,0.2336897850036621,22.239585876464844,0.005970923695713282,0.22525186836719513,28.64710807800293,0.0013654927024617791,21.752593994140625,0.006679451558738947,0.26141953468322754,18.38243865966797,0.014512968249619007,0.22167520225048065,17.80534553527832,0.01657545566558838,0.2529219388961792,27.226829528808594,0.001893725711852312,0.06005774065852165,29.384429931640625,0.0011522778077051044,26.972806930541992,0.002007794799283147,0.07004109770059586
2402,38,17,2498,-1,0,22.94857406616211,0.1902027130126953,19.595247268676758,0.22300295531749725,25.629467010498047,20.668075561523438,0.24223199486732483,18.259546279907227,22.740257263183594,0.10196830332279205,17.947153091430664,17.971588134765625,18.6610107421875,0.18937034904956818,100.0,0.39613020420074463,0.5629536509513855,2498,2530,0.3921617269515991,0,0,0.005071571562439203,0.00273560406640172,22.651241302490234,0.005430951714515686,0.2191016972064972,0.010976787656545639,0.200018972158432,19.03569984436035,0.012486189603805542,0.22938457131385803,0.00857417844235897,0.01604297012090683,21.292957305908203,0.007425134070217609,0.2688503861427307,0.01492950227111578,0.22870752215385437,18.323793411254883,0.01471027173101902,0.24800631403923035,0.005320768337696791,0.015952955931425095,24.3355712890625,0.0036850471515208483,0.10281655192375183,0.013611276634037495,0.0,18.039531707763672,0.015705319121479988,0.21780189871788025,24.070804595947266,0.003916695713996887,0.169743150472641,34.458309173583984,0.00035823602229356766,23.502613067626953,0.004464150872081518,0.19897761940956116,20.09539031982422,0.00978275015950203,0.18270960450172424,19.48120880126953,0.011268842034041882,0.2094513475894928,22.302627563476562,0.005884876009076834,0.2072451114654541,28.39095115661621,0.001448455499485135,21.826061248779297,0.006567402742803097,0.24283678829669952,19.233869552612305,0.01192924752831459,0.19960808753967285,18.674503326416016,0.01356906071305275,0.23020638525485992,26.050678253173828,0.002482746262103319,0.06981012970209122,29.00674819946289,0.0012569709215313196,25.732728958129883,0.0026713272091001272,0.08180484175682068
2450,38,17,2546,-1,0,22.511856079101562,0.2154754400253296,19.988632202148438,0.2626056671142578,24.920703887939453,20.575572967529297,0.2749079763889313,18.784387588500977,22.552614212036133,0.1237330436706543,17.812305450439453,17.870176315307617,18.989852905273438,0.33951207995414734,100.0,0.4563424289226532,0.5754575133323669,2546,2578,0.421034574508667,0,0,0.005608081817626953,0.0032205479219555855,22.23633575439453,0.005975394509732723,0.24218282103538513,0.010026211850345135,0.34387943148612976,19.47532844543457,0.011284112930297852,0.3998268246650696,0.008758761920034885,0.016548916697502136,21.21462059020996,0.007560279220342636,0.30425596237182617,0.013230044394731522,0.36405932903289795,18.93292236328125,0.012785202823579311,0.4106329381465912,0.005555699113756418,0.01632985845208168,24.0914306640625,0.00389813631772995,0.12524880468845367,0.012618700973689556,0.0,18.368375778198242,0.014560040086507797,0.40089094638824463,24.245845794677734,0.0037619713693857193,0.1933175027370453,35.35939025878906,0.00029111289768479764,23.669410705566406,0.00429594935849309,0.22666777670383453,20.85729217529297,0.008208634331822395,0.32019224762916565,20.24876594543457,0.009443295188248158,0.38190439343452454,22.29608917236328,0.0058937398716807365,0.2368904948234558,28.281679153442383,0.0014853617176413536,21.823055267333984,0.006571952253580093,0.2781181335449219,19.759559631347656,0.010569248348474503,0.3407461643218994,19.219806671142578,0.011967943049967289,0.4027955234050751,25.638206481933594,0.002730106469243765,0.0860709622502327,28.584671020507812,0.0013852656120434403,25.320951461791992,0.0029370051342993975,0.09828922897577286
2748,38,17,2876,-1,1,19.797138214111328,0.20716482400894165,19.1275577545166,0.29354268312454224,25.83681297302246,18.371694564819336,0.23911306262016296,17.938865661621094,22.832643508911133,0.086469367146492,17.898237228393555,18.021808624267578,18.02796173095703,0.11056344956159592,100.0,0.3619575500488281,0.8109865188598633,2876,2908,0.40873250365257263,0,0,0.0104781873524189,0.0026080659590661526,19.322235107421875,0.011688976548612118,0.22894102334976196,0.012224867008626461,0.12621383368968964,18.616317749023438,0.013752074912190437,0.14236558973789215,0.014548915438354015,0.0162246935069561,18.449344635009766,0.014291102066636086,0.25660067796707153,0.01607360690832138,0.16015908122062683,17.912796020507812,0.01617038995027542,0.16784891486167908,0.005208774469792843,0.01576954871416092,24.45627212524414,0.003584040328860283,0.08321051299571991,0.01574721932411194,0.0,17.406484603881836,0.018169868737459183,0.1271761804819107,19.93285369873047,0.010155814699828625,0.18563197553157806,34.524662017822266,0.00035280431620776653,19.33153533935547,0.011663970537483692,0.2103421986103058,19.01864242553711,0.012535328976809978,0.11121831089258194,18.404375076293945,0.014439847320318222,0.12906819581985474,19.172117233276367,0.012100081890821457,0.20228184759616852,30.503997802734375,0.0008904312853701413,18.593460083007812,0.01382464449852705,0.23142945766448975,18.385677337646484,0.014502148143947124,0.12982162833213806,17.79117774963379,0.016629613935947418,0.15136174857616425,26.225536346435547,0.0023847687989473343,0.051327940076589584,31.69208526611328,0.000677316274959594,25.77171516418457,0.002647453686222434,0.05806630849838257
2932,38,17,3060,-1,1,25.66550064086914,0.2170611321926117,22.871246337890625,0.25750255584716797,25.543420791625977,22.500938415527344,0.27079346776008606,20.80600929260254,23.873123168945312,0.10180176049470901,17.93799591064453,18.019699096679688,21.835012435913086,0.21128268539905548,100.0,0.4188660681247711,0.6147610545158386,3060,3092,0.41689202189445496,0,0,0.0027130015660077333,0.0027903453446924686,25.684589385986328,0.002701102290302515,0.24922135472297668,0.005162683315575123,0.21175827085971832,22.414281845092773,0.0057355077005922794,0.24621140956878662,0.005622196942567825,0.0160768311470747,23.96445083618164,0.0040137916803359985,0.3035106658935547,0.008306138217449188,0.2383968085050583,21.440807342529297,0.007176611106842756,0.26144111156463623,0.004099092446267605,0.01577720418572426,26.378080368041992,0.0023024599067866802,0.10336878150701523,0.006553883198648691,0.0,21.213533401489258,0.007562173064798117,0.24872076511383057,27.081790924072266,0.0019580370280891657,0.19227507710456848,34.25603485107422,0.0003753155760932714,26.572750091552734,0.0022015327122062445,0.2263316810131073,23.350421905517578,0.004623361863195896,0.1934172660112381,22.744373321533203,0.005315727554261684,0.23021040856838226,25.111291885375977,0.0030822723638266325,0.2323971539735794,30.386962890625,0.0009147527744062245,24.665157318115234,0.003415736835449934,0.27517619729042053,22.325117111206055,0.005854479037225246,0.21485739946365356,21.782743453979492,0.006633239332586527,0.2535299062728882,28.397048950195312,0.0014464219566434622,0.06922756880521774,31.164474487304688,0.0007648083264939487,28.093082427978516,0.001551285618916154,0.08253511041402817
3119,38,17,3247,-1,0,22.63998794555664,0.1579444706439972,16.808929443359375,0.1876516193151474,26.44456672668457,20.39104652404785,0.20861034095287323,16.009281158447266,21.936853408813477,0.10779466480016708,18.070079803466797,18.049928665161133,15.8881196975708,0.31836703419685364,100.0,0.4833589494228363,0.38822415471076965,3247,3279,0.4826069474220276,0,0,0.00544504402205348,0.002267479430884123,22.266599655151367,0.005933900363743305,0.18227393925189972,0.02085004933178425,0.32574039697647095,16.235708236694336,0.023791911080479622,0.37541502714157104,0.009138929657638073,0.015595238655805588,20.8907413482666,0.008145652711391449,0.23390381038188934,0.025065243244171143,0.3428976237773895,15.774003028869629,0.02646060101687908,0.3848951458930969,0.006401987746357918,0.01566777192056179,23.03077507019043,0.004976482596248388,0.11211436241865158,0.02577437087893486,0.0,15.266639709472656,0.029739659279584885,0.3728899359703064,24.496227264404297,0.003551218891516328,0.148127019405365,35.87794494628906,0.0002583483583293855,23.91707992553711,0.00405781390145421,0.1774861067533493,17.081172943115234,0.01958315633237362,0.3056028187274933,16.464752197265625,0.022569643333554268,0.35721179842948914,22.191335678100586,0.006037630140781403,0.17757481336593628,30.357206344604492,0.0009210419375449419,21.659103393554688,0.006824797485023737,0.21174845099449158,16.45022964477539,0.022645244374871254,0.3212205767631531,15.847407341003418,0.026017125695943832,0.376324325799942,24.612924575805664,0.0034570652060210705,0.07930434495210648,31.23714828491211,0.0007521166699007154,24.11928939819336,0.0038732110988348722,0.09319369494915009
3139,38,17,3267,-1,0,22.004806518554688,0.19844718277454376,18.28244972229004,0.23781649768352509,26.90263557434082,19.801551818847656,0.2333284616470337,17.21047592163086,21.476848602294922,0.11136457324028015,18.144681930541992,18.184309005737305,17.427242279052734,0.31438979506492615,100.0,0.45867347717285156,0.5184875726699829,3267,3299,0.4804319143295288,0,0,0.006302593741565943,0.0020404993556439877,21.574970245361328,0.006958300713449717,0.2274976670742035,0.014850976876914501,0.3243086338043213,17.754596710205078,0.016770275309681892,0.3738877773284912,0.010467546060681343,0.015329637564718723,20.123546600341797,0.00971953198313713,0.2591909170150757,0.0190086979418993,0.35132381319999695,17.061525344848633,0.019671952351927757,0.39241892099380493,0.007117297034710646,0.015190397389233112,22.30971336364746,0.005875281989574432,0.11227978020906448,0.018083225935697556,0.0,16.805761337280273,0.02086525969207287,0.3645983040332794,23.75130844116211,0.004215695895254612,0.1670798361301422,36.207542419433594,0.00023946704459376633,23.16284942626953,0.004827423021197319,0.19664323329925537,19.056053161621094,0.012427815236151218,0.30472642183303833,18.447126388549805,0.014298397116363049,0.3552701473236084,21.367992401123047,0.007297946140170097,0.1989509016275406,29.65635108947754,0.0010823430493474007,20.833253860473633,0.00825419370085001,0.23037034273147583,18.04521942138672,0.01568477414548397,0.31862714886665344,17.4655704498291,0.017924334853887558,0.3695959448814392,23.949382781982422,0.0040277442894876,0.07297977805137634,30.100479125976562,0.0009771299082785845,23.470705032348633,0.004497069865465164,0.08474230021238327
3452,38,17,3580,-1,1,26.04180145263672,0.16029460728168488,23.49237060546875,0.21956418454647064,25.14278221130371,23.0271053314209,0.21826128661632538,21.5341739654541,24.020904541015625,0.10283561795949936,18.006549835205078,18.16360855102539,22.648590087890625,0.12441590428352356,100.0,0.34126803278923035,0.6433775424957275,3580,3612,0.4234880805015564,0,0,0.0024878266267478466,0.0030600037425756454,26.198251724243164,0.002399799646809697,0.1937974989414215,0.0044746920466423035,0.13623999059200287,23.201446533203125,0.004784708376973867,0.1588781177997589,0.004980689845979214,0.015825055539608,24.79867172241211,0.003312325570732355,0.24847395718097687,0.00702397245913744,0.17074671387672424,22.390018463134766,0.005767642520368099,0.18888582289218903,0.003961954731494188,0.015262977220118046,26.529949188232422,0.0022233359050005674,0.10636670142412186,0.005434270482510328,0.0,22.027109146118164,0.006270312238484621,0.150498628616333,28.420888900756836,0.0014385042013600469,0.14525851607322693,34.91656494140625,0.00032236194238066673,27.931154251098633,0.0016102184308692813,0.1806589812040329,24.82003402709961,0.003296071430668235,0.11263963580131531,24.220703125,0.003783813677728176,0.13265809416770935,25.923269271850586,0.002556660445407033,0.18983882665634155,30.14211654663086,0.0009678060305304825,25.526714324951172,0.002801099792122841,0.23276223242282867,23.45320701599121,0.004515224136412144,0.1362212598323822,22.9403018951416,0.0050812410190701485,0.16340695321559906,28.149442672729492,0.0015312843024730682,0.06935973465442657,30.466554641723633,0.0008981414721347392,27.88161277770996,0.0016286909813061357,0.08356624841690063
3467,38,17,3595,-1,0,24.566972732543945,0.1667199730873108,21.708026885986328,0.18099406361579895,26.260395050048828,21.963909149169922,0.2075381577014923,20.228252410888672,22.948780059814453,0.10658144950866699,18.060138702392578,17.93932342529297,20.78354263305664,0.2560223340988159,100.0,0.3966895043849945,0.4562612771987915,3595,3627,0.4238247573375702,0,0,0.00349383894354105,0.0023657053243368864,24.356420516967773,0.0036673981230705976,0.1978563666343689,0.006748348940163851,0.2665081024169922,21.29178810119629,0.0074271345511078835,0.3101276159286499,0.006362226326018572,0.015630977228283882,23.066015243530273,0.0049362643621861935,0.23290285468101501,0.009488001465797424,0.28602612018585205,20.657093048095703,0.008595884777605534,0.3194742500782013,0.0050713312812149525,0.01607191376388073,24.712203979492188,0.0033789335284382105,0.11043460667133331,0.008349216543138027,0.0,20.162063598632812,0.009633711539208889,0.30364590883255005,26.870582580566406,0.0020556149538606405,0.13698050379753113,36.12867736816406,0.00024385529104620218,26.318347930908203,0.0023343469947576523,0.1677733063697815,22.906591415405273,0.005120835732668638,0.23467789590358734,22.305662155151367,0.005880764219909906,0.2808869481086731,24.251636505126953,0.003756958991289139,0.1623489260673523,30.365774154663086,0.0009192267316393554,23.774200439453125,0.0041935327462852,0.19583429396152496,21.617534637451172,0.006890434306114912,0.2515510618686676,21.06906509399414,0.007817964069545269,0.2994403839111328,26.364355087280273,0.0023097479715943336,0.07115048170089722,30.611469268798828,0.0008686668006703258,25.9663028717041,0.002531452802941203,0.08606244623661041
3569,38,17,3697,-1,2,23.213136672973633,0.1833568513393402,20.008718490600586,0.21687856316566467,26.152753829956055,21.115625381469727,0.233393132686615,18.920433044433594,22.606943130493164,0.11893166601657867,18.05149269104004,17.817001342773438,19.280550003051758,0.25616365671157837,35.69680404663086,0.40696173906326294,0.5329212546348572,3697,3729,0.44440701603889465,0,0,0.00477184634655714,0.0024250720161944628,22.89638328552246,0.005132888909429312,0.21387428045272827,0.009979942813515663,0.27035757899284363,19.56636619567871,0.011050034314393997,0.3113420903682709,0.007734594400972128,0.015662122517824173,21.86087417602539,0.006514974869787693,0.2596139907836914,0.012822028249502182,0.294376403093338,19.103591918945312,0.01229251641780138,0.3283778727054596,0.005486630834639072,0.01653102971613407,24.216480255126953,0.0037874928675591946,0.12352719157934189,0.011801709420979023,0.0002693515853025019,18.67230987548828,0.013575916178524494,0.30012091994285583,25.224668502807617,0.0030028470791876316,0.1691957414150238,34.930301666259766,0.0003213435993529856,24.665603637695312,0.0034153861925005913,0.2004944235086441,20.98514175415039,0.007970509119331837,0.2435951828956604,20.390769958496094,0.009139511734247208,0.2848277986049652,22.989212036132812,0.005024340003728867,0.2026282250881195,29.493017196655273,0.0011238240404054523,22.499225616455078,0.005624419078230858,0.2393685132265091,19.962207794189453,0.010087401606142521,0.2621630132198334,19.408960342407227,0.01145787350833416,0.306362509727478,25.74129867553711,0.002666063141077757,0.08238277584314346,30.36054801940918,0.0009203333174809813,25.3244571685791,0.002934637013822794,0.09665551036596298
3635,38,17,3763,-1,0,21.25170135498047,0.23173943161964417,16.370384216308594,0.2954064905643463,25.277502059936523,19.394060134887695,0.282986044883728,15.622846603393555,22.439088821411133,0.10411843657493591,17.92919921875,18.04928970336914,15.644692420959473,0.3680805563926697,100.0,0.5691632032394409,0.5190189480781555,3763,3795,0.4430696368217468,0,0,0.007496008183807135,0.002966536907479167,20.865650177001953,0.008192850276827812,0.2658653259277344,0.023065436631441116,0.37985268235206604,15.799345970153809,0.026306644082069397,0.4311600625514984,0.011497254483401775,0.01610942743718624,19.670717239379883,0.010787689127027988,0.3193414807319641,0.027397776022553444,0.392310231924057,15.344354629516602,0.029212212190032005,0.4369604289531708,0.00570284016430378,0.01567007042467594,23.799243927001953,0.004169420339167118,0.10808047652244568,0.02726031467318535,0.0,15.023212432861328,0.03145420923829079,0.4243781566619873,22.049888610839844,0.006237508729100227,0.21360597014427185,32.716148376464844,0.0005350388819351792,21.47836685180664,0.00711481086909771,0.24948740005493164,16.572750091552734,0.022015323862433434,0.3530263602733612,15.956432342529297,0.02537211962044239,0.4056122899055481,20.559799194335938,0.008790630847215652,0.24282169342041016,28.32280921936035,0.0014713603304699063,20.036338806152344,0.009916672483086586,0.2825746536254883,16.04007911682129,0.024888115003705025,0.3698682487010956,15.448558807373047,0.028519650921225548,0.42586055397987366,25.187519073486328,0.0030286447145044804,0.07758864015340805,28.794673919677734,0.001319873845204711,24.826019287109375,0.0032915326301008463,0.09123720228672028
3682,38,17,3810,-1,3,22.165489196777344,0.18588018417358398,17.59552764892578,0.2162950038909912,25.92017936706543,19.91967010498047,0.218812957406044,16.613052368164062,21.564313888549805,0.11747705936431885,17.945981979370117,18.008615493774414,16.80463409423828,0.34542545676231384,100.0,0.48468801379203796,0.4462561309337616,3810,3842,0.42841097712516785,0,0,0.0060736690647900105,0.0025584802497178316,21.79505157470703,0.00661446712911129,0.21759623289108276,0.01739591732621193,0.36242663860321045,17.035429000854492,0.019790520891547203,0.41855278611183167,0.010186685249209404,0.016047293320298195,20.322154998779297,0.009285053238272667,0.2446054071187973,0.021811963990330696,0.3826516568660736,16.438018798828125,0.022709013894200325,0.4263375401496887,0.0069753932766616344,0.015817519277334213,22.50644874572754,0.0056150672025978565,0.11951413005590439,0.02087068185210228,0.0,16.18315315246582,0.024081557989120483,0.40259385108947754,23.820314407348633,0.004149239975959063,0.15397119522094727,36.12437438964844,0.00024409698380623013,23.233036041259766,0.004750031046569347,0.1811956763267517,18.12077522277832,0.015414255671203136,0.3326255679130554,17.505714416503906,0.01775941252708435,0.38788580894470215,21.497241973876953,0.007083953823894262,0.18226134777069092,29.34236717224121,0.0011634918628260493,20.971927642822266,0.00799479428678751,0.21641795337200165,17.311594009399414,0.018571235239505768,0.35878512263298035,16.724002838134766,0.021261783316731453,0.4176675081253052,24.153106689453125,0.0038431682623922825,0.07792532444000244,29.628616333007812,0.0010892770951613784,23.698932647705078,0.004266843665391207,0.09191857278347015
4096,38,17,4256,-1,0,18.672025680541992,0.21753732860088348,21.05626106262207,0.3291020691394806,26.020435333251953,17.546079635620117,0.2477112114429474,19.323001861572266,22.740806579589844,0.09919137507677078,17.803386688232422,17.978389739990234,20.190820693969727,0.07675787061452866,100.0,0.2679843306541443,1.2280646562576294,4256,4288,0.3420608341693878,0,0,0.013576804660260677,0.0025000940077006817,18.158506393432617,0.01528091449290514,0.246070995926857,0.007841045036911964,0.09413254261016846,20.527040481567383,0.008857189677655697,0.10683296620845795,0.017595116049051285,0.016582930460572243,17.5078125,0.01775083690881729,0.2697252929210663,0.011686916463077068,0.13452595472335815,19.556432723999023,0.011075329966843128,0.1352861523628235,0.005320093594491482,0.0159279927611351,24.33196258544922,0.003688108641654253,0.09239686280488968,0.009570129215717316,0.0,19.56934356689453,0.011042456142604351,0.08850432932376862,18.754783630371094,0.013320541009306908,0.19914644956588745,34.11075210571289,0.0003880831936839968,18.150205612182617,0.01531014870852232,0.23086810111999512,21.44671630859375,0.0071668485179543495,0.07997830957174301,20.83696174621582,0.00824714731425047,0.09302864968776703,18.157363891601562,0.015284941531717777,0.22056400775909424,30.118385314941406,0.0009731094469316304,17.572904586791992,0.01748676411807537,0.25439831614494324,20.44074821472168,0.009034938178956509,0.0993025004863739,19.864452362060547,0.010317035019397736,0.1134205013513565,26.28545379638672,0.002352094743400812,0.05583430454134941,31.62874412536621,0.0006872673402540386,25.8365535736084,0.002608222421258688,0.06271323561668396
4221,38,17,4381,-1,1,25.193889617919922,0.14535251259803772,21.8536376953125,0.18191811442375183,25.39109230041504,22.36309814453125,0.18985113501548767,20.249622344970703,23.49055290222168,0.09388479590415955,17.930511474609375,17.984800338745117,20.831737518310547,0.15935392677783966,100.0,0.3915919065475464,0.46456044912338257,4381,4413,0.47620582580566406,0,0,0.0030242041684687138,0.0028899533208459616,25.164329528808594,0.0030448581092059612,0.16400808095932007,0.006525840610265732,0.16904979944229126,21.422910690307617,0.007206243462860584,0.19487370550632477,0.0058035035617649555,0.0161045603454113,23.748188018798828,0.004218725953251123,0.2074471414089203,0.009441430680453777,0.20072618126869202,20.724422454833984,0.00846365187317133,0.22029250860214233,0.004476564470678568,0.015904497355222702,25.65683364868164,0.00271842023357749,0.09307936578989029,0.00825707521289587,0.0,20.21025848388672,0.009527395479381084,0.1879151612520218,27.452903747558594,0.0017976691015064716,0.1270725429058075,35.30949020385742,0.00029447698034346104,26.927330017089844,0.0020289295352995396,0.1526167243719101,22.651901245117188,0.005430127028375864,0.15041784942150116,22.05200958251953,0.006234464701265097,0.17764794826507568,24.887340545654297,0.003245384432375431,0.16049537062644958,30.194217681884766,0.0009562650811858475,24.439924240112305,0.0035975570790469646,0.19210684299468994,21.535369873046875,0.007022035773843527,0.17696213722229004,20.9909725189209,0.00795980915427208,0.2084285169839859,27.24979019165039,0.0018837410025298595,0.06571319699287415,30.27118682861328,0.0009394666412845254,26.927148818969727,0.002029014052823186,0.07832639664411545
4314,38,17,4474,-1,2,24.660890579223633,0.12316622585058212,23.38771629333496,0.1696290820837021,25.62519073486328,22.057607650756836,0.17886801064014435,21.215110778808594,22.923242568969727,0.11281867325305939,18.006629943847656,18.012744903564453,22.31996726989746,0.09739360958337784,100.0,0.28921666741371155,0.5865121483802795,4474,4506,0.4410591423511505,0,0,0.00341909471899271,0.0027382997795939445,24.529848098754883,0.0035238321870565414,0.14587457478046417,0.004583829548209906,0.11030703037977219,22.956058502197266,0.005062841344624758,0.1294548213481903,0.0062264334410429,0.015824753791093826,23.2332763671875,0.004749768413603306,0.19929605722427368,0.007559432648122311,0.1565300077199936,22.02977752685547,0.006266463082283735,0.17057137191295624,0.005101238843053579,0.015802491456270218,24.61565399169922,0.0034548926632851362,0.11737532913684845,0.005861424840986729,0.0,21.698490142822266,0.0067631835117936134,0.11593125760555267,27.025936126708984,0.0019833832047879696,0.09987643361091614,30.648571014404297,0.0008612771052867174,26.663482666015625,0.002156015019863844,0.12272129952907562,25.042049407958984,0.003131808480247855,0.09121911972761154,24.440839767456055,0.0035967978183180094,0.11069144308567047,24.309799194335938,0.003706978866830468,0.14263562858104706,27.96780776977539,0.0015966850332915783,23.94518280029297,0.0040316395461559296,0.1731387972831726,23.215774536132812,0.004768946208059788,0.1192452535033226,22.687416076660156,0.005385903175920248,0.1436087191104889,26.174753189086914,0.0024128188379108906,0.08019696176052094,31.235984802246094,0.0007523182430304587,25.737686157226562,0.0026682806201279163,0.09675193578004837
4369,38,17,4529,-1,1,22.025535583496094,0.2627933919429779,18.42984962463379,0.24528828263282776,23.996593475341797,20.358928680419922,0.2919561564922333,17.580547332763672,23.307647705078125,0.09219429641962051,17.583637237548828,17.71255111694336,17.791349411010742,0.2894817888736725,100.0,0.4299355149269104,0.5705234408378601,4529,4561,0.46959981322288513,0,0,0.006272586528211832,0.003984196577221155,21.788372039794922,0.006624646484851837,0.2987256348133087,0.014355393126606941,0.29183655977249146,17.904600143432617,0.01620093360543251,0.3331267237663269,0.009206768125295639,0.017443610355257988,21.00203514099121,0.007939561270177364,0.32306402921676636,0.017456024885177612,0.3104676902294159,17.53159523010254,0.017653891816735268,0.34490641951560974,0.004669122863560915,0.016933433711528778,25.555952072143555,0.002782305469736457,0.08885852992534637,0.01662895642220974,0.0,17.169872283935547,0.019187256693840027,0.33544111251831055,22.887239456176758,0.005143707152456045,0.23587666451931,32.08999252319336,0.0006180176278576255,22.335895538330078,0.005839966703206301,0.2735922634601593,18.756864547729492,0.013314150273799896,0.27331241965293884,18.14548683166504,0.015326795168220997,0.31999462842941284,21.741836547851562,0.006696013733744621,0.2592379152774811,28.53424835205078,0.001401442219503224,21.243274688720703,0.007510562893003225,0.2979741394519806,18.21742057800293,0.015075024217367172,0.2882324457168579,17.634563446044922,0.01724025420844555,0.33349594473838806,27.21778106689453,0.0018976752180606127,0.06151933595538139,30.120281219482422,0.0009726842399686575,26.90373992919922,0.0020399815402925014,0.07065082341432571
4609,38,17,4769,-1,1,21.551036834716797,0.24309346079826355,17.606801986694336,0.2924201190471649,23.784334182739258,19.83974266052246,0.27286630868911743,16.791889190673828,23.02423858642578,0.08377142250537872,17.67331314086914,17.9163761138916,16.943199157714844,0.32058995962142944,100.0,0.48121052980422974,0.607676088809967,4769,4801,0.45531025528907776,0,0,0.006996750831604004,0.004183759447187185,21.290393829345703,0.007429519202560186,0.26715290546417236,0.0173508133739233,0.3278733789920807,17.069839477539062,0.019634325057268143,0.37440815567970276,0.010375897400081158,0.017087120562791824,20.294950485229492,0.009343401528894901,0.2928386628627777,0.020932018756866455,0.33798807859420776,16.65067481994629,0.021623825654387474,0.3700474202632904,0.004983978811651468,0.016157064586877823,24.86111068725586,0.0032650427892804146,0.0811462551355362,0.02021530270576477,0.0,16.321720123291016,0.023325348272919655,0.3647274672985077,22.47279167175293,0.005658753681927919,0.2202271968126297,32.43096160888672,0.000571352313272655,21.910175323486328,0.00644143158569932,0.24862365424633026,17.869863510131836,0.016331035643815994,0.3073042333126068,17.25693130493164,0.018806451931595802,0.3547526001930237,21.078506469726562,0.007800985127687454,0.24554891884326935,28.99204444885254,0.0012612334685400128,20.55167007446289,0.008807100355625153,0.2736916244029999,17.290842056274414,0.018660183995962143,0.3170682489871979,16.704713821411133,0.021356431767344475,0.359514445066452,26.268537521362305,0.0023612743243575096,0.05812729895114899,29.880170822143555,0.0010279760463163257,25.906761169433594,0.0025663976557552814,0.06511373072862625
4735,38,17,4895,-1,3,23.941612243652344,0.19963596761226654,21.718461990356445,0.21596789360046387,24.9959659576416,21.396148681640625,0.24150137603282928,19.8395938873291,23.18950653076172,0.09608419239521027,17.834333419799805,17.95009422302246,20.722084045410156,0.1533358246088028,100.0,0.2762058675289154,0.781909167766571,4895,4927,0.4009173810482025,0,0,0.004034955985844135,0.0031652164179831743,23.799930572509766,0.004168761894106865,0.22931016981601715,0.006732149515300989,0.15485310554504395,21.22533416748047,0.007541656959801912,0.17840656638145447,0.0072507853619754314,0.016465187072753906,22.340944290161133,0.005833184812217951,0.26719415187835693,0.01037625689059496,0.19239380955696106,20.246450424194336,0.009448327124118805,0.20596060156822205,0.004797881003469229,0.016032105311751366,25.129268646240234,0.003069539088755846,0.09712090343236923,0.008468207903206348,0.0,20.100608825683594,0.009771007113158703,0.1789720058441162,25.559795379638672,0.0027798449154943228,0.17196251451969147,33.023040771484375,0.0004985351115465164,25.043426513671875,0.003130815690383315,0.201276496052742,22.438556671142578,0.0057035405188798904,0.13338300585746765,21.8304443359375,0.006560785695910454,0.15594755113124847,23.469484329223633,0.004498335532844067,0.20551897585391998,28.53460693359375,0.0014013268519192934,23.032245635986328,0.004974798299372196,0.23696792125701904,21.239728927612305,0.007516698911786079,0.1612420529127121,20.704801559448242,0.008501975797116756,0.18664488196372986,26.823930740356445,0.002077815355733037,0.06751944124698639,29.45858383178711,0.0011327697429805994,26.530200958251953,0.002223207149654627,0.07994865626096725
4898,155,17,38,-1,2,18.330615997314453,0.2638687789440155,16.31907081604004,0.3052034378051758,23.977497100830078,17.07903480529785,0.2944084405899048,15.550470352172852,20.930675506591797,0.1126924380660057,17.956022262573242,17.937807083129883,15.404877662658691,0.2010054886341095,30.899242401123047,0.491751492023468,0.6206457018852234,38,70,0.42837631702423096,0,0,0.014687180519104004,0.0040017543360590935,17.869848251342773,0.01633109152317047,0.28763866424560547,0.02333957329392433,0.2242453396320343,15.807769775390625,0.02625567466020584,0.24000607430934906,0.019592799246311188,0.016010239720344543,16.95855140686035,0.020143961533904076,0.319932758808136,0.02785819210112095,0.23643270134925842,15.26464557647705,0.029753314331173897,0.24591675400733948,0.008071093820035458,0.01607753336429596,21.649864196777344,0.006839334964752197,0.11395232379436493,0.02880794182419777,0.0008129726047627628,14.799771308898926,0.03311485797166824,0.2206360101699829,18.964942932128906,0.01269129291176796,0.22614699602127075,29.492401123046875,0.0011239835293963552,18.395051956176758,0.014470878057181835,0.250425785779953,16.7117862701416,0.021321678534150124,0.19095933437347412,16.117326736450195,0.024449355900287628,0.2122538983821869,17.85589599609375,0.016383640468120575,0.25828784704208374,27.884803771972656,0.0016274952795356512,17.29232406616211,0.01865381747484207,0.2878313660621643,16.019187927246094,0.02500813454389572,0.21211254596710205,15.431937217712402,0.028629012405872345,0.23473478853702545,23.360050201416016,0.0046131242997944355,0.07779539376497269,31.292667388916016,0.0007425630465149879,22.832794189453125,0.005208595190197229,0.08923300355672836
5095,155,17,235,-1,3,20.484359741210938,0.1860075145959854,17.934219360351562,0.2404693216085434,25.175674438476562,19.1445369720459,0.23337885737419128,17.09064483642578,22.382633209228516,0.09808873385190964,17.977092742919922,18.223922729492188,17.295856475830078,0.2709774672985077,100.0,0.4970543086528778,0.4837888181209564,235,267,0.4617588222026825,0,0,0.008944668807089329,0.003036915324628353,20.064071655273438,0.009853553026914597,0.20739653706550598,0.016090817749500275,0.2900397777557373,17.378618240356445,0.018286827951669693,0.32699331641197205,0.012177164666354656,0.015932748094201088,19.35565185546875,0.011599382385611534,0.2521718442440033,0.019540494307875633,0.3023736774921417,16.955612182617188,0.020157596096396446,0.33109384775161743,0.005777454469352961,0.01505246851593256,23.614578247070312,0.00435052951797843,0.09636849164962769,0.018638649955391884,0.0,16.67437744140625,0.021506132557988167,0.30712753534317017,21.66874885559082,0.006809656508266926,0.1617177128791809,32.58302688598633,0.0005516927340067923,21.094436645507812,0.007772420067340136,0.18703538179397583,18.527067184448242,0.014037617482244968,0.26664504408836365,17.913419723510742,0.01616806909441948,0.3054601848125458,20.33635902404785,0.009254738688468933,0.19633738696575165,28.842124938964844,0.00130553194321692,19.79734230041504,0.010477694682776928,0.22497102618217468,17.785146713256836,0.016652723774313927,0.28010323643684387,17.196250915527344,0.01907106302678585,0.3185126781463623,24.94995880126953,0.003198927966877818,0.0700114294886589,30.29026222229004,0.0009353495552204549,24.501178741455078,0.003547170665115118,0.08012343943119049
5114,155,17,254,-1,2,23.178237915039062,0.14979997277259827,19.759565353393555,0.19573085010051727,25.96753692626953,21.251171112060547,0.21111705899238586,18.648136138916016,23.069522857666016,0.11083190143108368,17.934057235717773,18.047225952148438,19.04422950744629,0.21328455209732056,100.0,0.43491727113723755,0.4500415623188019,254,286,0.45493999123573303,0,0,0.004810343962162733,0.0025307333562523127,22.87261962890625,0.005161052569746971,0.17668062448501587,0.010569233447313309,0.2304396629333496,19.221731185913086,0.01196263451129198,0.2736719250679016,0.007496920879930258,0.016091421246528625,22.093849182128906,0.006174690555781126,0.23236125707626343,0.013651689514517784,0.2571929097175598,18.754179000854492,0.013322385959327221,0.2873991131782532,0.004932282958179712,0.015677524730563164,24.842361450195312,0.0032791695557534695,0.11086671054363251,0.01246169675141573,0.0,18.42275047302246,0.014378881081938744,0.2547253966331482,25.022907257080078,0.0031456411816179752,0.12754784524440765,33.37936019897461,0.00045926598249934614,24.486806869506836,0.0035589293111115694,0.15294227004051208,20.574779510498047,0.008760363794863224,0.21284931898117065,19.96198844909668,0.010087912902235985,0.2568357586860657,23.15839958190918,0.004832368344068527,0.17261292040348053,29.20708465576172,0.0012003049487248063,22.683189392089844,0.005391147453337908,0.20524869859218597,19.655744552612305,0.010824942961335182,0.22853469848632812,19.08263397216797,0.012351985089480877,0.27300551533699036,26.18638038635254,0.00240636826492846,0.07922101020812988,30.399961471557617,0.0009120189934037626,25.790103912353516,0.002636268036440015,0.09348148107528687
5651,155,17,823,-1,2,24.100950241088867,0.14263276755809784,22.050098419189453,0.21634331345558167,26.313894271850586,21.636947631835938,0.1866881251335144,20.286176681518555,22.934391021728516,0.11196410655975342,17.912771224975586,17.807418823242188,20.994022369384766,0.129304438829422,100.0,0.37573179602622986,0.5757918953895569,823,855,0.47208988666534424,0,0,0.003889602143317461,0.0023367416579276323,23.842071533203125,0.004128504078835249,0.16279378533363342,0.006237208377569914,0.1413668692111969,21.596948623657227,0.006923172622919083,0.16298896074295044,0.006859701592475176,0.016170479357242584,22.65418243408203,0.0054272753186523914,0.20710903406143188,0.009362300857901573,0.17932695150375366,20.833864212036133,0.008253035135567188,0.1940685510635376,0.005088163074105978,0.016567550599575043,24.785869598388672,0.0033221037592738867,0.11838005483150482,0.00795422587543726,0.0,20.372541427612305,0.009177953004837036,0.15262854099273682,26.032726287841797,0.002493028761819005,0.12344229966402054,35.98630905151367,0.0002519817207939923,25.470172882080078,0.0028378053102642298,0.14737465977668762,23.2795352935791,0.004699443466961384,0.12538321316242218,22.673084259033203,0.005403704475611448,0.14762257039546967,23.533876419067383,0.004432128742337227,0.15114176273345947,29.374069213867188,0.0011550295166671276,23.06598663330078,0.004936298355460167,0.18088747560977936,21.772157669067383,0.006649425253272057,0.15273219347000122,21.246009826660156,0.007505838759243488,0.17716917395591736,25.798158645629883,0.0026313825510442257,0.08025126904249191,29.6644287109375,0.001080332207493484,25.421173095703125,0.0028700055554509163,0.09454520791769028
5707,155,17,879,-1,2,23.75690269470215,0.21403130888938904,20.771100997924805,0.23894424736499786,25.14398956298828,21.505260467529297,0.24497446417808533,19.34979248046875,23.265872955322266,0.108861044049263,17.831735610961914,17.798002243041992,19.79951286315918,0.3070085644721985,100.0,0.4946846067905426,0.48302340507507324,879,911,0.46115151047706604,0,0,0.00421026861295104,0.0030591522809118032,23.577964782714844,0.004387363325804472,0.24707385897636414,0.008373173885047436,0.3157902956008911,20.291994094848633,0.009349762462079525,0.37168458104133606,0.00707088690251112,0.016475042328238487,22.499475479125977,0.005624094046652317,0.27442818880081177,0.011615038849413395,0.33918166160583496,19.631372451782227,0.010885863564908504,0.3865050971508026,0.004714252892881632,0.01660349778831005,25.398334503173828,0.002885138150304556,0.11425867676734924,0.010472460649907589,0.0,19.17803382873535,0.012083608657121658,0.36549142003059387,25.25669288635254,0.002980785444378853,0.18592506647109985,34.32609939575195,0.00036930927308276296,24.707555770874023,0.003382550785318017,0.22003397345542908,21.427536010742188,0.0071985735557973385,0.29300498962402344,20.82007598876953,0.00827927514910698,0.35078707337379456,23.364656448364258,0.004608232993632555,0.20975777506828308,29.81952476501465,0.0010424319189041853,22.876182556152344,0.005156817380338907,0.25002047419548035,20.38619041442871,0.009149155579507351,0.3098892569541931,19.815410614013672,0.010434192605316639,0.37055256962776184,26.395719528198242,0.0022931271232664585,0.08529996126890182,30.418033599853516,0.0009082315373234451,26.009862899780273,0.002506188116967678,0.10305517166852951
6063,155,17,1235,-1,2,20.822582244873047,0.20481406152248383,18.295434951782227,0.2587828040122986,24.611385345458984,19.358577728271484,0.2567724585533142,17.403167724609375,22.0931339263916,0.13288895785808563,17.877086639404297,17.808448791503906,17.517391204833984,0.24138586223125458,100.0,0.44780609011650085,0.5778903365135193,1235,1267,0.45351865887641907,0,0,0.008274499326944351,0.0034582915250211954,20.450124740600586,0.009015453979372978,0.23533718287944794,0.01480664312839508,0.25411534309387207,17.809877395629883,0.016558170318603516,0.2816748023033142,0.01159156858921051,0.0163038969039917,19.63906478881836,0.010866595432162285,0.287463903427124,0.018183745443820953,0.2807026505470276,17.337310791015625,0.01846158690750599,0.3037267327308655,0.006175707560032606,0.016563614830374718,23.393651962280273,0.004577568266540766,0.13898661732673645,0.01771172694861889,0.0,16.895912170410156,0.020436609163880348,0.27228179574012756,22.180522918701172,0.006052681710571051,0.1921832412481308,33.797584533691406,0.00041710116784088314,21.599132537841797,0.0069196936674416065,0.22438359260559082,19.20504379272461,0.012008686549961567,0.23019908368587494,18.601743698120117,0.013798301108181477,0.2626272737979889,20.510900497436523,0.008890167810022831,0.22673869132995605,27.828487396240234,0.0016487364191561937,19.99816131591797,0.010004233568906784,0.2640513777732849,18.223827362060547,0.015052800066769123,0.25433072447776794,17.66524887084961,0.01711888052523136,0.28934425115585327,24.526248931884766,0.003526754677295685,0.09994405508041382,27.756433486938477,0.001676318934187293,24.189111709594727,0.0038114371709525585,0.11560766398906708
6680,155,17,1884,-1,2,25.229644775390625,0.12782059609889984,23.45296859741211,0.18628177046775818,26.800457000732422,22.444107055664062,0.1817215532064438,21.411117553710938,23.529388427734375,0.10855120420455933,18.05861473083496,18.173946380615234,22.362873077392578,0.1030568778514862,100.0,0.2824190855026245,0.659593403339386,1884,1916,0.44611382484436035,0,0,0.0029994070064276457,0.0020890773739665747,25.03145408630371,0.003139457432553172,0.15090994536876678,0.004515471868216991,0.12294746190309525,23.00872802734375,0.005001808982342482,0.14614759385585785,0.005696253385394812,0.015636460855603218,23.801774978637695,0.004166990984231234,0.20319607853889465,0.007225835230201483,0.14863666892051697,22.243120193481445,0.005966064985841513,0.1652451902627945,0.00443671178072691,0.015226682648062706,25.564687728881836,0.0027767156716436148,0.11286412179470062,0.005803802516311407,0.0,21.74139404296875,0.006696694530546665,0.123912513256073,27.818689346313477,0.0016524604288861156,0.10581137239933014,36.99374771118164,0.00019981364312116057,27.26780128479004,0.001875944435596466,0.1306070238351822,25.161821365356445,0.003046616679057479,0.09626591950654984,24.55984878540039,0.0034995751921087503,0.11727512627840042,24.933626174926758,0.003210978116840124,0.14561975002288818,29.83538818359375,0.0010386307258158922,24.503610610961914,0.0035451853182166815,0.1778925210237503,23.29541015625,0.004682298284024,0.11922399699687958,22.79134750366211,0.005258543416857719,0.1452549397945404,26.792552947998047,0.002092881826683879,0.07569897919893265,30.39989471435547,0.0009120329632423818,26.431045532226562,0.002274550963193178,0.0912889689207077
6851,155,17,2087,-1,0,22.997100830078125,0.21769459545612335,19.60468292236328,0.27239805459976196,24.2943172454834,21.27599334716797,0.26575756072998047,18.635387420654297,23.320972442626953,0.09688077121973038,18.0118408203125,18.045801162719727,18.96030044555664,0.29323795437812805,100.0,0.4458957314491272,0.6109008193016052,2087,2119,0.43838292360305786,0,0,0.0050152200274169445,0.003720217850059271,22.827913284301758,0.005214451812207699,0.2599811851978302,0.010952970013022423,0.2951563596725464,19.158645629882812,0.012137677520513535,0.3471231460571289,0.007454197853803635,0.015805786475539207,22.09761619567871,0.006169338244944811,0.3123183250427246,0.013691823929548264,0.3080197274684906,18.743328094482422,0.013355719856917858,0.3548848628997803,0.004654816817492247,0.01568266749382019,25.289688110351562,0.0029582243878394365,0.1033826544880867,0.012704864144325256,0.0,18.338821411132812,0.014659458771348,0.34714576601982117,24.45796775817871,0.0035826421808451414,0.20692318677902222,32.68284225463867,0.0005391577142290771,23.924518585205078,0.004050870425999165,0.2520204484462738,20.22072982788086,0.009504447691142559,0.2820575535297394,19.619028091430664,0.010916849598288536,0.3368477523326874,22.947269439697266,0.005073098000138998,0.24197301268577576,30.01171875,0.000997305614873767,22.441143035888672,0.0057001435197889805,0.29339829087257385,19.507854461669922,0.01119991298764944,0.2903805077075958,18.929481506347656,0.0127953439950943,0.3452908992767334,26.536399841308594,0.002220035996288061,0.06796051561832428,30.725635528564453,0.0008461286779493093,26.14142608642578,0.0024314061738550663,0.08310427516698837
6858,155,17,2094,-1,3,23.727148056030273,0.2200406789779663,21.787736892700195,0.22351951897144318,25.304601669311523,21.4871768951416,0.26182740926742554,20.254623413085938,23.28264617919922,0.10950803756713867,18.013347625732422,17.983858108520508,20.974824905395508,0.19159501791000366,100.0,0.34072577953338623,0.6560099720954895,2094,2126,0.43667149543762207,0,0,0.004239214584231377,0.002948084147647023,23.528274536132812,0.004437850322574377,0.2584460973739624,0.006625618785619736,0.21082092821598053,21.358078002929688,0.007314628455787897,0.24589282274246216,0.0071003916673362255,0.015800293534994125,22.394309997558594,0.005761945154517889,0.2980133593082428,0.00943056307733059,0.22176554799079895,20.729129791259766,0.00845448486506939,0.2488352656364441,0.004696077201515436,0.015907950699329376,25.270719528198242,0.002971174195408821,0.11547697335481644,0.007989460602402687,0.0,20.35334587097168,0.009218608029186726,0.22676607966423035,25.21815299987793,0.003007355611771345,0.1879502385854721,34.57225799560547,0.0003489588270895183,24.664390563964844,0.003416339633986354,0.22966381907463074,22.796831130981445,0.005251905880868435,0.18033674359321594,22.19296646118164,0.006035363767296076,0.215855211019516,23.236080169677734,0.00474670622497797,0.22322890162467957,30.33374786376953,0.0009260306833311915,22.729061126708984,0.005334502551704645,0.2692450284957886,21.570999145507812,0.006964662577956915,0.19685396552085876,21.012374877929688,0.007920678704977036,0.23204964399337769,26.542675018310547,0.0022168306168168783,0.0797404870390892,31.24569320678711,0.0007506380788981915,26.121835708618164,0.0024423988070338964,0.09550647437572479
6893,155,17,2129,-1,2,25.007495880126953,0.14446724951267242,22.597333908081055,0.15829111635684967,28.026010513305664,22.130430221557617,0.20584562420845032,20.700483322143555,22.961048126220703,0.12671545147895813,18.276336669921875,18.23822784423828,21.491098403930664,0.13148675858974457,100.0,0.31491613388061523,0.5026453137397766,2129,2161,0.42769813537597656,0,0,0.0031568242702633142,0.0015754293417558074,24.685062408447266,0.0034001159947365522,0.17244669795036316,0.00549878366291523,0.1550351083278656,22.08991813659668,0.006180281285196543,0.1869392991065979,0.00612289784476161,0.014871894381940365,23.208541870117188,0.004776897840201855,0.22919267416000366,0.00851043313741684,0.19406139850616455,21.22845458984375,0.007536238059401512,0.2195121943950653,0.005057026632130146,0.015002964995801449,24.526092529296875,0.003526881569996476,0.1338595747947693,0.007093982771039009,0.0,20.869619369506836,0.008185364305973053,0.16119560599327087,27.830427169799805,0.0016480006743222475,0.1260489821434021,37.002662658691406,0.0001994039339479059,27.279584884643555,0.001870861742645502,0.15543638169765472,24.231279373168945,0.003774611745029688,0.1253570169210434,23.621320724487305,0.004343780688941479,0.1562139242887497,24.379871368408203,0.003647648962214589,0.17662860453128815,30.57278823852539,0.0008764378726482391,23.899803161621094,0.004073989111930132,0.21334721148014069,22.31747055053711,0.005864796228706837,0.15848498046398163,21.770954132080078,0.006651272065937519,0.19680628180503845,25.696849822998047,0.0026934875641018152,0.09335995465517044,31.137603759765625,0.0007695548702031374,25.244047164916992,0.0029894772451370955,0.1115550845861435
6895,155,17,2131,-1,0,24.754337310791016,0.160806342959404,22.36522674560547,0.18186058104038239,27.528993606567383,22.05191421508789,0.22325031459331512,20.63768196105957,23.10073471069336,0.12679918110370636,18.175125122070312,18.23954963684082,21.4201717376709,0.13112005591392517,100.0,0.31371352076530457,0.5797027349472046,2131,2163,0.4242910146713257,0,0,0.003346311394125223,0.0017664473270997405,24.44982147216797,0.0035893672611564398,0.19011074304580688,0.0058006588369607925,0.1549539864063263,21.912181854248047,0.006438461132347584,0.1824006587266922,0.006234601605683565,0.015222554095089436,23.14093589782715,0.004851840436458588,0.2509137690067291,0.008634394034743309,0.19406172633171082,21.19123077392578,0.007601110264658928,0.21717049181461334,0.004896962083876133,0.014998405240476131,24.75877571105957,0.003342893673107028,0.1322181522846222,0.007210790179669857,0.0,20.79869270324707,0.008320142515003681,0.15836597979068756,27.170133590698242,0.0019186094868928194,0.13807444274425507,35.874488830566406,0.0002585537440609187,26.627399444580078,0.002174002816900611,0.16994136571884155,23.906810760498047,0.004067420028150082,0.1175062358379364,23.303823471069336,0.004673235584050417,0.14520075917243958,24.21346664428711,0.003790124785155058,0.19234226644039154,30.458805084228516,0.000899745209608227,23.731672286987305,0.004234798718243837,0.2306371033191681,22.218975067138672,0.005999328568577766,0.16291522979736328,21.67301368713379,0.006802972871810198,0.1961316615343094,25.942401885986328,0.0025454219430685043,0.09528558701276779,31.414310455322266,0.0007220528204925358,25.488372802734375,0.002825940027832985,0.11098725348711014
6911,155,17,2147,-1,0,24.503538131713867,0.18307800590991974,20.0711669921875,0.2075224369764328,24.28482437133789,22.1163272857666,0.2333196997642517,19.00861358642578,23.359262466430664,0.10245373100042343,18.070695877075195,18.196048736572266,19.438541412353516,0.26099759340286255,100.0,0.440204918384552,0.47142234444618225,2147,2179,0.4216621220111847,0,0,0.0035452451556921005,0.003728357143700123,24.538185119628906,0.0035170740447938442,0.21447598934173584,0.009837465360760689,0.28359049558639526,19.59894371032715,0.010967450216412544,0.3342564105987549,0.0061428127810359,0.015593023039400578,23.28925895690918,0.004688934423029423,0.265688419342041,0.012564313597977161,0.30755287408828735,19.157394409179688,0.012141167186200619,0.3522305190563202,0.004613960161805153,0.015149388462305069,25.238752365112305,0.0029931259341537952,0.10449270904064178,0.011380092240869999,0.0,18.81706428527832,0.013130875304341316,0.3121223747730255,26.561737060546875,0.002207121578976512,0.16547569632530212,31.862943649291992,0.0006511868559755385,26.11455535888672,0.0024464961607009172,0.1955205500125885,20.697011947631836,0.008517236448824406,0.2645554840564728,20.090839385986328,0.009793007746338844,0.3171156048774719,24.14320182800293,0.0038519410882145166,0.2063370645046234,29.135520935058594,0.0012202479410916567,23.709152221679688,0.004256816580891609,0.24722374975681305,19.884994506835938,0.010268347337841988,0.28499501943588257,19.344696044921875,0.011628681793808937,0.3379786014556885,26.279212951660156,0.0023554754443466663,0.0802624449133873,28.630401611328125,0.0013707553735002875,26.008506774902344,0.0025069708935916424,0.09388464689254761
7301,155,17,2537,-1,2,20.37255096435547,0.2194432020187378,17.917701721191406,0.2248554527759552,25.059505462646484,18.60787582397461,0.2564057409763336,16.88136863708496,21.121246337890625,0.10038384795188904,17.672046661376953,17.808921813964844,16.77337646484375,0.1441003829240799,32.54507827758789,0.3650405704975128,0.6159738898277283,2537,2569,0.5048577785491943,0,0,0.009177939034998417,0.0031192454043775797,19.95246696472168,0.010110047645866871,0.24251405894756317,0.01615212857723236,0.16425782442092896,17.421844482421875,0.018105708062648773,0.1801351010799408,0.013778830878436565,0.01709209755063057,18.771587371826172,0.013269097544252872,0.27409815788269043,0.020505163818597794,0.1935047060251236,16.757776260375977,0.021097080782055855,0.20013868808746338,0.007724590599536896,0.01656181365251541,21.962003707885742,0.0063650174997746944,0.09656382352113724,0.021021433174610138,0.00055653479648754,16.167255401611328,0.02416987530887127,0.16048654913902283,21.780101776123047,0.006637276615947485,0.17661437392234802,31.732948303222656,0.0006709730951115489,21.217557907104492,0.007555169519037008,0.20052862167358398,18.70644187927246,0.01346963457763195,0.13844680786132812,18.116851806640625,0.015428194776177406,0.15532413125038147,19.69502067565918,0.01072748750448227,0.21441195905208588,26.798398971557617,0.0020900662057101727,19.18785285949707,0.012056321837008,0.24234066903591156,17.53754425048828,0.017629727721214294,0.1621166616678238,16.983463287353516,0.020028747618198395,0.18145215511322021,23.086793899536133,0.004912705160677433,0.07138195633888245,28.073331832885742,0.0015583561034873128,22.652996063232422,0.005428757984191179,0.080926313996315
7386,155,17,2622,-1,3,23.37771224975586,0.14817629754543304,19.992116928100586,0.17045553028583527,25.686935424804688,21.3924503326416,0.20706254243850708,18.913833618164062,23.024742126464844,0.12019472569227219,17.909868240356445,18.003284454345703,19.46510124206543,0.2473686933517456,100.0,0.40088143944740295,0.4252018630504608,2622,2654,0.4633388817310333,0,0,0.004594400525093079,0.0026996436063200235,23.110553741455078,0.004885901231318712,0.1775447428226471,0.010018170811235905,0.2600814700126648,19.486486434936523,0.011255157180130482,0.31265154480934143,0.0072569637559354305,0.01618129387497902,22.303279876708984,0.005883990786969662,0.2352694571018219,0.012841528281569481,0.2981564700603485,19.10171890258789,0.012297820299863815,0.34796684980392456,0.004983399994671345,0.01583695225417614,24.79697036743164,0.00331362197175622,0.12757831811904907,0.011310708709061146,0.0,18.8436222076416,0.013050819747149944,0.3034980595111847,25.487773895263672,0.002826329320669174,0.12911763787269592,34.89832305908203,0.0003237186174374074,24.933128356933594,0.0032113464549183846,0.1588689386844635,20.914291381835938,0.008101598359644413,0.2320769727230072,20.303251266479492,0.009325557388365269,0.28271350264549255,23.356063842773438,0.004617360420525074,0.17508861422538757,28.31902503967285,0.0014726432273164392,22.923309326171875,0.005101162940263748,0.21359029412269592,19.986764907836914,0.010030519217252731,0.26636263728141785,19.4345703125,0.0113905044272542,0.3230805993080139,26.027637481689453,0.002495952183380723,0.07880911976099014,28.96947479248047,0.0012678054627031088,25.710723876953125,0.002684897743165493,0.09404554963111877
7447,155,17,2715,-1,2,26.181503295898438,0.15671655535697937,23.437728881835938,0.17295193672180176,25.390674591064453,22.92870330810547,0.20186841487884521,21.258146286010742,23.572097778320312,0.10732030868530273,18.170150756835938,18.08673667907715,22.113676071166992,0.1375223994255066,100.0,0.33296746015548706,0.5194259285926819,2715,2747,0.4230344593524933,0,0,0.0024090725928545,0.0028902303893119097,26.31704330444336,0.002335048047825694,0.18187639117240906,0.004531343933194876,0.15472464263439178,23.149578094482422,0.004842193331569433,0.17894324660301208,0.0050948322750627995,0.015240002423524857,24.517288208007812,0.0035340378526598215,0.22519205510616302,0.007484891917556524,0.1872314065694809,22.074010848999023,0.006202958524227142,0.20804017782211304,0.004393294919282198,0.015535547398030758,25.720108032226562,0.002679102122783661,0.11329086124897003,0.006146563682705164,0.0,21.492197036743164,0.007092188578099012,0.1652507483959198,28.988636016845703,0.0012622242793440819,0.13696111738681793,36.474796295166016,0.00022517520119436085,28.47170639038086,0.0014217704301699996,0.1653686910867691,24.37018394470215,0.0036557945422828197,0.13361097872257233,23.766794204711914,0.00420068996027112,0.16190692782402039,25.774959564208984,0.0026454762555658817,0.16555985808372498,31.966808319091797,0.0006357982056215405,25.29492950439453,0.0029546578880399466,0.19654664397239685,22.911510467529297,0.005115038715302944,0.1583128273487091,22.354633331298828,0.005814823787659407,0.18949301540851593,27.36728858947754,0.0018334593623876572,0.07807081937789917,32.53741455078125,0.0005575178074650466,26.925556182861328,0.0020297581795603037,0.09305083751678467
7940,155,17,3208,-1,3,23.773324966430664,0.1685284823179245,21.278209686279297,0.21517153084278107,25.412681579589844,21.542247772216797,0.2299565076828003,19.769514083862305,23.082786560058594,0.11391254514455795,17.987991333007812,17.962018966674805,20.266942977905273,0.16894851624965668,100.0,0.37920862436294556,0.5674225687980652,3208,3240,0.4513501524925232,0,0,0.004194378852844238,0.0028756216634064913,23.568174362182617,0.004397264681756496,0.19800567626953125,0.007450390141457319,0.18459206819534302,20.79611587524414,0.008325082249939442,0.2159581035375595,0.007010920438915491,0.015892816707491875,22.483766555786133,0.005644474644213915,0.2547217011451721,0.010545048862695694,0.21872779726982117,20.10747528076172,0.009755568578839302,0.24375438690185547,0.00491724070161581,0.015988148748874664,24.929508209228516,0.0032140244729816914,0.12302102148532867,0.009403850883245468,0.0,19.645463943481445,0.010850596241652966,0.19848574697971344,25.709362030029297,0.002685738727450371,0.1526115983724594,33.60767364501953,0.0004357451689429581,25.182865142822266,0.0030318915378302336,0.1806546300649643,22.218219757080078,0.006000370252877474,0.1673264056444168,21.61332893371582,0.006897110026329756,0.19929459691047668,23.393251419067383,0.004577991086989641,0.19396069645881653,28.405899047851562,0.0014434775803238153,22.958301544189453,0.005060224328190088,0.22833837568759918,20.978452682495117,0.007982790470123291,0.18899443745613098,20.436477661132812,0.009043826721608639,0.22518199682235718,26.052867889404297,0.0024814940989017487,0.0838005542755127,29.289339065551758,0.001177785568870604,25.71531105041504,0.0026820641942322254,0.09873470664024353
8173,155,17,3441,-1,0,23.709697723388672,0.270210862159729,20.157936096191406,0.2351362705230713,24.41570472717285,21.868391036987305,0.30356457829475403,19.202587127685547,24.579143524169922,0.08046624064445496,17.847415924072266,17.902332305908203,19.705245971679688,0.2508697211742401,100.0,0.38477012515068054,0.6111084222793579,3441,3473,0.4287084639072418,0,0,0.004256279673427343,0.0036176748108118773,23.6105899810791,0.004354526754468679,0.31510162353515625,0.009642870165407658,0.269112229347229,19.671913146972656,0.01078471727669239,0.31303417682647705,0.006503704935312271,0.016415664926171303,23.028762817382812,0.004978788550943136,0.341763973236084,0.012015488930046558,0.28217190504074097,19.407604217529297,0.011461448855698109,0.31371602416038513,0.0034840600565075874,0.016209393739700317,28.163555145263672,0.0015263163950294256,0.08062326163053513,0.010702256113290787,0.0,19.083768844604492,0.01234875712543726,0.29616934061050415,24.910057067871094,0.003228453453630209,0.24445688724517822,32.1846809387207,0.0006046887137927115,24.398412704467773,0.0036321093793958426,0.28851568698883057,20.495012283325195,0.008922756649553776,0.2465425431728363,19.88685417175293,0.010263951495289803,0.2891095280647278,23.798227310180664,0.00417039729654789,0.27284806966781616,28.79703140258789,0.00131915882229805,23.3638858795166,0.0046090492978692055,0.3185342252254486,20.053730010986328,0.009877046570181847,0.25942111015319824,19.486133575439453,0.011256067082285881,0.3024539351463318,29.491371154785156,0.0011242495384067297,0.0582212395966053,30.597990036010742,0.0008713669376447797,29.343626022338867,0.0011631546076387167,0.06850622594356537
8217,155,17,3485,-1,0,23.452762603759766,0.19317995011806488,19.900930404663086,0.2550998330116272,25.74467658996582,21.417539596557617,0.23540005087852478,18.84874153137207,23.025432586669922,0.10574719309806824,18.03265380859375,17.89268684387207,19.24502944946289,0.2605246305465698,100.0,0.4493877589702606,0.5676608681678772,3485,3517,0.462677538394928,0,0,0.00451568653807044,0.002663988620042801,23.18708038330078,0.004800563212484121,0.22663365304470062,0.01023073773831129,0.26844409108161926,19.381580352783203,0.011530338786542416,0.31583794951438904,0.007215162739157677,0.01573021151125431,22.28768539428711,0.0059051550924777985,0.2676273584365845,0.013035444542765617,0.29141169786453247,18.978788375854492,0.012650894932448864,0.3291795253753662,0.004982608370482922,0.016245437785983086,24.881345748901367,0.003249865025281906,0.1092984601855278,0.011898636817932129,0.0,18.623550415039062,0.013729196041822433,0.30753034353256226,25.28539276123047,0.002961154095828533,0.16328702867031097,34.649864196777344,0.0003427783085498959,24.731464385986328,0.003363981144502759,0.19542086124420166,20.815095901489258,0.008288776502013206,0.24421913921833038,20.203777313232422,0.009541627019643784,0.28880494832992554,23.139421463012695,0.004853530786931515,0.2001132220029831,29.28738784790039,0.0011783146765083075,22.660850524902344,0.0054189483635127544,0.23896583914756775,19.90363311767578,0.010224374011158943,0.2617766261100769,19.33547019958496,0.011653409339487553,0.3082641065120697,26.103952407836914,0.0024524773471057415,0.07884061336517334,29.729955673217773,0.0010641544358804822,25.74129295349121,0.0026660654693841934,0.09206949174404144
8299,155,17,3567,-1,2,21.777002334594727,0.2224319577217102,19.174720764160156,0.267062783241272,24.981456756591797,20.210283279418945,0.2543952763080597,18.219022750854492,23.748004913330078,0.09185581654310226,18.033042907714844,18.255645751953125,18.49285316467285,0.213865265250206,100.0,0.3691878020763397,0.7233791947364807,3567,3599,0.4250694811344147,0,0,0.0066420151852071285,0.0031758099794387817,21.441612243652344,0.0071752783842384815,0.2555513083934784,0.012092829681932926,0.21885646879673004,18.677244186401367,0.013560494408011436,0.25279897451400757,0.009527340531349182,0.01572881080210209,20.668537139892578,0.008573266677558422,0.28610777854919434,0.01506946049630642,0.24411383271217346,18.21578025817871,0.015080715529620647,0.27441757917404175,0.0042189029045403,0.014942922629415989,25.90226936340332,0.002569053787738085,0.09748949110507965,0.01414863858371973,0.0,17.871376037597656,0.01632535271346569,0.2512591779232025,22.496625900268555,0.005627783481031656,0.20513299107551575,34.49736785888672,0.0003550287219695747,21.91183090209961,0.006438977085053921,0.23978611826896667,19.482107162475586,0.011266508139669895,0.20226642489433289,18.873388290405273,0.012961679138243198,0.23644454777240753,21.42117691040039,0.007209122180938721,0.2251884639263153,29.161195755004883,0.0012130546383559704,20.898244857788086,0.008131594397127628,0.26360586285591125,18.89801788330078,0.012888376601040363,0.22421543300151825,18.32206916809082,0.014716112054884434,0.2629619836807251,26.98308563232422,0.0020030492451041937,0.06614626199007034,30.021034240722656,0.0009951689280569553,26.659269332885742,0.0021581079345196486,0.07897210866212845
8350,155,17,3618,-1,1,23.77985191345215,0.19316081702709198,20.32794761657715,0.22300007939338684,26.102672576904297,21.456523895263672,0.23618349432945251,19.01530647277832,23.398296356201172,0.09280909597873688,17.957674026489258,17.867189407348633,19.470823287963867,0.2272578477859497,100.0,0.4125109612941742,0.5405918955802917,3618,3650,0.47391852736473083,0,0,0.004188078921288252,0.002453200053423643,23.51154136657715,0.004454983398318291,0.22488024830818176,0.009272681549191475,0.22446462512016296,19.79937744140625,0.010472784750163555,0.2605902850627899,0.00715068681165576,0.016004148870706558,22.374252319335938,0.0057886154390871525,0.2660849988460541,0.012544963508844376,0.24715076386928558,19.216848373413086,0.0119760911911726,0.27978673577308655,0.004572676494717598,0.01634109579026699,25.5875244140625,0.0027621504850685596,0.09720464050769806,0.011295817792415619,0.0,18.84934425354004,0.01303363498300314,0.268616259098053,25.180755615234375,0.003033365122973919,0.1680573970079422,33.987430572509766,0.0003992611891590059,24.63616943359375,0.003438612213358283,0.2013476938009262,20.91160774230957,0.008106612600386143,0.2102227509021759,20.298385620117188,0.0093360161408782,0.24863922595977783,23.264583587646484,0.004715651739388704,0.2017444670200348,28.966140747070312,0.0012687789276242256,22.80176544189453,0.005245939828455448,0.23929038643836975,20.013141632080078,0.009969787672162056,0.22946983575820923,19.45246696472168,0.01134366262704134,0.27232885360717773,26.68927764892578,0.002143247751519084,0.06753259897232056,30.069183349609375,0.0009841960854828358,26.34219741821289,0.002321563195437193,0.08164338022470474
8387,155,17,3655,-1,2,20.306272506713867,0.29737770557403564,19.97686004638672,0.31642946600914,22.520938873291016,19.233680725097656,0.3438703119754791,18.92051887512207,24.057016372680664,0.08146657049655914,17.746719360351562,18.138696670532227,19.23973274230957,0.24046556651592255,25.17919921875,0.371761679649353,0.8511621356010437,3655,3687,0.44409775733947754,0,0,0.009319072589278221,0.005596366710960865,20.0472469329834,0.009891796857118607,0.34460607171058655,0.010053426027297974,0.2500748336315155,19.584270477294922,0.011004569008946419,0.2883932292461395,0.01192977000027895,0.01680072583258152,19.515430450439453,0.011180391535162926,0.38829758763313293,0.012821773067116737,0.27823907136917114,19.100875854492188,0.012300209142267704,0.30863505601882935,0.0039291465654969215,0.015350780449807644,26.631458282470703,0.002171972533687949,0.07603767514228821,0.011913159862160683,0.0030344503466039896,18.768308639526367,0.013279115781188011,0.27781692147254944,20.80788803100586,0.008302546106278896,0.2809256315231323,25.61943817138672,0.002741929143667221,20.381982803344727,0.009158025495707989,0.3304707705974579,20.280345916748047,0.009374872781336308,0.22756782174110413,19.834503173828125,0.010388428345322609,0.2651665210723877,20.081871032714844,0.00981325376778841,0.3091064989566803,24.280786514282227,0.003731826087459922,19.686376571655273,0.01074885856360197,0.3586927056312561,19.634634017944336,0.010877690277993679,0.24941113591194153,19.22103500366211,0.011964555829763412,0.2861599624156952,27.815425872802734,0.0016537030460312963,0.048288166522979736,29.486522674560547,0.001125505892559886,27.60709571838379,0.0017349643167108297,0.05429638922214508
8455,155,17,3723,-1,2,21.5640869140625,0.18052934110164642,18.6503963470459,0.21848176419734955,25.953128814697266,19.297025680541992,0.245711550116539,17.2738037109375,20.925045013427734,0.13360238075256348,18.031076431274414,18.102754592895508,17.161909103393555,0.2553134560585022,35.69680404663086,0.43530845642089844,0.5019010305404663,3723,3755,0.4481298625469208,0,0,0.006975756958127022,0.002539143431931734,21.158668518066406,0.007658313028514385,0.20681025087833405,0.013644592836499214,0.269421249628067,18.10042953491211,0.015486642718315125,0.3068735897541046,0.011757027357816696,0.01573592610657215,19.52924346923828,0.011144890449941158,0.27033060789108276,0.01873353123664856,0.2990074157714844,17.168733596801758,0.019192282110452652,0.3281867504119873,0.008081566542387009,0.015478345565497875,21.584150314331055,0.0069436016492545605,0.1374264359474182,0.01922246627509594,0.0002693515853025019,16.548553466796875,0.022138327360153198,0.29525279998779297,23.3052921295166,0.004671656992286444,0.15927620232105255,33.20650863647461,0.0004779133596457541,22.743457794189453,0.005316848400980234,0.18686647713184357,19.519712448120117,0.0111693749204278,0.25201311707496643,18.910114288330078,0.012852529995143414,0.29277992248535156,20.54080581665039,0.008829164318740368,0.21169079840183258,28.460105895996094,0.001425572787411511,20.013843536376953,0.00996817834675312,0.2465015947818756,18.029293060302734,0.015742389485239983,0.2725493907928467,17.455720901489258,0.017965031787753105,0.31553128361701965,22.803936004638672,0.005243320483714342,0.09451349079608917,29.307323455810547,0.0011729185935109854,22.313961029052734,0.0058695366606116295,0.10909296572208405
8487,155,17,3755,-1,2,22.464923858642578,0.21248412132263184,19.868896484375,0.2366894781589508,24.250503540039062,20.66608238220215,0.2684040367603302,18.66558837890625,22.98910140991211,0.10185612738132477,17.73520278930664,17.721050262451172,19.09326171875,0.25962868332862854,100.0,0.4152291715145111,0.5700213313102722,3755,3787,0.4333507716655731,0,0,0.005669013597071171,0.0037579380441457033,22.245332717895508,0.005963026080280542,0.2388697862625122,0.01030647661536932,0.2781796455383301,19.35605812072754,0.011598293669521809,0.3153060972690582,0.00857811514288187,0.0168453399091959,21.363065719604492,0.007306233514100313,0.29389992356300354,0.013596941716969013,0.29473254084587097,18.824066162109375,0.013109716586768627,0.3233844041824341,0.005024467129260302,0.016900325194001198,24.95201301574707,0.003197412472218275,0.09932881593704224,0.012321796268224716,0.0,18.471778869628906,0.014217458665370941,0.30288562178611755,23.78434944152832,0.004183745011687279,0.18449129164218903,32.26368713378906,0.0005937874666415155,23.245840072631836,0.004736046306788921,0.21633388102054596,20.385801315307617,0.009149976074695587,0.2523389160633087,19.778732299804688,0.010522689670324326,0.291123628616333,22.22266387939453,0.005994235631078482,0.22582852840423584,28.11201286315918,0.0015445381868630648,21.753013610839844,0.006678805220872164,0.2650168240070343,19.551025390625,0.01108913216739893,0.26561397314071655,18.989530563354492,0.012619641609489918,0.30481523275375366,26.219711303710938,0.0023879697546362877,0.06749122589826584,29.67231559753418,0.0010783715406432748,25.867931365966797,0.0025894464924931526,0.0773167684674263
8557,155,17,3825,-1,0,23.332120895385742,0.19924822449684143,20.80410385131836,0.25965258479118347,25.24278450012207,21.09272003173828,0.245167076587677,19.38698959350586,23.37289810180664,0.11204898357391357,17.715543746948242,17.844717025756836,19.821510314941406,0.21695339679718018,100.0,0.43281975388526917,0.599909245967865,3825,3857,0.4586566388607025,0,0,0.004642884712666273,0.002990348031744361,23.100589752197266,0.004897121340036392,0.2342652976512909,0.00830977875739336,0.23050077259540558,20.379493713378906,0.00916327629238367,0.2669612467288971,0.007775495294481516,0.016921764239668846,21.959712982177734,0.0063683767803013325,0.2757709324359894,0.011515985243022442,0.25749337673187256,19.74690818786621,0.010600080713629723,0.2878000736236572,0.004599494859576225,0.016425874084234238,25.559473037719727,0.002780051901936531,0.11637008190155029,0.010419551283121109,0.0,19.200031280517578,0.012022559531033039,0.25669020414352417,24.330541610717773,0.0036893156357109547,0.17837536334991455,32.701560974121094,0.000536839128471911,23.794151306152344,0.004174312110990286,0.21731628477573395,21.454864501953125,0.00715341791510582,0.20026974380016327,20.849567413330078,0.008223248645663261,0.23555037379264832,22.7083683013916,0.005359980743378401,0.20709559321403503,27.981788635253906,0.0015915536787360907,22.262327194213867,0.005939738359302282,0.24887226521968842,20.450971603393555,0.009013697504997253,0.22553867101669312,19.909622192382812,0.01021028496325016,0.2647271752357483,26.957618713378906,0.002014828845858574,0.07503558695316315,29.226390838623047,0.0011949805775657296,26.693918228149414,0.00214095925912261,0.0890447199344635
8692,155,17,3960,-1,3,24.041711807250977,0.19455009698867798,21.71778678894043,0.20704355835914612,25.92299461364746,21.552467346191406,0.23663383722305298,19.971317291259766,23.291900634765625,0.11030706018209457,17.889789581298828,17.84073257446289,20.42180824279785,0.28089991211891174,100.0,0.4055422842502594,0.5105350613594055,3960,3992,0.45405086874961853,0,0,0.003943019546568394,0.0025568227283656597,23.812952041625977,0.004156280308961868,0.22699157893657684,0.006733198184520006,0.2819916903972626,21.234760284423828,0.007525304798036814,0.33071961998939514,0.00699444767087698,0.01625628024339676,22.541799545288086,0.0055695497430861,0.263693630695343,0.010066264308989048,0.30501317977905273,20.380800247192383,0.00916051771491766,0.34563082456588745,0.00468608271330595,0.016440939158201218,25.409631729125977,0.002877643331885338,0.11426082253456116,0.009074429981410503,0.0,19.800329208374023,0.01047049555927515,0.32976609468460083,25.357084274291992,0.002912672935053706,0.1689647138118744,34.750633239746094,0.0003349165490362793,24.802703857421875,0.0033092505764216185,0.20356234908103943,22.183265686035156,0.006048858631402254,0.2624623477458954,21.5813045501709,0.00694815581664443,0.31235355138778687,23.472362518310547,0.0044953543692827225,0.19897308945655823,29.373737335205078,0.0011551184579730034,23.002283096313477,0.005009237211197615,0.23585405945777893,21.065704345703125,0.007824012078344822,0.2866865396499634,20.524219512939453,0.008862943388521671,0.3399677276611328,26.899070739746094,0.002042175503447652,0.08215601742267609,29.6708984375,0.0010787233477458358,26.594768524169922,0.0021903992164880037,0.09779131412506104
8820,155,17,4088,-1,3,24.431249618530273,0.1897258460521698,22.468156814575195,0.2146352380514145,25.507497787475586,21.668251037597656,0.23197567462921143,20.515106201171875,23.3353328704834,0.1140696108341217,17.619693756103516,17.809812545776367,21.328754425048828,0.14740139245986938,100.0,0.4013534486293793,0.5347785949707031,4088,4120,0.41822972893714905,0,0,0.0036047499161213636,0.0028135222382843494,24.287015914916992,0.003726477036252618,0.22925439476966858,0.005664797034114599,0.16021020710468292,22.151639938354492,0.006093067117035389,0.18990197777748108,0.0068104383535683155,0.017299378290772438,22.842676162719727,0.00519675575196743,0.2681884467601776,0.008881563320755959,0.1832798272371292,21.164749145507812,0.007647599093616009,0.20663133263587952,0.004639453254640102,0.01655842363834381,25.519487380981445,0.0028057654853910208,0.11614983528852463,0.007364183198660612,0.0,20.707275390625,0.008497134782373905,0.18028524518013,26.144954681396484,0.0024294310715049505,0.16592343151569366,34.273868560791016,0.00037377746775746346,25.613494873046875,0.0027456856332719326,0.20565533638000488,23.59746551513672,0.004367708694189787,0.1373106986284256,23.003576278686523,0.00500774709507823,0.1710444837808609,23.71469497680664,0.004251386504620314,0.19350484013557434,28.896774291992188,0.0012892063241451979,23.2724609375,0.004707105923444033,0.24026110768318176,22.036115646362305,0.006257318891584873,0.16297116875648499,21.52115821838379,0.007045053876936436,0.19926275312900543,26.550670623779297,0.0022127542179077864,0.0838509202003479,29.359561920166016,0.00115889438893646,26.243572235107422,0.002374886302277446,0.10120850801467896
9111,155,17,4379,-1,2,24.752696990966797,0.16715244948863983,22.095643997192383,0.21268506348133087,26.266775131225586,21.98656463623047,0.21064436435699463,20.275177001953125,23.362003326416016,0.10159625858068466,17.931781768798828,17.942731857299805,20.988428115844727,0.23314806818962097,100.0,0.37842997908592224,0.5620195865631104,4379,4411,0.43265366554260254,0,0,0.00334757543168962,0.0023622321896255016,24.560354232788086,0.0034991668071597815,0.20075231790542603,0.006172137334942818,0.24425135552883148,21.601394653320312,0.0069160861894488335,0.2903514802455902,0.006329124327749014,0.016099849715828896,23.164186477661133,0.004825935699045658,0.2377711832523346,0.009386032819747925,0.27003997564315796,20.799583435058594,0.008318432606756687,0.3092409372329712,0.004611049313098192,0.016059305518865585,25.451889038085938,0.0028497790917754173,0.1063937172293663,0.007964476011693478,0.0,20.36695098876953,0.009189779870212078,0.27777034044265747,26.52349281311035,0.0022266439627856016,0.14279845356941223,34.64353942871094,0.00034327799221500754,25.992218017578125,0.00251639261841774,0.1739790439605713,23.082550048828125,0.004917509388178587,0.21784628927707672,22.477954864501953,0.0056520309299230576,0.26079535484313965,24.083110809326172,0.00390561087988317,0.17765110731124878,28.228649139404297,0.0015036093536764383,23.690486907958984,0.004275149665772915,0.21220149099826813,21.691814422607422,0.006773588713258505,0.23786446452140808,21.18160057067871,0.007617984898388386,0.28346341848373413,26.551586151123047,0.002212288323789835,0.07206365466117859,28.833932876586914,0.0013079966884106398,26.28671646118164,0.0023514104541391134,0.08385180681943893
9501,155,17,4769,-1,0,20.51193618774414,0.2196897715330124,16.905101776123047,0.2566419243812561,21.4010066986084,18.777427673339844,0.26448801159858704,16.00897979736328,21.640642166137695,0.10776761174201965,17.231523513793945,17.742631912231445,15.975784301757812,0.34681570529937744,23.279542922973633,0.47244855761528015,0.5432166457176208,4769,4801,0.4651030898094177,0,0,0.008888044394552708,0.007242680061608553,20.38998031616211,0.009141177870333195,0.24722781777381897,0.020393412560224533,0.3525455594062805,16.427400588989258,0.02276458963751793,0.4041997790336609,0.013251264579594135,0.018916798755526543,19.072917938232422,0.012379644438624382,0.28772398829460144,0.025066973641514778,0.37185347080230713,15.824995994567871,0.02615172415971756,0.4106704592704773,0.006853870116174221,0.01681654527783394,22.739944458007812,0.00532115064561367,0.10307825356721878,0.025259321555495262,0.004699435085058212,15.463395118713379,0.028422381728887558,0.40038469433784485,21.566381454467773,0.006972073577344418,0.19943548738956451,24.038965225219727,0.003945513162761927,21.285614013671875,0.0074376980774104595,0.2311888486146927,17.344581604003906,0.01843070611357689,0.3260340392589569,16.839780807495117,0.020702462643384933,0.3762105107307434,19.663137435913086,0.010806530714035034,0.23826377093791962,22.383502960205078,0.00577629916369915,19.362760543823242,0.011580412276089191,0.2738083004951477,16.41530990600586,0.02282806485891342,0.3417033851146698,15.93394660949707,0.02550382912158966,0.39330509305000305,23.718488693237305,0.004247676115483046,0.07615157961845398,27.41966438293457,0.0018114804988726974,23.351253509521484,0.004622475244104862,0.08654659986495972
9562,155,17,4830,-1,1,22.586246490478516,0.19109758734703064,20.141069412231445,0.23468005657196045,25.878490447998047,20.751834869384766,0.22915488481521606,18.96872329711914,23.17803955078125,0.11516299843788147,17.887266159057617,17.729061126708984,19.376991271972656,0.2950282692909241,100.0,0.48185044527053833,0.4870392084121704,4830,4862,0.5092980861663818,0,0,0.005512841511517763,0.002583158202469349,22.244945526123047,0.005963561590760946,0.23152901232242584,0.009680390357971191,0.3077586591243744,19.639612197875977,0.0108652263879776,0.3648172914981842,0.008410399779677391,0.01626572012901306,21.425537109375,0.007201889529824257,0.2681032121181488,0.012680242769420147,0.3352642357349396,19.168781280517578,0.012109381146728992,0.3866030275821686,0.00481056421995163,0.01686917617917061,25.293848037719727,0.002955392701551318,0.12623754143714905,0.011542527936398983,0.0,18.755510330200195,0.013318302109837532,0.35030779242515564,23.600387573242188,0.004364768974483013,0.16857114434242249,34.287208557128906,0.00037263144622556865,23.028629302978516,0.004978944081813097,0.20512866973876953,20.850847244262695,0.008220828138291836,0.28845182061195374,20.245758056640625,0.009449837729334831,0.34893351793289185,22.086017608642578,0.006185834761708975,0.20233193039894104,26.69910430908203,0.002138403244316578,21.669475555419922,0.006808517035096884,0.24693560600280762,19.95159339904785,0.01011208351701498,0.3133656680583954,19.446327209472656,0.011359713971614838,0.3783612847328186,25.975631713867188,0.0025260192342102528,0.09462128579616547,26.987016677856445,0.002001237589865923,25.83899688720703,0.0026067551225423813,0.11586735397577286
9651,155,17,4951,-1,0,22.594100952148438,0.20825080573558807,18.62043571472168,0.2298610657453537,25.671693801879883,20.544086456298828,0.24988257884979248,17.614879608154297,22.915088653564453,0.11240294575691223,18.09361457824707,17.979721069335938,17.873685836791992,0.18916311860084534,100.0,0.3658057153224945,0.6283692717552185,4951,4983,0.42197465896606445,0,0,0.005502877291291952,0.0027091356460005045,22.26749038696289,0.00593268359079957,0.2409144937992096,0.013739043846726418,0.20736408233642578,18.101654052734375,0.015482272021472454,0.2393580824136734,0.008822496049106121,0.015510953962802887,21.082672119140625,0.007793502416461706,0.2837926745414734,0.017318569123744965,0.23489703238010406,17.570926666259766,0.01749473437666893,0.25970393419265747,0.0051108249463140965,0.015923108905553818,24.625089645385742,0.003447397146373987,0.11556516587734222,0.016316667199134827,0.0,17.252206802368164,0.01882692240178585,0.2221205234527588,23.670032501220703,0.0042953332886099815,0.17172536253929138,35.07178497314453,0.00031104384106583893,23.090688705444336,0.004908300936222076,0.20391249656677246,19.004480361938477,0.012576275505125523,0.17722558975219727,18.391578674316406,0.014482454396784306,0.20939479768276215,22.06851577758789,0.006210814230144024,0.21384793519973755,30.37034797668457,0.0009182591456919909,21.533504486083984,0.007025053258985281,0.2547435462474823,18.315189361572266,0.014739446341991425,0.20851454138755798,17.72330665588379,0.016891542822122574,0.24413198232650757,26.284835815429688,0.00235242978669703,0.0731496587395668,31.370336532592773,0.0007294007809832692,25.846717834472656,0.002602126682177186,0.08759897947311401
9652,155,17,4952,-1,1,22.57495880126953,0.22370851039886475,19.630727767944336,0.22726932168006897,25.813282012939453,20.47466278076172,0.2742961347103119,18.43052864074707,22.931833267211914,0.1118369773030281,17.91682243347168,17.98139190673828,18.735464096069336,0.19884254038333893,100.0,0.3060561716556549,0.7425739169120789,4952,4984,0.42203259468078613,0,0,0.005527187138795853,0.0026222364977002144,22.237272262573242,0.005974102765321732,0.25593844056129456,0.01088747475296259,0.22436247766017914,19.11817169189453,0.01225131843239069,0.258449912071228,0.0089646577835083,0.016155406832695007,21.04666519165039,0.007858389057219028,0.3045101761817932,0.014353150501847267,0.2494402825832367,18.504234313964844,0.014111618511378765,0.2751583158969879,0.005091159138828516,0.015916982665657997,24.65257453918457,0.003425647970288992,0.11248505115509033,0.01337992213666439,0.0,18.113983154296875,0.015438372269272804,0.23084676265716553,23.744678497314453,0.004222135059535503,0.1892203986644745,35.10160827636719,0.00030891498317942023,23.1657772064209,0.0048241694457829,0.22147980332374573,20.07845115661621,0.00982098001986742,0.19123941659927368,19.466548919677734,0.011306941509246826,0.22421830892562866,22.089921951293945,0.00618027476593852,0.23027361929416656,30.21177101135254,0.000952407659497112,21.55860710144043,0.0069845630787312984,0.26863378286361694,19.237939834594727,0.01191807258874178,0.21548570692539215,18.65204620361328,0.01363940630108118,0.25101861357688904,26.433401107788086,0.0022733164951205254,0.06999196857213974,31.26500701904297,0.0007473073783330619,26.006574630737305,0.002508087083697319,0.08121664822101593
9660,155,17,4960,-1,1,21.749610900878906,0.19062654674053192,19.283164978027344,0.2343352884054184,25.085372924804688,19.999740600585938,0.23555830121040344,18.17408561706543,23.113113403320312,0.08715539425611496,17.98769760131836,18.04750633239746,18.397062301635742,0.20108936727046967,100.0,0.36371397972106934,0.6442845463752747,4960,4992,0.4075242578983307,0,0,0.006684040650725365,0.003100721165537834,21.40542221069336,0.007235320750623941,0.21822883188724518,0.011794603429734707,0.2096121609210968,18.77690887451172,0.013252847827970982,0.23827151954174042,0.010000599548220634,0.015893887728452682,20.412479400634766,0.009093941189348698,0.2621702551841736,0.01522619929164648,0.2378884106874466,18.20992660522461,0.015101059339940548,0.26117175817489624,0.004883022513240576,0.015676505863666534,24.9180908203125,0.0032224864698946476,0.08538804948329926,0.014464180916547775,0.0,17.77558135986328,0.016689438372850418,0.2319048047065735,22.687286376953125,0.005386062432080507,0.1701088547706604,32.951377868652344,0.0005068302270956337,22.12063980102539,0.006136713549494743,0.20004679262638092,19.722654342651367,0.010659445077180862,0.19215722382068634,19.110301971435547,0.012273536995053291,0.22332896292209625,21.28929901123047,0.007431393023580313,0.20802628993988037,29.383991241455078,0.0011523945722728968,20.758554458618164,0.008397393859922886,0.243123859167099,18.96711540222168,0.012684941291809082,0.215767040848732,18.381637573242188,0.014515649527311325,0.2507413923740387,26.323333740234375,0.002331668743863702,0.06309013068675995,31.50311279296875,0.0007074386230669916,25.881195068359375,0.0025815502740442753,0.0746748223900795
9815,168,17,95,-1,3,21.445053100585938,0.2224581241607666,17.786178588867188,0.23679399490356445,25.692588806152344,19.354576110839844,0.2735818326473236,16.73914909362793,21.712112426757812,0.10018251836299896,17.773693084716797,17.86355209350586,16.845916748046875,0.3376820683479309,100.0,0.4696434438228607,0.5041995048522949,95,127,0.45257124304771423,0,0,0.007169598713517189,0.0026961329858750105,21.046977996826172,0.007857824675738811,0.2510323226451874,0.01664876751601696,0.3617374897003174,17.230972290039062,0.01891920156776905,0.4150950610637665,0.011602256447076797,0.016696704551577568,19.6583309173584,0.010818496346473694,0.2984722852706909,0.021187765523791313,0.3826531767845154,16.57794189453125,0.021989012137055397,0.4243601858615875,0.006742000579833984,0.01635477878153324,22.787574768066406,0.005263111088424921,0.09361577779054642,0.020673230290412903,0.0,16.224437713623047,0.0238537285476923,0.3927098214626312,22.740222930908203,0.005320809781551361,0.2008005827665329,34.09771728515625,0.00038924970431253314,22.161314010620117,0.006079511251300573,0.23325228691101074,18.31842613220215,0.014728465117514133,0.3332133889198303,17.705093383789062,0.016962530091404915,0.3884832262992859,20.793212890625,0.008330645971000195,0.24086728692054749,30.433950424194336,0.0009049089276231825,20.235095977783203,0.009473067708313465,0.2769550681114197,17.450395584106445,0.017987068742513657,0.34719401597976685,16.854888916015625,0.020630573853850365,0.40333619713783264,24.594989776611328,0.003471372416242957,0.06968165934085846,31.15546989440918,0.0007663958240300417,24.103269577026367,0.0038875227328389883,0.0781192034482956
10125,168,17,405,-1,1,18.65142059326172,0.20374324917793274,18.25149154663086,0.2776779234409332,24.399158477783203,17.683202743530273,0.22664666175842285,17.343610763549805,21.840961456298828,0.09731294959783554,17.926271438598633,18.138708114624023,17.48424530029297,0.16368186473846436,37.060516357421875,0.3569907248020172,0.7778295278549194,405,437,0.459116667509079,0,0,0.013641368597745895,0.0036314832977950573,18.1868953704834,0.015181351453065872,0.22982974350452423,0.014957224018871784,0.18746420741081238,17.753894805908203,0.016772985458374023,0.2076483964920044,0.017048252746462822,0.016120288521051407,17.646984100341797,0.017191018909215927,0.24890893697738647,0.01843482255935669,0.20845875144004822,17.22626495361328,0.01893972046673298,0.22104519605636597,0.006544914562255144,0.015350732952356339,22.848182678222656,0.005190172698348761,0.09488523751497269,0.017847420647740364,0.00019676527881529182,16.869155883789062,0.020562905818223953,0.18368548154830933,19.46379852294922,0.011314106173813343,0.17461110651493073,30.608213424682617,0.0008693179115653038,18.887041091918945,0.01292099617421627,0.1997060477733612,19.054988861083984,0.012430860660970211,0.16118264198303223,18.452537536621094,0.014280596747994423,0.18239332735538483,18.405839920043945,0.014434976503252983,0.1922225058078766,27.514102935791016,0.0017725146608427167,17.856054306030273,0.01638304628431797,0.21848316490650177,18.073699951171875,0.015582243911921978,0.18332673609256744,17.49429702758789,0.0178061593323946,0.20537537336349487,24.0032958984375,0.00397805031388998,0.07209908217191696,29.42305564880371,0.0011420748196542263,23.551328659057617,0.004414353985339403,0.07978924363851547
10317,168,17,597,-1,1,15.568384170532227,0.3285022974014282,14.114521026611328,0.3218918442726135,23.361398696899414,14.721416473388672,0.3751371204853058,13.462777137756348,20.22052574157715,0.12707962095737457,17.60101318359375,17.825824737548828,13.496454238891602,0.28881680965423584,32.71884536743164,0.45956292748451233,0.7004303932189941,597,629,0.4907169044017792,0,0,0.027743525803089142,0.004611690063029528,15.044241905212402,0.03130226954817772,0.36157846450805664,0.03877466171979904,0.3003109097480774,13.552827835083008,0.04412830248475075,0.33310970664024353,0.03371773660182953,0.017373956739902496,14.409056663513184,0.03623216599225998,0.4102495312690735,0.04505285620689392,0.32464316487312317,13.071744918823242,0.04929758235812187,0.3527064919471741,0.009504895657300949,0.016497472301125526,20.74217987060547,0.008429114706814289,0.12889167666435242,0.0447048544883728,0.0005347062251530588,12.881906509399414,0.05150025710463524,0.3252025544643402,15.739151000976562,0.026673801243305206,0.29965972900390625,27.871566772460938,0.0016324633033946157,15.1532564163208,0.030526313930749893,0.3360520601272583,14.406328201293945,0.036254942417144775,0.27581703662872314,13.794388771057129,0.041740838438272476,0.3115464746952057,14.917387008666992,0.03223007544875145,0.33756017684936523,25.502994537353516,0.0028164417017251253,14.346807479858398,0.03675524890422821,0.37927839159965515,13.733642578125,0.042328786104917526,0.30904972553253174,13.136194229125977,0.04857140779495239,0.3480348587036133,21.800106048583984,0.006606776732951403,0.09908579289913177,27.375598907470703,0.0018299544462934136,21.34204864501953,0.007341672666370869,0.11197750270366669
10402,168,17,682,-1,2,23.63558006286621,0.1465100795030594,21.948692321777344,0.22482267022132874,26.12388801574707,21.31209373474121,0.20436911284923553,20.180627822875977,23.084331512451172,0.10192917287349701,17.740480422973633,17.692588806152344,20.943286895751953,0.11591275781393051,100.0,0.32895293831825256,0.6834493279457092,682,714,0.4747921824455261,0,0,0.004329541232436895,0.0024412439670413733,23.353534698486328,0.004620048683136702,0.1674334853887558,0.006384558510035276,0.13149002194404602,21.462270736694336,0.007141225505620241,0.1500709503889084,0.007392488420009613,0.016824882477521896,22.261146545410156,0.005941350944340229,0.21948736906051636,0.009592615999281406,0.17811918258666992,20.72150230407715,0.00846934225410223,0.18741613626480103,0.0049154916778206825,0.017011437565088272,25.150489807128906,0.0030545771587640047,0.09967811405658722,0.008047696202993393,0.0,20.321805953979492,0.009285803884267807,0.13448172807693481,25.21222686767578,0.0030114634428173304,0.12516431510448456,34.301578521728516,0.0003714002959895879,24.66275405883789,0.0034176271874457598,0.14683809876441956,22.943504333496094,0.005077497102320194,0.11924978345632553,22.341367721557617,0.0058326153084635735,0.13811001181602478,23.109874725341797,0.004886665381491184,0.17712810635566711,26.91596794128418,0.0020342455245554447,22.736398696899414,0.00532549899071455,0.2058616578578949,21.525833129882812,0.007037471979856491,0.15338651835918427,21.060951232910156,0.007832583039999008,0.1760558784008026,26.06094741821289,0.002476881491020322,0.0809517502784729,26.92115020751953,0.002031818963587284,25.942520141601562,0.0025453525595366955,0.0929584801197052
10468,168,17,748,-1,0,23.4305477142334,0.13612505793571472,20.69866371154785,0.2060927003622055,25.578229904174805,21.11980628967285,0.18897847831249237,19.2711238861084,22.643442153930664,0.09635908901691437,17.60569953918457,17.720199584960938,19.78931999206543,0.2233591228723526,100.0,0.4206298887729645,0.489962100982666,748,780,0.4516385495662689,0,0,0.0045388443395495415,0.0027680699713528156,23.17740249633789,0.004811271093785763,0.15980306267738342,0.008513997308909893,0.23333145678043365,20.208782196044922,0.009530636481940746,0.277387410402298,0.007727149408310652,0.017355216667056084,22.044044494628906,0.006245909258723259,0.212319016456604,0.011827357113361359,0.25175032019615173,19.581132888793945,0.01101252157241106,0.29042044281959534,0.005440711043775082,0.01690363697707653,24.344846725463867,0.003677183762192726,0.10110411792993546,0.010497069917619228,0.0,19.1678409576416,0.01211200375109911,0.2701451778411865,25.24237632751465,0.002990629058331251,0.12012846767902374,32.18348693847656,0.0006048552459105849,24.739620208740234,0.003357670968398452,0.14621999859809875,21.581993103027344,0.006947053596377373,0.22040173411369324,20.977367401123047,0.007984785363078117,0.2692689597606659,22.964279174804688,0.005053265485912561,0.1602238565683365,27.417774200439453,0.0018122687470167875,22.555599212646484,0.0055518802255392075,0.1937393844127655,20.41619110107422,0.00908617116510868,0.23091469705104828,19.877059936523438,0.010287127457559109,0.282193660736084,25.57070541381836,0.002772870473563671,0.07753556966781616,28.64455795288086,0.0013662951532751322,25.244352340698242,0.0029892665334045887,0.09270778298377991
10767,168,17,1047,-1,3,19.363412857055664,0.3087952136993408,17.441268920898438,0.3115820288658142,22.752771377563477,18.1341609954834,0.34005704522132874,16.5004940032959,22.07191276550293,0.106451116502285,17.534177780151367,17.847827911376953,16.53278923034668,0.3706989884376526,100.0,0.5142924189567566,0.6058460474014282,1047,1079,0.48762020468711853,0,0,0.01157867256551981,0.0053054592572152615,19.015714645385742,0.012543781660497189,0.35307663679122925,0.01802491582930088,0.38665586709976196,16.89211082458496,0.02045449987053871,0.4436127841472626,0.015366819687187672,0.0176434013992548,18.23429298400879,0.015016576275229454,0.38205263018608093,0.02238467149436474,0.3987666964530945,16.339008331298828,0.02323267050087452,0.44602635502815247,0.006205958779901266,0.01641410030424595,23.33905792236328,0.004635476041585207,0.10687597095966339,0.022218827158212662,0.0,15.911310195922852,0.025637108832597733,0.4276416301727295,19.850933074951172,0.01034920196980238,0.2838677167892456,28.311521530151367,0.001475190045312047,19.312786102294922,0.011714435182511806,0.3287808895111084,17.832490921020508,0.01647217385470867,0.36199823021888733,17.21748924255371,0.01897803321480751,0.42007893323898315,18.806276321411133,0.013163533993065357,0.30931219458580017,26.390743255615234,0.002295756246894598,18.28697967529297,0.014835500158369541,0.35596203804016113,17.070383071899414,0.019631873816251755,0.3763807713985443,16.492578506469727,0.02242550626397133,0.4339081346988678,24.60733413696289,0.0034615187905728817,0.08128271251916885,28.572349548339844,0.0013892005663365126,24.224693298339844,0.0037803370505571365,0.09348896890878677
10820,168,17,1100,-1,0,17.03976058959961,0.25074952840805054,15.179666519165039,0.2949376106262207,25.06814956665039,15.819610595703125,0.28632456064224243,14.31761360168457,19.69002914428711,0.12301205098628998,17.812702178955078,18.19190216064453,14.165609359741211,0.24035057425498962,100.0,0.5013798475265503,0.5882518291473389,1100,1132,0.4290871322154999,0,0,0.0197707861661911,0.0031130416318774223,16.51042938232422,0.02233351767063141,0.2831365466117859,0.030341237783432007,0.26601555943489075,14.581328392028809,0.034823086112737656,0.30787503719329834,0.026184184476733208,0.01654740236699581,15.580416679382324,0.027666764333844185,0.3145422637462616,0.03700315207242966,0.2904868423938751,13.940361022949219,0.0403611920773983,0.3217640519142151,0.010739820078015327,0.015163865871727467,19.974367141723633,0.01005919836461544,0.12752246856689453,0.038321200758218765,0.0,13.5441312789917,0.04421676695346832,0.2780972123146057,17.712961196899414,0.01693182997405529,0.22927384078502655,31.460485458374023,0.0007144164410419762,17.115985870361328,0.01942681521177292,0.26368752121925354,15.561508178710938,0.02778748981654644,0.24819092452526093,14.943788528442383,0.0320347435772419,0.2888930141925812,16.406200408935547,0.02287599816918373,0.25951945781707764,27.143672943115234,0.0019303351873531938,15.833860397338867,0.026098407804965973,0.29865992069244385,14.708504676818848,0.03381812572479248,0.26954320073127747,14.117446899414062,0.03874853998422623,0.30948400497436523,21.107158660888672,0.007749689277261496,0.1015121340751648,27.592853546142578,0.0017406630795449018,20.61772918701172,0.008674154058098793,0.1138773262500763
11174,168,17,1486,-1,2,23.110782623291016,0.18632280826568604,19.09151840209961,0.18732623755931854,27.19975471496582,20.885372161865234,0.22309626638889313,17.995798110961914,22.56768798828125,0.09113740175962448,17.821073532104492,17.902341842651367,18.500646591186523,0.32350611686706543,100.0,0.38279208540916443,0.48936811089515686,1486,1518,0.43719571828842163,0,0,0.004885641857981682,0.001905568758957088,22.721242904663086,0.005344114266335964,0.2195148766040802,0.0123267387971282,0.3362191617488861,18.546762466430664,0.013974097557365894,0.3971220850944519,0.008155731484293938,0.016515538096427917,21.630680084228516,0.006869608070701361,0.2468540072441101,0.015864279121160507,0.3524807095527649,18.009613037109375,0.01581389643251896,0.40111443400382996,0.005536452401429415,0.01620936021208763,24.09552001953125,0.003894466208294034,0.08761942386627197,0.014123277738690376,0.0,17.879165649414062,0.016296090558171272,0.38730305433273315,24.849613189697266,0.003273699665442109,0.1620163768529892,36.05555725097656,0.00024799598031677306,24.2722225189209,0.0037391926161944866,0.19390210509300232,19.669845581054688,0.010789855383336544,0.3242875337600708,19.056629180908203,0.012426164001226425,0.3894657492637634,22.922494888305664,0.005102118477225304,0.18386881053447723,30.89520263671875,0.0008137290715239942,22.394367218017578,0.00576187064871192,0.21860626339912415,18.927371978759766,0.012801560573279858,0.33135902881622314,18.33558464050293,0.014670388773083687,0.39597126841545105,26.018810272216797,0.0025010311510413885,0.053315334022045135,32.13606643676758,0.000611495750490576,25.541269302368164,0.00279172882437706,0.061543166637420654
11222,168,17,1534,-1,2,16.630605697631836,0.24727526307106018,15.465730667114258,0.33366280794143677,25.334537506103516,15.694854736328125,0.29221242666244507,14.753312110900879,20.67540168762207,0.10545062273740768,18.038127899169922,18.29511833190918,14.777416229248047,0.3170207738876343,33.24781036376953,0.485577791929245,0.6871459484100342,1534,1566,0.47598689794540405,0,0,0.02172398567199707,0.0029278325382620096,16.087879180908203,0.0246156994253397,0.2766079902648926,0.028407106176018715,0.3373180031776428,14.91585922241211,0.03224141150712967,0.3774663507938385,0.0269472599029541,0.01571040414273739,15.424814224243164,0.028676005080342293,0.3192295432090759,0.03347101807594299,0.34532496333122253,14.41047191619873,0.03622036054730415,0.3756512403488159,0.008559728041291237,0.01480772066861391,21.19272232055664,0.007598497439175844,0.10107523202896118,0.033285751938819885,0.00047338969307020307,14.164180755615234,0.03833380714058876,0.3623177409172058,17.13189125061035,0.019355790689587593,0.22384101152420044,34.8819580078125,0.0003249409783165902,16.520145416259766,0.022283613681793213,0.2560567557811737,15.923529624938965,0.025565074756741524,0.31355294585227966,15.314949989318848,0.029410677030682564,0.35757699608802795,16.272567749023438,0.02359083481132984,0.250490665435791,29.916934967041016,0.0010193102061748505,15.676179885864258,0.02706337533891201,0.28820863366127014,15.224159240722656,0.030031993985176086,0.3200238347053528,14.627676010131836,0.03445342928171158,0.3653569519519806,22.789066314697266,0.005261305253952742,0.06500399857759476,30.384986877441406,0.0009151695994660258,22.26949691772461,0.005929942242801189,0.0752258151769638
11642,168,17,1954,-1,2,19.652070999145508,0.33598530292510986,16.8981990814209,0.35478702187538147,22.290462493896484,18.75531005859375,0.35335543751716614,16.360599517822266,23.403215408325195,0.08046864718198776,17.906391143798828,18.209270477294922,16.490489959716797,0.3584766685962677,100.0,0.488800972700119,0.7258312702178955,1954,1986,0.42127570509910583,0,0,0.010834102518856525,0.005901381839066744,19.358049392700195,0.011592982336878777,0.387218713760376,0.02042584866285324,0.3510829210281372,16.35776138305664,0.023132573813199997,0.41157108545303345,0.013318919576704502,0.016194254159927368,18.902000427246094,0.012876560911536217,0.4004274606704712,0.02311745658516884,0.368406742811203,16.136728286743164,0.024340366944670677,0.4210640490055084,0.004567501600831747,0.015103336423635483,25.306781768798828,0.002946604276075959,0.07800456881523132,0.022436290979385376,0.0,15.869010925292969,0.025888031348586082,0.42109906673431396,19.8659610748291,0.010313449427485466,0.31209826469421387,29.665340423583984,0.0010801049647852778,19.305551528930664,0.011733963154256344,0.3655861020088196,17.000219345092773,0.01995161548256874,0.3493921756744385,16.385452270507812,0.022985544055700302,0.41285914182662964,19.24459457397461,0.011899825185537338,0.31753528118133545,26.362401962280273,0.002310785697773099,18.737043380737305,0.013375062495470047,0.3700185716152191,16.694543838500977,0.021406497806310654,0.35736146569252014,16.112438201904297,0.02447688765823841,0.42060840129852295,26.85431671142578,0.0020633284002542496,0.05128708481788635,28.649032592773438,0.0013648878084495664,26.63384246826172,0.002170780673623085,0.05883776769042015
11691,168,17,2003,-1,3,24.668901443481445,0.13140499591827393,23.18616485595703,0.17123965919017792,26.47384262084961,22.195480346679688,0.16376927495002747,21.2227725982666,24.722179412841797,0.07130078226327896,18.03228187561035,18.21990203857422,22.57373046875,0.07815998792648315,100.0,0.28428933024406433,0.6023429036140442,2003,2035,0.4480229318141937,0,0,0.0034127929247915745,0.002252246020361781,24.447437286376953,0.0035913388710469007,0.15279975533485413,0.004801574628800154,0.09930098056793213,22.68440055847168,0.005389644298702478,0.11420508474111557,0.006031871307641268,0.0157315656542778,23.4298152923584,0.00453961081802845,0.17763152718544006,0.007546104025095701,0.11969923973083496,21.978609085083008,0.006340727675706148,0.11996437609195709,0.0033711816649883986,0.015066412277519703,28.035709381103516,0.001571915578097105,0.06426031142473221,0.00552874943241477,0.0,21.952251434326172,0.006379325874149799,0.09283065050840378,25.23287582397461,0.0029971764888614416,0.11141335219144821,34.377662658691406,0.0003649505088105798,24.682485580444336,0.003402134170755744,0.13390561938285828,23.333724975585938,0.004641169682145119,0.07885400950908661,22.7255859375,0.005338773131370544,0.09402260184288025,24.060684204101562,0.003925831988453865,0.12807705998420715,28.302839279174805,0.0014781422214582562,23.662891387939453,0.0043023996986448765,0.15292958915233612,22.546178817749023,0.005563934333622456,0.08879707753658295,22.06192398071289,0.006220248993486166,0.10445667803287506,29.098712921142578,0.0012306331191211939,0.035371046513319016,28.909788131713867,0.0012853494845330715,29.128524780273438,0.00122221524361521,0.041277386248111725
11774,168,17,2118,-1,2,21.20423126220703,0.19836021959781647,18.80518341064453,0.23246030509471893,25.775917053222656,19.519203186035156,0.24339500069618225,17.67700958251953,22.496509552001953,0.09858290106058121,18.071563720703125,18.03164291381836,17.669466018676758,0.20395036041736603,100.0,0.37329575419425964,0.6227242350578308,2118,2150,0.42293739318847656,0,0,0.007578390184789896,0.002644895575940609,20.789701461791992,0.00833738874644041,0.22408467531204224,0.01316684577614069,0.2125614434480667,18.25172996520996,0.014956394210457802,0.2374364733695984,0.011170685291290283,0.015589909628033638,19.791912078857422,0.010490803979337215,0.2700032591819763,0.01707257330417633,0.23769475519657135,17.611501693725586,0.01733204536139965,0.25825515389442444,0.005627934355288744,0.015733882784843445,23.900672912597656,0.004073173273354769,0.0983630120754242,0.017102258279919624,0.0,17.04798698425293,0.019733374938368797,0.23344995081424713,22.049240112304688,0.006238437257707119,0.17079907655715942,35.030216217041016,0.00031403539469465613,21.457008361816406,0.007149883545935154,0.1982022523880005,19.056262969970703,0.012427215464413166,0.19585098326206207,18.440959930419922,0.01431871484965086,0.22371767461299896,20.75503158569336,0.008404213935136795,0.20648735761642456,30.548694610595703,0.0008813139284029603,20.1947021484375,0.009561583399772644,0.2401517629623413,18.285114288330078,0.014841869473457336,0.21831375360488892,17.69122314453125,0.017016790807247162,0.2508963644504547,25.33629608154297,0.002926647663116455,0.0674111396074295,31.781288146972656,0.0006635465542785823,24.848129272460938,0.0032748167868703604,0.08037242293357849
11811,168,17,2155,-1,3,23.237834930419922,0.19359387457370758,20.38058853149414,0.22175955772399902,26.141265869140625,21.20034408569336,0.23224419355392456,19.170198440551758,23.450355529785156,0.09935583919286728,18.01914405822754,18.114765167236328,19.5842342376709,0.18215984106063843,100.0,0.3492414951324463,0.6349748373031616,2155,2187,0.4057677686214447,0,0,0.004744785372167826,0.0024314955808222294,22.923725128173828,0.005100675858557224,0.22405605018138885,0.009160968475043774,0.20379121601581573,19.90393829345703,0.010223652236163616,0.2329084873199463,0.007585175335407257,0.015779221430420876,21.989700317382812,0.006324552930891514,0.26311808824539185,0.012105429545044899,0.22441989183425903,19.390316009521484,0.011507167480885983,0.24835507571697235,0.004518189933151007,0.0154355987906456,25.468975067138672,0.0028385890182107687,0.10053292661905289,0.011004660278558731,0.0,18.962757110595703,0.012697683647274971,0.21278691291809082,24.556848526000977,0.003501992905512452,0.1635126769542694,35.101951599121094,0.0003088907396886498,23.98674774169922,0.003993239253759384,0.1921861320734024,20.92653465270996,0.008078795857727528,0.17575910687446594,20.317773818969727,0.009294426068663597,0.20595936477184296,23.081966400146484,0.004918169695883989,0.20065148174762726,30.01140785217285,0.0009973767446354032,22.57953453063965,0.0055213687010109425,0.2375233918428421,20.13974952697754,0.009683338925242424,0.19861122965812683,19.563365936279297,0.01105767022818327,0.2333209216594696,27.044944763183594,0.0019747198093682528,0.07060722261667252,30.877960205078125,0.000816966115962714,26.669891357421875,0.0021528357174247503,0.08420414477586746
11853,168,17,2197,-1,1,23.968517303466797,0.1670122742652893,21.804494857788086,0.20456340909004211,25.97800064086914,21.711063385009766,0.21299397945404053,20.169025421142578,22.995729446411133,0.10380980372428894,18.133750915527344,17.89418601989746,20.749013900756836,0.1283976435661316,100.0,0.34475255012512207,0.5933629870414734,2197,2229,0.45324912667274475,0,0,0.00401003472507,0.002524643437936902,23.727819442749023,0.004238556604832411,0.20001167058944702,0.00660009915009141,0.15195582807064056,21.377357482910156,0.007282228674739599,0.17560690641403198,0.0067436303943395615,0.015368272550404072,22.662601470947266,0.005416762549430132,0.244895339012146,0.009618286974728107,0.17844922840595245,20.63380241394043,0.008642109110951424,0.19498857855796814,0.005016801878809929,0.0162398312240839,24.827802658081055,0.00329018197953701,0.10919899493455887,0.00841586198657751,0.0,20.127534866333008,0.009710610844194889,0.1534246802330017,25.906585693359375,0.0025665010325610638,0.15310494601726532,33.46412658691406,0.0004503884701989591,25.38793182373047,0.0028920569457113743,0.18891339004039764,23.136690139770508,0.004856586456298828,0.1278015673160553,22.5335693359375,0.0055801160633563995,0.15263445675373077,23.631595611572266,0.00433351518586278,0.17715045809745789,29.55375862121582,0.0011082157725468278,23.160783767700195,0.004829715006053448,0.21591760218143463,21.665687561035156,0.006814455147832632,0.14958736300468445,21.112045288085938,0.007740972097963095,0.17757543921470642,26.146928787231445,0.0024283272214233875,0.08082370460033417,31.112178802490234,0.000774073414504528,25.71407127380371,0.0026828281115740538,0.09729691594839096
11922,168,17,2266,-1,2,22.097787857055664,0.15934158861637115,18.316957473754883,0.21375253796577454,26.4305419921875,19.906452178955078,0.20791159570217133,17.114498138427734,21.86281394958496,0.11277315765619278,18.062641143798828,18.004669189453125,17.278141021728516,0.2646135985851288,100.0,0.4398392140865326,0.4859788119792938,2266,2298,0.457597553730011,0,0,0.006169092375785112,0.002274813363328576,21.695261001586914,0.00676821218803525,0.18231453001499176,0.014733447693288326,0.2797171473503113,17.763586044311523,0.016735609620809555,0.3180988132953644,0.010217736475169659,0.015621976926922798,20.275049209594727,0.009386315010488033,0.2263426035642624,0.019433464854955673,0.3052748441696167,17.00372314453125,0.019935527816414833,0.3339232802391052,0.006512063089758158,0.015831906348466873,22.942867279052734,0.005078240763396025,0.10951536893844604,0.01871482841670513,0.0,16.65666389465332,0.021594032645225525,0.30368977785110474,23.243579864501953,0.004738513845950365,0.13123564422130585,36.22686767578125,0.00023840392532292753,22.651330947875977,0.00543083855882287,0.1552899032831192,18.684654235839844,0.013537383638322353,0.25472307205200195,18.06920623779297,0.01559838093817234,0.29604193568229675,21.375572204589844,0.007285221479833126,0.16597601771354675,30.0596981048584,0.0009863480227068067,20.833208084106445,0.008254279382526875,0.19279545545578003,17.827293395996094,0.016491899266839027,0.27304235100746155,17.2364444732666,0.018895383924245834,0.31357377767562866,24.829309463500977,0.003289040643721819,0.07536150515079498,30.779640197753906,0.0008356721955351532,24.357505798339844,0.003666482400149107,0.08529946208000183
11939,168,17,2283,-1,3,20.589557647705078,0.2629127502441406,18.284542083740234,0.27028223872184753,25.27003288269043,19.037029266357422,0.3166050314903259,17.294471740722656,22.747106552124023,0.12122370302677155,18.058143615722656,18.15589714050293,17.351032257080078,0.2675146162509918,100.0,0.3590245544910431,0.7528238296508789,2283,2315,0.44350123405456543,0,0,0.008730605244636536,0.0029716447461396456,20.169784545898438,0.009616599418222904,0.3054503798484802,0.014843830838799477,0.2795383036136627,17.784135818481445,0.01665661111474037,0.3207647502422333,0.012482371181249619,0.015638165175914764,19.20932388305664,0.011996863409876823,0.36623483896255493,0.018644586205482483,0.3108914792537689,17.199384689331055,0.01905731111764908,0.34937092661857605,0.00531238317489624,0.015290100127458572,24.228126525878906,0.0037773498333990574,0.12769998610019684,0.018403351306915283,0.0,16.729551315307617,0.021234635263681412,0.3124491572380066,21.172054290771484,0.007634748704731464,0.2342579960823059,33.314849853515625,0.00046613882295787334,20.58607292175293,0.008737611584365368,0.28292033076286316,18.604324340820312,0.013790101744234562,0.2640269696712494,17.994861602783203,0.015867700800299644,0.3087053596973419,20.066082000732422,0.009848990477621555,0.27051690220832825,29.665950775146484,0.0010799531592056155,19.508567810058594,0.011198073625564575,0.3262717127799988,17.932567596435547,0.016096942126750946,0.2889406979084015,17.345474243164062,0.018426910042762756,0.33813416957855225,25.78207015991211,0.002641149330884218,0.0863507017493248,30.053327560424805,0.0009877964621409774,25.382747650146484,0.002895511919632554,0.1031297892332077
11996,168,17,2340,-1,0,18.056001663208008,0.3192482590675354,15.69979476928711,0.32751715183258057,23.26571273803711,16.943599700927734,0.3555688261985779,15.014848709106445,21.889781951904297,0.09917105734348297,17.80967903137207,18.23802375793457,14.979229927062988,0.3261302709579468,100.0,0.4974023997783661,0.6584551334381104,2340,2372,0.43617719411849976,0,0,0.01564587466418743,0.004714426584541798,17.612607955932617,0.01732763648033142,0.3639127314090729,0.0269166249781847,0.33842211961746216,15.11701488494873,0.030782124027609825,0.3927149772644043,0.02021343633532524,0.016558920964598656,16.824451446533203,0.02077566832304001,0.39661553502082825,0.03151484206318855,0.3489518165588379,14.671331405639648,0.03410883620381355,0.39425939321517944,0.006471753120422363,0.015003678388893604,22.87421989440918,0.005159148946404457,0.09941105544567108,0.031774379312992096,0.0,14.357751846313477,0.036662742495536804,0.37959837913513184,18.48665428161621,0.014168845489621162,0.2839759290218353,30.722570419311523,0.0008467265288345516,17.899919509887695,0.016218401491642,0.3313470482826233,15.86661434173584,0.025902321562170982,0.321700781583786,15.248641967773438,0.029863158240914345,0.3763309419155121,17.572952270507812,0.017486577853560448,0.30527472496032715,28.531635284423828,0.0014022859977558255,16.998159408569336,0.019961083307862282,0.35464048385620117,15.356550216674805,0.029130306094884872,0.328009694814682,14.751852035522461,0.03348227217793465,0.38127464056015015,24.544261932373047,0.003512156894430518,0.06639080494642258,30.856773376464844,0.0008209611405618489,24.06028938293457,0.003926187288016081,0.07610241323709488
12155,168,17,2499,-1,3,22.058008193969727,0.1740807592868805,18.841102600097656,0.21385863423347473,26.471294403076172,19.985637664794922,0.21678581833839417,17.5911922454834,21.856508255004883,0.10716615617275238,18.049619674682617,18.196426391601562,17.483383178710938,0.18604759871959686,100.0,0.43665629625320435,0.4897642433643341,2499,2531,0.44986334443092346,0,0,0.006225858349353075,0.0022535675670951605,21.65135955810547,0.006836980581283569,0.2019347846508026,0.013058392331004143,0.20057234168052673,18.307689666748047,0.014764918014407158,0.23026767373085022,0.010033128783106804,0.01566888764500618,20.37816047668457,0.009166087955236435,0.24201053380966187,0.01741328462958336,0.2292766124010086,17.521358489990234,0.017695559188723564,0.24959063529968262,0.006521524861454964,0.015148074366152287,22.844676971435547,0.0051943641155958176,0.10727633535861969,0.01785096526145935,0.0,16.86190414428711,0.020597267895936966,0.21633383631706238,23.564651489257812,0.004400832112878561,0.1505962312221527,35.29936218261719,0.0002951642090920359,22.98218536376953,0.005032473709434271,0.17682726681232452,19.34453773498535,0.01162909809499979,0.17483098804950714,18.73221778869629,0.013389925472438335,0.20294064283370972,21.37950897216797,0.007278621196746826,0.18581242859363556,29.82644271850586,0.0010407725349068642,20.841629028320312,0.008238290436565876,0.21858887374401093,18.29071807861328,0.01482272706925869,0.19637645781040192,17.704498291015625,0.01696486584842205,0.22794292867183685,24.26469612121582,0.0037456778809428215,0.0765533596277237,30.58011245727539,0.0008749609696678817,23.78063201904297,0.00418732687830925,0.08834515511989594
12435,168,17,2779,-1,3,23.130109786987305,0.16350333392620087,20.61730194091797,0.22824351489543915,24.329940795898438,21.14586639404297,0.2109699845314026,19.360258102416992,23.032012939453125,0.11703126132488251,17.94453239440918,18.099599838256836,19.67564582824707,0.24325452744960785,100.0,0.4188202917575836,0.5449676513671875,2779,2811,0.47935327887535095,0,0,0.0048639508895576,0.0036898262333124876,22.971744537353516,0.005044585559517145,0.1926310658454895,0.00867501087486744,0.25403210520744324,20.15876579284668,0.009641033597290516,0.2977023720741272,0.007680925074964762,0.01605265401303768,21.942977905273438,0.006392966955900192,0.24122051894664764,0.011587087996304035,0.2831840217113495,19.599746704101562,0.010965421795845032,0.3232567310333252,0.00497506745159626,0.015489593148231506,24.739910125732422,0.0033574479166418314,0.12412526458501816,0.010775454342365265,0.0,19.05416488647461,0.012433215975761414,0.29401737451553345,24.8062744140625,0.0033065304160118103,0.14891624450683594,28.852577209472656,0.0013023940846323967,24.41908836364746,0.0036148589570075274,0.18401563167572021,21.532855987548828,0.007026100996881723,0.22815966606140137,20.951351165771484,0.008032763376832008,0.27211081981658936,22.718523025512695,0.0053474633023142815,0.18450891971588135,26.394155502319336,0.0022939536720514297,22.352832794189453,0.005817234516143799,0.22397106885910034,20.410694122314453,0.009097675792872906,0.25184929370880127,19.878116607666016,0.010284623131155968,0.3023855686187744,25.84442138671875,0.0026035017799586058,0.08796578645706177,28.023662567138672,0.0015762816183269024,25.58849334716797,0.0027615358121693134,0.10674653202295303
12448,168,17,2792,-1,0,23.00889015197754,0.20184379816055298,20.086393356323242,0.2320847064256668,25.082788467407227,21.17987632751465,0.24750585854053497,19.009859085083008,22.992847442626953,0.10731428861618042,17.960893630981445,17.824806213378906,19.39478302001953,0.2665535807609558,100.0,0.43642979860305786,0.5317801833152771,2792,2824,0.48238545656204224,0,0,0.005001623183488846,0.0031025679782032967,22.762338638305664,0.0052937851287424564,0.23695507645606995,0.009803038090467453,0.2771824598312378,19.618173599243164,0.010918991640210152,0.3229675590991974,0.007621006574481726,0.015992289409041405,21.98382568359375,0.006333116441965103,0.28358834981918335,0.0125607093796134,0.28859880566596985,19.19055938720703,0.012048806995153427,0.3257262408733368,0.0050201332196593285,0.016501348465681076,24.876100540161133,0.0032537926454097033,0.11127350479364395,0.01149534061551094,0.0,18.773303985595703,0.013263854198157787,0.31629401445388794,24.717504501342773,0.0033748119603842497,0.19190071523189545,32.50529861450195,0.0005616559647023678,24.1934814453125,0.003807605244219303,0.22946584224700928,20.828828811645508,0.00826261006295681,0.2631681263446808,20.2383975982666,0.009465862065553665,0.30982911586761475,22.810823440551758,0.005235013086348772,0.22137443721294403,27.602136611938477,0.0017369462875649333,22.385848999023438,0.005773177836090326,0.2669949233531952,19.916994094848633,0.010192967019975185,0.2681180238723755,19.377687454223633,0.011540677398443222,0.3179018497467041,26.036760330200195,0.002490714890882373,0.08411343395709991,27.98351287841797,0.0015909215435385704,25.801856994628906,0.0026291448157280684,0.09886015206575394
12765,168,17,3141,-1,3,24.02893829345703,0.13965913653373718,19.364727020263672,0.1916022151708603,27.598758697509766,21.125579833984375,0.18227995932102203,18.038963317871094,22.193862915039062,0.10360604524612427,18.265905380249023,18.164592742919922,18.402217864990234,0.2568187117576599,100.0,0.43746358156204224,0.4379843771457672,3141,3173,0.4628582298755646,0,0,0.003954633139073849,0.0017382983351126313,23.669755935668945,0.004295608028769493,0.16718868911266327,0.011575165204703808,0.2571905553340912,18.84453010559082,0.013048091903328896,0.2996863126754761,0.0077168866991996765,0.014907659031450748,21.797582626342773,0.0066106137819588184,0.20067653059959412,0.01570737361907959,0.29020994901657104,18.03670310974121,0.015715552493929863,0.32106903195381165,0.006034118123352528,0.0152595154941082,23.358448028564453,0.004614825826138258,0.10195616632699966,0.01444702222943306,0.0,17.780738830566406,0.016669640317559242,0.2997697591781616,26.033916473388672,0.0024923470336943865,0.11702734231948853,36.419288635253906,0.00022807165805716068,25.46575164794922,0.0028406972996890545,0.1431708037853241,19.947193145751953,0.010122335515916348,0.2360256165266037,19.334505081176758,0.011656001210212708,0.2822697162628174,23.29537582397461,0.004682335536926985,0.14614781737327576,31.689849853515625,0.0006776652298867702,22.758522033691406,0.005298438481986523,0.17389874160289764,18.993955612182617,0.012606789357960224,0.2530493140220642,18.399749755859375,0.014455238357186317,0.297353595495224,25.36202621459961,0.0029093590565025806,0.06604041159152985,32.58420944213867,0.0005515426746569574,24.851734161376953,0.003272099420428276,0.07862056791782379
12812,168,17,3188,-1,2,24.82825469970703,0.1478242129087448,21.608440399169922,0.1953844428062439,26.609699249267578,21.94983673095703,0.1885591745376587,20.07429313659668,22.96929931640625,0.11014670133590698,18.03984832763672,18.062225341796875,20.660419464111328,0.24250538647174835,100.0,0.4265577495098114,0.4580492079257965,3188,3220,0.44731345772743225,0,0,0.003289837623015046,0.002182881347835064,24.609066009521484,0.003460139036178589,0.1734132021665573,0.0069048767909407616,0.24994133412837982,21.156051635742188,0.007662932388484478,0.29842495918273926,0.006382874678820372,0.01570417545735836,23.054977416992188,0.004948828369379044,0.21051275730133057,0.009830387309193611,0.2756977081298828,20.478322982788086,0.008957107551395893,0.3118147850036621,0.005047427490353584,0.01562347449362278,24.6593017578125,0.003420343156903982,0.11029177904129028,0.0085893040522933,0.0,20.0389404296875,0.009910735301673412,0.29175883531570435,27.254661560058594,0.0018816280644387007,0.11747245490550995,36.65513229370117,0.0002160164585802704,26.70017433166504,0.002137875882908702,0.14288313686847687,22.81675148010254,0.0052278717048466206,0.22638246417045593,22.211515426635742,0.006009641103446484,0.27401232719421387,24.256473541259766,0.003752777585759759,0.15080708265304565,29.925477981567383,0.0010173076298087835,23.794870376586914,0.004173619672656059,0.1832263171672821,21.457006454467773,0.0071498928591609,0.2449776530265808,20.904748916625977,0.008119425736367702,0.2951274514198303,26.183940887451172,0.0024077200796455145,0.06906446814537048,30.56462287902832,0.0008780871285125613,25.778949737548828,0.002643048530444503,0.08297809958457947
12842,168,17,3218,-1,0,23.219511032104492,0.2006741166114807,19.712207794189453,0.21163883805274963,25.294841766357422,21.228309631347656,0.26550060510635376,18.617374420166016,23.25179100036621,0.11328693479299545,18.00644302368164,17.82944107055664,18.88092803955078,0.2136276662349701,100.0,0.4427335858345032,0.4780275225639343,3218,3250,0.45916748046875,0,0,0.004764847457408905,0.0029547165613621473,22.972829818725586,0.005043329205363989,0.2346584051847458,0.010685118846595287,0.23399443924427032,19.18670082092285,0.01205951813608408,0.27205249667167664,0.007536490447819233,0.015825439244508743,22.03337860107422,0.006261267699301243,0.3043179512023926,0.01374873612076044,0.26137861609458923,18.73084259033203,0.01339416578412056,0.2922903895378113,0.004729562439024448,0.016483746469020844,25.344350814819336,0.0029212262015789747,0.11562622338533401,0.012939197942614555,0.0,18.25944709777832,0.014929844066500664,0.2532203793525696,24.496410369873047,0.0035510684829205275,0.18870766460895538,34.82611083984375,0.00032914610346779227,23.928937911987305,0.004046748857945204,0.22829937934875488,20.20471954345703,0.009539555758237839,0.20567864179611206,19.591766357421875,0.010985592380166054,0.24350912868976593,22.893810272216797,0.005135930143296719,0.22706252336502075,30.441457748413086,0.0009033460519276559,22.37539291381836,0.005787096451967955,0.27265238761901855,19.481348037719727,0.011268477886915207,0.22276468575000763,18.900693893432617,0.01288043987005949,0.2647562623023987,26.934415817260742,0.0020256214775145054,0.07664786279201508,31.20990562438965,0.0007568495348095894,26.53487205505371,0.00222081714309752,0.09126967191696167
13254,168,17,3630,-1,0,23.65774154663086,0.1847086399793625,20.56145668029785,0.20649723708629608,26.310083389282227,21.332382202148438,0.22100168466567993,19.217756271362305,22.672637939453125,0.1152336522936821,17.868864059448242,17.9007511138916,19.641639709472656,0.2623891532421112,100.0,0.4267148971557617,0.48392319679260254,3630,3662,0.47242075204849243,0,0,0.0043075066059827805,0.0023387919645756483,23.362627029418945,0.004610385280102491,0.21821755170822144,0.008787279017269611,0.2763350009918213,20.07120132446289,0.009837391786277294,0.32618990540504456,0.007358035538345575,0.016334790736436844,22.235172271728516,0.005976996850222349,0.2520435154438019,0.011973591521382332,0.3038645386695862,19.497222900390625,0.011227360926568508,0.3485913574695587,0.005404259543865919,0.01621530018746853,24.270095825195312,0.003741022665053606,0.11769910901784897,0.010860156267881393,0.0,19.020160675048828,0.012530949898064137,0.3141907751560211,25.540864944458008,0.0027919893618673086,0.15406829118728638,35.293678283691406,0.0002955508534796536,24.981117248535156,0.003176056779921055,0.19063153862953186,21.462223052978516,0.007141306530684233,0.25112953782081604,20.852079391479492,0.008218491449952126,0.3033504784107208,23.34661865234375,0.004627412185072899,0.1803891360759735,29.528696060180664,0.0011146294418722391,22.86690902709961,0.005167840048670769,0.22074314951896667,20.34982681274414,0.00922608282417059,0.2677180767059326,19.794239044189453,0.010485188104212284,0.3234366178512573,25.64307403564453,0.002727047773078084,0.07669056206941605,29.72590446472168,0.001065147458575666,25.253868103027344,0.002982724690809846,0.09425242990255356
13261,168,17,3637,-1,3,20.835874557495117,0.21502728760242462,17.148557662963867,0.27156126499176025,25.12166976928711,19.230894088745117,0.26026806235313416,16.280221939086914,22.339277267456055,0.11069781333208084,17.981355667114258,17.93375587463379,16.3613224029541,0.30588245391845703,100.0,0.487943172454834,0.5565428137779236,3637,3669,0.4777950048446655,0,0,0.008249211125075817,0.003074914449825883,20.435791015625,0.009045256301760674,0.24566927552223206,0.019281651824712753,0.30812379717826843,16.602357864379883,0.021865742281079292,0.35247132182121277,0.011937428265810013,0.015917114913463593,19.45955467224121,0.011325167492032051,0.2858469486236572,0.023549286648631096,0.3292272090911865,16.085994720458984,0.02462637610733509,0.36687251925468445,0.005835424177348614,0.016092533245682716,23.70854949951172,0.004257407505065203,0.11277026683092117,0.023113615810871124,0.0,15.739842414855957,0.02666955627501011,0.352011501789093,21.576757431030273,0.006955431774258614,0.19312866032123566,34.18901824951172,0.0003811522910837084,20.98712730407715,0.007966860197484493,0.2265312671661377,17.40821075439453,0.018162643536925316,0.2930811941623688,16.794862747192383,0.02091768942773342,0.3390105664730072,20.248336791992188,0.009444225579500198,0.21911785006523132,29.118154525756836,0.0012251369189471006,19.702632904052734,0.010708700865507126,0.2562846839427948,16.776226043701172,0.021007653325796127,0.3072848618030548,16.184879302978516,0.024071993306279182,0.3561643064022064,25.018104553222656,0.003149122465401888,0.07359544932842255,29.384353637695312,0.0011522979475557804,24.613855361938477,0.0034563264343887568,0.08639303594827652
13269,168,17,3645,-1,3,16.999940872192383,0.2715471386909485,14.980867385864258,0.35409948229789734,24.684391021728516,16.227834701538086,0.3157709240913391,14.378933906555176,22.415132522583008,0.09604654461145401,17.85946273803711,17.92434310913086,14.302788734436035,0.40841227769851685,100.0,0.5490350723266602,0.6449487209320068,3645,3677,0.49323493242263794,0,0,0.019952893257141113,0.0034006412606686354,16.47829246520996,0.022499393671751022,0.3037795424461365,0.03176240250468254,0.40481460094451904,14.409066200256348,0.03623209148645401,0.4562551975250244,0.0238350722938776,0.016370192170143127,16.023466110229492,0.024983514100313187,0.34544941782951355,0.03648435324430466,0.42907336354255676,14.016799926757812,0.039657022804021835,0.47065162658691406,0.005734385456889868,0.0161274466663599,23.83477020263672,0.00413545360788703,0.09273913502693176,0.03712967410683632,0.0,13.68130874633789,0.04284193739295006,0.4605255126953125,17.220516204833984,0.01896480657160282,0.25074654817581177,33.692134857177734,0.00042735302122309804,16.612106323242188,0.021816721186041832,0.28598710894584656,15.06247615814209,0.03117111697793007,0.38321155309677124,14.444463729858398,0.03593797609210014,0.4369555711746216,16.736204147338867,0.02120213583111763,0.2767934501171112,28.908313751220703,0.0012857854599133134,16.14998435974121,0.024266190826892853,0.3170192241668701,14.678536415100098,0.034052297472953796,0.40462255477905273,14.077573776245117,0.03910593315958977,0.4588765501976013,25.576860427856445,0.0027689426206052303,0.06879189610481262,29.467496871948242,0.0011304471408948302,25.198467254638672,0.003021018346771598,0.07717795670032501
13286,168,17,3662,-1,0,19.114091873168945,0.3158845603466034,16.194639205932617,0.32382217049598694,24.530858993530273,17.75537872314453,0.37219899892807007,15.390585899353027,21.79458999633789,0.1226147785782814,17.80309295654297,17.843931198120117,15.468372344970703,0.35513293743133545,32.64332580566406,0.5379284620285034,0.6019799709320068,3662,3694,0.48342323303222656,0,0,0.01226283423602581,0.00352301262319088,18.662242889404297,0.013607421889901161,0.3607181906700134,0.02401795983314514,0.362221360206604,15.652865409851074,0.02720905840396881,0.4089685082435608,0.016767265275120735,0.016584059223532677,17.748083114624023,0.016795450821518898,0.41866448521614075,0.028902901336550713,0.3830586075782776,15.115377426147461,0.030793720856308937,0.43091946840286255,0.006615168880671263,0.016428841277956963,22.919727325439453,0.0051053729839622974,0.12577876448631287,0.028389830142259598,0.0005440856330096722,14.85800552368164,0.03267379105091095,0.4110034704208374,19.514673233032227,0.011182338930666447,0.3052167296409607,32.80415344238281,0.0005243056220933795,18.920429229736328,0.012822036631405354,0.3588623106479645,16.295818328857422,0.023464877158403397,0.3379436731338501,15.680607795715332,0.027035798877477646,0.3894885778427124,18.584726333618164,0.013852478936314583,0.3390520513057709,28.546201705932617,0.0013975906185805798,18.022064208984375,0.015768617391586304,0.40034595131874084,15.768818855285645,0.026492208242416382,0.35982587933540344,15.173564910888672,0.03038390353322029,0.41746482253074646,24.7608585357666,0.0033412904012948275,0.08340102434158325,29.465112686157227,0.0011310684494674206,24.3399600982666,0.003681324888020754,0.09889020770788193
13369,168,17,3745,-1,3,19.38536834716797,0.2938739061355591,20.29046630859375,0.2683228552341461,24.021957397460938,18.210479736328125,0.32939550280570984,18.887163162231445,22.026395797729492,0.10593851655721664,17.88852310180664,17.985401153564453,19.529598236083984,0.10085032135248184,100.0,0.3447374999523163,0.7783396244049072,3745,3777,0.44337522983551025,0,0,0.011520284228026867,0.00396099453791976,18.967693328857422,0.012683252803981304,0.34257566928863525,0.009353052824735641,0.12507803738117218,19.736263275146484,0.010626091621816158,0.14568127691745758,0.01509914081543684,0.016261013224720955,18.262197494506836,0.014920393005013466,0.37799569964408875,0.012920630164444447,0.1505182385444641,19.051223754882812,0.012441642582416534,0.16310498118400574,0.00627134321257472,0.01590229943394661,23.19695472717285,0.004789657425135374,0.11230272054672241,0.01114397682249546,0.0,18.908117294311523,0.01285843551158905,0.11994324624538422,20.061552047729492,0.009859269484877586,0.2716676890850067,31.565780639648438,0.0006973036797717214,19.48122215270996,0.011268801987171173,0.32486703991889954,21.207717895507812,0.007572302594780922,0.0957135334610939,20.5933780670166,0.00872292835265398,0.11334074288606644,19.092853546142578,0.012322953902184963,0.2895931005477905,27.499774932861328,0.001778371399268508,18.555753707885742,0.013945197686553001,0.3462826609611511,20.06772232055664,0.009845271706581116,0.11611107736825943,19.524444580078125,0.011157209984958172,0.13997934758663177,24.69717788696289,0.003390645608305931,0.07051429897546768,28.597753524780273,0.0013810988748446107,24.31821060180664,0.0036998065188527107,0.08695913106203079
13558,168,17,3966,-1,1,21.27871322631836,0.20775443315505981,18.676280975341797,0.27510544657707214,25.96808433532715,19.505277633666992,0.2521851360797882,17.56430435180664,22.15676498413086,0.11320942640304565,18.068038940429688,18.243785858154297,17.660287857055664,0.2636737823486328,100.0,0.48743969202041626,0.5643886923789978,3966,3998,0.4799562096595764,0,0,0.007449525408446789,0.002530414145439863,20.8585205078125,0.008206312544643879,0.23567821085453033,0.013563502579927444,0.2672522962093353,18.141504287719727,0.015340857207775116,0.3092764616012573,0.011206558905541897,0.015602565370500088,19.775611877441406,0.010530251078307629,0.2764446437358856,0.01752142794430256,0.29351750016212463,17.47823143005371,0.017872152850031853,0.3223571479320526,0.006085881497710943,0.014983784407377243,23.26336669921875,0.004716972820460796,0.11401381343603134,0.017138436436653137,0.0,17.038808822631836,0.019775116816163063,0.30570727586746216,22.252254486083984,0.005953531246632338,0.18910762667655945,34.53158950805664,0.00035224203020334244,21.665170669555664,0.006815268192440271,0.22015927731990814,19.230146408081055,0.01193948183208704,0.24985742568969727,18.62075424194336,0.013738041743636131,0.2923146188259125,20.668697357177734,0.008572950959205627,0.2250596582889557,31.19851303100586,0.0007588373264297843,20.098779678344727,0.009775121696293354,0.2616395354270935,18.254653930664062,0.014946330338716507,0.26556074619293213,17.66322898864746,0.017126834020018578,0.30744802951812744,24.690711975097656,0.003395696869120002,0.08053212612867355,30.994367599487305,0.0007953589665703475,24.20702362060547,0.003795748809352517,0.09397892653942108
13576,168,17,3984,-1,3,17.5379581451416,0.3521510362625122,15.236684799194336,0.4105563759803772,24.299575805664062,16.47284507751465,0.3879106938838959,14.510482788085938,21.45032501220703,0.10099386423826218,17.750476837158203,17.994483947753906,14.509565353393555,0.431693434715271,35.83977508544922,0.6052476763725281,0.6783278584480286,3984,4016,0.5089327096939087,0,0,0.017628053203225136,0.0037157160695642233,17.040281295776367,0.01976841315627098,0.3973288834095001,0.0299454964697361,0.4290558695793152,14.683361053466797,0.034014489501714706,0.480491042137146,0.022527635097503662,0.016786199063062668,16.30581283569336,0.02341092936694622,0.42462158203125,0.03539580479264259,0.44942206144332886,14.170330047607422,0.03827957808971405,0.4933035969734192,0.007160901091992855,0.015869077295064926,22.349889755249023,0.005821180995553732,0.09719367325305939,0.03540327399969101,0.00026062896358780563,13.892351150512695,0.040809836238622665,0.4903602600097656,17.925662994384766,0.016122549772262573,0.3317699730396271,31.351097106933594,0.0007326393388211727,17.330577850341797,0.018490226939320564,0.38323187828063965,15.411294937133789,0.02876540832221508,0.4167863726615906,14.796775817871094,0.03313770890235901,0.47470414638519287,17.060791015625,0.01967528462409973,0.35016384720802307,27.980579376220703,0.0015919959405437112,16.486419677734375,0.02245732955634594,0.39984264969825745,14.859457015991211,0.03266286477446556,0.42963653802871704,14.258074760437012,0.03751393407583237,0.4873603284358978,24.16177749633789,0.0038355032447725534,0.06415945291519165,29.996597290039062,0.0010007839882746339,23.69407844543457,0.0042716143652796745,0.07217223942279816
13897,168,17,4305,-1,0,23.188663482666016,0.21075677871704102,20.0638370513916,0.2395009547472,24.678619384765625,21.02260971069336,0.27162274718284607,18.78020668029785,23.2596492767334,0.10291950404644012,17.78352928161621,17.701095581054688,19.008373260498047,0.24085202813148499,100.0,0.44784852862358093,0.5347811579704285,4305,4337,0.4477919936180115,0,0,0.00479881139472127,0.0034051653929054737,22.99883270263672,0.005013219080865383,0.24045871198177338,0.009854083880782127,0.25127965211868286,19.597949981689453,0.010969961993396282,0.2890503406524658,0.007902034558355808,0.016658926382660866,21.834392547607422,0.006554820109158754,0.3031527101993561,0.013242789544165134,0.2821550667285919,18.95435905456543,0.012722259387373924,0.31334611773490906,0.004721012897789478,0.01697816140949726,25.474014282226562,0.0028352977242320776,0.10627241432666779,0.012565004639327526,0.0,18.38689422607422,0.014498082920908928,0.28036603331565857,24.250499725341797,0.0037579427007585764,0.19360600411891937,32.782894134521484,0.0005268786917440593,23.710975646972656,0.004255029372870922,0.22527796030044556,20.40912437438965,0.009100972674787045,0.2301243394613266,19.800630569458008,0.010469767265021801,0.2696085572242737,22.69596290588379,0.005375311244279146,0.2358083724975586,29.246429443359375,0.001189479255117476,22.204551696777344,0.006019284948706627,0.2729823589324951,19.610065460205078,0.01093940157443285,0.25122737884521484,19.039806365966797,0.012474390678107738,0.29234492778778076,27.089635848999023,0.0019545035902410746,0.06918097287416458,29.88243293762207,0.0010274408850818872,26.783750534057617,0.0020971286576241255,0.08227171003818512
14055,168,17,4463,-1,2,22.59103775024414,0.17818379402160645,18.913711547851562,0.2176012098789215,26.78464126586914,20.115116119384766,0.228724867105484,17.691652297973633,21.54503631591797,0.11389943212270737,17.84612464904785,17.9598388671875,17.999170303344727,0.3529481589794159,34.5550537109375,0.4364674985408783,0.49855077266693115,4463,4495,0.43465498089790344,0,0,0.0055067637003958225,0.002096697688102722,22.195825576782227,0.006031389813870192,0.2055267095565796,0.012841890566051006,0.36117035150527954,18.391664505004883,0.014482171274721622,0.42098039388656616,0.009738415479660034,0.01642054319381714,20.599620819091797,0.008710396476089954,0.25706785917282104,0.017015112563967705,0.3853130042552948,17.667583465576172,0.017109675332903862,0.4339081645011902,0.007006421685218811,0.0159961748868227,22.500022888183594,0.0056233834475278854,0.11810450255870819,0.015851959586143494,0.00035034408210776746,17.3905086517334,0.01823682337999344,0.4156501293182373,24.555845260620117,0.0035028024576604366,0.15312719345092773,34.80096435546875,0.0003310578176751733,23.98944091796875,0.003990763332694769,0.1840038001537323,19.783884048461914,0.01051021832972765,0.3353204131126404,19.182239532470703,0.012071913108229637,0.3962453603744507,22.03665542602539,0.006256545428186655,0.19216154515743256,29.466276168823242,0.001130765536800027,21.5211124420166,0.00704512745141983,0.22991254925727844,18.696613311767578,0.013500156812369823,0.3523789942264557,18.132667541503906,0.015372100286185741,0.41453635692596436,24.244935989379883,0.0037627604324370623,0.07944966107606888,29.60573959350586,0.0010950304567813873,23.79532814025879,0.004173180554062128,0.09540344774723053
14975,194,17,395,-1,3,23.629796981811523,0.1301679015159607,25.96908187866211,0.13366834819316864,26.279603958129883,21.049598693847656,0.17010289430618286,21.781658172607422,22.288904190063477,0.10887141525745392,17.928329467773438,17.8756160736084,26.65557098388672,0.037714265286922455,100.0,0.10442090034484863,1.2800918817520142,395,427,0.15260177850723267,0,0,0.0043353126384317875,0.0023552633356302977,23.334882736206055,0.004639935214072466,0.15149562060832977,0.002529833698645234,0.06641674041748047,25.632265090942383,0.002733843168243766,0.07554376125335693,0.007853081449866295,0.016112659126520157,21.816173553466797,0.006582377944141626,0.18611787259578705,0.006634894758462906,0.13144747912883759,22.879619598388672,0.005152737721800804,0.13832996785640717,0.0059034996666014194,0.01630941405892372,23.662700653076172,0.004302589688450098,0.1108008474111557,0.0021599463652819395,0.0,26.03409194946289,0.002492245752364397,0.04486852139234543,25.711137771606445,0.002684640232473612,0.10155119001865387,35.35356521606445,0.0002915034128818661,25.152996063232422,0.0030528148636221886,0.12221817672252655,28.574678421020508,0.0013884562067687511,0.046122871339321136,27.986412048339844,0.0015898600686341524,0.05523974075913429,22.828536987304688,0.005213705822825432,0.1385446935892105,29.265342712402344,0.001184311811812222,22.34062385559082,0.005833612754940987,0.16533523797988892,24.063884735107422,0.003922940231859684,0.10305985063314438,23.602706909179688,0.004362438805401325,0.1209712103009224,24.82957649230957,0.0032888376154005527,0.08622697740793228,29.651288986206055,0.001083605457097292,24.40320587158203,0.0036281042266637087,0.101124107837677
15059,194,17,479,-1,3,21.29000473022461,0.20754194259643555,18.191192626953125,0.23609577119350433,24.761781692504883,19.764869689941406,0.23470161855220795,17.38873291015625,22.866783142089844,0.10968051850795746,17.840578079223633,18.215862274169922,17.500560760498047,0.27637219429016113,100.0,0.48610901832580566,0.4856848120689392,479,511,0.39564749598503113,0,0,0.007430186029523611,0.0033405814319849014,20.937000274658203,0.008059355430305004,0.22959108650684357,0.01516634039580822,0.29197701811790466,17.649063110351562,0.017182787880301476,0.32936668395996094,0.010556336492300034,0.016441527754068375,20.154312133789062,0.009650922380387783,0.25541234016418457,0.018244273960590363,0.2994028925895691,17.27568817138672,0.018725402653217316,0.32969215512275696,0.005167990457266569,0.015080433338880539,24.38541030883789,0.0036429993342608213,0.11071178317070007,0.017780499532818794,0.0,16.87908172607422,0.020515961572527885,0.3157135248184204,22.424461364746094,0.005722078029066324,0.1793563961982727,31.647144317626953,0.000684361788444221,21.872798919677734,0.0064971111714839935,0.2051820009946823,18.74051284790039,0.013364381156861782,0.2667652368545532,18.127227783203125,0.015391367487609386,0.30603647232055664,21.04801368713379,0.007855948992073536,0.20200484991073608,28.20049476623535,0.0015133885899558663,20.53954315185547,0.00883172731846571,0.23203682899475098,18.06599998474121,0.01560989674180746,0.2798933982849121,17.481277465820312,0.017859620973467827,0.3203461170196533,25.347267150878906,0.002919265069067478,0.08621110022068024,30.23919105529785,0.0009464133181609213,24.917694091796875,0.0032227805349975824,0.09923411905765533
15351,194,17,771,-1,3,18.58062744140625,0.25277188420295715,17.320337295532227,0.33901068568229675,24.2503662109375,17.560810089111328,0.2665371000766754,16.47797393798828,21.513540267944336,0.09690200537443161,17.59666633605957,17.87065887451172,16.623258590698242,0.2348727434873581,100.0,0.46698904037475586,0.7259500026702881,771,803,0.4038999378681183,0,0,0.01386555377393961,0.003758056554943323,18.119003295898438,0.015420552343130112,0.27928274869918823,0.01853388175368309,0.25589433312416077,16.760967254638672,0.02108158729970455,0.29122287034988403,0.017535541206598282,0.017391357570886612,17.555316925048828,0.017557723447680473,0.2916412353515625,0.02250104397535324,0.27440881729125977,16.29656982421875,0.023460809141397476,0.29958376288414,0.007057421840727329,0.01632803864777088,22.4940128326416,0.005631173029541969,0.09251435101032257,0.021760763600468636,0.0,16.001779556274414,0.025108572095632553,0.2729625105857849,19.498779296875,0.011223336681723595,0.22136986255645752,31.769325256347656,0.0006653766031377017,18.911766052246094,0.012847637757658958,0.25683140754699707,18.14930534362793,0.015313327312469482,0.23004432022571564,17.535621643066406,0.017637532204389572,0.2669692039489746,18.374759674072266,0.014538649469614029,0.23387907445430756,28.003738403320312,0.001583529869094491,17.81681251525879,0.016531746834516525,0.27071112394332886,17.22747230529785,0.018934452906250954,0.2445957362651825,16.640308380126953,0.021675506606698036,0.2824659049510956,23.53582191467285,0.004430145025253296,0.07042396813631058,29.439714431762695,0.0011377022601664066,23.065654754638672,0.004936674609780312,0.07932624220848083
15439,194,17,859,-1,3,21.901681900024414,0.15815205872058868,20.57299041748047,0.20606766641139984,25.654104232788086,20.081565856933594,0.21647028625011444,19.003768920898438,22.2996883392334,0.11479221284389496,17.803377151489258,17.8657169342041,19.408119201660156,0.101265087723732,100.0,0.26391953229904175,0.7807973027229309,859,891,0.3242936432361603,0,0,0.006454044952988625,0.0027201310731470585,21.53137969970703,0.007028493098914623,0.18604400753974915,0.008763969875872135,0.12427322566509247,20.08702850341797,0.009801606647670269,0.14491617679595947,0.009813946671783924,0.016582965850830078,20.568737030029297,0.008772558532655239,0.24772188067436218,0.012578340247273445,0.17727123200893402,19.232681274414062,0.011932515539228916,0.19522739946842194,0.005888860672712326,0.016346637159585953,23.685590744018555,0.004279972054064274,0.12068294733762741,0.011460092850029469,0.0,18.786640167236328,0.013223182410001755,0.12130843847990036,23.399024963378906,0.0045719086192548275,0.1395992785692215,33.231388092041016,0.0004751833330374211,22.838153839111328,0.005202173721045256,0.16808202862739563,21.680484771728516,0.0067912801168859005,0.1046106293797493,21.07672119140625,0.007804188411682844,0.1252593845129013,21.491504669189453,0.0070933206006884575,0.1864716112613678,29.5722599029541,0.00110350432805717,20.961057662963867,0.008014830760657787,0.22371037304401398,20.203838348388672,0.009541486389935017,0.14918097853660583,19.639604568481445,0.010865246877074242,0.17886756360530853,24.869535446166992,0.0032587163150310516,0.09002584218978882,30.243711471557617,0.000945428793784231,24.419391632080078,0.00361460680142045,0.10640601068735123
15470,194,17,890,-1,2,19.34020233154297,0.2190588116645813,16.228506088256836,0.28313279151916504,24.623706817626953,17.972759246826172,0.25699442625045776,15.478373527526855,21.618534088134766,0.10820978134870529,17.926942825317383,18.30999755859375,15.394214630126953,0.28726884722709656,33.2064094543457,0.5717156529426575,0.49523359537124634,890,922,0.4527709484100342,0,0,0.011640721000730991,0.003448493778705597,18.89374542236328,0.012901063077151775,0.24749615788459778,0.023831389844417572,0.30472925305366516,15.665042877197266,0.027132876217365265,0.3400372266769409,0.01594865508377552,0.016117803752422333,17.9798526763916,0.015922632068395615,0.2817854881286621,0.02832452394068241,0.3247075080871582,15.181282043457031,0.030329961329698563,0.35374435782432556,0.006888851057738066,0.014757071621716022,22.457773208618164,0.005678355693817139,0.10778134316205978,0.028878767043352127,0.00047792421537451446,14.782328605651855,0.03324812650680542,0.32975465059280396,20.618717193603516,0.008672183379530907,0.19159018993377686,31.647071838378906,0.0006843729643151164,20.04317855834961,0.00990107748657465,0.22312316298484802,16.913583755493164,0.02035362273454666,0.2863709330558777,16.30840492248535,0.023396961390972137,0.3288517892360687,18.965112686157227,0.012690795585513115,0.23112395405769348,28.78673553466797,0.0013222891138866544,18.404390335083008,0.014439796097576618,0.26797738671302795,16.04110336303711,0.02488226257264614,0.29997384548187256,15.453041076660156,0.028490237891674042,0.34469085931777954,23.285106658935547,0.004693417344242334,0.07907944172620773,29.542308807373047,0.0011111411731690168,22.802928924560547,0.005244536325335503,0.08998789638280869
15801,194,17,1253,-1,3,23.215524673461914,0.21723416447639465,20.014530181884766,0.2315688580274582,23.991100311279297,21.557605743408203,0.23847869038581848,19.02888298034668,25.539649963378906,0.044990699738264084,18.09885025024414,18.03293800354004,19.600704193115234,0.19354896247386932,100.0,0.3891924321651459,0.5949983596801758,1253,1285,0.35277462005615234,0,0,0.004769223276525736,0.0039892373606562614,23.107603073120117,0.004889221396297216,0.24728764593601227,0.009966599754989147,0.190857395529747,19.56275749206543,0.011059213429689407,0.21748322248458862,0.006986175198107958,0.015492266975343227,22.458393096923828,0.005677546374499798,0.2672497630119324,0.012505806982517242,0.2120150923728943,19.23455810546875,0.011927354149520397,0.23222915828227997,0.00279277004301548,0.015729183331131935,30.95526695251465,0.0008025526767596602,0.03778567165136337,0.01096300408244133,0.0,18.97922706604004,0.012649619951844215,0.22549620270729065,23.09667205810547,0.004901545122265816,0.2136894166469574,32.70083236694336,0.0005369290011003613,22.539091110229492,0.00557302450761199,0.2497694194316864,19.869426727294922,0.010305220261216164,0.18680332601070404,19.262784957885742,0.011850089766085148,0.2194584161043167,22.774972915649414,0.005278407130390406,0.22020025551319122,29.753320693969727,0.0010584443807601929,22.27118682861328,0.005927632562816143,0.2586309611797333,19.679454803466797,0.010766003280878067,0.19366411864757538,19.10152244567871,0.01229837816208601,0.22662749886512756,34.07805633544922,0.0003910159575752914,0.01798376999795437,30.229799270629883,0.000948462460655719,35.15337371826172,0.00030525491456501186,0.020952165126800537
15918,194,17,1370,-1,0,24.96410369873047,0.19084545969963074,22.435815811157227,0.225968599319458,25.39816665649414,22.371274948120117,0.233140230178833,20.71715545654297,23.341352462768555,0.10660573840141296,17.998321533203125,17.87421417236328,21.45758819580078,0.22269627451896667,100.0,0.41342997550964355,0.5465704202651978,1370,1402,0.4671979248523712,0,0,0.0031885248608887196,0.0028852508403360844,24.901010513305664,0.0032351824920624495,0.23143869638442993,0.005707140080630779,0.24357673525810242,22.055980682373047,0.006228766404092312,0.29292556643486023,0.005792585201561451,0.015855057165026665,23.721721649169922,0.004244512412697077,0.2696264386177063,0.008477824740111828,0.2569409906864166,21.32498550415039,0.007370578590780497,0.2956503927707672,0.004633025266230106,0.016314679756760597,25.47317123413086,0.0028358479030430317,0.1126680076122284,0.007148934528231621,0.0,20.836109161376953,0.008248770609498024,0.26765844225883484,27.27867317199707,0.0018712541786953807,0.16944780945777893,33.03607177734375,0.0004970422014594078,26.813793182373047,0.002082671271637082,0.2118426263332367,23.726675033569336,0.004239674191921949,0.21472471952438354,23.129587173461914,0.004864533897489309,0.2635497748851776,24.675844192504883,0.0034073416609317064,0.20770974457263947,29.492237091064453,0.0011240255553275347,24.24971580505371,0.00375862093642354,0.25430601835250854,22.33473014831543,0.005841534584760666,0.22973784804344177,21.792688369750977,0.006618065759539604,0.2800031006336212,26.795608520507812,0.0020914089400321245,0.07238984107971191,31.097867965698242,0.0007766286726109684,26.394668579101562,0.0022936828900128603,0.08742210268974304
15941,194,17,1393,-1,3,22.920635223388672,0.255562961101532,20.669967651367188,0.1994958519935608,25.46631622314453,21.04189109802246,0.2958778440952301,19.4185791015625,23.824003219604492,0.09477189928293228,17.99541664123535,18.00045394897461,19.997108459472656,0.2391020506620407,100.0,0.37152668833732605,0.5369623899459839,1393,1425,0.43773654103279114,0,0,0.0051043047569692135,0.0028403280302882195,22.633955001831055,0.005452609155327082,0.28665876388549805,0.00857043918222189,0.24946263432502747,20.230892181396484,0.009482240304350853,0.2804834246635437,0.007867028936743736,0.015865668654441833,21.780628204345703,0.006636469159275293,0.3295670747756958,0.011432522907853127,0.27564123272895813,19.68678855895996,0.010747838765382767,0.30109769105911255,0.004145718179643154,0.01584727130830288,26.297683715820312,0.0023454793263226748,0.08944356441497803,0.010006663389503956,0.0,19.375629425048828,0.011546149849891663,0.2757405638694763,23.901758193969727,0.004072155337780714,0.22669094800949097,34.709251403808594,0.00033812326728366315,23.328628540039062,0.004646622110158205,0.265220582485199,21.276168823242188,0.007453895173966885,0.23078908026218414,20.671939849853516,0.008566551841795444,0.26688891649246216,22.606840133666992,0.005486761685460806,0.2574748992919922,29.652099609375,0.001083403010852635,22.101232528686523,0.006164201069623232,0.30076727271080017,20.443511962890625,0.00902919378131628,0.24871483445167542,19.876977920532227,0.010287318378686905,0.28654563426971436,27.68960189819336,0.001702314941212535,0.05654609948396683,30.419105529785156,0.0009080070885829628,27.38852310180664,0.0018245162209495902,0.06607591360807419
15972,194,17,1424,-1,2,24.36479377746582,0.1718917042016983,20.45120620727539,0.19135159254074097,26.113468170166016,21.93212127685547,0.20868448913097382,19.313976287841797,23.178058624267578,0.09414009749889374,17.982257843017578,17.891462326049805,19.83720588684082,0.25806140899658203,100.0,0.3992744982242584,0.4792482256889343,1424,1456,0.4241563677787781,0,0,0.003660333575680852,0.002447108505293727,24.14879608154297,0.003846983425319195,0.2043183445930481,0.009013206698000431,0.2717101275920868,19.943939208984375,0.010129920206964016,0.32094356417655945,0.006408964283764362,0.015913814306259155,23.056861877441406,0.004946679342538118,0.2376687079668045,0.011711225844919682,0.28265804052352905,19.55343246459961,0.011082984507083893,0.3244898021221161,0.004810543730854988,0.016250018030405045,25.15611457824707,0.0030506248585879803,0.09427854418754578,0.010381963104009628,0.0,19.215726852416992,0.011979188770055771,0.3098909556865692,26.394872665405273,0.0022935743909329176,0.15154637396335602,34.99821472167969,0.00031635782215744257,25.854005813598633,0.0025977615732699633,0.18465155363082886,21.27078628540039,0.007463135290890932,0.2512437403202057,20.664155960083008,0.008581920526921749,0.30184027552604675,24.046781539916992,0.003938420210033655,0.17187225818634033,29.801454544067383,0.001046777586452663,23.582000732421875,0.004383288323879242,0.20940372347831726,20.39101791381836,0.009138992987573147,0.2573370337486267,19.821975708007812,0.010418436489999294,0.310566246509552,26.59854507446289,0.0021884955931454897,0.06267239898443222,30.77100944519043,0.0008373347809538245,26.2044677734375,0.002396366558969021,0.07624149322509766
16064,194,17,1516,-1,2,24.677934646606445,0.19249674677848816,22.00792121887207,0.20890653133392334,27.01237678527832,21.995685577392578,0.24196551740169525,20.29519271850586,23.377593994140625,0.11454254388809204,17.96501922607422,17.93247413635254,20.94489288330078,0.15473860502243042,100.0,0.3822375237941742,0.5465359091758728,1516,1548,0.4251222610473633,0,0,0.0034057011362165213,0.001989584183320403,24.408641815185547,0.00362356542609632,0.22626151144504547,0.006298075895756483,0.17519257962703705,21.568967819213867,0.0069679212756454945,0.20945410430431366,0.006315846927464008,0.015977101400494576,23.16097640991211,0.004829500801861286,0.27466145157814026,0.009342878125607967,0.20690155029296875,20.81415367126465,0.008290574885904789,0.23344427347183228,0.0045945243909955025,0.016097286716103554,25.49001693725586,0.002824869006872177,0.1240835189819336,0.0080447131767869,0.0,20.323413848876953,0.009282362647354603,0.18919308483600616,26.445539474487305,0.0022669723257422447,0.1663392037153244,36.42253494262695,0.00022790106595493853,25.882665634155273,0.0025806757621467113,0.2005023956298828,22.91595458984375,0.005109808407723904,0.15092943608760834,22.305164337158203,0.005881437566131353,0.1843511462211609,24.09258270263672,0.003897102316841483,0.19415153563022614,30.222721099853516,0.0009500094456598163,23.614606857299805,0.004350501112639904,0.23281538486480713,21.608226776123047,0.006905220914632082,0.1705496609210968,21.051959991455078,0.00784881692379713,0.20616264641284943,26.748144149780273,0.0021143932826817036,0.07800609618425369,31.130674362182617,0.0007707839831709862,26.34305763244629,0.0023211021907627583,0.09397689253091812
16137,194,17,1589,-1,3,22.351184844970703,0.26187095046043396,20.051259994506836,0.2432701140642166,23.293682098388672,20.784801483154297,0.279117226600647,18.970949172973633,25.58502960205078,0.04989977180957794,17.68645477294922,17.8432559967041,19.49547576904297,0.23309387266635895,100.0,0.39930784702301025,0.6092295050621033,1589,1621,0.46370062232017517,0,0,0.005819446407258511,0.004684160929173231,22.22275733947754,0.005994105711579323,0.2949271500110626,0.009882664307951927,0.24227377772331238,19.60624885559082,0.010949019342660904,0.2746657133102417,0.008346795104444027,0.01703548990190029,21.542776107788086,0.007010072469711304,0.3125019073486328,0.012673751451075077,0.2562269866466522,19.21240997314453,0.011988341808319092,0.28235766291618347,0.0027637395542114973,0.016431394964456558,31.79783058166504,0.0006610236596316099,0.03982619196176529,0.011231876909732819,0.0,18.873998641967773,0.012959858402609825,0.27112144231796265,22.70526885986328,0.005363806616514921,0.24508808553218842,31.78203582763672,0.0006634323508478701,22.156009674072266,0.006086941342800856,0.28169459104537964,19.957820892333984,0.010097594931721687,0.23432305455207825,19.351327896118164,0.011610941030085087,0.270929753780365,22.23140525817871,0.0059821815229952335,0.25392797589302063,28.37386703491211,0.0014541643904522061,21.75301742553711,0.006678799167275429,0.29094943404197693,19.680278778076172,0.010763960890471935,0.23900574445724487,19.113510131835938,0.012264477089047432,0.27687346935272217,32.52513885498047,0.0005590959335677326,0.026916246861219406,30.178512573242188,0.0009597296011634171,33.03242111206055,0.0004974598996341228,0.030930694192647934
16599,194,17,2051,-1,1,21.440248489379883,0.2270573079586029,16.513412475585938,0.22810864448547363,25.34130859375,19.53752326965332,0.27830976247787476,15.696475982666016,21.866065979003906,0.11422515660524368,17.697826385498047,18.045333862304688,15.591814041137695,0.31007009744644165,100.0,0.4665345847606659,0.48894262313842773,2051,2083,0.4854668378829956,0,0,0.007177533116191626,0.002923273015767336,21.061256408691406,0.00783203449100256,0.2545987665653229,0.022318178787827492,0.31606489419937134,15.930438041687012,0.025524435564875603,0.35402944684028625,0.0111236572265625,0.01699094846844673,19.905067443847656,0.010220997035503387,0.30129367113113403,0.026937203481793404,0.3358519971370697,15.42625617980957,0.028666483238339424,0.3634122610092163,0.006507189478725195,0.015684351325035095,22.928287506103516,0.005095318891108036,0.1142289936542511,0.027594251558184624,0.0,14.970335006713867,0.031839519739151,0.34699034690856934,22.84113311767578,0.005198601633310318,0.1963399201631546,31.94533920288086,0.0006389492773450911,22.29141616821289,0.005900086835026741,0.22496671974658966,16.924753189086914,0.020301343873143196,0.2974016070365906,16.308591842651367,0.0233959648758173,0.33496296405792236,20.83011817932129,0.008260156027972698,0.237454354763031,28.21822738647461,0.0015072230016812682,20.31560707092285,0.009299068711698055,0.2699812650680542,16.178564071655273,0.02410702593624592,0.31753820180892944,15.586372375488281,0.02762884832918644,0.3577183485031128,24.11689567565918,0.0038753459230065346,0.09115307033061981,28.910329818725586,0.0012851889478042722,23.69182586669922,0.004273831844329834,0.10475534200668335
17154,194,17,2638,-1,1,19.715089797973633,0.25236624479293823,18.02406120300293,0.23767919838428497,26.88478660583496,18.358028411865234,0.2884936034679413,16.98125648498535,22.11951446533203,0.1029578149318695,18.098947525024414,18.120826721191406,17.089401245117188,0.21463000774383545,100.0,0.3846549689769745,0.6179023385047913,2638,2670,0.4246174395084381,0,0,0.010678030550479889,0.0020489029120653868,19.206165313720703,0.012005588971078396,0.30028900504112244,0.015761371701955795,0.24211731553077698,17.464324951171875,0.017929472029209137,0.2805868089199066,0.01459476724267006,0.015491918660700321,18.399295806884766,0.01445674430578947,0.32896748185157776,0.020038926973938942,0.26032862067222595,16.81896209716797,0.020801939070224762,0.28483787178993225,0.006138307508081198,0.015414072200655937,23.26862335205078,0.004711266607046127,0.1028195470571518,0.019546089693903923,0.0,16.46792221069336,0.022553181275725365,0.2518959045410156,20.28111457824707,0.009373215958476067,0.23196931183338165,36.14844512939453,0.00024274818133562803,19.674657821655273,0.010777902789413929,0.2801467478275299,18.41172218322754,0.01441543735563755,0.21746429800987244,17.795738220214844,0.016612164676189423,0.25722426176071167,19.336719512939453,0.011650060303509235,0.2539493441581726,31.181896209716797,0.0007617464289069176,18.75326919555664,0.013325185514986515,0.30329960584640503,17.663070678710938,0.01712745986878872,0.2274913340806961,17.06240463256836,0.019667973741889,0.26816850900650024,25.04061508178711,0.0031328434124588966,0.06841541081666946,31.57552719116211,0.0006957408622838557,24.549673080444336,0.0035077824722975492,0.0815504938364029
17171,194,17,2655,-1,2,23.835758209228516,0.1308378130197525,20.297191619873047,0.14692847430706024,27.287633895874023,20.888729095458984,0.19215735793113708,18.673057556152344,22.00665283203125,0.11655586957931519,18.097026824951172,18.05967140197754,19.005586624145508,0.13024123013019562,100.0,0.28889426589012146,0.5085890889167786,2655,2687,0.41633424162864685,0,0,0.004134512040764093,0.0018673972226679325,23.484024047851562,0.004483298864215612,0.15099798142910004,0.00933858472853899,0.16570454835891724,19.766246795654297,0.010552988387644291,0.1900830715894699,0.008149425499141216,0.015498778782784939,21.537399291992188,0.007018755655735731,0.2029038667678833,0.013573581352829933,0.19018901884555817,18.79684066772461,0.013192166574299335,0.20310261845588684,0.006299916189163923,0.01563265733420849,23.129966735839844,0.004864109680056572,0.11463144421577454,0.01257307268679142,0.0,18.38410758972168,0.01450738962739706,0.15300139784812927,25.850631713867188,0.0025997813791036606,0.11068462580442429,38.73907470703125,0.00013368808140512556,25.259035110473633,0.002979180309921503,0.12962380051612854,21.042865753173828,0.00786526408046484,0.13807259500026703,20.428478240966797,0.009060496464371681,0.16106903553009033,23.036479949951172,0.004969950765371323,0.14899207651615143,31.568737030029297,0.0006968292291276157,22.496959686279297,0.005627353675663471,0.17198561131954193,19.78436279296875,0.010509057901799679,0.15224774181842804,19.197206497192383,0.012030384503304958,0.1763036549091339,24.979690551757812,0.003177101258188486,0.07524530589580536,32.19597244262695,0.0006031192024238408,24.46954917907715,0.003573098685592413,0.08747857809066772
17312,194,17,2796,-1,3,24.746057510375977,0.15587776899337769,21.91709327697754,0.14636753499507904,24.22945213317871,22.023221969604492,0.20189239084720612,20.264156341552734,22.927148818969727,0.10468709468841553,17.663354873657227,17.750608444213867,20.87276840209961,0.11884471029043198,25.209293365478516,0.3076510429382324,0.47575828433036804,2796,2828,0.4456842541694641,0,0,0.0033526960760354996,0.003776197787374258,24.831287384033203,0.0032875423785299063,0.18127326667308807,0.006431180983781815,0.1344178020954132,21.617509841918945,0.006890475749969482,0.15617933869361877,0.006275924388319254,0.017126338556408882,23.366167068481445,0.004606629256159067,0.2271062731742859,0.009409889578819275,0.16863618791103363,20.892362594604492,0.008142614737153053,0.18198688328266144,0.00509665347635746,0.016785690560936928,24.817047119140625,0.003298340132459998,0.10673411190509796,0.008179429918527603,0.0030134967528283596,20.470048904418945,0.008974188938736916,0.14207114279270172,26.987934112548828,0.0020008133724331856,0.12228818237781525,25.727251052856445,0.002674699993804097,27.219009399414062,0.0018971385434269905,0.14520400762557983,22.830045700073242,0.005211894400417805,0.10922534763813019,22.52679443359375,0.005588825326412916,0.1300729513168335,24.371225357055664,0.0036549177020788193,0.16188502311706543,24.595069885253906,0.003471307223662734,24.33778953552246,0.0036831654142588377,0.19245707988739014,21.600032806396484,0.0069182622246444225,0.13667507469654083,21.289840698242188,0.007430464494973421,0.1622203290462494,26.516326904296875,0.00223032059147954,0.07097160071134567,30.716121673583984,0.0008479847456328571,26.120786666870117,0.002442987635731697,0.08442267030477524
17373,194,17,2857,-1,0,21.444910049438477,0.252185195684433,19.245655059814453,0.25993725657463074,25.144229888916016,19.884946823120117,0.2846538722515106,18.184690475463867,22.991317749023438,0.08616909384727478,17.72555160522461,17.771944046020508,18.663555145263672,0.2357301115989685,100.0,0.3949858248233795,0.6580926179885864,2857,2889,0.45221784710884094,0,0,0.007169834338128567,0.0030589846428483725,21.077787399291992,0.00780227268114686,0.2807762920856476,0.011896923184394836,0.2488923966884613,18.71894073486328,0.013430921360850334,0.28502005338668823,0.01026846282184124,0.01688281260430813,20.33817481994629,0.00925086997449398,0.3070296049118042,0.015189065597951412,0.26017189025878906,18.261735916137695,0.014921975322067738,0.2861655652523041,0.005021900869905949,0.01670343242585659,24.915050506591797,0.0032247421331703663,0.0808292105793953,0.013603315688669682,0.0,18.042072296142578,0.01569613255560398,0.2719736397266388,22.082763671875,0.00619047274813056,0.23112311959266663,32.43785858154297,0.0005704454379156232,21.514972686767578,0.007055092602968216,0.2653532028198242,19.709209442138672,0.010692496784031391,0.2298181653022766,19.097583770751953,0.012309534475207329,0.2691461145877838,21.03376007080078,0.007881777361035347,0.24756918847560883,27.675912857055664,0.0017076889052987099,20.539588928222656,0.008831636048853397,0.28254905343055725,19.03119468688965,0.012499154545366764,0.2322368323802948,18.473407745361328,0.01421213150024414,0.27070721983909607,26.766746520996094,0.0021053552627563477,0.055746499449014664,28.56490135192871,0.0013915852177888155,26.545936584472656,0.002215166110545397,0.06254557520151138
17491,194,17,2975,-1,2,22.20808982849121,0.2371852546930313,19.031583786010742,0.28658735752105713,24.51350975036621,20.300329208374023,0.2734886407852173,17.965213775634766,23.226411819458008,0.09555578231811523,18.019256591796875,17.963951110839844,18.138038635253906,0.2315816581249237,100.0,0.4425429403781891,0.6475921869277954,2975,3007,0.45238450169563293,0,0,0.006014381535351276,0.0035371140111237764,21.94125747680664,0.006395499687641859,0.26716041564941406,0.012498033232986927,0.2541588544845581,18.542133331298828,0.01398900430649519,0.28153350949287415,0.009331837296485901,0.015778813511133194,20.78834342956543,0.008339994587004185,0.30252188444137573,0.01597638987004757,0.2623916268348694,17.94941520690918,0.01603461615741253,0.2841542065143585,0.004757281858474016,0.01598103530704975,25.184783935546875,0.0030305508989840746,0.09210680425167084,0.015353097580373287,0.0,17.516559600830078,0.01771511323750019,0.26473575830459595,23.015687942504883,0.00499380100518465,0.21340101957321167,32.279720306396484,0.0005915998481214046,22.463356018066406,0.005671062972396612,0.2466782033443451,19.407089233398438,0.011462811380624771,0.2295449823141098,18.79707145690918,0.013191460631787777,0.2628640830516815,21.5371036529541,0.007019234821200371,0.23880639672279358,28.49848747253418,0.0014130300842225552,21.03378677368164,0.007881728000938892,0.27366963028907776,18.636856079101562,0.013687191531062126,0.23585829138755798,18.068952560424805,0.015599283389747143,0.2681786119937897,26.4079647064209,0.0022866707295179367,0.063775435090065,28.90570640563965,0.0012865581084042788,26.125152587890625,0.00244053453207016,0.07332345843315125
17625,194,17,3109,-1,0,23.96121597290039,0.19867287576198578,21.264345169067383,0.19027696549892426,24.303407669067383,21.731149673461914,0.25517818331718445,19.89621353149414,22.74459457397461,0.12537774443626404,18.159351348876953,17.914215087890625,20.40419578552246,0.2457110732793808,100.0,0.399294376373291,0.47653305530548096,3109,3141,0.44797971844673157,0,0,0.004016784485429525,0.0037124373484402895,23.910884857177734,0.004063607193529606,0.2353852242231369,0.007474211975932121,0.25695204734802246,20.808834075927734,0.008300735615193844,0.30144912004470825,0.0067125121131539345,0.015277944505214691,22.680282592773438,0.005394753534346819,0.2969207465648651,0.010241860523819923,0.2765823006629944,20.245330810546875,0.009450765326619148,0.3145278990268707,0.005315459333360195,0.016165101900696754,24.38149642944336,0.003646283410489559,0.13144338130950928,0.00911130104213953,0.0,19.782718658447266,0.01051303930580616,0.29516175389289856,26.654712677001953,0.002160373143851757,0.1670135110616684,34.429447174072266,0.0003606246900744736,26.130985260009766,0.0024372574407607317,0.20909284055233002,22.443836212158203,0.005696610547602177,0.23347406089305878,21.836746215820312,0.006551270838826895,0.2781294286251068,23.929420471191406,0.004046301823109388,0.21394237875938416,28.65118980407715,0.0013642091071233153,23.507692337036133,0.004458931740373373,0.26375776529312134,21.174209594726562,0.007630958687514067,0.25475195050239563,20.639266967773438,0.008631243370473385,0.30275577306747437,25.939828872680664,0.002546931616961956,0.09391257166862488,29.60300636291504,0.0010957191698253155,25.57489585876465,0.002770195249468088,0.11122554540634155
17753,194,17,3237,-1,0,23.927257537841797,0.17208236455917358,20.42678451538086,0.1964494287967682,24.859161376953125,21.360977172851562,0.22003774344921112,19.116214752197266,22.584951400756836,0.10404577851295471,17.883188247680664,17.823698043823242,19.297767639160156,0.1689995378255844,100.0,0.44389963150024414,0.44255369901657104,3237,3269,0.47137439250946045,0,0,0.004048316739499569,0.0032665093895047903,23.80010223388672,0.004168595187366009,0.1965818852186203,0.009064039215445518,0.18267947435379028,19.978321075439453,0.01005004346370697,0.20929154753684998,0.007309748325496912,0.01628100499510765,22.2697811126709,0.005929555278271437,0.24507282674312592,0.01225684117525816,0.20828621089458466,19.317916870117188,0.011700605042278767,0.22999653220176697,0.005514486227184534,0.01650555245578289,24.175329208374023,0.003823553677648306,0.1072157472372055,0.011755016632378101,0.0,18.676288604736328,0.013563479296863079,0.20021530985832214,26.308422088623047,0.0023396876640617847,0.14728227257728577,33.46171951293945,0.00045063821016810834,25.799930572509766,0.0026303103659301996,0.1769530475139618,21.504552841186523,0.007072041276842356,0.15564753115177155,20.895023345947266,0.008137626573443413,0.18403840065002441,23.42066764831543,0.004549182020127773,0.18515202403068542,28.397029876708984,0.00144642882514745,22.987319946289062,0.005026528146117926,0.22115473449230194,20.214548110961914,0.009517990052700043,0.1828816533088684,19.662128448486328,0.010809038765728474,0.21486946940422058,25.675809860229492,0.0027065689209848642,0.07988160848617554,29.591896057128906,0.0010985261760652065,25.295955657958984,0.002953960094600916,0.09543587267398834
17878,194,17,3362,-1,1,22.491863250732422,0.1790241301059723,21.234127044677734,0.2281922847032547,24.789817810058594,20.401039123535156,0.23521272838115692,19.441883087158203,22.494831085205078,0.10526847839355469,17.86858367919922,17.87137222290039,19.917726516723633,0.1336917281150818,100.0,0.33893439173698425,0.6732639074325562,3362,3394,0.37676793336868286,0,0,0.005633960478007793,0.0033190858084708452,22.225664138793945,0.005990094970911741,0.2143627107143402,0.007526403293013573,0.14935088157653809,20.756591796875,0.008401189930737019,0.17561765015125275,0.00911792740225792,0.016335848718881607,20.965042114257812,0.008007477968931198,0.26869723200798035,0.011371343396604061,0.1790529191493988,19.742942810058594,0.010609766468405724,0.195759117603302,0.005630111321806908,0.01632535830140114,23.996057510375977,0.0039846887812018394,0.1088230162858963,0.010191245935857296,0.0,19.296247482299805,0.011759130284190178,0.15768340229988098,24.153968811035156,0.0038424048107117414,0.15458813309669495,35.06092834472656,0.0003118222230114043,23.57973861694336,0.0043855709955096245,0.19093620777130127,22.374237060546875,0.005788636393845081,0.12433475255966187,21.762680053710938,0.006663954351097345,0.15238997340202332,22.033769607543945,0.0062607028521597385,0.19208592176437378,29.08167839050293,0.0012354699429124594,21.528091430664062,0.007033816073089838,0.23565785586833954,20.77051544189453,0.008374296128749847,0.15073102712631226,20.225448608398438,0.009494127705693245,0.1790982484817505,25.603628158569336,0.002751928986981511,0.07410368323326111,29.8727970123291,0.001029723440296948,25.20441436767578,0.003016883973032236,0.0910155326128006
17944,194,17,3460,-1,2,21.365079879760742,0.19519536197185516,18.386812210083008,0.2615155875682831,24.73975944519043,19.72998809814453,0.22864480316638947,17.43401336669922,22.99085235595703,0.09146708995103836,17.863832473754883,17.983638763427734,17.6048526763916,0.20919549465179443,100.0,0.372434139251709,0.7021794319152832,3460,3492,0.40676215291023254,0,0,0.007302846759557724,0.0033575627021491528,21.01833724975586,0.007909812964498997,0.22609686851501465,0.014498356729745865,0.22494205832481384,17.84591293334961,0.016421345993876457,0.2601744532585144,0.010641460306942463,0.016353730112314224,20.10432243347168,0.009762650355696678,0.25668901205062866,0.01805504970252514,0.24225643277168274,17.356353759765625,0.01838080957531929,0.2697324752807617,0.0050224419683218,0.015908751636743546,24.75263214111328,0.003347625955939293,0.09022022783756256,0.017358606681227684,0.0,16.983373641967773,0.020029161125421524,0.24461637437343597,21.74748992919922,0.006687308195978403,0.17675358057022095,28.735916137695312,0.0013378532603383064,21.243427276611328,0.007510301191359758,0.20890292525291443,18.65681266784668,0.013624441809952259,0.20260825753211975,18.04376220703125,0.015690037980675697,0.23942813277244568,20.613527297973633,0.008682549931108952,0.20327571034431458,27.164142608642578,0.0019212592160329223,20.12211036682129,0.009722748771309853,0.23854495584964752,18.08893394470215,0.015527678653597832,0.2158229500055313,17.493864059448242,0.017807934433221817,0.25400474667549133,26.364151000976562,0.0023098564706742764,0.06229286640882492,31.48853302001953,0.0007098174537532032,25.924365997314453,0.0025560162030160427,0.07445039600133896
18274,194,17,3790,-1,0,20.78701400756836,0.1920340210199356,15.671540260314941,0.26442772150039673,25.799238204956055,19.071203231811523,0.2391614466905594,15.024271011352539,21.907835006713867,0.10478568077087402,18.079835891723633,17.99363136291504,15.139698028564453,0.38077324628829956,100.0,0.5365209579467773,0.4928562641143799,3790,3822,0.4548811912536621,0,0,0.008342546410858631,0.0026307294610887766,20.35208511352539,0.009221287444233894,0.21865448355674744,0.027092307806015015,0.4031446874141693,15.094209671020508,0.030944185331463814,0.4593749940395355,0.012384535744786263,0.015560245141386986,19.246004104614258,0.011895964853465557,0.2635384202003479,0.03144654259085655,0.41158032417297363,14.707903861999512,0.033822812139987946,0.45930904150009155,0.006444903556257486,0.01587219163775444,23.015033721923828,0.0049945516511797905,0.10467571020126343,0.03062177076935768,0.0,14.518218040466309,0.0353328138589859,0.4419527053833008,21.64911460876465,0.006840509828180075,0.17118065059185028,35.931129455566406,0.0002552038349676877,21.049293518066406,0.007853633724153042,0.20214521884918213,15.907691955566406,0.02565847523510456,0.3776484429836273,15.288742065429688,0.029588695615530014,0.43879324197769165,20.177108764648438,0.009600396268069744,0.20329073071479797,29.984683990478516,0.0010035327868536115,19.616586685180664,0.010922989808022976,0.23915427923202515,15.441666603088379,0.0285649411380291,0.3854694366455078,14.837745666503906,0.03282657265663147,0.4453980326652527,24.628158569335938,0.0034449605736881495,0.07117987424135208,30.342208862304688,0.0009242278174497187,24.16487693786621,0.0038327656220644712,0.08334773033857346
18298,194,17,3814,-1,0,21.596702575683594,0.1604674756526947,20.961376190185547,0.1988598108291626,26.821636199951172,19.588321685791016,0.22336114943027496,18.995908737182617,21.317670822143555,0.11673282831907272,18.382057189941406,18.21780014038086,19.36414337158203,0.09265762567520142,100.0,0.21829628944396973,0.9109628796577454,3814,3846,0.4558430314064026,0,0,0.00692356564104557,0.0020789129193872213,21.152671813964844,0.0076688965782523155,0.18164509534835815,0.008014245890080929,0.1111677810549736,20.42278289794922,0.009072389453649521,0.1254013627767563,0.010994303971529007,0.014514239504933357,19.80768394470215,0.010452774353325367,0.24199837446212769,0.012601121328771114,0.16180965304374695,19.13724708557129,0.012197626754641533,0.1720132976770401,0.007383002433925867,0.015073711052536964,22.076213836669922,0.00619981624186039,0.11896324902772903,0.011576727963984013,0.0,18.742664337158203,0.013357763178646564,0.10592921078205109,23.340559005737305,0.0046338727697730064,0.14210458099842072,36.75369644165039,0.00021116917196195573,22.74555015563965,0.005314289126545191,0.1660219132900238,22.324081420898438,0.005855878349393606,0.08791031688451767,21.710487365722656,0.00674452306702733,0.104701466858387,21.0425968170166,0.007865753024816513,0.18612605333328247,30.134096145629883,0.0009695952758193016,20.49308967590332,0.008926700800657272,0.21788044273853302,20.316362380981445,0.009297448210418224,0.12023445963859558,19.754230499267578,0.010582223534584045,0.13944368064403534,23.811504364013672,0.0041576651856303215,0.07825624942779541,30.363283157348633,0.0009197543258778751,23.320053100585938,0.004655805416405201,0.09152427315711975
18437,194,17,3953,-1,3,21.84369659423828,0.18581777811050415,21.330745697021484,0.2403615266084671,26.174394607543945,19.85212516784668,0.24450644850730896,19.49881362915039,22.00339126586914,0.11719965934753418,18.190807342529297,18.17522621154785,20.4637451171875,0.16491566598415375,100.0,0.2948610782623291,0.8151687383651733,3953,3985,0.42298445105552673,0,0,0.006540791131556034,0.0024130186066031456,21.4412784576416,0.007175833452492952,0.2161618024110794,0.0073608094826340675,0.17112603783607483,20.82184600830078,0.008275904692709446,0.19668534398078918,0.010346355848014355,0.01516768615692854,20.17520523071289,0.009604612365365028,0.27211445569992065,0.011223254725337029,0.213432177901268,19.73941993713379,0.010618372820317745,0.23121270537376404,0.006304650101810694,0.015222196467220783,23.069135665893555,0.004932719748467207,0.12121833860874176,0.008987225592136383,0.0,19.842266082763672,0.010369875468313694,0.1948312222957611,23.464496612548828,0.004503502976149321,0.16978147625923157,35.59845733642578,0.0002755207824520767,22.878589630126953,0.005153961945325136,0.2024361789226532,22.45317268371582,0.005684377159923315,0.15194353461265564,21.84175682067871,0.006543717347085476,0.17850957810878754,21.537593841552734,0.007018441334366798,0.2114098072052002,29.400747299194336,0.0011479564709588885,21.01187515258789,0.007921592332422733,0.24987131357192993,20.873577117919922,0.00817791000008583,0.1829807311296463,20.32080078125,0.009287947788834572,0.2152128666639328,24.88176727294922,0.003249550238251686,0.08204984664916992,30.16085433959961,0.0009636397007852793,24.43549346923828,0.00360122905112803,0.09660565108060837
18532,194,17,4048,-1,2,23.246212005615234,0.16403043270111084,19.134151458740234,0.20912878215312958,25.920330047607422,20.831790924072266,0.20363599061965942,17.979549407958984,22.853160858154297,0.11025028675794601,17.94832992553711,18.093673706054688,18.01511573791504,0.17620009183883667,100.0,0.43760690093040466,0.47789186239242554,4048,4080,0.4396894872188568,0,0,0.004735641647130251,0.0025583929382264614,22.949405670166016,0.0050706034526228905,0.18352222442626953,0.012206328101456165,0.18314075469970703,18.656681060791016,0.013624859042465687,0.2071593701839447,0.00825697835534811,0.016038617119193077,21.512073516845703,0.007059803698211908,0.219454824924469,0.015923742204904556,0.21510297060012817,17.973085403442383,0.015947455540299416,0.2272007018327713,0.005184227600693703,0.015510747209191322,24.442367553710938,0.0035955326166003942,0.10722853243350983,0.01579386554658413,0.0,17.393638610839844,0.01822369173169136,0.1989099085330963,24.354740142822266,0.0036688169930130243,0.1416318416595459,35.29487609863281,0.00029546947916969657,23.780147552490234,0.004187793470919132,0.16311433911323547,19.200937271118164,0.012020054273307323,0.1688569337129593,18.591602325439453,0.013830555602908134,0.1923610419034958,22.527265548706055,0.005588222295045853,0.1705656498670578,29.576183319091797,0.0011025085113942623,22.02155876159668,0.006278331857174635,0.19552317261695862,18.491470336914062,0.014153147116303444,0.19365347921848297,17.90658187866211,0.01619354449212551,0.2201593816280365,26.164134979248047,0.002418725285679102,0.07561751455068588,29.951969146728516,0.0010111212031915784,25.791732788085938,0.002635279670357704,0.08681321144104004
18585,194,17,4101,-1,3,24.19717788696289,0.17423702776432037,20.6644229888916,0.23101115226745605,25.788156509399414,21.729934692382812,0.22310808300971985,19.401750564575195,23.269441604614258,0.0993630439043045,17.91389274597168,18.025514602661133,20.031232833862305,0.2844250798225403,100.0,0.47080275416374207,0.49067503213882446,4101,4133,0.4912947416305542,0,0,0.003804365871474147,0.002637451281771064,23.99692726135254,0.003983891103416681,0.20140878856182098,0.008581390604376793,0.29143887758255005,20.182403564453125,0.009588697925209999,0.3389247953891754,0.006714390590786934,0.016166305169463158,22.789936065673828,0.005260250065475702,0.24316126108169556,0.011476906947791576,0.3080238103866577,19.677343368530273,0.01077123824506998,0.3428109288215637,0.004710380919277668,0.015756098553538322,25.21283721923828,0.0030110394582152367,0.09860587120056152,0.009928345680236816,0.0,19.409753799438477,0.011455784551799297,0.3333248496055603,26.045129776000977,0.0024859197437763214,0.15307573974132538,34.724491119384766,0.0003369387413840741,25.502853393554688,0.0028165322728455067,0.18183936178684235,21.39747428894043,0.00724857347086072,0.26708921790122986,20.796098709106445,0.008325113914906979,0.31420040130615234,23.802520751953125,0.004166275262832642,0.18779511749744415,27.890705108642578,0.0016252844361588359,23.413021087646484,0.004557196982204914,0.22146116197109222,20.480262756347656,0.008953103795647621,0.2867731750011444,19.960391998291016,0.010091615840792656,0.33418989181518555,26.685182571411133,0.002145269652828574,0.06965727359056473,28.28377914428711,0.0014846435515210032,26.484153747558594,0.0022469046525657177,0.08080680668354034
18646,194,17,4194,-1,2,24.116106033325195,0.2234489470720291,22.25049591064453,0.22394421696662903,24.338186264038086,21.791074752807617,0.2604035437107086,20.564525604248047,23.480648040771484,0.09820736944675446,17.891244888305664,17.87909698486328,21.42011260986328,0.1831846833229065,100.0,0.29114246368408203,0.7691912055015564,4194,4226,0.4353124797344208,0,0,0.0038760516326874495,0.003682829672470689,24.08292579650879,0.0039057782851159573,0.26027825474739075,0.005955943372100592,0.19534528255462646,21.91815948486328,0.006429601926356554,0.22948282957077026,0.006620530039072037,0.01625082828104496,22.89126205444336,0.005138946231454611,0.29738694429397583,0.008781074546277523,0.2181340903043747,21.208518981933594,0.00757090887054801,0.2454925775527954,0.004486784338951111,0.016296353191137314,25.73500633239746,0.0026699271984398365,0.09926189482212067,0.00721089169383049,0.0,20.798633575439453,0.008320259861648083,0.21788401901721954,25.88103485107422,0.002581644570454955,0.20329514145851135,33.21030044555664,0.00047749653458595276,25.36800193786621,0.002905359724536538,0.24137693643569946,23.21316909790039,0.004771808162331581,0.17081335186958313,22.628698348999023,0.005459215957671404,0.20336072146892548,23.74904441833496,0.004217896144837141,0.23761966824531555,29.277835845947266,0.001180909457616508,23.292789459228516,0.0046851253136992455,0.27931857109069824,21.982831954956055,0.006334564182907343,0.19485749304294586,21.435548782348633,0.007185301743447781,0.23203624784946442,27.02460479736328,0.0019839901942759752,0.06693042814731598,31.211231231689453,0.0007566187996417284,26.629770278930664,0.0021728165447711945,0.08051282167434692
18675,194,17,4223,-1,3,24.519126892089844,0.13584643602371216,22.597026824951172,0.1940951645374298,27.625608444213867,21.907901763916016,0.19511431455612183,20.898670196533203,22.801952362060547,0.11815758049488068,18.1505126953125,18.22756004333496,21.717012405395508,0.13030879199504852,100.0,0.3236323595046997,0.599739670753479,4223,4255,0.42035111784935,0,0,0.003532544244080782,0.001727583585307002,24.190486907958984,0.0038102304097265005,0.16014450788497925,0.005499172955751419,0.13751783967018127,22.123641967773438,0.006132475566118956,0.16370905935764313,0.006444805301725864,0.015309068374335766,22.940444946289062,0.005081072449684143,0.22072932124137878,0.008130796253681183,0.17087748646736145,21.49326515197754,0.007090447936207056,0.19159062206745148,0.0052457163110375404,0.015039869584143162,24.27253532409668,0.00373892392963171,0.12586750090122223,0.0067344000563025475,0.0,21.09553337097168,0.007770461495965719,0.1564875841140747,26.92131805419922,0.0020317404996603727,0.11909022927284241,36.42686462402344,0.00022767411428503692,26.365219116210938,0.002309289062395692,0.1439330279827118,24.351947784423828,0.003671176265925169,0.11858426779508591,23.748369216918945,0.0042185490019619465,0.14534404873847961,23.95583724975586,0.0040217614732682705,0.17327779531478882,30.618188858032227,0.0008673236006870866,23.46106719970703,0.00450705923140049,0.20973335206508636,22.583608627319336,0.005516190081834793,0.1508321315050125,22.039640426635742,0.006252247840166092,0.18392325937747955,25.568437576293945,0.0027743191458284855,0.09267158061265945,31.026378631591797,0.0007895183516666293,25.114953994750977,0.0030796730425208807,0.11128930747509003
18859,194,17,4407,-1,3,20.92285919189453,0.2927406132221222,18.786623001098633,0.31470271944999695,23.90601348876953,19.646272659301758,0.33128753304481506,17.90240478515625,23.337419509887695,0.10853828489780426,18.005451202392578,17.794578552246094,18.231822967529297,0.28004464507102966,100.0,0.40585049986839294,0.7754153609275818,4407,4439,0.4386560320854187,0,0,0.008085637353360653,0.0040681674145162106,20.60295867919922,0.00870370864868164,0.33647939562797546,0.013223238289356232,0.306097149848938,18.321889877319336,0.014716721139848232,0.34370920062065125,0.010848580859601498,0.015829049050807953,19.96438217163086,0.01008235476911068,0.374838650226593,0.016209129244089127,0.3225454092025757,17.906326293945312,0.01619449444115162,0.3572219908237457,0.004637225531041622,0.01661660335958004,25.537357330322266,0.0027942443266510963,0.10845376551151276,0.01502511091530323,0.0,17.61034393310547,0.017336666584014893,0.32486698031425476,21.530704498291016,0.007029582746326923,0.2700883448123932,32.611358642578125,0.0005481052212417126,20.954612731933594,0.008026733063161373,0.3221971094608307,19.267717361450195,0.011836636811494827,0.28120073676109314,18.66111183166504,0.01361095905303955,0.32740336656570435,20.65152359008789,0.008606920018792152,0.2959345579147339,29.005321502685547,0.001257383613847196,20.1154727935791,0.009737619198858738,0.34951213002204895,18.651397705078125,0.01364144403487444,0.2974255084991455,18.070947647094727,0.015592123381793499,0.34536826610565186,26.537395477294922,0.002219528192654252,0.08111464232206345,29.756404876708984,0.0010576924541965127,26.20101547241211,0.002398272044956684,0.09446139633655548
18900,194,17,4448,-1,0,21.046144485473633,0.2712571620941162,18.911884307861328,0.26265618205070496,25.153940200805664,19.781496047973633,0.2965570092201233,18.038997650146484,23.58341407775879,0.08455122262239456,17.95140838623047,17.93988800048828,18.37688446044922,0.29847344756126404,100.0,0.43371081352233887,0.6056020855903625,4448,4480,0.46577227115631104,0,0,0.007859332486987114,0.003052151296287775,20.65557289123535,0.00859889853745699,0.31313109397888184,0.012847287580370903,0.31411126255989075,18.354736328125,0.014605836011469364,0.3631085157394409,0.010515996254980564,0.016027256846427917,20.146583557128906,0.009668110869824886,0.3337536156177521,0.01570725440979004,0.33161938190460205,18.05280303955078,0.01565740630030632,0.36830270290374756,0.004381861072033644,0.01606982760131359,25.877559661865234,0.002583712339401245,0.08013426512479782,0.014531537890434265,0.0,17.75540542602539,0.01676715724170208,0.34777718782424927,21.76644515991211,0.006658181082457304,0.25925683975219727,34.82918930053711,0.00032891303999349475,21.17366600036621,0.007631914224475622,0.30464065074920654,19.34674072265625,0.011623210273683071,0.29675355553627014,18.731916427612305,0.01339086052030325,0.34589746594429016,20.879150390625,0.008167422376573086,0.2725321054458618,29.656757354736328,0.001082241302356124,20.335086822509766,0.009257449768483639,0.3200420141220093,18.790822982788086,0.01321045309305191,0.30312681198120117,18.213382720947266,0.015089048072695732,0.3520803451538086,27.18688201904297,0.0019112256122753024,0.05692532658576965,30.01429557800293,0.0009967138757929206,26.87839698791504,0.00205191969871521,0.06670377403497696
19182,194,17,4730,-1,2,22.302730560302734,0.227513387799263,18.710704803466797,0.32532167434692383,23.999305725097656,20.646324157714844,0.2698586881160736,17.779708862304688,24.04008674621582,0.0890534520149231,18.06040382385254,18.234561920166016,17.99500274658203,0.3347722887992859,100.0,0.49538540840148926,0.6567041873931885,4730,4762,0.45258915424346924,0,0,0.005884737707674503,0.0039817094802856445,22.09186553955078,0.006177511066198349,0.25303319096565247,0.013456427492201328,0.3306381106376648,18.197277069091797,0.015145106241106987,0.37842151522636414,0.008617231622338295,0.015630021691322327,21.227243423461914,0.007538340985774994,0.29646196961402893,0.01667359098792076,0.3572259545326233,17.732154846191406,0.016857169568538666,0.39939069747924805,0.003944495692849159,0.015015640296041965,26.4951114654541,0.002241242676973343,0.08594110608100891,0.015867173671722412,0.0,17.373525619506836,0.018308276310563087,0.38479888439178467,22.953704833984375,0.005065582692623138,0.21378520131111145,31.531818389892578,0.0007027785177342594,22.413314819335938,0.00573678407818079,0.2441391944885254,18.933164596557617,0.012784495949745178,0.31948357820510864,18.32355499267578,0.014711081981658936,0.36692312359809875,21.81755828857422,0.006580278277397156,0.2434646040201187,28.045928955078125,0.0015682211378589272,21.336322784423828,0.007351364009082317,0.27587977051734924,18.340333938598633,0.014654354192316532,0.34320390224456787,17.76923942565918,0.016713839024305344,0.39367884397506714,27.42429542541504,0.0018095492850989103,0.06352879106998444,28.799102783203125,0.0013185297138988972,27.24667739868164,0.0018850906053557992,0.07052826881408691
19428,194,17,5008,-1,1,17.104551315307617,0.43576309084892273,15.604743957519531,0.4381978213787079,23.961584091186523,16.47595977783203,0.45559877157211304,15.171917915344238,23.85519790649414,0.07276816666126251,17.834720611572266,17.845806121826172,15.26610279083252,0.44928592443466187,100.0,0.5302095413208008,0.8264616131782532,5008,5040,0.45021483302116394,0,0,0.019478030502796173,0.0040164426900446415,16.60414695739746,0.02185673639178276,0.4982663691043854,0.027512216940522194,0.46541041135787964,15.056320190429688,0.031215336173772812,0.5327976942062378,0.022511489689350128,0.01646372117102146,16.30006980895996,0.023441914469003677,0.5186750888824463,0.03039543144404888,0.4720165431499481,14.877018928527832,0.03253106027841568,0.5352126359939575,0.00411604717373848,0.01642175018787384,26.53087615966797,0.002222862094640732,0.06925347447395325,0.029743347316980362,0.0,14.644622802734375,0.03431925177574158,0.5230381488800049,17.246816635131836,0.018850309774279594,0.42453137040138245,32.380977630615234,0.0005779663915745914,16.64312744140625,0.021661441773176193,0.4939359724521637,15.669547080993652,0.02710474282503128,0.4522765576839447,15.05323314666748,0.03123752772808075,0.525925874710083,16.91839027404785,0.02033110335469246,0.4384704530239105,29.326236724853516,0.0011678209993988276,16.33030128479004,0.023279303684830666,0.5101119875907898,15.448005676269531,0.028523284941911697,0.4556726813316345,14.843822479248047,0.032780662178993225,0.5303837656974792,28.463361740112305,0.0014245053753256798,0.04345579817891121,31.1014404296875,0.0007759896689094603,28.169363021850586,0.0015242769150063396,0.05038778483867645
19554,207,17,114,-1,2,24.792621612548828,0.15206968784332275,22.047874450683594,0.20379582047462463,25.888519287109375,22.164194107055664,0.2088739573955536,20.407535552978516,23.424652099609375,0.10424670577049255,18.028362274169922,18.02214813232422,21.076683044433594,0.25739485025405884,100.0,0.40780186653137207,0.4997422397136688,114,146,0.39796969294548035,0,0,0.0033169423695653677,0.0025772012304514647,24.6461124420166,0.0034307485911995173,0.18132898211479187,0.006240400951355696,0.2625555694103241,21.584203720092773,0.006943519692867994,0.3077830970287323,0.006075479555875063,0.01574576646089554,23.384008407592773,0.00458774296566844,0.2379966676235199,0.009104298427700996,0.2897319197654724,20.90593147277832,0.008117214776575565,0.32896825671195984,0.0045450106263160706,0.015768319368362427,25.50005340576172,0.0028183474205434322,0.11167918145656586,0.007804259192198515,0.0,20.4552059173584,0.00900491513311863,0.30638328194618225,27.116649627685547,0.0019423842895776033,0.13141277432441711,35.62411880493164,0.00027389751630835235,26.57760238647461,0.0021990747191011906,0.16118380427360535,23.32288932800293,0.004652764182537794,0.2316283881664276,22.715621948242188,0.005351036321371794,0.2775755524635315,24.56949234008789,0.0034918116871267557,0.17198583483695984,31.857425689697266,0.0006520149763673544,24.057506561279297,0.003928703255951405,0.20741453766822815,21.931640625,0.006409674417227507,0.2575444281101227,21.358688354492188,0.00731359887868166,0.3073558509349823,27.100807189941406,0.0019494832959026098,0.07549350708723068,32.449363708496094,0.0005689362296834588,26.651695251464844,0.0021618755999952555,0.09197472035884857
19615,207,17,175,-1,3,23.811738967895508,0.19774392247200012,19.597518920898438,0.2664320170879364,24.99938201904297,21.574024200439453,0.2532385587692261,18.530475616455078,23.774320602416992,0.1070178970694542,17.9760799407959,18.029197692871094,18.944011688232422,0.22112828493118286,100.0,0.39907675981521606,0.6676209568977356,175,207,0.42347100377082825,0,0,0.004157441668212414,0.0031627279240638018,23.654748916625977,0.004310474265366793,0.2261098176240921,0.010971049778163433,0.22908112406730652,19.080398559570312,0.012358338572084904,0.263216495513916,0.006959813646972179,0.015936467796564102,22.53459930419922,0.005578790325671434,0.28064751625061035,0.01402660645544529,0.25749194622039795,18.610631942749023,0.013770093210041523,0.2857680022716522,0.004193418193608522,0.015742739662528038,26.167953491210938,0.0024165997747331858,0.1078464686870575,0.01275260467082262,0.0,18.322532653808594,0.014714543707668781,0.25559094548225403,24.81378936767578,0.003300813725218177,0.18009474873542786,30.43929100036621,0.0009037975687533617,24.353830337524414,0.0036695857997983694,0.20931339263916016,19.93982696533203,0.010139518417418003,0.2057192623615265,19.32968521118164,0.011668943800032139,0.23773178458213806,23.248023986816406,0.0047336663119494915,0.21791264414787292,27.481739044189453,0.0017857725033536553,22.85068130493164,0.005187188740819693,0.2538829743862152,19.316041946411133,0.01170565839856863,0.229490727186203,18.752243041992188,0.01332833245396614,0.26729151606559753,27.482803344726562,0.0017853345489129424,0.0706876888871193,29.516170501708984,0.0011178486747667193,27.23992347717285,0.0018880247371271253,0.082979217171669
19847,207,17,407,-1,3,22.974388122558594,0.17627136409282684,20.417394638061523,0.2409401386976242,25.487464904785156,21.159828186035156,0.2064763605594635,19.27808380126953,24.137733459472656,0.0860443264245987,17.775239944458008,17.958412170410156,19.94778823852539,0.2417714148759842,100.0,0.3934482932090759,0.6123806834220886,407,439,0.42857295274734497,0,0,0.005041514523327351,0.0028265288565307856,22.690336227416992,0.00538228265941143,0.20120470225811005,0.00908365286886692,0.2508387267589569,19.92242431640625,0.010180231183767319,0.2834777235984802,0.007656273432075977,0.016690753400325775,22.02985382080078,0.006266353186219931,0.23048126697540283,0.011808414943516254,0.2744497060775757,19.542938232421875,0.011109800077974796,0.30363476276397705,0.0038567984011024237,0.016001436859369278,27.01498031616211,0.0019883925560861826,0.08526431769132614,0.010120948776602745,0.0,19.326309204101562,0.011678018607199192,0.2773370146751404,23.99448585510254,0.003986131399869919,0.154579758644104,35.49983215332031,0.00028184926486574113,23.414142608642578,0.004556020721793175,0.1823250651359558,20.822612762451172,0.008274443447589874,0.2264547199010849,20.212812423706055,0.009521795436739922,0.2612318694591522,22.970876693725586,0.005045592784881592,0.17766883969306946,29.7988338470459,0.0010474099544808269,22.471302032470703,0.005660697817802429,0.2089739590883255,20.255939483642578,0.009427706710994244,0.24592331051826477,19.693510055541992,0.010731220245361328,0.2862260937690735,29.147844314575195,0.001216789591126144,0.05489649251103401,30.3551025390625,0.0009214880992658436,28.988649368286133,0.0012622206704691052,0.06463323533535004
20284,207,17,844,-1,0,23.373859405517578,0.1237216591835022,22.214611053466797,0.182661771774292,26.893882751464844,20.929519653320312,0.16327688097953796,20.177791595458984,22.6284122467041,0.09150543808937073,18.159076690673828,18.070039749145508,20.85443687438965,0.09253007173538208,100.0,0.30321893095970154,0.6024088859558105,844,876,0.4615020751953125,0,0,0.00459847878664732,0.0020446160342544317,23.017791748046875,0.004991380497813225,0.14405322074890137,0.006005362141877413,0.1076178327202797,21.683162689208984,0.006787089630961418,0.12624262273311615,0.00807324331253767,0.015278912149369717,21.57098960876465,0.006964678876101971,0.1784769594669342,0.009598886594176292,0.14449240267276764,20.591293334960938,0.008727116510272026,0.15445499122142792,0.00545957637950778,0.01559538021683693,24.089107513427734,0.0039002220146358013,0.0922432690858841,0.008214034140110016,0.0,20.232955932617188,0.00947773177176714,0.10912342369556427,24.868358612060547,0.003259598510339856,0.09543366730213165,36.85401153564453,0.0002063473657472059,24.283693313598633,0.0037293294444680214,0.11393867433071136,23.199954986572266,0.004786351695656776,0.08624081313610077,22.58744239807129,0.005511322524398565,0.10311667621135712,22.741315841674805,0.005319472402334213,0.12585175037384033,29.12376594543457,0.001223554601892829,22.25511360168457,0.0059496136382222176,0.15108853578567505,21.546737670898438,0.00700368033722043,0.10862858593463898,21.02201271057129,0.007903125137090683,0.1293983906507492,25.660133361816406,0.0027163559570908546,0.062096670269966125,29.304058074951172,0.0011738005559891462,25.29637908935547,0.0029536718502640724,0.07475097477436066
20524,207,17,1116,-1,1,24.1475830078125,0.1294778287410736,21.68661880493164,0.19557587802410126,26.917034149169922,21.974998474121094,0.15814727544784546,20.281848907470703,23.855316162109375,0.08004322648048401,18.05527687072754,18.088411331176758,21.024932861328125,0.0996023491024971,100.0,0.3016371726989746,0.648381233215332,1116,1148,0.44659560918807983,0,0,0.0038480611983686686,0.002033745404332876,23.843460083007812,0.004127186257392168,0.1561691164970398,0.006781695876270533,0.11127492785453796,21.180240631103516,0.00762036582455039,0.13152018189430237,0.006346001755446196,0.015648484230041504,23.084897994995117,0.00491485046222806,0.18130095303058624,0.009371628053486347,0.13865745067596436,20.73054313659668,0.008451735600829124,0.15091493725776672,0.004115934483706951,0.015529554337263107,26.270893096923828,0.0023599930573254824,0.07996643334627151,0.007897810079157352,0.0,20.403453826904297,0.009112858213484287,0.12059086561203003,25.578744888305664,0.0027677426114678383,0.11698096990585327,37.40700912475586,0.00018167667440138757,24.995441436767578,0.003165598725900054,0.14485085010528564,22.842370986938477,0.005197123158723116,0.09908823668956757,22.229854583740234,0.005984317045658827,0.11874505877494812,24.096275329589844,0.0038937905337661505,0.13541650772094727,30.74405288696289,0.0008425486739724874,23.60193634033203,0.004363212268799543,0.1685750037431717,21.746440887451172,0.006688922178000212,0.11139467358589172,21.187305450439453,0.00760798342525959,0.1335550993680954,27.711870193481445,0.001693608588539064,0.055300936102867126,31.6707820892334,0.0006806468591094017,27.329578399658203,0.001849448774009943,0.0668506994843483
20537,207,17,1129,-1,2,24.984939575195312,0.18944872915744781,21.31016731262207,0.18547312915325165,25.74674415588379,22.552520751953125,0.21940672397613525,20.114910125732422,24.28135108947754,0.0771380141377449,17.980243682861328,18.03446388244629,20.81619644165039,0.2337007373571396,100.0,0.3509122431278229,0.528545618057251,1129,1161,0.4235057234764099,0,0,0.0031732635106891394,0.0026627203915268183,24.87874984741211,0.003251808462664485,0.22011682391166687,0.007395772263407707,0.24167148768901825,20.87233543395996,0.008180249482393265,0.2827577590942383,0.005555817391723394,0.015921195968985558,24.02179527282715,0.0039611440151929855,0.2507699131965637,0.009738880209624767,0.2551591098308563,20.514602661132812,0.008882591500878334,0.2904182970523834,0.003731340169906616,0.015723655000329018,27.243736267089844,0.0018863687291741371,0.07899431884288788,0.008286675438284874,0.0,20.194717407226562,0.009561548940837383,0.28140828013420105,26.53148651123047,0.0022225494030863047,0.16816698014736176,35.4265251159668,0.00028664691490121186,25.985340118408203,0.0025203805416822433,0.20312659442424774,21.814739227294922,0.006584549322724342,0.2218427062034607,21.202877044677734,0.007580756209790707,0.2654096186161041,24.988801956176758,0.003170441370457411,0.18210797011852264,30.911510467529297,0.0008106792229227722,24.517972946166992,0.003533481853082776,0.21959978342056274,21.18259048461914,0.00761624937877059,0.2342003434896469,20.615516662597656,0.008678576909005642,0.2805179953575134,28.905628204345703,0.0012865813914686441,0.054216936230659485,31.21550750732422,0.0007558739162050188,28.638412475585938,0.0013682286953553557,0.06551576405763626
20623,207,17,1215,-1,0,16.778409957885742,0.3550992012023926,15.399213790893555,0.34735989570617676,24.845712661743164,16.025970458984375,0.38575756549835205,14.837594985961914,22.20355224609375,0.10303286463022232,18.00044822692871,18.03287124633789,14.992059707641602,0.42778897285461426,34.863807678222656,0.5589446425437927,0.6214566826820374,1215,1247,0.4712335765361786,0,0,0.02099708653986454,0.0032766410149633884,16.248247146606445,0.023723309859633446,0.40111732482910156,0.028845537453889847,0.4369215965270996,14.842206001281738,0.032792869955301285,0.49751782417297363,0.024969102814793587,0.01584729552268982,15.788494110107422,0.026372460648417473,0.42476725578308105,0.0328277088701725,0.4433126747608185,14.504167556762695,0.03544730320572853,0.4969172179698944,0.0060206688940525055,0.01572943478822708,23.441884994506836,0.0045270128175616264,0.09895941615104675,0.031680651009082794,0.0003263017861172557,14.376548767089844,0.03650439903140068,0.4894712567329407,16.975502014160156,0.020065492019057274,0.33679258823394775,34.108665466308594,0.0003882695164065808,16.36524200439453,0.023092759773135185,0.38231128454208374,15.569509506225586,0.02773633413016796,0.42176058888435364,14.958650588989258,0.03192529454827309,0.4824185073375702,16.499765396118164,0.02238841913640499,0.3483874499797821,30.331666946411133,0.0009264744003303349,15.90231704711914,0.02569025568664074,0.3953890800476074,15.209184646606445,0.03013572096824646,0.4242189824581146,14.608575820922852,0.03460528701543808,0.48511064052581787,25.34010124206543,0.0029240844305604696,0.06991992890834808,30.9115047454834,0.0008106802124530077,24.882204055786133,0.0032492235768586397,0.08039672672748566
20680,207,17,1272,-1,1,20.98680877685547,0.20628316700458527,20.249324798583984,0.2720331847667694,26.59415054321289,19.39312744140625,0.24960389733314514,18.88128662109375,22.68806266784668,0.10551507025957108,18.1502742767334,18.060197830200195,19.347177505493164,0.20068305730819702,100.0,0.33429470658302307,0.8137525916099548,1272,1304,0.4152681231498718,0,0,0.007967447862029076,0.0021907116752117872,20.527538299560547,0.008856176398694515,0.238068088889122,0.009442079812288284,0.2182570993900299,19.75751495361328,0.010574229061603546,0.24459028244018555,0.011499720625579357,0.01530990656465292,19.620344161987305,0.010913538746535778,0.27437901496887207,0.01293811947107315,0.24539297819137573,19.031147003173828,0.012499291449785233,0.26667991280555725,0.0053851003758609295,0.01563076488673687,24.192068099975586,0.0038088439032435417,0.10801637172698975,0.01162203960120678,0.0,18.725698471069336,0.013410045765340328,0.2297031283378601,21.999610900878906,0.006310139317065477,0.185235857963562,35.64858627319336,0.00027235870948061347,21.4031982421875,0.007239028345793486,0.2179710417985916,20.832393646240234,0.00825582630932331,0.19705528020858765,20.222354888916016,0.009500893764197826,0.22688516974449158,20.589168548583984,0.008731387555599213,0.21566031873226166,30.893766403198242,0.0008139978745020926,20.022010803222656,0.009949447587132454,0.24959692358970642,19.760326385498047,0.010567381046712399,0.22058182954788208,19.179805755615234,0.012078674510121346,0.2531927227973938,25.812156677246094,0.0026229158975183964,0.07590162754058838,31.54932975769043,0.0006999502656981349,25.3480224609375,0.0029187567997723818,0.08786281943321228
20771,207,17,1363,-1,0,21.929113388061523,0.26296332478523254,18.607393264770508,0.25701528787612915,24.592002868652344,20.485952377319336,0.3032955527305603,17.79574203491211,24.411685943603516,0.08477090299129486,17.89646339416504,17.98887062072754,18.3453369140625,0.31816422939300537,100.0,0.40030717849731445,0.6420451402664185,1363,1395,0.44513338804244995,0,0,0.006413404829800129,0.0034737589303404093,21.633176803588867,0.0068656583316624165,0.29434001445770264,0.013780361972749233,0.3273683786392212,18.052091598510742,0.015659967437386513,0.3767012357711792,0.00894138403236866,0.016231315210461617,21.068012237548828,0.007819855585694313,0.33367669582366943,0.01661214791238308,0.35070207715034485,17.75413703918457,0.016772057861089706,0.392009437084198,0.003621026873588562,0.015889599919319153,27.610626220703125,0.0017335537122562528,0.08293050527572632,0.014637483283877373,0.0,17.723857879638672,0.016889404505491257,0.36891666054725647,22.52072525024414,0.005596641916781664,0.243875190615654,33.879150390625,0.0004093410389032215,21.94180679321289,0.006394688505679369,0.27847030758857727,18.734647750854492,0.013382441364228725,0.310842365026474,18.119579315185547,0.015418500639498234,0.3617526590824127,21.99347496032715,0.006319060921669006,0.26888251304626465,29.972000122070312,0.0010064678499475121,21.46521759033203,0.007136382628232241,0.30943652987480164,18.4910888671875,0.014154392294585705,0.3281024694442749,17.902061462402344,0.01621040515601635,0.3837650418281555,30.17981719970703,0.0009594409493729472,0.0536426305770874,31.1135196685791,0.0007738342392258346,30.05245018005371,0.000987995765171945,0.06458695232868195
20837,207,17,1429,-1,2,20.968570709228516,0.17241549491882324,17.131675720214844,0.2440251111984253,25.764995574951172,19.15788459777832,0.22138819098472595,16.179946899414062,22.085561752319336,0.09835731983184814,18.082834243774414,18.178613662719727,16.15947914123535,0.2136261910200119,35.69680404663086,0.4206567704677582,0.5801050662994385,1429,1461,0.4769839346408844,0,0,0.008000974543392658,0.0026515545323491096,20.543363571166992,0.008823961950838566,0.1989707052707672,0.019356749951839447,0.21785235404968262,16.574228286743164,0.022007832303643227,0.24817265570163727,0.012139802798628807,0.015549509786069393,19.349720001220703,0.011615232564508915,0.24468868970870972,0.02409934252500534,0.25459060072898865,15.958447456359863,0.0253603532910347,0.2754971981048584,0.006186481099575758,0.015210333280265331,23.189220428466797,0.004798196256160736,0.09787983447313309,0.024213191121816635,0.0002693515853025019,15.544447898864746,0.027896860614418983,0.2420312613248825,21.83301544189453,0.006556898821145296,0.14435815811157227,33.621761322021484,0.00043433415703475475,21.25006103515625,0.007498831953853369,0.17017382383346558,17.44017791748047,0.01802944205701351,0.2024688422679901,16.827896118164062,0.020759187638759613,0.23497048020362854,20.30503273010254,0.009321734309196472,0.18458610773086548,29.22690200805664,0.0011948406463488936,19.758419036865234,0.010572025552392006,0.21592473983764648,16.70953941345215,0.02133270911872387,0.2289026826620102,16.121353149414062,0.024426694959402084,0.2618854343891144,24.86827850341797,0.0032596576493233442,0.06736581027507782,29.283353805541992,0.0011794092133641243,24.461538314819336,0.0035796959418803453,0.07871443033218384
20975,207,17,1567,-1,0,23.979629516601562,0.15967532992362976,21.33309555053711,0.201592355966568,26.44361686706543,21.561500549316406,0.20652377605438232,19.87015151977539,22.83707046508789,0.10830267518758774,17.683822631835938,17.810741424560547,20.42005729675293,0.27951034903526306,100.0,0.48059511184692383,0.41946402192115784,1567,1599,0.46477094292640686,0,0,0.003999787382781506,0.0022679760586470366,23.699567794799805,0.004266220144927502,0.18773368000984192,0.007356828078627586,0.2890402376651764,20.88674545288086,0.008153152652084827,0.3421783745288849,0.006979912985116243,0.017045816406607628,22.650955200195312,0.005431312136352062,0.2302704006433487,0.010303500108420849,0.3155326247215271,20.306615829467773,0.009318334981799126,0.356759250164032,0.005203467793762684,0.016554877161979675,24.612884521484375,0.003457097103819251,0.11307717859745026,0.009078084491193295,0.0,19.798580169677734,0.01047471258789301,0.33257436752319336,26.303462982177734,0.0023423603270202875,0.13027623295783997,35.4184684753418,0.0002871791075449437,25.753564834594727,0.002658542012795806,0.15944454073905945,22.393314361572266,0.005763267166912556,0.25884705781936646,21.797496795654297,0.006610742304474115,0.31052857637405396,23.81475067138672,0.004154559690505266,0.16256508231163025,28.416833877563477,0.001439848099835217,23.39874267578125,0.004572207573801279,0.1963963806629181,21.12133026123047,0.007724436931312084,0.28109076619148254,20.604496002197266,0.008700626902282238,0.33645305037498474,26.171123504638672,0.0024148360826075077,0.0722452700138092,28.813491821289062,0.001314168213866651,25.87679100036621,0.0025841696187853813,0.0871410220861435
21174,207,17,1766,-1,3,20.781442642211914,0.21300898492336273,19.108369827270508,0.17394836246967316,25.78866958618164,19.137117385864258,0.2607100009918213,17.846134185791016,21.96694564819336,0.11453729122877121,18.06447982788086,18.149078369140625,18.590744018554688,0.16230207681655884,100.0,0.2178456336259842,0.7984936833381653,1766,1798,0.42754071950912476,0,0,0.008353255689144135,0.002637139754369855,20.34673500061035,0.009232657961547375,0.24136164784431458,0.01227900106459856,0.1831873059272766,18.541433334350586,0.01399125624448061,0.2065773606300354,0.012197989039123058,0.015615362673997879,19.328458786010742,0.011672238819301128,0.2829848527908325,0.016420505940914154,0.21768589317798615,17.800188064575195,0.016595153138041496,0.23090992867946625,0.006357781123369932,0.015314130112528801,23.02781105041504,0.0049798814579844475,0.11375916004180908,0.013833294622600079,0.0,17.96926498413086,0.01596149429678917,0.18758165836334229,21.739662170410156,0.006699369288980961,0.18012675642967224,34.476070404052734,0.0003567738167475909,21.14912986755371,0.007675153203308582,0.20747010409832,19.58019256591797,0.01101490668952465,0.1563851684331894,18.964427947998047,0.012692790478467941,0.17970751225948334,20.404064178466797,0.009111576713621616,0.209847554564476,29.836013793945312,0.0010384817142039537,19.849092483520508,0.010353590361773968,0.24155940115451813,18.722339630126953,0.013420418836176395,0.18073676526546478,18.143718719482422,0.01533303689211607,0.206973135471344,24.677532196044922,0.0034060177858918905,0.08144479244947433,30.290042877197266,0.0009353964705951512,24.21806526184082,0.0037861133459955454,0.09400460124015808
21473,207,17,2097,-1,1,21.467975616455078,0.3370973765850067,18.38264274597168,0.3356252610683441,23.602806091308594,19.526918411254883,0.3914618492126465,17.3862247467041,25.211505889892578,0.06375005841255188,17.320371627807617,17.884916305541992,17.592321395874023,0.3353888988494873,100.0,0.45059236884117126,0.7448533773422241,2097,2129,0.4585546553134918,0,0,0.007131855469197035,0.004362340550869703,21.21596908569336,0.007557935081422329,0.3691819906234741,0.01451228465884924,0.3282884657382965,17.87691879272461,0.01630452834069729,0.36286211013793945,0.011150853708386421,0.018533730879426003,19.993478775024414,0.010015028528869152,0.42073261737823486,0.018254825845360756,0.352952778339386,17.309049606323242,0.018582113087177277,0.385669469833374,0.003011962864547968,0.016274528577923775,30.125267028808594,0.0009715683409012854,0.05082283914089203,0.017408762127161026,0.0,16.970842361450195,0.02008703164756298,0.3813645541667938,20.968109130859375,0.00800183042883873,0.31032219529151917,28.913267135620117,0.0012843202566727996,20.44057846069336,0.009035293012857437,0.350326269865036,17.912124633789062,0.01617288403213024,0.31962668895721436,17.30360984802246,0.01860540360212326,0.36061954498291016,20.66495704650879,0.008580335415899754,0.331683486700058,26.882469177246094,0.002049996517598629,20.1840763092041,0.0095850033685565,0.37473833560943604,17.779144287109375,0.016675762832164764,0.32852786779403687,17.198047637939453,0.019063180312514305,0.37330323457717896,31.985179901123047,0.0006331143667921424,0.028073318302631378,28.361291885375977,0.0014583799056708813,32.95720291137695,0.0005061504198238254,0.029251916334033012
21501,207,17,2125,-1,1,25.15390396118164,0.18629996478557587,22.272422790527344,0.1877395361661911,25.404130935668945,22.341697692871094,0.2251298725605011,20.43531036376953,23.719083786010742,0.10598808526992798,18.057201385498047,17.888690948486328,21.06499481201172,0.25010859966278076,100.0,0.39454251527786255,0.47584107518196106,2125,2157,0.4521348476409912,0,0,0.003052176907658577,0.00288128899410367,25.116653442382812,0.0030784679111093283,0.21832804381847382,0.0059259491972625256,0.2752052843570709,21.822315216064453,0.006573074497282505,0.3245154619216919,0.005832171067595482,0.015641557052731514,23.642112731933594,0.004323035012930632,0.2520275115966797,0.009046262130141258,0.2899579107761383,20.98027801513672,0.007979437708854675,0.32808029651641846,0.004247091710567474,0.016260387375950813,26.199893951416016,0.002398892305791378,0.11062437295913696,0.007825291715562344,0.0,20.44351577758789,0.009029182605445385,0.29799866676330566,26.89531135559082,0.0020439436193555593,0.1685742437839508,34.49810028076172,0.000354968651663512,26.375579833984375,0.002303785877302289,0.20495514571666718,22.885929107666016,0.005145259667187929,0.24403594434261322,22.28229331970215,0.005912496242672205,0.2919233441352844,24.427631378173828,0.0036077555269002914,0.1962413191795349,29.333515167236328,0.0011658658040687442,23.99742889404297,0.003983431030064821,0.2341488152742386,21.671049118041992,0.0068060485646128654,0.26629215478897095,21.147014617919922,0.007678891532123089,0.31556522846221924,27.149818420410156,0.0019276064122095704,0.07722585648298264,29.356002807617188,0.0011598443379625678,26.89153289794922,0.002045723842456937,0.09242348372936249
21735,207,17,2359,-1,3,23.314573287963867,0.2241097390651703,21.196388244628906,0.2553822696208954,24.81771469116211,21.14280891418457,0.2720554769039154,19.65642547607422,23.221328735351562,0.11043896526098251,17.88252830505371,17.86104965209961,20.034475326538086,0.20763318240642548,100.0,0.45530906319618225,0.5608987212181091,2359,2391,0.4480060040950775,0,0,0.004661683924496174,0.003297832328826189,23.123367309570312,0.004871507175266743,0.2560279667377472,0.00759208295494318,0.22152188420295715,20.688106536865234,0.008534721098840237,0.2606290280818939,0.007686334196478128,0.016283482313156128,21.962907791137695,0.006363695953041315,0.30479133129119873,0.010823243297636509,0.2523266077041626,20.035381317138672,0.009918862022459507,0.2821953296661377,0.004762854892760515,0.016364214941859245,25.26070785522461,0.0029780303593724966,0.11215770244598389,0.009920932352542877,0.0,19.412996292114258,0.01144722942262888,0.24502965807914734,24.65797233581543,0.003421392058953643,0.21167966723442078,34.461883544921875,0.0003579410840757191,24.097501754760742,0.0038926920387893915,0.25068747997283936,21.86876106262207,0.0065031531266868114,0.2054530382156372,21.258012771606445,0.0074851177632808685,0.24539951980113983,22.765352249145508,0.005290110595524311,0.24780747294425964,28.702478408813477,0.001348193851299584,22.29401397705078,0.005896559916436672,0.29235926270484924,20.77191162109375,0.008371608331799507,0.22182390093803406,20.22900390625,0.009486361406743526,0.26279696822166443,26.256454467773438,0.0023678529541939497,0.07896613329648972,29.41514015197754,0.001144158304668963,25.924198150634766,0.0025561137590557337,0.09180567413568497
21905,207,17,2529,-1,1,23.964752197265625,0.12744201719760895,21.298770904541016,0.1970914602279663,27.850261688232422,21.68562126159668,0.16214244067668915,19.730649948120117,23.771955490112305,0.08703922480344772,18.016658782958984,18.035846710205078,20.302846908569336,0.0978560522198677,100.0,0.3175410330295563,0.6206802725791931,2529,2561,0.4499359130859375,0,0,0.0040135132148861885,0.0016404915368184447,23.586654663085938,0.004378593526780605,0.15175069868564606,0.00741520244628191,0.11589676141738892,20.772287368774414,0.00837088655680418,0.14002472162246704,0.0067832511849701405,0.015788253396749496,22.677780151367188,0.005397866014391184,0.17814959585666656,0.010639839805662632,0.13578034937381744,20.022663116455078,0.009947951883077621,0.14986859261989594,0.004195699468255043,0.01571865752339363,26.156579971313477,0.002422936260700226,0.0880432054400444,0.009326432831585407,0.0,19.681365966796875,0.010761268436908722,0.11922004073858261,25.334228515625,0.0029280404560267925,0.10400784760713577,36.057952880859375,0.00024785901769064367,24.762048721313477,0.003340375842526555,0.12790349125862122,21.9654541015625,0.006359963212162256,0.09697404503822327,21.355159759521484,0.00731954351067543,0.11955474317073822,23.515583038330078,0.004450838081538677,0.13012588024139404,28.465335845947266,0.0014238571748137474,23.083415985107422,0.004916527774184942,0.1552446037530899,20.82668685913086,0.00826667994260788,0.1176699697971344,20.28253173828125,0.009370162151753902,0.14211460947990417,26.998950958251953,0.001995744416490197,0.05906307324767113,29.546525955200195,0.0011100630508735776,26.712121963500977,0.0021320031955838203,0.07075052708387375
22018,207,17,2642,-1,2,20.045225143432617,0.23095649480819702,17.13617706298828,0.3038707673549652,24.107952117919922,18.57062339782715,0.2717254161834717,16.296222686767578,22.550403594970703,0.07869253307580948,17.524188995361328,17.930442810058594,16.453842163085938,0.29805612564086914,100.0,0.5222906470298767,0.5818039774894714,2642,2674,0.4294497072696686,0,0,0.009896405972540379,0.003883333643898368,19.657127380371094,0.010821494273841381,0.26303043961524963,0.019336696714162827,0.3086632788181305,16.602386474609375,0.0218655988574028,0.34584009647369385,0.013897533528506756,0.017684023827314377,18.756589889526367,0.013314995914697647,0.3011847734451294,0.023462694138288498,0.3399595320224762,16.103988647460938,0.024524560198187828,0.3731599450111389,0.005558524746447802,0.016104815527796745,24.04943084716797,0.003936018329113722,0.07475420087575912,0.022626414895057678,0.0,15.83236312866211,0.02610740251839161,0.3415899872779846,20.850017547607422,0.008222393691539764,0.20386487245559692,30.45641326904297,0.0009002405568026006,20.292404174804688,0.00934887956827879,0.23553556203842163,17.723743438720703,0.016889845952391624,0.29494646191596985,17.115074157714844,0.019430888816714287,0.3367514908313751,19.418251037597656,0.011433392763137817,0.23970454931259155,27.019344329833984,0.0019863953348249197,18.898557662963867,0.012886776588857174,0.2751646935939789,16.9088134765625,0.020375987514853477,0.32018640637397766,16.3264102935791,0.023300161585211754,0.3653669059276581,24.905250549316406,0.0032320283353328705,0.0645211786031723,28.616161346435547,0.0013752570375800133,24.537429809570312,0.003517685690894723,0.07345642894506454
22118,207,17,2742,-1,2,20.949291229248047,0.19892697036266327,18.472789764404297,0.23106323182582855,24.02301025390625,19.51723861694336,0.22763919830322266,17.507701873779297,22.648752212524414,0.0913388729095459,17.511709213256836,17.59848403930664,17.7820987701416,0.16114333271980286,100.0,0.38682690262794495,0.5973297953605652,2742,2774,0.4441452920436859,0,0,0.008036574348807335,0.00396003620699048,20.622949600219727,0.008663734421133995,0.21908792853355408,0.014214151538908482,0.17332059144973755,17.945358276367188,0.016049595549702644,0.1944650113582611,0.01117574144154787,0.017734918743371964,19.9282283782959,0.010166637599468231,0.24731749296188354,0.017751285806298256,0.1999475657939911,17.479787826538086,0.017865750938653946,0.2145795077085495,0.005434065125882626,0.01738407276570797,24.44228744506836,0.003595602000132203,0.0889628529548645,0.01666441559791565,0.0,17.160621643066406,0.019228173419833183,0.18517126142978668,21.999408721923828,0.006310432218015194,0.17002630233764648,31.527393341064453,0.0007034945301711559,21.442968368530273,0.007173038553446531,0.1948530673980713,19.050155639648438,0.012444703839719296,0.15449891984462738,18.442182540893555,0.014314685016870499,0.17787130177021027,20.71708869934082,0.008477953262627125,0.1927454173564911,27.52294158935547,0.0017689119558781385,20.218143463134766,0.009510114789009094,0.2207571566104889,18.273366928100586,0.01488206721842289,0.17115306854248047,17.701513290405273,0.016976524144411087,0.19662734866142273,25.605220794677734,0.0027509210631251335,0.05667340010404587,29.047395706176758,0.0012452612863853574,25.254106521606445,0.0029825607780367136,0.06440279632806778
22120,207,17,2744,-1,0,18.57588768005371,0.23748263716697693,17.788372039794922,0.3051733672618866,24.114212036132812,17.72524070739746,0.2699660658836365,17.080419540405273,22.56934356689453,0.09395469725131989,17.729036331176758,17.791139602661133,17.28792381286621,0.22759856283664703,100.0,0.4582132399082184,0.6660072803497314,2744,2776,0.4422488212585449,0,0,0.013880698010325432,0.0038777405861765146,18.119264602661133,0.0154196135699749,0.2660549283027649,0.01664036512374878,0.2366887480020523,17.309642791748047,0.018579576164484024,0.26014336943626404,0.01688401959836483,0.016869282349944115,17.724658966064453,0.016886286437511444,0.2985142767429352,0.019586559385061264,0.25722378492355347,16.986042022705078,0.020016858354210854,0.2765604853630066,0.005534336902201176,0.016629768535494804,24.1710205078125,0.0038273476529866457,0.09190213680267334,0.018672727048397064,0.0,16.666444778442383,0.02154545485973358,0.25545772910118103,19.145605087280273,0.012174178846180439,0.20504681766033173,33.04793167114258,0.0004956863704137504,18.547767639160156,0.013970869593322277,0.23597122728824615,18.331043243408203,0.01468573696911335,0.21784000098705292,17.72088050842285,0.016900990158319473,0.24305561184883118,18.40447235107422,0.014439521357417107,0.23447023332118988,28.120197296142578,0.0015416303649544716,17.845260620117188,0.01642381213605404,0.2709307372570038,17.71965789794922,0.01690574176609516,0.23550227284431458,17.138416290283203,0.01932673156261444,0.2634391784667969,25.41427230834961,0.0028745702002197504,0.06400352716445923,29.126188278198242,0.001222872524522245,25.04639434814453,0.0031286776065826416,0.07306309044361115
22193,207,17,2817,-1,1,20.17632484436035,0.14977183938026428,19.226852416992188,0.1706855595111847,23.92725372314453,18.172889709472656,0.2118118405342102,17.4244327545166,20.276927947998047,0.11315536499023438,17.688228607177734,17.991039276123047,18.81291389465332,0.1020650789141655,29.21792984008789,0.15434907376766205,1.1058411598205566,2817,2849,0.43002545833587646,0,0,0.009602127596735954,0.004048318602144718,19.806114196777344,0.010456560179591179,0.16837432980537415,0.011948537081480026,0.12131693959236145,18.747987747192383,0.013341397047042847,0.13387945294380188,0.015230397693812847,0.017028534784913063,18.25249481201172,0.014953763224184513,0.22958430647850037,0.018094919621944427,0.17689436674118042,17.38518524169922,0.018259186297655106,0.18585748970508575,0.00938225444406271,0.015881672501564026,20.766345977783203,0.008382345549762249,0.11312500387430191,0.013143427670001984,0.001197311095893383,18.2445068359375,0.014981292188167572,0.1137072741985321,21.542728424072266,0.00701014744117856,0.12115013599395752,26.70774269104004,0.002134153852239251,21.10121726989746,0.00776029983535409,0.13906808197498322,20.077484130859375,0.009823174215853214,0.10657154768705368,19.512115478515625,0.011188932694494724,0.11899345368146896,19.106624603271484,0.012283937074244022,0.16998399794101715,24.03400230407715,0.003950026351958513,18.675457000732422,0.013566077686846256,0.19397228956222534,18.14784049987793,0.015318491496145725,0.1512593924999237,17.626110076904297,0.01727384142577648,0.17088302969932556,21.85165786743164,0.006528811063617468,0.08433149009943008,27.224863052368164,0.0018945846240967512,21.401554107666016,0.007241769693791866,0.0944788008928299
22262,207,17,2886,-1,2,23.468961715698242,0.13903401792049408,18.614896774291992,0.17025136947631836,25.399215698242188,21.10381317138672,0.19746366143226624,17.571575164794922,22.47528839111328,0.11303665488958359,17.85821533203125,17.93512725830078,17.678468704223633,0.21871820092201233,100.0,0.4422418773174286,0.3849734365940094,2886,2918,0.5026943683624268,0,0,0.004498876165598631,0.0028845530468970537,23.235591888427734,0.0047472333535552025,0.1597096025943756,0.013756580650806427,0.23251846432685852,18.08791160583496,0.015531335026025772,0.2713417112827301,0.007755658123642206,0.016374899074435234,21.91814613342285,0.006429621484130621,0.22071656584739685,0.017492122948169708,0.2560204565525055,17.524093627929688,0.01768440566956997,0.2861676812171936,0.005655502900481224,0.016087448224425316,23.92481803894043,0.004050588700920343,0.11614622920751572,0.017066847532987595,0.0,17.056987762451172,0.019692517817020416,0.25616586208343506,25.42847442626953,0.002865184796974063,0.11594349145889282,32.66085433959961,0.0005418945220299065,24.917919158935547,0.0032226138282567263,0.13786137104034424,19.14746856689453,0.012168954126536846,0.21534520387649536,18.532821655273438,0.014019029214978218,0.2548235356807709,22.887149810791016,0.005143810994923115,0.15999452769756317,27.212621688842773,0.0018999305320903659,22.485000610351562,0.005642869044095278,0.1900860071182251,18.276914596557617,0.014869920909404755,0.23222880065441132,17.711763381958008,0.01693650148808956,0.2734130620956421,25.080581665039062,0.003104144474491477,0.07604491710662842,28.37054443359375,0.0014552762731909752,24.73943328857422,0.003357816720381379,0.08968232572078705
22619,207,17,3275,-1,2,22.287574768066406,0.17167849838733673,19.147567749023438,0.22973696887493134,21.009578704833984,20.21505355834961,0.22289347648620605,17.916805267333984,22.87122917175293,0.10393618792295456,17.127119064331055,18.043033599853516,17.910520553588867,0.13794097304344177,21.708023071289062,0.3953871428966522,0.5810430645942688,3275,3307,0.45326560735702515,0,0,0.005905310623347759,0.007925784215331078,22.522411346435547,0.005594468675553799,0.1918363869190216,0.012168674729764462,0.16169296205043793,18.885086059570312,0.012926813215017319,0.1798846423625946,0.009516885504126549,0.019377073273062706,20.969135284423828,0.007999934256076813,0.24309784173965454,0.016155466437339783,0.18368467688560486,18.07343864440918,0.01558318268507719,0.19387242197990417,0.0051627024076879025,0.015692662447690964,24.50664710998535,0.003542708931490779,0.10402800887823105,0.016178861260414124,0.006748350802809,17.53754997253418,0.017629709094762802,0.15686169266700745,23.0335636138916,0.004973290022462606,0.147903174161911,22.75710678100586,0.005300167482346296,23.077701568603516,0.004923000931739807,0.17230573296546936,19.444168090820312,0.011365360580384731,0.14230631291866302,19.10403823852539,0.012291258201003075,0.16408081352710724,21.40395164489746,0.00723777012899518,0.1873961240053177,21.773983001708984,0.006646635942161083,21.34972381591797,0.007328713312745094,0.21773852407932281,18.600906372070312,0.013800965622067451,0.16531386971473694,18.274906158447266,0.01487679872661829,0.1905995011329651,26.076885223388672,0.0024678087793290615,0.0749988704919815,29.139001846313477,0.0012192701688036323,25.751361846923828,0.0026598914992064238,0.08743874728679657
22694,207,17,3350,-1,1,23.717634201049805,0.1650056540966034,21.325176239013672,0.22164849936962128,26.55475425720215,21.19727897644043,0.22130662202835083,19.574838638305664,22.774520874023438,0.11445527523756027,18.012449264526367,17.958877563476562,20.169437408447266,0.2664273679256439,100.0,0.44013530015945435,0.5035917162895203,3350,3382,0.45933040976524353,0,0,0.004248509649187326,0.002210673876106739,23.408424377441406,0.0045620230957865715,0.18956729769706726,0.007370252627879381,0.2622058391571045,20.813961029052734,0.008290941826999187,0.3080921173095703,0.007590531371533871,0.015803566202521324,21.9880313873291,0.006326987873762846,0.2423269897699356,0.011028493754565716,0.2942608594894409,19.88979148864746,0.010257008485496044,0.32843512296676636,0.0052789547480642796,0.015999717637896538,24.40140724182129,0.00362960621714592,0.11428217589855194,0.009617368690669537,0.0,19.54796028137207,0.011096964590251446,0.31562140583992004,25.497737884521484,0.00281985173933208,0.14972852170467377,36.337188720703125,0.00023242428142111748,24.924251556396484,0.0032179178670048714,0.18062563240528107,22.135372161865234,0.006115936208516359,0.24555259943008423,21.522117614746094,0.007043497636914253,0.291553258895874,23.193309783935547,0.004793678876012564,0.18344593048095703,29.198806762695312,0.0012025953037664294,22.719585418701172,0.0053461529314517975,0.21757961809635162,20.82994842529297,0.008260480128228664,0.26428529620170593,20.2902774810791,0.009353460744023323,0.31214216351509094,26.035043716430664,0.002491700230166316,0.07683150470256805,29.47382354736328,0.0011288017267361283,25.68414878845215,0.002701376797631383,0.0899270698428154
22722,207,17,3378,-1,1,23.494277954101562,0.20813614130020142,19.488739013671875,0.22442904114723206,25.098161697387695,21.135032653808594,0.2632622718811035,18.34935188293457,23.015182495117188,0.10878469049930573,17.87824821472168,17.94025421142578,18.474807739257812,0.30990731716156006,100.0,0.4717147946357727,0.4757727384567261,3378,3410,0.48163077235221863,0,0,0.004472726956009865,0.003091604681685567,23.292713165283203,0.004685207270085812,0.2415817379951477,0.011249317787587643,0.317018061876297,18.99510383605957,0.012603456154465675,0.3669656813144684,0.007700108923017979,0.0162995383143425,21.953754425048828,0.006377120036631823,0.29658937454223633,0.014623952098190784,0.3390861749649048,18.419950485229492,0.014388150535523891,0.38292381167411804,0.0049943821504712105,0.0160684771835804,24.8271484375,0.0032906753476709127,0.10986553877592087,0.014207555912435055,0.0,17.85332679748535,0.016393333673477173,0.36584919691085815,24.998167037963867,0.0031636126805096865,0.18548062443733215,34.657432556152344,0.0003421818255446851,24.439775466918945,0.0035976790823042393,0.22217108309268951,20.0596923828125,0.00986349768936634,0.28530168533325195,19.447954177856445,0.01135545875877142,0.3363628685474396,22.92017936706543,0.005104837939143181,0.22796228528022766,29.793498992919922,0.0010486978571861982,22.4193172454834,0.005728859920054674,0.2704705595970154,19.211820602416992,0.011989965103566647,0.3071877062320709,18.635143280029297,0.013692595064640045,0.36273565888404846,26.384401321411133,0.0022991106379777193,0.07700080424547195,30.623783111572266,0.0008662070031277835,25.986759185791016,0.002519557485356927,0.09230521321296692
23025,207,17,3713,-1,1,25.130878448486328,0.17675815522670746,21.56222915649414,0.19153931736946106,26.834009170532227,22.039608001708984,0.21975749731063843,19.807510375976562,23.35028076171875,0.10725033283233643,18.12997055053711,18.206892013549805,20.099647521972656,0.13830581307411194,100.0,0.395997017621994,0.4836888015270233,3713,3745,0.47721073031425476,0,0,0.003068402176722884,0.0020729992538690567,24.91936492919922,0.0032215407118201256,0.20994694530963898,0.00697874091565609,0.15750166773796082,21.110563278198242,0.007743615657091141,0.18449100852012634,0.006252291612327099,0.015381649136543274,23.144573211669922,0.004847775679081678,0.24885348975658417,0.010453191585838795,0.19527268409729004,20.095998764038086,0.00978138018399477,0.2187097668647766,0.004623511806130409,0.015111612156033516,25.21439552307129,0.003009958192706108,0.11303821206092834,0.009773166850209236,0.0,19.478168487548828,0.0112767294049263,0.16372480988502502,26.715839385986328,0.002130179898813367,0.15364378690719604,36.476585388183594,0.00022508234542328864,26.155977249145508,0.0024232720024883747,0.18487396836280823,21.960237503051758,0.0063676065765321255,0.12926897406578064,21.35440444946289,0.007320819888263941,0.157693549990654,24.15911865234375,0.003837852505967021,0.18188604712486267,31.790687561035156,0.0006621116772294044,23.63870620727539,0.004326427821069956,0.21425139904022217,20.804616928100586,0.008308799006044865,0.1589459776878357,20.225360870361328,0.009494323283433914,0.18986694514751434,26.70130157470703,0.0021373212803155184,0.07848772406578064,32.35337829589844,0.0005816508200950921,26.240339279174805,0.0023766551166772842,0.09407715499401093
23286,207,17,3974,-1,2,18.974645614624023,0.3208295404911041,18.420190811157227,0.38601791858673096,24.324111938476562,17.776519775390625,0.35269033908843994,17.322277069091797,22.829910278320312,0.09987407177686691,17.875276565551758,18.008901596069336,17.582733154296875,0.20896489918231964,100.0,0.4014852046966553,0.9614748358726501,3974,4006,0.482077956199646,0,0,0.01266296673566103,0.0036947818007320166,18.52549934387207,0.014042685739696026,0.35697489976882935,0.01438735332340002,0.23377853631973267,17.89769744873047,0.01622670516371727,0.2605959475040436,0.016685839742422104,0.016310695558786392,17.76152229309082,0.016743555665016174,0.3856049180030823,0.01852560043334961,0.25686734914779663,17.24390411376953,0.018862951546907425,0.27744433283805847,0.005212056450545788,0.01581648364663124,24.460433959960938,0.003580606309697032,0.0995919331908226,0.01744723506271839,0.0,16.961254119873047,0.020131424069404602,0.23902875185012817,19.093626022338867,0.012320760637521744,0.3027034103870392,33.123538970947266,0.0004871315904892981,18.495101928710938,0.014141318388283253,0.34374919533729553,18.4720458984375,0.014216584153473377,0.21525441110134125,17.85926055908203,0.016370953992009163,0.2456032782793045,18.470245361328125,0.01422248687595129,0.3239459991455078,29.396060943603516,0.0011491957120597363,17.895809173583984,0.016233760863542557,0.367049902677536,17.935699462890625,0.01608533225953579,0.22661982476711273,17.348892211914062,0.01841241680085659,0.2583733797073364,26.57177734375,0.0022020256146788597,0.0638219565153122,30.249412536621094,0.0009441887377761304,26.20596694946289,0.002395539078861475,0.0734405666589737
23413,207,17,4101,-1,1,24.832422256469727,0.16170573234558105,22.425308227539062,0.20242610573768616,25.443307876586914,22.255409240722656,0.19913837313652039,20.58358383178711,23.605192184448242,0.09784647077322006,17.96087646484375,17.836217880249023,21.474132537841797,0.20952323079109192,100.0,0.42438435554504395,0.47698765993118286,4101,4133,0.4436841309070587,0,0,0.003286683466285467,0.002855414990335703,24.745624542236328,0.0033530322834849358,0.19165825843811035,0.005720964167267084,0.20531603693962097,21.910686492919922,0.006440677680075169,0.24445125460624695,0.005949208978563547,0.015992354601621628,23.561420440673828,0.00440410990267992,0.22484861314296722,0.008742619305849075,0.23366716504096985,21.185216903686523,0.007611639332026243,0.260118305683136,0.004359945189207792,0.016458047553896904,26.022863388061523,0.002498698653653264,0.09733229875564575,0.007121750619262457,0.0,20.85265350341797,0.008217403665184975,0.24950113892555237,26.52475357055664,0.002225997857749462,0.1332848072052002,35.3477897644043,0.0002918915415648371,25.979877471923828,0.0025235526263713837,0.16295669972896576,23.13258171081543,0.004861181136220694,0.17872528731822968,22.519874572753906,0.0055977399460971355,0.21427205204963684,24.618379592895508,0.0034527245443314314,0.1562584489583969,29.851253509521484,0.0010348433861508965,24.174020767211914,0.003824706422165036,0.19190624356269836,22.097549438476562,0.00616943184286356,0.20044617354869843,21.56877326965332,0.006968233268707991,0.23896238207817078,27.55323028564453,0.0017566175665706396,0.06514223664999008,30.046363830566406,0.0009893818059936166,27.270790100097656,0.0018746538553386927,0.07907465845346451
23425,207,17,4113,-1,1,23.781982421875,0.17963707447052002,19.57857322692871,0.20939718186855316,25.929683685302734,21.283475875854492,0.23738224804401398,18.43545913696289,22.92091178894043,0.11537088453769684,17.91143226623535,18.0811767578125,18.641857147216797,0.23685835301876068,100.0,0.4298834800720215,0.4871021807193756,4113,4145,0.4507695734500885,0,0,0.004186025355011225,0.0025528864935040474,23.528833389282227,0.0044372775591909885,0.20896592736244202,0.011019011959433556,0.2520398497581482,19.08457374572754,0.012346469797194004,0.2902020812034607,0.007441362831741571,0.016175471246242523,22.148372650146484,0.0060976543463766575,0.2641710340976715,0.014336861670017242,0.27075523138046265,18.52510643005371,0.014043950475752354,0.3008807897567749,0.005103979725390673,0.01555543951690197,24.564208984375,0.0034960631746798754,0.11920786648988724,0.01367143914103508,0.0,18.02037811279297,0.015774738043546677,0.27614906430244446,25.279695510864258,0.0029650386422872543,0.16026954352855682,35.48965072631836,0.00028251082403585315,24.7137451171875,0.003377735149115324,0.18885262310504913,20.110523223876953,0.009748723357915878,0.2336047887802124,19.500768661499023,0.011218203231692314,0.2718674838542938,23.120460510253906,0.0048747677356004715,0.19641566276550293,29.496248245239258,0.0011229885276407003,22.634469985961914,0.005451964680105448,0.2292419672012329,19.28618621826172,0.011786405928432941,0.24446861445903778,18.713594436645508,0.013447468169033527,0.2824018895626068,26.066110610961914,0.0024739387445151806,0.07543262839317322,29.818988800048828,0.001042560557834804,25.695781707763672,0.002694150898605585,0.08778344094753265
23528,207,17,4216,-1,0,25.461841583251953,0.15019690990447998,22.095136642456055,0.19168530404567719,25.437786102294922,22.516630172729492,0.18603771924972534,20.343887329101562,23.691017150878906,0.09764906764030457,17.792375564575195,17.750566482543945,21.07452392578125,0.15971487760543823,100.0,0.37646451592445374,0.5091723203659058,4216,4248,0.4266915023326874,0,0,0.002843255642801523,0.0028590483125299215,25.465553283691406,0.0028408258222043514,0.1723726987838745,0.006172859575599432,0.17080385982990265,21.7110652923584,0.006743628066033125,0.19797836244106293,0.005601921118795872,0.01662503555417061,24.082612991333008,0.0039060574490576982,0.2079320102930069,0.009238708764314651,0.19596555829048157,20.91994285583496,0.00809106882661581,0.21718038618564606,0.004274627659469843,0.01678585261106491,26.28964614868164,0.002349823946133256,0.10022283345460892,0.0078081414103507996,0.0,20.453044891357422,0.009009393863379955,0.19042710959911346,27.4344425201416,0.0018053263192996383,0.13266399502754211,35.458072662353516,0.0002845722483471036,26.90521240234375,0.002039288403466344,0.16117069125175476,23.07236099243164,0.004929055459797382,0.14414197206497192,22.47140884399414,0.005660557188093662,0.17274552583694458,25.04176902770996,0.003132009645923972,0.160241961479187,28.99704933166504,0.001259781769476831,24.65968132019043,0.0034200449008494616,0.19525280594825745,21.788461685180664,0.006624513305723667,0.16186527907848358,21.27730941772461,0.007451940327882767,0.1937551498413086,27.421123504638672,0.0018108715303242207,0.07122727483510971,29.117555618286133,0.001225306186825037,27.21027374267578,0.0019009584793820977,0.08647342771291733
23740,207,17,4460,-1,1,23.808021545410156,0.16754397749900818,21.306821823120117,0.19470882415771484,26.340105056762695,21.37008285522461,0.21790826320648193,19.660755157470703,22.757530212402344,0.10780750215053558,18.1834659576416,18.27616310119629,20.1595401763916,0.13449789583683014,100.0,0.3702988624572754,0.5258153676986694,4460,4492,0.47575831413269043,0,0,0.004161002114415169,0.002322680316865444,23.52243423461914,0.004443821031600237,0.1998365819454193,0.007401467766612768,0.14436204731464386,20.785093307495117,0.008346239104866982,0.16843819618225098,0.0072944387793540955,0.015193347819149494,22.16152000427246,0.006079222075641155,0.24681346118450165,0.010812456719577312,0.18075643479824066,19.950511932373047,0.010114606469869614,0.19546836614608765,0.00529964966699481,0.014872494153678417,24.171524047851562,0.0038269043434411287,0.10839691013097763,0.009639316238462925,0.0,19.538057327270508,0.011122288182377815,0.15863509476184845,25.837268829345703,0.002607793314382434,0.13915851712226868,35.74281311035156,0.0002665132924448699,25.275375366210938,0.002967990469187498,0.17195944488048553,22.435096740722656,0.0057080830447375774,0.125214084982872,21.826684951782227,0.00656646303832531,0.15233097970485687,23.24921417236328,0.004732370842248201,0.18231767416000366,31.251861572265625,0.0007495727622881532,22.720434188842773,0.005345109850168228,0.22139601409435272,20.978713989257812,0.00798230990767479,0.15193387866020203,20.401992797851562,0.00911592599004507,0.1808565855026245,25.664491653442383,0.0027136316057294607,0.07828757911920547,32.29414749145508,0.000589638133533299,25.170692443847656,0.0030404001008719206,0.09324989467859268
23848,207,17,4568,-1,1,24.048458099365234,0.16086134314537048,21.288516998291016,0.24770429730415344,26.595535278320312,21.59469223022461,0.21736803650856018,19.78676986694336,23.108461380004883,0.11940935254096985,18.0496768951416,17.984743118286133,20.32927703857422,0.19757762551307678,100.0,0.42226988077163696,0.5866018533706665,4568,4600,0.4006620943546295,0,0,0.00393690075725317,0.0021900117862969637,23.76166534423828,0.004205652978271246,0.19127248227596283,0.007432728074491024,0.2086063176393509,20.77122688293457,0.008372928015887737,0.2489365190267563,0.006926773115992546,0.015668679028749466,22.532207489013672,0.005581865087151527,0.2455873042345047,0.010503235273063183,0.24677081406116486,20.14651107788086,0.009668273851275444,0.279222309589386,0.004888257477432489,0.015904709696769714,24.957443237304688,0.003193418961018324,0.12452974170446396,0.009269843809306622,0.0,19.70779800415039,0.010695972479879856,0.23477326333522797,25.799484252929688,0.002630579983815551,0.14912408590316772,34.585384368896484,0.00034790561767295003,25.255271911621094,0.002981760771945119,0.18015192449092865,22.26873779296875,0.005930977873504162,0.18217113614082336,21.656208038330078,0.006829347461462021,0.21881717443466187,23.638607025146484,0.004326529335230589,0.18164971470832825,30.77835464477539,0.0008359199273400009,23.130470275878906,0.004863545764237642,0.2190796136856079,21.12177848815918,0.0077236429788172245,0.2088269293308258,20.54633140563965,0.008817934431135654,0.2510526776313782,26.409225463867188,0.0022860062308609486,0.08927969634532928,32.198341369628906,0.0006027897470630705,25.943185806274414,0.002544962801039219,0.10586777329444885
24291,207,17,5011,-1,0,24.57899284362793,0.16458295285701752,21.354259490966797,0.19289754331111908,25.710346221923828,22.117536544799805,0.20078587532043457,19.937076568603516,23.277713775634766,0.1065344363451004,18.050630569458008,17.894697189331055,20.509639739990234,0.25683945417404175,100.0,0.44228535890579224,0.43613821268081665,5011,5043,0.44096970558166504,0,0,0.0034841818269342184,0.0026851308066397905,24.428403854370117,0.003607112681493163,0.19284754991531372,0.00732105877250433,0.26859861612319946,20.846878051757812,0.008228341117501259,0.3133606016635895,0.006141103338450193,0.015665236860513687,23.301393508911133,0.0046758512035012245,0.2255723476409912,0.010145941749215126,0.2825140357017517,20.316240310668945,0.009297708980739117,0.3180049955844879,0.004701416473835707,0.01623791642487049,25.336410522460938,0.002926570363342762,0.11012469232082367,0.008892752230167389,0.0,19.888158798217773,0.010260868817567825,0.3059147596359253,26.858749389648438,0.0020612236112356186,0.14743755757808685,34.752750396728516,0.00033475348027423024,26.332347869873047,0.0023268340155482292,0.17883563041687012,22.36341094970703,0.005803085397928953,0.24901065230369568,21.75177001953125,0.006680717226117849,0.296747624874115,24.31088638305664,0.003706051502376795,0.1667010337114334,29.426443099975586,0.001141183776780963,23.871477127075195,0.004100646823644638,0.2001664787530899,21.193557739257812,0.007597038056701422,0.2663487195968628,20.662870407104492,0.008584462106227875,0.31391042470932007,26.438310623168945,0.0022707495372742414,0.07442198693752289,29.21872329711914,0.0011970923515036702,26.133358001708984,0.002435927279293537,0.08970165252685547
24367,285,17,67,-1,3,23.544862747192383,0.18312662839889526,20.10662841796875,0.206412672996521,25.582042694091797,21.475566864013672,0.22986316680908203,19.08772087097168,22.726810455322266,0.13041110336780548,18.020755767822266,17.842853546142578,19.53829002380371,0.3066156804561615,100.0,0.4445667266845703,0.4643007814884186,67,99,0.4385489225387573,0,0,0.00442093051970005,0.002765641314908862,23.3016357421875,0.004675590433180332,0.21304376423358917,0.009757470339536667,0.30180099606513977,19.660913467407227,0.010812069289386272,0.35191887617111206,0.007119398098438978,0.01577337272465229,22.374704360961914,0.005788017064332962,0.2608744502067566,0.012337521649897099,0.3303510546684265,19.331144332885742,0.011665022931993008,0.37762629985809326,0.005337269511073828,0.016432911157608032,24.400636672973633,0.003630247665569186,0.1380968987941742,0.011121698655188084,0.0,18.916812896728516,0.012832727283239365,0.3619250953197479,25.448196411132812,0.0028522033244371414,0.15789297223091125,35.03112030029297,0.0003139700274914503,24.890933990478516,0.003242700593546033,0.19100360572338104,21.095287322998047,0.007770898751914501,0.27379298210144043,20.495586395263672,0.008921570144593716,0.32551947236061096,23.452980041503906,0.004515460226684809,0.199402317404747,31.554994583129883,0.0006990377441979945,22.92208480834961,0.005102602299302816,0.2400774508714676,20.220497131347656,0.009504960849881172,0.2951900362968445,19.637075424194336,0.01087157428264618,0.35046523809432983,26.100175857543945,0.0024546091444790363,0.09425088763237,31.38526725769043,0.0007268979679793119,25.653656005859375,0.002720410702750087,0.11218394339084625
24450,285,17,150,-1,2,24.107463836669922,0.16306880116462708,20.794628143310547,0.19682542979717255,24.79962158203125,21.642305374145508,0.22063197195529938,19.423215866088867,22.798891067504883,0.11332039535045624,18.204801559448242,17.960830688476562,19.75019073486328,0.27509182691574097,100.0,0.410876989364624,0.4790373742580414,150,182,0.44987753033638,0,0,0.0038837718311697245,0.0033116007689386606,24.010128021240234,0.003971797879785299,0.18723374605178833,0.008327933959662914,0.2790881097316742,20.323278427124023,0.009282653219997883,0.32904908061027527,0.006851245183497667,0.015118889510631561,22.534202575683594,0.005579299759119749,0.24371683597564697,0.011420322582125664,0.3017653524875641,19.657697677612305,0.010820074006915092,0.34444987773895264,0.005249415524303913,0.01599252037703991,24.441041946411133,0.003596630645915866,0.1201237291097641,0.010592075064778328,0.0,19.12870979309082,0.012221627868711948,0.3229920268058777,26.187061309814453,0.00240599038079381,0.14296700060367584,32.89387512207031,0.0005135854007676244,25.690982818603516,0.002697129501029849,0.17173823714256287,21.652372360229492,0.006835381966084242,0.254152774810791,21.045454025268555,0.007860582321882248,0.30321234464645386,23.5672664642334,0.00439818250015378,0.18567529320716858,29.26181411743164,0.001185274333693087,23.104713439941406,0.0048924763686954975,0.21907800436019897,20.49689292907715,0.008918889798223972,0.27457016706466675,19.92757225036621,0.010168169625103474,0.32577139139175415,26.043270111083984,0.002486984711140394,0.08101138472557068,31.176162719726562,0.0007627527229487896,25.603120803833008,0.002752251224592328,0.09670598804950714
24508,285,17,208,-1,0,21.61541175842285,0.24466350674629211,18.769596099853516,0.24233289062976837,24.969575881958008,19.90200424194336,0.28625762462615967,17.757064819335938,23.32342529296875,0.10790461301803589,17.91328239440918,18.060470581054688,17.791645050048828,0.3592913746833801,100.0,0.468976229429245,0.5167274475097656,208,240,0.44462108612060547,0,0,0.006893801968544722,0.0031845103949308395,21.270015716552734,0.0074644614942371845,0.2794730067253113,0.01327518280595541,0.35098642110824585,18.241846084594727,0.014990472234785557,0.4043259620666504,0.01022820919752121,0.01616857387125492,20.308494567871094,0.009314307942986488,0.3188430666923523,0.01676075905561447,0.36254507303237915,17.710269927978516,0.016942325979471207,0.4067034423351288,0.004652190953493118,0.015629783272743225,25.28219985961914,0.0029633298981934786,0.10778744518756866,0.016627823933959007,0.0,17.170166015625,0.019185950979590416,0.4156235158443451,22.046886444091797,0.0062418244779109955,0.2280960977077484,33.63231658935547,0.00043327989988029003,21.465787887573242,0.007135447114706039,0.26689815521240234,18.85043716430664,0.013030357658863068,0.33714544773101807,18.23682403564453,0.015007821843028069,0.3959314823150635,21.004392623901367,0.007935252971947193,0.2536654472351074,30.161245346069336,0.0009635526221245527,20.45380401611328,0.009007821790874004,0.29395195841789246,18.28836441040039,0.01483076997101307,0.34816569089889526,17.69694709777832,0.016994381323456764,0.40309619903564453,26.886226654052734,0.002048222813755274,0.07217691838741302,31.238624572753906,0.0007518610800616443,26.48268699645996,0.0022476629819720984,0.08294197916984558
25320,285,17,1052,-1,2,24.250411987304688,0.1923949122428894,23.46843910217285,0.24308817088603973,26.319482803344727,21.73922348022461,0.2376600056886673,21.213581085205078,23.696285247802734,0.10445649921894073,17.829235076904297,17.76864242553711,22.298240661621094,0.15461960434913635,35.374813079833984,0.28735101222991943,0.8459624648094177,1052,1084,0.4523462951183319,0,0,0.003758017672225833,0.002333736512809992,24.004291534423828,0.0039771380834281445,0.2239663451910019,0.004499416798353195,0.16249769926071167,23.008380889892578,0.005002213176339865,0.1928355097770691,0.006700046360492706,0.01648452877998352,22.844362258911133,0.005194741301238537,0.2678331732749939,0.007562087383121252,0.19705995917320251,22.096755981445312,0.006170556880533695,0.21609199047088623,0.004269445780664682,0.01671612821519375,26.280879974365234,0.0023545718286186457,0.1055668443441391,0.005890822969377041,0.0002900807885453105,21.70536994934082,0.006752476096153259,0.18237347900867462,25.523101806640625,0.0028034315910190344,0.16882234811782837,33.902565002441406,0.00040713982889428735,24.986543655395508,0.0031720921397209167,0.20466136932373047,24.343406677246094,0.0036784035619348288,0.1479223370552063,23.757259368896484,0.004209922160953283,0.17763836681842804,23.61553382873535,0.004349573981016874,0.2060059756040573,28.736818313598633,0.0013375754933804274,23.175880432128906,0.004812958650290966,0.24753835797309875,22.84965705871582,0.00518841203302145,0.16981662809848785,22.350719451904297,0.005820068530738354,0.2011624276638031,27.333694458007812,0.0018476976547390223,0.07038045674562454,29.637958526611328,0.0010869360994547606,27.06695556640625,0.0019647376611828804,0.08381206542253494
25738,285,17,1470,-1,0,25.50166893005371,0.1415197253227234,23.24306297302246,0.16182491183280945,26.524202346801758,22.503673553466797,0.1993766576051712,21.21448516845703,23.452503204345703,0.10627573728561401,17.857128143310547,17.766521453857422,22.289724349975586,0.10535358637571335,100.0,0.3285262882709503,0.49257826805114746,1470,1502,0.41790130734443665,0,0,0.002817300846800208,0.0022262802813202143,25.363719940185547,0.002908226801082492,0.16843412816524506,0.0047390758991241455,0.13314223289489746,22.798643112182617,0.005249716807156801,0.15899674594402313,0.005618660245090723,0.016378996893763542,24.019512176513672,0.003963225055485964,0.2248711735010147,0.007560516241937876,0.18029828369617462,22.06656265258789,0.006213606335222721,0.19931966066360474,0.004515955224633217,0.016724294051527977,25.787662506103516,0.0026377495378255844,0.111119344830513,0.005902386270463467,0.0,21.668245315551758,0.006810445804148912,0.13041198253631592,28.029922485351562,0.001574010937474668,0.1182422861456871,34.448707580566406,0.00035902886884287,27.54257583618164,0.001760931103490293,0.14664795994758606,24.649593353271484,0.0034279990941286087,0.09906888753175735,24.04475975036621,0.003940252121537924,0.121440090239048,25.00014305114746,0.0031621733214706182,0.1599426567554474,28.36747932434082,0.0014563044533133507,24.65388298034668,0.003424614667892456,0.19438837468624115,23.0330810546875,0.004973841365426779,0.13264919817447662,22.557510375976562,0.005549435969442129,0.1625000536441803,27.033466339111328,0.001979946391656995,0.07765709608793259,29.112342834472656,0.0012267768615856767,26.786462783813477,0.0020958189852535725,0.09413765370845795
26007,285,17,1739,-1,1,20.824783325195312,0.20074447989463806,16.49581527709961,0.25027766823768616,25.13115692138672,19.535253524780273,0.23448452353477478,15.9650239944458,23.663789749145508,0.07595060020685196,17.815587997436523,17.807218551635742,16.124284744262695,0.27511370182037354,100.0,0.4870336055755615,0.5138817429542542,1739,1771,0.4329163134098053,0,0,0.008270306512713432,0.0030682049691677094,20.42362403869629,0.009070629253983498,0.22128954529762268,0.02240879088640213,0.28559941053390503,15.976139068603516,0.025257248431444168,0.32031524181365967,0.01112947054207325,0.01653641276061535,19.87262725830078,0.010297632776200771,0.24672622978687286,0.02532198093831539,0.29566991329193115,15.754900932312012,0.02657724916934967,0.32874763011932373,0.004301509819924831,0.01656830869615078,26.172069549560547,0.0024143101181834936,0.06791488826274872,0.024410218000411987,0.0,15.50280475616455,0.028165636584162712,0.31754180788993835,21.650983810424805,0.006837564520537853,0.1832844316959381,33.706329345703125,0.00042595830745995045,21.065731048583984,0.007823965512216091,0.20492084324359894,16.75770378112793,0.02109742909669876,0.2670811116695404,16.14560890197754,0.024290643632411957,0.30838844180107117,20.688804626464844,0.008533346466720104,0.1997501105070114,28.4798641204834,0.001419101725332439,20.164709091186523,0.009627845138311386,0.2243674099445343,16.430763244628906,0.0227469764649868,0.2719738483428955,15.842156410217285,0.026048602536320686,0.3156491816043854,27.137073516845703,0.001933270483277738,0.0461435541510582,29.225473403930664,0.001195233897306025,26.889217376708984,0.0020468144211918116,0.052336953580379486
26042,285,17,1774,-1,0,24.34505844116211,0.1524454802274704,21.637554168701172,0.1636410504579544,25.666011810302734,21.83546257019043,0.21033373475074768,20.03915786743164,22.78120231628418,0.11938699334859848,17.907495498657227,17.911394119262695,20.685989379882812,0.12906749546527863,100.0,0.3099052309989929,0.5280357599258423,1774,1806,0.45185762643814087,0,0,0.0036770037841051817,0.0027126814238727093,24.173276901245117,0.0038253613747656345,0.1794445812702179,0.006858746521174908,0.14736811816692352,21.136127471923828,0.007698169443756342,0.1695597767829895,0.006553206127136946,0.016190137714147568,22.94940757751465,0.005070601124316454,0.23487284779548645,0.00991024635732174,0.19330507516860962,20.483470916748047,0.008946498855948448,0.21029824018478394,0.005270841997116804,0.016175605356693268,24.445201873779297,0.0035931861493736506,0.12320807576179504,0.008538883179426193,0.0,20.064510345458984,0.009852558374404907,0.150648295879364,26.799034118652344,0.0020897602662444115,0.12613973021507263,35.25979232788086,0.0002978659176733345,26.260889053344727,0.0023654361721128225,0.1562378704547882,23.106033325195312,0.0048909904435276985,0.1226741373538971,22.497390747070312,0.005626792553812265,0.1455119550228119,23.9521484375,0.004025179427117109,0.17419227957725525,28.8626708984375,0.001299370313063264,23.521738052368164,0.004444534424692392,0.2104131281375885,21.54538345336914,0.0070058610290288925,0.1642427146434784,21.026126861572266,0.007895641028881073,0.1941836029291153,25.657262802124023,0.0027181515470147133,0.08741579204797745,29.355182647705078,0.001160063548013568,25.29022979736328,0.0029578569810837507,0.10538294911384583
26126,285,17,1858,-1,0,23.87230110168457,0.1774424910545349,22.32282257080078,0.2142350673675537,24.684160232543945,21.70901107788086,0.22059008479118347,20.56502914428711,23.263206481933594,0.10373710095882416,17.59453773498535,17.657424926757812,21.25657081604004,0.1641051322221756,100.0,0.38381215929985046,0.5581768751144409,1858,1890,0.4504863917827606,0,0,0.0040998682379722595,0.003400823101401329,23.759849548339844,0.0042074136435985565,0.21162354946136475,0.005857575219124556,0.17373771965503693,21.92588996887207,0.006418167147785425,0.20498840510845184,0.0067468187771737576,0.01739988476037979,22.917591094970703,0.00510788569226861,0.25112807750701904,0.008780054748058319,0.20767925679683685,21.23936653137207,0.007517325226217508,0.23343166708946228,0.004717146512120962,0.01714974269270897,25.521541595458984,0.002804439514875412,0.11138656735420227,0.007487605791538954,0.0,20.63509178161621,0.008639545179903507,0.19702284038066864,26.107999801635742,0.002450191415846348,0.1513499617576599,34.04696273803711,0.00039382564136758447,25.580608367919922,0.002766555408015847,0.1844753473997116,23.67933464050293,0.004286142066121101,0.14356349408626556,23.082887649536133,0.004917125217616558,0.17311494052410126,23.85934066772461,0.004112120717763901,0.1754552125930786,28.112051010131836,0.0015445244498550892,23.460994720458984,0.004507135599851608,0.21516652405261993,22.16176986694336,0.0060788728296756744,0.1700260192155838,21.6732177734375,0.006802653428167105,0.20609146356582642,26.599084854125977,0.0021882224828004837,0.07430599629878998,28.53173828125,0.0014022529358044267,26.365497589111328,0.0023091407492756844,0.09093134105205536
26463,285,17,2227,-1,3,24.882732391357422,0.15083414316177368,22.504579544067383,0.17185290157794952,26.175783157348633,22.029144287109375,0.20000602304935455,20.707111358642578,23.03367805480957,0.10923321545124054,18.016191482543945,17.903493881225586,21.533222198486328,0.12224685400724411,100.0,0.2988445460796356,0.575057864189148,2227,2259,0.3852718770503998,0,0,0.0032488282304257154,0.0024122477043420076,24.714004516601562,0.0033775330521166325,0.18031202256679535,0.0056174867786467075,0.13965493440628052,22.032943725585938,0.006261895876377821,0.1646302193403244,0.006267372518777847,0.015789959579706192,23.185453414916992,0.00480235880240798,0.22836771607398987,0.008497455157339573,0.17094972729682922,21.34111213684082,0.007343260571360588,0.19052594900131226,0.004973158240318298,0.016205061227083206,24.88762092590332,0.0032451734878122807,0.11531411856412888,0.007025509141385555,0.0,20.9117431640625,0.008106356486678123,0.14863377809524536,27.548124313354492,0.001758682425133884,0.12379930913448334,36.64265823364258,0.0002166379417758435,26.998567581176758,0.001995919970795512,0.15406396985054016,23.88178253173828,0.004090927075594664,0.1108148843050003,23.282115936279297,0.004696652293205261,0.13519532978534698,24.567354202270508,0.003493532072752714,0.16042469441890717,29.922088623046875,0.0010181018151342869,24.117992401123047,0.0038743678014725447,0.19666583836078644,22.318328857421875,0.005863637197762728,0.14047189056873322,21.782730102539062,0.006633259356021881,0.16942580044269562,26.499902725219727,0.0022387709468603134,0.07863543182611465,30.795209884643555,0.0008326820097863674,26.099323272705078,0.002455092268064618,0.09457036107778549
26521,285,17,2285,-1,1,26.47650146484375,0.1362701803445816,24.06196403503418,0.185841366648674,26.093778610229492,23.02883529663086,0.19635310769081116,21.982532501220703,23.82265281677246,0.11903262138366699,17.983572006225586,18.01546859741211,23.200984954833984,0.12413682043552399,100.0,0.33351898193359375,0.5572137832641602,2285,2317,0.44429582357406616,0,0,0.0022508669644594193,0.002458227565512061,26.538496017456055,0.002218965208157897,0.16271567344665527,0.0039246766828000546,0.1368667185306549,23.748016357421875,0.004218891728669405,0.15863987803459167,0.004978707525879145,0.015908995643258095,24.818647384643555,0.0032971252221614122,0.22525419294834137,0.006335005164146423,0.17909549176692963,23.074718475341797,0.00492638535797596,0.20252329111099243,0.00414700573310256,0.01579258404672146,26.279394149780273,0.002355378121137619,0.12769776582717896,0.0047852168790996075,0.0,22.579505920410156,0.005521404091268778,0.14665204286575317,29.16133689880371,0.0012130156392231584,0.1123245358467102,35.388145446777344,0.000289191521005705,28.680150985717773,0.0013551425654441118,0.142511785030365,25.439355850219727,0.002858014777302742,0.11210595816373825,24.847179412841797,0.003275534138083458,0.13310766220092773,26.098615646362305,0.002455491106957197,0.16135041415691376,29.407461166381836,0.0011461832327768207,25.756208419799805,0.0026569233741611242,0.19746828079223633,23.960041046142578,0.00401786994189024,0.1471911519765854,23.480165481567383,0.004487284459173679,0.17721189558506012,28.121244430541992,0.0015412588836625218,0.08623657375574112,30.1718807220459,0.0009611959685571492,27.876794815063477,0.001630499493330717,0.10278191417455673
26706,285,17,2470,-1,2,17.08253288269043,0.28880083560943604,16.391742706298828,0.304490327835083,25.820322036743164,16.35587501525879,0.31030914187431335,15.685750007629395,22.37625503540039,0.09971749782562256,17.849647521972656,17.999435424804688,15.964300155639648,0.25921204686164856,100.0,0.33389732241630554,0.9119280576705933,2470,2502,0.43362218141555786,0,0,0.0195770263671875,0.002617989666759968,16.5391902923584,0.02218610793352127,0.3334757089614868,0.02295227162539959,0.27353084087371826,15.827759742736816,0.026135098189115524,0.31734663248062134,0.023142624646425247,0.016407232731580734,16.165645599365234,0.024178840219974518,0.3450976014137268,0.027003809809684753,0.3027086853981018,15.437114715576172,0.028594905510544777,0.33271053433418274,0.0057859462685883045,0.015850991010665894,23.728925704956055,0.004237478133291006,0.09841153770685196,0.0253261961042881,0.0,15.342822074890137,0.029222533106803894,0.29833486676216125,17.39250946044922,0.018228426575660706,0.26201921701431274,36.08945083618164,0.0002460679388605058,16.778852462768555,0.020994944497942924,0.3093949556350708,16.524873733520508,0.022259360179305077,0.2551661729812622,15.907623291015625,0.025658881291747093,0.29629209637641907,16.926435470581055,0.020293477922677994,0.27466174960136414,29.92424201965332,0.0010175969218835235,16.334091186523438,0.0232589989900589,0.3219670057296753,16.10772705078125,0.024503450840711594,0.2747848629951477,15.508405685424805,0.028129329904913902,0.31734633445739746,25.773393630981445,0.0026464315596967936,0.05769035965204239,30.603702545166016,0.000870221818331629,25.34662437438965,0.002919694408774376,0.06882773339748383
26707,285,17,2471,-1,3,24.265642166137695,0.12123017013072968,22.44635581970215,0.13600397109985352,28.652996063232422,21.603626251220703,0.1651853621006012,20.27368927001953,23.12149429321289,0.10585122555494308,18.040536880493164,17.971654891967773,22.224912643432617,0.10449804365634918,100.0,0.1229105144739151,1.106528401374817,2471,2503,0.4290436804294586,0,0,0.003744862973690033,0.0013636421645060182,23.86031150817871,0.004111204296350479,0.14506560564041138,0.005693306680768728,0.12977570295333862,21.877674102783203,0.006489817518740892,0.15210872888565063,0.00691253412514925,0.015701692551374435,22.54897689819336,0.005560355260968208,0.18021678924560547,0.009389255195856094,0.1658710241317749,20.75971794128418,0.00839514285326004,0.17608773708343506,0.004873608238995075,0.015952711924910545,24.990598678588867,0.003169130766764283,0.10660761594772339,0.005991131998598576,0.0,21.60343360900879,0.006912844721227884,0.12364619970321655,25.77413558959961,0.0026459796354174614,0.10220683366060257,38.423675537109375,0.0001437581522623077,25.18423080444336,0.003030936699360609,0.12332147359848022,23.103015899658203,0.004894389305263758,0.1077352836728096,22.486560821533203,0.005640842020511627,0.12692518532276154,23.84261131286621,0.00412799371406436,0.12541911005973816,30.177562713623047,0.000959939556196332,23.357921600341797,0.004615386947989464,0.1505439132452011,21.843982696533203,0.006540363188832998,0.1282993108034134,21.30023956298828,0.0074126929976046085,0.15262918174266815,26.943132400512695,0.0020215604454278946,0.06392401456832886,30.733753204345703,0.000844548805616796,26.570566177368164,0.0022026393562555313,0.07620475441217422
26778,285,17,2542,-1,2,22.167165756225586,0.14984799921512604,22.09974479675293,0.16079115867614746,27.663681030273438,20.1063175201416,0.2004711925983429,20.097572326660156,22.230667114257812,0.10051760077476501,18.033462524414062,18.097713470458984,21.067245483398438,0.09658849239349365,100.0,0.21307598054409027,0.7546188831329346,2542,2574,0.4024405777454376,0,0,0.006071323994547129,0.0017125052399933338,21.712169647216797,0.006741911638528109,0.18067491054534912,0.006166315171867609,0.11707618832588196,21.583032608032227,0.006945391185581684,0.13899636268615723,0.009758169762790203,0.01572728529572487,20.535554885864258,0.008839844726026058,0.22283247113227844,0.009777839295566082,0.14999085664749146,20.51974105834961,0.00887208990752697,0.1611170917749405,0.005983197595924139,0.015496328473091125,23.448963165283203,0.004519639071077108,0.10053187608718872,0.007821240462362766,0.0,20.44576644897461,0.00902450643479824,0.11605210602283478,23.75885772705078,0.004208375234156847,0.12878189980983734,37.04562759399414,0.00019744095334317535,23.164630889892578,0.004825442563742399,0.15901681780815125,23.584659576416016,0.004380605649203062,0.09083283692598343,22.973899841308594,0.005042084027081728,0.10944725573062897,21.9144344329834,0.006435120012611151,0.15845422446727753,29.999990463256836,0.0010000021429732442,21.383886337280273,0.007271292619407177,0.1936582624912262,21.843435287475586,0.0065411850810050964,0.11407666653394699,21.294347763061523,0.007422757800668478,0.13750548660755157,25.529186248779297,0.0027995058335363865,0.05881413817405701,30.894996643066406,0.000813767546787858,25.07938003540039,0.003105004085227847,0.07104957103729248
26791,285,17,2555,-1,3,20.193199157714844,0.2670181691646576,19.767507553100586,0.28344646096229553,24.617511749267578,18.784170150756836,0.2982941269874573,18.491573333740234,22.694480895996094,0.09070627391338348,17.591598510742188,17.894695281982422,18.91181182861328,0.13852210342884064,100.0,0.2865599989891052,0.9891347885131836,2555,2587,0.3939433991909027,0,0,0.009564888663589954,0.003453414421528578,19.785991668701172,0.010505113750696182,0.3098573088645935,0.010549922473728657,0.1512252241373062,19.25349998474121,0.011875451542437077,0.17665329575538635,0.013230705633759499,0.01741165481507778,19.0006103515625,0.01258748397231102,0.33692827820777893,0.014152809977531433,0.1826481819152832,18.595325469970703,0.01381871197372675,0.2020236700773239,0.0053771487437188625,0.016237925738096237,24.31064224243164,0.0037062596529722214,0.0930737555027008,0.01284750271588564,0.0,18.290332794189453,0.014824041165411472,0.16399413347244263,20.816299438476562,0.008286482654511929,0.24250182509422302,33.08501434326172,0.0004914720775559545,20.229299545288086,0.009485716000199318,0.28573286533355713,20.359487533569336,0.009205583482980728,0.1325407326221466,19.749286651611328,0.010594276711344719,0.15642623603343964,19.90825843811035,0.010213489644229412,0.25457221269607544,29.385622024536133,0.001151961274445057,19.35258674621582,0.011607570573687553,0.3015647530555725,19.54986000061035,0.011092105880379677,0.1466788798570633,18.975507736206055,0.012660450302064419,0.1735592782497406,26.399152755737305,0.002291314769536257,0.05849141627550125,30.104129791259766,0.0009763087728060782,26.031692504882812,0.0024936229456216097,0.0693502426147461
26799,285,17,2563,-1,3,18.85835838317871,0.3335399031639099,17.214981079101562,0.27940595149993896,23.98996353149414,17.829307556152344,0.36350852251052856,16.486305236816406,23.572914123535156,0.08978570252656937,17.449615478515625,18.005207061767578,16.617528915405273,0.22742746770381927,100.0,0.36655813455581665,0.7622418403625488,2563,2595,0.38451072573661804,0,0,0.013006608933210373,0.003990282770246267,18.418264389038086,0.01439373753964901,0.38485270738601685,0.018988996744155884,0.25513896346092224,16.665599822998047,0.021549636498093605,0.29531145095825195,0.016484247520565987,0.01799030415713787,17.890785217285156,0.0162525475025177,0.4113559126853943,0.022457914426922798,0.2646435797214508,16.300809860229492,0.023437926545739174,0.2954287528991699,0.004392468370497227,0.015829939395189285,25.795726776123047,0.0026328577660024166,0.08810757100582123,0.021789491176605225,0.0,15.996049880981445,0.025141721591353416,0.26921841502189636,19.137691497802734,0.012196377851068974,0.3114144802093506,30.992834091186523,0.0007956397021189332,18.554153442382812,0.013950338587164879,0.3684503436088562,17.16398048400879,0.019213300198316574,0.22807908058166504,16.549041748046875,0.022135833278298378,0.2693954110145569,18.646289825439453,0.013657493516802788,0.3197143077850342,28.40890121459961,0.001442480250261724,18.08640480041504,0.015536727383732796,0.37800827622413635,16.842910766601562,0.020687544718384743,0.23483915627002716,16.24604034423828,0.023735374212265015,0.2774561047554016,27.668087005615234,0.0017107691382989287,0.050245385617017746,30.13607406616211,0.000969153712503612,27.387697219848633,0.0018248638371005654,0.059452638030052185
26852,285,17,2616,-1,0,22.564254760742188,0.17061221599578857,19.425315856933594,0.2100856602191925,26.1971378326416,20.80575180053711,0.20928475260734558,18.432445526123047,23.32046890258789,0.10172749310731888,17.864797592163086,17.938674926757812,18.966854095458984,0.265300989151001,100.0,0.390379935503006,0.5381569266319275,2616,2648,0.39962148666381836,0,0,0.005540827754884958,0.002400415251031518,22.201173782348633,0.006023968569934368,0.19851011037826538,0.011414804495871067,0.2715243101119995,18.892799377441406,0.012903871946036816,0.3193731904029846,0.00830663088709116,0.016350094228982925,21.50631332397461,0.007069174665957689,0.23462828993797302,0.014346813783049583,0.2862895727157593,18.515405654907227,0.014075357466936111,0.32174867391586304,0.004655356984585524,0.016074324026703835,25.378128051757812,0.0028985929675400257,0.10285890847444534,0.012685705907642841,0.0,18.345373153686523,0.014637354761362076,0.31691956520080566,23.68841552734375,0.004277188330888748,0.14564785361289978,36.35846710205078,0.00023128821339923888,23.098363876342773,0.004899634514003992,0.17400246858596802,19.8756046295166,0.010290571488440037,0.2563791871070862,19.261629104614258,0.011853243224322796,0.3050709366798401,22.364166259765625,0.005802077241241932,0.17681917548179626,29.810874938964844,0.0010445103980600834,21.848201751708984,0.006534011568874121,0.2121923565864563,19.265275955200195,0.011843292973935604,0.2616448700428009,18.687541961669922,0.013528379611670971,0.3110828697681427,27.10521697998047,0.0019475047010928392,0.06492874026298523,30.52130889892578,0.0008868888835422695,26.755783081054688,0.002110676607117057,0.07748333364725113
27018,285,17,2782,-1,2,21.960142135620117,0.23516243696212769,19.338987350463867,0.23294797539710999,24.581531524658203,20.364648818969727,0.26486727595329285,18.353687286376953,23.059688568115234,0.09600742161273956,17.750947952270508,17.769792556762695,18.63608169555664,0.28541862964630127,100.0,0.4340478479862213,0.5366873145103455,2782,2814,0.3512367904186249,0,0,0.006367748137563467,0.003482145257294178,21.667451858520508,0.006811687257140875,0.2656746506690979,0.011643977835774422,0.2909684181213379,18.882144927978516,0.012935567647218704,0.33385828137397766,0.009194650687277317,0.016784369945526123,20.954465866088867,0.008027002215385437,0.2908463180065155,0.014609371311962605,0.30331069231033325,18.43480682373047,0.014339015819132328,0.3368484377861023,0.004943463020026684,0.016711706295609474,25.04044532775879,0.003132964251562953,0.09542545676231384,0.013689637184143066,0.0,18.014602661132812,0.015795735642313957,0.3306877911090851,23.006898880004883,0.005003917496651411,0.2041330486536026,33.77812576293945,0.00041897440678440034,22.43417739868164,0.00570929329842329,0.23558704555034637,19.907442092895508,0.01021540816873312,0.2720676362514496,19.300573348999023,0.011747426353394985,0.31765392422676086,21.77682113647461,0.00664228992536664,0.23252658545970917,28.965641021728516,0.0012689256109297276,21.267396926879883,0.007468961179256439,0.2654745876789093,19.175025939941406,0.012091980315744877,0.2796098589897156,18.607879638671875,0.013778823427855968,0.3230605125427246,26.53501319885254,0.002220744965597987,0.06194518879055977,29.51626205444336,0.0011178251588717103,26.215248107910156,0.0023904251866042614,0.07164999097585678
27069,285,17,2833,-1,1,23.57560920715332,0.18297909200191498,21.10744857788086,0.2159132957458496,25.83559799194336,21.535663604736328,0.23752719163894653,19.777549743652344,22.97875213623047,0.11471465975046158,17.946361541748047,17.892379760742188,20.35557746887207,0.21967194974422455,100.0,0.38317611813545227,0.5634831786155701,2833,2865,0.417694628238678,0,0,0.004389743320643902,0.0026087979786098003,23.31266212463379,0.004663734696805477,0.21973773837089539,0.007749166339635849,0.23365211486816406,20.60674285888672,0.008696128614246845,0.27725833654403687,0.007021559868007898,0.016045892611145973,22.492448806762695,0.005633200518786907,0.27392855286598206,0.010525557212531567,0.27039098739624023,20.146989822387695,0.009667211212217808,0.30668994784355164,0.005036454182118177,0.016246585175395012,24.799335479736328,0.0033118186984211206,0.11872103810310364,0.009213875979185104,0.0,19.734098434448242,0.010631395503878593,0.2639707326889038,25.47269630432129,0.0028361582662910223,0.16736654937267303,35.1842155456543,0.00030309471185319126,24.913543701171875,0.003225860418751836,0.21035659313201904,21.993812561035156,0.006318570580333471,0.2072625607252121,21.38314437866211,0.007272529881447554,0.25075486302375793,23.491289138793945,0.004475804511457682,0.19856195151805878,29.287128448486328,0.0011783851077780128,23.025005340576172,0.004983100108802319,0.24418127536773682,20.99637794494629,0.007949911057949066,0.2268025130033493,20.457252502441406,0.009000664576888084,0.27104848623275757,26.591812133789062,0.0021918914280831814,0.08132065087556839,29.375038146972656,0.001154771656729281,26.28664779663086,0.0023514481727033854,0.09629981219768524
27291,285,17,3055,-1,3,22.321195602416992,0.1997908502817154,20.365833282470703,0.20920613408088684,25.35682487487793,20.231727600097656,0.2506360411643982,18.790157318115234,22.19997215270996,0.09945923089981079,17.801172256469727,17.728317260742188,19.26955223083496,0.15235933661460876,100.0,0.35015374422073364,0.5974693894386292,3055,3087,0.4057154357433319,0,0,0.00585976941511035,0.002912845928221941,21.99754524230957,0.006313141901046038,0.23211351037025452,0.009192142635583878,0.1607845276594162,19.86393165588379,0.01031827088445425,0.18423707783222198,0.009480414912104607,0.016591396182775497,20.764236450195312,0.008386418223381042,0.2806582748889923,0.013212483376264572,0.1869395226240158,18.979637145996094,0.012648425064980984,0.20026257634162903,0.0060256365686655045,0.016872061416506767,23.60816764831543,0.004356956575065851,0.09725947678089142,0.011831637471914291,0.0,18.6480712890625,0.013651889748871326,0.17726439237594604,23.770015716552734,0.004197576083242893,0.17790627479553223,33.6007080078125,0.00043644491233862936,23.209163665771484,0.004776211455464363,0.21022528409957886,21.170923233032227,0.007636736612766981,0.14617986977100372,20.562454223632812,0.008785263635218143,0.17010526359081268,21.960205078125,0.006367651745676994,0.2077476531267166,27.842979431152344,0.0016432440606877208,21.490793228149414,0.007094483822584152,0.24709242582321167,19.97795295715332,0.010050899349153042,0.1615356057882309,19.435688018798828,0.011387580074369907,0.18953798711299896,25.37801742553711,0.0028986663091927767,0.06568431854248047,28.40205955505371,0.001444754539988935,25.055191040039062,0.0031223450787365437,0.07748202234506607
27365,285,17,3129,-1,1,20.5953311920166,0.3067375719547272,18.718225479125977,0.31030359864234924,24.452783584594727,19.16171646118164,0.3453589975833893,17.6425724029541,22.729007720947266,0.1132565289735794,17.77326202392578,17.796791076660156,17.796213150024414,0.22921566665172577,100.0,0.449470579624176,0.6903757452964783,3129,3161,0.4399566054344177,0,0,0.008719007484614849,0.003586918581277132,20.218852996826172,0.009508559480309486,0.35361871123313904,0.013433139771223068,0.23718130588531494,18.1622257232666,0.015267839655280113,0.27253344655036926,0.012129099108278751,0.016698366031050682,19.42100715637207,0.011426135897636414,0.3857260048389435,0.017208490520715714,0.2700052857398987,17.624380111694336,0.01728072389960289,0.2935774624347687,0.005334567278623581,0.016608133912086487,24.436769485473633,0.003600172232836485,0.1108715757727623,0.01661035418510437,0.0,17.174732208251953,0.01916579343378544,0.2653808295726776,21.21548080444336,0.007558784447610378,0.2776866555213928,33.34123992919922,0.000463314849184826,20.629638671875,0.008650395087897778,0.3244631588459015,19.05379867553711,0.012434270232915878,0.22530226409435272,18.43800163269043,0.01432847324758768,0.2599535286426544,20.10816764831543,0.009754007682204247,0.302540123462677,28.12858772277832,0.0015386550221592188,19.579008102416992,0.011017910204827785,0.3516886532306671,18.307374954223633,0.014765985310077667,0.24513764679431915,17.734792709350586,0.01684693619608879,0.28264424204826355,25.541898727416992,0.002791323931887746,0.08073896914720535,29.074310302734375,0.0012375679798424244,25.1850528717041,0.0030303634703159332,0.09047278016805649
27449,285,17,3213,-1,1,20.247516632080078,0.17676281929016113,18.84040069580078,0.25007012486457825,26.31451416015625,18.490381240844727,0.21462015807628632,17.461997985839844,21.20316505432129,0.10580603033304214,18.06199836730957,18.115781784057617,17.44294548034668,0.1428583562374115,100.0,0.35967713594436646,0.6952627897262573,3213,3245,0.36978158354759216,0,0,0.009446010924875736,0.0023364080116152763,19.771678924560547,0.010539796203374863,0.19838441908359528,0.013060503639280796,0.16307657957077026,18.29503631591797,0.014807997271418571,0.18615837395191193,0.014156694523990154,0.015624284744262695,18.560203552246094,0.01393091306090355,0.23021918535232544,0.017939088866114616,0.1885424703359604,17.39104461669922,0.018234573304653168,0.19896097481250763,0.007580253295600414,0.01543198712170124,21.957042694091797,0.0063722943887114525,0.10091710090637207,0.018017955124378204,0.0,16.82146644592285,0.020789949223399162,0.16331274807453156,21.230640411376953,0.007532444782555103,0.1500122845172882,33.652244567871094,0.00043129618279635906,20.642444610595703,0.008624929003417492,0.17436669766902924,19.61325454711914,0.010931371711194515,0.13866443932056427,19.002038955688477,0.012583348900079727,0.16112273931503296,19.431926727294922,0.011397442780435085,0.17639943957328796,28.228437423706055,0.001503682928159833,18.887523651123047,0.012919560074806213,0.20275354385375977,18.201763153076172,0.015129472129046917,0.1577872335910797,17.635801315307617,0.01723533868789673,0.18129974603652954,23.17617416381836,0.004812631756067276,0.06762155145406723,28.31151008605957,0.0014751938870176673,22.735919952392578,0.005326084326952696,0.07689367979764938
27634,285,17,3398,-1,2,23.796279907226562,0.16548724472522736,19.472915649414062,0.21772900223731995,25.65705108642578,21.321319580078125,0.21730436384677887,18.365530014038086,22.86139488220215,0.11492611467838287,17.566904067993164,17.65254783630371,18.69291877746582,0.2416800856590271,100.0,0.46070995926856995,0.4725945293903351,3398,3430,0.47139763832092285,0,0,0.00417226692661643,0.0027182858902961016,23.569467544555664,0.004395956173539162,0.19585439562797546,0.011290380731225014,0.25686007738113403,18.968355178833008,0.012681321240961552,0.3001510202884674,0.007376799359917641,0.017510946840047836,22.35248565673828,0.005817699711769819,0.24655058979988098,0.014569579623639584,0.28439828753471375,18.476207733154297,0.01420297659933567,0.31681114435195923,0.0051744068041443825,0.017169011756777763,24.776752471923828,0.0033290840219706297,0.12125557661056519,0.01351164560765028,0.0,18.07143783569336,0.015590360388159752,0.2843814492225647,25.290340423583984,0.002957780146971345,0.14201512932777405,33.12583923339844,0.0004868734395131469,24.765241622924805,0.0033379197120666504,0.17500966787338257,20.01879119873047,0.009956824593245983,0.2360730767250061,19.40724754333496,0.011462393216788769,0.28304776549339294,23.15817642211914,0.0048326184041798115,0.17883214354515076,28.871994018554688,0.0012965841451659799,22.694904327392578,0.005376624409109354,0.21933451294898987,19.19765853881836,0.012029130943119526,0.25662145018577576,18.63080596923828,0.01370627898722887,0.30831700563430786,25.948528289794922,0.0025418344885110855,0.08265523612499237,29.544208526611328,0.001110655372031033,25.587738037109375,0.0027620161417871714,0.10212383419275284
27648,285,17,3412,-1,0,22.221843719482422,0.22794435918331146,17.935293197631836,0.28017982840538025,26.108123779296875,20.281967163085938,0.27301833033561707,17.029258728027344,22.658117294311523,0.1060204729437828,17.598873138427734,17.570476531982422,17.27960968017578,0.3986929655075073,100.0,0.5064554214477539,0.5532171726226807,3412,3444,0.46674686670303345,0,0,0.005995364859700203,0.0024501211009919643,21.843700408935547,0.006540786474943161,0.2646811008453369,0.01608683355152607,0.4066580533981323,17.393482208251953,0.018224336206912994,0.47566288709640503,0.009371373802423477,0.01738252490758896,20.89434814453125,0.008138889446854591,0.30091845989227295,0.019818659871816635,0.42319849133491516,16.952102661132812,0.02017388865351677,0.47978121042251587,0.005422359798103571,0.01749655231833458,24.479658126831055,0.0035647915210574865,0.10599648952484131,0.018708502873778343,0.0,16.658130645751953,0.021586734801530838,0.46667709946632385,23.539417266845703,0.004426479339599609,0.21085619926452637,35.07482147216797,0.0003108264645561576,22.958789825439453,0.00505965668708086,0.24836795032024384,18.50578498840332,0.014106574468314648,0.37750595808029175,17.894054412841797,0.016240319237113,0.444915235042572,21.67499351501465,0.00679987296462059,0.24181559681892395,28.44516372680664,0.0014304863288998604,21.17707061767578,0.007625933270901442,0.28244030475616455,17.738876342773438,0.01683109812438488,0.402696430683136,17.16621971130371,0.019203396514058113,0.4716816544532776,25.482072830200195,0.002830041805282235,0.08014731109142303,28.870616912841797,0.001296995673328638,25.134428024291992,0.003065895289182663,0.09396949410438538
27938,285,17,3734,-1,2,23.782344818115234,0.1990167498588562,21.33204460144043,0.21366123855113983,26.259668350219727,21.31484603881836,0.23681721091270447,19.656200408935547,22.78890609741211,0.11867634952068329,18.169675827026367,18.183605194091797,19.999921798706055,0.17089127004146576,100.0,0.36673495173454285,0.5826039910316467,3734,3766,0.45540565252304077,0,0,0.004185675177723169,0.0023661016020923853,23.501190185546875,0.004465609788894653,0.22994013130664825,0.007358606439083815,0.17870688438415527,20.82657814025879,0.008266890421509743,0.20329415798187256,0.007387806661427021,0.015241666696965694,22.090452194213867,0.0061795213259756565,0.26569709181785583,0.010823807679116726,0.21566738188266754,19.981887817382812,0.010041794739663601,0.23360154032707214,0.005261500831693411,0.015192857012152672,24.278724670410156,0.0037336000241339207,0.12302683293819427,0.010000182315707207,0.0,19.378440856933594,0.011538672260940075,0.19744399189949036,25.494754791259766,0.0028217886574566364,0.17366798222064972,36.127479553222656,0.0002439226082060486,24.923625946044922,0.003218383528292179,0.20636045932769775,22.272871017456055,0.005925337318331003,0.14629818499088287,21.663124084472656,0.006818479858338833,0.1740402728319168,23.096771240234375,0.004901430103927851,0.20886701345443726,31.544702529907227,0.0007006964297033846,22.558876037597656,0.005547696724534035,0.24687638878822327,20.868568420410156,0.008187348023056984,0.1817496418952942,20.291942596435547,0.009349873289465904,0.21258920431137085,25.678173065185547,0.002705097198486328,0.0849037617444992,32.19148254394531,0.0006037425482645631,25.18789291381836,0.003028382547199726,0.1010330468416214
28171,285,17,3967,-1,3,24.70843505859375,0.1503211408853531,23.42230224609375,0.1842251867055893,25.13594627380371,22.03527069091797,0.19255508482456207,20.97943878173828,23.189655303955078,0.11748433858156204,17.913782119750977,17.884326934814453,21.78165054321289,0.10607568174600601,100.0,0.308368980884552,0.5974180102348328,3967,3999,0.47154805064201355,0,0,0.003381868125870824,0.003064823104068637,24.646244049072266,0.0034306442830711603,0.1752336323261261,0.0045474679209291935,0.1267196089029312,23.010255813598633,0.005000049713999033,0.1496889442205429,0.006258540321141481,0.01616671495139599,23.247529983520508,0.004734205547720194,0.21224385499954224,0.007980980910360813,0.16922928392887115,21.721561431884766,0.006727349478751421,0.1834183931350708,0.004797718953341246,0.01627674140036106,25.183116912841797,0.0030317155178636312,0.11826334148645401,0.006634911522269249,0.0,21.160171508789062,0.007655666675418615,0.1253330558538437,26.939891815185547,0.0020230694208294153,0.12277930974960327,33.13152313232422,0.00048623658949509263,26.459867477416992,0.0022595052141696215,0.1496552973985672,24.220678329467773,0.0037838348653167486,0.10342530906200409,23.63265609741211,0.004332459066063166,0.12338271737098694,24.264148712158203,0.0037461493629962206,0.1599390059709549,28.22020721435547,0.0015065347542986274,23.882017135620117,0.004090705420821905,0.18876290321350098,22.361370086669922,0.0058058155700564384,0.13261234760284424,21.88116455078125,0.006484603509306908,0.1558503359556198,26.282943725585938,0.00235345377586782,0.08478180319070816,28.50444984436035,0.001411090954206884,26.02332305908203,0.0024984327610582113,0.09992146492004395
28421,285,17,4217,-1,1,23.16249656677246,0.1583544760942459,18.413433074951172,0.24407389760017395,25.174158096313477,21.02015495300293,0.18889769911766052,17.3951473236084,23.00594711303711,0.10755506902933121,18.15635871887207,18.006986618041992,17.546003341674805,0.2458089292049408,100.0,0.4854249060153961,0.5028046369552612,4217,4249,0.43539881706237793,0,0,0.004827813245356083,0.003037974936887622,22.921598434448242,0.005103172734379768,0.1818682700395584,0.014409760944545269,0.26405757665634155,17.8682861328125,0.016336973756551743,0.3056550621986389,0.007906505838036537,0.015288475900888443,21.69359016418457,0.006770818028599024,0.20583218336105347,0.01821735128760338,0.2709730863571167,17.313478469848633,0.018563169986009598,0.29913246631622314,0.005005013197660446,0.01582345925271511,24.76170539855957,0.003340637544170022,0.10935194790363312,0.017595427110791206,0.0,16.924522399902344,0.020302416756749153,0.2874985635280609,24.456806182861328,0.0035835993476212025,0.13731123507022858,35.14412307739258,0.00030590585083700716,23.885042190551758,0.0040878597646951675,0.1629086434841156,18.723682403564453,0.013416271656751633,0.23513613641262054,18.108732223510742,0.01545705832540989,0.27426397800445557,22.451217651367188,0.005686934571713209,0.1620427817106247,28.841041564941406,0.0013058576732873917,21.96478271484375,0.00636094668880105,0.18864206969738007,18.01247787475586,0.015803465619683266,0.24453848600387573,17.436412811279297,0.01804506964981556,0.2858460545539856,25.84535789489746,0.0026029401924461126,0.07720676809549332,29.290695190429688,0.0011774178128689528,25.494043350219727,0.0028222515247762203,0.09040550142526627
28481,285,17,4277,-1,1,23.695783615112305,0.18784135580062866,20.48334503173828,0.1981305480003357,26.431869506835938,21.39438247680664,0.2265639454126358,19.128936767578125,22.528587341308594,0.12527421116828918,18.144832611083984,17.900257110595703,19.506189346313477,0.2640810012817383,100.0,0.42906972765922546,0.46176770329475403,4277,4309,0.45633456110954285,0,0,0.004269939847290516,0.0022741174325346947,23.394203186035156,0.004576988983899355,0.21895724534988403,0.008946754969656467,0.28717342019081116,19.96353530883789,0.010084312409162521,0.3354925215244293,0.007253737188875675,0.015329109504818916,22.210264205932617,0.006011372432112694,0.2570260465145111,0.012220985256135464,0.3063250482082367,19.327699661254883,0.011674282141029835,0.3477431535720825,0.005586521700024605,0.016217144206166267,24.032886505126953,0.003951041493564844,0.133218452334404,0.011204207316040993,0.0,18.88471221923828,0.012927930802106857,0.3138557970523834,25.882247924804688,0.0025809230282902718,0.15867879986763,36.52672576904297,0.00022249881294555962,25.310977935791016,0.0029437579214572906,0.1908237189054489,21.63756561279297,0.006858727894723415,0.2515316903591156,21.024694442749023,0.007898245006799698,0.3000844419002533,23.183984756469727,0.004803983960300684,0.18712754547595978,29.93903350830078,0.0010141371749341488,22.686500549316406,0.00538703752681613,0.22760199010372162,20.291166305541992,0.009351548738777637,0.27145689725875854,19.728017807006836,0.010646287351846695,0.32511284947395325,25.33097267150879,0.0029302386101335287,0.0810173749923706,30.148496627807617,0.0009663854725658894,24.90479278564453,0.003232369665056467,0.097842738032341
28517,285,17,4313,-1,1,22.66238021850586,0.24599868059158325,19.158992767333984,0.23589371144771576,25.513946533203125,20.938377380371094,0.2751760482788086,18.215471267700195,23.52016258239746,0.10712244361639023,18.05682945251465,18.00046157836914,18.354389190673828,0.24385911226272583,100.0,0.4342714250087738,0.5431941747665405,4313,4345,0.4704667627811432,0,0,0.005417041014879942,0.002809347817674279,22.352094650268555,0.005818224046379328,0.2802656888961792,0.012136704288423061,0.26110222935676575,18.66832733154297,0.013588367961347103,0.29243019223213196,0.008056795224547386,0.015642890706658363,21.617996215820312,0.0068897041492164135,0.30858179926872253,0.015081793069839478,0.2755297124385834,18.231285095214844,0.015026971697807312,0.30131930112838745,0.004446147475391626,0.015847254544496536,25.699039459228516,0.0026921310927718878,0.1071002185344696,0.014607002958655357,0.0,17.73291015625,0.016854235902428627,0.28172627091407776,23.66501808166504,0.004300294443964958,0.22746311128139496,34.38981628417969,0.0003639303322415799,23.092823028564453,0.004905888810753822,0.26798638701438904,19.601306915283203,0.010961485095322132,0.2388356626033783,18.991039276123047,0.01261525321751833,0.27529090642929077,22.405824661254883,0.005746689159423113,0.24688668549060822,29.27434730529785,0.0011818583589047194,21.90509605407715,0.006448970176279545,0.2908761501312256,18.946340560913086,0.012745768763124943,0.250325083732605,18.369997024536133,0.014554605819284916,0.2876247763633728,26.94992446899414,0.0020184016320854425,0.07009778171777725,30.185394287109375,0.0009582096827216446,26.6124324798584,0.0021815081126987934,0.08113804459571838
28686,285,17,4482,-1,2,23.9370059967041,0.1731242686510086,22.20701026916504,0.2245112955570221,27.029687881469727,21.562305450439453,0.21025601029396057,20.417573928833008,23.074148178100586,0.0960337221622467,18.26425552368164,18.10428237915039,21.015913009643555,0.16842857003211975,100.0,0.3419693112373352,0.6565247178077698,4482,4514,0.4827790856361389,0,0,0.004039237275719643,0.0019816698040813208,23.60933494567871,0.004355786368250847,0.20736056566238403,0.00601588049903512,0.172307088971138,21.73525047302246,0.0067061749286949635,0.2092268317937851,0.006978623103350401,0.014913327060639858,22.397361755371094,0.005757899954915047,0.23856064677238464,0.009083284065127373,0.20722539722919464,20.920713424682617,0.008089632727205753,0.2365463525056839,0.004927030298858881,0.015472901053726673,24.80882453918457,0.003304589306935668,0.10077794641256332,0.007914231158792973,0.0,20.39443588256836,0.009131805039942265,0.20554837584495544,25.70448112487793,0.0026887597050517797,0.14765599370002747,35.48826599121094,0.00028260095859877765,25.1442928314209,0.0030589380767196417,0.18062667548656464,23.455514907836914,0.004512825049459934,0.14924557507038116,22.84435272216797,0.005194752011448145,0.18054917454719543,23.28873634338379,0.004689499270170927,0.17378279566764832,29.258756637573242,0.0011861083330586553,22.816242218017578,0.005228483118116856,0.2106686383485794,21.86016273498535,0.006516039837151766,0.17315822839736938,21.320659637451172,0.007377924397587776,0.20940420031547546,25.94618797302246,0.0025432042311877012,0.06746280938386917,30.414020538330078,0.0009090714738704264,25.536788940429688,0.0027946094051003456,0.08232679963111877
28736,285,17,4532,-1,0,19.476572036743164,0.25259995460510254,15.699483871459961,0.3195132315158844,23.51384162902832,18.221214294433594,0.283671498298645,15.127548217773438,22.451602935791016,0.10017058253288269,17.88632583618164,18.11864471435547,15.109560012817383,0.3392488360404968,100.0,0.5415933132171631,0.5899505019187927,4532,4564,0.40048345923423767,0,0,0.011280877515673637,0.004452622961252928,19.08988380432129,0.012331378646194935,0.28190457820892334,0.026918550953269005,0.35062479972839355,15.13392448425293,0.030662501230835915,0.39608049392700195,0.015061860904097557,0.016269244253635406,18.27510643005371,0.014876109547913074,0.3096959590911865,0.030707553029060364,0.3724769353866577,14.79317569732666,0.03316519036889076,0.4104374647140503,0.0056864311918616295,0.015421824529767036,23.77923011779785,0.004188678227365017,0.09996607899665833,0.03083500824868679,0.0,14.488080978393555,0.035578858107328415,0.3842909038066864,20.02678680419922,0.009938513860106468,0.22873100638389587,29.851951599121094,0.0010346773779019713,19.466012954711914,0.011308335699141026,0.2603102922439575,15.926679611206055,0.025546545162796974,0.3338416516780853,15.312797546386719,0.029425255954265594,0.3801797926425934,18.938411712646484,0.012769052758812904,0.24515408277511597,27.001066207885742,0.001994773279875517,18.40835189819336,0.014426633715629578,0.2744137942790985,15.468429565429688,0.02838945761322975,0.3492587208747864,14.866218566894531,0.03261205554008484,0.39665487408638,24.924936294555664,0.0032174100633710623,0.07686486840248108,29.42058563232422,0.001142724184319377,24.514150619506836,0.0035365924704819918,0.08730541914701462
28763,285,17,4559,-1,3,23.98935317993164,0.16594305634498596,21.371028900146484,0.24140135943889618,26.469097137451172,21.86306381225586,0.20165753364562988,19.984573364257812,23.606983184814453,0.10178488492965698,18.099233627319336,18.028024673461914,20.64610481262207,0.23159554600715637,100.0,0.4205978810787201,0.573948085308075,4559,4591,0.47746512293815613,0,0,0.0039908443577587605,0.002254708204418421,23.7080020904541,0.004257942549884319,0.196586474776268,0.007292847614735365,0.23883303999900818,20.827743530273438,0.008264671079814434,0.2824099063873291,0.006511691026389599,0.015490900725126266,22.898595809936523,0.005130274221301079,0.2282857894897461,0.010035584680736065,0.263962984085083,20.33055877685547,0.009267106652259827,0.30082860589027405,0.004358145873993635,0.015746990218758583,25.840229034423828,0.002606016118079424,0.11017333716154099,0.008617665618658066,0.0,20.024625778198242,0.009943460114300251,0.2803890109062195,25.53226089477539,0.0027975267730653286,0.1469334065914154,34.62567901611328,0.00034469255479052663,24.98271942138672,0.0031748858746141195,0.18081000447273254,22.17959213256836,0.006053979974240065,0.2199217975139618,21.56427764892578,0.006975448224693537,0.26708242297172546,23.753623962402344,0.00421344768255949,0.17536062002182007,29.106342315673828,0.0012284734984859824,23.304346084594727,0.004672674927860498,0.21456727385520935,21.213510513305664,0.007562215439975262,0.23788416385650635,20.664766311645508,0.008580715395510197,0.2878645062446594,26.879098892211914,0.0020515890792012215,0.07134239375591278,30.19636344909668,0.0009557926096022129,26.536130905151367,0.002220173366367817,0.08803430199623108
29175,285,17,5003,-1,1,24.02042579650879,0.12385517358779907,20.347614288330078,0.1471279412508011,27.016464233398438,21.284042358398438,0.18341101706027985,18.95378303527832,22.53730583190918,0.11550761759281158,17.977703094482422,18.025442123413086,19.08614730834961,0.1334298551082611,100.0,0.3857809007167816,0.3813769519329071,5003,5035,0.4569103419780731,0,0,0.003962393384426832,0.0019877133890986443,23.69959831237793,0.004266190808266401,0.1405348777770996,0.009230783209204674,0.1500614881515503,19.844459533691406,0.010364637710154057,0.16934709250926971,0.00744039099663496,0.015930505469441414,22.122406005859375,0.006134219467639923,0.20324860513210297,0.012723945081233978,0.19515947997570038,19.13831329345703,0.012194633483886719,0.20809587836265564,0.0055753146298229694,0.015756357461214066,23.96963882446289,0.004009000491350889,0.12046310305595398,0.012341994792222977,0.0,18.46466827392578,0.014240761287510395,0.1558823585510254,26.11952781677246,0.0024436963722109795,0.10634440928697586,35.025821685791016,0.0003143529756926,25.573184967041016,0.002771287690848112,0.12518753111362457,20.986629486083984,0.007967776618897915,0.12961719930171967,20.374420166015625,0.0091739846393466,0.15051257610321045,23.390464782714844,0.004580930806696415,0.1530304104089737,30.703542709350586,0.0008504441939294338,22.877838134765625,0.005154851824045181,0.18227510154247284,19.860336303710938,0.010326816700398922,0.16673721373081207,19.281410217285156,0.011799372732639313,0.19547125697135925,25.547969818115234,0.002787425648421049,0.08204475790262222,30.617216110229492,0.0008675180142745376,25.110553741455078,0.0030827957671135664,0.09775985777378082
29462,311,17,231,-1,3,19.87910270690918,0.27027058601379395,17.57074737548828,0.25840210914611816,24.75682830810547,18.687265396118164,0.30482104420661926,16.81204605102539,22.230411529541016,0.10082356631755829,18.192272186279297,18.370622634887695,17.03369903564453,0.312749445438385,33.47898864746094,0.508902907371521,0.5077630877494812,231,263,0.445662260055542,0,0,0.010282285511493683,0.0033443933352828026,19.45017433166504,0.011349653825163841,0.3126049339771271,0.01749546080827713,0.32905563712120056,17.02491569519043,0.01983848214149475,0.3820100426673889,0.013529245741665363,0.015162570402026176,18.76868438720703,0.013277966529130936,0.3432946503162384,0.02083509787917137,0.34087079763412476,16.619707107543945,0.021778564900159836,0.38567501306533813,0.005983550567179918,0.014552510343492031,23.31125259399414,0.004665249027311802,0.0997391939163208,0.0197983980178833,0.0004488498088903725,16.425369262695312,0.022775249555706978,0.36635321378707886,20.722429275512695,0.008467535488307476,0.23907504975795746,31.7720890045166,0.0006649535498581827,20.146665573120117,0.00966793205589056,0.28122252225875854,18.174097061157227,0.015226158313453197,0.3037912845611572,17.559364318847656,0.017541373148560524,0.3591158390045166,19.48948097229004,0.011247391812503338,0.26244056224823,28.278196334838867,0.0014865535777062178,18.945219039916992,0.012749058194458485,0.3053831160068512,17.374399185180664,0.018304595723748207,0.31746405363082886,16.784687042236328,0.02096676081418991,0.37278157472610474,24.50840187072754,0.0035412763245403767,0.06825533509254456,30.069744110107422,0.000984069425612688,24.050891876220703,0.003934693057090044,0.07940202206373215
29488,311,17,257,-1,1,21.94652557373047,0.23181968927383423,20.2919979095459,0.23526835441589355,24.902587890625,20.187313079833984,0.25839123129844666,19.055923461914062,23.542835235595703,0.08645419776439667,17.69226837158203,17.90982437133789,19.34562873840332,0.1871548444032669,100.0,0.4081002175807953,0.5764965415000916,257,289,0.4432469308376312,0,0,0.006387742701917887,0.0032340106554329395,21.62858009338379,0.006872932426631451,0.2703418433666229,0.009349752217531204,0.20070742070674896,19.794506072998047,0.010484540835022926,0.2354973554611206,0.009577861987054348,0.017012694850564003,20.739643096923828,0.00843404047191143,0.2883360683917999,0.01242818869650364,0.22115129232406616,19.240018844604492,0.011912371031939983,0.24098125100135803,0.004422995261847973,0.016181454062461853,25.826942443847656,0.0026140015106648207,0.08480069786310196,0.011626183055341244,0.0,18.724149703979492,0.013414827175438404,0.22013568878173828,22.70783233642578,0.005360642448067665,0.1989637315273285,32.17621994018555,0.0006058680592104793,22.152297973632812,0.0060921465046703815,0.2387983798980713,20.8497257232666,0.008222944103181362,0.18393081426620483,20.2388858795166,0.009464803151786327,0.21859873831272125,21.383831024169922,0.007271382492035627,0.21939072012901306,27.63727569580078,0.0017229490913450718,20.90177345275879,0.008124987594783306,0.2582142949104309,19.96486473083496,0.010081234388053417,0.19473329186439514,19.43108558654785,0.011399650946259499,0.22781620919704437,26.70586395263672,0.0021350777242332697,0.05965706706047058,28.235271453857422,0.001501319115050137,26.511934280395508,0.0022325790487229824,0.0701521635055542
29564,311,17,333,-1,1,22.841947555541992,0.12916985154151917,23.805932998657227,0.14447276294231415,24.06133460998535,21.010282516479492,0.18318787217140198,21.18475914001465,22.751733779907227,0.09860862046480179,17.90889549255371,17.902400970458984,23.499263763427734,0.05386687070131302,100.0,0.11691198498010635,1.2357395887374878,333,365,0.40371212363243103,0,0,0.005197629332542419,0.003925242926925421,22.68138885498047,0.005393380764871836,0.14174701273441315,0.004163003992289305,0.07336735725402832,23.52391242980957,0.004442308563739061,0.07799427211284637,0.007924497127532959,0.016184916719794273,21.769392013549805,0.006653663702309132,0.19494013488292694,0.007612443994730711,0.1183377057313919,22.00983238220215,0.00629530381411314,0.11827962845563889,0.0053067272529006,0.01620914228260517,24.401611328125,0.003629433223977685,0.09864822030067444,0.004467593040317297,0.0,22.87778663635254,0.005154914688318968,0.060525648295879364,24.408742904663086,0.0036234778817743063,0.1084495484828949,31.61479949951172,0.0006894774851389229,23.89887046813965,0.004074862692505121,0.1222619041800499,25.61539649963379,0.0027444823645055294,0.05749178305268288,25.04495620727539,0.0031297127716243267,0.06420224905014038,22.62088394165039,0.005469048861414194,0.14609888195991516,29.01573371887207,0.0012543729972094297,22.134286880493164,0.006117460783571005,0.16507504880428314,23.106475830078125,0.004890491720288992,0.09069270640611649,22.584169387817383,0.005515477620065212,0.10159479826688766,25.70349884033203,0.0026893666945397854,0.07183472812175751,30.354496002197266,0.0009216171456500888,25.285133361816406,0.0029613282531499863,0.08239059150218964
29917,311,17,686,-1,2,18.621801376342773,0.25649306178092957,16.050107955932617,0.2569868564605713,23.128711700439453,17.050819396972656,0.3002418577671051,15.095687866210938,20.271528244018555,0.1283578872680664,17.722728729248047,18.025800704956055,14.877893447875977,0.2638787627220154,100.0,0.4796259105205536,0.5358068943023682,686,718,0.44399043917655945,0,0,0.013734722509980202,0.004865515977144241,18.21045684814453,0.015099216252565384,0.28093743324279785,0.02483072131872177,0.2859050929546356,15.479697227478027,0.02831590175628662,0.31971678137779236,0.01972050964832306,0.016893792897462845,16.95608901977539,0.020155390724539757,0.3264523446559906,0.03093366138637066,0.31331121921539307,14.773077011108398,0.033319029957056046,0.3415277600288391,0.00939392764121294,0.0157550610601902,20.749309539794922,0.008415292017161846,0.13237729668617249,0.03252450376749039,0.0,14.256414413452148,0.037528276443481445,0.29505589604377747,19.470237731933594,0.011297342367470264,0.23086017370224,25.495643615722656,0.002821211237460375,18.995826721191406,0.01260136254131794,0.25650906562805176,16.574481964111328,0.02200654335319996,0.2600826919078827,15.960797309875488,0.025346629321575165,0.29426896572113037,17.72416877746582,0.016888190060853958,0.2678946554660797,24.187816619873047,0.0038125740829855204,17.235424041748047,0.01889982260763645,0.2979733645915985,15.569924354553223,0.027733687311410904,0.28302091360092163,14.976865768432617,0.03179167956113815,0.3173191547393799,21.809911727905273,0.0065918732434511185,0.0927310660481453,28.702800750732422,0.0013480937341228127,21.30849838256836,0.007398608606308699,0.10466627031564713
30013,311,17,782,-1,2,20.564191818237305,0.23743002116680145,19.183452606201172,0.2838079333305359,23.730655670166016,19.30931282043457,0.288328617811203,18.197124481201172,22.75701332092285,0.10002180933952332,17.623708724975586,17.786815643310547,18.581323623657227,0.29616203904151917,100.0,0.4491080343723297,0.6319369077682495,782,814,0.4576122462749481,0,0,0.00878174975514412,0.004235790576785803,20.231399536132812,0.009481128305196762,0.27797532081604004,0.012068545445799828,0.32024407386779785,18.662059783935547,0.013607991859316826,0.37639012932777405,0.011723808012902737,0.017283404245972633,19.638309478759766,0.010868486016988754,0.32530975341796875,0.015145640820264816,0.3370094895362854,18.25879669189453,0.01493208296597004,0.38218745589256287,0.005300281103700399,0.016646336764097214,24.491928100585938,0.0035547339357435703,0.10065551102161407,0.013863337226212025,0.0,17.959842681884766,0.015996158123016357,0.3495156764984131,21.49590301513672,0.007086141500622034,0.20452578365802765,30.914527893066406,0.0008101160638034344,20.941133499145508,0.008051684126257896,0.24606862664222717,19.9173526763916,0.010192129760980606,0.28983643651008606,19.30718994140625,0.01172953937202692,0.3457511067390442,20.35610580444336,0.009212752804160118,0.24234576523303986,27.709991455078125,0.0016943409573286772,19.842451095581055,0.010369431227445602,0.2878727912902832,19.076152801513672,0.012370425276458263,0.3039427101612091,18.51287841796875,0.01408354938030243,0.3591194152832031,25.727397918701172,0.002674609422683716,0.06590123474597931,29.392131805419922,0.0011502356501296163,25.36237335205078,0.0029091285541653633,0.07686715573072433
30413,311,17,1182,-1,2,19.72194480895996,0.1689814180135727,16.214317321777344,0.20435857772827148,25.941688537597656,17.918712615966797,0.22715556621551514,15.301366806030273,20.695533752441406,0.11826539039611816,17.77603530883789,18.052234649658203,15.164090156555176,0.2629525065422058,33.2064094543457,0.4873606264591217,0.41931697726249695,1182,1214,0.4787099063396454,0,0,0.010661186650395393,0.0025458403397351503,19.240991592407227,0.011909701861441135,0.19111302495002747,0.023909371346235275,0.2750552296638489,15.65091323852539,0.02722128853201866,0.31464850902557373,0.01614837348461151,0.016687698662281036,17.941085815429688,0.01606540009379387,0.250135600566864,0.029502805322408676,0.2965644896030426,15.019903182983398,0.031478188931941986,0.3309824466705322,0.008520138449966908,0.015659455209970474,21.294918060302734,0.007421782240271568,0.12285594642162323,0.030450256541371346,0.00047792421537451446,14.55171012878418,0.035061389207839966,0.30359184741973877,20.720256805419922,0.008471770212054253,0.14034269750118256,33.146583557128906,0.0004845536022912711,20.13202667236328,0.009700572118163109,0.1621965765953064,16.689754486083984,0.02143011800944805,0.26114118099212646,16.087678909301758,0.02461683563888073,0.3025895953178406,18.79670524597168,0.013192575424909592,0.18448998034000397,28.664339065551758,0.001360085210762918,18.23533821105957,0.015012959018349648,0.21259573101997375,15.788330078125,0.02637345716357231,0.2720596194267273,15.204439163208008,0.030168669298291206,0.3136689066886902,22.571535110473633,0.005531545728445053,0.08461956679821014,29.32311248779297,0.0011686616344377398,22.074153900146484,0.006202759221196175,0.09754808247089386
30429,311,17,1198,-1,2,21.9483585357666,0.2016064077615738,18.348787307739258,0.24694891273975372,24.629629135131836,20.015409469604492,0.23963205516338348,17.370615005493164,22.444255828857422,0.09855059534311295,17.403709411621094,17.656583786010742,17.464344024658203,0.3177328109741211,34.46501922607422,0.5232979655265808,0.4719088077545166,1198,1230,0.49631357192993164,0,0,0.006385047920048237,0.003443795023486018,21.650999069213867,0.00683754775673151,0.2349935919046402,0.014625861309468746,0.3330678939819336,17.824594497680664,0.01650215871632099,0.3877929747104645,0.009964579716324806,0.01818147674202919,20.60458755493164,0.008700440637767315,0.2656276524066925,0.01832055114209652,0.34743431210517883,17.319604873657227,0.01853700540959835,0.39226233959198,0.00569605827331543,0.017153067514300346,24.052274703979492,0.003933441359549761,0.09858593344688416,0.01792939566075802,0.00035768296220339835,16.854433059692383,0.020632734522223473,0.3727708160877228,23.391010284423828,0.004580353852361441,0.17597147822380066,33.09017562866211,0.0004908881965093315,22.83203887939453,0.005209502298384905,0.20616503059864044,18.99552345275879,0.012602237984538078,0.30439817905426025,18.38752555847168,0.014495974406599998,0.35789164900779724,21.4542236328125,0.007154472172260284,0.19879862666130066,26.95192527770996,0.0020174714736640453,20.999181747436523,0.007944781333208084,0.2321975976228714,18.099666595458984,0.01548935566097498,0.3280479609966278,17.541244506835938,0.017614714801311493,0.3854362964630127,25.068115234375,0.003113065380603075,0.07283098995685577,28.027990341186523,0.0015747123397886753,24.749897003173828,0.0033497349359095097,0.08511612564325333
30740,311,17,1541,-1,2,22.574071884155273,0.1895858496427536,20.436111450195312,0.23910580575466156,25.2788143157959,20.655235290527344,0.23388619720935822,19.121206283569336,22.640535354614258,0.12407609820365906,17.96971893310547,18.146360397338867,19.180910110473633,0.22372059524059296,100.0,0.4106166958808899,0.5823090076446533,1541,1573,0.4686688780784607,0,0,0.005528314504772425,0.002965641440823674,22.2748966217041,0.005922571290284395,0.21449846029281616,0.009044590406119823,0.23292231559753418,19.91775131225586,0.010191190056502819,0.266605406999588,0.008599561639130116,0.015959827229380608,21.268415451049805,0.007467212621122599,0.2604244351387024,0.012242763303220272,0.2590927183628082,19.276092529296875,0.011813834309577942,0.28706884384155273,0.005444357171654701,0.015323713421821594,24.062204360961914,0.003924456890672445,0.12747804820537567,0.012075604870915413,0.0,18.559432983398438,0.013933388516306877,0.26168498396873474,24.170419692993164,0.003827877575531602,0.16019266843795776,33.643028259277344,0.0004322126624174416,23.614822387695312,0.004350287839770317,0.1856507956981659,21.280841827392578,0.007445875089615583,0.21200670301914215,20.674266815185547,0.008561966009438038,0.24777133762836456,22.246002197265625,0.005962105933576822,0.19823014736175537,30.15802001953125,0.0009642688673920929,21.71920394897461,0.006731003988534212,0.23123674094676971,20.10387420654297,0.009763658978044987,0.23694248497486115,19.53594207763672,0.011127712205052376,0.27642014622688293,25.459997177124023,0.002844462404027581,0.09156852215528488,30.459918975830078,0.0008995147654786706,25.025611877441406,0.003143685171380639,0.10802103579044342
30762,311,17,1563,-1,0,22.669078826904297,0.17512622475624084,19.396045684814453,0.2503127157688141,25.58843421936035,20.689838409423828,0.20318344235420227,18.404876708984375,23.187416076660156,0.08083506673574448,18.199838638305664,18.172590255737305,18.877132415771484,0.2694985568523407,100.0,0.4231295585632324,0.5915746092796326,1563,1595,0.46414852142333984,0,0,0.005408689379692078,0.0027615742292255163,22.353803634643555,0.005815937649458647,0.19631817936897278,0.011491998098790646,0.2817656695842743,18.938190460205078,0.012769708409905434,0.3278258144855499,0.008531322702765465,0.01513617392629385,21.240598678588867,0.007515191566199064,0.2228442132472992,0.014438178390264511,0.29316312074661255,18.46485137939453,0.014240166172385216,0.3360413610935211,0.00480019161477685,0.01523144356906414,24.95477294921875,0.0031953833531588316,0.08000057190656662,0.012950505129992962,0.0,18.25565528869629,0.014942890033125877,0.32452666759490967,23.911409378051758,0.00406311359256506,0.1491432636976242,33.94129943847656,0.00040352463838644326,23.34782600402832,0.004626127425581217,0.17122206091880798,19.967687606811523,0.010074681602418423,0.2647065222263336,19.36262321472168,0.011580782942473888,0.3156672716140747,22.20207977294922,0.0060227131471037865,0.169986292719841,29.844255447387695,0.001036511966958642,21.681415557861328,0.006789821665734053,0.19433118402957916,19.23347282409668,0.01193033903837204,0.28029489517211914,18.65932846069336,0.013616548851132393,0.3339473307132721,26.277029037475586,0.002356661716476083,0.05493459850549698,30.744083404541016,0.0008425428532063961,25.8676700592041,0.002589602954685688,0.06407004594802856
30769,311,17,1570,-1,3,22.7182559967041,0.14634105563163757,20.93986701965332,0.22678299248218536,22.379606246948242,21.039169311523438,0.18093256652355194,19.745046615600586,23.15699577331543,0.09561233222484589,17.6907958984375,18.19918441772461,20.114990234375,0.17705214023590088,23.436004638671875,0.38882970809936523,0.583245038986206,1570,1602,0.4610109329223633,0,0,0.005347792524844408,0.00578148802742362,22.772781372070312,0.005281070712953806,0.1671012043952942,0.008054030127823353,0.1990012377500534,20.74560546875,0.008422470651566982,0.2308155745267868,0.007871964015066624,0.01701846532523632,21.89444351196289,0.00646480917930603,0.19637438654899597,0.010604625567793846,0.21191315352916718,20.153188705444336,0.009653419256210327,0.236264169216156,0.004833932034671307,0.015138455666601658,24.883010864257812,0.00324862077832222,0.0948634222149849,0.009738706983625889,0.004533145111054182,19.771774291992188,0.010539563372731209,0.20968429744243622,24.039772033691406,0.003944781608879566,0.12405792623758316,23.870952606201172,0.004101142752915621,24.066333770751953,0.003920726478099823,0.14639560878276825,21.94415855407715,0.006391225382685661,0.1764378398656845,21.704334259033203,0.0067540863528847694,0.21061858534812927,22.338850021362305,0.005835998337715864,0.14767451584339142,22.838184356689453,0.005202132742851973,22.26688003540039,0.005933516658842564,0.1726807951927185,20.749439239501953,0.008415036834776402,0.19085244834423065,20.491907119750977,0.008929135277867317,0.2258213758468628,26.11139488220215,0.0024482770822942257,0.06492465734481812,29.670772552490234,0.0010787546634674072,25.75286102294922,0.0026589727494865656,0.07569099962711334
30819,311,17,1620,-1,1,22.349472045898438,0.13724619150161743,18.40812873840332,0.17831829190254211,28.327014923095703,20.175695419311523,0.18597815930843353,17.348674774169922,21.91476821899414,0.11389388144016266,18.258235931396484,18.267370223999023,17.265037536621094,0.18867436051368713,100.0,0.38402438163757324,0.46434107422828674,1620,1652,0.4245958924293518,0,0,0.005821742117404938,0.0014699372695758939,21.87671661376953,0.006491250358521938,0.16091783344745636,0.014427377842366695,0.20235273241996765,17.839834213256836,0.01644434593617916,0.23737327754497528,0.009603519923985004,0.014934011735022068,20.563352584838867,0.008783443830907345,0.20048315823078156,0.01841333694756031,0.2229582965373993,17.224048614501953,0.018949387595057487,0.24678263068199158,0.0064346264116466045,0.014902634546160698,22.897254943847656,0.005131855607032776,0.11242393404245377,0.018771380186080933,0.0,16.6435604095459,0.021659284830093384,0.22423024475574493,23.999324798583984,0.003981690388172865,0.11696191877126694,35.471004486083984,0.00028372643282637,23.4193058013916,0.00455060787498951,0.1396624594926834,19.00294303894043,0.012580723501741886,0.17787127196788788,18.387378692626953,0.014496464282274246,0.21264861524105072,21.849660873413086,0.006531817838549614,0.14397041499614716,28.927946090698242,0.0012799871619790792,21.343164443969727,0.007339791860431433,0.16894038021564484,18.154394149780273,0.01529539842158556,0.1860584318637848,17.575380325317383,0.01747680827975273,0.22104960680007935,24.567964553833008,0.003493040567263961,0.06556306779384613,29.73555564880371,0.0010627824813127518,24.126340866088867,0.0038669263012707233,0.07624632120132446
31161,311,17,1994,-1,2,23.92900848388672,0.17073290050029755,20.976825714111328,0.1997462958097458,26.290666580200195,21.360332489013672,0.21794436872005463,19.455078125,22.750629425048828,0.10835115611553192,18.04323959350586,18.050067901611328,19.859323501586914,0.16851915419101715,100.0,0.37733301520347595,0.5293633937835693,1994,2026,0.4228709638118744,0,0,0.0040466818027198315,0.0023492712061852217,23.657421112060547,0.004307822324335575,0.19757933914661407,0.007985783740878105,0.19397374987602234,20.540363311767578,0.008830060251057148,0.22095239162445068,0.007310829125344753,0.01569192111492157,22.203004837036133,0.006021430715918541,0.24018031358718872,0.01133684627711773,0.21317073702812195,19.73301887512207,0.010634036734700203,0.2313784956932068,0.005308073945343494,0.01566726714372635,24.30116844177246,0.003714352147653699,0.112858347594738,0.010329222306609154,0.0,19.237844467163086,0.011918333359062672,0.19834193587303162,25.82932472229004,0.002612567972391844,0.14075669646263123,35.962425231933594,0.0002533715160097927,25.26436996459961,0.0029755213763564825,0.16742552816867828,21.864606857299805,0.0065093752928078175,0.1597030609846115,21.259090423583984,0.007483264431357384,0.18816548585891724,23.426979064941406,0.004542577546089888,0.1717587411403656,31.483728408813477,0.000710603257175535,22.897037506103516,0.0051321121864020824,0.20081332325935364,20.62284278869629,0.008663949556648731,0.17827412486076355,20.043155670166016,0.009901123121380806,0.20998133718967438,25.91922378540039,0.0025590446311980486,0.07519923895597458,32.07717514038086,0.0006198443006724119,25.44031524658203,0.002857383107766509,0.0882662981748581
31450,311,17,2283,-1,3,25.15822410583496,0.14063593745231628,25.333484649658203,0.13136501610279083,25.458999633789062,22.22754669189453,0.17283059656620026,21.900066375732422,23.313213348388672,0.0774785578250885,17.837417602539062,17.763153076171875,25.186290740966797,0.05833804979920387,100.0,0.14276497066020966,0.9201487898826599,2283,2315,0.354208767414093,0,0,0.003049141028895974,0.0028451161924749613,25.113746643066406,0.0030805296264588833,0.16976746916770935,0.0029285415075719357,0.07817518711090088,24.986438751220703,0.003172168042510748,0.0951848179101944,0.005987498443573713,0.016453493386507034,23.587892532348633,0.004377345554530621,0.19716444611549377,0.006456440780311823,0.11892074346542358,23.12220001220703,0.004872816149145365,0.1274523288011551,0.004663143772631884,0.016737274825572968,25.519763946533203,0.0028055852744728327,0.07334157824516296,0.00302949920296669,0.0,24.56481170654297,0.003495576325803995,0.07317902147769928,27.457107543945312,0.00179592939093709,0.12517593801021576,34.550506591796875,0.00035071131424047053,26.950206756591797,0.0020182705484330654,0.1561419665813446,26.91312599182129,0.0020355768501758575,0.05957483500242233,26.320905685424805,0.00233297236263752,0.07616841048002243,24.91842269897461,0.003222240600734949,0.14859193563461304,30.074886322021484,0.0009829048067331314,24.477270126342773,0.003566754050552845,0.18223828077316284,24.503515243530273,0.0035452640149742365,0.0871196836233139,24.026050567626953,0.003957265056669712,0.10694123059511185,27.396413803100586,0.0018212043214589357,0.04820703715085983,30.536117553710938,0.0008838698850013316,27.06546974182129,0.0019654096104204655,0.05769972503185272
31632,311,17,2465,-1,1,24.69329833984375,0.18708932399749756,23.01581382751465,0.18822090327739716,25.073549270629883,21.782062530517578,0.22716429829597473,20.728866577148438,23.142162322998047,0.10567077249288559,17.926021575927734,17.7895565032959,21.813823699951172,0.09767358005046844,100.0,0.36241254210472107,0.5193553566932678,2465,2497,0.43881919980049133,0,0,0.0033936752006411552,0.003109174780547619,24.637643814086914,0.003437444567680359,0.21413713693618774,0.00499365758150816,0.12451278418302536,22.58022117614746,0.0055204941891133785,0.14255774021148682,0.006634283345192671,0.016121217980980873,22.861101150512695,0.005174755118787289,0.24969276785850525,0.008454995229840279,0.1547347903251648,21.3959903717041,0.007251051254570484,0.16300132870674133,0.004850471392273903,0.016635823994874954,25.175065994262695,0.0030373402405530214,0.10578347742557526,0.006585937459021807,0.0,21.192344665527344,0.007599158212542534,0.11570202559232712,26.352293014526367,0.0023161713033914566,0.15289507806301117,35.683258056640625,0.0002701930934563279,25.79889488220215,0.0026309373788535595,0.18453261256217957,23.67396354675293,0.004291446413844824,0.0944686084985733,23.065811157226562,0.004936497192829847,0.11387692391872406,24.06759262084961,0.003919592127203941,0.1851230412721634,29.43214225769043,0.0011396879563108087,23.617835998535156,0.004347269888967276,0.21770381927490234,22.346519470214844,0.005825699772685766,0.11751890182495117,21.831857681274414,0.006558648310601711,0.13586540520191193,27.006305694580078,0.0019923667423427105,0.06813696026802063,29.818523406982422,0.0010426724329590797,26.69896125793457,0.0021384733263403177,0.07968254387378693
31714,311,17,2547,-1,3,24.274818420410156,0.145695760846138,21.19033432006836,0.17645911872386932,26.110183715820312,21.79776954650879,0.2103595733642578,19.79179573059082,22.84937858581543,0.11405108124017715,17.921289443969727,18.010231018066406,20.34987449645996,0.22493210434913635,100.0,0.3778955638408661,0.4669520854949951,2547,2579,0.4040300250053406,0,0,0.003736956510692835,0.002448959741741419,24.050430297851562,0.0039351098239421844,0.17350849509239197,0.007602680008858442,0.2380739450454712,20.706518173217773,0.008498617447912693,0.2795664072036743,0.006610331125557423,0.016138799488544464,22.886642456054688,0.005144412629306316,0.2379019558429718,0.0104910833761096,0.2664582133293152,20.184993743896484,0.009582982398569584,0.3022967278957367,0.0051887426525354385,0.01581164076924324,24.49227523803711,0.0035544512793421745,0.11966552585363388,0.009225985035300255,0.0,19.728391647338867,0.01064536813646555,0.26971232891082764,27.083253860473633,0.001957378350198269,0.11857719719409943,35.52180480957031,0.00028042696067132056,26.545536041259766,0.0022153707686811686,0.14466048777103424,22.353763580322266,0.005815988406538963,0.21255001425743103,21.749160766601562,0.006684735883027315,0.2566940188407898,24.194866180419922,0.0038063914980739355,0.1674061119556427,29.109060287475586,0.0012277053901925683,23.76428985595703,0.004203112330287695,0.2023039311170578,21.05929183959961,0.007835574448108673,0.23713774979114532,20.523054122924805,0.008865324780344963,0.28427717089653015,25.88899803161621,0.0025769155472517014,0.08403734117746353,29.480812072753906,0.001126987161114812,25.5284481048584,0.002799981739372015,0.10027126967906952
31758,311,17,2591,-1,3,24.151994705200195,0.13350598514080048,20.87757110595703,0.18999607861042023,26.87318992614746,21.544910430908203,0.18354862928390503,19.4954891204834,22.808799743652344,0.10361877083778381,18.106679916381836,17.916603088378906,19.99936866760254,0.2575360834598541,100.0,0.43610888719558716,0.43566203117370605,2591,2623,0.46004608273506165,0,0,0.0038441531360149384,0.0020543821156024933,23.85155487060547,0.004119502380490303,0.15614743530750275,0.008170395158231258,0.26358848810195923,20.38994789123535,0.009141242131590843,0.3072021007537842,0.007006632164120674,0.015464363619685173,22.43710708618164,0.005705442279577255,0.20606720447540283,0.011231842450797558,0.29302892088890076,19.771007537841797,0.010541426949203014,0.3317948281764984,0.005237451754510403,0.016156218945980072,24.488380432128906,0.003557641291990876,0.10779658704996109,0.010001452639698982,0.0,19.377891540527344,0.011540137231349945,0.30537229776382446,26.432754516601562,0.0022736545652151108,0.11384622752666473,37.188419342041016,0.00019105484534520656,25.860210418701172,0.0025940544437617064,0.1381726711988449,21.972373962402344,0.006349836941808462,0.24805647134780884,21.362417221069336,0.007307323627173901,0.29726606607437134,23.54558753967285,0.004420194309204817,0.1536167860031128,29.421968460083008,0.0011423607356846333,23.076398849487305,0.004924476612359285,0.18441811203956604,20.697221755981445,0.008516828529536724,0.26182764768600464,20.14830780029297,0.009664271026849747,0.3113059997558594,25.970691680908203,0.002528894692659378,0.0734875276684761,29.79061508178711,0.0010493934387341142,25.596405029296875,0.0027565101627260447,0.08864113688468933
31812,311,17,2645,-1,1,22.411224365234375,0.25201037526130676,21.355148315429688,0.2613421380519867,24.47246742248535,20.52014923095703,0.28433558344841003,19.75113868713379,22.991676330566406,0.09815390408039093,17.770313262939453,17.912456512451172,20.431997299194336,0.14451594650745392,100.0,0.3828257918357849,0.6826659440994263,2645,2677,0.46468228101730347,0,0,0.0057395463809370995,0.00357069936580956,22.165813446044922,0.006073215045034885,0.2873457074165344,0.007319563999772072,0.16810618340969086,20.890247344970703,0.008146577514708042,0.19098882377147675,0.008871255442500114,0.01670970395207405,21.154685974121094,0.007665340788662434,0.3177529573440552,0.010589761659502983,0.18963336944580078,20.130128860473633,0.009704816155135632,0.20497655868530273,0.005021487362682819,0.01617165096104145,24.806869506835938,0.003306077793240547,0.09466291218996048,0.009053162299096584,0.0,19.810518264770508,0.010445957072079182,0.17049042880535126,23.47652816772461,0.004491040948778391,0.2303561270236969,33.85860824584961,0.0004112816823180765,22.908405303955078,0.005118696019053459,0.2738657593727112,22.238304138183594,0.005972683429718018,0.14241109788417816,21.62712287902832,0.006875236984342337,0.1679229438304901,21.986961364746094,0.006328543182462454,0.24958214163780212,29.384355545043945,0.001152296899817884,21.47222137451172,0.007124888710677624,0.2950577735900879,21.094364166259766,0.007772551849484444,0.1608097106218338,20.552043914794922,0.008806342259049416,0.18734213709831238,26.689348220825195,0.002143213525414467,0.057709626853466034,29.903228759765625,0.00102253258228302,26.353317260742188,0.0023156260140240192,0.06732191145420074
32018,311,17,2851,-1,3,24.826566696166992,0.14860302209854126,21.546550750732422,0.16374166309833527,25.833072662353516,22.21517562866211,0.19412373006343842,20.18927764892578,23.20667266845703,0.10422741621732712,17.857574462890625,17.966304779052734,20.940797805786133,0.23051586747169495,100.0,0.3760145306587219,0.43546631932258606,2851,2883,0.4577223062515259,0,0,0.0032911167945712805,0.0026103146374225616,24.690505981445312,0.0033958558924496174,0.17363384366035461,0.007003985345363617,0.2501106560230255,21.092798233032227,0.007775353267788887,0.2938351631164551,0.006004579830914736,0.01637730747461319,23.556821823120117,0.0044087753631174564,0.21708741784095764,0.00957353226840496,0.271404504776001,20.67060661315918,0.008569181896746159,0.30409833788871765,0.004778953269124031,0.015972381457686424,25.147207260131836,0.0030568877700716257,0.10193905979394913,0.00805230438709259,0.0,20.319318771362305,0.009291120804846287,0.2752063274383545,27.473896026611328,0.0017890005838125944,0.12322470545768738,35.842899322509766,0.00026044162223115563,26.937543869018555,0.002024163492023945,0.15269696712493896,22.714643478393555,0.0053522419184446335,0.2259930968284607,22.11358642578125,0.006146692670881748,0.273242324590683,24.740047454833984,0.003357340581715107,0.16033005714416504,28.888896942138672,0.0012915469706058502,24.347246170043945,0.0036751548759639263,0.19606204330921173,21.563796997070312,0.006976222153753042,0.2411992847919464,21.044082641601562,0.007863063365221024,0.2887420654296875,26.635618209838867,0.002169892890378833,0.07127580046653748,28.962200164794922,0.0012699312064796686,26.366987228393555,0.002308348659425974,0.08538451790809631
32100,311,17,2933,-1,1,23.543731689453125,0.11916787922382355,28.548828125,0.08304151147603989,27.148115158081055,20.509431838989258,0.17129944264888763,21.396100997924805,21.72151756286621,0.099455326795578,17.815950393676758,17.74544906616211,29.559101104736328,0.01474027056246996,100.0,0.04511972889304161,1.8404700756072998,2933,2965,0.33737653493881226,0,0,0.00442208256572485,0.001928362064063549,23.182403564453125,0.004805732052773237,0.13192906975746155,0.001396745559759438,0.03295324370265007,28.02534294128418,0.0015756720677018166,0.03696076571941376,0.008893178775906563,0.016535036265850067,21.125228881835938,0.007717508357018232,0.17800673842430115,0.007250867784023285,0.10460981726646423,22.379560470581055,0.005781546235084534,0.10070201754570007,0.006727417930960655,0.01680564507842064,22.859285354614258,0.005176922306418419,0.09347915649414062,0.0011068531312048435,0.0,28.937623977661133,0.0012771382462233305,0.01659202203154564,25.506479263305664,0.002814180450513959,0.10195572674274445,35.47457504272461,0.00028349304920993745,24.9437313079834,0.0032035168260335922,0.11427821964025497,30.253131866455078,0.0009433807572349906,0.02245768904685974,29.642623901367188,0.001085769385099411,0.025794412940740585,22.353694915771484,0.005816085264086723,0.13736893236637115,29.060142517089844,0.001241612248122692,21.857624053955078,0.006519850343465805,0.15354880690574646,23.809234619140625,0.004159839358180761,0.07561711221933365,23.338909149169922,0.004635632503777742,0.08581830561161041,24.49103546142578,0.003555465955287218,0.0686497911810875,29.704504013061523,0.0010704088490456343,24.0474853515625,0.003937782719731331,0.07837817072868347
32254,311,17,3119,-1,1,22.104251861572266,0.20747792720794678,19.333843231201172,0.25594186782836914,26.197797775268555,20.214698791503906,0.2451140433549881,18.24024772644043,23.137357711791992,0.09583184868097305,18.10002899169922,18.07229232788086,18.342052459716797,0.21728816628456116,100.0,0.41431188583374023,0.6177517175674438,3119,3151,0.42621785402297974,0,0,0.006159920245409012,0.0024000497069209814,21.714458465576172,0.006738361436873674,0.2417626976966858,0.011657776311039925,0.2341494858264923,18.82657241821289,0.013102162629365921,0.26732203364372253,0.009517660364508629,0.015488063916563988,20.655452728271484,0.008599136024713516,0.27315276861190796,0.014995993115007877,0.2522367238998413,18.269737243652344,0.014894511550664902,0.27562591433525085,0.004855840001255274,0.015587297268211842,24.94192886352539,0.0032048469875007868,0.09506162256002426,0.01464855670928955,0.0,17.72057342529297,0.016902180388569832,0.2516849935054779,23.015945434570312,0.0049935076385736465,0.1782839149236679,35.486412048339844,0.00028272141935303807,22.427371978759766,0.005718243774026632,0.21205884218215942,19.788448333740234,0.01049917470663786,0.20519255101680756,19.17664909362793,0.012087461538612843,0.24045921862125397,21.525218963623047,0.007038470357656479,0.21712617576122284,31.365184783935547,0.0007302672602236271,20.964237213134766,0.00800896342843771,0.2534981071949005,19.00295639038086,0.012580687180161476,0.22618728876113892,18.40900993347168,0.01442444697022438,0.261259526014328,26.40821647644043,0.002286537317559123,0.0693485289812088,32.31818771362305,0.0005863831611350179,25.937835693359375,0.002548099495470524,0.08029317855834961
32534,311,17,3399,-1,1,24.390066146850586,0.1668052077293396,21.958982467651367,0.19022943079471588,24.88571548461914,21.69860076904297,0.2134929597377777,20.17547607421875,22.77263641357422,0.11136533319950104,17.973756790161133,17.846662521362305,20.875455856323242,0.15594258904457092,100.0,0.34357503056526184,0.5536765456199646,3399,3431,0.4540739953517914,0,0,0.003639096161350608,0.0032465970143675804,24.318592071533203,0.003699480788782239,0.1938656121492386,0.00636944780126214,0.17452670633792877,21.615158081054688,0.006894206628203392,0.20004165172576904,0.006763010751456022,0.01594499684870243,22.716140747070312,0.0053503974340856075,0.2370489090681076,0.009604007937014103,0.2050599753856659,20.70138168334961,0.008508674800395966,0.2236550748348236,0.005281244870275259,0.01641850732266903,24.47597312927246,0.0035678197164088488,0.11686156690120697,0.008174373768270016,0.0,20.25397491455078,0.009431970305740833,0.18091753125190735,26.796628952026367,0.002090918831527233,0.13761010766029358,34.165313720703125,0.00038323819171637297,26.28260040283203,0.002353638643398881,0.16333062946796417,23.240970611572266,0.00474135996773839,0.146746426820755,22.652883529663086,0.005428898613899946,0.1705867350101471,23.99184226989746,0.0039885565638542175,0.1784437894821167,29.626819610595703,0.001089727971702814,23.531524658203125,0.004434530157595873,0.20998090505599976,21.679773330688477,0.006792393513023853,0.1739370971918106,21.147424697875977,0.007678162772208452,0.20240885019302368,25.96462059020996,0.0025324332527816296,0.08180391788482666,29.48807716369629,0.0011251033283770084,25.608339309692383,0.0027489454951137304,0.09508401900529861
32602,311,17,3467,-1,1,24.60850715637207,0.14854779839515686,21.458847045898438,0.20561528205871582,25.991840362548828,21.8974609375,0.19423061609268188,19.796306610107422,23.344676971435547,0.09571781754493713,17.799833297729492,17.849245071411133,20.201082229614258,0.29250627756118774,100.0,0.4545425474643707,0.4523565173149109,3467,3499,0.46464458107948303,0,0,0.003460584208369255,0.0025166103150695562,24.42997169494629,0.0036058109253644943,0.17295697331428528,0.007146860472857952,0.2959675192832947,20.95597267150879,0.00802422221750021,0.34871700406074524,0.0064603183418512344,0.016596505418419838,23.09723663330078,0.004900905769318342,0.21753472089767456,0.010480194352567196,0.31561070680618286,20.196149826049805,0.009558398276567459,0.35614722967147827,0.00462948065251112,0.01640874706208706,25.501689910888672,0.002817286178469658,0.09712159633636475,0.00954754650592804,0.0,19.579605102539062,0.011016398668289185,0.3469853103160858,26.223609924316406,0.0023858286440372467,0.1356373429298401,35.5576171875,0.0002781239745672792,25.670162200927734,0.00271009118296206,0.16373297572135925,22.084352493286133,0.006188204046338797,0.2761112153530121,21.473608016967773,0.007122610229998827,0.32916417717933655,23.978727340698242,0.004000620450824499,0.16014614701271057,29.57659912109375,0.0011024022242054343,23.519817352294922,0.004446499980986118,0.19216573238372803,20.97701644897461,0.007985434494912624,0.2912132441997528,20.42552947998047,0.009066655300557613,0.34544825553894043,26.871044158935547,0.002055396558716893,0.07000061869621277,29.861013412475586,0.0010325206676498055,26.550655364990234,0.0022127621341496706,0.08500825613737106
32630,311,17,3495,-1,1,21.07547378540039,0.2084331214427948,19.73239517211914,0.2609575092792511,26.15084457397461,19.205821990966797,0.24934114515781403,18.22101402282715,21.818323135375977,0.11589307337999344,18.082290649414062,18.011762619018555,18.481807708740234,0.19111570715904236,100.0,0.39250680804252625,0.6648483872413635,3495,3527,0.43952450156211853,0,0,0.007806435227394104,0.002426138147711754,20.637794494628906,0.008634173311293125,0.23948247730731964,0.010635565035045147,0.20267347991466522,19.177419662475586,0.012085316702723503,0.2308199405670166,0.01200653612613678,0.01555145438760519,19.407712936401367,0.011461163870990276,0.27593451738357544,0.01506255567073822,0.23267048597335815,18.249847412109375,0.01496288925409317,0.2508280575275421,0.006579121109098196,0.015806060284376144,22.87384796142578,0.005159592255949974,0.11575891077518463,0.014184674248099327,0.0,17.860326766967773,0.016366932541131973,0.22247211635112762,22.247108459472656,0.0059605869464576244,0.17781022191047668,34.326786041259766,0.00036925083259120584,21.661651611328125,0.00682079279795289,0.20941628515720367,20.571882247924805,0.008766209706664085,0.1700112223625183,19.959333419799805,0.01009407825767994,0.19978149235248566,20.52583885192871,0.008859640918672085,0.2149224430322647,29.487096786499023,0.001125357230193913,19.97854232788086,0.010049531236290932,0.2491508424282074,19.245147705078125,0.011898309923708439,0.19891956448554993,18.66982650756836,0.01358367782086134,0.23271062970161438,24.579242706298828,0.0034839806612581015,0.08036421239376068,30.199668884277344,0.0009550657705403864,24.119474411010742,0.0038730446249246597,0.09385639429092407
33133,311,17,3998,-1,0,23.447006225585938,0.17783091962337494,20.95319938659668,0.203297421336174,25.717178344726562,21.20338249206543,0.2255496382713318,19.595489501953125,22.5806884765625,0.11516501754522324,17.793670654296875,17.699180603027344,20.151596069335938,0.1409270167350769,100.0,0.3940413296222687,0.5159291625022888,3998,4030,0.44679170846939087,0,0,0.004521677270531654,0.0026809098199009895,23.183181762695312,0.00480487197637558,0.20968347787857056,0.008029340766370296,0.15497751533985138,20.541423797607422,0.008827902376651764,0.18077827990055084,0.007579871453344822,0.016620082780718803,22.08374786376953,0.006189069710671902,0.25712481141090393,0.010976174846291542,0.18340927362442017,19.95269775390625,0.010109513066709042,0.20280396938323975,0.005519903264939785,0.016985638067126274,24.2528076171875,0.003755944548174739,0.12166588008403778,0.00965695921331644,0.0,19.530118942260742,0.01114264503121376,0.1663522571325302,25.65732765197754,0.0027181117329746485,0.15571874380111694,34.668663024902344,0.0003412981750443578,25.109172821044922,0.0030837752856314182,0.18791617453098297,22.444875717163086,0.005695247557014227,0.1272396445274353,21.840307235717773,0.006545898038893938,0.1516907960176468,23.189924240112305,0.004797418601810932,0.1952364444732666,29.18759536743164,0.0012057031271979213,22.716468811035156,0.005349989980459213,0.23672261834144592,21.010936737060547,0.007923305034637451,0.1519232988357544,20.47834587097168,0.008957060053944588,0.18118973076343536,25.57480812072754,0.002770251128822565,0.08701731264591217,29.436168670654297,0.0011386313708499074,25.19810676574707,0.0030212695710361004,0.10577123612165451
33487,311,17,4352,-1,2,24.117107391357422,0.15235984325408936,21.511184692382812,0.2116684764623642,26.961341857910156,21.602558135986328,0.20370545983314514,19.86587905883789,23.322643280029297,0.09869961440563202,18.078304290771484,17.926929473876953,20.351581573486328,0.2454640418291092,100.0,0.4198756217956543,0.5041218400001526,4352,4384,0.4485504925251007,0,0,0.003875156631693244,0.0020131035707890987,23.807369232177734,0.004161627031862736,0.17893315851688385,0.007061247248202562,0.2530336081981659,21.01487159729004,0.007916128262877464,0.2984185218811035,0.006914235185831785,0.015565741807222366,22.531143188476562,0.005583235062658787,0.22539451718330383,0.010313646867871284,0.27650186419487,20.276243209838867,0.009383734315633774,0.3111613392829895,0.004653025884181261,0.016117846593260765,25.3922119140625,0.002889207797124982,0.10116705298423767,0.009222356602549553,0.0,19.7301025390625,0.010641179978847504,0.29188019037246704,25.87045669555664,0.002587941475212574,0.13142454624176025,36.90506362915039,0.00020393602608237416,25.294849395751953,0.0029547116719186306,0.15792691707611084,22.419898986816406,0.0057280962355434895,0.2242187261581421,21.810470581054688,0.006591027602553368,0.26708734035491943,23.515796661376953,0.0044506206177175045,0.1739826202392578,29.052169799804688,0.001243893406353891,23.059249877929688,0.00494396360591054,0.20754683017730713,21.138442993164062,0.007694062311202288,0.24443691968917847,20.606178283691406,0.008697250857949257,0.289693146944046,26.58072280883789,0.0021974944975227118,0.0712113007903099,29.437984466552734,0.0011381552321836352,26.270017623901367,0.002360469661653042,0.08699911087751389
33488,311,17,4353,-1,3,23.69260025024414,0.1734168529510498,21.607254028320312,0.22734060883522034,25.920793533325195,21.401165008544922,0.21471081674098969,19.975814819335938,23.190013885498047,0.10842251777648926,17.986988067626953,17.70625114440918,20.494247436523438,0.24919858574867249,100.0,0.4449077546596527,0.5109837055206299,4353,4385,0.4500596523284912,0,0,0.004273068625479937,0.002558117965236306,23.432403564453125,0.004536907654255629,0.1992732286453247,0.0069067636504769325,0.2520464360713959,21.122892379760742,0.007721663452684879,0.2922334671020508,0.007242416497319937,0.015896491706371307,22.28337860107422,0.005911019630730152,0.24286000430583954,0.010055845603346825,0.2750018239021301,20.398513793945312,0.009123229421675205,0.3083473742008209,0.0047973208129405975,0.01695801503956318,25.336597442626953,0.002926445798948407,0.11028002947568893,0.008924324065446854,0.0,19.87276840209961,0.01029729750007391,0.2961634397506714,25.532224655151367,0.0027975491248071194,0.15353548526763916,34.814456939697266,0.00033003080170601606,24.979598999023438,0.003177167382091284,0.18362760543823242,22.504669189453125,0.005617370828986168,0.22881542146205902,21.898075103759766,0.006459407974034548,0.27270233631134033,23.470365524291992,0.004497419577091932,0.1770702302455902,29.039836883544922,0.0012474304530769587,23.012542724609375,0.00499741779640317,0.21368125081062317,21.207473754882812,0.007572734262794256,0.24804964661598206,20.673906326293945,0.008562670089304447,0.2949245870113373,26.58344268798828,0.0021961191669106483,0.0710979700088501,28.91543960571289,0.0012836779933422804,26.31435203552246,0.0023364948574453592,0.08546357601881027
33668,311,17,4533,-1,3,24.455169677734375,0.1799946129322052,21.257232666015625,0.2450726479291916,25.079057693481445,21.75428581237793,0.23778267204761505,19.727895736694336,23.350189208984375,0.10647127777338028,17.84442138671875,17.84642791748047,20.346500396728516,0.23443083465099335,100.0,0.44210416078567505,0.5543323755264282,4533,4565,0.47110849618911743,0,0,0.003584949066862464,0.0031052343547344208,24.36667251586914,0.003658750792965293,0.20790530741214752,0.0074864644557237625,0.2450815886259079,20.823566436767578,0.00827262457460165,0.2834163308143616,0.006676848046481609,0.01642698422074318,22.859365463256836,0.005176826845854521,0.2656481862068176,0.01064658910036087,0.278524249792099,20.140077590942383,0.009682605974376202,0.3039640188217163,0.004623611457645893,0.01641940139234066,25.514677047729492,0.0028088742401450872,0.10973626375198364,0.009233151562511921,0.0,19.725021362304688,0.010653636418282986,0.2735043168067932,26.171586990356445,0.002414579503238201,0.15592502057552338,35.159706115722656,0.00030481020803563297,25.623828887939453,0.002739159157499671,0.1866532564163208,22.057083129882812,0.006227185949683189,0.22114822268486023,21.45322608947754,0.00715611781924963,0.2598920166492462,23.818532943725586,0.004150943830609322,0.1955333948135376,29.050899505615234,0.001244257320649922,23.374191284179688,0.004598126281052828,0.2328796088695526,20.96694564819336,0.00800397153943777,0.24428847432136536,20.438030242919922,0.009040595963597298,0.2859051525592804,26.657316207885742,0.0021590786054730415,0.07666124403476715,29.012882232666016,0.001255196868441999,26.386241912841797,0.0022981371730566025,0.09122312813997269
33762,311,17,4627,-1,1,22.440277099609375,0.13213719427585602,21.220109939575195,0.15896284580230713,26.142236709594727,20.085243225097656,0.18232455849647522,19.209978103637695,21.650907516479492,0.11747249960899353,17.938552856445312,18.033485412597656,19.762910842895508,0.07928851246833801,100.0,0.22955337166786194,0.6924875378608704,4627,4659,0.36471688747406006,0,0,0.005701279267668724,0.0024309514556080103,22.072999954223633,0.006204406730830669,0.1594865471124649,0.007550730369985104,0.09682270884513855,20.726613998413086,0.008459382690489292,0.1175539493560791,0.009805634617805481,0.01607477478682995,20.534914016723633,0.008841152302920818,0.20764902234077454,0.011995057575404644,0.14975379407405853,19.42781639099121,0.011408229358494282,0.1627836525440216,0.006837686989456415,0.0157272070646286,22.620071411132812,0.005470068193972111,0.12760281562805176,0.010561096481978893,0.0,19.14143180847168,0.012185881845653057,0.09528142213821411,24.35702896118164,0.003666885895654559,0.11004218459129333,35.99187469482422,0.000251659017521888,23.775470733642578,0.004192305263131857,0.13703833520412445,22.570980072021484,0.005532251205295324,0.07364282757043839,21.963279724121094,0.0063631488010287285,0.09160500019788742,21.871780395507812,0.006498630624264479,0.1482820361852646,29.1489200592041,0.0012164886575192213,21.360074996948242,0.00731126731261611,0.1817319393157959,20.62411880493164,0.008661404252052307,0.109047070145607,20.086666107177734,0.009802424348890781,0.13168387115001678,24.402740478515625,0.0036284916568547487,0.08298803120851517,29.08195686340332,0.0012353912461549044,23.983028411865234,0.003996660932898521,0.10312653332948685
33836,311,17,4733,-1,2,17.91417694091797,0.2872515022754669,15.744161605834961,0.30729755759239197,25.529579162597656,16.954721450805664,0.3227626085281372,15.095129013061523,22.319019317626953,0.10380184650421143,18.128662109375,18.181129455566406,15.039846420288086,0.28545597195625305,100.0,0.3985825777053833,0.7709758877754211,4733,4765,0.40936416387557983,0,0,0.016165250912308693,0.00279925181530416,17.394145965576172,0.018221557140350342,0.32019320130348206,0.026643050834536552,0.2945641279220581,15.159072875976562,0.03048546239733696,0.3351997137069702,0.020161734893918037,0.01538628526031971,16.79928207397461,0.020896419882774353,0.35047242045402527,0.03093763440847397,0.31203821301460266,14.777307510375977,0.03328658640384674,0.3423268496990204,0.0058627077378332615,0.015201523900032043,23.539920806884766,0.004425966180860996,0.10424822568893433,0.031333960592746735,0.0,14.418368339538574,0.03615456819534302,0.32531020045280457,18.177011489868164,0.015215946361422539,0.2624911069869995,34.10487365722656,0.00038860909990035,17.570344924926758,0.017497075721621513,0.29562675952911377,15.857765197753906,0.02595514990389347,0.2736876308917999,15.240220069885254,0.02992112934589386,0.31508517265319824,17.53980827331543,0.017620539292693138,0.2933429181575775,30.63081932067871,0.0008648047223687172,16.946842193603516,0.020198343321681023,0.3298962712287903,15.485145568847656,0.028280388563871384,0.2930380702018738,14.877113342285156,0.032530348747968674,0.33536863327026367,25.257184982299805,0.002980449004098773,0.0721074640750885,31.97700309753418,0.0006343072163872421,24.760725021362305,0.0033413937781006098,0.08473238348960876
33865,311,17,4762,-1,3,23.308027267456055,0.15209783613681793,21.66069221496582,0.19890634715557098,26.597253799438477,20.90064811706543,0.18913938105106354,19.682905197143555,22.220191955566406,0.10742905735969543,18.22125816345215,18.111600875854492,20.127708435058594,0.10537397116422653,100.0,0.29509788751602173,0.6740351319313049,4762,4794,0.38488736748695374,0,0,0.004668715875595808,0.0021891449578106403,22.966922760009766,0.005050188396126032,0.17277206480503082,0.006822298746556044,0.12138357758522034,21.165813446044922,0.007645723409950733,0.13997583091259003,0.008127091452479362,0.015061706304550171,21.51181411743164,0.007060227449983358,0.20791222155094147,0.010757454670965672,0.15634456276893616,19.989675521850586,0.010023800656199455,0.16556905210018158,0.0059976461343467236,0.015446854755282402,23.425691604614258,0.004543921910226345,0.11123353242874146,0.009710218757390976,0.0,19.5062313079834,0.011204098351299763,0.11870109289884567,25.15596580505371,0.0030507284682244062,0.12848031520843506,36.65839767456055,0.00021585413196589798,24.575653076171875,0.0034868628717958927,0.15367832779884338,22.544994354248047,0.005565455183386803,0.10581045597791672,21.934911727905273,0.0064048464410007,0.12317521125078201,22.879121780395508,0.005153329577296972,0.1602240800857544,31.7252140045166,0.0006721693207509816,22.33383560180664,0.005842738319188356,0.19086378812789917,20.992462158203125,0.00795708131045103,0.1279354691505432,20.420732498168945,0.009076673537492752,0.14830203354358673,25.159399032592773,0.003048317739740014,0.07949027419090271,31.502731323242188,0.0007075006724335253,24.6744384765625,0.0034084434155374765,0.0941518023610115
33894,311,17,4791,-1,0,22.314661026000977,0.21619510650634766,21.34200096130371,0.20884671807289124,28.20163345336914,20.30176544189453,0.25687375664711,19.57851791381836,22.582447052001953,0.1135290339589119,18.26264190673828,18.18039894104004,20.242300033569336,0.18500211834907532,100.0,0.3243004083633423,0.6439915299415588,4791,4823,0.3529060184955597,0,0,0.005868594162166119,0.001512992545031011,21.845094680786133,0.006538687273859978,0.25931987166404724,0.007341759279370308,0.20186376571655273,20.82350730895996,0.008272737264633179,0.2371779978275299,0.009328749030828476,0.014918864704668522,20.721817016601562,0.008468731306493282,0.29174184799194336,0.011019152589142323,0.22462475299835205,19.865398406982422,0.010314787738025188,0.2486208975315094,0.005517666228115559,0.01520407572388649,23.94969940185547,0.004027449991554022,0.11362680047750473,0.00945736188441515,0.0,19.620820999145508,0.010912340134382248,0.216732457280159,23.288747787475586,0.004689484369009733,0.18822087347507477,37.27605056762695,0.00018723838729783893,22.69045066833496,0.00538213737308979,0.22900396585464478,22.32357406616211,0.005856560543179512,0.1730828434228897,21.712512969970703,0.006741377990692854,0.2063753604888916,21.732437133789062,0.006710523273795843,0.21778182685375214,31.579776763916016,0.0006950602401047945,21.17135238647461,0.007635979447513819,0.262027382850647,21.010339736938477,0.007924395613372326,0.1901499330997467,20.429485321044922,0.00905840378254652,0.22366586327552795,25.804216384887695,0.002627716166898608,0.07770878076553345,32.43507385253906,0.0005708116223104298,25.310380935668945,0.0029441630467772484,0.09220140427350998
34052,311,17,4949,-1,2,20.279369354248047,0.31053265929222107,16.53841781616211,0.30262142419815063,24.058685302734375,18.552291870117188,0.35616326332092285,15.671268463134766,22.248313903808594,0.11241069436073303,17.682769775390625,17.99174690246582,15.745945930480957,0.37159955501556396,100.0,0.48427650332450867,0.6248939037322998,4949,4981,0.42322543263435364,0,0,0.00937698408961296,0.003927639685571194,19.907470703125,0.010215344838798046,0.36140894889831543,0.022190047428011894,0.3749871551990509,15.951618194580078,0.025400269776582718,0.43899670243263245,0.013956315815448761,0.01704995334148407,18.70298194885254,0.013480372726917267,0.4015132188796997,0.027094006538391113,0.39855849742889404,15.414820671081543,0.02874206192791462,0.4502716362476349,0.005958935711532831,0.015879079699516296,23.53325843811035,0.0044327592477202415,0.11259720474481583,0.026632102206349373,0.0,15.124467849731445,0.030729347839951515,0.43545886874198914,20.66836929321289,0.008573600091040134,0.27417242527008057,31.77301788330078,0.0006648111157119274,20.092025756835938,0.009790336713194847,0.32203108072280884,16.597166061401367,0.02189190313220024,0.3580491244792938,15.97871208190918,0.02524229697883129,0.4215462803840637,19.541589736938477,0.011113251559436321,0.30580899119377136,28.698930740356445,0.0013492951402440667,18.990991592407227,0.012615399435162544,0.35761022567749023,16.103336334228516,0.02452823519706726,0.37265169620513916,15.50510025024414,0.02815075032413006,0.43699532747268677,25.375587463378906,0.0029002882074564695,0.0705643966794014,30.33429718017578,0.0009259133948944509,24.943023681640625,0.003204038366675377,0.0823410153388977
34307,324,17,145,-1,1,23.41315460205078,0.13756456971168518,21.977657318115234,0.1560421586036682,26.58669662475586,20.797719955444336,0.18878376483917236,19.935680389404297,22.094308853149414,0.10856323689222336,18.087934494018555,18.210718154907227,20.532756805419922,0.08724775165319443,100.0,0.24759821593761444,0.630223274230957,145,177,0.433987021446228,0,0,0.004557058680802584,0.002194473287090659,23.079879760742188,0.004920533392578363,0.16565823554992676,0.006342118140310049,0.09874880313873291,21.483728408813477,0.007106032222509384,0.11879713833332062,0.008322009816765785,0.015531258657574654,21.418903350830078,0.007212895900011063,0.21553735435009003,0.010149209760129452,0.14659281075000763,20.28059959411621,0.009374330751597881,0.16003721952438354,0.006174036767333746,0.015098310075700283,23.18661880493164,0.004801071714609861,0.11447778344154358,0.008845538832247257,0.0,19.911277770996094,0.010206390172243118,0.1057964414358139,25.61945915222168,0.002741915872320533,0.11834633350372314,36.39185333251953,0.00022951685241423547,25.046722412109375,0.0031284387223422527,0.1453837752342224,23.309078216552734,0.004667585249990225,0.08065877854824066,22.70256996154785,0.005367141216993332,0.09998482465744019,23.014999389648438,0.004994595889002085,0.14889732003211975,30.54161262512207,0.0008827522397041321,22.497085571289062,0.00562718790024519,0.18358229100704193,21.502742767333984,0.007074988447129726,0.1081928238272667,20.9468936920166,0.008041012100875378,0.13127698004245758,25.06594467163086,0.003114623948931694,0.07495593279600143,31.126358032226562,0.0007715505198575556,24.59033203125,0.003475096309557557,0.0917334258556366
34375,324,17,213,-1,1,23.050203323364258,0.33065328001976013,20.323131561279297,0.26929840445518494,24.172212600708008,21.27788734436035,0.36307254433631897,19.2200927734375,24.947769165039062,0.07493501156568527,17.931081771850586,17.952896118164062,19.854358673095703,0.3766150176525116,100.0,0.36401450634002686,0.739801287651062,213,245,0.44703635573387146,0,0,0.004954271949827671,0.0038262985181063414,22.900686264038086,0.005127806216478348,0.38649922609329224,0.009282972663640976,0.3959605097770691,19.828197479248047,0.010403521358966827,0.4607689678668976,0.007450943347066641,0.016102448105812073,22.132526397705078,0.006119942758232355,0.4111599624156952,0.011967148631811142,0.4068422317504883,19.419742584228516,0.011429461650550365,0.46305373311042786,0.0032005389221012592,0.016021767631173134,29.107866287231445,0.0012280422961339355,0.0697951540350914,0.010341041721403599,0.0,19.232877731323242,0.011931972578167915,0.44245851039886475,23.449209213256836,0.004519384354352951,0.3168863356113434,32.83869171142578,0.0005201525054872036,22.89488983154297,0.005134650971740484,0.3777613341808319,20.45235824584961,0.009010817855596542,0.3812352418899536,19.84300422668457,0.01036811526864767,0.4470979571342468,22.957799911499023,0.005060811061412096,0.3340536653995514,29.683551788330078,0.0010755853727459908,22.461166381835938,0.005673922598361969,0.396395742893219,20.157333374023438,0.009644214063882828,0.37912675738334656,19.580551147460938,0.011013999581336975,0.4457732141017914,31.945173263549805,0.0006389731424860656,0.03896569088101387,31.18596839904785,0.0007610326283611357,32.07472229003906,0.0006201947689987719,0.04582424834370613
34406,324,17,244,-1,0,24.820247650146484,0.17064037919044495,21.539480209350586,0.19330205023288727,25.262279510498047,22.133026123046875,0.22894194722175598,20.073898315429688,23.407447814941406,0.1151563972234726,17.962318420410156,17.98953628540039,20.709880828857422,0.2161199301481247,100.0,0.4316146969795227,0.44785788655281067,244,276,0.4718729853630066,0,0,0.0032959117088466883,0.002976952586323023,24.756061553955078,0.003344982862472534,0.20008838176727295,0.007015393581241369,0.23081187903881073,21.074604034423828,0.00780799426138401,0.2729872465133667,0.006119241006672382,0.01598704792559147,23.371368408203125,0.004601116292178631,0.2614710032939911,0.009831286035478115,0.2635471224784851,20.51546859741211,0.00888082105666399,0.2994890511035919,0.004563049878925085,0.015887169167399406,25.496158599853516,0.0028208771254867315,0.12119298428297043,0.00849203858524561,0.0,20.088403701782227,0.009798507206141949,0.2616667151451111,27.40851593017578,0.001816135598346591,0.15135256946086884,34.869354248046875,0.00032588536851108074,26.892208099365234,0.0020454046316444874,0.18454225361347198,22.699359893798828,0.005371109116822481,0.20636123418807983,22.095855712890625,0.00617183418944478,0.25091928243637085,24.64566993713379,0.0034310980699956417,0.19094116985797882,29.875545501708984,0.0010290712816640735,24.201431274414062,0.0038006410468369722,0.230149045586586,21.501359939575195,0.007077242713421583,0.2295210361480713,20.952566146850586,0.00803051795810461,0.2765866219997406,26.995616912841797,0.0019972780719399452,0.07548054307699203,30.430410385131836,0.0009056470589712262,26.644975662231445,0.0021652213763445616,0.09163319319486618
34473,324,17,311,-1,3,23.594966888427734,0.15354734659194946,20.479572296142578,0.176710307598114,26.33944320678711,21.24616241455078,0.21460002660751343,19.17487907409668,22.72231101989746,0.1147899180650711,18.149036407470703,18.233230590820312,19.466712951660156,0.26239994168281555,100.0,0.42942342162132263,0.4115059971809387,311,343,0.4515538215637207,0,0,0.004370222333818674,0.0023230346851050854,23.292743682861328,0.004685174208134413,0.1791284829378128,0.008954528719186783,0.2807261645793915,19.925931930541992,0.010172011330723763,0.3297027051448822,0.007505572866648436,0.015314272604882717,22.003679275512695,0.006304233800619841,0.2428622543811798,0.012092393822968006,0.3074389100074768,19.33963966369629,0.011642226949334145,0.3508380353450775,0.005342801567167044,0.015020247548818588,24.14092254638672,0.0038539643865078688,0.12318436801433563,0.011306514963507652,0.0,18.845233917236328,0.013045978732407093,0.30986255407333374,25.701066970825195,0.002690874272957444,0.1395975798368454,35.119049072265625,0.0003076771681662649,25.14630889892578,0.0030575196724385023,0.16883571445941925,21.45842742919922,0.007147548720240593,0.262567400932312,20.843456268310547,0.008234824053943157,0.3132273256778717,23.06963348388672,0.0049321516416966915,0.1812622845172882,29.23658561706543,0.0011921788100153208,22.590429306030273,0.005507531575858593,0.21686184406280518,20.258079528808594,0.009423061273992062,0.2847370207309723,19.699237823486328,0.010717074386775494,0.3369389772415161,25.273019790649414,0.002969600958749652,0.08670196682214737,29.884531021118164,0.0010269444901496172,24.856555938720703,0.003268470987677574,0.10176816582679749
34494,324,17,332,-1,0,23.848745346069336,0.15437623858451843,20.44497299194336,0.17441053688526154,25.648515701293945,21.437091827392578,0.2124759554862976,19.133197784423828,22.554676055908203,0.12088881433010101,18.07225799560547,18.100595474243164,19.414104461669922,0.25402557849884033,100.0,0.4068987965583801,0.4286336898803711,332,364,0.44959479570388794,0,0,0.004122166428714991,0.0027236328460276127,23.627779006958008,0.0043373252265155315,0.18153530359268188,0.009026155807077885,0.27692532539367676,19.95871353149414,0.010095518082380295,0.32734256982803345,0.007182749919593334,0.015587416477501392,22.29905128479004,0.005889724008738995,0.24247035384178162,0.012209005653858185,0.2896031141281128,19.310731887817383,0.011719977483153343,0.3287990689277649,0.005553059745579958,0.015486043877899647,23.952442169189453,0.004024908412247896,0.13014712929725647,0.011444304138422012,0.0,18.792627334594727,0.01320496667176485,0.30110228061676025,26.03756332397461,0.0024902529548853636,0.12309560179710388,35.191036224365234,0.00030261912615969777,25.487031936645508,0.002826811745762825,0.1524229347705841,21.536338806152344,0.007020468357950449,0.24684539437294006,20.926029205322266,0.00807973649352789,0.2950570285320282,23.300439834594727,0.0046768770553171635,0.1732020378112793,29.085796356201172,0.0012342995032668114,22.83453941345215,0.005206504371017218,0.2084275633096695,20.251798629760742,0.009436700493097305,0.26297375559806824,19.6893253326416,0.010741563513875008,0.3126586675643921,25.129268646240234,0.003069539088755846,0.09519591182470322,29.69033432006836,0.0010739066638052464,24.715255737304688,0.0033765595871955156,0.11036646366119385
34610,324,17,448,-1,0,23.36432647705078,0.13723020255565643,22.490310668945312,0.1820172816514969,26.914033889770508,21.19831085205078,0.18727684020996094,20.501811981201172,22.61172103881836,0.11027327179908752,17.962955474853516,17.891895294189453,21.241369247436523,0.09203042089939117,100.0,0.2536071240901947,0.7177135944366455,448,480,0.4411696195602417,0,0,0.004608582705259323,0.002035151468589902,23.006399154663086,0.005004493985325098,0.16216549277305603,0.005635975394397974,0.10435501486063004,21.99446678161621,0.006317619234323502,0.12187784165143967,0.0075887273997068405,0.015984702855348587,22.008636474609375,0.006297039799392223,0.2087089568376541,0.008908792398869991,0.13407592475414276,21.056190490722656,0.007841172628104687,0.13994380831718445,0.005480599123984575,0.016248393803834915,24.1748046875,0.003824015613645315,0.11337476223707199,0.007513859309256077,0.0,20.619890213012695,0.008669836446642876,0.1113843321800232,25.539255142211914,0.0027930245269089937,0.11872310936450958,37.0781135559082,0.0001959695655386895,24.958593368530273,0.0031925716903060675,0.14407379925251007,24.35767936706543,0.0036663352511823177,0.0885213315486908,23.750701904296875,0.004216284025460482,0.10635899007320404,23.057785034179688,0.004945630673319101,0.15445484220981598,29.625320434570312,0.0010901045752689242,22.565853118896484,0.00553878815844655,0.18559390306472778,22.315250396728516,0.005867796950042248,0.10816074162721634,21.7903995513916,0.0066215540282428265,0.12988272309303284,25.42219352722168,0.0028693308122456074,0.0839858427643776,30.007408142089844,0.0009982954943552613,25.007003784179688,0.003157182363793254,0.10053382813930511
34650,324,17,488,-1,0,23.743932723999023,0.16212010383605957,20.894983291625977,0.17775273323059082,25.753326416015625,21.509414672851562,0.20325522124767303,19.458478927612305,22.94415283203125,0.1037837564945221,18.22475814819336,18.025943756103516,19.785999298095703,0.23259757459163666,100.0,0.40597468614578247,0.43784192204475403,488,520,0.44075217843055725,0,0,0.004222861956804991,0.0026586882304400206,23.50324249267578,0.004463504068553448,0.1875782161951065,0.008137702941894531,0.2372918277978897,20.37019920349121,0.009182906709611416,0.27732619643211365,0.007064130622893572,0.015049569308757782,22.33914566040039,0.005835600662976503,0.2275526225566864,0.011327970772981644,0.2641155421733856,19.741823196411133,0.010612502694129944,0.2956768572330475,0.005076738074421883,0.015754539519548416,24.641998291015625,0.0034339998383075,0.1053357943892479,0.01050509512424469,0.0,19.164522171020508,0.012121262960135937,0.2765458822250366,25.707229614257812,0.002687059110030532,0.14225435256958008,35.53861999511719,0.0002793432795442641,25.14636993408203,0.00305747683160007,0.17250250279903412,21.82060432434082,0.006575664505362511,0.2059011161327362,21.208314895629883,0.0075712669640779495,0.2432321161031723,23.198928833007812,0.004787481389939785,0.17543038725852966,29.501697540283203,0.0011215800186619163,22.715272903442383,0.005351466592401266,0.20918776094913483,20.585464477539062,0.008738837204873562,0.2398197501897812,20.034582138061523,0.009920691139996052,0.2845941185951233,25.864154815673828,0.0025916979648172855,0.07905841618776321,29.743730545043945,0.001060783863067627,25.486400604248047,0.0028272231575101614,0.09577945619821548
35186,324,17,1056,-1,2,24.67796516418457,0.148660808801651,21.566062927246094,0.1566874235868454,26.59835433959961,22.19676971435547,0.17313991487026215,20.15445899963379,23.441959381103516,0.08355288207530975,18.082317352294922,18.04872703552246,20.99924087524414,0.14907890558242798,100.0,0.3689020872116089,0.42473986744880676,1056,1088,0.39516040682792664,0,0,0.0034056776203215122,0.002188591519370675,24.44552230834961,0.0035929216537624598,0.16960683465003967,0.0069725834764540195,0.17104119062423706,21.072067260742188,0.007812555879354477,0.19626641273498535,0.0060300808399915695,0.015551351010799408,23.40533447265625,0.004565269686281681,0.1884901225566864,0.009650595486164093,0.18679751455783844,20.592519760131836,0.008724650368094444,0.203383669257164,0.004526934120804071,0.0156721081584692,25.509395599365234,0.0028122924268245697,0.08270357549190521,0.007944672368466854,0.0,20.377761840820312,0.009166930802166462,0.1718156337738037,26.546354293823242,0.0022149530705064535,0.12210902571678162,35.01710891723633,0.0003149845579173416,26.008014678955078,0.0025072561111301184,0.1433572918176651,22.43819808959961,0.005704010836780071,0.14743876457214355,21.83332633972168,0.00655642943456769,0.1699490249156952,24.42626953125,0.003608885919675231,0.14287319779396057,29.723648071289062,0.0010657005477696657,23.979244232177734,0.004000145010650158,0.1682036817073822,21.511564254760742,0.007060630712658167,0.1621054857969284,20.96391487121582,0.008009560406208038,0.18697786331176758,27.232568740844727,0.001891225459985435,0.0544896200299263,30.395566940307617,0.0009129422251135111,26.900014877319336,0.0020417305640876293,0.06310094147920609
35351,324,17,1221,-1,3,24.808448791503906,0.14698490500450134,21.940317153930664,0.20114897191524506,25.70774269104004,22.209644317626953,0.20999771356582642,20.314891815185547,23.105724334716797,0.11421219259500504,18.072193145751953,18.1075439453125,21.07944107055664,0.24052713811397552,100.0,0.40523219108581543,0.496379554271698,1221,1253,0.46612370014190674,0,0,0.003304875921458006,0.0026867410633713007,24.685245513916016,0.0033999737352132797,0.1747831404209137,0.006396879907697439,0.2561885118484497,21.453664779663086,0.007155395578593016,0.30323824286460876,0.006012232042849064,0.015587646514177322,23.430309295654297,0.004539092071354389,0.2428518682718277,0.009300598874688148,0.2799287438392639,20.785215377807617,0.00834600068628788,0.3211527168750763,0.004891338292509317,0.015461288392543793,24.86091423034668,0.0032651922665536404,0.12318747490644455,0.007799307815730572,0.0,20.457962036132812,0.008999200537800789,0.287884384393692,27.471445083618164,0.0017900101374834776,0.12722112238407135,33.995418548583984,0.00039852759800851345,26.980838775634766,0.002004084410145879,0.15873609483242035,23.270244598388672,0.004709511063992977,0.2245120257139206,22.66353416442871,0.0054155997931957245,0.2722479999065399,24.55365753173828,0.003504565916955471,0.1668447107076645,29.453773498535156,0.001134025282226503,24.123716354370117,0.003869264619424939,0.20442388951778412,21.847333908081055,0.006535318214446306,0.24736344814300537,21.300312042236328,0.0074125733226537704,0.29826778173446655,26.304218292236328,0.0023419521749019623,0.07873684167861938,30.90182113647461,0.0008124900632537901,25.888427734375,0.0025772538501769304,0.09705851227045059
35407,324,17,1277,-1,3,23.996362686157227,0.16610360145568848,21.55147933959961,0.23457954823970795,25.996685028076172,21.655860900878906,0.19566693902015686,20.016704559326172,23.443485260009766,0.10467533022165298,18.1127872467041,17.9852352142334,20.48343276977539,0.2585737407207489,34.79906463623047,0.4547663629055023,0.5158243179321289,1277,1309,0.4283336400985718,0,0,0.003984406124800444,0.002513805404305458,23.756505966186523,0.004210652783513069,0.1943344920873642,0.006996034178882837,0.2639279365539551,21.102214813232422,0.007758512627333403,0.3091205060482025,0.006829895544797182,0.01544263120740652,22.59253692626953,0.005504859145730734,0.2228723168373108,0.009961610659956932,0.27762237191200256,20.4216365814209,0.009074787609279156,0.31922268867492676,0.004525344353169203,0.01590290665626526,25.567447662353516,0.002774950349703431,0.10977369546890259,0.008946576155722141,0.0003312027838546783,19.88344383239746,0.010272016748785973,0.30885952711105347,25.63001251220703,0.002735261805355549,0.1480516642332077,34.28242111206055,0.0003730423341039568,25.088233947753906,0.0030986799392849207,0.17960962653160095,22.396881103515625,0.00575853418558836,0.23941299319267273,21.806690216064453,0.006596763618290424,0.28725582361221313,23.573135375976562,0.00439224299043417,0.16794122755527496,29.561561584472656,0.0011062257690355182,23.100004196166992,0.004897783976048231,0.20277191698551178,21.223752975463867,0.0075444006361067295,0.25778260827064514,20.68227767944336,0.008546183817088604,0.3095152974128723,26.895095825195312,0.002044045366346836,0.07655853033065796,30.739383697509766,0.0008434545597992837,26.519384384155273,0.0022287515457719564,0.0928381159901619
35877,324,17,1747,-1,1,23.25433349609375,0.17167966067790985,19.7176570892334,0.19645997881889343,26.274797439575195,20.906278610229492,0.22575104236602783,18.499073028564453,22.458492279052734,0.10887358337640762,17.69890022277832,17.64670753479004,18.837982177734375,0.2576879858970642,100.0,0.4266023337841034,0.46052250266075134,1747,1779,0.40560710430145264,0,0,0.004726795945316553,0.0023578733671456575,22.9317626953125,0.005091245286166668,0.19784677028656006,0.010671715252101421,0.2850582003593445,19.190689086914062,0.012048447504639626,0.33012139797210693,0.008116564713418484,0.016986742615699768,21.705726623535156,0.006751921493560076,0.2539617419242859,0.014128390699625015,0.30307406187057495,18.62545394897461,0.013723177835345268,0.34161728620529175,0.005677419248968363,0.017192114144563675,24.0827579498291,0.0039059279952198267,0.11222268640995026,0.01306778471916914,0.0,18.216501235961914,0.015078214928507805,0.3044561743736267,24.989192962646484,0.0031701584812253714,0.1564602553844452,35.71442794799805,0.00026826089015230536,24.416990280151367,0.0036166044883430004,0.18419934809207916,20.393844604492188,0.009133046492934227,0.25291699171066284,19.783079147338867,0.010512166656553745,0.2984413802623749,22.821237564086914,0.005222472827881575,0.18946361541748047,28.537845611572266,0.0014002820244058967,22.357864379882812,0.0058105019852519035,0.22563894093036652,19.442293167114258,0.011370271444320679,0.26673412322998047,18.889183044433594,0.012914621271193027,0.31945979595184326,25.715110778808594,0.0026821861974895,0.07634057104587555,28.664897918701172,0.0013599104713648558,25.39761734008789,0.0028856138233095407,0.09306962043046951
35886,324,17,1756,-1,2,22.953691482543945,0.17953498661518097,20.105913162231445,0.19235551357269287,25.38142967224121,20.823883056640625,0.23571667075157166,18.85150146484375,22.423519134521484,0.11375270038843155,17.788700103759766,17.79644775390625,19.073427200317383,0.2712085545063019,100.0,0.4237403869628906,0.45394662022590637,1756,1788,0.460554838180542,0,0,0.005065600853413343,0.0028963906224817038,22.676605224609375,0.005399324931204319,0.21050362288951874,0.009759080596268177,0.27779799699783325,19.565383911132812,0.011052530258893967,0.3242960274219513,0.0082720210775733,0.01663910038769245,21.558475494384766,0.006984778214246035,0.266814649105072,0.013027161359786987,0.3078359365463257,19.028087615966797,0.012508094310760498,0.3446507453918457,0.005723320879042149,0.016609447076916695,23.92702293395996,0.004048532340675592,0.11637908220291138,0.01237819530069828,0.0,18.451950073242188,0.0142825311049819,0.3217836618423462,24.959543228149414,0.003191873896867037,0.1557871401309967,34.64093017578125,0.0003434843383729458,24.400829315185547,0.0036300874780863523,0.18870729207992554,21.00763511657715,0.007929330691695213,0.2550228238105774,20.397323608398438,0.009125728160142899,0.30492860078811646,22.67490577697754,0.005401438567787409,0.19209441542625427,28.43278694152832,0.0014345691306516528,22.21000862121582,0.006011726334691048,0.23166030645370483,19.86593246459961,0.010313517414033413,0.27996698021888733,19.32135009765625,0.011691365391016006,0.33375290036201477,25.194477081298828,0.003023793688043952,0.08510714024305344,28.878379821777344,0.001294679008424282,24.828290939331055,0.003289811545982957,0.1002776175737381
35974,324,17,1844,-1,2,21.3797664642334,0.23982152342796326,18.970083236694336,0.26137223839759827,25.17531394958496,19.76038360595703,0.2757832407951355,17.990459442138672,23.182723999023438,0.09114445745944977,17.59585189819336,17.758338928222656,18.240001678466797,0.2037954032421112,100.0,0.39842018485069275,0.6560215950012207,1844,1876,0.4437706768512726,0,0,0.007278189528733492,0.0030371672473847866,21.00691032409668,0.007930654101073742,0.2793271541595459,0.012676277197897434,0.2135925143957138,18.452842712402344,0.01427958719432354,0.24417637288570404,0.010567240417003632,0.01739461161196232,20.215057373046875,0.009516876190900803,0.3096276521682739,0.015883784741163254,0.2370908558368683,18.016311645507812,0.015789519995450974,0.2582937180995941,0.004805378615856171,0.01675584353506565,25.27705192565918,0.0029668447095900774,0.08839091658592224,0.014996848069131374,0.0,17.618520736694336,0.017304055392742157,0.23595955967903137,22.16290283203125,0.006077287718653679,0.21883222460746765,32.88376235961914,0.0005147827323526144,21.59075164794922,0.006933057680726051,0.2591419816017151,19.37844467163086,0.011538666673004627,0.1933913677930832,18.766807556152344,0.013283705338835716,0.2231166511774063,21.086017608642578,0.007787503767758608,0.23754799365997314,28.40317153930664,0.001444384572096169,20.57328987121582,0.008763368241488934,0.28035399317741394,18.742372512817383,0.013358652591705322,0.20984718203544617,18.1667537689209,0.015251921489834785,0.240797758102417,27.03748321533203,0.001978115877136588,0.0542212650179863,29.61038589477539,0.0010938593186438084,26.748634338378906,0.0021141553297638893,0.06477782130241394
35986,324,17,1856,-1,2,21.941328048706055,0.22111164033412933,18.465248107910156,0.24639229476451874,25.118274688720703,20.042478561401367,0.26173242926597595,17.503467559814453,23.007339477539062,0.08957109600305557,17.666301727294922,17.74329376220703,17.800912857055664,0.22677211463451385,100.0,0.3852502405643463,0.6395642757415771,1856,1888,0.4372160732746124,0,0,0.006395392585545778,0.003077320521697402,21.607818603515625,0.006905864458531141,0.25190505385398865,0.014238860458135605,0.2383567988872528,17.931190490722656,0.01610204577445984,0.2735382914543152,0.00990266539156437,0.017114723101258278,20.558570861816406,0.008793117478489876,0.2896402180194855,0.017768608406186104,0.26334330439567566,17.476224899291992,0.01788041554391384,0.29016420245170593,0.005003408994525671,0.016813986003398895,24.967002868652344,0.003186396788805723,0.08630601316690445,0.01659238152205944,0.0,17.179433822631836,0.01914505660533905,0.2611232399940491,22.854305267333984,0.005182861816138029,0.20210623741149902,34.05295944213867,0.0003932818945031613,22.276988983154297,0.0059197209775447845,0.2344902902841568,18.835372924804688,0.013075633905827999,0.22727222740650177,18.22212028503418,0.015058713965117931,0.26094749569892883,21.610118865966797,0.0069022104144096375,0.22400280833244324,28.887924194335938,0.0012918361462652683,21.098392486572266,0.007765344809740782,0.25942617654800415,18.223831176757812,0.01505278516560793,0.23876315355300903,17.641355514526367,0.017213309183716774,0.2761014699935913,26.605260848999023,0.00218511326238513,0.06310277432203293,29.988248825073242,0.0010027096141129732,26.257980346679688,0.0023670215159654617,0.07319243997335434
36325,324,17,2227,-1,0,21.309329986572266,0.24633769690990448,17.744609832763672,0.2426198571920395,24.98269271850586,19.66688346862793,0.29140394926071167,16.924388885498047,22.196182250976562,0.11975165456533432,18.048582077026367,18.08221435546875,16.8523006439209,0.2937546968460083,100.0,0.4647938907146454,0.5219945311546326,2227,2259,0.49549177289009094,0,0,0.00739719532430172,0.0031749047338962555,20.94377899169922,0.008046778850257397,0.27639126777648926,0.01680888794362545,0.30854275822639465,17.204757690429688,0.019033752381801605,0.34801968932151794,0.010797210969030857,0.015672629699110985,19.97957420349121,0.010047147050499916,0.3209262788295746,0.020303044468164444,0.3221498429775238,16.780569076538086,0.020986653864383698,0.3563621938228607,0.006030895747244358,0.015551729127764702,23.404495239257812,0.004566151648759842,0.12108336389064789,0.02064286358654499,0.0,16.230823516845703,0.023818688467144966,0.3376208245754242,22.19426155090332,0.006033565849065781,0.21496818959712982,33.5783805847168,0.00043869417277164757,21.615087509155273,0.006894316058605909,0.24879172444343567,18.1294002532959,0.015383672900497913,0.29072222113609314,17.518667221069336,0.017706522718071938,0.33593112230300903,20.787334442138672,0.00834193080663681,0.2493750900030136,30.968910217285156,0.0008000354864634573,20.22174835205078,0.009502221830189228,0.2838246822357178,17.50536346435547,0.01776084676384926,0.3017939031124115,16.907312393188477,0.02038303203880787,0.34824320673942566,24.95294952392578,0.0031967218965291977,0.08562174439430237,31.845611572265625,0.0006537908338941634,24.45154571533203,0.0035879421047866344,0.0976371020078659
36337,324,17,2239,-1,0,23.548694610595703,0.1894802749156952,20.14822769165039,0.23561833798885345,24.327484130859375,21.314735412597656,0.23843853175640106,18.83762550354004,22.84872055053711,0.10884279757738113,18.153690338134766,18.17800521850586,19.135971069335938,0.21480481326580048,100.0,0.44513970613479614,0.5293132066726685,2239,2271,0.45225316286087036,0,0,0.004417032469063997,0.0036919163540005684,23.440372467041016,0.004528588615357876,0.2211783230304718,0.009664453566074371,0.22154346108436584,19.63227081298828,0.01088361069560051,0.25579753518104553,0.007387995254248381,0.01529786642640829,22.09638214111328,0.006171092391014099,0.27053314447402954,0.013068855740129948,0.24286310374736786,18.96329116821289,0.012696119025349617,0.26770156621932983,0.005189528688788414,0.015212465077638626,24.380001068115234,0.0036475383676588535,0.11197070777416229,0.012201211415231228,0.0,18.51449203491211,0.014078319072723389,0.25370925664901733,25.6453857421875,0.002725596074014902,0.1594991683959961,33.77632522583008,0.0004191481275483966,25.113880157470703,0.003080434165894985,0.19507288932800293,20.929689407348633,0.008072925731539726,0.19885370135307312,20.317506790161133,0.00929500162601471,0.2356528341770172,23.16039276123047,0.004830150865018368,0.19948889315128326,30.94916534423828,0.0008036808576434851,22.6363468170166,0.005449608433991671,0.2409396767616272,19.83096694946289,0.01039688941091299,0.2162797451019287,19.2417049407959,0.011907744221389294,0.25500330328941345,25.88182830810547,0.002581173088401556,0.07906567305326462,32.02122116088867,0.0006278821965679526,25.403541564941406,0.002881679218262434,0.0938984677195549
36559,324,17,2461,-1,2,24.646373748779297,0.17199832201004028,20.7492618560791,0.23342719674110413,26.16141128540039,22.074951171875,0.22161120176315308,19.404266357421875,23.295347213745117,0.10291972011327744,18.057361602783203,18.050518035888672,19.771907806396484,0.2830982208251953,100.0,0.42702293395996094,0.546638548374176,2461,2493,0.4309917688369751,0,0,0.0034305420704185963,0.0024202438071370125,24.453929901123047,0.0035859725903719664,0.20455698668956757,0.008415384218096733,0.28800082206726074,20.246139526367188,0.009449006989598274,0.3377920091152191,0.006201616954058409,0.015640975907444954,23.233604431152344,0.00474940799176693,0.25036758184432983,0.011470261961221695,0.31029337644577026,19.671653747558594,0.010785359889268875,0.3521692156791687,0.0046823639422655106,0.015665646642446518,25.239471435546875,0.002992628375068307,0.10596305876970291,0.010539239272475243,0.0,19.15043067932129,0.012160660699009895,0.3361462354660034,26.6342716217041,0.0021705657709389925,0.14943476021289825,34.126678466796875,0.00038666254840791225,26.117191314697266,0.002445012331008911,0.1844186633825302,21.507396697998047,0.007067412603646517,0.25657331943511963,20.898523330688477,0.00813107006251812,0.30607298016548157,24.08001136779785,0.003908398095518351,0.1919800341129303,29.35551643371582,0.0011599744902923703,23.63388442993164,0.004331232514232397,0.23106306791305542,20.471702575683594,0.0089707737788558,0.2814943194389343,19.924850463867188,0.010174544528126717,0.33422884345054626,26.478900909423828,0.002249624580144882,0.07060185074806213,29.617433547973633,0.0010920858476310968,26.148035049438477,0.002427707426249981,0.08279572427272797
36560,324,17,2462,-1,3,24.938674926757812,0.1621672511100769,21.233779907226562,0.191652312874794,26.922910690307617,22.301963806152344,0.20645447075366974,19.803203582763672,23.345224380493164,0.10141505300998688,18.191436767578125,18.166128158569336,20.292953491210938,0.28461626172065735,100.0,0.4080692231655121,0.469656378030777,2462,2494,0.4296676218509674,0,0,0.003207248402759433,0.0020309952087700367,24.70029640197754,0.0033882101997733116,0.19532684981822968,0.007527001667767763,0.29344406723976135,20.689430236816406,0.00853212084621191,0.34632986783981323,0.005885771941393614,0.015165483579039574,23.508480072021484,0.004458123818039894,0.23241207003593445,0.010463566519320011,0.3171657621860504,20.148771286010742,0.009663245640695095,0.36217236518859863,0.004628896247595549,0.015254118479788303,25.237125396728516,0.0029942465480417013,0.10510650277137756,0.009347697719931602,0.0,19.67147445678711,0.010785805992782116,0.33705294132232666,27.19814682006836,0.0019062741193920374,0.14837363362312317,34.34881591796875,0.00036738262861035764,26.68972396850586,0.0021430267952382565,0.18443076312541962,22.142425537109375,0.0061060101725161076,0.26235172152519226,21.52873992919922,0.007032766472548246,0.3141575753688812,24.44860076904297,0.0035903772804886103,0.17718099057674408,29.03069305419922,0.0012500595767050982,24.03356170654297,0.003950425889343023,0.21260353922843933,21.01886558532715,0.007908849976956844,0.2877426743507385,20.478092193603516,0.008957583457231522,0.3412330746650696,26.414182662963867,0.0022833994589746,0.07556258141994476,29.690847396850586,0.0010737800039350986,26.07392120361328,0.002469494706019759,0.09019286930561066
36809,324,17,2711,-1,0,24.36347770690918,0.162471204996109,20.843944549560547,0.19555389881134033,26.79397201538086,22.151777267456055,0.1976708471775055,19.63898277282715,23.520620346069336,0.09073114395141602,18.038021087646484,18.148487091064453,20.187877655029297,0.2420148104429245,100.0,0.33304843306541443,0.5871635675430298,2711,2743,0.44794198870658875,0,0,0.0036614432465285063,0.002092198468744755,24.086166381835938,0.003902865806594491,0.1977044641971588,0.008233900181949139,0.25385236740112305,20.321155548095703,0.009287196211516857,0.30512842535972595,0.006092874798923731,0.01571078971028328,23.359983444213867,0.004613195545971394,0.22527921199798584,0.010866801254451275,0.2782817482948303,19.935394287109375,0.010149875655770302,0.3206687867641449,0.00444567808881402,0.015316207893192768,25.570049285888672,0.0027732893358916044,0.09044075012207031,0.009576619602739811,0.0,19.5664005279541,0.011049944907426834,0.29406940937042236,26.266555786132812,0.0023623513989150524,0.12990695238113403,35.613372802734375,0.000274576130323112,25.712907791137695,0.0026835473254323006,0.15990611910820007,21.759605407714844,0.006668673828244209,0.22103701531887054,21.14658546447754,0.007679651957005262,0.2718288004398346,24.21371078491211,0.003789910115301609,0.15908992290496826,28.929946899414062,0.001279397401958704,23.792247772216797,0.004176142625510693,0.1941845417022705,20.809335708618164,0.008299778215587139,0.2445237636566162,20.26637077331543,0.009405087679624557,0.2988012731075287,26.915019989013672,0.0020346890669316053,0.059702545404434204,29.536720275878906,0.0011125722667202353,26.622310638427734,0.0021765532437711954,0.07225829362869263
37026,324,17,2928,-1,1,24.469085693359375,0.17384162545204163,20.657421112060547,0.208649680018425,27.6669864654541,21.809791564941406,0.22110071778297424,19.302593231201172,23.28769874572754,0.10703471302986145,18.091501235961914,18.017669677734375,19.737802505493164,0.3205307126045227,100.0,0.4557311236858368,0.45783504843711853,2928,2960,0.4916948676109314,0,0,0.0035734823904931545,0.0017112031346186996,24.134140014648438,0.003859987249597907,0.20326143503189087,0.008595242165029049,0.3208006024360657,20.11348533630371,0.009742076508700848,0.381076842546463,0.006592053920030594,0.015518510714173317,22.8243350982666,0.00521875312551856,0.24202655255794525,0.01174196507781744,0.34283971786499023,19.511898040771484,0.011189493350684643,0.38866692781448364,0.004690618719905615,0.015784578397870064,25.25222396850586,0.002983855316415429,0.10827071219682693,0.010622330009937286,0.0,19.116323471069336,0.012256534770131111,0.3819883465766907,26.329364776611328,0.002328432397916913,0.14921662211418152,36.53117752075195,0.00022227071167435497,25.76351547241211,0.0026524574495851994,0.18158620595932007,21.47615623474121,0.007118431851267815,0.29218241572380066,20.86113166809082,0.008201380260288715,0.35353371500968933,23.771591186523438,0.004196053836494684,0.17895391583442688,29.165374755859375,0.0012118882732465863,23.320655822753906,0.004655156284570694,0.21191082894802094,20.381643295288086,0.009158740751445293,0.3165048658847809,19.825841903686523,0.010409165173768997,0.37408989667892456,26.277423858642578,0.0023564472794532776,0.08043651282787323,29.73863983154297,0.0010620283428579569,25.925092697143555,0.002555588725954294,0.09573772549629211
37051,324,17,2953,-1,2,23.299503326416016,0.17160654067993164,20.374300003051758,0.19656339287757874,25.15414810180664,21.208498001098633,0.22774463891983032,19.135404586791992,23.033382415771484,0.11592359095811844,17.994056701660156,18.233055114746094,19.5915470123291,0.2763063311576843,100.0,0.41721591353416443,0.4711311161518097,2953,2985,0.4732970595359802,0,0,0.004677888005971909,0.0030520048458129168,23.073272705078125,0.004928024020045996,0.19722914695739746,0.00917423889040947,0.2791292071342468,19.842260360717773,0.010369885712862015,0.32285359501838684,0.007570948451757431,0.01587064191699028,22.010684967041016,0.006294072140008211,0.2581772208213806,0.012202799320220947,0.31617966294288635,19.332120895385742,0.011662397533655167,0.3575972318649292,0.004973495379090309,0.015020851977169514,24.64990997314453,0.00342774810269475,0.12075521051883698,0.010986147448420525,0.0,18.97006607055664,0.012676323764026165,0.3177489936351776,25.176084518432617,0.0030366273131221533,0.15761087834835052,35.076805114746094,0.0003106846415903419,24.614259719848633,0.003456003265455365,0.18731680512428284,21.363025665283203,0.007306301034986973,0.2484452724456787,20.7500057220459,0.008413946256041527,0.28987911343574524,22.95810890197754,0.0050604515708982944,0.19872790575027466,27.916410446166992,0.0016156939091160893,22.52556037902832,0.0055904146283864975,0.23501063883304596,20.27437973022461,0.00938776507973671,0.2881495952606201,19.742046356201172,0.010611957870423794,0.33477774262428284,25.816085815429688,0.002620544983074069,0.08817208558320999,28.379981994628906,0.0014521187404170632,25.527952194213867,0.0028003030456602573,0.10343416035175323
37190,324,17,3092,-1,1,23.647214889526367,0.17685137689113617,20.347373962402344,0.19311131536960602,25.437114715576172,21.638179779052734,0.2247713804244995,19.312002182006836,23.2314510345459,0.09814133495092392,18.00982666015625,18.098159790039062,19.872934341430664,0.20983868837356567,100.0,0.4125552177429199,0.46808597445487976,3092,3124,0.4427032470703125,0,0,0.004317958373576403,0.0028594902250915766,23.427204132080078,0.0045423381961882114,0.20202447474002838,0.009231293573975563,0.2314721792936325,19.867856979370117,0.010308943688869476,0.27011674642562866,0.006857758387923241,0.015813108533620834,22.612186431884766,0.00548001192510128,0.2468309849500656,0.01171655673533678,0.25082695484161377,19.512685775756836,0.011187458410859108,0.2827114164829254,0.0047517637722194195,0.015494738705456257,25.087785720825195,0.0030989989172667265,0.10038413852453232,0.010296906344592571,0.0,19.251453399658203,0.011881045997142792,0.24618491530418396,25.493852615356445,0.0028223758563399315,0.15628892183303833,34.3231086730957,0.00036956375697627664,24.94886589050293,0.0031997314654290676,0.1820097416639328,21.245323181152344,0.007507023401558399,0.21167071163654327,20.63603401184082,0.008637670427560806,0.24961145222187042,23.48896026611328,0.0044782040640711784,0.18851833045482635,28.30135154724121,0.001478648278862238,23.06301498413086,0.004939674399793148,0.2192147672176361,20.38410186767578,0.00915355421602726,0.2236492782831192,19.84412384033203,0.0103654395788908,0.26395973563194275,26.26207160949707,0.0023647919297218323,0.06941217184066772,28.88458251953125,0.0012928307987749577,25.969295501708984,0.0025297089014202356,0.08059398084878922
37513,324,17,3447,-1,0,24.667720794677734,0.17039574682712555,21.437131881713867,0.17433732748031616,26.70515251159668,21.996118545532227,0.22323819994926453,20.03778648376465,23.272607803344727,0.12388035655021667,17.978580474853516,17.89708709716797,20.7167911529541,0.18979990482330322,100.0,0.3732735812664032,0.4670497477054596,3447,3479,0.450247585773468,0,0,0.003413720289245248,0.002135427203029394,24.42447280883789,0.0036103802267462015,0.19807346165180206,0.007182686123996973,0.21430301666259766,21.041751861572266,0.00786728598177433,0.2532770037651062,0.0063152131624519825,0.01592729240655899,23.15475082397461,0.0048364317044615746,0.2556038498878479,0.00991336815059185,0.24514761567115784,20.490921020507812,0.00893116369843483,0.2846718728542328,0.004706946201622486,0.01622898504137993,25.324918746948242,0.002934324787929654,0.1310156285762787,0.00847853533923626,0.0,20.095312118530273,0.009782925248146057,0.2319892793893814,26.81124496459961,0.0020838933996856213,0.1476878523826599,35.33251953125,0.0002929192560259253,26.27193260192871,0.0023594279773533344,0.1767847239971161,22.496488571166992,0.005627964623272419,0.18449750542640686,21.89389419555664,0.006465624552220106,0.22490492463111877,24.299949645996094,0.0037153959274291992,0.18661347031593323,30.21854591369629,0.000950923131313175,23.829261779785156,0.004140699747949839,0.2237510234117508,21.514747619628906,0.007055459078401327,0.21794575452804565,20.961835861206055,0.008013395592570305,0.26655030250549316,26.477230072021484,0.0022504900116473436,0.0941614955663681,30.781042098999023,0.0008354027522727847,26.076204299926758,0.0024681955110281706,0.11265946924686432
37631,324,17,3565,-1,2,24.387142181396484,0.17487893998622894,19.66067123413086,0.2066115140914917,27.399885177612305,21.640918731689453,0.21579909324645996,18.365442276000977,23.019256591796875,0.11184392869472504,18.1181697845459,17.977888107299805,18.583858489990234,0.2813602387905121,100.0,0.45458680391311646,0.45450398325920105,3565,3597,0.46735337376594543,0,0,0.003641546703875065,0.0018197487806901336,24.065120697021484,0.003921823110431433,0.20447808504104614,0.010812672786414623,0.28394782543182373,19.099231719970703,0.012304864823818207,0.33057117462158203,0.006853434257209301,0.015423507429659367,22.5688533782959,0.00553496228531003,0.2421598583459854,0.014569871127605438,0.31290483474731445,18.441387176513672,0.014317307621240616,0.35247066617012024,0.0049896989949047565,0.01592983677983284,24.806182861328125,0.0033066007308661938,0.11391133815050125,0.01385524682700634,0.0,17.962379455566406,0.015986822545528412,0.33278515934944153,25.908594131469727,0.002565315691754222,0.15278935432434082,36.56833267211914,0.00022037731832824647,25.33714485168457,0.0029260755982249975,0.18283990025520325,20.192527770996094,0.009566371329128742,0.26732420921325684,19.576784133911133,0.011023554019629955,0.316021591424942,23.3913516998291,0.00457999249920249,0.1859637051820755,30.08836555480957,0.0009798587998375297,22.89556312561035,0.005133858881890774,0.22197644412517548,19.222936630249023,0.0119593171402812,0.2902544438838959,18.646747589111328,0.01365606114268303,0.3440263569355011,25.839168548583984,0.0026066522113978863,0.08495846390724182,30.34697723388672,0.0009232141310349107,25.427780151367188,0.00286564277485013,0.10141606628894806
37740,324,17,3674,-1,3,23.118480682373047,0.14509743452072144,21.674442291259766,0.15434646606445312,23.652040481567383,20.950321197509766,0.20605334639549255,19.918203353881836,22.638179779052734,0.10845842212438583,17.62358856201172,17.803499221801758,20.317113876342773,0.09705165028572083,100.0,0.26600149273872375,0.58024662733078,3674,3706,0.41307777166366577,0,0,0.004876990802586079,0.004313163459300995,23.041915893554688,0.004963734187185764,0.16440510749816895,0.006800734903663397,0.10709764063358307,21.177751541137695,0.007624735124409199,0.12536664307117462,0.008034667000174522,0.017283882945775986,21.796859741210938,0.006611710414290428,0.22347532212734222,0.010190128348767757,0.14803704619407654,20.33220672607422,0.00926358811557293,0.1551692932844162,0.005447309464216232,0.01658250391483307,24.27802085876465,0.003734202589839697,0.1060163676738739,0.009295838885009289,0.0,19.695636749267578,0.010725967586040497,0.11471526324748993,24.558998107910156,0.003500259481370449,0.12337402999401093,28.362594604492188,0.0014579433482140303,24.185667037963867,0.0038144623395055532,0.14381510019302368,22.600887298583984,0.0054942891001701355,0.0971841961145401,21.993938446044922,0.006318390369415283,0.11627454310655594,22.519207000732422,0.00559860048815608,0.16591417789459229,26.55071449279785,0.0022127311676740646,22.132837295532227,0.006119503173977137,0.19158917665481567,21.158552169799805,0.007658522576093674,0.1191508024930954,20.621349334716797,0.008666922338306904,0.14010027050971985,25.49526596069336,0.0028214568737894297,0.07402403652667999,29.867721557617188,0.0010309269418939948,25.090696334838867,0.0030969232320785522,0.08626740425825119
38187,324,17,4121,-1,2,23.157711029052734,0.22087696194648743,20.58281898498535,0.23691311478614807,24.741594314575195,21.12783432006836,0.27856290340423584,19.236928939819336,22.931711196899414,0.11677618324756622,17.753616333007812,17.867223739624023,19.632755279541016,0.2251593917608261,100.0,0.38760867714881897,0.6112172603607178,4121,4153,0.4408283829689026,0,0,0.004833136219531298,0.0033561449963599443,22.958181381225586,0.00506036588922143,0.24765005707740784,0.008744163438677788,0.22089064121246338,20.1021785736084,0.009767468087375164,0.2532753646373749,0.007712881080806255,0.016774067655205727,21.99361801147461,0.006318853236734867,0.3073733448982239,0.011920848861336708,0.2552461624145508,19.515342712402344,0.011180615983903408,0.275744765996933,0.005091303959488869,0.016340961679816246,24.735849380493164,0.003360586939379573,0.11705201119184494,0.010882397182285786,0.0,19.011276245117188,0.012556610628962517,0.26210731267929077,24.57124900817871,0.0034903991036117077,0.195026233792305,32.84977722167969,0.000518826418556273,24.03670883178711,0.00394756393507123,0.22773562371730804,21.260581970214844,0.007480693981051445,0.2003554254770279,20.65789794921875,0.00859429594129324,0.2323559820652008,22.777023315429688,0.005275914911180735,0.23949255049228668,29.256488800048828,0.0011867275461554527,22.28778648376465,0.005905021447688341,0.28133058547973633,20.267528533935547,0.009402582421898842,0.23165634274482727,19.704328536987305,0.010704516433179379,0.26954278349876404,26.01004409790039,0.0025060849729925394,0.07872165739536285,30.151676177978516,0.0009656784823164344,25.617630004882812,0.0027430709451436996,0.09316889196634293
38238,324,17,4172,-1,1,23.760108947753906,0.19009095430374146,20.814979553222656,0.24004106223583221,26.59954071044922,21.38634490966797,0.23919455707073212,19.38715362548828,23.037784576416016,0.11868159472942352,17.913570404052734,17.80899429321289,19.885061264038086,0.26766347885131836,100.0,0.44789600372314453,0.535930335521698,4172,4204,0.47013047337532043,0,0,0.004207160323858261,0.0021879926789551973,23.450729370117188,0.004517801105976105,0.22202618420124054,0.008288998156785965,0.27389541268348694,20.275537490844727,0.009385259822010994,0.324101060628891,0.007267178036272526,0.016167502850294113,22.29302978515625,0.00589789729565382,0.2709493339061737,0.011515547521412373,0.30906662344932556,19.670207977294922,0.010788952000439167,0.34949105978012085,0.0049684601835906506,0.016561537981033325,24.96902847290039,0.003184909699484706,0.12205187231302261,0.010268190875649452,0.0,19.263582229614258,0.011847912333905697,0.3221786618232727,25.308990478515625,0.0029451060108840466,0.16565972566604614,33.70780563354492,0.00042581369052641094,24.772052764892578,0.0033326896373182535,0.20239987969398499,21.735334396362305,0.006706047337502241,0.2552773058414459,21.120777130126953,0.007725425064563751,0.3063853681087494,23.1485538482666,0.00484333885833621,0.18835902214050293,29.329856872558594,0.0011668476508930326,22.668869018554688,0.005408952943980694,0.23119065165519714,20.601957321166992,0.008705710992217064,0.26827847957611084,20.03658103942871,0.009916124865412712,0.32296863198280334,26.030759811401367,0.0024941586889326572,0.08236490190029144,30.771310806274414,0.0008372769225388765,25.608154296875,0.002749063540250063,0.10272277146577835
38422,324,17,4356,-1,1,22.725801467895508,0.20833392441272736,17.855735778808594,0.2351321280002594,24.516796112060547,20.71350860595703,0.24876324832439423,17.078449249267578,22.805484771728516,0.11138707399368286,18.114952087402344,18.08700942993164,17.13167381286621,0.32997366786003113,100.0,0.49621638655662537,0.47384998202323914,4356,4388,0.46377798914909363,0,0,0.005338509101420641,0.003534437157213688,22.505685806274414,0.005616057198494673,0.23168179392814636,0.016384249553084373,0.3399580419063568,17.36081314086914,0.01836194470524788,0.3817882537841797,0.008484949357807636,0.015434931963682175,21.298465728759766,0.007415721658617258,0.27374571561813354,0.019595438614487648,0.363399863243103,16.940998077392578,0.02022554725408554,0.399183064699173,0.005241450387984514,0.015534569509327412,24.367691040039062,0.003657893743366003,0.11217238754034042,0.019356757402420044,0.0,16.510196685791016,0.022334720939397812,0.3744141459465027,24.078487396240234,0.003909770864993334,0.1816297471523285,33.91903305053711,0.00040559901390224695,23.517498016357422,0.0044488743878901005,0.21057066321372986,18.351947784423828,0.014615216292440891,0.3161049485206604,17.74274444580078,0.016816116869449615,0.3613363802433014,22.075586318969727,0.006200709845870733,0.21684770286083221,28.621912002563477,0.0013734371168538928,21.584299087524414,0.006943367887288332,0.24875278770923615,17.668773651123047,0.0171049851924181,0.3409833312034607,17.091087341308594,0.019538499414920807,0.38773083686828613,25.649545669555664,0.0027229872066527605,0.08201383799314499,29.143299102783203,0.001218064222484827,25.295141220092773,0.002954513765871525,0.09526761621236801
38601,324,17,4535,-1,0,24.451353073120117,0.17301447689533234,22.23272132873535,0.2126190960407257,25.665233612060547,21.87240982055664,0.21385154128074646,20.45621109008789,23.25749969482422,0.10400316119194031,17.694948196411133,17.682878494262695,21.355913162231445,0.16054049134254456,100.0,0.34759455919265747,0.6116870641708374,4535,4567,0.46677881479263306,0,0,0.0035881001967936754,0.0027131682727485895,24.291412353515625,0.003722705179825425,0.20067498087882996,0.00598036777228117,0.17635424435138702,21.758464813232422,0.006670425180345774,0.20729556679725647,0.006497688591480255,0.017002206295728683,23.11437225341797,0.004881609696894884,0.23963962495326996,0.009002828039228916,0.20839820802211761,21.116199493408203,0.007733571343123913,0.23302263021469116,0.004723349120467901,0.017049524933099747,25.486719131469727,0.002827014774084091,0.11090876162052155,0.007318275514990091,0.0,20.734434127807617,0.0084441639482975,0.18826672434806824,26.390174865722656,0.002296055667102337,0.14910654723644257,34.14565658569336,0.0003849766799248755,25.86688995361328,0.002590067917481065,0.18013541400432587,23.378145217895508,0.0045939418487250805,0.14914101362228394,22.776397705078125,0.005276672076433897,0.177158385515213,24.045238494873047,0.00393981859087944,0.17566999793052673,29.032316207885742,0.0012495932169258595,23.61141586303711,0.004353699274361134,0.21231022477149963,22.003286361694336,0.006304802373051643,0.17407351732254028,21.474308013916016,0.007121461909264326,0.2076977640390396,26.77504539489746,0.002101337071508169,0.06933455169200897,30.292373657226562,0.0009348953026346862,26.419147491455078,0.0022807896602898836,0.08281858265399933
38907,324,17,4841,-1,2,24.668224334716797,0.16227053105831146,22.25375747680664,0.21606241166591644,26.94248390197754,22.043102264404297,0.19835470616817474,20.430770874023438,23.257123947143555,0.10969839990139008,18.106958389282227,18.092615127563477,20.992109298706055,0.15730701386928558,100.0,0.3782895505428314,0.5711561441421509,4841,4873,0.43801751732826233,0,0,0.0034133251756429672,0.0020218626596033573,24.404050827026367,0.0036273966543376446,0.19299232959747314,0.0059514716267585754,0.15743817389011383,21.71855926513672,0.0067319986410439014,0.1880711317062378,0.006247265264391899,0.015463370829820633,23.161067962646484,0.004829402547329664,0.2228095531463623,0.009055720642209053,0.19221274554729462,20.95529556274414,0.008025468327105045,0.2176867127418518,0.004723757039755583,0.015514525584876537,25.137624740600586,0.003063639160245657,0.1200229823589325,0.00795772671699524,0.0,20.37063217163086,0.009181992150843143,0.18833720684051514,26.61096954345703,0.0021822419948875904,0.1321672797203064,35.31894302368164,0.00029383652145043015,26.06817054748535,0.002472765976563096,0.16125927865505219,23.441722869873047,0.00452717998996377,0.13820281624794006,22.828216552734375,0.005214087199419737,0.16853076219558716,23.981294631958008,0.003998256288468838,0.1646852344274521,28.583452224731445,0.0013856538571417332,23.56528091430664,0.004400195553898811,0.19989344477653503,21.918027877807617,0.006429797504097223,0.16038312017917633,21.40007972717285,0.007244228385388851,0.19464637339115143,26.355884552001953,0.0023142576683312654,0.07367512583732605,29.41463851928711,0.001144290086813271,26.030595779418945,0.002494252985343337,0.09043543040752411
38957,324,17,4891,-1,0,25.827457427978516,0.2022591531276703,22.28055763244629,0.26690155267715454,25.342182159423828,22.637521743774414,0.25474363565444946,20.51471710205078,23.874452590942383,0.10329273343086243,17.994050979614258,17.992074966430664,21.012937545776367,0.3355167508125305,100.0,0.46405988931655884,0.5751446485519409,4891,4923,0.44897589087486267,0,0,0.0026136916130781174,0.0029226825572550297,25.90717315673828,0.002566154347732663,0.23199348151683807,0.0059148590080440044,0.32357197999954224,21.889820098876953,0.006471697706729174,0.3788432776927948,0.005448133684694767,0.015870658680796623,24.151412963867188,0.0038446683902293444,0.284926176071167,0.008882357738912106,0.3512445092201233,21.083629608154297,0.007791789714246988,0.39920786023139954,0.00409783935174346,0.015877878293395042,26.410139083862305,0.0022855261340737343,0.10540898144245148,0.007919654250144958,0.0,20.391460418701172,0.009138062596321106,0.39757850766181946,27.50366973876953,0.0017767773242667317,0.1854761689901352,34.785545349121094,0.00033223518403247,26.991840362548828,0.0019990145228803158,0.22062964737415314,22.84665870666504,0.005191994830965996,0.3109933137893677,22.244749069213867,0.005963828414678574,0.370808482170105,24.857311248779297,0.0032679024152457714,0.22460350394248962,28.680965423583984,0.0013548884307965636,24.482803344726562,0.0035622119903564453,0.2660137414932251,21.699871063232422,0.006761029362678528,0.334110826253891,21.18402099609375,0.007613737601786852,0.39791712164878845,27.298904418945312,0.0018625573720782995,0.0787145271897316,29.255029678344727,0.0011871266178786755,27.063129425048828,0.0019664696883410215,0.09346115589141846
39077,324,17,5011,-1,0,23.866121292114258,0.15125536918640137,22.089664459228516,0.21128597855567932,26.766849517822266,21.419517517089844,0.2033713310956955,20.291305541992188,22.88852882385254,0.11497899889945984,17.902484893798828,17.902034759521484,20.96630859375,0.11642026901245117,100.0,0.32187625765800476,0.6564198732376099,5011,5043,0.4425601661205292,0,0,0.004105706699192524,0.0021053061354905367,23.552207946777344,0.004413460846990347,0.18043126165866852,0.00618063984438777,0.12707436084747314,21.61425018310547,0.006895644590258598,0.15049144625663757,0.007211878430098295,0.016208823770284653,22.34500503540039,0.005827732849866152,0.23156027495861053,0.009351249784231186,0.16764864325523376,20.810745239257812,0.008297082968056202,0.1858867108821869,0.005142179783433676,0.016210507601499557,24.635223388671875,0.0034393598325550556,0.12073508650064468,0.008005146868526936,0.0,20.344829559326172,0.009236707352101803,0.1430264562368393,25.86068344116211,0.0025937710888683796,0.13052669167518616,34.881839752197266,0.000324949505738914,25.312362670898438,0.002942820778116584,0.16203385591506958,23.45890235900879,0.00450930604711175,0.10459404438734055,22.851486206054688,0.005186225287616253,0.12800395488739014,23.32794189453125,0.004647355526685715,0.17574617266654968,29.004419326782227,0.0012576454319059849,22.86606216430664,0.005168849602341652,0.21831874549388885,21.798309326171875,0.0066095078364014626,0.13069598376750946,21.25860595703125,0.007484096568077803,0.16078543663024902,25.82584571838379,0.002614661818370223,0.0822596549987793,30.124788284301758,0.0009716753847897053,25.425073623657227,0.0028674290515482426,0.09947247058153152
