index,episode,map,start,action,tics_since_decision,psnr_dec,lpips_dec,copy_psnr_dec,latent_mse,hud_psnr_dec,psnr_raw,lpips_raw,copy_psnr_raw,vae_psnr,vae_lpips,hud_psnr_raw,hud_vae_psnr,persist_psnr_raw,persist_lpips_raw,persist_hud_psnr_raw,copy_latent_mse,latent_mse_ratio,start_tic,scored_tic,context_motion,dup_latent,dup_raw,mse_dec,hud_mse_dec,scene_psnr_dec,scene_mse_dec,scene_lpips_dec,copy_mse_dec,copy_lpips_dec,scene_copy_psnr_dec,scene_copy_mse_dec,scene_copy_lpips_dec,mse_raw,hud_mse_raw,scene_psnr_raw,scene_mse_raw,scene_lpips_raw,copy_mse_raw,copy_lpips_raw,scene_copy_psnr_raw,scene_copy_mse_raw,scene_copy_lpips_raw,vae_mse,hud_vae_mse,scene_vae_psnr,scene_vae_mse,scene_vae_lpips,persist_mse_raw,persist_hud_mse_raw,scene_persist_psnr_raw,scene_persist_mse_raw,scene_persist_lpips_raw,psnr_dec_tuned,mse_dec_tuned,lpips_dec_tuned,hud_psnr_dec_tuned,hud_mse_dec_tuned,scene_psnr_dec_tuned,scene_mse_dec_tuned,scene_lpips_dec_tuned,copy_psnr_dec_tuned,copy_mse_dec_tuned,copy_lpips_dec_tuned,scene_copy_psnr_dec_tuned,scene_copy_mse_dec_tuned,scene_copy_lpips_dec_tuned,psnr_raw_tuned,mse_raw_tuned,lpips_raw_tuned,hud_psnr_raw_tuned,hud_mse_raw_tuned,scene_psnr_raw_tuned,scene_mse_raw_tuned,scene_lpips_raw_tuned,copy_psnr_raw_tuned,copy_mse_raw_tuned,copy_lpips_raw_tuned,scene_copy_psnr_raw_tuned,scene_copy_mse_raw_tuned,scene_copy_lpips_raw_tuned,vae_psnr_tuned,vae_mse_tuned,vae_lpips_tuned,hud_vae_psnr_tuned,hud_vae_mse_tuned,scene_vae_psnr_tuned,scene_vae_mse_tuned,scene_vae_lpips_tuned
896,6000,2,896,-1,0,24.899314880371094,0.10450715571641922,22.349868774414062,0.1490335464477539,25.36538314819336,22.087753295898438,0.1503606140613556,20.592674255371094,23.384511947631836,0.09459729492664337,17.844083786010742,17.81948471069336,21.288047790527344,0.1090850681066513,100.0,0.2561710774898529,0.5817735195159912,896,928,0.38630834221839905,0,0,0.0032364465296268463,0.0029071124736219645,24.83185577392578,0.0032871130388230085,0.12058837711811066,0.00582120893523097,0.12741629779338837,21.991025924682617,0.006322627887129784,0.14619089663028717,0.006183360703289509,0.016428256407380104,23.36560821533203,0.0046072229743003845,0.16017800569534302,0.008724339306354523,0.14936453104019165,21.199445724487305,0.007586747407913208,0.15837381780147552,0.004587211180478334,0.016521578654646873,25.60485076904297,0.0027511545922607183,0.09482227265834808,0.007433533668518066,0.0,20.666568756103516,0.008577154949307442,0.12741762399673462,26.46663475036621,0.002255986910313368,0.08248211443424225,35.34130096435547,0.0002923277788795531,25.92084503173828,0.002558088628575206,0.09944301843643188,22.971622467041016,0.005044728983193636,0.10559511184692383,22.372751235961914,0.005790620110929012,0.12587694823741913,24.216663360595703,0.0037873340770602226,0.11129350960254669,29.830814361572266,0.0010397256119176745,23.75713539123535,0.004210043232887983,0.1303437054157257,21.83743667602539,0.006550227291882038,0.11606737971305847,21.29833984375,0.007415936794131994,0.13731873035430908,26.88471221923828,0.002048937603831291,0.05664793401956558,30.481781005859375,0.0008949976763688028,26.52383804321289,0.002226466778665781,0.0664474293589592
4194,6000,2,4290,-1,1,24.56377410888672,0.11848520487546921,21.92608642578125,0.1657305806875229,27.761629104614258,21.717702865600586,0.1503133773803711,20.057353973388672,23.212566375732422,0.09676292538642883,18.11856460571289,18.08108901977539,20.859909057617188,0.11433614045381546,36.46255874633789,0.2688525319099426,0.6164367198944092,4290,4322,0.4166839122772217,0,0,0.003496411256492138,0.0016743147280067205,24.228836059570312,0.0037767337635159492,0.13395018875598907,0.006417876575142145,0.1294090896844864,21.53703498840332,0.007019343785941601,0.14773662388324738,0.006733330432325602,0.015422102995216846,22.678802490234375,0.005396596156060696,0.1600205898284912,0.009868809022009373,0.15900184214115143,20.517595291137695,0.008876476436853409,0.17071115970611572,0.004772470332682133,0.015555760823190212,25.067508697509766,0.0031135024037212133,0.09541282057762146,0.008203687146306038,0.00022581062512472272,20.2544002532959,0.009431052021682262,0.13280870020389557,25.779388427734375,0.0026427805423736572,0.09658753126859665,38.335750579833984,0.00014669839583802968,25.19017219543457,0.003026793012395501,0.1128980740904808,22.342105865478516,0.00583162484690547,0.11036404967308044,21.749391555786133,0.006684375461190939,0.1276719570159912,24.022123336791992,0.003960844129323959,0.11386629939079285,32.25354766845703,0.0005951759521849453,23.48853874206543,0.004478639457374811,0.13063772022724152,21.39185333251953,0.007257960736751556,0.1250210851430893,20.827333450317383,0.008265454322099686,0.14418341219425201,27.252288818359375,0.0018826575251296163,0.053566452115774155,32.6640625,0.0005414945771917701,26.800636291503906,0.002088990295305848,0.06132780387997627
4754,6000,2,4850,-1,1,26.227333068847656,0.16535930335521698,25.44060516357422,0.16926784813404083,27.157577514648438,22.840545654296875,0.23416297137737274,22.44348907470703,23.556488037109375,0.11749733984470367,18.007366180419922,17.986417770385742,23.581951141357422,0.19243291020393372,100.0,0.2811148762702942,0.6021305322647095,4850,4882,0.40615496039390564,0,0,0.002383782062679529,0.0019241644768044353,26.100383758544922,0.0024544927291572094,0.1914149820804596,0.002857194049283862,0.17338615655899048,25.27154541015625,0.0029706100467592478,0.20215743780136108,0.005199308507144451,0.015822075307369232,24.479360580444336,0.003565036691725254,0.26518699526786804,0.005697065498679876,0.2236141413450241,23.906513214111328,0.004067699424922466,0.25237300992012024,0.00440911203622818,0.015898574143648148,25.781490325927734,0.002641502534970641,0.12291300296783447,0.004383339546620846,0.0,22.960472106933594,0.005057699047029018,0.23044002056121826,29.179372787475586,0.0012079885927960277,0.13031189143657684,37.537384033203125,0.00017630381626076996,28.643238067626953,0.0013667091261595488,0.15685895085334778,27.513811111450195,0.001772633520886302,0.1569230556488037,26.932323455810547,0.0020265989005565643,0.187770813703537,25.814531326293945,0.002621482126414776,0.1694541573524475,32.207069396972656,0.0006015796680003405,25.32801055908203,0.002932236297056079,0.201858252286911,24.85443878173828,0.0032700644806027412,0.18369990587234497,24.328105926513672,0.0036913855001330376,0.21996182203292847,27.402400970458984,0.0018186949891969562,0.06639062613248825,32.74835205078125,0.0005310859996825457,26.95339584350586,0.0020167885813862085,0.0786958858370781
5063,6001,3,61,-1,1,27.403888702392578,0.2151532769203186,27.365463256835938,0.20478089153766632,25.542747497558594,23.751789093017578,0.318321168422699,23.5568904876709,24.361125946044922,0.14961743354797363,17.726318359375,17.873762130737305,25.82332992553711,0.1620214581489563,100.0,0.26220759749412537,0.7809876203536987,61,93,0.33373379707336426,0,0,0.0018180722836405039,0.002790778176859021,27.776931762695312,0.0016684255097061396,0.26230737566947937,0.001834229682572186,0.17052684724330902,27.239051818847656,0.0018884044839069247,0.20558404922485352,0.00421522930264473,0.016879834234714508,26.445812225341797,0.0022668286692351103,0.36982518434524536,0.004408704582601786,0.2159864902496338,26.010591506958008,0.002505767624825239,0.24487298727035522,0.003663427196443081,0.016316378489136696,27.652755737304688,0.0017168192425742745,0.16397443413734436,0.0026161756832152605,0.0,25.201852798461914,0.0030186644289642572,0.1943887621164322,30.084121704101562,0.0009808166651055217,0.21203258633613586,35.42183303833008,0.00028695687069557607,29.635452270507812,0.0010875642765313387,0.25972604751586914,29.52195167541504,0.0011163619346916676,0.14332011342048645,28.95376968383789,0.0012723986292257905,0.1723317950963974,27.24454689025879,0.0018860168056562543,0.2455672323703766,30.055938720703125,0.0009872028604149818,26.937259674072266,0.002024295972660184,0.29889601469039917,26.854633331298828,0.002063177293166518,0.16245795786380768,26.4541015625,0.002262506866827607,0.1948830783367157,28.91858673095703,0.001282748649828136,0.08334049582481384,30.968637466430664,0.0008000853704288602,28.67418670654297,0.0013570047449320555,0.09995424002408981
7567,6001,3,2725,-1,0,23.390464782714844,0.1586994230747223,23.319190979003906,0.1552162915468216,27.630569458007812,20.984905242919922,0.21848471462726593,20.933027267456055,23.170333862304688,0.10951188206672668,17.992021560668945,18.10988426208496,22.28935432434082,0.1028050035238266,100.0,0.1959967166185379,0.7919331192970276,2725,2757,0.31178581714630127,0,0,0.004580930341035128,0.0017256116261705756,22.992780685424805,0.005020210053771734,0.18409878015518188,0.0046567292883992195,0.11140678077936172,22.83501625061035,0.005205931141972542,0.12773968279361725,0.007970939390361309,0.01587807387113571,21.704097747802734,0.006754457019269466,0.24359366297721863,0.008066723123192787,0.14773932099342346,21.609506607055664,0.006903182715177536,0.15777617692947388,0.004819108173251152,0.015452957712113857,24.971454620361328,0.0031831308733671904,0.11459028720855713,0.005902889650315046,0.0,21.667877197265625,0.006811026483774185,0.11858169734477997,24.26922035217285,0.0037417777348309755,0.1501055657863617,36.55529022216797,0.00022104002709966153,23.682083129882812,0.004283429589122534,0.17593836784362793,24.23467445373535,0.0037716617807745934,0.09009058773517609,23.63502311706543,0.004330098628997803,0.10341216623783112,22.820112228393555,0.005223827436566353,0.17427460849285126,29.092702865600586,0.0012323381379246712,22.337432861328125,0.005837902892380953,0.20523685216903687,22.78655242919922,0.0052643511444330215,0.10659198462963104,22.287635803222656,0.005905227269977331,0.12300460785627365,27.121675491333008,0.0019401367753744125,0.05689474195241928,29.58184814453125,0.0011010708985850215,26.8419246673584,0.002069223904982209,0.06705822050571442
9581,6001,3,4803,-1,2,28.849021911621094,0.07499997317790985,32.863548278808594,0.04884462431073189,29.303871154785156,24.12265968322754,0.11843976378440857,24.830127716064453,24.887184143066406,0.08581767976284027,18.049692153930664,18.023601531982422,34.89642333984375,0.015342301689088345,100.0,0.04224003106355667,1.1563585996627808,4803,4835,0.10877417027950287,0,0,0.001303460798226297,0.0011738514294847846,28.78308868408203,0.0013234007637947798,0.0882556363940239,0.0005171839147806168,0.031989265233278275,33.0356330871582,0.0004970919108018279,0.037846557796001434,0.0038702054880559444,0.015668625012040138,26.871747970581055,0.002055063610896468,0.1248696893453598,0.003288421779870987,0.09052085131406784,28.618701934814453,0.0013744526077061892,0.09169744700193405,0.0032454989850521088,0.015763038769364357,28.795169830322266,0.0013197239022701979,0.08608551323413849,0.00032386017846874893,0.0,34.27494812011719,0.00037368483026511967,0.01926940120756626,31.214942932128906,0.0007559721125289798,0.062088049948215485,38.11676788330078,0.00015428473125211895,30.713279724121094,0.0008485394064337015,0.07398906350135803,38.166622161865234,0.0001525239204056561,0.018480341881513596,37.72827911376953,0.00016872222477104515,0.022370129823684692,27.993009567260742,0.001587446080520749,0.08369764685630798,28.998870849609375,0.0012592527782544494,27.857027053833008,0.0016379373846575618,0.09931130707263947,29.812299728393555,0.001044166856445372,0.04237771034240723,29.92473793029785,0.0010174806229770184,0.05076726898550987,30.021936416625977,0.0009949620580300689,0.043947938829660416,29.15576171875,0.0012145735090598464,30.171974182128906,0.0009611756540834904,0.05284280702471733
9666,6001,3,4888,-1,3,28.865966796875,0.0706363096833229,36.98096466064453,0.03524212911725044,28.67430877685547,24.12593650817871,0.12420876324176788,24.897663116455078,24.92306137084961,0.0883449986577034,18.157365798950195,18.05988311767578,43.66260528564453,0.002907834015786648,100.0,0.014505458064377308,2.429577112197876,4888,4920,0.10098046809434891,0,0,0.0012983843917027116,0.0013569671427831054,28.89621925354004,0.0012893716339021921,0.08132469654083252,0.00020040279196109623,0.015159308910369873,36.65501022338867,0.00021602259948849678,0.018411748111248016,0.003867287654429674,0.015284922905266285,26.75567626953125,0.0021107285283505917,0.12914292514324188,0.0032376786693930626,0.08941398561000824,28.81049156188965,0.0013150760205462575,0.09072315692901611,0.0032187981996685266,0.015631897374987602,28.830303192138672,0.0013090907596051693,0.09003153443336487,4.302685920265503e-05,0.0,43.04112243652344,4.9646372644929215e-05,0.003558522555977106,31.233196258544922,0.0007528013084083796,0.05640675127506256,37.953800201416016,0.00016018431051634252,30.736713409423828,0.0008439731900580227,0.06636354327201843,43.3760986328125,4.5961067371536046e-05,0.0062279971316456795,42.85512924194336,5.1818788051605225e-05,0.007761056534945965,27.850505828857422,0.0016403982881456614,0.08774720877408981,28.945863723754883,0.001274716341868043,27.704059600830078,0.0016966569237411022,0.1039016917347908,29.950546264648438,0.0010114521719515324,0.04915427416563034,30.11168670654297,0.0009746110299602151,0.05864367634057999,29.970508575439453,0.0010068139526993036,0.048564136028289795,29.01531410217285,0.0012544936034828424,30.138063430786133,0.0009687094134278595,0.05845075845718384
10346,6002,4,626,-1,2,26.19723129272461,0.20616573095321655,22.758384704589844,0.18741120398044586,23.796009063720703,23.48539161682129,0.28066450357437134,21.38128662109375,25.123117446899414,0.09585873037576675,17.5693359375,17.558910369873047,22.901823043823242,0.2586575448513031,100.0,0.2992080748081207,0.6263574361801147,626,658,0.367535799741745,0,0,0.002400363329797983,0.004172525834292173,26.720849990844727,0.0021277230698615313,0.2409282624721527,0.005298607051372528,0.2614136040210724,22.664043426513672,0.005414966493844986,0.31580469012260437,0.004481886979192495,0.017501141875982285,26.0573673248291,0.002478924812749028,0.3171203136444092,0.007275640033185482,0.2880120575428009,22.41815185546875,0.005730400327593088,0.33734631538391113,0.0030738890636712313,0.017543209716677666,30.716861724853516,0.0008478400413878262,0.09483378380537033,0.005126461386680603,0.0,22.280345916748047,0.0059151481837034225,0.31942370533943176,27.739879608154297,0.0016827208455651999,0.20293974876403809,33.370723724365234,0.0004601801047101617,27.27971839904785,0.0018708041170611978,0.24481169879436493,23.42955780029297,0.004539879504591227,0.24222391843795776,22.85735321044922,0.005179224535822868,0.30009493231773376,26.66116714477539,0.0021571654360741377,0.23014779388904572,29.164955139160156,0.0012120053870603442,26.37786102294922,0.0023025749251246452,0.2783238887786865,23.01399040222168,0.004995754454284906,0.25363409519195557,22.513744354248047,0.005605642683804035,0.31513267755508423,31.452896118164062,0.0007156659848988056,0.053645677864551544,29.543331146240234,0.0011108794715255499,31.838491439819336,0.0006548639503307641,0.06432969123125076
11741,6002,4,2021,-1,1,26.252113342285156,0.1578586995601654,22.310409545898438,0.18232126533985138,24.963014602661133,23.165626525878906,0.2010360062122345,20.85646629333496,24.56927490234375,0.0906907394528389,17.288820266723633,17.34893035888672,22.21709442138672,0.2625179886817932,100.0,0.33252307772636414,0.5482965707778931,2021,2053,0.3939698338508606,0,0,0.0023702203761786222,0.0031893248669803143,26.489376068115234,0.0022442045155912638,0.1821320354938507,0.005874339025467634,0.27888190746307373,22.094635009765625,0.006173573434352875,0.327038049697876,0.004824334755539894,0.018668871372938156,25.695369720458984,0.002694406546652317,0.22011354565620422,0.008210193365812302,0.29694420099258423,21.798751831054688,0.006608834955841303,0.3406485915184021,0.003491985145956278,0.018412260338664055,29.220664978027344,0.0011965581215918064,0.08750227093696594,0.006001926027238369,0.0,21.595613479614258,0.006925300229340792,0.3186849057674408,28.036243438720703,0.0015717215137556195,0.14588551223278046,34.268035888671875,0.0003742797998711467,27.554895401000977,0.0017559434054419398,0.1760231852531433,23.0740909576416,0.004927095957100391,0.2507549822330475,22.48070526123047,0.005648452788591385,0.3091663718223572,26.42218780517578,0.0022791943047195673,0.1624888777732849,27.742979049682617,0.0016815206035971642,26.25041961669922,0.002371144015341997,0.19416649639606476,22.487869262695312,0.005639140959829092,0.2614189684391022,22.043163299560547,0.006247174460440874,0.31779587268829346,30.050067901611328,0.0009885374456644058,0.04890405386686325,27.695045471191406,0.0017001818632707,30.559846878051758,0.0008790536667220294,0.058903131633996964
12008,6002,4,2288,-1,0,25.029361724853516,0.12511983513832092,22.641883850097656,0.19915352761745453,24.8536376953125,22.6347713470459,0.16522368788719177,21.00276756286621,24.80887222290039,0.08513204008340836,17.387557983398438,17.380535125732422,22.35734748840332,0.24671626091003418,100.0,0.3359488546848297,0.5928090810775757,2288,2320,0.3787443935871124,0,0,0.003140972228720784,0.003270667977631092,25.057037353515625,0.003121019108220935,0.14407740533351898,0.005442666821181774,0.25215548276901245,22.32681655883789,0.005852187983691692,0.29632070660591125,0.005451588425785303,0.01824921742081642,24.580810546875,0.003482722444459796,0.18759609758853912,0.007938222028315067,0.27119937539100647,21.99392318725586,0.006318411789834499,0.31305956840515137,0.0033045539166778326,0.018278753384947777,29.99639320373535,0.001000831020064652,0.08702653646469116,0.0058111934922635555,0.0,21.735868453979492,0.0067052231170237064,0.2972651422023773,26.07210922241211,0.002470525214448571,0.11504782736301422,33.359954833984375,0.00046132257557474077,25.56012725830078,0.0027796330396085978,0.13741415739059448,23.09767723083496,0.004900409374386072,0.23491501808166504,22.50119972229004,0.00562185887247324,0.2806394398212433,25.191057205200195,0.0030261774081736803,0.1376189887523651,28.182430267333984,0.001519697019830346,24.87056541442871,0.003257943782955408,0.16766759753227234,22.562082290649414,0.005543600767850876,0.2452327460050583,22.0863037109375,0.006185424979776144,0.29634180665016174,30.914222717285156,0.0008101729908958077,0.04030225798487663,28.690528869628906,0.001351908198557794,31.385677337646484,0.0007268291665241122,0.048621468245983124
12722,6002,4,3002,-1,2,24.21673583984375,0.15214937925338745,24.707443237304688,0.17812199890613556,25.11664581298828,21.475364685058594,0.1923275589942932,21.677457809448242,23.09756851196289,0.10334628075361252,17.572359085083008,17.54315948486328,23.762165069580078,0.066656693816185,36.46255874633789,0.1602027863264084,1.1118533611297607,3002,3034,0.44433701038360596,0,0,0.0037872714456170797,0.003078474197536707,24.093456268310547,0.0038963172119110823,0.17643016576766968,0.003382639493793249,0.09348452091217041,24.726627349853516,0.0033677297178655863,0.10585199296474457,0.0071197329089045525,0.01748896948993206,22.57709503173828,0.005524466745555401,0.20939305424690247,0.006796012632548809,0.13157525658607483,22.96432876586914,0.005053207278251648,0.13653406500816345,0.004900533705949783,0.0176069475710392,25.30811309814453,0.002945701126009226,0.10333256423473358,0.004205171950161457,0.00022581062512472272,23.171890258789062,0.004817381501197815,0.07751037925481796,25.28780746459961,0.0029595077503472567,0.1314462125301361,32.840824127197266,0.000519897264894098,24.76926040649414,0.0033348323777318,0.15600527822971344,26.0495662689209,0.0024833811912685633,0.07066702842712402,25.528165817260742,0.002800162648782134,0.08340713381767273,23.393634796142578,0.004577586427330971,0.15229254961013794,26.867258071899414,0.0020571891218423843,23.040512084960938,0.004965339787304401,0.18007513880729675,23.833467483520508,0.004136691801249981,0.0907963365316391,23.495866775512695,0.004471088293939829,0.1051984652876854,26.586158752441406,0.0021947461646050215,0.06498977541923523,27.26283836364746,0.0018780898535624146,26.490812301635742,0.002243462484329939,0.07602722197771072
17163,6003,5,2370,-1,2,25.582712173461914,0.17390023171901703,20.568653106689453,0.19484896957874298,25.73492431640625,22.55711555480957,0.23974111676216125,19.278656005859375,23.86031150817871,0.11851191520690918,17.594812393188477,17.688692092895508,20.005970001220703,0.28587788343429565,100.0,0.34470245242118835,0.5652671456336975,2370,2402,0.45692503452301025,0,0,0.002765215467661619,0.0026699770241975784,25.55975914001465,0.002779867732897401,0.20636960864067078,0.008772735483944416,0.2920871376991272,20.09699058532715,0.009779148735105991,0.3342050313949585,0.005549942143261433,0.017398780211806297,24.28635597229004,0.0037270442117005587,0.26740968227386475,0.011806863360106945,0.327360063791275,19.606868743896484,0.010947455652058125,0.3615892231464386,0.004111203830689192,0.017026714980602264,26.72804069519043,0.002124201972037554,0.12153065204620361,0.009986263699829578,0.0,19.384490966796875,0.01152261346578598,0.33041080832481384,27.273597717285156,0.0018734425539150834,0.1542411595582962,32.81126403808594,0.0005234479322098196,26.816999435424805,0.0020811338908970356,0.18632949888706207,20.923545837402344,0.008084357716143131,0.2713624835014343,20.31778335571289,0.009294407442212105,0.3145589232444763,24.98193359375,0.0031754611991345882,0.19024258852005005,26.44954490661621,0.002264882205054164,24.794445037841797,0.0033155500423163176,0.22688336670398712,20.243011474609375,0.009455815888941288,0.2876901924610138,19.738752365112305,0.010620007291436195,0.3317590653896332,27.66563606262207,0.0017117351526394486,0.07456007599830627,27.123031616210938,0.0019395316485315561,27.755474090576172,0.0016766893677413464,0.08584978431463242
18967,6003,5,4238,-1,0,25.150352478027344,0.14240853488445282,21.957435607910156,0.25078627467155457,25.363452911376953,22.282398223876953,0.19851072132587433,20.340038299560547,24.321897506713867,0.10132163763046265,17.594120025634766,17.70844268798828,21.166095733642578,0.2687741816043854,100.0,0.3912453353404999,0.6409949064254761,4238,4270,0.39988669753074646,0,0,0.003054674481973052,0.0029084058478474617,25.11847496032715,0.0030771775636821985,0.1640366017818451,0.006371716968715191,0.2664062976837158,21.486404418945312,0.007101656869053841,0.3086761236190796,0.005912352818995714,0.01740155555307865,23.824981689453125,0.00414478313177824,0.21695910394191742,0.009246902540326118,0.3012687563896179,20.93740463256836,0.008058601059019566,0.3357849419116974,0.003696666331961751,0.01694945991039276,27.804744720458984,0.001657775486819446,0.09769576787948608,0.007645231205970049,0.0,20.544614791870117,0.00882142037153244,0.3149625360965729,25.884479522705078,0.0025795979890972376,0.11938690394163132,36.575279235839844,0.00022002508922014385,25.31267547607422,0.002942609367892146,0.14128798246383667,22.1986083984375,0.006027529016137123,0.2448578029870987,21.58855438232422,0.00693656736984849,0.287672221660614,24.50840950012207,0.00354127143509686,0.14815251529216766,29.9123477935791,0.0010203882120549679,24.05706787109375,0.003929099999368191,0.17404630780220032,21.582910537719727,0.006945586763322353,0.2665631175041199,21.034452438354492,0.007880515418946743,0.3120708167552948,28.75187873840332,0.0013329448411241174,0.05803970992565155,30.741540908813477,0.0008430355810560286,28.513002395629883,0.001408315496519208,0.0673770010471344
21234,6004,2,1471,-1,3,28.762737274169922,0.08730341494083405,25.58648109436035,0.12976841628551483,27.5516414642334,24.2391414642334,0.1278156042098999,22.906147003173828,24.862497329711914,0.08854418992996216,17.90814208984375,18.02066421508789,25.046913146972656,0.15762251615524292,100.0,0.2794574201107025,0.46435844898223877,1471,1503,0.37656480073928833,0,0,0.0013296165270730853,0.0017572593642398715,28.983131408691406,0.0012638253392651677,0.10233727097511292,0.0027628156822174788,0.15922383964061737,25.350942611694336,0.002916793804615736,0.1913461685180664,0.003767784684896469,0.016187720000743866,27.31182098388672,0.001857025665231049,0.1363692432641983,0.005121361464262009,0.1794736087322235,24.529434204101562,0.003524170024320483,0.20122858881950378,0.0032640032004565,0.015773702412843704,28.730789184570312,0.0013394338311627507,0.08990348875522614,0.0031283018179237843,0.0,24.425434112548828,0.003609578823670745,0.190962553024292,31.721290588378906,0.0006727766012772918,0.06928244978189468,36.97740173339844,0.00020056722860317677,31.27596664428711,0.0007454241858795285,0.08379925042390823,26.7198486328125,0.0021282134111970663,0.1450946182012558,26.150419235229492,0.002426375402137637,0.17599765956401825,28.559101104736328,0.0013934451853856444,0.09241045266389847,31.046405792236328,0.0007858859025873244,28.277137756347656,0.0014869158621877432,0.11188120394945145,25.407609939575195,0.002878981875255704,0.15999391674995422,24.946941375732422,0.003201148472726345,0.19349265098571777,30.2501277923584,0.0009440332069061697,0.047078803181648254,31.623851776123047,0.0006880419095978141,30.07262420654297,0.0009834165684878826,0.05671553686261177
22851,6004,2,3088,-1,0,26.51917266845703,0.20456528663635254,24.367712020874023,0.16726309061050415,24.199512481689453,23.808137893676758,0.24617674946784973,22.448070526123047,25.45366668701172,0.08665938675403595,17.803098678588867,17.759645462036133,24.174156188964844,0.2682357728481293,100.0,0.31839480996131897,0.5253323316574097,3088,3120,0.39901426434516907,0,0,0.0022288598120212555,0.003802321618422866,27.01848602294922,0.0019867888186126947,0.2429906278848648,0.0036578753497451544,0.2734488844871521,24.296478271484375,0.0037183668464422226,0.3281342387199402,0.004160888493061066,0.016584035009145737,26.478879928588867,0.0022496352903544903,0.286359041929245,0.005691058002412319,0.29247617721557617,23.912700653076172,0.004061905201524496,0.33781489729881287,0.0028486130759119987,0.016750795766711235,31.488544464111328,0.000709815532900393,0.09127047657966614,0.0038245851173996925,0.0,23.552677154541016,0.004412982612848282,0.324964314699173,27.943227767944336,0.0016057485481724143,0.18936122953891754,34.54253005981445,0.00035135590587742627,27.450336456298828,0.0017987322062253952,0.23055878281593323,24.91436195373535,0.0032252524979412556,0.2597021460533142,24.328380584716797,0.0036911547649651766,0.31531262397766113,27.112377166748047,0.0019442951306700706,0.2027471363544464,29.99366569519043,0.001001459895633161,26.799896240234375,0.0020893465261906385,0.24899573624134064,24.426513671875,0.0036086831241846085,0.2607470452785492,23.945659637451172,0.004031198099255562,0.31595295667648315,32.444908142089844,0.0005695202853530645,0.04760938137769699,30.42365074157715,0.000907057779841125,32.860130310058594,0.0005175914266146719,0.05937639996409416
23068,6004,2,3305,-1,1,25.36178207397461,0.13336816430091858,22.81123924255371,0.1672336757183075,25.578811645507812,22.658462524414062,0.17329120635986328,21.09722328186035,24.00739288330078,0.09862329810857773,17.778833389282227,17.759872436523438,22.185199737548828,0.1277378350496292,100.0,0.2813241481781006,0.594451904296875,3305,3337,0.38902878761291504,0,0,0.002909525064751506,0.002767699072137475,25.32933235168457,0.002931344322860241,0.15207317471504211,0.0052345129661262035,0.13096854090690613,22.485580444335938,0.0056421165354549885,0.14825887978076935,0.005421928130090237,0.016676954925060272,24.329282760620117,0.003690385725349188,0.19284507632255554,0.007767433766275644,0.1661989986896515,21.902137756347656,0.006453368347138166,0.17795194685459137,0.003974302671849728,0.016749925911426544,26.9705867767334,0.002008821815252304,0.10146982222795486,0.00604616804048419,0.0,21.563718795776367,0.006976347882300615,0.14971470832824707,27.387168884277344,0.0018250851426273584,0.10889871418476105,36.34992980957031,0.00023174316447693855,26.839845657348633,0.0020702148322016,0.12938262522220612,23.751422882080078,0.0042155832052230835,0.10683255642652512,23.153987884521484,0.004837282467633486,0.12835335731506348,25.37369728088379,0.0029015515465289354,0.13365589082241058,29.86731719970703,0.0010310231009498239,24.9630126953125,0.003189325099810958,0.15976855158805847,22.68214225769043,0.005392447113990784,0.13701863586902618,22.152450561523438,0.006091930903494358,0.16112294793128967,28.330747604370117,0.0014686734648421407,0.06448858976364136,30.547285079956055,0.0008816003100946546,28.07155990600586,0.0015589925460517406,0.07797855138778687
25613,6005,3,990,-1,2,24.269601821899414,0.11704500019550323,23.658933639526367,0.13186323642730713,27.268430709838867,21.795103073120117,0.1496218889951706,21.32958984375,23.708568572998047,0.08684607595205307,17.955957412719727,17.916791915893555,22.847484588623047,0.07056475430727005,100.0,0.1659371703863144,0.7946575880050659,990,1022,0.37364912033081055,0,0,0.003741447813808918,0.0018756724894046783,23.948577880859375,0.004028490278869867,0.13455750048160553,0.004306325688958168,0.09024675190448761,23.23558807373047,0.004747240338474512,0.10329531878232956,0.006614386569708586,0.016010476276278496,22.86607551574707,0.005168834701180458,0.15711179375648499,0.007362768519669771,0.12771299481391907,22.212146759033203,0.006008765194565058,0.13029156625270844,0.00425738887861371,0.016155514866113663,26.14946746826172,0.002426908118650317,0.0830380767583847,0.0051910062320530415,0.0,22.22600555419922,0.005989622790366411,0.08433131873607635,25.426130294799805,0.0028667307924479246,0.0942850336432457,37.85711669921875,0.0001637904642848298,24.837865829467773,0.003282567486166954,0.11123327910900116,24.58267593383789,0.0034812281373888254,0.06714580953121185,23.974533081054688,0.004004487302154303,0.0791076198220253,23.958433151245117,0.0040193586610257626,0.11130925267934799,29.432666778564453,0.0011395502369850874,23.504310607910156,0.004462406039237976,0.13116516172885895,23.24646759033203,0.0047353641130030155,0.08721736073493958,22.76165771484375,0.005294615402817726,0.10194583982229233,28.17510986328125,0.001522260601632297,0.04834473878145218,29.47113800048828,0.0011295001022517681,28.006057739257812,0.001582685043103993,0.058667007833719254
25894,6005,3,1303,-1,1,24.503087997436523,0.14461717009544373,25.34665870666504,0.21911095082759857,24.529510498046875,22.05275535583496,0.18485400080680847,22.42302703857422,23.999174118041992,0.09861499071121216,17.756948471069336,17.95615005493164,23.67854118347168,0.09262605011463165,30.059289932250977,0.2172059565782547,1.00877046585083,1303,1335,0.35552796721458435,0,0,0.0035456118639558554,0.0035241078585386276,24.49903678894043,0.0035489199217408895,0.1636318564414978,0.002919673454016447,0.09771063923835754,25.293270111083984,0.002955786418169737,0.1106337308883667,0.006233391351997852,0.016761206090450287,23.359479904174805,0.004613728728145361,0.20018760859966278,0.005723970476537943,0.13322852551937103,23.992624282836914,0.003987839911133051,0.1383490264415741,0.00398182962089777,0.01600976474583149,26.713394165039062,0.002131378510966897,0.099674753844738,0.004286924377083778,0.000986440689302981,23.19239616394043,0.004794691223651171,0.10653761029243469,26.035547256469727,0.002491411054506898,0.12822894752025604,29.698545455932617,0.0010718783596530557,25.670625686645508,0.0027098008431494236,0.14881965517997742,26.85635757446289,0.002062359591946006,0.07955294102430344,26.516416549682617,0.0022302751895040274,0.09116387367248535,24.327280044555664,0.0036920886486768723,0.14197781682014465,27.45246696472168,0.001797849196009338,23.99734115600586,0.0039835101924836636,0.16551433503627777,24.73598289489746,0.003360484493896365,0.09333866834640503,24.416736602783203,0.00361681473441422,0.1090814620256424,28.336641311645508,0.001466682180762291,0.0489506796002388,30.749584197998047,0.0008414756739512086,28.06077766418457,0.0015628677792847157,0.05710214376449585
28068,6005,3,3605,-1,2,23.25050163269043,0.12387426942586899,19.066936492919922,0.18767611682415009,28.013513565063477,20.978477478027344,0.16751384735107422,18.000091552734375,23.245044708251953,0.07994206994771957,18.041217803955078,18.155349731445312,18.47831916809082,0.19642166793346405,33.61024475097656,0.3312492072582245,0.5665707588195801,3605,3637,0.25122153759002686,0,0,0.004730966407805681,0.001579969422891736,22.82684326171875,0.005215735640376806,0.14440329372882843,0.01239671092480421,0.19917334616184235,18.555055618286133,0.013947438448667526,0.23244094848632812,0.007982744835317135,0.015699228271842003,21.677724838256836,0.006795594003051519,0.18125180900096893,0.01584859937429428,0.2291029691696167,17.98984146118164,0.01588604599237442,0.25153204798698425,0.004736917559057474,0.015292024239897728,25.068132400512695,0.003113055368885398,0.07647018879652023,0.014196065254509449,0.000435487600043416,17.8746395111084,0.01631307788193226,0.23083552718162537,23.902490615844727,0.004071467090398073,0.10693023353815079,38.286842346191406,0.00014835959882475436,23.30216407775879,0.004675022326409817,0.1289939433336258,19.160037994384766,0.012133781798183918,0.18680118024349213,18.56270408630371,0.013922897167503834,0.22181372344493866,22.788698196411133,0.0052617499604821205,0.12800629436969757,31.967679977416992,0.0006356703815981746,22.237743377685547,0.005973454099148512,0.15289261937141418,18.718868255615234,0.01343114860355854,0.20101094245910645,18.13938331604004,0.015348349697887897,0.23585690557956696,27.742633819580078,0.0016816542483866215,0.0391399972140789,32.777103424072266,0.0005275819567032158,27.306730270385742,0.0018592039123177528,0.04576970636844635
28245,6005,3,3782,-1,3,26.66080665588379,0.07866878807544708,23.875396728515625,0.0761498510837555,28.710704803466797,22.544553756713867,0.1263948529958725,21.296422958374023,23.13803482055664,0.0835537314414978,17.865060806274414,18.019094467163086,22.828311920166016,0.08627421408891678,100.0,0.19099923968315125,0.39869189262390137,3782,3814,0.2570691406726837,0,0,0.002157344250008464,0.0013456424931064248,26.416419982910156,0.002282221568748355,0.09123429656028748,0.004096949007362127,0.09770818054676056,23.358932495117188,0.00461431173607707,0.11517921090126038,0.005566021893173456,0.016349103301763535,24.081470489501953,0.003907086327672005,0.1337658017873764,0.007419212255626917,0.1307663470506668,22.11330223083496,0.006147095002233982,0.138240247964859,0.004855082370340824,0.0157794002443552,24.983360290527344,0.003174418117851019,0.08076302707195282,0.005213974975049496,0.0,22.206832885742188,0.006016124505549669,0.10507266968488693,29.64982795715332,0.0010839697206392884,0.05980007350444794,39.379268646240234,0.00011536478268681094,29.09041976928711,0.0012329857563599944,0.07253861427307129,24.958179473876953,0.0031928778626024723,0.07438799738883972,24.345245361328125,0.0036768470890820026,0.08924156427383423,26.203563690185547,0.0023968657478690147,0.08255234360694885,32.00988006591797,0.0006295234779827297,25.736900329589844,0.0026687646750360727,0.09910300374031067,23.461267471313477,0.0045068529434502125,0.0866832509636879,22.915142059326172,0.005110763479024172,0.10525196045637131,27.607460021972656,0.001734818215481937,0.03732621669769287,32.40481948852539,0.0005748018156737089,27.182209014892578,0.001913282205350697,0.045614901930093765
30237,6006,4,935,-1,3,27.308351516723633,0.08739708364009857,24.662574768066406,0.11828658729791641,25.827178955078125,23.863218307495117,0.11055342108011246,22.56182861328125,25.38181495666504,0.050363339483737946,17.373374938964844,17.459545135498047,24.876937866210938,0.1573060303926468,100.0,0.24210630357265472,0.4885729253292084,935,967,0.3348850905895233,0,0,0.0018585101934149861,0.002613859251141548,27.58876609802246,0.0017423026729375124,0.10605716705322266,0.003417767584323883,0.1593102216720581,24.607357025146484,0.003461499698460102,0.18852800130844116,0.00410845223814249,0.018308918923139572,27.158479690551758,0.0019237656379118562,0.11934458464384079,0.005543923005461693,0.18182766437530518,24.395877838134766,0.0036342276725918055,0.19826509058475494,0.0028961331117898226,0.017949217930436134,32.363670349121094,0.000580273917876184,0.041619785130023956,0.0032531663309782743,0.0,24.25545883178711,0.0037536530289798975,0.18921810388565063,28.692399978637695,0.001351325772702694,0.07914171367883682,34.506553649902344,0.0003542783379089087,28.22545051574707,0.0015047177439555526,0.09824226796627045,25.49901580810547,0.002819022163748741,0.15390488505363464,24.923107147216797,0.003218764904886484,0.18482232093811035,27.70200538635254,0.0016974607715383172,0.08312541246414185,28.785160064697266,0.0013227692106738687,27.556968688964844,0.0017551055643707514,0.10374747216701508,24.95077896118164,0.0031983216758817434,0.1578068882226944,24.531042098999023,0.0035228647757321596,0.18981459736824036,32.981632232666016,0.0005033115739934146,0.021469514816999435,29.534317016601562,0.001113187987357378,33.87762451171875,0.00040948446257971227,0.027017291635274887
30604,6006,4,1302,-1,2,26.342336654663086,0.09898584336042404,25.48282814025879,0.18564222753047943,25.148561477661133,23.09718132019043,0.11667615175247192,22.621755599975586,24.361587524414062,0.06206457316875458,17.36677360534668,17.539865493774414,24.6265869140625,0.07627274841070175,100.0,0.21204864978790283,0.875469982624054,1302,1334,0.35723674297332764,0,0,0.0023214875254780054,0.0030559347942471504,26.559036254882812,0.002208495745435357,0.1199156865477562,0.0028295491356402636,0.08423810452222824,25.409257888793945,0.002877891529351473,0.0981220155954361,0.004900969099253416,0.018336761742830276,25.476116180419922,0.0028339242562651634,0.12539592385292053,0.00546795129776001,0.10111134499311447,24.52155876159668,0.003530564485117793,0.10642769932746887,0.0036630360409617424,0.017620308324694633,28.19368553161621,0.0015157632296904922,0.058768387883901596,0.003446208080276847,0.0,24.005107879638672,0.003976393956691027,0.09512411057949066,28.178813934326172,0.0015209635021165013,0.089287668466568,33.62992858886719,0.000433518027421087,27.72559928894043,0.001688262796960771,0.1145295798778534,26.816083908081055,0.002081572776660323,0.06531786173582077,26.237028121948242,0.002378467470407486,0.07932713627815247,26.225872039794922,0.0023845850955694914,0.0999760776758194,28.145160675048828,0.0015327949076890945,25.9935359954834,0.002515629632398486,0.12286718189716339,25.27161407470703,0.002970562083646655,0.08029761910438538,24.905208587646484,0.0032320579048246145,0.0987943485379219,29.17778778076172,0.0012084299232810736,0.03519102558493614,29.03622817993164,0.0012484673643484712,29.199979782104492,0.0012022702721878886,0.04710754007101059
31088,6006,4,1786,-1,2,23.317550659179688,0.15804064273834229,18.56197738647461,0.19842584431171417,25.16242790222168,21.492097854614258,0.18203526735305786,17.84343910217285,24.62325096130371,0.08051921427249908,17.348690032958984,17.476627349853516,18.362159729003906,0.28491753339767456,100.0,0.3946760892868042,0.5027561783790588,1786,1818,0.4391445815563202,0,0,0.004658487159758806,0.0030461924616247416,23.092252731323242,0.004906532820314169,0.18806783854961395,0.013925230130553246,0.29397469758987427,18.050453186035156,0.015665872022509575,0.3501097559928894,0.007092352956533432,0.018413273617625237,22.71591567993164,0.005350672639906406,0.2025836706161499,0.016430702060461044,0.312607079744339,17.90960121154785,0.01618228666484356,0.3624877333641052,0.003448854899033904,0.017878752201795578,29.104938507080078,0.001228870707564056,0.08132557570934296,0.01458088681101799,0.0,17.740680694580078,0.01682410016655922,0.3469890356063843,24.181432723999023,0.0038181846030056477,0.14883370697498322,35.19770050048828,0.0003021553857252002,23.60601806640625,0.004359112586826086,0.18015597760677338,18.82127571105957,0.013118148781359196,0.269783079624176,18.21160316467285,0.015095229260623455,0.32741570472717285,23.465211868286133,0.004502760712057352,0.1634400635957718,28.326007843017578,0.0014702777843922377,23.037050247192383,0.0049692969769239426,0.19812007248401642,18.534494400024414,0.014013629406690598,0.2804054915904999,17.973134994506836,0.01594727858901024,0.34033137559890747,30.292041778564453,0.000934966083150357,0.043635930866003036,28.681154251098633,0.0013548295246437192,30.60295295715332,0.0008703717612661421,0.052075620740652084
34752,6007,5,306,-1,2,24.233562469482422,0.15390439331531525,22.33047103881836,0.18104708194732666,26.35226821899414,21.632747650146484,0.17856431007385254,20.586498260498047,23.430408477783203,0.08528818190097809,17.329919815063477,17.406009674072266,21.563053131103516,0.20609599351882935,100.0,0.31167086958885193,0.5808919072151184,306,338,0.3691905438899994,0,0,0.0037726254668086767,0.002316184574738145,23.98299217224121,0.003996693063527346,0.17499518394470215,0.0058472673408687115,0.2196013182401657,21.96721076965332,0.006357393693178892,0.254457026720047,0.006866341456770897,0.018493030220270157,22.94339942932129,0.0050776200369000435,0.1952492743730545,0.008736755698919296,0.24325613677501678,21.27178382873535,0.007461423519998789,0.2713054120540619,0.004538988694548607,0.018171848729252815,26.12320899963379,0.00244162674061954,0.08074826747179031,0.0069774179719388485,0.0,20.941574096679688,0.008050866425037384,0.24224480986595154,25.88387680053711,0.0025799560826271772,0.13430239260196686,36.00223922729492,0.0002510593621991575,25.319116592407227,0.002938247984275222,0.15878406167030334,23.276729583740234,0.0047024814411997795,0.20458167791366577,22.675302505493164,0.005400944035500288,0.24083246290683746,24.041683197021484,0.003943044226616621,0.1440788209438324,30.623336791992188,0.0008662965265102684,23.549325942993164,0.004416390787810087,0.17022819817066193,22.097213745117188,0.0061699096113443375,0.2131233960390091,21.541221618652344,0.007012583315372467,0.25077906250953674,27.59432029724121,0.0017400749493390322,0.04004009813070297,31.52622413635254,0.0007036837632767856,27.213563919067383,0.0018995197024196386,0.046907585114240646
34758,6007,5,312,-1,0,25.59362030029297,0.09500458836555481,22.63064193725586,0.15405836701393127,27.739852905273438,22.00637435913086,0.1367414891719818,20.5594482421875,23.281858444213867,0.09406093508005142,17.2995662689209,17.41327667236328,21.398324966430664,0.10872683674097061,35.63117980957031,0.28007981181144714,0.5500516891479492,312,344,0.35814952850341797,0,0,0.002758278977125883,0.0016827306244522333,25.34060287475586,0.00292374799028039,0.10968083143234253,0.0054567730985581875,0.12528181076049805,22.173908233642578,0.006061907391995192,0.14373843371868134,0.006300321780145168,0.018622733652591705,23.560970306396484,0.004404566250741482,0.1450411081314087,0.008791336789727211,0.15412560105323792,21.29815101623535,0.007416261825710535,0.16306254267692566,0.004696930758655071,0.018141470849514008,25.802852630615234,0.0026285401545464993,0.09152783453464508,0.007247153669595718,0.0002734525769483298,20.798749923706055,0.008320030756294727,0.12737414240837097,27.436737060546875,0.001804372644983232,0.07852201163768768,36.99919891357422,0.00019956294272560626,26.879779815673828,0.002051266375929117,0.0927320122718811,23.545028686523438,0.004420763347297907,0.10229333490133286,22.940671920776367,0.005080810282379389,0.1213594600558281,24.647876739501953,0.0034293532371520996,0.09678862243890762,31.102907180786133,0.0007757277926430106,24.159400939941406,0.0038376033771783113,0.11624795943498611,22.18410301208496,0.0060476926155388355,0.1164998859167099,21.635040283203125,0.006862716283649206,0.13831785321235657,27.045867919921875,0.001974301179870963,0.04908596724271774,31.55388641357422,0.0006992162670940161,26.63446617126465,0.0021704682148993015,0.05865669995546341
35227,6007,5,781,-1,1,23.69605827331543,0.14209935069084167,20.50873565673828,0.20123076438903809,25.4151554107666,21.504852294921875,0.1953422874212265,19.307941436767578,23.82883071899414,0.1070198342204094,17.459012985229492,17.5616397857666,20.10062026977539,0.21225735545158386,100.0,0.3480769395828247,0.5781214833259583,781,813,0.4058144688606262,0,0,0.004269669763743877,0.002873985329642892,23.482967376708984,0.004484390839934349,0.16137978434562683,0.00889460276812315,0.21048873662948608,20.014188766479492,0.009967383928596973,0.2557023763656616,0.007071550469845533,0.01795141212642193,22.677894592285156,0.005397725384682417,0.2119072675704956,0.011727509088814259,0.25483667850494385,19.64706039428711,0.010846605524420738,0.29509517550468445,0.004141112323850393,0.017532186582684517,26.8173885345459,0.002080947160720825,0.10932250320911407,0.009770979173481464,0.0,19.47913932800293,0.011274207383394241,0.26162463426589966,24.78433609008789,0.0033232758287340403,0.12020021677017212,34.27653503417969,0.0003735482750926167,24.228439331054688,0.00377708044834435,0.14678731560707092,20.961994171142578,0.008013098500669003,0.1935119777917862,20.352859497070312,0.009219642728567123,0.2415333092212677,23.55760955810547,0.004407974425703287,0.15119796991348267,28.355335235595703,0.001460381899960339,23.132341384887695,0.0048614502884447575,0.17872723937034607,20.372865676879883,0.009177269414067268,0.21954824030399323,19.827314376831055,0.010405633598566055,0.26874661445617676,28.091960906982422,0.001551687135361135,0.06782317161560059,29.33403205871582,0.001165727386251092,27.928869247436523,0.001611065468750894,0.08070872724056244
48895,6010,4,295,-1,3,23.975055694580078,0.17358539998531342,20.99517822265625,0.22293825447559357,24.963998794555664,22.161741256713867,0.19934237003326416,19.978593826293945,25.512601852416992,0.08667801320552826,17.964702606201172,18.096925735473633,20.82109832763672,0.23140521347522736,34.79906463623047,0.4022301733493805,0.5542554259300232,295,327,0.4685429036617279,0,0,0.004004002548754215,0.0031886014621704817,23.84107780456543,0.004129448905587196,0.20230436325073242,0.007952109910547733,0.23776710033416748,20.627151489257812,0.00865535531193018,0.2802119553089142,0.006078914273530245,0.015978269279003143,23.414222717285156,0.004555936902761459,0.2230052351951599,0.010049411095678806,0.26700568199157715,20.40035629272461,0.009119359776377678,0.3045208752155304,0.00281021767295897,0.015499131754040718,30.664737701416016,0.0008580771973356605,0.08717148005962372,0.00827732589095831,0.0003312027838546783,20.22285270690918,0.00949980691075325,0.27492010593414307,24.63745880126953,0.003437591250985861,0.15882936120033264,34.82607650756836,0.00032914907205849886,24.071781158447266,0.003915812820196152,0.19011478126049042,21.270462036132812,0.007463696878403425,0.2172470986843109,20.676921844482422,0.008556729182600975,0.2603602707386017,24.141098022460938,0.00385381025262177,0.16976971924304962,29.838462829589844,0.0010378959123045206,23.678438186645508,0.004287027753889561,0.2037254273891449,21.02355194091797,0.007900319993495941,0.23148325085639954,20.473711013793945,0.00896662101149559,0.2765171527862549,31.78299331665039,0.0006632859585806727,0.04075765982270241,31.177772521972656,0.0007624700665473938,31.884071350097656,0.0006480267620645463,0.05003060773015022
52833,6010,4,4233,-1,1,19.863929748535156,0.25984349846839905,13.862325668334961,0.20800505578517914,22.715452194213867,18.831378936767578,0.2813902199268341,13.559038162231445,24.184185028076172,0.0741385966539383,16.955183029174805,17.041566848754883,13.733020782470703,0.3541286587715149,100.0,0.4785524308681488,0.43465468287467957,4233,4265,0.4635983407497406,0,0,0.0103182727470994,0.005351245868951082,19.55364990234375,0.011082432232797146,0.2920423150062561,0.04109296202659607,0.36087387800216675,13.293656349182129,0.04684189334511757,0.4141579270362854,0.013087669387459755,0.020159592851996422,19.208303451538086,0.011999680660665035,0.3147915005683899,0.04406524822115898,0.3725569248199463,13.201813697814941,0.047843024134635925,0.41782185435295105,0.003815764794126153,0.019762571901082993,28.656923294067383,0.0013624096754938364,0.06713040173053741,0.04233483597636223,0.0,13.111542701721191,0.04884788393974304,0.4109511077404022,20.17930793762207,0.00959553848952055,0.24403265118598938,30.102197647094727,0.0009767429437488317,19.617176055908203,0.010921505279839039,0.28291794657707214,13.888336181640625,0.04084759205579758,0.3474840521812439,13.272289276123047,0.04707292094826698,0.40428075194358826,19.74102210998535,0.010614460334181786,0.259118914604187,25.743349075317383,0.0026648035272955894,19.26740837097168,0.011837482452392578,0.3005785346031189,13.786352157592773,0.04181815683841705,0.3533092141151428,13.192317962646484,0.047947756946086884,0.411250501871109,29.324722290039062,0.0011682281037792563,0.04578958451747894,27.116392135620117,0.0019424997735768557,29.791793823242188,0.0010491093853488564,0.051242537796497345
54922,6011,5,1171,-1,1,25.572101593017578,0.09933941811323166,23.72260284423828,0.2271554321050644,28.8131160736084,22.063512802124023,0.14053994417190552,21.10837745666504,23.342493057250977,0.09337394684553146,17.921737670898438,17.881938934326172,22.196475982666016,0.12359955161809921,100.0,0.33142295479774475,0.6853944063186646,1171,1203,0.36347246170043945,0,0,0.0027719782665371895,0.0013142814859747887,25.234233856201172,0.002996239345520735,0.11020820587873459,0.00424365047365427,0.13967345654964447,23.306398391723633,0.004670465365052223,0.15629664063453674,0.0062179723754525185,0.016137128695845604,23.286466598510742,0.004691949114203453,0.14483624696731567,0.007747514173388481,0.17481717467308044,21.907909393310547,0.0064447978511452675,0.18515600264072418,0.004631810821592808,0.016285693272948265,25.468490600585938,0.002838905667886138,0.09091510623693466,0.00603048549965024,0.0,21.574996948242188,0.006958251819014549,0.14038078486919403,26.997392654418945,0.0019964613020420074,0.0805889144539833,37.60491180419922,0.00017358374316245317,26.42655372619629,0.002276903949677944,0.0919957086443901,24.694700241088867,0.0033925792668014765,0.12122706323862076,24.090797424316406,0.0038987034931778908,0.1377153992652893,24.528226852416992,0.003525147680193186,0.09525080770254135,30.067955017089844,0.0009844749001786113,24.071550369262695,0.003916020505130291,0.10826707631349564,23.003541946411133,0.005007785279303789,0.13093796372413635,22.491661071777344,0.005634222645312548,0.14891429245471954,27.300111770629883,0.0018620395567268133,0.047678615897893906,30.10953140258789,0.0009750949102453887,26.99297332763672,0.001998492516577244,0.054270219057798386
55443,6011,5,1724,-1,3,23.962581634521484,0.16951191425323486,23.544357299804688,0.30064836144447327,23.01845359802246,21.564815521240234,0.2311840057373047,21.201169967651367,23.864431381225586,0.12441074848175049,17.461204528808594,17.564687728881836,22.175621032714844,0.2351309061050415,100.0,0.40321967005729675,0.7456192970275879,1724,1756,0.41514745354652405,0,0,0.004015520680695772,0.004990621469914913,24.127939224243164,0.00386550510302186,0.18512843549251556,0.004421446938067675,0.23293763399124146,23.35181427001953,0.004621879197657108,0.2617829740047455,0.006974585819989443,0.017942365258932114,22.76771354675293,0.005287235602736473,0.25215578079223633,0.007583735045045614,0.2784956693649292,22.176631927490234,0.006058103870600462,0.3033532500267029,0.004107304848730564,0.017519885674118996,26.895551681518555,0.0020438306964933872,0.126742422580719,0.006059516221284866,0.0,21.55414390563965,0.006991749629378319,0.26730769872665405,25.028797149658203,0.0031413810793310404,0.15214896202087402,31.306598663330078,0.0007401849143207073,24.54594612121582,0.003510795533657074,0.1745220422744751,24.285118103027344,0.0037281059194356203,0.22242265939712524,23.706436157226562,0.0042594787664711475,0.25338390469551086,23.36086082458496,0.004612261895090342,0.1756225973367691,27.017417907714844,0.001987276365980506,22.9963321685791,0.005016105715185404,0.20078615844249725,22.78902244567871,0.0052613564766943455,0.24118055403232574,22.335975646972656,0.005839860532432795,0.27261483669281006,27.723560333251953,0.0016890558181330562,0.06571662425994873,28.475181579589844,0.001420632703229785,27.6186580657959,0.001730351592414081,0.07437241077423096
56748,6011,5,3061,-1,3,24.755821228027344,0.1870928704738617,22.015398025512695,0.1449090540409088,26.170185089111328,22.181713104248047,0.24117282032966614,20.358293533325195,24.136781692504883,0.10129746049642563,17.97223663330078,17.991464614868164,21.27910614013672,0.2329358458518982,100.0,0.3017018735408783,0.4803054630756378,3061,3093,0.38590186834335327,0,0,0.0033451684284955263,0.0024153580889105797,24.57396697998047,0.003488216083496809,0.21854844689369202,0.006287243217229843,0.22101545333862305,21.53801727294922,0.007017758209258318,0.2647472620010376,0.006051020696759224,0.01595057174563408,23.44092559814453,0.004528012592345476,0.2752290666103363,0.009208114817738533,0.26634466648101807,20.90631103515625,0.008116505108773708,0.30253490805625916,0.0038576419465243816,0.01588011346757412,26.9722957611084,0.0020080311223864555,0.10353951901197433,0.007448853924870491,0.0,20.65762710571289,0.008594831451773643,0.280417799949646,26.259248733520508,0.0023663293104618788,0.16889527440071106,35.18794250488281,0.00030283507658168674,25.71251678466797,0.002683789934962988,0.20408610999584198,22.62594985961914,0.005462672095745802,0.20830127596855164,22.018356323242188,0.0062829614616930485,0.25289157032966614,24.41596031188965,0.0036174615379422903,0.1993601769208908,29.11398696899414,0.0012263129465281963,23.995357513427734,0.003985330928117037,0.24120621383190155,21.69168472290039,0.006773787550628185,0.23021124303340912,21.158092498779297,0.007659331429749727,0.27528607845306396,28.46418571472168,0.0014242338947951794,0.0626114159822464,29.75044059753418,0.0010591464815661311,28.296207427978516,0.001480401260778308,0.07455798983573914
60167,6012,2,1595,-1,0,24.436824798583984,0.18162775039672852,22.971755981445312,0.2263103574514389,24.6865177154541,21.3510799407959,0.23450157046318054,20.572845458984375,22.280441284179688,0.10302872955799103,17.820838928222656,18.181015014648438,20.933752059936523,0.3618221580982208,100.0,0.3463629484176636,0.6533907651901245,1595,1627,0.3833920657634735,0,0,0.003600125201046467,0.0033989783842116594,24.3996524810791,0.0036310707218945026,0.2092982828617096,0.005044570658355951,0.3143896758556366,22.524356842041016,0.00559196388348937,0.3685961961746216,0.007326423190534115,0.01651643216609955,22.28223419189453,0.005912575405091047,0.25611183047294617,0.008764267899096012,0.3645023703575134,21.048986434936523,0.007854186929762363,0.4130293130874634,0.005915017798542976,0.015201924368739128,23.481155395507812,0.0044862632639706135,0.1020507887005806,0.008065378293395042,0.0,20.312273025512695,0.009306206367909908,0.42507150769233704,26.542842864990234,0.0022167451679706573,0.14852352440357208,26.591670989990234,0.0021919626742601395,26.53537940979004,0.002220558002591133,0.17558391392230988,24.786418914794922,0.0033216814044862986,0.3262996971607208,24.19198226928711,0.0038089200388640165,0.3879352807998657,23.47865867614746,0.0044888402335345745,0.19308516383171082,25.29775619506836,0.0029527342412620783,23.25583267211914,0.004725164268165827,0.2247885912656784,22.435115814208984,0.0057080574333667755,0.35625356435775757,21.90699577331543,0.006446151062846184,0.42136019468307495,25.314395904541016,0.002941443817690015,0.06285149604082108,30.55005645751953,0.0008810380240902305,24.869918823242188,0.0032584290020167828,0.07344286143779755
60450,6012,2,1910,-1,3,26.448801040649414,0.157803475856781,22.81324577331543,0.17973974347114563,25.0611572265625,23.522010803222656,0.2099328488111496,21.18634033203125,24.68166732788086,0.10576637834310532,18.061697006225586,18.01260757446289,22.05289077758789,0.22648394107818604,100.0,0.35690590739250183,0.5036054253578186,1910,1942,0.3671843409538269,0,0,0.0022652705665677786,0.0031180595979094505,26.707908630371094,0.0021340723615139723,0.1910499781370163,0.005232092458754778,0.23185136914253235,22.537246704101562,0.005575392860919237,0.27287372946739197,0.00444425456225872,0.015625368803739548,25.647796630859375,0.002724082674831152,0.2429293692111969,0.007609673775732517,0.24784520268440247,21.943681716918945,0.006391928996890783,0.2849906086921692,0.0034027742221951485,0.015802988782525063,28.253448486328125,0.0014950486365705729,0.11400340497493744,0.006233198568224907,0.0,21.431411743164062,0.007192152086645365,0.26851317286491394,28.19634437561035,0.0015148362144827843,0.13746903836727142,35.93973922729492,0.0002546983596403152,27.67333221435547,0.0017087034648284316,0.1691354513168335,23.135303497314453,0.004858134780079126,0.21360287070274353,22.5400447845459,0.005571798421442509,0.25418832898139954,26.660860061645508,0.0021573172416538,0.15873336791992188,30.62897491455078,0.0008651725365780294,26.278045654296875,0.0023561089765280485,0.1935325264930725,22.446022033691406,0.005693743005394936,0.22642533481121063,21.899085998535156,0.006457905285060406,0.2683548629283905,30.030241012573242,0.0009930614614859223,0.06634850800037384,31.28112030029297,0.000744540011510253,29.866168975830078,0.0010312955128028989,0.07871614396572113
61832,6012,2,3324,-1,3,27.816503524780273,0.09324444830417633,24.176307678222656,0.14858685433864594,26.0250301361084,24.188262939453125,0.13749247789382935,22.284364700317383,24.850872039794922,0.08340904861688614,18.21180534362793,18.333555221557617,23.597618103027344,0.14442051947116852,100.0,0.30592337250709534,0.4856995940208435,3324,3356,0.3872995972633362,0,0,0.0016532925656065345,0.0024974511470645666,28.171798706054688,0.0015234220772981644,0.10763493180274963,0.003822693368420005,0.14538514614105225,23.958332061767578,0.004019451327621937,0.16789981722831726,0.003812182229012251,0.015094525180757046,26.826812744140625,0.002076437696814537,0.14794977009296417,0.005909675266593695,0.16672074794769287,23.42411231994629,0.004545575473457575,0.1892419010400772,0.0032727497164160013,0.014677247032523155,28.18667984008789,0.0015182113274931908,0.08349553495645523,0.004367554560303688,0.0,22.976139068603516,0.005039486102759838,0.17632260918617249,31.010108947753906,0.0007924819365143776,0.07323725521564484,35.89542007446289,0.0002573110396042466,30.580835342407227,0.0008748159743845463,0.08963052928447723,25.27198600769043,0.0029703082982450724,0.1252492219209671,24.69585418701172,0.003391677513718605,0.15346218645572662,28.210853576660156,0.0015097835566848516,0.0948963388800621,29.633487701416016,0.0010880560148507357,28.028121948242188,0.0015746646095067263,0.11625306308269501,24.173009872436523,0.0038255969993770123,0.1368820071220398,23.68511199951172,0.004280444234609604,0.16939178109169006,29.92841339111328,0.0010166203137487173,0.045786432921886444,30.186222076416016,0.00095802714349702,29.89007568359375,0.0010256347013637424,0.05677160620689392
63615,6013,3,80,-1,0,27.792339324951172,0.13135382533073425,26.480863571166992,0.13102523982524872,27.287845611572266,23.773475646972656,0.1914636492729187,23.20840835571289,24.302270889282227,0.09722019731998444,17.812320709228516,18.000070571899414,25.285079956054688,0.15059968829154968,100.0,0.22089062631130219,0.5931679606437683,80,112,0.3555695116519928,0,0,0.0016625166172161698,0.0018673061858862638,27.87543296813965,0.0016310105565935373,0.15554487705230713,0.0022486073430627584,0.1471998691558838,26.23917579650879,0.0023772921413183212,0.18248525261878967,0.004194233100861311,0.01654885523021221,26.394973754882812,0.002293522236868739,0.21272128820419312,0.004777043592184782,0.1733483225107193,25.184497833251953,0.003030751133337617,0.1998843550682068,0.00371341104619205,0.015848681330680847,27.336633682250977,0.0018464465392753482,0.09965178370475769,0.002961365971714258,0.0,24.66360092163086,0.0034169608261436224,0.19042935967445374,31.494667053222656,0.0007088157581165433,0.11450158059597015,36.572750091552734,0.00022015324793756008,31.056869506835938,0.0007839946774765849,0.13875409960746765,28.884689331054688,0.0012927987845614552,0.13438734412193298,28.30256462097168,0.0014782355865463614,0.17194244265556335,27.709331512451172,0.0016945992829278111,0.14015202224254608,30.308103561401367,0.000931514659896493,27.418426513671875,0.0018119968008249998,0.1693168580532074,26.305862426757812,0.0023410669527947903,0.14334213733673096,25.87363052368164,0.00258604995906353,0.18223677575588226,28.775402069091797,0.0013257453683763742,0.06096969544887543,31.178585052490234,0.0007623276324011385,28.500347137451172,0.0014124250737950206,0.07385331392288208
64416,6013,3,945,-1,0,27.598535537719727,0.08159928768873215,25.131471633911133,0.1132683977484703,27.580581665039062,23.498634338378906,0.1178772896528244,22.508380889892578,24.17052459716797,0.07695910334587097,17.746009826660156,17.893890380859375,24.171688079833984,0.08575417101383209,100.0,0.1811644285917282,0.6252242922782898,945,977,0.2872276306152344,0,0,0.001738387276418507,0.001745588961057365,27.601303100585938,0.0017372793518006802,0.09292147308588028,0.00306798261590302,0.09644978493452072,24.854602813720703,0.0032699396833777428,0.11031731963157654,0.004468239843845367,0.016803469508886337,25.899803161621094,0.0025705117732286453,0.12565156817436218,0.005612572655081749,0.11526410281658173,24.03476333618164,0.003949334844946861,0.12292525917291641,0.003827785374596715,0.016240933910012245,27.171354293823242,0.0019180706003680825,0.0756293460726738,0.0038267597556114197,0.0,23.550209045410156,0.004415492061525583,0.1010248064994812,30.672847747802734,0.0008564761374145746,0.06562747061252594,35.329742431640625,0.0002931069175247103,30.254201889038086,0.0009431483340449631,0.0767849013209343,26.363327026367188,0.002310294657945633,0.07773946225643158,25.7689266204834,0.0026491566095501184,0.09039601683616638,27.61530876159668,0.0017316857120022178,0.0876670703291893,30.026350021362305,0.0009939512237906456,27.339603424072266,0.0018451832002028823,0.10378703474998474,24.866714477539062,0.0032608334440737963,0.08964613080024719,24.36885643005371,0.0036569118965417147,0.10553544759750366,29.3706111907959,0.0011559503618627787,0.04170410335063934,31.825801849365234,0.0006567799719050527,29.091264724731445,0.001232745940797031,0.048770274966955185
65302,6013,3,1831,-1,2,26.526662826538086,0.09524469077587128,23.746627807617188,0.1453544944524765,25.12173843383789,23.07615089416504,0.14448271691799164,21.412935256958008,23.945011138916016,0.10043860971927643,18.168846130371094,18.064308166503906,22.206056594848633,0.12184454500675201,100.0,0.23213469982147217,0.626164436340332,1831,1863,0.3597544729709625,0,0,0.0022250195033848286,0.0030748655553907156,26.78966522216797,0.002094274153932929,0.10748233646154404,0.00422024168074131,0.1222509890794754,23.31993293762207,0.004655933007597923,0.13843092322349548,0.004924759268760681,0.015244579873979092,24.766315460205078,0.0033370947930961847,0.15183469653129578,0.007222816348075867,0.16046704351902008,22.285337448120117,0.005908351857215166,0.16917666792869568,0.004031799267977476,0.015615981072187424,26.478912353515625,0.0022496175952255726,0.10306400060653687,0.006017198786139488,0.0,21.584577560424805,0.006942921783775091,0.13995487987995148,29.11245346069336,0.0012267460115253925,0.07622215151786804,35.80164337158203,0.0002629274968057871,28.616893768310547,0.0013750257203355432,0.08955129981040955,24.555089950561523,0.003503411542624235,0.10217757523059845,23.956676483154297,0.004020985681563616,0.1183418333530426,25.84712791442871,0.002601880580186844,0.1042248085141182,28.84061050415039,0.0013059870107099414,25.5264835357666,0.002801249036565423,0.12054000794887543,23.009933471679688,0.005000422243028879,0.1199377179145813,22.534072875976562,0.005579469725489616,0.13693420588970184,27.678447723388672,0.0017066929722204804,0.052077051252126694,29.08200454711914,0.0012353777419775724,27.497745513916016,0.0017792029539123178,0.060182299464941025
66694,6013,3,3287,-1,0,26.179351806640625,0.15461155772209167,21.702787399291992,0.12768013775348663,28.058374404907227,22.74492645263672,0.2139599621295929,20.266983032226562,23.8179874420166,0.11871393024921417,17.822664260864258,18.039697647094727,21.006061553955078,0.15474708378314972,100.0,0.2667611241340637,0.47863098978996277,3287,3319,0.3451675474643707,0,0,0.0024102653842419386,0.0015637334436178207,25.9508056640625,0.0025405013002455235,0.17338931560516357,0.006756492890417576,0.17329153418540955,21.312088012695312,0.007392494939267635,0.1881076991558075,0.00531504862010479,0.016509493812918663,24.44563865661621,0.0035928261931985617,0.22894616425037384,0.00940376240760088,0.20825447142124176,20.736446380615234,0.008440251462161541,0.21891415119171143,0.004151465371251106,0.015704721212387085,26.2451171875,0.002374041359871626,0.11923673003911972,0.007932202890515327,0.0,20.38458251953125,0.009152541868388653,0.17222359776496887,28.13217544555664,0.0015373850474134088,0.14082679152488708,38.058616638183594,0.00015636459283996373,27.569992065429688,0.0017498498782515526,0.16241508722305298,22.30342674255371,0.0058837952092289925,0.1441621333360672,21.703411102294922,0.006755525711923838,0.1613747477531433,25.493032455444336,0.002822908805683255,0.1616833508014679,30.232820510864258,0.0009478026768192649,25.07046127319336,0.0031113866716623306,0.18682682514190674,21.441831588745117,0.007174918428063393,0.1626894474029541,20.8978271484375,0.008132372051477432,0.18314871191978455,27.62204933166504,0.0017290014075115323,0.06744322925806046,30.065061569213867,0.0009851306676864624,27.34370231628418,0.0018434429075568914,0.0786462128162384
68927,6014,4,674,-1,2,22.03359603881836,0.21795175969600677,18.109214782714844,0.21932022273540497,25.496517181396484,20.176753997802734,0.24546056985855103,17.239295959472656,23.731231689453125,0.08190162479877472,17.679170608520508,17.928770065307617,17.487314224243164,0.34537312388420105,35.134666442871094,0.4348139762878418,0.5044001340866089,674,706,0.34772518277168274,0,0,0.0062609524466097355,0.0028206449933350086,21.681156158447266,0.006790230516344309,0.2532481253147125,0.015455338172614574,0.34412556886672974,17.629152297973633,0.017261745408177376,0.3924351930618286,0.00960118230432272,0.017064087092876434,20.729869842529297,0.00845304224640131,0.27142804861068726,0.018882976844906807,0.36307966709136963,17.148860931396484,0.01928029954433441,0.4027981460094452,0.004235229454934597,0.016111019998788834,26.183101654052734,0.0024081848096102476,0.079444020986557,0.017834816128015518,0.00030657282331958413,16.87579917907715,0.020531469956040382,0.39422985911369324,22.523324966430664,0.005593292415142059,0.20118317008018494,35.080039978027344,0.00031045323703438044,21.934106826782227,0.006406037136912346,0.237627312541008,17.975976943969727,0.015936845913529396,0.32787758111953735,17.365537643432617,0.01834198273718357,0.37684106826782227,21.737882614135742,0.006702112965285778,0.208732008934021,30.567974090576172,0.0008774101152084768,21.192882537841797,0.007598220836371183,0.2456790804862976,17.658935546875,0.017143772915005684,0.33678603172302246,17.061378479003906,0.01967262104153633,0.3866444528102875,28.93804359436035,0.0012770146131515503,0.04003753513097763,31.085386276245117,0.0007788633811287582,28.684925079345703,0.0013536532642319798,0.047946520149707794
70155,6014,4,1934,-1,1,29.082611083984375,0.08104106038808823,24.909408569335938,0.11947276443243027,27.877567291259766,24.556804656982422,0.1145227700471878,22.77789306640625,26.03452491760254,0.07040444016456604,17.881067276000977,18.057443618774414,25.02683448791504,0.2496051788330078,100.0,0.3368884027004242,0.354636013507843,1934,1966,0.4016087055206299,0,0,0.001235205214470625,0.0016302091535180807,29.30171012878418,0.0011744354851543903,0.09920261800289154,0.003228935180231929,0.23976129293441772,24.751079559326172,0.0033488229382783175,0.2951562702655792,0.0035020282957702875,0.01628895476460457,28.139455795288086,0.0015348091255873442,0.12681667506694794,0.005274857394397259,0.2743138074874878,24.520557403564453,0.0035313793923705816,0.3219168186187744,0.002491998253390193,0.015640685334801674,33.28712844848633,0.00046912333345972,0.06671475619077682,0.003142798785120249,0.0,24.40535545349121,0.0036263063084334135,0.30943289399147034,30.643606185913086,0.0008622623863629997,0.06720081716775894,36.121337890625,0.00024426772142760456,30.18934440612793,0.0009573384886607528,0.08456622064113617,25.52943229675293,0.0027993477415293455,0.23565077781677246,24.955406188964844,0.0031949172262102365,0.2937054932117462,29.171527862548828,0.0012101726606488228,0.07504478096961975,29.954784393310547,0.0010104660177603364,29.062644958496094,0.001240896643139422,0.09554070979356766,25.061065673828125,0.003118125256150961,0.24689655005931854,24.608993530273438,0.003460196079686284,0.30576762557029724,33.99106216430664,0.0003989272809121758,0.031953729689121246,30.580184936523438,0.0008749469416216016,34.871910095214844,0.00032569345785304904,0.039632316678762436
76030,6015,5,2800,-1,0,25.665264129638672,0.1388317495584488,20.8765811920166,0.25329601764678955,25.59758758544922,22.46962547302246,0.18672460317611694,19.492456436157227,23.648195266723633,0.1148517057299614,17.767574310302734,17.64788055419922,20.1697998046875,0.3505391776561737,100.0,0.4835568368434906,0.5238184928894043,2800,2832,0.4746895432472229,0,0,0.002713149879127741,0.002755760448053479,25.675769805908203,0.00270659476518631,0.15302139520645142,0.008172255009412766,0.3572882413864136,20.472620010375977,0.008968876674771309,0.40091705322265625,0.005662882700562477,0.0167202427983284,24.021129608154297,0.0039617507718503475,0.19881419837474823,0.011239695362746716,0.37595707178115845,19.884906768798828,0.010268558748066425,0.4087953567504883,0.004316986072808504,0.017187468707561493,26.313579559326172,0.0023369116242974997,0.1127254068851471,0.009616568684577942,0.0,19.54831886291504,0.011096041649580002,0.39513397216796875,27.339563369750977,0.0018452010117471218,0.12018247693777084,36.130859375,0.00024373298219870776,26.79525375366211,0.002091580769047141,0.13714787364006042,21.326099395751953,0.007368691731244326,0.3309584856033325,20.721635818481445,0.008469085209071636,0.3760894536972046,25.18868637084961,0.0030278300400823355,0.14011861383914948,30.459115982055664,0.0008996810065582395,24.742767333984375,0.003355237189680338,0.16126777231693268,20.579208374023438,0.008751432411372662,0.34059011936187744,20.01559829711914,0.009964155033230782,0.3856976628303528,28.08149528503418,0.0015554302372038364,0.0617789700627327,30.70000648498535,0.0008511372143402696,27.78903579711914,0.0016637829830870032,0.07076764106750488
82308,6016,2,4392,-1,2,26.06695556640625,0.09478255361318588,19.135438919067383,0.1334371119737625,26.76937484741211,22.41924476623535,0.1323273628950119,18.085020065307617,23.365381240844727,0.09333446621894836,17.946321487426758,17.927715301513672,18.497407913208008,0.29513877630233765,100.0,0.38829347491264343,0.3436501622200012,4392,4424,0.3873622715473175,0,0,0.002473458182066679,0.0021040805149823427,25.968305587768555,0.0025302853900939226,0.10904504358768463,0.012202709913253784,0.2922303080558777,18.629945755004883,0.013708990067243576,0.3359006643295288,0.005728956777602434,0.016046037897467613,23.82819938659668,0.004141714423894882,0.14141660928726196,0.01554168201982975,0.3185364902019501,18.088090896606445,0.015530689619481564,0.35696011781692505,0.004607462789863348,0.01611493155360222,25.47127914428711,0.0028370837680995464,0.09148964285850525,0.014133814722299576,0.0,17.87592887878418,0.016308246180415154,0.3499125838279724,27.850749969482422,0.0016403066692873836,0.07228633761405945,37.82136535644531,0.00016514417075086385,27.2879638671875,0.0018672546138986945,0.08655694127082825,19.255502700805664,0.011869968846440315,0.2740817964076996,18.641742706298828,0.01367180049419403,0.3232402205467224,25.408649444580078,0.002878293627873063,0.09280814975500107,31.303565979003906,0.0007407020893879235,24.93880271911621,0.0032071538735181093,0.11040868610143661,18.790483474731445,0.013211484998464584,0.28803595900535583,18.19945526123047,0.015137515030801296,0.33888760209083557,27.671987533569336,0.001709233270958066,0.04783857986330986,31.503047943115234,0.0007074491586536169,27.297046661376953,0.0018633540021255612,0.05672034993767738
82785,6016,2,4869,-1,3,29.008771896362305,0.09625711292028427,25.276777267456055,0.12168319523334503,28.11835289001465,24.131681442260742,0.13553249835968018,22.90133285522461,24.94156265258789,0.08996319770812988,17.795984268188477,18.022825241088867,24.533096313476562,0.17045558989048004,100.0,0.31554803252220154,0.3856249451637268,4869,4901,0.4046594202518463,0,0,0.0012563851196318865,0.001542285899631679,29.16353988647461,0.0012124005006626248,0.11125531792640686,0.0029670328367501497,0.16944940388202667,25.1212215423584,0.003075233194977045,0.1989501267671585,0.003862174693495035,0.016611222177743912,27.210676193237305,0.0019007830414921045,0.14202500879764557,0.00512704299762845,0.19469615817070007,24.457050323486328,0.0035833995789289474,0.21761125326156616,0.0032051154412329197,0.015765856951475143,28.952762603759766,0.0012726935092359781,0.0888458788394928,0.003521198173984885,0.0,23.911617279052734,0.0040629212744534016,0.20471182465553284,31.347684860229492,0.0007332154200412333,0.07407855987548828,37.82883834838867,0.00016486029198858887,30.8583984375,0.0008206546772271395,0.08761222660541534,26.018451690673828,0.002501236740499735,0.15176905691623688,25.439550399780273,0.0028578874189406633,0.18422240018844604,28.62667465209961,0.0013719317503273487,0.08694734424352646,30.593902587890625,0.0008721871417947114,28.389869689941406,0.0014488156884908676,0.10218951106071472,25.027313232421875,0.0031424525659531355,0.1627528965473175,24.542295455932617,0.003513747127726674,0.19594183564186096,30.85474967956543,0.0008213440305553377,0.047792620956897736,31.3234920501709,0.0007373112603090703,30.786922454833984,0.0008342721848748624,0.05791322886943817
84237,6017,3,1358,-1,3,22.141433715820312,0.13646036386489868,18.73487091064453,0.17932258546352386,25.38424301147461,20.138153076171875,0.17075079679489136,17.7155704498291,23.557353973388672,0.07294277846813202,17.508766174316406,17.782678604125977,18.060129165649414,0.131154865026474,100.0,0.2549916207790375,0.703248918056488,1358,1390,0.28714993596076965,0,0,0.006107404828071594,0.0028945154044777155,21.803447723388672,0.006601694971323013,0.15690019726753235,0.013381751254200935,0.14170590043067932,18.27384376525879,0.014880435541272163,0.15974891185760498,0.009686900302767754,0.0177469365298748,20.733030319213867,0.008446894586086273,0.18473419547080994,0.016921665519475937,0.17095330357551575,17.72509765625,0.01688457652926445,0.17785823345184326,0.0044082351960241795,0.016662191599607468,25.98080825805664,0.0025230112951248884,0.06944426149129868,0.015631014481186867,0.0,17.438650131225586,0.018035786226391792,0.14761096239089966,22.471355438232422,0.005660624243319035,0.1124575138092041,35.92094039916992,0.00025580317014828324,21.87612533569336,0.00649213558062911,0.1348157823085785,18.643247604370117,0.013667071238160133,0.12977227568626404,18.03146743774414,0.015734508633613586,0.14592345058918,21.648178100585938,0.006841988302767277,0.1264910250902176,30.34614372253418,0.0009233913733623922,21.105558395385742,0.0077525414526462555,0.15185075998306274,18.28472328186035,0.014843206852674484,0.13995346426963806,17.69498062133789,0.017002074047923088,0.15782105922698975,28.525381088256836,0.0014043066184967756,0.03615942969918251,30.95227813720703,0.0008031048346310854,28.24836540222168,0.0014967991737648845,0.042565103620290756
86480,6017,3,3729,-1,3,25.54119873046875,0.11576316505670547,22.120121002197266,0.14942006766796112,24.901081085205078,22.67235565185547,0.1448855847120285,20.571941375732422,24.031661987304688,0.06749185919761658,17.476398468017578,17.462434768676758,21.667598724365234,0.2455299198627472,100.0,0.27359700202941895,0.54613196849823,3729,3761,0.31062906980514526,0,0,0.002791773295029998,0.0032351322006434202,25.648622512817383,0.0027235643938183784,0.13026651740074158,0.006137448363006115,0.2482163906097412,21.76668357849121,0.006657812278717756,0.2861752212047577,0.005404614377766848,0.017879702150821686,24.577512741088867,0.003485370660200715,0.15378455817699432,0.00876608770340681,0.26885655522346497,21.35049819946289,0.007327406667172909,0.29612088203430176,0.003952151630073786,0.01793728396296501,27.44584846496582,0.0018005921738222241,0.062271296977996826,0.006811459083110094,0.0,21.04612159729004,0.007859375327825546,0.28722959756851196,27.550477981567383,0.0017577307298779488,0.09182091057300568,34.18037033081055,0.0003819116682279855,27.056671142578125,0.0019693952053785324,0.10805878043174744,22.909603118896484,0.0051172878593206406,0.2385057508945465,22.312992095947266,0.005870849825441837,0.27921655774116516,25.44489097595215,0.0028543754015117884,0.11079035699367523,28.0201416015625,0.001577560673467815,25.155851364135742,0.003050808096304536,0.12974606454372406,22.050249099731445,0.0062369899824261665,0.2469530552625656,21.561389923095703,0.006980094127357006,0.2871934175491333,28.689937591552734,0.0013520924840122461,0.03900507465004921,28.940505981445312,0.0012762898113578558,28.652639389038086,0.001363754621706903,0.04543213173747063
88245,6018,4,623,-1,3,22.068498611450195,0.18081024289131165,19.62322998046875,0.21839480102062225,24.019039154052734,20.2147274017334,0.20857158303260803,18.368741989135742,23.093717575073242,0.09188602864742279,17.603626251220703,17.872737884521484,18.785560607910156,0.3227454721927643,100.0,0.4352310597896576,0.501790463924408,623,655,0.4404408931732178,0,0,0.006210836581885815,0.00396365812048316,21.83324432373047,0.006556556560099125,0.20707091689109802,0.010906289331614971,0.3208484649658203,19.125259399414062,0.012231343425810337,0.3788246214389801,0.009517600759863853,0.01736350730061531,20.803709030151367,0.008310538716614246,0.23472459614276886,0.01455880980938673,0.34627509117126465,18.471277236938477,0.014219108037650585,0.39688512682914734,0.004904877860099077,0.016320230439305305,25.018728256225586,0.0031486700754612684,0.09465174376964569,0.013226465322077274,0.0,18.16408348083496,0.015261305496096611,0.38353657722473145,22.86345672607422,0.005171951837837696,0.16092941164970398,34.22276306152344,0.0003782020939979702,22.284528732299805,0.005909450817853212,0.18874920904636383,19.92925262451172,0.010164237581193447,0.3089732527732849,19.317611694335938,0.011701430194079876,0.3692032992839813,21.614816665649414,0.006894747726619244,0.17802096903324127,27.64519691467285,0.0017198090208694339,21.140233993530273,0.007690892089158297,0.20906707644462585,19.186798095703125,0.012059248052537441,0.31931227445602417,18.63812255859375,0.013683204539120197,0.38007450103759766,26.342674255371094,0.002321307547390461,0.05804583430290222,28.254600524902344,0.001494652358815074,26.111026763916016,0.002448485465720296,0.06840509176254272
88448,6018,4,858,-1,2,27.37909698486328,0.09485162049531937,25.908336639404297,0.14605717360973358,25.882221221923828,23.987226486206055,0.11742307245731354,23.30550193786621,25.59349250793457,0.06709685176610947,17.679914474487305,17.698991775512695,25.948713302612305,0.21827781200408936,100.0,0.32027655839920044,0.4560345411300659,858,890,0.3541536331176758,0,0,0.0018284800462424755,0.0025809407234191895,27.663145065307617,0.001712716999463737,0.11123433709144592,0.0025654674973338842,0.2256913036108017,25.864953994750977,0.0025912229903042316,0.2711138129234314,0.003992797341197729,0.01706116646528244,27.028350830078125,0.001982279121875763,0.12430241703987122,0.0046714297495782375,0.2441454976797104,25.580156326293945,0.0027668424881994724,0.2738267481327057,0.0027583595365285873,0.016986386850476265,32.445579528808594,0.0005694320425391197,0.0628085732460022,0.00254172645509243,0.0,25.327234268188477,0.0029327613301575184,0.2637794017791748,28.907493591308594,0.0012860283022746444,0.08341777324676514,36.758087158203125,0.00021095576812513173,28.382057189941406,0.0014514238573610783,0.10216367989778519,26.73520851135254,0.0021206997334957123,0.2164706289768219,26.154006958007812,0.002424373058602214,0.2641061544418335,27.923091888427734,0.0016132097225636244,0.09102296829223633,31.242305755615234,0.0007512238225899637,27.579998016357422,0.0017458228394389153,0.11060082912445068,26.13003921508789,0.002437788061797619,0.2226243019104004,25.668350219726562,0.0027112234383821487,0.26957523822784424,33.65658950805664,0.0004308647767174989,0.028602296486496925,31.964885711669922,0.0006360793486237526,33.98707962036133,0.00039929329068399966,0.03462652117013931
91673,6018,4,4147,-1,1,27.290428161621094,0.146310955286026,26.189071655273438,0.15379713475704193,24.38396453857422,23.63814926147461,0.21222135424613953,23.059829711914062,24.961545944213867,0.10413799434900284,17.188871383666992,17.67462921142578,25.45121192932129,0.1242668554186821,100.0,0.2503553330898285,0.614315390586853,4147,4179,0.3900766968727112,0,0,0.0018661959329620004,0.0036442133132368326,27.978782653808594,0.0015926548512652516,0.17998500168323517,0.002404876286163926,0.1234932541847229,26.302927017211914,0.0023426490370184183,0.15518872439861298,0.004326982423663139,0.01910349167883396,26.87468719482422,0.002053673844784498,0.24447785317897797,0.004943301901221275,0.17135408520698547,25.37749481201172,0.002899014623835683,0.20044833421707153,0.003190401941537857,0.017081934958696365,29.774715423583984,0.0010532427113503218,0.11415749043226242,0.0028502230998128653,0.0,24.82973289489746,0.003288719104602933,0.1602310985326767,29.324295043945312,0.0011683437041938305,0.14778023958206177,33.86142349243164,0.00041101485840044916,28.911457061767578,0.0012848557671532035,0.18689078092575073,27.276721954345703,0.0018720958614721894,0.1043005958199501,26.70673370361328,0.002134650247171521,0.1331605315208435,27.576799392700195,0.0017471099272370338,0.16774405539035797,29.16478729248047,0.0012120528845116496,27.37685203552246,0.0018294265028089285,0.2135854959487915,26.021554946899414,0.0024994509294629097,0.12451168894767761,25.607431411743164,0.002749519655480981,0.15987184643745422,30.7820987701416,0.0008351994911208749,0.05915657430887222,30.63939094543457,0.000863099645357579,30.804473876953125,0.0008309071999974549,0.07606811076402664
93580,6019,5,1052,-1,1,23.940465927124023,0.1436436027288437,20.026609420776367,0.20497779548168182,25.10790252685547,21.63433265686035,0.16826662421226501,18.874961853027344,23.823505401611328,0.09867995232343674,17.886211395263672,17.762191772460938,19.372861862182617,0.17435620725154877,100.0,0.30397462844848633,0.6743253469467163,1052,1084,0.44085249304771423,0,0,0.004036023281514645,0.0030846770387142897,23.7857608795166,0.004182383883744478,0.1592572182416916,0.009938918054103851,0.19447670876979828,19.5539493560791,0.011081668548285961,0.21733833849430084,0.0068638320080935955,0.016269676387310028,22.66259002685547,0.005416779313236475,0.1796792596578598,0.012956984341144562,0.2199636697769165,19.098575592041016,0.01230672374367714,0.23238401114940643,0.004146193619817495,0.01674097776412964,26.5589599609375,0.002208534860983491,0.09482786059379578,0.01155350636690855,0.0,18.751384735107422,0.013330969028174877,0.19685450196266174,24.75824737548828,0.0033432997297495604,0.12474875152111053,35.47846984863281,0.000283239089185372,24.18610382080078,0.003814078401774168,0.14207570254802704,20.265600204467773,0.009406755678355694,0.1772952377796173,19.652976989746094,0.010831843130290508,0.2007162868976593,23.410907745361328,0.004559419583529234,0.14016127586364746,31.257932662963867,0.0007485257228836417,22.885547637939453,0.005145711358636618,0.1591634750366211,19.70189666748047,0.010710515081882477,0.18969793617725372,19.11602210998535,0.012257383204996586,0.21377699077129364,28.43163299560547,0.0014349500415846705,0.05721438676118851,31.853036880493164,0.0006526740617118776,28.081857681274414,0.001555300084874034,0.06403908133506775
94392,6019,5,1896,-1,1,26.194726943969727,0.10337483137845993,23.109560012817383,0.1722540706396103,27.005035400390625,22.55855941772461,0.14931240677833557,20.9012508392334,23.585195541381836,0.0918356403708458,17.965700149536133,17.68648338317871,21.596803665161133,0.19848783314228058,100.0,0.37465715408325195,0.4597645401954651,1896,1928,0.4482349455356598,0,0,0.0024017482064664364,0.001992950215935707,26.082462310791016,0.0024646404199302197,0.1144268736243248,0.004887019749730825,0.2073327749967575,22.80399513244629,0.005243250168859959,0.2346884310245514,0.005548096727579832,0.015974605455994606,24.040611267089844,0.003944018855690956,0.15940098464488983,0.008125964552164078,0.23810049891471863,21.692340850830078,0.006772765424102545,0.2564157247543335,0.0043800645507872105,0.01703537441790104,26.138410568237305,0.002433093963190913,0.08998765051364899,0.006923406384885311,0.0,20.975324630737305,0.007988546043634415,0.22666198015213013,27.78141212463379,0.001666705240495503,0.08017981052398682,36.10871505737305,0.0002449789026286453,27.245891571044922,0.001885432517156005,0.08950012177228928,23.971040725708008,0.004007706884294748,0.186651811003685,23.375682830810547,0.0045965490862727165,0.21393264830112457,24.946510314941406,0.0032014662865549326,0.10074041038751602,30.153453826904297,0.000965283194091171,24.503231048583984,0.0035454947501420975,0.1123581975698471,22.47043800354004,0.00566182192414999,0.1955917626619339,21.945783615112305,0.0063888318836688995,0.22224800288677216,27.427976608276367,0.0018080167938023806,0.04638693481683731,30.479652404785156,0.0008954362710937858,27.103191375732422,0.001948413671925664,0.052565474063158035
99170,6020,2,1899,-1,3,27.174442291259766,0.09861329197883606,24.439990997314453,0.15649311244487762,24.52273941040039,23.336915969848633,0.13868111371994019,22.06498146057129,24.168540954589844,0.08719339221715927,16.916107177734375,17.204219818115234,23.848772048950195,0.17652513086795807,100.0,0.3086272180080414,0.5070619583129883,1899,1931,0.3880937099456787,0,0,0.0019167072605341673,0.00352960592135787,27.776561737060547,0.0016685688169673085,0.11512233316898346,0.0035975005012005568,0.17313061654567719,24.3839054107666,0.0036442619748413563,0.20576609671115875,0.004637762438505888,0.020341793075203896,26.53303337097168,0.0022217577788978815,0.1461966633796692,0.006215868983417749,0.19940795004367828,23.6575870513916,0.004307660274207592,0.22510500252246857,0.00382953230291605,0.019036103039979935,28.26796531677246,0.0014900596579536796,0.08633152395486832,0.004122140351682901,0.0,23.227293014526367,0.00475631607696414,0.20882508158683777,29.88848114013672,0.0010260103736072779,0.08646143227815628,31.685810089111328,0.0006782957934774458,29.667755126953125,0.0010795049602165818,0.10445316135883331,25.521631240844727,0.002804381074383855,0.16048118472099304,25.005126953125,0.003158548614010215,0.19600610435009003,27.05963897705078,0.0019680503755807877,0.10339027643203735,25.663251876831055,0.0027144066989421844,27.320716857910156,0.001853226451203227,0.12147761136293411,24.14137840270996,0.003853559959679842,0.17149171233177185,23.902719497680664,0.004071253817528486,0.20551039278507233,28.594846725463867,0.001382023561745882,0.055155497044324875,25.87261390686035,0.0025866562500596046,29.220163345336914,0.0011966954916715622,0.06414307653903961
99341,6020,2,2070,-1,2,27.51958656311035,0.09908074140548706,23.264379501342773,0.14428424835205078,25.861433029174805,23.27159881591797,0.13801699876785278,21.23152732849121,24.016525268554688,0.09314873069524765,17.01034164428711,17.207117080688477,22.780445098876953,0.1575789451599121,100.0,0.3211851716041565,0.4492245018482208,2070,2102,0.3973512649536133,0,0,0.001770277856849134,0.0025933238212019205,27.841894149780273,0.0016436552396044135,0.11140532046556473,0.0047158729285001755,0.16369390487670898,22.9647159576416,0.0050527555868029594,0.18768389523029327,0.004708039574325085,0.019905177876353264,26.252483367919922,0.0023700182791799307,0.14160725474357605,0.0075309076346457005,0.18648704886436462,22.351993560791016,0.005818360950797796,0.2037472128868103,0.003965951967984438,0.019023409113287926,27.826688766479492,0.0016494201263412833,0.09192869067192078,0.005271759815514088,0.0,22.158966064453125,0.006082799285650253,0.18554219603538513,30.229141235351562,0.0009486059425398707,0.07774917781352997,35.41583251953125,0.0002873536432161927,29.786712646484375,0.0010503369849175215,0.09048100560903549,23.966320037841797,0.004012067336589098,0.1434103548526764,23.38156509399414,0.004590327851474285,0.16907203197479248,27.214754104614258,0.001898998743854463,0.09789202362298965,28.670766830444336,0.0013580740196630359,27.028486251831055,0.001982217887416482,0.11449238657951355,23.050443649291992,0.004953996278345585,0.15752238035202026,22.583728790283203,0.0055160378105938435,0.18604247272014618,28.720394134521484,0.0013426432851701975,0.051689513027668,28.852832794189453,0.0013023173669353127,28.70037269592285,0.0013488472905009985,0.059626929461956024
100565,6020,2,3358,-1,2,25.120662689208984,0.18943673372268677,23.24734878540039,0.1944521963596344,26.022132873535156,22.025897979736328,0.27421385049819946,20.928430557250977,22.304018020629883,0.14830482006072998,18.012624740600586,17.982328414916992,21.268630981445312,0.3297729194164276,100.0,0.348181813955307,0.5584788918495178,3358,3390,0.40092217922210693,0,0,0.00307562667876482,0.002499117748811841,24.997196197509766,0.0031643204856663942,0.21996042132377625,0.004734400659799576,0.32605475187301636,22.957778930664062,0.005060837138444185,0.3779754340648651,0.006272061727941036,0.015802927315235138,23.18236541748047,0.004805775359272957,0.30677467584609985,0.008075268939137459,0.36106547713279724,21.629222869873047,0.006871913094073534,0.40957337617874146,0.0058829933404922485,0.015913553535938263,23.625274658203125,0.0043398309499025345,0.1572301685810089,0.007466842886060476,0.0,20.647151947021484,0.008615587837994099,0.3897431492805481,27.849721908569336,0.00164069514721632,0.16252762079238892,36.177772521972656,0.0002411141904303804,27.314184188842773,0.0018560151802375913,0.19312068819999695,24.848386764526367,0.0032746230717748404,0.30561885237693787,24.258628845214844,0.0037509147077798843,0.3636256754398346,24.22431182861328,0.003780670464038849,0.2183355987071991,30.98660659790039,0.0007967819110490382,23.72661781311035,0.004239730536937714,0.2528420686721802,22.539546966552734,0.005572440102696419,0.33345016837120056,21.99445915222168,0.006317626219242811,0.39466091990470886,25.158559799194336,0.0030489058699458838,0.08647729456424713,31.64808464050293,0.000684213126078248,24.66901397705078,0.0034127046819776297,0.10034110397100449
104413,6021,3,2236,-1,2,25.774978637695312,0.10305775701999664,19.749942779541016,0.11604638397693634,27.7457218170166,23.001596450805664,0.13699275255203247,18.868907928466797,24.499393463134766,0.07268735766410828,18.08034896850586,18.211814880371094,19.275043487548828,0.27789363265037537,100.0,0.29968926310539246,0.3872223496437073,2236,2268,0.3594333827495575,0,0,0.0026454648468643427,0.0016804593615233898,25.537851333618164,0.0027939272113144398,0.11689373850822449,0.010592681355774403,0.2851385176181793,19.225669860839844,0.011951792053878307,0.3240748643875122,0.0050100297667086124,0.015558410435914993,24.701587677001953,0.0033872025087475777,0.14401572942733765,0.01297505758702755,0.30108344554901123,18.97692108154297,0.012656336650252342,0.33057117462158203,0.0035486314445734024,0.015094497241079807,27.51451873779297,0.0017723443452268839,0.06911620497703552,0.011816686019301414,0.0,18.653562545776367,0.013634639792144299,0.3206096291542053,27.637226104736328,0.0017229687655344605,0.08489291369915009,37.83259582519531,0.0001647177414270118,27.071460723876953,0.001962699694558978,0.10013993084430695,20.20481300354004,0.00953934621065855,0.26659876108169556,19.597408294677734,0.010971329174935818,0.3078051507472992,25.60868263244629,0.002748728496953845,0.10254733264446259,30.84514617919922,0.0008231621468439698,25.164169311523438,0.0030449696350842714,0.118165984749794,19.681591033935547,0.010760707780718803,0.2767963111400604,19.102081298828125,0.012296796776354313,0.3183913230895996,28.965007781982422,0.001269110362045467,0.04234827309846878,31.15906524658203,0.0007657615933567286,28.707780838012695,0.0013465487863868475,0.04964285343885422
104829,6021,3,2684,-1,2,30.030452728271484,0.06985259801149368,35.99460983276367,0.03031826578080654,30.199443817138672,23.984848022460938,0.11143109202384949,24.27273941040039,24.305946350097656,0.0924435555934906,17.992158889770508,18.091670989990234,43.4871711730957,0.002724182326346636,100.0,0.011223586276173592,2.7012991905212402,2684,2716,0.09443061798810959,0,0,0.000993012567050755,0.0009551148395985365,30.005027770996094,0.0009988429956138134,0.08262962847948074,0.0002515006926842034,0.01567773148417473,35.730560302734375,0.0002672663249541074,0.01845918968319893,0.00399498688057065,0.015877574682235718,26.641618728637695,0.002166896127164364,0.11789366602897644,0.003738748375326395,0.09398560971021652,27.178909301757812,0.0019147363491356373,0.09528658539056778,0.0037102678325027227,0.015517901629209518,27.22686767578125,0.0018937090644612908,0.09387494623661041,4.480047937249765e-05,0.0,42.86569595336914,5.1692859415197745e-05,0.003397746942937374,33.95090103149414,0.0004026337119285017,0.04851987957954407,41.730369567871094,6.71372254146263e-05,33.42706298828125,0.00045424854033626616,0.05863076448440552,42.462711334228516,5.671907638316043e-05,0.005967592820525169,41.89826583862305,6.459122960222885e-05,0.007394432555884123,28.734851837158203,0.0013381815515458584,0.07765768468379974,32.220001220703125,0.0005997910629957914,28.380992889404297,0.0014517800882458687,0.09226890653371811,29.51189422607422,0.0011189498472958803,0.05476917326450348,29.175416946411133,0.001209089532494545,0.06482198089361191,29.554534912109375,0.0011080174008384347,0.05062622204422951,32.668724060058594,0.0005409132572822273,29.225360870361328,0.0011952641652897,0.05994199216365814
109339,6022,4,2515,-1,3,28.071949005126953,0.08748355507850647,22.783449172973633,0.13190783560276031,26.26852035522461,24.29093360900879,0.11961502581834793,21.43479347229004,25.437719345092773,0.073137067258358,17.761293411254883,17.8315372467041,22.6516170501709,0.24841588735580444,100.0,0.36343517899513245,0.36294734477996826,2515,2547,0.4236583113670349,0,0,0.0015588527312502265,0.002361283404752612,28.430267333984375,0.0014354019658640027,0.10787564516067505,0.00526811508461833,0.2542283535003662,22.5142765045166,0.005604960024356842,0.30806007981300354,0.003723118221387267,0.016744442284107208,27.645126342773438,0.0017198377754539251,0.13242404162883759,0.007186554837971926,0.2724415361881256,22.32191276550293,0.005858799442648888,0.3154124617576599,0.0028590927831828594,0.016475792974233627,31.1678409576416,0.0007642156560905278,0.07640057057142258,0.0054304832592606544,0.0,22.030136108398438,0.006265942472964525,0.2982247471809387,29.764083862304688,0.0010558239882811904,0.07186544686555862,34.96564865112305,0.0003187388938385993,29.321033477783203,0.0011692217085510492,0.08854940533638,23.258831024169922,0.004721900913864374,0.2402648627758026,22.661123275756836,0.00541860843077302,0.28895097970962524,28.358543395996094,0.0014593037776648998,0.08744068443775177,28.74126625061035,0.001336205517873168,28.30254554748535,0.001478241989389062,0.10815724730491638,22.897850036621094,0.005131155718117952,0.2504749298095703,22.395347595214844,0.005760564934462309,0.3027803599834442,32.014739990234375,0.0006288198637776077,0.03509094566106796,29.869068145751953,0.0010306076146662235,32.4641227722168,0.0005670064128935337,0.04418915510177612
111600,6022,4,4776,-1,0,26.988954544067383,0.07573376595973969,21.396778106689453,0.12252308428287506,25.604610443115234,23.594514846801758,0.11368494480848312,20.202302932739258,25.150983810424805,0.07214692234992981,17.864057540893555,17.96910858154297,21.10907554626465,0.2140333205461502,100.0,0.36531758308410645,0.33538785576820374,4776,4808,0.3933367133140564,0,0,0.0020003444515168667,0.0027513063978403807,27.247318267822266,0.0018848116742447019,0.08826983720064163,0.007249739486724138,0.21615393459796906,20.950626373291016,0.008034102618694305,0.2565770447254181,0.00437067449092865,0.016352888196706772,25.973506927490234,0.0025272569619119167,0.11941269785165787,0.009544866159558296,0.24524427950382233,20.65939712524414,0.008591326884925365,0.27837860584259033,0.003054230008274317,0.01596207357943058,29.712629318237305,0.001068407902494073,0.07199078053236008,0.007746267598122358,0.0,20.48759651184082,0.008938001468777657,0.2568979561328888,28.649429321289062,0.0013647625455632806,0.0587611049413681,34.58589553833008,0.0003478648141026497,28.178112030029297,0.0015212084399536252,0.07028450816869736,21.778051376342773,0.006640410050749779,0.20027770102024078,21.169260025024414,0.007639661896973848,0.24193377792835236,26.742740631103516,0.002117025898769498,0.0797584131360054,28.178178787231445,0.0015211855061352253,26.558645248413086,0.002208693651482463,0.093679279088974,21.29351806640625,0.0074241748079657555,0.2155955731868744,20.768014907836914,0.008379125036299229,0.25838467478752136,30.621807098388672,0.0008666013018228114,0.04030175879597664,29.159393310546875,0.0012135584838688374,30.897903442382812,0.0008132231887429953,0.0487125888466835
112383,6023,5,461,-1,1,22.649993896484375,0.13260318338871002,18.26885414123535,0.2015613168478012,26.724666595458984,20.08762550354004,0.2037542760372162,17.070199966430664,22.037446975708008,0.11826962977647781,17.87672996520996,18.04608154296875,17.183061599731445,0.2535220980644226,100.0,0.3851008415222168,0.5233988165855408,461,493,0.4282954931259155,0,0,0.005432512611150742,0.0021258534397929907,22.26123809814453,0.005941229872405529,0.1467258185148239,0.0148975420743227,0.2603720724582672,17.70170021057129,0.016975797712802887,0.2953929603099823,0.009800255298614502,0.016305236145853996,20.55542755126953,0.00879948865622282,0.21513640880584717,0.019632698968052864,0.3002205193042755,16.95461654663086,0.020162226632237434,0.3293111026287079,0.006255406886339188,0.01568165235221386,23.182872772216797,0.004805215168744326,0.11852861195802689,0.01912907138466835,0.0,16.561582565307617,0.02207200601696968,0.29123082756996155,23.87186050415039,0.0041002850048244,0.12723702192306519,34.42021942138672,0.0003613915469031781,23.301719665527344,0.004675499629229307,0.14443457126617432,18.637645721435547,0.013684706762433052,0.23931115865707397,18.021339416503906,0.015771253034472466,0.2749471068382263,21.43502426147461,0.007186174392700195,0.16561980545520782,28.130741119384766,0.0015378923853859305,20.93927001953125,0.008055140264332294,0.1862446367740631,17.66722297668457,0.017111094668507576,0.26156312227249146,17.090290069580078,0.019542088732123375,0.3002315163612366,24.383060455322266,0.003644969779998064,0.06434076279401779,28.775634765625,0.0013256736565381289,23.977462768554688,0.004001785069704056,0.07223615050315857
112553,6023,5,631,-1,3,24.14708137512207,0.22868865728378296,20.96306800842285,0.21404342353343964,26.386341094970703,21.59095001220703,0.27579155564308167,19.554988861083984,23.195919036865234,0.11780691891908646,17.69050407409668,17.718502044677734,20.046422958374023,0.287109375,100.0,0.387402206659317,0.5525095462799072,631,663,0.4202806353569031,0,0,0.0038485026452690363,0.002298083622008562,23.88592529296875,0.0040870290249586105,0.2548435628414154,0.008011117577552795,0.3003249168395996,20.472944259643555,0.00896820705384016,0.3405940532684326,0.006932742893695831,0.01701960898935795,22.691438674926758,0.005380917806178331,0.3047429323196411,0.011079011484980583,0.31064239144325256,19.880477905273438,0.010279030539095402,0.3449392020702362,0.00479079969227314,0.016910238191485405,25.336854934692383,0.002926270943135023,0.11819656938314438,0.009893681854009628,0.0,19.42494010925293,0.011415787972509861,0.3310680687427521,25.553123474121094,0.0027841171249747276,0.20862802863121033,35.84195327758789,0.0002604982000775635,24.986169815063477,0.0031723659485578537,0.23927167057991028,21.617835998535156,0.0068899537436664104,0.2752169668674469,21.00872230529785,0.007927346043288708,0.317567378282547,23.528305053710938,0.004437820985913277,0.23422029614448547,29.207725524902344,0.0012001278810203075,23.066312789916992,0.004935927223414183,0.2680436074733734,20.653358459472656,0.008603283204138279,0.28746989369392395,20.10659408569336,0.00975754577666521,0.33139073848724365,26.638765335083008,0.002168320817872882,0.0792737603187561,30.07227897644043,0.000983495032414794,26.2882080078125,0.00235060160048306,0.0894588828086853
113839,6023,5,2013,-1,2,25.39246368408203,0.11680879443883896,22.467247009277344,0.17306466400623322,26.690650939941406,22.265003204345703,0.15656450390815735,20.47113037109375,23.731775283813477,0.09565037488937378,17.911609649658203,17.954971313476562,21.432811737060547,0.13896964490413666,100.0,0.28193172812461853,0.6138530969619751,2013,2045,0.38745078444480896,0,0,0.0028890410903841257,0.0021425699815154076,25.223169326782227,0.0030038829427212477,0.13202393054962158,0.005665985867381096,0.15681207180023193,22.04326629638672,0.006247028708457947,0.17608670890331268,0.005936082452535629,0.016174808144569397,23.604244232177734,0.0043608942069113255,0.1629503071308136,0.008971953764557838,0.18994057178497314,21.059206008911133,0.007835730910301208,0.19834637641906738,0.004234698135405779,0.016014112159609795,26.157398223876953,0.0024224803782999516,0.0890750139951706,0.0071898335590958595,0.0,20.81133270263672,0.008295961655676365,0.15825562179088593,27.115047454833984,0.0019431008258834481,0.0931302011013031,37.7830924987793,0.00016660599794704467,26.543502807617188,0.002216407796368003,0.10863856971263885,23.127185821533203,0.00486722681671381,0.13537593185901642,22.52179718017578,0.005595260765403509,0.15452329814434052,24.69845199584961,0.0033896497916430235,0.1208065077662468,31.78506088256836,0.0006629701238125563,24.19173240661621,0.003809139132499695,0.1408393681049347,21.956199645996094,0.006373526994138956,0.15312112867832184,21.39120864868164,0.007259042467921972,0.17420849204063416,27.62674331665039,0.0017271328251808882,0.0522313192486763,32.30133819580078,0.000588662049267441,27.207250595092773,0.00190228212159127,0.05903126299381256
114967,6023,5,3205,-1,2,26.31645393371582,0.17907701432704926,24.783151626586914,0.1957406848669052,25.322505950927734,22.968280792236328,0.24503366649150848,22.12834930419922,24.01175308227539,0.12921185791492462,17.655946731567383,17.683164596557617,23.407791137695312,0.24459728598594666,100.0,0.35403746366500854,0.5528813004493713,3205,3237,0.39991918206214905,0,0,0.002335363533347845,0.0029359550680965185,26.491775512695312,0.0022429649252444506,0.21618695557117462,0.0033241829369217157,0.25339698791503906,24.49776840209961,0.0035499571822583675,0.308106929063797,0.0050486125983297825,0.017155585810542107,24.967540740966797,0.003186001442372799,0.2774493098258972,0.006125835236161947,0.2872259318828583,23.54526710510254,0.004420517943799496,0.330533891916275,0.0039703138172626495,0.017048392444849014,27.081205368041992,0.001958301989361644,0.13445056974887848,0.004562688991427422,0.0,22.786312103271484,0.005264641251415014,0.2971952557563782,28.292673110961914,0.0014816061593592167,0.15761826932430267,35.289119720458984,0.00029586133314296603,27.788393020629883,0.0016640285030007362,0.19669915735721588,25.751619338989258,0.0026597334071993828,0.22944669425487518,25.15436363220215,0.0030518544372171164,0.2838909924030304,25.866086959838867,0.002590546850115061,0.18577709794044495,29.457538604736328,0.001133042387664318,25.50555992126465,0.002814778359606862,0.227044939994812,24.229557037353516,0.0037761079147458076,0.2450968325138092,23.748685836791992,0.004218241199851036,0.30050650238990784,28.089271545410156,0.0015526475617662072,0.07903403043746948,30.289487838745117,0.0009355161455459893,27.831506729125977,0.0016475907759740949,0.09549269080162048
121682,6025,3,182,-1,2,27.659889221191406,0.09013454616069794,26.556760787963867,0.1207035556435585,27.150686264038086,23.44855499267578,0.12768085300922394,22.99077606201172,24.161983489990234,0.08451814204454422,17.94506072998047,18.034154891967773,24.243701934814453,0.07935582101345062,100.0,0.16455917060375214,0.733496367931366,182,214,0.31113290786743164,0,0,0.00171400117687881,0.0019272209610790014,27.743812561035156,0.0016811981331557035,0.10334621369838715,0.002209651982411742,0.08515317738056183,26.267501831054688,0.002361837076023221,0.09833288192749023,0.00452006421983242,0.01605070009827614,25.612804412841797,0.0027461196295917034,0.13209444284439087,0.005022531375288963,0.11672604084014893,24.70102310180664,0.003387644188478589,0.11879567801952362,0.0038353228010237217,0.01572478376328945,26.976314544677734,0.002006174996495247,0.0798306092619896,0.0037638272624462843,0.0,23.622224807739258,0.004342877771705389,0.09391029179096222,30.68404769897461,0.000854270241688937,0.0725703090429306,35.998775482177734,0.0002512595383450389,30.236312866210938,0.0009470410877838731,0.08811427652835846,28.384458541870117,0.0014506214065477252,0.06578097492456436,27.800912857055664,0.0016592383617535233,0.07690276205539703,26.692485809326172,0.0021416645031422377,0.08977144211530685,30.16244125366211,0.0009632870787754655,26.339597702026367,0.0023229531943798065,0.10766933113336563,25.55657196044922,0.0027819089591503143,0.07663805037736893,25.100767135620117,0.0030897483229637146,0.089747853577137,28.098604202270508,0.0015493144746869802,0.03941664472222328,31.178674697875977,0.0007623117417097092,27.771818161010742,0.0016703917644917965,0.04597296938300133
135402,6027,5,4069,-1,0,24.53430938720703,0.08589238673448563,22.212858200073242,0.23319485783576965,25.782472610473633,21.56085968017578,0.1334419548511505,20.08133888244629,22.90879249572754,0.08715593814849854,17.855392456054688,17.659753799438477,20.722339630126953,0.10394536703824997,100.0,0.32244589924812317,0.7232061624526978,4069,4101,0.3825547695159912,0,0,0.0035202144645154476,0.0026409050915390253,24.37053871154785,0.0036554927937686443,0.09255558997392654,0.0060077840462327,0.1161004826426506,21.80108642578125,0.006605281960219145,0.12934759259223938,0.006980942562222481,0.016385547816753387,22.56954574584961,0.005534080322831869,0.13572537899017334,0.009814455173909664,0.14683668315410614,20.570995330810547,0.008767997846007347,0.15139034390449524,0.005118240602314472,0.017140546813607216,24.856311798095703,0.003268653992563486,0.08405391871929169,0.008467713370919228,0.0,20.100860595703125,0.009770439006388187,0.11924955993890762,26.08774185180664,0.002461646916344762,0.07549187541007996,36.4347038269043,0.00022726343013346195,25.520055770874023,0.002805398078635335,0.08444544672966003,22.98907470703125,0.005024496000260115,0.0999622493982315,22.384300231933594,0.005775241646915674,0.11510316282510757,23.792381286621094,0.004176014568656683,0.09274443984031677,30.874311447143555,0.0008176527335308492,23.285785675048828,0.004692685324698687,0.1038399413228035,21.585634231567383,0.006941232830286026,0.1103053092956543,21.03081512451172,0.00788712315261364,0.12531046569347382,26.83792495727539,0.0020711305551230907,0.045805905014276505,31.003253936767578,0.0007937332266010344,26.44423484802246,0.0022676533553749323,0.05256970226764679
136024,6027,5,4723,-1,2,22.196104049682617,0.16062134504318237,18.58350944519043,0.23732328414916992,26.853792190551758,19.82682991027832,0.19577737152576447,17.343799591064453,22.131956100463867,0.11072993278503418,18.128070831298828,18.090478897094727,17.446205139160156,0.3787606656551361,100.0,0.45710402727127075,0.5191887617111206,4723,4755,0.3400048613548279,0,0,0.006031004246324301,0.0020635768305510283,21.77741813659668,0.0066413781605660915,0.17867861688137054,0.013856356032192707,0.37583428621292114,18.051944732666016,0.015660496428608894,0.42870497703552246,0.010406797751784325,0.015388386324048042,20.1590518951416,0.009640400297939777,0.2060377299785614,0.01843402534723282,0.40323692560195923,17.25152587890625,0.01882988214492798,0.4434293806552887,0.006120749749243259,0.015522164292633533,23.302762985229492,0.0046743787825107574,0.1075315922498703,0.018004436045885086,0.0,16.824726104736328,0.020774347707629204,0.434143990278244,23.114355087280273,0.004881628323346376,0.13003240525722504,36.365840911865234,0.00023089579190127552,22.520349502563477,0.005597126204520464,0.14931412041187286,18.953922271728516,0.012723537161946297,0.3611479699611664,18.341325759887695,0.014651010744273663,0.4170263409614563,21.24525260925293,0.0075071463361382484,0.14923794567584991,31.010272979736328,0.0007924517849460244,20.685331344604492,0.00854017585515976,0.17031268775463104,18.0479736328125,0.015674825757741928,0.3740159869194031,17.454822540283203,0.01796875149011612,0.42900413274765015,25.18789291381836,0.0030283823143690825,0.057483360171318054,31.73031234741211,0.0006713807815685868,24.696727752685547,0.0033909978810697794,0.06535451114177704
137689,6028,2,1539,-1,3,27.379783630371094,0.1114860475063324,26.618064880371094,0.14711445569992065,24.501506805419922,23.85556983947754,0.14830642938613892,23.431760787963867,24.568540573120117,0.09742660075426102,17.523422241210938,17.649240493774414,25.876779556274414,0.13021007180213928,100.0,0.30292069911956787,0.4856533706188202,1539,1571,0.3924388587474823,0,0,0.0018281913362443447,0.003546903608366847,28.058259963989258,0.0015637741889804602,0.12973538041114807,0.00217867991887033,0.13389120995998383,26.738908767700195,0.0021188948303461075,0.15815770626068115,0.004115695133805275,0.017687151208519936,26.92979621887207,0.0020277793519198895,0.16058450937271118,0.004537574946880341,0.16667483747005463,25.910179138183594,0.0025643783155828714,0.18282203376293182,0.003492576302960515,0.017182089388370514,28.580808639526367,0.0013864978682249784,0.10202193260192871,0.002584176603704691,0.0,25.255298614501953,0.0029817423783242702,0.16104744374752045,30.483509063720703,0.0008946419111452997,0.09282439947128296,31.328895568847656,0.0007363944314420223,30.366905212402344,0.0009189876727759838,0.11419311910867691,28.547256469726562,0.0013972510350868106,0.11720915883779526,28.075794219970703,0.00155747274402529,0.1416442096233368,27.719945907592773,0.0016904622316360474,0.1126902848482132,27.87105369567871,0.0016326564364135265,27.697158813476562,0.0016993554309010506,0.13682718575000763,26.43677520751953,0.0022715518716722727,0.1410185843706131,26.322391510009766,0.0023321732878684998,0.17064212262630463,29.119216918945312,0.0012248370330780745,0.05477603152394295,26.904441833496094,0.002039650920778513,29.588125228881836,0.001099481014534831,0.06740869581699371
140598,6028,2,4512,-1,0,28.66989517211914,0.10243656486272812,24.569610595703125,0.12516088783740997,28.255390167236328,24.247304916381836,0.13883604109287262,22.288209915161133,24.75271224975586,0.09849336743354797,18.056581497192383,18.129743576049805,23.76050567626953,0.2014119178056717,100.0,0.31929028034210205,0.39199718832969666,4512,4544,0.39489567279815674,0,0,0.0013583461986854672,0.001494379946961999,28.737327575683594,0.0013374180998653173,0.11880895495414734,0.003491715295240283,0.20609888434410095,24.28455352783203,0.0037285916041582823,0.23499083518981934,0.0037607066333293915,0.015643784776329994,27.13871192932129,0.0019325410248711705,0.14805564284324646,0.005904442630708218,0.22231605648994446,23.59581756591797,0.004369365517050028,0.24822549521923065,0.00334756332449615,0.015382460318505764,28.250568389892578,0.0014960408443585038,0.10138163715600967,0.004206777084618807,0.0,23.139026641845703,0.004853973630815744,0.23575632274150848,31.184284210205078,0.000761327741201967,0.07661161571741104,37.618812561035156,0.00017302909691352397,30.69644546508789,0.0008518352406099439,0.09105104207992554,25.298091888427734,0.002952506532892585,0.1825552135705948,24.710329055786133,0.003380392910912633,0.21693094074726105,28.119094848632812,0.001542022218927741,0.09755871444940567,30.167205810546875,0.0009622312500141561,27.8748722076416,0.0016312208026647568,0.11489319801330566,24.24987030029297,0.003758487058803439,0.19743379950523376,23.765954971313477,0.00420150114223361,0.23173701763153076,29.450084686279297,0.001134988502599299,0.055996719747781754,30.800304412841797,0.0008317057508975267,29.275121688842773,0.001181647414341569,0.06620828807353973
140899,6028,2,4845,-1,0,19.248464584350586,0.3840699791908264,15.589747428894043,0.3403806686401367,22.903337478637695,17.996612548828125,0.42989084124565125,14.964344024658203,22.07793426513672,0.12843769788742065,17.668899536132812,17.94776725769043,14.94484806060791,0.3462609052658081,100.0,0.4844828248023987,0.7025650143623352,4845,4877,0.412518709897995,0,0,0.011889224871993065,0.005124675575643778,18.88404083251953,0.012929926626384258,0.44066038727760315,0.02760738506913185,0.342284619808197,15.042691230773926,0.031313445419073105,0.39431875944137573,0.015861306339502335,0.017104484140872955,18.04929542541504,0.01567004807293415,0.48629051446914673,0.031883470714092255,0.38087838888168335,14.637916564941406,0.03437229245901108,0.4308437705039978,0.006197360809892416,0.016040699556469917,23.294755935668945,0.004683001898229122,0.1345880776643753,0.032026924192905426,0.0,14.323369026184082,0.03695414587855339,0.4052197337150574,19.756681442260742,0.010576256550848484,0.3460298180580139,31.861703872680664,0.0006513730622828007,19.171010971069336,0.01210316177457571,0.4019452929496765,15.744067192077637,0.026643626391887665,0.3233274221420288,15.128678321838379,0.03069956973195076,0.38105690479278564,18.749130249023438,0.013337887823581696,0.37455084919929504,29.07954216003418,0.001236078212969005,18.18164825439453,0.015199705958366394,0.43342065811157227,15.284656524658203,0.029616547748446465,0.3425777554512024,14.682758331298828,0.034019213169813156,0.39968907833099365,24.86049461364746,0.003265508683398366,0.07616647332906723,30.328933715820312,0.0009270572918467224,24.40659523010254,0.0036252704448997974,0.0909397304058075
143511,6029,3,2590,-1,0,25.512958526611328,0.14203909039497375,21.111936569213867,0.1505291908979416,27.442712783813477,22.589052200317383,0.1650543361902237,19.809288024902344,23.862491607666016,0.08495119214057922,18.055822372436523,18.15147590637207,20.461109161376953,0.26298946142196655,100.0,0.3253597021102905,0.4626546800136566,2590,2622,0.37353068590164185,0,0,0.0028099860064685345,0.0018018927657976747,25.279640197753906,0.0029650775250047445,0.16375675797462463,0.007741163019090891,0.27733445167541504,20.666954040527344,0.008576393127441406,0.3242862820625305,0.005509281996637583,0.01564652845263481,24.03435516357422,0.003949705045670271,0.18137557804584503,0.010448912158608437,0.29124197363853455,20.167926788330078,0.00962071307003498,0.3313373029232025,0.0041091423481702805,0.015305674634873867,26.22220802307129,0.0023865990806370974,0.0840788185596466,0.00899268127977848,0.0,19.839630126953125,0.010376171208918095,0.31361836194992065,27.131969451904297,0.0019355440745130181,0.10983330756425858,35.749603271484375,0.0002660967002157122,26.590839385986328,0.0021923822350800037,0.12821753323078156,21.620397567749023,0.006885892245918512,0.2549101710319519,21.010578155517578,0.007923959754407406,0.3023775517940521,25.17157745361328,0.0030397807713598013,0.1250976026058197,31.481204986572266,0.0007110164151526988,24.687700271606445,0.003398052416741848,0.1487354338169098,20.902488708496094,0.008123653009533882,0.26619598269462585,20.32245445251465,0.009284413419663906,0.3166273534297943,28.189510345458984,0.0015172208659350872,0.04480340704321861,32.64325714111328,0.0005440943059511483,27.780818939208984,0.0016669327160343528,0.053103066980838776
145605,6029,3,4812,-1,1,21.810529708862305,0.21378657221794128,20.14112663269043,0.18384456634521484,25.935813903808594,20.145408630371094,0.24760374426841736,18.987272262573242,23.37787628173828,0.07981301844120026,17.917755126953125,17.85387420654297,19.640573501586914,0.3023146092891693,36.46255874633789,0.29077526926994324,0.6322565674781799,4812,4844,0.3298968970775604,0,0,0.006590935401618481,0.0025492855347692966,21.41900634765625,0.007212727330625057,0.25100159645080566,0.009680268354713917,0.3078914284706116,19.686006546020508,0.010749777778983116,0.3582530617713928,0.009670727886259556,0.01615193858742714,20.617998123168945,0.008673618547618389,0.27619612216949463,0.012626200914382935,0.3222295641899109,19.165550231933594,0.012118394486606121,0.36460041999816895,0.0045942277647554874,0.016391275450587273,25.560649871826172,0.0027792968321591616,0.07443134486675262,0.010862825438380241,0.00022581062512472272,19.031147003173828,0.012499288655817509,0.35558056831359863,22.501373291015625,0.005621638614684343,0.19596073031425476,37.52547836303711,0.00017678791482467204,21.89813995361328,0.006459307391196489,0.23351052403450012,20.57958984375,0.008750665932893753,0.28969529271125793,19.977283477783203,0.010052447207272053,0.34195324778556824,21.65068817138672,0.006838031578809023,0.21253882348537445,32.02531433105469,0.0006272907485254109,21.082658767700195,0.007793529890477657,0.25277379155158997,19.997802734375,0.010005059652030468,0.2994019389152527,19.419261932373047,0.011430726386606693,0.3540656268596649,28.10260772705078,0.0015478873392567039,0.039728693664073944,32.467529296875,0.0005665614153258502,27.698423385620117,0.0016988605493679643,0.046913497149944305
146237,6030,4,619,-1,3,23.32735252380371,0.20020705461502075,19.286081314086914,0.22727537155151367,25.510848999023438,21.0404109954834,0.2383584827184677,18.250289916992188,23.453067779541016,0.08608368784189224,17.649749755859375,17.78018569946289,18.68178367614746,0.3836783170700073,33.942527770996094,0.47603535652160645,0.47743380069732666,619,651,0.4332636594772339,0,0,0.004647986963391304,0.0028113515581935644,23.0710506439209,0.004930546041578054,0.22980284690856934,0.011786690913140774,0.38858741521835327,18.836544036865234,0.01307210698723793,0.45030561089515686,0.007869713939726353,0.017180075868964195,21.912927627563477,0.006437351461499929,0.2617284655570984,0.014961360022425652,0.407412588596344,18.35670280456543,0.01459922082722187,0.4593425989151001,0.0045153675600886345,0.016671763733029366,25.775493621826172,0.002645152620971203,0.08197697252035141,0.013546333648264408,0.0004034105804748833,18.07758140563965,0.015568321570754051,0.4468576908111572,24.31328582763672,0.003704005852341652,0.18322773277759552,35.64349365234375,0.0002726784732658416,23.734643936157227,0.004231902305036783,0.21336844563484192,19.375009536743164,0.011547793634235859,0.37005096673965454,18.771514892578125,0.013269317336380482,0.43429309129714966,23.0734920501709,0.004927774425595999,0.19953612983226776,28.783742904663086,0.0013232005294412374,22.6103515625,0.005482325330376625,0.2294693887233734,18.87806510925293,0.012947727926075459,0.37988507747650146,18.31906509399414,0.014726296998560429,0.442850261926651,28.018808364868164,0.0015780444955453277,0.04513042792677879,29.36701202392578,0.0011569078778848052,27.84406280517578,0.001642834860831499,0.05211353302001953
150470,6030,4,4980,-1,1,28.00880241394043,0.08785124868154526,26.681001663208008,0.14765317738056183,24.129730224609375,24.445837020874023,0.12027082592248917,23.82184600830078,25.894498825073242,0.06890714913606644,17.739389419555664,18.184598922729492,26.689788818359375,0.13556112349033356,100.0,0.25837862491607666,0.571460485458374,4980,5012,0.341849684715271,0,0,0.0015816839877516031,0.003863911610096693,29.09893035888672,0.0012305721174925566,0.10376027226448059,0.002147335559129715,0.14851577579975128,27.029848098754883,0.0019815971609205008,0.17887820303440094,0.0035926620475947857,0.01682911068201065,28.07910919189453,0.001556285424157977,0.13086073100566864,0.004147779196500778,0.1731507033109665,26.432449340820312,0.0022738142870366573,0.19468294084072113,0.0025736535899341106,0.015189382247626781,31.987524032592773,0.0006327725714072585,0.06618808954954147,0.0021429944317787886,0.0,26.068309783935547,0.002472685882821679,0.16579651832580566,30.19683837890625,0.0009556882432661951,0.07563289999961853,34.608829498291016,0.0003460327861830592,29.790252685546875,0.0010494813323020935,0.09273827075958252,27.703630447387695,0.0016968250274658203,0.13277989625930786,27.150285720825195,0.0019273984944447875,0.16253632307052612,29.086877822875977,0.0012339918175712228,0.08325080573558807,30.80828857421875,0.0008301778580062091,28.873558044433594,0.0012961170868948102,0.10080878436565399,26.951086044311523,0.0020178621634840965,0.13941293954849243,26.531665802001953,0.0022224574349820614,0.16956359148025513,33.68191146850586,0.0004283601010683924,0.028458435088396072,31.781246185302734,0.000663552840705961,34.065181732177734,0.00039217661833390594,0.03426747769117355
160339,6032,2,4923,-1,2,26.785993576049805,0.24069315195083618,25.33441925048828,0.21419472992420197,24.9825439453125,23.620975494384766,0.28405773639678955,22.70000648498535,25.28466796875,0.08785655349493027,17.670839309692383,17.9114933013916,24.47903060913086,0.2414335012435913,100.0,0.29331403970718384,0.7302573323249817,4923,4955,0.4003245532512665,0,0,0.002096045995131135,0.0031750148627907038,27.14431381225586,0.0019300509011372924,0.28991588950157166,0.0029279121663421392,0.2382480800151825,25.07136344909668,0.0031107410322874784,0.29029783606529236,0.004344127606600523,0.017096852883696556,26.230274200439453,0.00238216994330287,0.3250972628593445,0.005370310973376036,0.26413437724113464,24.386104583740234,0.0036424167919903994,0.3057311475276947,0.0029616476967930794,0.01617524027824402,30.320837020874023,0.0009287871071137488,0.08566480875015259,0.003565307706594467,0.0,23.85755157470703,0.0041138166561722755,0.2981889247894287,28.071170806884766,0.0015591330593451858,0.21276503801345825,34.71101379394531,0.000337985809892416,27.57706642150879,0.0017470017774030566,0.26051899790763855,25.764259338378906,0.0026520041283220053,0.22067251801490784,25.1718692779541,0.003039577743038535,0.2755873203277588,26.79195785522461,0.0020931686740368605,0.22936180233955383,29.623023986816406,0.001090680598281324,26.48320198059082,0.0022473977878689766,0.2761569619178772,24.886844635009766,0.003245753236114979,0.2362651526927948,24.411006927490234,0.0036215917207300663,0.29102078080177307,31.300670623779297,0.0007411956903524697,0.0494827926158905,31.3198184967041,0.0007379352464340627,31.297733306884766,0.0007416973239742219,0.060163289308547974
160613,6033,3,60,-1,0,26.41823959350586,0.11270932108163834,23.38315200805664,0.1259486824274063,26.666868209838867,23.252967834472656,0.1598508656024933,21.580049514770508,24.443273544311523,0.08927123248577118,17.89618682861328,18.06159782409668,22.697601318359375,0.12955008447170258,100.0,0.21656815707683563,0.5815660357475281,60,92,0.3598001301288605,0,0,0.002281266963109374,0.002154335379600525,26.381221771240234,0.0023007949348539114,0.13253293931484222,0.004588649608194828,0.13959713280200958,23.001262664794922,0.005010414402931929,0.1624126434326172,0.004728281404823065,0.016232354566454887,25.289398193359375,0.0029584236908704042,0.17687931656837463,0.006950164679437876,0.16062532365322113,22.44804573059082,0.0056910887360572815,0.17562390863895416,0.0035947838332504034,0.015625732019543648,27.584861755371094,0.0017438685754314065,0.09074582159519196,0.0053732856176793575,0.0,22.076122283935547,0.006199945230036974,0.15388402342796326,28.395313262939453,0.0014469997258856893,0.09809073060750961,36.45594787597656,0.00022615461784880608,27.86529541015625,0.0016348222270607948,0.11931312829256058,24.14029312133789,0.0038545227143913507,0.12096288800239563,23.536645889282227,0.004429304040968418,0.14355459809303284,26.517866134643555,0.002229530829936266,0.11795755475759506,31.707612991333008,0.0006748987943865359,26.075307846069336,0.002468705177307129,0.14403019845485687,23.21722412109375,0.00476735457777977,0.1312410980463028,22.66812515258789,0.005409877747297287,0.1551116406917572,29.12685203552246,0.0012226862600073218,0.05281354486942291,32.049644470214844,0.0006237857160158455,28.811321258544922,0.0013148246798664331,0.06380905956029892
161430,6033,3,877,-1,1,26.539487838745117,0.11829580366611481,23.95906639099121,0.149924635887146,26.768280029296875,22.920257568359375,0.1801641881465912,21.653596878051758,23.99072265625,0.10077695548534393,17.977031707763672,18.024173736572266,22.539962768554688,0.11704471707344055,100.0,0.22919121384620667,0.6541465520858765,877,909,0.3940505385398865,0,0,0.00221845880150795,0.002104612300172448,26.505332946777344,0.002235973486676812,0.1354600340127945,0.004018772859126329,0.12579381465911865,23.66739273071289,0.004297945182770491,0.14199906587600708,0.005104749463498592,0.015932977199554443,24.635847091674805,0.0034388680942356586,0.19739016890525818,0.006833452265709639,0.16869428753852844,22.582767486572266,0.005517259240150452,0.1802021712064743,0.00398958520963788,0.015760963782668114,26.618215560913086,0.0021786042489111423,0.10502821207046509,0.0055719055235385895,0.0,21.918485641479492,0.00642912182956934,0.13652363419532776,28.596385955810547,0.001381533220410347,0.10833949595689774,36.70773696899414,0.00021341581305023283,28.065296173095703,0.0015612434362992644,0.12784473598003387,24.970014572143555,0.0031841883901506662,0.10399778187274933,24.369041442871094,0.0036567561328411102,0.1201925054192543,25.596012115478516,0.002756758825853467,0.13875949382781982,29.622323989868164,0.0010908569674938917,25.20993423461914,0.0030130515806376934,0.16311664879322052,23.35275650024414,0.004620877560228109,0.12158799916505814,22.872236251831055,0.005161506123840809,0.14016547799110413,27.612335205078125,0.0017328718677163124,0.05601587891578674,29.599592208862305,0.0010965814581140876,27.373680114746094,0.0018307624850422144,0.06453034281730652
162239,6033,3,1718,-1,0,27.7700252532959,0.10260901600122452,25.574745178222656,0.11903388798236847,26.235855102539062,24.140140533447266,0.16182899475097656,22.955732345581055,24.4657039642334,0.0987122505903244,18.07232666015625,18.013816833496094,24.882286071777344,0.17225441336631775,100.0,0.21177418529987335,0.5620793104171753,1718,1750,0.37050703167915344,0,0,0.0016710805939510465,0.002379110548645258,28.06276512145996,0.0015621527563780546,0.12432575970888138,0.00277029094286263,0.17478564381599426,25.371814727783203,0.002902810461819172,0.20635436475276947,0.0038546593859791756,0.01558717805892229,26.883190155029297,0.0020496565848588943,0.1820298284292221,0.005063218995928764,0.21121211349964142,24.662960052490234,0.0034174639731645584,0.23511666059494019,0.003576264949515462,0.015798594802618027,27.705982208251953,0.0016959065105766058,0.1031448170542717,0.0032491632737219334,0.0,24.260807037353516,0.0037490343675017357,0.2063416838645935,31.876813888549805,0.0006491104722954333,0.08927467465400696,35.97983169555664,0.00025235782959498465,31.48650360107422,0.0007101492956280708,0.11255254596471786,27.716781616210938,0.0016916940221562982,0.15681573748588562,27.129253387451172,0.0019367554923519492,0.18855351209640503,27.972013473510742,0.0015951396198943257,0.10704968124628067,29.07953453063965,0.0012360797263681889,27.824161529541016,0.001650379621423781,0.13315942883491516,25.66413116455078,0.0027138555888086557,0.16923747956752777,25.277212142944336,0.002966736676171422,0.20388446748256683,28.996204376220703,0.0012600262416526675,0.056897055357694626,29.803564071655273,0.0010462698992341757,28.88431167602539,0.0012929115910083055,0.06866496801376343
162821,6033,3,2364,-1,1,19.10003089904785,0.2766662538051605,17.626325607299805,0.32431212067604065,21.25398826599121,18.00988006591797,0.33656272292137146,16.770708084106445,23.13861083984375,0.12064947932958603,17.112791061401367,17.72597885131836,16.991350173950195,0.22239035367965698,100.0,0.4295671582221985,0.7549741864204407,2364,2396,0.452860563993454,0,0,0.012302604503929615,0.007492057979106903,18.846328735351562,0.013042687438428402,0.31236109137535095,0.017272986471652985,0.22863894701004028,17.077486038208008,0.01959979347884655,0.2679218351840973,0.015812911093235016,0.01944110170006752,18.165956497192383,0.015254727564752102,0.3795804977416992,0.021034356206655502,0.2635030448436737,16.62181282043457,0.021768013015389442,0.2960496246814728,0.004854438826441765,0.01688115857541561,25.222749710083008,0.0030041742138564587,0.12506219744682312,0.019992411136627197,0.0,16.369869232177734,0.02306816726922989,0.2678796648979187,19.334129333496094,0.011657007038593292,0.25121966004371643,23.814441680908203,0.004154853522777557,18.92410659790039,0.012811185792088509,0.292571485042572,17.69488525390625,0.017002448439598083,0.21192045509815216,17.078304290771484,0.019596099853515625,0.25489363074302673,18.72243309020996,0.013420132920145988,0.27902376651763916,22.92251205444336,0.005102099385112524,18.326875686645508,0.014699829742312431,0.326397180557251,17.2708797454834,0.01874615252017975,0.22781023383140564,16.682048797607422,0.02146817371249199,0.2711982727050781,27.02658462524414,0.0019830872770398855,0.06559070944786072,29.803058624267578,0.0010463916696608067,26.721927642822266,0.002127194544300437,0.08002248406410217
169866,6034,4,4595,-1,3,28.10318374633789,0.09190599620342255,26.950077056884766,0.11570229381322861,25.965328216552734,23.60953140258789,0.12760217487812042,23.36327362060547,24.508258819580078,0.08342418819665909,16.892751693725586,17.069059371948242,26.451892852783203,0.10796146839857101,100.0,0.25909510254859924,0.4465630352497101,4595,4627,0.3940943479537964,0,0,0.0015476817497983575,0.0025320204440504313,28.55038070678711,0.0013962453231215477,0.11117017269134521,0.0020183303859084845,0.11657144129276276,27.428340911865234,0.001807864406146109,0.14135916531085968,0.004355591256171465,0.020451487973332405,27.260040283203125,0.0018792995251715183,0.13877107203006744,0.004609699361026287,0.153865784406662,26.49173355102539,0.002242986112833023,0.16983816027641296,0.0035413927398622036,0.019637856632471085,29.72644805908203,0.0010650140466168523,0.08292362838983536,0.002263658447191119,0.0,25.830413818359375,0.0026119134854525328,0.13421984016895294,30.587711334228516,0.0008734313887543976,0.07276111096143723,33.45268630981445,0.000451576488558203,30.27643585205078,0.0009383320575580001,0.09057176113128662,28.912660598754883,0.0012844997690990567,0.09986051917076111,28.393232345581055,0.001447694143280387,0.1278480440378189,27.7626953125,0.0016739045968279243,0.09394995123147964,27.317413330078125,0.0018546364735811949,27.835437774658203,0.0016460994957014918,0.11245469748973846,26.9923095703125,0.0019987993873655796,0.11389017850160599,26.821571350097656,0.0020789445843547583,0.14157593250274658,30.483047485351562,0.0008947366150096059,0.04363502562046051,28.198375701904297,0.0015141277108341455,30.972110748291016,0.0007994456682354212,0.054224587976932526
173536,6035,5,3210,-1,2,26.92154312133789,0.1496042162179947,24.871829986572266,0.19742313027381897,26.715248107910156,23.093862533569336,0.20584630966186523,22.18570899963379,24.160266876220703,0.11940213292837143,17.636592864990234,17.792945861816406,23.644393920898438,0.18970085680484772,100.0,0.3689754009246826,0.5350577235221863,3210,3242,0.40764233469963074,0,0,0.002031634794548154,0.002130469772964716,26.954172134399414,0.0020164295565336943,0.18128933012485504,0.003256994066759944,0.2044176310300827,24.797916412353516,0.0033128997310996056,0.24992474913597107,0.004904713947325945,0.017232196405529976,25.216964721679688,0.0030081779696047306,0.23984435200691223,0.006045454181730747,0.24591132998466492,23.651559829711914,0.004313640762120485,0.2881842851638794,0.003836839459836483,0.016622846946120262,27.28213882446289,0.0018697615014389157,0.12748757004737854,0.004320763051509857,0.0,23.022916793823242,0.004985495936125517,0.23543596267700195,28.498106002807617,0.0014131544157862663,0.13652841746807098,35.51024627685547,0.000281173997791484,27.993396759033203,0.0015873051015660167,0.16968616843223572,25.88075828552246,0.0025818091817200184,0.1779472529888153,25.32958221435547,0.0029311752878129482,0.2235620617866516,26.035213470458984,0.002491601975634694,0.166375070810318,29.37272071838379,0.0011553885415196419,25.690914154052734,0.002697173273190856,0.20616596937179565,24.317026138305664,0.0037008149083703756,0.2014983594417572,23.883663177490234,0.0040891580283641815,0.24880968034267426,28.345863342285156,0.0014635700499638915,0.07086770236492157,29.955806732177734,0.001010228181257844,28.143688201904297,0.0015333151677623391,0.08617109060287476
173629,6035,5,3303,-1,3,26.2418155670166,0.14985667169094086,26.399188995361328,0.1541750431060791,26.382080078125,22.868694305419922,0.21519026160240173,22.82044219970703,23.938405990600586,0.1340409219264984,17.629186630249023,17.749858856201172,24.497875213623047,0.09137316048145294,100.0,0.20464745163917542,0.7533689737319946,3303,3335,0.21216754615306854,0,0,0.0023758469615131617,0.0023003409150987864,26.22063446044922,0.002387463580816984,0.1745084524154663,0.0022912961430847645,0.10233721137046814,26.133651733398438,0.00243576243519783,0.11674979329109192,0.00516571756452322,0.017261609435081482,24.808536529541016,0.003304810496047139,0.23892824351787567,0.005223430227488279,0.15835480391979218,24.722164154052734,0.0033711937721818686,0.17235031723976135,0.004037937149405479,0.01678858883678913,26.827102661132812,0.0020762986969202757,0.1404559165239334,0.0035498696379363537,0.0,23.87639808654785,0.004096003714948893,0.11010422557592392,28.145347595214844,0.0015327295986935496,0.12739737331867218,36.0576171875,0.00024787808069959283,27.61853790283203,0.0017303989734500647,0.15220177173614502,27.751901626586914,0.0016780695877969265,0.07058180868625641,27.175548553466797,0.0019162193639203906,0.08491536229848862,25.622711181640625,0.0027398639358580112,0.1500645875930786,28.020977020263672,0.0015772563638165593,25.348068237304688,0.002918726997449994,0.17963069677352905,25.337615966796875,0.0029257589485496283,0.09859316796064377,25.003557205200195,0.003159688785672188,0.11930111795663834,27.869487762451172,0.0016332451486960053,0.07831200957298279,28.556175231933594,0.0013943846570327878,27.772855758666992,0.0016699929255992174,0.09399391710758209
175680,6036,2,476,-1,0,23.511430740356445,0.1542266607284546,19.748767852783203,0.21919050812721252,25.709169387817383,21.21363067626953,0.19915468990802765,18.614999771118164,23.32209014892578,0.08518096804618835,17.803251266479492,18.042579650878906,19.203754425048828,0.26978209614753723,100.0,0.3560667932033539,0.6155881881713867,476,508,0.3957669734954834,0,0,0.004455096088349819,0.002685858402401209,23.253881454467773,0.0047272867523133755,0.181138813495636,0.01059554424136877,0.2770296037197113,19.212112426757812,0.011989161372184753,0.32458066940307617,0.007562004029750824,0.01658344827592373,22.094270706176758,0.006174089387059212,0.22382399439811707,0.013756250962615013,0.3036969304084778,18.69319725036621,0.013510782271623611,0.3427448868751526,0.004653622396290302,0.015694309026002884,25.294343948364258,0.0029550560284405947,0.08271297067403793,0.012012259103357792,0.0,18.582273483276367,0.013860299251973629,0.32018595933914185,24.652164459228516,0.003425970673561096,0.13162550330162048,35.510345458984375,0.0002811675367411226,24.078468322753906,0.003909786231815815,0.16096538305282593,19.98451805114746,0.010035712271928787,0.2545815110206604,19.371479034423828,0.011557187885046005,0.3029983639717102,23.421653747558594,0.004548148717731237,0.1532878279685974,30.682308197021484,0.0008546123281121254,22.910367965698242,0.005116385407745838,0.1874919980764389,19.489206314086914,0.011248107068240643,0.26602599024772644,18.90390396118164,0.01287092361599207,0.3169667422771454,27.75457763671875,0.0016770358197391033,0.04073760658502579,31.3034725189209,0.0007407176308333874,27.396697998046875,0.0018210848793387413,0.04773253947496414
175973,6036,2,801,-1,1,24.91741371154785,0.10543005913496017,18.290142059326172,0.1670849770307541,26.540328979492188,21.868831634521484,0.16042180359363556,17.392601013183594,23.372514724731445,0.09173120558261871,17.95957374572754,17.9744873046875,17.739219665527344,0.2239227294921875,100.0,0.40843018889427185,0.40909066796302795,801,833,0.37217751145362854,0,0,0.003222987987101078,0.002218028996139765,24.71392059326172,0.003377597313374281,0.11954863369464874,0.014824697747826576,0.24173912405967712,17.780567169189453,0.01667030155658722,0.2664144039154053,0.006503043696284294,0.015997152775526047,22.973615646362305,0.005042411852627993,0.16856959462165833,0.018228037282824516,0.27090951800346375,17.30586814880371,0.018595727160573006,0.28674423694610596,0.0045999037101864815,0.01594230905175209,25.44406509399414,0.002854918362572789,0.089717797935009,0.01682976633310318,0.0,17.117740631103516,0.019418960437178612,0.2538382112979889,25.897829055786133,0.0025716819800436497,0.08777399361133575,36.15526580810547,0.00024236705212388188,25.331268310546875,0.0029300381429493427,0.10186546295881271,18.350622177124023,0.014619683846831322,0.21929612755775452,17.739774703979492,0.016827614977955818,0.2488432228565216,24.29383087158203,0.0037206339184194803,0.10968191176652908,31.47098731994629,0.0007126911077648401,23.784713745117188,0.004183393903076649,0.12532593309879303,18.01547622680664,0.015792563557624817,0.23181064426898956,17.417091369628906,0.01812553219497204,0.261108934879303,27.633892059326172,0.0017242927569895983,0.04980968311429024,31.404922485351562,0.0007236155215650797,27.262481689453125,0.0018782432889565825,0.05739453807473183
177591,6036,2,2451,-1,3,20.459060668945312,0.29376858472824097,17.677143096923828,0.2533528506755829,24.281570434570312,19.11094856262207,0.34085190296173096,16.891036987304688,23.132976531982422,0.09744720160961151,17.797176361083984,17.764083862304688,17.01025390625,0.39582663774490356,31.07876205444336,0.4912724494934082,0.5157074332237244,2451,2483,0.41586726903915405,0,0,0.008996923454105854,0.003731152508407831,20.084619522094727,0.0098070427775383,0.332322895526886,0.017072055488824844,0.3990848958492279,17.21245765686035,0.019000031054019928,0.45277196168899536,0.012271714396774769,0.016606668010354042,19.353622436523438,0.011604798957705498,0.3753034770488739,0.020459569990634918,0.4206817150115967,16.756183624267578,0.021104825660586357,0.46701350808143616,0.004860738757997751,0.01673368364572525,25.179656982421875,0.0030341320671141148,0.09453558921813965,0.01990557461977005,0.0007800526218488812,16.41152572631836,0.022847963497042656,0.45151811838150024,20.926883697509766,0.008078147657215595,0.2781652808189392,33.533546447753906,0.0004432468849699944,20.33729362487793,0.009252747520804405,0.3181339502334595,17.627979278564453,0.017266418784856796,0.39525651931762695,17.028766632080078,0.019820906221866608,0.4534689784049988,20.27304458618164,0.009390651248395443,0.2988147437572479,30.55129051208496,0.0008807871490716934,19.706218719482422,0.01069986168295145,0.3398144841194153,17.274904251098633,0.01872878521680832,0.39967718720436096,16.689123153686523,0.021433236077427864,0.45564547181129456,27.52486228942871,0.0017681278986856341,0.05592653900384903,32.071807861328125,0.000620610429905355,27.111541748046875,0.0019446691730991006,0.06348440796136856
177632,6036,2,2492,-1,0,25.25457763671875,0.13435138761997223,21.571941375732422,0.15831732749938965,26.132261276245117,22.37633514404297,0.18085220456123352,20.05951690673828,23.842144012451172,0.09697139263153076,17.910120010375977,17.853809356689453,20.822160720825195,0.3233286440372467,100.0,0.3808947801589966,0.4156458377838135,2492,2524,0.4054991900920868,0,0,0.002982237609103322,0.002436541486531496,25.134008407592773,0.0030661909841001034,0.15276485681533813,0.006963151041418314,0.3178413212299347,21.16980743408203,0.00763869471848011,0.36999478936195374,0.005785841960459948,0.016180362552404404,23.78129768371582,0.00418668519705534,0.19275520741939545,0.00986389722675085,0.3491070568561554,20.486486434936523,0.008940290659666061,0.3921840190887451,0.0041284384205937386,0.016391512006521225,26.494009017944336,0.0022418114822357893,0.09493882209062576,0.008275304920971394,0.0,20.200681686401367,0.009548427537083626,0.3794206976890564,27.009143829345703,0.0019910659175366163,0.1019853800535202,37.237220764160156,0.00018892009393312037,26.44295883178711,0.0022683190181851387,0.12009692192077637,22.05223274230957,0.00623414246365428,0.3045870363712311,21.445755004882812,0.00716843456029892,0.3593984842300415,25.108497619628906,0.003084254916757345,0.1335027515888214,32.31958770751953,0.0005861941026523709,24.598491668701172,0.0034685723949223757,0.15473833680152893,21.29936981201172,0.007414180785417557,0.31807929277420044,20.719470977783203,0.008473305962979794,0.3736758232116699,28.640830993652344,0.001367467804811895,0.054526131600141525,32.76254653930664,0.0005293528665788472,28.249500274658203,0.001496408600360155,0.06366471946239471
183808,6037,3,4111,-1,2,22.196666717529297,0.18805775046348572,19.671289443969727,0.22043471038341522,26.56722640991211,20.200843811035156,0.22332504391670227,18.45252799987793,22.93877410888672,0.09806003421545029,18.14447784423828,18.20825958251953,18.543304443359375,0.24777598679065704,100.0,0.33259108662605286,0.6627799868583679,4111,4143,0.37157803773880005,0,0,0.006030222866684198,0.002204334829002619,21.792194366455078,0.006618821527808905,0.21438150107860565,0.010786264203488827,0.26367074251174927,19.124149322509766,0.012234465219080448,0.3038497567176819,0.009548072703182697,0.01533035933971405,20.625579833984375,0.008658490143716335,0.2428915947675705,0.014280620962381363,0.27947235107421875,18.487464904785156,0.014166206121444702,0.30712956190109253,0.005083028692752123,0.015106859616935253,24.508865356445312,0.0035409005358815193,0.09641017019748688,0.013985233381390572,0.0,17.921825408935547,0.016136806458234787,0.2872457802295685,22.9960994720459,0.00501637626439333,0.1628829836845398,36.762908935546875,0.00021072161325719208,22.39901351928711,0.005755707621574402,0.18889473378658295,19.95246124267578,0.010110062547028065,0.23428182303905487,19.33750343322754,0.011647958308458328,0.2722613215446472,21.60942268371582,0.006903316825628281,0.18623626232147217,30.941144943237305,0.0008051665499806404,21.056011199951172,0.007841493934392929,0.21630123257637024,19.20575523376465,0.012006726115942001,0.24807193875312805,18.619028091430664,0.013743496499955654,0.28818511962890625,26.539291381835938,0.0022185579873621464,0.049395713955163956,31.593212127685547,0.0006929130759090185,26.102542877197266,0.002453272696584463,0.05707209184765816
184289,6037,3,4624,-1,1,28.033344268798828,0.0716111958026886,25.548870086669922,0.06914553791284561,28.041343688964844,23.730606079101562,0.10388264060020447,22.817983627319336,24.261173248291016,0.06907455623149872,17.75501251220703,17.812044143676758,24.656278610229492,0.10657599568367004,100.0,0.18859045207500458,0.36664390563964844,4624,4656,0.25753989815711975,0,0,0.0015727716963738203,0.0015698771458119154,28.032114028930664,0.0015732169849798083,0.08151555806398392,0.0027868468314409256,0.10273104906082153,25.324308395385742,0.002934735966846347,0.11684897541999817,0.004235836677253246,0.016768677160143852,26.368194580078125,0.002307706978172064,0.10590589791536331,0.005226389039307833,0.1301710456609726,24.568044662475586,0.003492974676191807,0.13857653737068176,0.0037487170193344355,0.016549909487366676,27.497501373291016,0.001779302954673767,0.06777413934469223,0.003422725712880492,0.0,24.034801483154297,0.003949298989027739,0.12498188763856888,31.661128997802734,0.0006821616552770138,0.05285438895225525,38.805423736572266,0.00013166120334062725,31.152873992919922,0.0007668539765290916,0.06250181794166565,27.21090316772461,0.0019006830407306552,0.08738398551940918,26.633739471435547,0.002170831197872758,0.1024310365319252,28.024415969848633,0.0015760082751512527,0.07228337973356247,31.57021713256836,0.0006965919164940715,27.666730880737305,0.0017113032517954707,0.08233173191547394,25.50116539001465,0.002817627741023898,0.10327669233083725,25.013761520385742,0.0031522740609943867,0.1207447201013565,29.405183792114258,0.0011467841686680913,0.03630559518933296,31.571529388427734,0.0006963816122151911,29.150390625,0.0012160767801105976,0.042991530150175095
188524,6038,4,4098,-1,2,27.56833839416504,0.133622944355011,25.7119140625,0.1602167934179306,24.728755950927734,24.11081314086914,0.16413094103336334,23.177488327026367,25.676525115966797,0.07640491425991058,17.466373443603516,17.69638442993164,25.719867706298828,0.25897565484046936,100.0,0.3167721927165985,0.5057792067527771,4098,4130,0.38361361622810364,0,0,0.001750516938045621,0.003366080578416586,28.2333927154541,0.0015019688289612532,0.16695114970207214,0.0026841622311621904,0.2693897485733032,25.670068740844727,0.0027101498562842607,0.3313039541244507,0.0038807783275842667,0.017921017482876778,27.642845153808594,0.0017207413911819458,0.18950869143009186,0.004811176098883152,0.29152774810791016,25.288427352905273,0.002959083765745163,0.3432660698890686,0.0027061235159635544,0.016996579244732857,32.94485092163086,0.0005075923399999738,0.07285518944263458,0.0026792511343955994,0.0,25.098388671875,0.0030914435628801584,0.3225349187850952,29.172422409057617,0.0012099231826141477,0.12095874547958374,33.96326446533203,0.000401488970965147,28.747474670410156,0.0013342977035790682,0.15576505661010742,26.39824867248535,0.0022917918395251036,0.25232353806495667,25.829065322875977,0.0026127242017537355,0.314941942691803,28.157215118408203,0.001528545399196446,0.12524646520614624,28.732269287109375,0.0013389771338552237,28.07513427734375,0.0015577099984511733,0.1612921953201294,25.787899017333984,0.0026376063469797373,0.2591642439365387,25.412513732910156,0.002875733422115445,0.32184216380119324,33.443302154541016,0.0004525533877313137,0.03741295635700226,29.438079833984375,0.0011381300864741206,34.595703125,0.0003470800875220448,0.04587863013148308
188567,6038,4,4141,-1,1,27.176305770874023,0.11007636040449142,25.99993896484375,0.14851891994476318,26.010696411132812,23.734167098999023,0.14427632093429565,23.26822280883789,25.58220863342285,0.07037786394357681,17.318981170654297,17.6778621673584,25.949373245239258,0.19501575827598572,100.0,0.290412575006485,0.511406660079956,4141,4173,0.407741516828537,0,0,0.0019158853683620691,0.002505706623196602,27.38702964782715,0.0018251436995342374,0.13021010160446167,0.0025119222700595856,0.1975647211074829,25.911914825439453,0.0025633538607507944,0.24068807065486908,0.004232366569340229,0.01853966899216175,26.922380447387695,0.002031243173405528,0.1584027260541916,0.004711702931672335,0.22446466982364655,25.52464485168457,0.002802435075864196,0.25752896070480347,0.002765535842627287,0.017069226130843163,32.479759216308594,0.0005649681552313268,0.06772640347480774,0.0025413394905626774,0.0,25.32789421081543,0.0029323147609829903,0.23887646198272705,28.30827522277832,0.0014762930804863572,0.09158441424369812,35.9074592590332,0.0002565985778346658,27.78862953186035,0.0016639383975416422,0.11090198159217834,26.726238250732422,0.0021250853314995766,0.19315104186534882,26.146942138671875,0.0024283207021653652,0.2372158020734787,27.480762481689453,0.001786174369044602,0.10421114414930344,28.858108520507812,0.0013007362140342593,27.302867889404297,0.0018608573591336608,0.12599988281726837,26.081092834472656,0.0024654187727719545,0.19793276488780975,25.707630157470703,0.0026868099812418222,0.24036797881126404,33.096717834472656,0.0004901491338387132,0.029985129833221436,29.47201919555664,0.0011292705312371254,34.0691032409668,0.00039182277396321297,0.03659651055932045
190199,6039,5,668,-1,2,21.8714542388916,0.16730748116970062,13.537681579589844,0.20285534858703613,23.425931930541992,20.25067901611328,0.2179293930530548,13.218610763549805,23.7684326171875,0.09906640648841858,17.641357421875,17.650678634643555,13.222064018249512,0.35544297099113464,100.0,0.5691078305244446,0.35644447803497314,668,700,0.4781935214996338,0,0,0.0064991191029548645,0.004543670918792486,21.674938201904297,0.006799957249313593,0.18463724851608276,0.044282473623752594,0.36516058444976807,12.982853889465332,0.05031698942184448,0.40041017532348633,0.009439134038984776,0.017213299870491028,20.83909034729004,0.008243109099566936,0.23297688364982605,0.04765835404396057,0.3822946846485138,12.798006057739258,0.05250484123826027,0.4141603410243988,0.0041991048492491245,0.017176399007439613,26.570648193359375,0.0022025981452316046,0.09500900655984879,0.047620464116334915,0.0,12.600584983825684,0.054946690797805786,0.39728260040283203,22.594316482543945,0.005502608604729176,0.16217392683029175,33.491153717041016,0.00044759458978660405,22.02019500732422,0.006280303932726383,0.18677443265914917,13.582845687866211,0.04382433742284775,0.34595057368278503,12.966939926147461,0.05050170421600342,0.38516247272491455,21.519296646118164,0.007048072759062052,0.17462080717086792,28.656770706176758,0.0013624574057757854,21.01122283935547,0.007922782562673092,0.1989249885082245,13.385615348815918,0.04586046189069748,0.35601192712783813,12.781296730041504,0.0527072548866272,0.39654839038848877,27.436494827270508,0.0018044736934825778,0.06153728440403938,29.057958602905273,0.0012422362342476845,27.233150482177734,0.0018909717909991741,0.06915919482707977
190630,6039,5,1099,-1,1,25.30681610107422,0.11698698997497559,19.346506118774414,0.20178592205047607,24.473140716552734,22.544921875,0.14119532704353333,18.42380142211914,24.20720100402832,0.06202277913689613,17.887880325317383,17.62240219116211,18.83553123474121,0.2774941623210907,100.0,0.4374929368495941,0.46123242378234863,1099,1131,0.44767454266548157,0,0,0.0029465805273503065,0.0035701466258615255,25.450565338134766,0.0028506473172456026,0.12929552793502808,0.011623833328485489,0.28575825691223145,18.912561416625977,0.012845288962125778,0.3235696852207184,0.005565546918660402,0.016263430938124657,24.06744956970215,0.003919718787074089,0.14758220314979553,0.014375395141541958,0.2921966314315796,18.550973892211914,0.013960552401840687,0.3209207057952881,0.003795596305280924,0.01728859543800354,27.645347595214844,0.0017197502311319113,0.055079538375139236,0.013075157068669796,0.0,18.214052200317383,0.015086719766259193,0.3186250627040863,26.63549041748047,0.0021699564531445503,0.09732045233249664,34.97402572631836,0.00031812459928914905,26.099746704101562,0.0024548533838242292,0.10867534577846527,19.693008422851562,0.010732462629675865,0.26835721731185913,19.084915161132812,0.012345495633780956,0.3084455132484436,24.843576431274414,0.0032782533671706915,0.11143112182617188,29.732086181640625,0.001063631847500801,24.41415786743164,0.0036189646925777197,0.12438252568244934,19.214237213134766,0.011983298696577549,0.2717856764793396,18.638418197631836,0.013682270422577858,0.3114979565143585,28.886682510375977,0.0012922057649120688,0.03889892250299454,30.536911010742188,0.0008837083005346358,28.68044090270996,0.0013550515286624432,0.043379321694374084
193207,6039,5,3868,-1,3,23.814395904541016,0.10218588262796402,19.464447021484375,0.19818387925624847,24.396652221679688,21.070472717285156,0.13788005709648132,18.15796661376953,22.690826416015625,0.08563590049743652,17.60179901123047,17.554065704345703,18.332538604736328,0.2854444086551666,100.0,0.4029653072357178,0.4918137490749359,3868,3900,0.4391772747039795,0,0,0.004154898226261139,0.003633578773587942,23.73136329650879,0.004235101398080587,0.11127936840057373,0.011312413029372692,0.29519811272621155,19.006855010986328,0.012569395825266838,0.33452722430229187,0.007815427146852016,0.017370814457535744,21.975433349609375,0.006345367059111595,0.14269345998764038,0.015282821841537952,0.32438045740127563,18.252111434936523,0.014955083839595318,0.3539409637451172,0.005381675437092781,0.01756279170513153,24.549827575683594,0.0035076579079031944,0.07881344854831696,0.014680680818855762,0.0,17.7110595703125,0.01693924516439438,0.32648390531539917,25.160781860351562,0.00304734637029469,0.09128034114837646,33.790557861328125,0.000417776609538123,24.61942481994629,0.00345189543440938,0.1039695143699646,19.853538513183594,0.010342994704842567,0.2784631848335266,19.246633529663086,0.011894240975379944,0.3193950355052948,22.91754913330078,0.005107931327074766,0.1084265187382698,28.936519622802734,0.0012774629285559058,22.443361282348633,0.005697233602404594,0.12382251769304276,18.94578742980957,0.012747391127049923,0.28944727778434753,18.380298614501953,0.014520115219056606,0.3297010660171509,26.073585510253906,0.002469685859978199,0.046263910830020905,29.234840393066406,0.0011926579754799604,25.741153717041016,0.0026661516167223454,0.05142124369740486
193626,6039,5,4287,-1,2,26.180843353271484,0.14618751406669617,24.390445709228516,0.17690317332744598,25.909278869628906,22.520904541015625,0.20216064155101776,21.691570281982422,23.778316497802734,0.10610997676849365,17.627084732055664,17.627723693847656,22.794666290283203,0.12263428419828415,100.0,0.260931134223938,0.6779688000679016,4287,4319,0.44719257950782776,0,0,0.002409436507150531,0.002564910100772977,26.22417449951172,0.002385517815127969,0.16283342242240906,0.0036387776490300894,0.12536482512950897,24.03264617919922,0.0039512598887085915,0.1403598189353943,0.0055964114144444466,0.017269961535930634,24.201614379882812,0.0038004808593541384,0.22031757235527039,0.006773967761546373,0.16603979468345642,22.866575241088867,0.005168238654732704,0.17753833532333374,0.004189559258520603,0.01726743020117283,26.620262145996094,0.0021775795612484217,0.10708856582641602,0.005254524759948254,0.0,22.173187255859375,0.006062912289053202,0.1392798125743866,27.940141677856445,0.0016068887198343873,0.13251806795597076,35.7939567565918,0.00026339307078160346,27.414630889892578,0.0018135805148631334,0.15462253987789154,25.319377899169922,0.0029380701016634703,0.1116555854678154,24.7384090423584,0.0033586074132472277,0.12768512964248657,25.225688934326172,0.0030021420679986477,0.15043015778064728,29.06467056274414,0.0012403184082359076,24.850284576416016,0.0032731918618083,0.17535275220870972,23.604948043823242,0.004360187333077192,0.12360639125108719,23.139232635498047,0.004853741265833378,0.1426199972629547,27.93755340576172,0.0016078472835943103,0.05873797833919525,29.140474319458008,0.001218856661580503,27.77884292602539,0.001667691976763308,0.06747347861528397
194303,6040,2,93,-1,1,27.862825393676758,0.09864795953035355,28.968751907348633,0.10329113155603409,28.36181640625,23.764179229736328,0.13032805919647217,23.9776611328125,24.36035919189453,0.08917354792356491,17.806760787963867,18.008155822753906,28.781036376953125,0.05735253915190697,100.0,0.11511190235614777,0.8973106145858765,93,125,0.30450698733329773,0,0,0.0016357520362362266,0.0014582042349502444,27.790904998779297,0.0016630671452730894,0.11367279291152954,0.001268016523681581,0.07285724580287933,28.735950469970703,0.0013378425501286983,0.086847685277462,0.004203221295028925,0.01657005585730076,26.38153076171875,0.00230063172057271,0.13644133508205414,0.0040016029961407185,0.10614041239023209,26.644105911254883,0.0021656551398336887,0.10779695957899094,0.003664073534309864,0.01581919752061367,27.46164321899414,0.001794054638594389,0.08668256551027298,0.0013240256812423468,0.0,28.159557342529297,0.001527721993625164,0.06984864175319672,30.578001022338867,0.0008753865258768201,0.07633309811353683,39.88566589355469,0.00010266766912536696,30.024974822998047,0.0009942663600668311,0.09111552685499191,32.28156280517578,0.0005913487984798849,0.053812142461538315,31.706897735595703,0.0006750097963958979,0.06487138569355011,27.813291549682617,0.00165451574139297,0.09331931173801422,32.371097564697266,0.0005792821757495403,27.39944076538086,0.001819936209358275,0.11240100860595703,28.522518157958984,0.0014052328187972307,0.06992942839860916,28.128265380859375,0.0015387698076665401,0.0847562775015831,29.676013946533203,0.0010774544207379222,0.046152353286743164,32.6368408203125,0.0005448987358249724,29.35771942138672,0.0011593860108405352,0.05716397985816002
194465,6040,2,255,-1,3,24.213829040527344,0.11414569616317749,20.826948165893555,0.17699746787548065,26.74837875366211,21.59194564819336,0.14434996247291565,19.410320281982422,23.200183868408203,0.08627986907958984,18.063879013061523,18.251296997070312,20.024131774902344,0.11728432774543762,100.0,0.32041239738464355,0.5524051785469055,255,287,0.4199666678905487,0,0,0.003789807204157114,0.002114278730005026,23.92804718017578,0.004047580994665623,0.13396702706813812,0.008266186341643333,0.1315203756093979,20.377639770507812,0.009167180396616459,0.1527022272348404,0.0069311559200286865,0.015617524273693562,22.52216148376465,0.005594790913164616,0.15419071912765503,0.01145428791642189,0.14997084438800812,19.6512451171875,0.010836158879101276,0.1596207469701767,0.004786099772900343,0.014957892708480358,24.919811248779297,0.003221208695322275,0.07984501123428345,0.00994458794593811,0.0,19.40265464782715,0.011474523693323135,0.13906292617321014,25.665781021118164,0.0027128267101943493,0.09045998007059097,36.914512634277344,0.00020349274564068764,25.08795738220215,0.003098878310993314,0.1084333211183548,21.37802505493164,0.007281107362359762,0.10815120488405228,20.772308349609375,0.00837083999067545,0.13045260310173035,23.92717170715332,0.004048395901918411,0.10633785277605057,31.799480438232422,0.0006607728428207338,23.401248931884766,0.004569568671286106,0.12634937465190887,20.576953887939453,0.008755979128181934,0.11751746386289597,19.996395111083984,0.010008306242525578,0.14044348895549774,27.309782028198242,0.0018578977324068546,0.040893640369176865,32.72906494140625,0.0005334498127922416,26.857831954956055,0.0020616590045392513,0.04879113286733627
196005,6040,2,1891,-1,3,26.57303237915039,0.11995343863964081,22.708698272705078,0.16144977509975433,26.580238342285156,23.073177337646484,0.14964357018470764,20.909128189086914,23.97681427001953,0.09013816714286804,17.940303802490234,17.823989868164062,22.142972946166992,0.2354040890932083,100.0,0.3348771631717682,0.4821164011955261,1891,1923,0.4317852258682251,0,0,0.0022013878915458918,0.0021977394353598356,26.571929931640625,0.0022019490133970976,0.13952739536762238,0.005359572358429432,0.240360289812088,22.378673553466797,0.005782728083431721,0.282179057598114,0.004928133450448513,0.016068292781710625,24.929187774658203,0.003214262193068862,0.16229432821273804,0.008111239410936832,0.26314061880111694,21.6444034576416,0.006847936660051346,0.2976285219192505,0.004002383444458246,0.016504455357789993,26.821481704711914,0.002078987890854478,0.0939713567495346,0.006105238571763039,0.0,21.521493911743164,0.007044506259262562,0.28061768412590027,28.514781951904297,0.0014077387750148773,0.10093595087528229,36.91254425048828,0.00020358483016025275,27.977863311767578,0.0015929931541904807,0.12032288312911987,23.285892486572266,0.004692569375038147,0.21910874545574188,22.681781768798828,0.005392891354858875,0.26380470395088196,26.59925651550293,0.002188135404139757,0.10910841077566147,32.171627044677734,0.0006065088091418147,26.14132308959961,0.002431462751701474,0.12988553941249847,22.535175323486328,0.005578049458563328,0.2334095537662506,21.96485710144043,0.006360837258398533,0.27785229682922363,29.194049835205078,0.0012039134744554758,0.05455946549773216,32.826438903808594,0.0005216223653405905,28.830997467041016,0.0013088815612718463,0.06570985168218613
196374,6040,2,2260,-1,0,23.488656997680664,0.19330403208732605,18.494022369384766,0.2008255571126938,24.80135154724121,21.415603637695312,0.21899674832820892,17.6053524017334,23.495752334594727,0.09799119830131531,17.599271774291992,17.874439239501953,17.9429874420166,0.3531906306743622,100.0,0.4202490746974945,0.47787269949913025,2260,2292,0.41978827118873596,0,0,0.004478519316762686,0.003310280852019787,23.317773818969727,0.004658248275518417,0.22585411369800568,0.014144833199679852,0.3565353751182556,17.957508087158203,0.016004763543605804,0.4135149121284485,0.007218381855636835,0.01738092117011547,22.475738525390625,0.005654914770275354,0.24541513621807098,0.01735660620033741,0.3730047345161438,17.579601287841797,0.01745983399450779,0.4213506579399109,0.004471206571906805,0.016313832253217697,25.768747329711914,0.002649264642968774,0.09970011562108994,0.016058364883065224,0.0,17.321508407592773,0.018528882414102554,0.4112980365753174,24.22337532043457,0.0037814872339367867,0.16331616044044495,33.312374114990234,0.00046640413347631693,23.673908233642578,0.004291499964892864,0.19482426345348358,18.653348922729492,0.01363531593233347,0.34149789810180664,18.039871215820312,0.015704091638326645,0.40100938081741333,23.034931182861328,0.00497172586619854,0.17977367341518402,28.58114242553711,0.0013863909989595413,22.5780029296875,0.005523315630853176,0.2148057520389557,18.190031051635742,0.01517039630562067,0.3487456738948822,17.61313247680664,0.017325539141893387,0.40849757194519043,27.371578216552734,0.0018316492205485702,0.05197422578930855,29.52800750732422,0.001114806393161416,27.117656707763672,0.0019419328309595585,0.06206817924976349
196737,6040,2,2623,-1,3,27.19375228881836,0.10225658863782883,21.759824752807617,0.1368672400712967,26.881244659423828,23.648984909057617,0.1362646371126175,20.42595672607422,24.395389556884766,0.08872703462839127,17.992067337036133,18.080825805664062,21.257728576660156,0.16056430339813232,100.0,0.3040538728237152,0.45014140009880066,2623,2655,0.387887179851532,0,0,0.001908204867504537,0.00205057580024004,27.24388885498047,0.0018863016739487648,0.11838290840387344,0.00666833994910121,0.16982297599315643,21.385900497436523,0.007267917972058058,0.1959899663925171,0.004316200502216816,0.01587790809571743,25.955982208251953,0.002537476597353816,0.14722181856632233,0.009065764024853706,0.2015053927898407,20.943248748779297,0.008047766052186489,0.22111313045024872,0.003634638385847211,0.015556699596345425,27.44613265991211,0.0018004750600084662,0.09001972526311874,0.007485606707632542,0.0,20.636253356933594,0.00863723736256361,0.18914556503295898,29.637325286865234,0.0010870953556150198,0.0815923660993576,37.305355072021484,0.00018597922462504357,29.116058349609375,0.0012257285416126251,0.09676101058721542,22.237995147705078,0.005973112303763628,0.14580592513084412,21.635906219482422,0.006861347239464521,0.17477166652679443,27.27057456970215,0.0018747468711808324,0.10210321843624115,30.739559173583984,0.0008434206247329712,26.91774559020996,0.002033412456512451,0.12023141980171204,21.589435577392578,0.006935159210115671,0.16664578020572662,21.027027130126953,0.007894006557762623,0.1951213926076889,29.340612411499023,0.0011639621807262301,0.051505282521247864,31.203248977661133,0.0007580101955682039,29.11362075805664,0.0012264163233339787,0.06185538321733475
198265,6040,2,4215,-1,3,22.36890411376953,0.24694858491420746,20.833131790161133,0.2533411681652069,24.376476287841797,20.50601577758789,0.28167885541915894,19.369861602783203,23.226333618164062,0.10466873645782471,17.832124710083008,18.129079818725586,19.477514266967773,0.23943044245243073,100.0,0.387417733669281,0.6539224982261658,4215,4247,0.4522426426410675,0,0,0.005795753560960293,0.00365050183609128,22.128379821777344,0.006125791929662228,0.2866206169128418,0.008254424668848515,0.23614433407783508,20.350391387939453,0.009224885143339634,0.27290967106819153,0.00890017207711935,0.0164735596626997,21.11537742614746,0.007735036313533783,0.31669098138809204,0.011561493389308453,0.252166748046875,19.601600646972656,0.010960739105939865,0.281784325838089,0.004757368005812168,0.015384810045361519,25.055145263671875,0.0031223769765347242,0.10646558552980423,0.011278429068624973,0.0,18.856035232543945,0.013013572432100773,0.2812633216381073,23.223859786987305,0.0047600786201655865,0.21400952339172363,33.36817169189453,0.00046045068302191794,22.65875816345215,0.005421559326350689,0.25429093837738037,21.082813262939453,0.007793251890689135,0.20584869384765625,20.477706909179688,0.008958378806710243,0.2438177615404129,21.894929885864258,0.0064640832133591175,0.23959308862686157,28.28704833984375,0.001483526430092752,21.408422470092773,0.00723032234236598,0.2847553789615631,20.134355545043945,0.009695366956293583,0.22212742269039154,19.59136199951172,0.010986615903675556,0.2640422284603119,26.732637405395508,0.0021219560876488686,0.06272906064987183,28.998294830322266,0.0012594208819791675,26.469202041625977,0.0022546539548784494,0.07458654046058655
199285,6041,3,286,-1,2,26.708805084228516,0.11056891828775406,24.585983276367188,0.09551513195037842,28.389297485351562,22.896251678466797,0.15246421098709106,21.755950927734375,23.600740432739258,0.09206018596887589,17.927143096923828,17.867420196533203,23.926803588867188,0.1064186543226242,100.0,0.15339548885822296,0.6226723790168762,286,318,0.2909257709980011,0,0,0.0021336323115974665,0.0014490061439573765,26.49953842163086,0.002238959539681673,0.13014990091323853,0.003478576894849539,0.11995406448841095,24.13006591796875,0.003863611025735736,0.14171239733695984,0.005133043974637985,0.01611705683171749,24.63038444519043,0.0034431961830705404,0.16518160700798035,0.006674287840723991,0.14774717390537262,22.873613357543945,0.005159869324415922,0.1576938033103943,0.00436441320925951,0.0163402259349823,25.982582092285156,0.0025219800882041454,0.0923590362071991,0.004048736300319433,0.0,23.30532455444336,0.004671618342399597,0.12936756014823914,29.40009880065918,0.0011481276014819741,0.08335443586111069,39.060508728027344,0.00012415082892403007,28.841690063476562,0.001305662444792688,0.10164748132228851,25.927562713623047,0.0025541349314153194,0.09270726889371872,25.316904067993164,0.0029397448524832726,0.11227964609861374,26.60545539855957,0.0021850152406841516,0.11032480001449585,31.38738441467285,0.0007265437743626535,26.180919647216797,0.0024093955289572477,0.13490623235702515,24.4000244140625,0.0036307605914771557,0.10975851863622665,23.881664276123047,0.004091040231287479,0.13236212730407715,28.694255828857422,0.0013507488183677197,0.046828217804431915,31.991422653198242,0.000632205163128674,28.352624893188477,0.001461294130422175,0.057828404009342194
199805,6041,3,870,-1,3,19.397125244140625,0.2858943045139313,18.020137786865234,0.2531352937221527,21.404035568237305,18.311214447021484,0.31178924441337585,17.23627281188965,23.58169937133789,0.07860208302736282,17.157306671142578,18.174394607543945,17.364574432373047,0.26550036668777466,22.445297241210938,0.3581084907054901,0.7068676352500916,870,902,0.3080987334251404,0,0,0.01148913986980915,0.007237634155899286,19.156661987304688,0.012143217027187347,0.3255806267261505,0.015775611624121666,0.27280181646347046,17.655241012573242,0.017158368602395058,0.3102934956550598,0.014752941206097603,0.019242847338318825,18.519472122192383,0.014062185771763325,0.3462817668914795,0.01889611966907978,0.29003268480300903,17.219982147216797,0.018967140465974808,0.3221411108970642,0.004383591469377279,0.015225116163492203,25.661239624023438,0.0027156646829098463,0.07802538573741913,0.018346060067415237,0.005694692954421043,16.926660537719727,0.02029242180287838,0.3073384165763855,19.51422119140625,0.01118350587785244,0.2664421796798706,22.8408145904541,0.0051989867351949215,19.170639038085938,0.012104201130568981,0.3065098524093628,18.049776077270508,0.015668321400880814,0.2569000720977783,17.621030807495117,0.017294058576226234,0.2960895299911499,18.999990463256836,0.012589283287525177,0.2769762873649597,22.131956100463867,0.006120746489614248,18.66958236694336,0.013584441505372524,0.3185247778892517,17.673858642578125,0.017084965482354164,0.2647501528263092,17.26146125793457,0.018786851316690445,0.30542290210723877,27.6169490814209,0.0017310320399701595,0.03838781639933586,30.33527374267578,0.0009257048950530589,27.316730499267578,0.0018549284432083368,0.045253265649080276
200776,6041,3,1873,-1,2,23.70861053466797,0.15665481984615326,20.719995498657227,0.18702228367328644,24.045297622680664,21.48375701904297,0.22552363574504852,19.464128494262695,23.728389739990234,0.11449719220399857,17.796995162963867,17.949235916137695,19.93280601501465,0.2821081280708313,100.0,0.31790414452552795,0.5882977247238159,1873,1905,0.40436020493507385,0,0,0.0042573451064527035,0.003939764574170113,23.659055709838867,0.004306203685700893,0.17981600761413574,0.00847228616476059,0.2817384600639343,20.319711685180664,0.009290284477174282,0.3201349675655365,0.007105986587703228,0.016607360914349556,22.48394775390625,0.005644236225634813,0.2510240077972412,0.011313245631754398,0.312888503074646,19.74644660949707,0.010601206682622433,0.3494017720222473,0.004238000605255365,0.016035277396440506,26.156402587890625,0.0024230352137237787,0.11558975279331207,0.010155927389860153,0.0,19.31132698059082,0.01171837653964758,0.32540544867515564,24.921142578125,0.00322022195905447,0.15902787446975708,34.32490539550781,0.0003694106126204133,24.36660385131836,0.0036588083021342754,0.18891151249408722,21.28189468383789,0.007444071117788553,0.2626219689846039,20.673513412475586,0.008563450537621975,0.3030475676059723,23.387182235717773,0.004584393929690123,0.18807241320610046,31.09569549560547,0.0007770170923322439,22.864973068237305,0.005170145072042942,0.22121562063694,20.483375549316406,0.008946694433689117,0.27891412377357483,19.90183448791504,0.010228609666228294,0.32054436206817627,27.903059005737305,0.0016206681029871106,0.055612534284591675,32.34093475341797,0.0005833195173181593,27.49516487121582,0.0017802601214498281,0.06484605371952057
202652,6041,3,3813,-1,2,22.77730941772461,0.16034109890460968,18.093887329101562,0.18197840452194214,28.164127349853516,20.43720245361328,0.20208068192005157,17.122108459472656,23.07164192199707,0.09936176240444183,18.06013298034668,18.15571403503418,17.43695640563965,0.3706014156341553,32.352603912353516,0.40871819853782654,0.4452417492866516,3813,3845,0.3513111174106598,0,0,0.0052755665965378284,0.0015261154621839523,22.326656341552734,0.005852405447512865,0.18009507656097412,0.015509987249970436,0.37380701303482056,17.54392433166504,0.01760384626686573,0.4233717918395996,0.009042320773005486,0.015630997717380524,20.953561782836914,0.00802867766469717,0.21634815633296967,0.01939944177865982,0.39803948998451233,16.998851776123047,0.019957898184657097,0.4415850043296814,0.004929874558001757,0.015290745534002781,24.76787757873535,0.0033358940854668617,0.09747494757175446,0.018042821437120438,0.0005817544879391789,16.83418846130371,0.02072913944721222,0.4235747754573822,23.480621337890625,0.0044868141412734985,0.1414846032857895,37.596561431884766,0.00017391773872077465,22.881643295288086,0.0051503367722034454,0.16242927312850952,18.304264068603516,0.014776566997170448,0.35978490114212036,17.705215454101562,0.01696205884218216,0.41349682211875916,22.103464126586914,0.006161033641546965,0.1624952256679535,32.10868835449219,0.0006153627182357013,21.540210723876953,0.0070142135955393314,0.18524715304374695,17.801233291625977,0.016591155901551247,0.37310299277305603,17.21612548828125,0.01898398995399475,0.42734622955322266,27.01927947998047,0.0019864251371473074,0.050174321979284286,32.83902359008789,0.0005201130989007652,26.552125930786133,0.002212011953815818,0.05780751258134842
208914,6042,4,5158,-1,1,24.281356811523438,0.32966649532318115,22.0870418548584,0.2058960646390915,22.981605529785156,22.225732803344727,0.3898177444934845,20.5428466796875,24.896076202392578,0.12696149945259094,17.520944595336914,17.81745719909668,21.42873764038086,0.25594601035118103,100.0,0.2940605878829956,0.7001824378967285,5158,5190,0.36906296014785767,0,0,0.0037313371431082487,0.005033146124333143,24.520952224731445,0.003531059017404914,0.4032612144947052,0.006184375379234552,0.25741812586784363,21.697589874267578,0.006764581892639399,0.3067353665828705,0.0059899999760091305,0.01769723929464817,23.779014587402344,0.004188886843621731,0.46083348989486694,0.008825015276670456,0.3047659397125244,21.236629486083984,0.007522066123783588,0.34956222772598267,0.00323886307887733,0.01652929000556469,29.22929573059082,0.0011941822012886405,0.1370309293270111,0.007196580059826374,0.0,20.80725860595703,0.008303746581077576,0.3072490990161896,25.168046951293945,0.0030422534327954054,0.30424124002456665,30.248855590820312,0.000944309460464865,24.730131149291992,0.003365014214068651,0.3764358162879944,22.078161239624023,0.006197035312652588,0.26597997546195984,21.48164939880371,0.007109436206519604,0.3205960988998413,24.420162200927734,0.003613965818658471,0.3258710503578186,27.363100051879883,0.0018352280603721738,24.103164672851562,0.0038876179605722427,0.40213677287101746,21.65168571472168,0.0068364632315933704,0.26911911368370056,21.13661003112793,0.007697312161326408,0.32268989086151123,30.273460388183594,0.0009389749029651284,0.06619247049093246,29.162220001220703,0.0012127688387408853,30.472789764404297,0.000896852754522115,0.08082299679517746
209415,6043,5,515,-1,1,24.892757415771484,0.09639088809490204,21.399404525756836,0.1513381004333496,26.598108291625977,22.20208168029785,0.12237224727869034,19.883638381958008,23.49703025817871,0.07800258696079254,17.88164520263672,17.79384422302246,20.517065048217773,0.11783736944198608,100.0,0.29463931918144226,0.5136384963989258,515,547,0.3983585834503174,0,0,0.0032413380686193705,0.002188715385273099,24.68102264404297,0.0034032801631838083,0.11264946311712265,0.007245352026075125,0.13201019167900085,20.925613403320312,0.00808050949126482,0.15428514778614044,0.006022708490490913,0.016286782920360565,23.522632598876953,0.004443620331585407,0.13353651762008667,0.010271553881466389,0.15259502828121185,20.293941497802734,0.009345573373138905,0.16599340736865997,0.004469890147447586,0.016619408503174782,25.849040985107422,0.0026007341220974922,0.07585318386554718,0.008877557702362537,0.0,19.895587921142578,0.01024333480745554,0.14186948537826538,26.766489028930664,0.00210548029281199,0.07529444992542267,37.08072280883789,0.00019585186964832246,26.199209213256836,0.0023992694914340973,0.0918765440583229,22.092315673828125,0.0061768703162670135,0.11031089723110199,21.481544494628906,0.0071096038445830345,0.13236550986766815,24.553340911865234,0.0035048199351876974,0.09325297921895981,31.149967193603516,0.0007673672516830266,24.06053352355957,0.003925966564565897,0.11498792469501495,21.129730224609375,0.007709513418376446,0.1211121529340744,20.554275512695312,0.008801819756627083,0.146908700466156,27.39966583251953,0.0018198407487943769,0.04324578493833542,31.915395736694336,0.0006433695671148598,26.987884521484375,0.0020008361898362637,0.053508613258600235
209784,6043,5,916,-1,1,26.24579620361328,0.15248332917690277,23.5804386138916,0.16072069108486176,27.60432243347168,22.87944984436035,0.2121296525001526,21.359821319580078,23.964689254760742,0.12852886319160461,17.861835479736328,17.84423828125,22.357948303222656,0.13378450274467468,100.0,0.28219252824783325,0.5695427060127258,916,948,0.3950466811656952,0,0,0.002373669994994998,0.0017360717756673694,26.069934844970703,0.002471762243658304,0.1785116046667099,0.004384865518659353,0.14063988626003265,23.106807708740234,0.004890118259936571,0.1688867211341858,0.005152938887476921,0.01636124588549137,24.648855209350586,0.0034285832662135363,0.23612454533576965,0.007311693858355284,0.18982338905334473,22.25332260131836,0.005952067207545042,0.20995649695396423,0.004013571422547102,0.01642768085002899,26.770143508911133,0.002103708451613784,0.14098353683948517,0.005810389295220375,0.0,21.736469268798828,0.006704295054078102,0.1603204905986786,28.06072998046875,0.001562885008752346,0.1400977373123169,36.98936080932617,0.0002000157255679369,27.51399803161621,0.0017725570360198617,0.1674162894487381,24.32445526123047,0.00369449146091938,0.11661618202924728,23.718582153320312,0.004247582517564297,0.14098642766475677,25.65260124206543,0.002721071243286133,0.17160382866859436,31.126895904541016,0.0007714546518400311,25.198474884033203,0.0030210125260055065,0.2043294906616211,23.017169952392578,0.004992098081856966,0.14193153381347656,22.478561401367188,0.0056512425653636456,0.16997431218624115,27.974010467529297,0.0015944064361974597,0.07672396302223206,31.609176635742188,0.0006903705652803183,27.610790252685547,0.001733488985337317,0.0933118537068367
210580,6043,5,1776,-1,1,20.740232467651367,0.10783884674310684,17.701723098754883,0.2241337150335312,27.534067153930664,19.469104766845703,0.15260452032089233,16.935897827148438,22.041074752807617,0.08816254138946533,18.102766036987305,17.894323348999023,17.5145206451416,0.13194501399993896,36.523681640625,0.4031486511230469,0.5559579730033875,1776,1808,0.4745125472545624,0,0,0.008432896807789803,0.0017643847968429327,20.24163055419922,0.009458822198212147,0.11964285373687744,0.016975708305835724,0.14596706628799438,17.156818389892578,0.01924501173198223,0.15728677809238434,0.011300290934741497,0.015478307381272316,19.723438262939453,0.010657520964741707,0.1624603420495987,0.02024931274354458,0.19121161103248596,16.814361572265625,0.020823992788791656,0.20112338662147522,0.006250179372727871,0.016239311546087265,23.26666831970215,0.004713389556854963,0.0874524861574173,0.017723437398672104,0.0002226547512691468,16.90032196044922,0.020415866747498512,0.1442055106163025,22.512340545654297,0.005607458762824535,0.08796930313110352,37.123252868652344,0.00019394326955080032,21.910934448242188,0.006440307013690472,0.09962472319602966,18.42378807067871,0.014375445432960987,0.12933142483234406,17.811119079589844,0.01655343733727932,0.14005360007286072,21.038063049316406,0.007873970083892345,0.10885730385780334,28.906463623046875,0.001286334008909762,20.51222801208496,0.008887452073395252,0.12338494509458542,17.70280647277832,0.016971465200185776,0.14562757313251495,17.122791290283203,0.01939639076590538,0.15793846547603607,25.516416549682617,0.0028077492024749517,0.0440986342728138,29.102359771728516,0.0012296008644625545,25.156230926513672,0.0030505412723869085,0.049103476107120514
213127,6043,5,4515,-1,1,23.95462417602539,0.11167223751544952,21.515850067138672,0.21458373963832855,27.718524932861328,21.019859313964844,0.15254665911197662,19.592979431152344,22.410459518432617,0.09865717589855194,18.03959083557129,17.976104736328125,20.498844146728516,0.13049156963825226,100.0,0.32271918654441833,0.6649240255355835,4515,4547,0.3663025200366974,0,0,0.004022884648293257,0.001691015437245369,23.58363914489746,0.0043816338293254375,0.12525883316993713,0.0070536695420742035,0.1308264136314392,21.006052017211914,0.007932222448289394,0.14771196246147156,0.00790704321116209,0.015705114230513573,21.7344970703125,0.006707340944558382,0.1599741131067276,0.010982519946992397,0.16962407529354095,19.929481506347656,0.010163702070713043,0.17702654004096985,0.005740560125559568,0.01593637466430664,23.796586990356445,0.004171972628682852,0.09600579738616943,0.0089148860424757,0.0,19.877363204956055,0.010286407545208931,0.1503906399011612,25.44629669189453,0.002853451995179057,0.09280768036842346,37.49607849121094,0.0001779886515578255,24.861087799072266,0.003265061881393194,0.105827197432518,22.43796157836914,0.005704320501536131,0.12120512127876282,21.82552719116211,0.006568212993443012,0.13923193514347076,23.091142654418945,0.0049077901057899,0.11298484355211258,31.600128173828125,0.0006918107974343002,22.55206298828125,0.005556401796638966,0.12840381264686584,21.082468032836914,0.007793871685862541,0.13484925031661987,20.50501823425293,0.008902219124138355,0.15340782701969147,25.857444763183594,0.0025957070756703615,0.05158991366624832,32.357872009277344,0.0005810489528812468,25.367563247680664,0.002905654488131404,0.05963003635406494
213162,6043,5,4550,-1,0,25.662933349609375,0.09739269316196442,21.081851959228516,0.14082913100719452,27.716522216796875,21.880826950073242,0.137040913105011,19.351980209350586,22.84583282470703,0.10998070985078812,18.116838455200195,17.98126983642578,19.699718475341797,0.11844629049301147,100.0,0.22189755737781525,0.6346583366394043,4550,4582,0.44582074880599976,0,0,0.0027146071661263704,0.0016917958855628967,25.418214797973633,0.0028719627298414707,0.10600045323371887,0.007794974837452173,0.12999968230724335,20.56121826171875,0.008787759579718113,0.14579473435878754,0.0064851101487874985,0.015428237617015839,22.916433334350586,0.005109244491904974,0.14110565185546875,0.011609195731580257,0.1719212681055069,19.592052459716797,0.010984868742525578,0.18209032714366913,0.005192981101572514,0.01591743528842926,24.506208419799805,0.0035430651623755693,0.10664050281047821,0.010715893469750881,0.0,19.078237533569336,0.012364492751657963,0.13532191514968872,27.748624801635742,0.001679335837252438,0.06984559446573257,38.60845184326172,0.00013777018466498703,27.17491340637207,0.0019164996920153499,0.08068559318780899,21.63213539123535,0.006867309100925922,0.11334060877561569,21.022323608398438,0.007902557030320168,0.13003294169902802,24.39518928527832,0.0036348055582493544,0.09214721620082855,30.701961517333984,0.0008507538004778326,23.91140365600586,0.004063121043145657,0.10622909665107727,20.510387420654297,0.008891221135854721,0.13091595470905304,19.941158294677734,0.010136407800018787,0.15031474828720093,26.313846588134766,0.002336768200621009,0.05228405445814133,30.79374122619629,0.000832963443826884,25.90384292602539,0.0025681224651634693,0.06049098074436188
222717,6046,4,28,-1,0,24.111846923828125,0.14817437529563904,18.192766189575195,0.1659780740737915,26.41139030456543,21.70953369140625,0.18978294730186462,17.373855590820312,23.937393188476562,0.0807701051235199,17.933719635009766,18.03523826599121,17.54047203063965,0.1856255978345871,100.0,0.4024965465068817,0.412371426820755,28,60,0.4333944022655487,0,0,0.00387985329143703,0.0022848674561828375,23.84551239013672,0.004125235602259636,0.17397725582122803,0.015160845592617989,0.18715688586235046,17.653352737426758,0.017165830358862877,0.2234579175710678,0.00674600712954998,0.01609266921877861,22.75064468383789,0.005308058578521013,0.2149585485458374,0.018306881189346313,0.21235722303390503,17.265731811523438,0.01876838691532612,0.2420344352722168,0.004038877785205841,0.015720849856734276,26.494319915771484,0.0022416510619223118,0.08335983753204346,0.017617851495742798,0.0,16.918991088867188,0.02032829076051712,0.22396469116210938,25.129981994628906,0.0030690357089042664,0.13126684725284576,35.71327209472656,0.000268332107225433,24.559425354003906,0.0034999132622033358,0.15792952477931976,18.3752498626709,0.014537006616592407,0.17540745437145233,17.758859634399414,0.01675383187830448,0.2127334475517273,23.679718017578125,0.0042857639491558075,0.14323854446411133,31.30341339111328,0.0007407279335893691,23.15949249267578,0.004831153899431229,0.17364120483398438,17.923452377319336,0.01613076590001583,0.1876155436038971,17.322795867919922,0.01852339319884777,0.22672241926193237,28.2319278717041,0.0015024752356112003,0.04336452856659889,32.1707878112793,0.0006066261557862163,27.850770950317383,0.0016402981709688902,0.05230116471648216
224705,6046,4,2048,-1,1,19.945405960083008,0.3209041357040405,21.886337280273438,0.30403420329093933,23.98621368408203,19.082942962646484,0.3600672781467438,20.533920288085938,25.19826889038086,0.10487155616283417,17.6522274017334,17.576539993286133,21.678028106689453,0.22439192235469818,100.0,0.361343115568161,0.8414002656936646,2048,2080,0.3800807595252991,0,0,0.010126499459147453,0.003993728663772345,19.558523178100586,0.011070003733038902,0.3798774480819702,0.00647688889876008,0.2393854260444641,21.504650115966797,0.007071882952004671,0.2819618880748749,0.012351102195680141,0.01717027835547924,19.351795196533203,0.011609689332544804,0.4153095781803131,0.00884317234158516,0.2766927182674408,21.228017807006836,0.007536994758993387,0.30961546301841736,0.003021157579496503,0.017472142353653908,30.980358123779297,0.000797928951214999,0.11034593731164932,0.006795121356844902,0.0,21.056549072265625,0.007840524427592754,0.26636603474617004,20.186580657958984,0.009579481557011604,0.2984200716018677,34.554168701171875,0.0003504155611153692,19.586334228515625,0.010999337770044804,0.3609391152858734,22.1589298248291,0.006082850508391857,0.2112967073917389,21.55325698852539,0.00699317641556263,0.2537249028682709,20.000667572021484,0.00999846588820219,0.31176528334617615,30.4307861328125,0.0009055687114596367,19.43195152282715,0.01139737293124199,0.3750170171260834,21.856050491333008,0.006522213574498892,0.22801366448402405,21.300167083740234,0.0074128154665231705,0.27205121517181396,31.9252986907959,0.0006419038400053978,0.04520189389586449,31.639528274536133,0.0006855627871118486,31.97098159790039,0.00063518708338961,0.053916968405246735
225291,6046,4,2634,-1,3,23.451902389526367,0.22295501828193665,21.540359497070312,0.19953906536102295,25.042722702026367,21.245891571044922,0.2717505097389221,19.990478515625,24.32300567626953,0.096531942486763,17.50324058532715,17.702129364013672,20.751115798950195,0.28895530104637146,100.0,0.3784259855747223,0.5272868871688843,2634,2666,0.488828182220459,0,0,0.004516580142080784,0.003131323028355837,23.251667022705078,0.004729696549475193,0.2627781927585602,0.007013972848653793,0.29644060134887695,21.068866729736328,0.007818319834768772,0.35100457072257996,0.007506037130951881,0.017769532278180122,22.271623611450195,0.005927037913352251,0.3061400055885315,0.01002194732427597,0.32332390546798706,20.476123809814453,0.008961644023656845,0.3662201464176178,0.0036957249976694584,0.016974108293652534,27.81754493713379,0.0016528964042663574,0.09845785796642303,0.008411788381636143,0.0,20.129638671875,0.00970590952783823,0.34656959772109985,23.972795486450195,0.004006088711321354,0.21525584161281586,31.667001724243164,0.0006812395295128226,23.450918197631836,0.004517603665590286,0.2586349546909332,21.641250610351562,0.0068529099225997925,0.28420600295066833,21.03162956237793,0.007885638624429703,0.34132808446884155,23.08850860595703,0.004910768009722233,0.22983871400356293,27.804166793823242,0.0016579952789470553,22.667068481445312,0.005411194637417793,0.27462050318717957,21.067502975463867,0.00782077293843031,0.2957038879394531,20.53449821472168,0.008841995149850845,0.35340452194213867,28.947528839111328,0.0012742277467623353,0.05176412686705589,29.526268005371094,0.0011152529623359442,28.864959716796875,0.001298685441724956,0.06191645935177803
228270,6047,5,540,-1,3,22.81439781188965,0.13728755712509155,19.506813049316406,0.21695546805858612,26.33515167236328,20.716453552246094,0.16834717988967896,18.31329917907715,22.808073043823242,0.08808860182762146,17.85727310180664,17.89238739013672,18.539064407348633,0.1354493647813797,100.0,0.30956682562828064,0.700835645198822,540,572,0.4751147925853729,0,0,0.005230706185102463,0.0023253317922353745,22.45828628540039,0.0056776865385472775,0.147415429353714,0.011202595196664333,0.1431763917207718,18.976734161376953,0.012656877748668194,0.16100095212459564,0.00847919937223196,0.016378451138734818,21.388282775878906,0.007263930048793554,0.17731337249279022,0.014745855703949928,0.17988577485084534,18.393905639648438,0.014474696479737759,0.19065333902835846,0.005238328594714403,0.016246551647782326,24.50413703918457,0.0035447562113404274,0.08646680414676666,0.01399888563901186,0.0,17.917587280273438,0.016152560710906982,0.15444481372833252,23.91851806640625,0.0040564690716564655,0.11574645340442657,35.54184341430664,0.0002791358274407685,23.33707046508789,0.004637597128748894,0.12729239463806152,19.778100967407227,0.010524224489927292,0.13321267068386078,19.16551399230957,0.01211849506944418,0.15249434113502502,22.378637313842773,0.005782775580883026,0.13918671011924744,29.397560119628906,0.0011487988522276282,21.873743057250977,0.006495695561170578,0.15491971373558044,19.070919036865234,0.012385341338813305,0.15043316781520844,18.501995086669922,0.014118887484073639,0.17084696888923645,26.052471160888672,0.002481722040101886,0.05563295632600784,29.476585388183594,0.0011280844919383526,25.702518463134766,0.0026899741496890783,0.06401181221008301
229207,6047,5,1541,-1,3,26.058414459228516,0.2593017518520355,24.486610412597656,0.2700387239456177,24.31953239440918,22.804975509643555,0.3391379117965698,22.00476837158203,24.47525405883789,0.13233783841133118,17.659683227539062,17.832767486572266,23.26535987854004,0.22137363255023956,100.0,0.39590245485305786,0.6820839643478394,1541,1573,0.4904250502586365,0,0,0.0024783266708254814,0.0036986807826906443,26.40054702758789,0.002290579956024885,0.30167949199676514,0.003559090895578265,0.24144881963729858,24.491031646728516,0.0035554685164242983,0.277593195438385,0.0052420650608837605,0.017140822485089302,24.670562744140625,0.00341148697771132,0.3833068311214447,0.0063026477582752705,0.28365588188171387,23.271015167236328,0.0047086747363209724,0.3124670684337616,0.003568409476429224,0.016471127048134804,28.004161834716797,0.0015833753859624267,0.13998499512672424,0.004714807961136103,0.0,22.64388084411621,0.00544016296043992,0.2557395398616791,27.20468521118164,0.0019034070428460836,0.2292807251214981,32.90385437011719,0.0005124064045958221,26.741958618164062,0.0021174070425331593,0.27298876643180847,24.929622650146484,0.0032139401882886887,0.21784593164920807,24.36042022705078,0.0036640199832618237,0.254814088344574,25.692384719848633,0.0026962594129145145,0.2544347047805786,29.971324920654297,0.0010066244285553694,25.292659759521484,0.002956203417852521,0.30120813846588135,23.870241165161133,0.0041018142364919186,0.2327733039855957,23.343191146850586,0.00463106669485569,0.270633727312088,29.84522247314453,0.0010362814646214247,0.06623003631830215,31.341611862182617,0.0007342412136495113,29.654722213745117,0.001082749105989933,0.07736673951148987
231102,6047,5,3468,-1,3,23.517715454101562,0.12882845103740692,20.48273277282715,0.21226878464221954,25.37114906311035,21.04229164123535,0.16676655411720276,19.015737533569336,23.001176834106445,0.08741456270217896,17.742717742919922,17.483421325683594,19.421220779418945,0.15055230259895325,100.0,0.34978970885276794,0.6068468689918518,3468,3500,0.41071873903274536,0,0,0.004448652267456055,0.0029032554011791945,23.29159927368164,0.004686405882239342,0.14174865186214447,0.00894801877439022,0.15596415102481842,19.993993759155273,0.010013842023909092,0.17800021171569824,0.007866304367780685,0.016816217452287674,21.877958297729492,0.00648939423263073,0.17624901235103607,0.012543716467916965,0.18853090703487396,19.275821685791016,0.011814565397799015,0.1995343565940857,0.005010516382753849,0.017850816249847412,25.17828941345215,0.003035085741430521,0.08134712278842926,0.011425572447478771,0.0,18.799741744995117,0.01318335346877575,0.17516162991523743,24.60870361328125,0.0034604279790073633,0.10934019833803177,34.285316467285156,0.00037279349635355175,24.05005645751953,0.003935449291020632,0.12734632194042206,20.984722137451172,0.007971278391778469,0.13756653666496277,20.373008728027344,0.009176969528198242,0.1604023426771164,22.69894027709961,0.0053716301918029785,0.12955978512763977,28.066082000732422,0.001560959848575294,22.24907684326172,0.0059578875079751015,0.15027646720409393,19.97863006591797,0.01004932913929224,0.15287332236766815,19.436279296875,0.011386025696992874,0.1754603385925293,26.497880935668945,0.002239813329651952,0.046821653842926025,28.592472076416016,0.0013827795628458261,26.249467849731445,0.002371664624661207,0.053358644247055054
233246,6048,2,798,-1,1,28.695030212402344,0.09218426793813705,24.676496505737305,0.11958358436822891,27.62824058532715,24.135780334472656,0.13347171247005463,22.4010009765625,24.73660659790039,0.0855855643749237,17.745386123657227,17.814151763916016,24.16436767578125,0.14930063486099243,100.0,0.29343315958976746,0.40753263235092163,798,830,0.3894976079463959,0,0,0.0013505080714821815,0.0017265372443944216,28.88516616821289,0.0012926572235301137,0.11139790713787079,0.003406828036531806,0.15302442014217377,24.603580474853516,0.003464510664343834,0.183631032705307,0.0038585313595831394,0.01680588535964489,27.289413452148438,0.0018666310934349895,0.14226128160953522,0.005753075238317251,0.17879199981689453,23.938793182373047,0.004037575796246529,0.20258650183677673,0.0033600013703107834,0.016541877761483192,28.754892349243164,0.001332020154222846,0.08206942677497864,0.0038332175463438034,0.0,23.542888641357422,0.004422943107783794,0.1822892278432846,31.603309631347656,0.0006913041579537094,0.0726088210940361,37.428836822509766,0.00018076588457915932,31.135948181152344,0.0007698484696447849,0.08917801082134247,25.851613998413086,0.00259919255040586,0.13896815478801727,25.276363372802734,0.00296731642447412,0.17170411348342896,28.384929656982422,0.0014504650607705116,0.08999906480312347,30.841121673583984,0.0008239255985245109,28.10550308227539,0.0015468556666746736,0.10808517783880234,24.703290939331055,0.0033858756069093943,0.15202221274375916,24.217586517333984,0.003786529181525111,0.18587824702262878,30.059316635131836,0.0009864353341981769,0.046858444809913635,31.095579147338867,0.0007770379888825119,29.919748306274414,0.0010186503641307354,0.056648287922143936
233447,6048,2,999,-1,2,24.99506187438965,0.1054043099284172,23.718036651611328,0.16888967156410217,25.869632720947266,22.657424926757812,0.14367680251598358,21.841419219970703,24.72970962524414,0.08811645209789276,17.843669891357422,17.82831573486328,23.098371505737305,0.16402174532413483,100.0,0.2712074816226959,0.6227323412895203,999,1031,0.3811647295951843,0,0,0.003165875095874071,0.002588433213531971,24.874876022338867,0.003254712326452136,0.12279099225997925,0.004248114302754402,0.164563849568367,23.423828125,0.004545872565358877,0.1964728832244873,0.005423224065452814,0.016429824754595757,24.28302764892578,0.0037299010436981916,0.15627481043338776,0.006544224452227354,0.19469156861305237,22.913875579833984,0.005112254060804844,0.21735821664333344,0.0033653411082923412,0.01648801751434803,28.708040237426758,0.0013464678777381778,0.08950623124837875,0.004899627063423395,0.0,22.476890563964844,0.005653416272252798,0.19727042317390442,26.27117919921875,0.0023598382249474525,0.08039097487926483,35.500091552734375,0.00028183235554024577,25.719411849975586,0.0026795314624905586,0.09964211285114288,24.475677490234375,0.0035680627916008234,0.15001145005226135,23.878917694091797,0.004093626514077187,0.18310371041297913,25.061450958251953,0.003117849351838231,0.10298062115907669,29.15912437438965,0.001213634037412703,24.671432495117188,0.0034108052495867014,0.12529486417770386,23.551313400268555,0.004414370283484459,0.16371677815914154,23.06255531311035,0.004940199200063944,0.19694435596466064,29.93267250061035,0.0010156237985938787,0.05280693992972374,29.85967254638672,0.0010328392963856459,29.944011688232422,0.001012975350022316,0.0616074800491333
233607,6048,2,1191,-1,3,27.480335235595703,0.14554312825202942,24.857051849365234,0.16022899746894836,26.247684478759766,23.8441162109375,0.17964205145835876,22.505847930908203,24.774770736694336,0.09561284631490707,17.9566707611084,17.9708309173584,24.071731567382812,0.2212853729724884,100.0,0.33348172903060913,0.4804731011390686,1191,1223,0.4081360399723053,0,0,0.0017863500397652388,0.0023726385552436113,27.705352783203125,0.0016961520304903388,0.16981416940689087,0.0032680968288332224,0.21466805040836334,24.673625946044922,0.003409082069993019,0.26234883069992065,0.004126562736928463,0.01600784808397293,26.385229110717773,0.0022986726835370064,0.2026393711566925,0.005615847650915384,0.22874224185943604,23.972084045410156,0.0040067448280751705,0.26954910159111023,0.003330602776259184,0.015955738723278046,28.57524871826172,0.0013882742496207356,0.10310619324445724,0.003915857989341021,0.0,23.450252532958984,0.004518297500908375,0.27034544944763184,29.586158752441406,0.0010999789228662848,0.11861928552389145,37.26945495605469,0.00018752305186353624,29.064533233642578,0.0012403568252921104,0.1419377624988556,25.604961395263672,0.0027510852087289095,0.19606290757656097,25.02263069152832,0.003145843278616667,0.24425175786018372,27.580129623413086,0.0017457701032981277,0.13234710693359375,32.067012786865234,0.000621296523604542,27.169780731201172,0.0019187660655006766,0.1592877209186554,24.627120971679688,0.003445784794166684,0.20472925901412964,24.097795486450195,0.0038924268446862698,0.25319480895996094,30.243146896362305,0.0009455517283640802,0.05576339364051819,32.38601303100586,0.0005772962467744946,29.990428924560547,0.0010022064670920372,0.06826987862586975
234644,6048,2,2260,-1,0,28.770864486694336,0.09468406438827515,31.140241622924805,0.10394209623336792,27.162294387817383,24.35671615600586,0.13694548606872559,24.63350486755371,24.85592269897461,0.08271490037441254,18.030685424804688,17.996904373168945,31.72569465637207,0.03962235152721405,100.0,0.08717059344053268,1.1923986673355103,2260,2292,0.3779044449329376,0,0,0.0013271308271214366,0.0019220768008381128,29.081218719482422,0.001235600677318871,0.11243803799152374,0.0007690880447626114,0.05420932173728943,30.89948272705078,0.0008129274356178939,0.06447558104991913,0.003667148994281888,0.015737349167466164,27.422744750976562,0.001810195273719728,0.15190821886062622,0.0034407211933285,0.10435763746500015,28.0791072845459,0.0015562858898192644,0.10851041227579117,0.0032689471263438463,0.015860235318541527,28.75552749633789,0.0013318260898813605,0.08259690552949905,0.0006720951059833169,0.0,31.10421371459961,0.0007754943799227476,0.0486224889755249,31.663097381591797,0.0006818522233515978,0.06472015380859375,37.68080520629883,0.00017057667719200253,31.188953399658203,0.0007605099817737937,0.07928026467561722,34.10946273803711,0.00038819864857941866,0.035977233201265335,33.533843994140625,0.00044321632594801486,0.04354965686798096,28.54161834716797,0.0013990665320307016,0.09114255756139755,30.597078323364258,0.0008715495932847261,28.296728134155273,0.0014802230289205909,0.11207489669322968,29.31633758544922,0.0011704869102686644,0.06420028954744339,29.107601165771484,0.001228117267601192,0.07795604318380356,30.157861709594727,0.0009643038501963019,0.04975561425089836,30.89595603942871,0.000813587917946279,30.054668426513672,0.0009874909883365035,0.06039704382419586
237192,6048,2,4840,-1,3,28.08389663696289,0.09522859752178192,25.023311614990234,0.12065901607275009,27.527793884277344,23.776905059814453,0.13373428583145142,22.576496124267578,24.400142669677734,0.09931348264217377,17.832815170288086,17.777965545654297,24.082584381103516,0.12520086765289307,100.0,0.29064351320266724,0.4151443541049957,4840,4872,0.41267478466033936,0,0,0.0015545702772215009,0.001766934641636908,28.176143646240234,0.001521898782812059,0.11497987806797028,0.003145348746329546,0.13362017273902893,24.835800170898438,0.0032841279171407223,0.15574631094932556,0.004190920852124691,0.01647094450891018,26.379539489746094,0.002301686443388462,0.14632847905158997,0.005525230895727873,0.16635924577713013,24.07904815673828,0.003909265156835318,0.18377183377742767,0.003630660939961672,0.016680283471941948,27.896743774414062,0.001623026910237968,0.10157829523086548,0.0039060835260897875,0.0,23.461105346679688,0.004507019650191069,0.1503562033176422,30.701011657714844,0.0008509398903697729,0.07107052206993103,38.26023483276367,0.00014927139272913337,30.182315826416016,0.0009588889661245048,0.08578739315271378,25.887493133544922,0.002577807754278183,0.10725991427898407,25.300195693969727,0.0029510771855711937,0.1278863102197647,27.921539306640625,0.0016137873753905296,0.09221966564655304,31.770212173461914,0.0006652408046647906,27.545570373535156,0.001759717590175569,0.1118638813495636,24.73534393310547,0.0033609778620302677,0.1229805052280426,24.218624114990234,0.003785624634474516,0.14891120791435242,29.755571365356445,0.001057896064594388,0.05582023411989212,32.179927825927734,0.0006053508259356022,29.478761672973633,0.00112751848064363,0.06758306175470352
238197,6049,3,818,-1,2,28.964540481567383,0.07595822960138321,26.663902282714844,0.07950231432914734,28.097505569458008,24.12539291381836,0.11412771046161652,23.256366729736328,24.419736862182617,0.07343228161334991,17.973745346069336,17.916826248168945,26.429426193237305,0.08147717267274857,100.0,0.19753813743591309,0.4024656414985657,818,850,0.25523391366004944,0,0,0.0012692464515566826,0.0015497059794142842,29.11474609375,0.0012260987423360348,0.09010015428066254,0.0021558068692684174,0.09263142943382263,26.458412170410156,0.0022602626122534275,0.10800483822822571,0.003867771476507187,0.015945039689540863,26.9686222076416,0.002009730553254485,0.12393680214881897,0.0047245812602341175,0.12099969387054443,25.26842498779297,0.002972744405269623,0.1246991902589798,0.0036143173929303885,0.016155388206243515,27.734203338623047,0.0016849215608090162,0.0700804591178894,0.0022753975354135036,0.0,25.80794906616211,0.0026254591066390276,0.09858397394418716,33.04505920410156,0.0004960140213370323,0.05473007634282112,39.73336410522461,0.00010633193596731871,32.549522399902344,0.0005559651181101799,0.06821395456790924,28.73579978942871,0.00133788853418082,0.07186956703662872,28.1485652923584,0.0015315936179831624,0.08706651628017426,29.29113006591797,0.001177299884147942,0.07265891879796982,32.22457504272461,0.0005991592770442367,28.97482681274414,0.0012662444496527314,0.09208066761493683,26.957687377929688,0.0020147969480603933,0.07994150370359421,26.510486602783203,0.0022333222441375256,0.09793112426996231,30.625638961791992,0.0008658372680656612,0.03483432158827782,32.40165328979492,0.0005752206197939813,30.406972885131836,0.000910547620151192,0.04289581999182701
239704,6049,3,2389,-1,0,28.119529724121094,0.07298991084098816,23.79320526123047,0.10154207050800323,26.79169464111328,23.99531364440918,0.10901963710784912,21.85222816467285,24.408960342407227,0.07021671533584595,17.716041564941406,17.629732131958008,23.200672149658203,0.16403833031654358,100.0,0.22909913957118988,0.4432232677936554,2389,2421,0.3403445780277252,0,0,0.0015418672701343894,0.002093296265229583,28.36530876159668,0.0014570322819054127,0.08556003868579865,0.004175220150500536,0.1699368953704834,23.6037540435791,0.004361387342214584,0.19931232929229736,0.003985370974987745,0.016919825226068497,26.99957847595215,0.0019954557064920664,0.11862585693597794,0.0065279570408165455,0.19345198571681976,23.08677864074707,0.004912723321467638,0.21386852860450745,0.0036232965067029,0.017259446904063225,28.166086196899414,0.001525426865555346,0.06945694983005524,0.004785561468452215,0.0,22.579191207885742,0.005521801766008139,0.19573909044265747,31.326353073120117,0.0007368258666247129,0.056694891303777695,37.016441345214844,0.0001987723371712491,30.863962173461914,0.0008196033886633813,0.07037962228059769,24.8775691986084,0.003252693684771657,0.15392707288265228,24.287548065185547,0.0037260199896991253,0.18444329500198364,28.183229446411133,0.0015194180887192488,0.07568654417991638,30.38052749633789,0.0009161088964901865,27.925718307495117,0.0016122349770739675,0.0914948433637619,23.86986541748047,0.0041021681390702724,0.16296474635601044,23.360401153564453,0.00461274990811944,0.19361819326877594,29.733850479125977,0.0010632002959027886,0.03478502854704857,30.948753356933594,0.0008037571096792817,29.573793411254883,0.0011031146859750152,0.040733031928539276
242053,6049,3,4866,-1,1,27.620546340942383,0.09770603477954865,26.085491180419922,0.11920499056577682,27.297746658325195,23.92675018310547,0.12044641375541687,23.10079574584961,24.775789260864258,0.07564814388751984,17.9084415435791,17.849599838256836,25.297447204589844,0.1478947252035141,39.3720588684082,0.24137063324451447,0.49386700987815857,4866,4898,0.35662513971328735,0,0,0.0017295988509431481,0.0018630533013492823,27.672409057617188,0.0017090676119551063,0.11526115238666534,0.0024629230611026287,0.15672996640205383,25.871795654296875,0.002587143098935485,0.18393050134181976,0.004048788920044899,0.016186608001589775,26.612585067749023,0.0021814322099089622,0.12699556350708008,0.004896890837699175,0.17688360810279846,25.056047439575195,0.0031217297073453665,0.19298279285430908,0.0033298232592642307,0.01640741154551506,28.801219940185547,0.001317886752076447,0.07479149848222733,0.0029529461171478033,0.00011555654054973274,24.698684692382812,0.0033894674852490425,0.17768369615077972,29.892955780029297,0.0010249544866383076,0.07937498390674591,33.84244918823242,0.00041281472658738494,29.511194229125977,0.0011191298253834248,0.09569674730300903,27.495079040527344,0.001780295860953629,0.13643276691436768,26.905139923095703,0.0020393228624016047,0.1637871414422989,27.600299835205078,0.0017376805189996958,0.08780570328235626,28.587966918945312,0.0013842146145179868,27.466476440429688,0.0017920598620548844,0.10465649515390396,25.840368270874023,0.0026059334632009268,0.1441550999879837,25.447193145751953,0.002852863632142544,0.17305707931518555,30.04817771911621,0.0009889682987704873,0.03900086507201195,30.136816024780273,0.0009689883445389569,30.03470230102539,0.0009920421289280057,0.04632528871297836
243884,6050,4,1856,-1,0,27.292280197143555,0.09043794870376587,21.886655807495117,0.13775061070919037,25.823888778686523,23.73794937133789,0.12861277163028717,20.500642776489258,25.21308708190918,0.07425329089164734,17.76729965209961,17.79843521118164,21.49575424194336,0.22601088881492615,100.0,0.3848281800746918,0.3579535484313965,1856,1888,0.39738965034484863,0,0,0.001865400350652635,0.002615840407088399,27.56974983215332,0.0017499481327831745,0.1047133356332779,0.006476411130279303,0.23060140013694763,21.40182876586914,0.007241310551762581,0.2776564359664917,0.004228680394589901,0.016721300780773163,26.370014190673828,0.0023067386355251074,0.14005324244499207,0.008911190554499626,0.2577405571937561,21.103519439697266,0.007756183389574289,0.2949105501174927,0.00301086506806314,0.016601858660578728,30.36239242553711,0.0009199428604915738,0.07632710784673691,0.007086381781846285,0.0,20.87427520751953,0.008176594972610474,0.2725282907485962,28.851530075073242,0.0013027082895860076,0.07184378057718277,34.97719955444336,0.0003178922343067825,28.373703002929688,0.0014542185235768557,0.08839721977710724,22.133941650390625,0.0061179520562291145,0.21753044426441193,21.524757385253906,0.007039213553071022,0.26477760076522827,27.234193801879883,0.0018905167235061526,0.08365725725889206,29.040508270263672,0.001247237902134657,27.012598037719727,0.00198948266915977,0.10204997658729553,21.6619873046875,0.00682026706635952,0.2261272370815277,21.128894805908203,0.007710995152592659,0.2739371657371521,31.107837677001953,0.0007748475763946772,0.03672837093472481,29.888164520263672,0.001026085577905178,31.33007049560547,0.000736195535864681,0.04613247513771057
245966,6050,4,3970,-1,1,27.336122512817383,0.08922263234853745,21.793296813964844,0.11610176414251328,24.93163299560547,23.93840789794922,0.12422441691160202,20.46680450439453,24.949674606323242,0.07332625985145569,17.47995376586914,17.400503158569336,21.564970016479492,0.30275505781173706,100.0,0.3201989233493805,0.3625926077365875,3970,4002,0.3939629793167114,0,0,0.0018466631881892681,0.0032124521676450968,27.860729217529297,0.0016365419141948223,0.10586579144001007,0.006617143750190735,0.32011374831199646,21.40707778930664,0.007232563570141792,0.38359907269477844,0.00403793528676033,0.017865067347884178,27.1881103515625,0.0019106847466900945,0.13376732170581818,0.008980896323919296,0.3311171233654022,21.211673736572266,0.007565413136035204,0.3817872405052185,0.0031991340219974518,0.018194906413555145,30.495906829833984,0.0008920918917283416,0.07213208079338074,0.00697433901950717,0.0,20.943490982055664,0.0080473143607378,0.36515098810195923,29.458234786987305,0.00113286089617759,0.07442350685596466,34.51801681518555,0.0003533444250933826,29.021228790283203,0.0012527864892035723,0.09041255712509155,22.175495147705078,0.006059692241251469,0.29699867963790894,21.575624465942383,0.0069572473876178265,0.3622066080570221,27.868520736694336,0.0016336083645001054,0.08438797295093536,28.60740852355957,0.0013780314475297928,27.765228271484375,0.0016729278722777963,0.10469994693994522,21.792213439941406,0.00661878939718008,0.30261093378067017,21.274261474609375,0.007457166910171509,0.3670647144317627,31.575986862182617,0.0006956668803468347,0.033926572650671005,29.5524959564209,0.001108537777327001,31.991809844970703,0.0006321482942439616,0.04270612820982933
246533,6050,4,4569,-1,1,25.449142456054688,0.1702856719493866,25.13617706298828,0.20667974650859833,23.856517791748047,23.227298736572266,0.20361563563346863,22.788026809692383,25.416765213012695,0.07224709540605545,17.731891632080078,17.843368530273438,24.669607162475586,0.13298770785331726,100.0,0.30201515555381775,0.6843357086181641,4569,4601,0.3920741379261017,0,0,0.002851582132279873,0.004114794544875622,25.75568962097168,0.0026572418864816427,0.2021021544933319,0.003064658958464861,0.14162896573543549,24.943763732910156,0.0032034912146627903,0.17199483513832092,0.004756311886012554,0.016858190298080444,25.384288787841797,0.002894484205171466,0.23278053104877472,0.005262563470751047,0.16239893436431885,24.533769607543945,0.003520651487633586,0.17994359135627747,0.0028729201294481754,0.016430968418717384,31.039888381958008,0.0007870663539506495,0.06652649492025375,0.0034122399520128965,0.0,24.048126220703125,0.003937199711799622,0.16345104575157166,26.42596435546875,0.0022772131487727165,0.1607998013496399,31.818584442138672,0.0006578720058314502,25.975078582763672,0.0025263424031436443,0.19827380776405334,25.301944732666016,0.002949886955320835,0.12988360226154327,24.727252960205078,0.0033672444988042116,0.16196368634700775,25.87791633605957,0.0025834995321929455,0.1678563952445984,27.49321746826172,0.0017810598947107792,25.675193786621094,0.0027069514617323875,0.20322765409946442,24.8012752532959,0.0033103395253419876,0.13864079117774963,24.43477439880371,0.003601824166253209,0.1714964658021927,32.36524963378906,0.0005800630315206945,0.037905771285295486,28.735164642333984,0.0013380844611674547,33.34002685546875,0.0004634443612303585,0.04616575688123703
247337,6051,5,314,-1,2,20.996721267700195,0.19167760014533997,16.840072631835938,0.2454458773136139,24.942737579345703,19.43651008605957,0.2340778112411499,16.124826431274414,22.73617935180664,0.10172979533672333,18.07185935974121,17.959421157836914,16.245813369750977,0.37377792596817017,32.54507827758789,0.4350738227367401,0.5641476511955261,314,346,0.4343903362751007,0,0,0.007949283346533775,0.00320425140671432,20.615158081054688,0.008679287508130074,0.21643933653831482,0.02070106752216816,0.37560102343559265,16.32211685180664,0.02332320809364319,0.4266316890716553,0.011385420337319374,0.015588846057653427,19.690467834472656,0.010738738812506199,0.26387110352516174,0.024407166987657547,0.39312320947647095,15.889220237731934,0.025767840445041656,0.43986451625823975,0.005325767677277327,0.015997715294361115,24.33688735961914,0.0036839302629232407,0.10611030459403992,0.023736611008644104,0.00055653479648754,15.637931823730469,0.027302777394652367,0.4269522428512573,21.655868530273438,0.006829880177974701,0.17339758574962616,33.99665832519531,0.0003984137438237667,21.068302154541016,0.007819336839020252,0.2039300799369812,17.062061309814453,0.019669529050588608,0.35645464062690735,16.46027946472168,0.02259291149675846,0.40934979915618896,20.451744079589844,0.009012090973556042,0.2018713802099228,30.827743530273438,0.0008264672942459583,19.883695602416992,0.010271417908370495,0.23857834935188293,16.557924270629883,0.022090602666139603,0.36891961097717285,15.966232299804688,0.02531493827700615,0.4234965145587921,25.816551208496094,0.002620263723656535,0.06342335045337677,30.807003021240234,0.0008304237271659076,25.382579803466797,0.002895623678341508,0.07449881732463837
249864,6051,5,2969,-1,0,23.728099822998047,0.12384016066789627,18.21253204345703,0.20966561138629913,26.151132583618164,21.126922607421875,0.16204892098903656,17.325862884521484,22.54593276977539,0.11096268147230148,18.043983459472656,17.866010665893555,17.491283416748047,0.3270331025123596,100.0,0.4688381254673004,0.44720256328582764,2969,3001,0.45053330063819885,0,0,0.00423828698694706,0.0024259781930595636,23.451400756835938,0.004517103545367718,0.13933634757995605,0.015092000365257263,0.33729735016822815,17.67700958251953,0.017072569578886032,0.38636234402656555,0.007714499719440937,0.01568922959268093,21.879148483276367,0.006487617734819651,0.17163769900798798,0.01851031370460987,0.36173784732818604,17.235336303710938,0.018900202587246895,0.40267592668533325,0.0055642505176365376,0.01634552702307701,24.0831298828125,0.003905592253431678,0.10950092226266861,0.017818523570895195,0.0,16.86980438232422,0.02055983431637287,0.3778221607208252,25.31116485595703,0.002943632658571005,0.10021103918552399,35.04140853881836,0.00031322703580372036,24.75174331665039,0.0033483109436929226,0.11654360592365265,18.680517196655273,0.013550281524658203,0.3169039487838745,18.06853675842285,0.01560078002512455,0.36689847707748413,22.87415313720703,0.005159229505807161,0.12021201848983765,30.99015235900879,0.0007961318478919566,22.342960357666016,0.005830475129187107,0.13778680562973022,18.004480361938477,0.01583259552717209,0.327095091342926,17.41429901123047,0.018137196078896523,0.37688010931015015,25.806499481201172,0.002626335248351097,0.06000965088605881,30.93744468688965,0.0008058523526415229,25.366432189941406,0.0029064093250781298,0.06747329980134964
252387,6052,2,749,-1,3,23.01478385925293,0.1520293653011322,23.166854858398438,0.15768149495124817,27.559144973754883,20.70920753479004,0.1801983118057251,20.765771865844727,23.073415756225586,0.09371522068977356,17.834251403808594,17.952735900878906,22.29444694519043,0.0962972566485405,100.0,0.16284190118312836,0.9683103561401367,749,781,0.3198542892932892,0,0,0.004994839895516634,0.0017542261630296707,22.601593017578125,0.005493395961821079,0.18015888333320618,0.004822969436645508,0.12083061039447784,22.682390213012695,0.005392140243202448,0.14323575794696808,0.00849335826933384,0.016465498134493828,21.386524200439453,0.00726687628775835,0.2014133781194687,0.008383450098335743,0.13305313885211945,21.425689697265625,0.007201635278761387,0.14517301321029663,0.004927861038595438,0.01602235808968544,24.920072555541992,0.0032210154458880424,0.09471780061721802,0.005895969923585653,0.0,21.672969818115234,0.006803042721003294,0.11724390089511871,23.76323699951172,0.0042041330598294735,0.1312798410654068,38.164695739746094,0.00015259167412295938,23.162824630737305,0.004827446769922972,0.15924111008644104,23.85066032409668,0.004120348021388054,0.09423618018627167,23.237537384033203,0.004745109938085079,0.11429235339164734,22.489444732666016,0.0056370957754552364,0.1447460651397705,31.94324493408203,0.0006392573704943061,21.93413543701172,0.006405994296073914,0.17472895979881287,22.52739906311035,0.005588047206401825,0.10098164528608322,21.962570190429688,0.0063641867600381374,0.12335028499364853,27.401933670043945,0.0018188909161835909,0.04887867346405983,32.666812896728516,0.0005411515012383461,26.95624542236328,0.002015466336160898,0.05775405094027519
253520,6052,2,1914,-1,1,28.905553817749023,0.09793242812156677,26.224590301513672,0.10931165516376495,27.052040100097656,24.518468856811523,0.13479304313659668,23.42678451538086,25.02365493774414,0.08001816272735596,17.969898223876953,17.920543670654297,25.651023864746094,0.10815463960170746,100.0,0.29735106229782104,0.3676181733608246,1914,1946,0.38734686374664307,0,0,0.0012866031611338258,0.0019714967347681522,29.27663803100586,0.0011812349548563361,0.11466318368911743,0.002385289641097188,0.11940509080886841,26.341341018676758,0.002322020474821329,0.14218343794345856,0.0035330781247466803,0.01595916785299778,27.901172637939453,0.001621372066438198,0.1462804675102234,0.00454277778044343,0.14301367104053497,25.49004364013672,0.0028248513117432594,0.159139022231102,0.0031451003160327673,0.016141565516591072,29.409503936767578,0.0011456439970061183,0.08222509175539017,0.002722060540691018,0.0,25.029544830322266,0.0031408388167619705,0.1322772204875946,31.329833984375,0.0007362354663200676,0.07987601310014725,38.134544372558594,0.0001536545023554936,30.83091926574707,0.0008258633315563202,0.09563352912664413,27.366191864013672,0.0018339212983846664,0.10047604888677597,26.787397384643555,0.002095368690788746,0.1225699782371521,29.07892417907715,0.001236253883689642,0.08904067426919937,31.50787353515625,0.0007066637626849115,28.801738739013672,0.0013177292421460152,0.1068510189652443,26.21566390991211,0.0023901972454041243,0.1101047694683075,25.737201690673828,0.002668577479198575,0.13402411341667175,31.14995574951172,0.000767369638197124,0.04255357384681702,32.01369857788086,0.0006289704469963908,31.03109359741211,0.0007886617677286267,0.05220668762922287
258422,6053,3,2020,-1,2,27.950504302978516,0.057020291686058044,26.884565353393555,0.07298503816127777,28.68872833251953,23.397417068481445,0.10939687490463257,22.80329704284668,23.73936653137207,0.0798187330365181,18.000783920288086,18.01897430419922,25.83845329284668,0.03393103927373886,100.0,0.08698555082082748,0.8390478491783142,2020,2052,0.2767244875431061,0,0,0.0016030597034841776,0.0013524682726711035,27.847293853759766,0.0016416122671216726,0.067197784781456,0.002049007685855031,0.04321413114666939,26.464828491210938,0.0022569249849766493,0.05060313642024994,0.00457360316067934,0.015846075490117073,25.467769622802734,0.002839377149939537,0.10993854701519012,0.005244092084467411,0.08832274377346039,24.425254821777344,0.00360973016358912,0.08384203910827637,0.004227302502840757,0.01577983796596527,26.10835838317871,0.0024499893188476562,0.07391413301229477,0.0026070817839354277,0.0,25.216976165771484,0.0030081712175160646,0.042173758149147034,31.641845703125,0.000685197243001312,0.04469520226120949,40.964908599853516,8.007726137293503e-05,31.088571548461914,0.0007782926550135016,0.05345447361469269,28.751102447509766,0.0013331833761185408,0.029275797307491302,28.145492553710938,0.0015326779102906585,0.03494793921709061,27.837312698364258,0.0016453905263915658,0.06381431221961975,32.42141342163086,0.0005726098897866905,27.422176361083984,0.0018104336922988296,0.07737530022859573,26.268465042114258,0.002361312508583069,0.045459143817424774,25.776508331298828,0.0026445346884429455,0.05458744615316391,28.857019424438477,0.001301062642596662,0.03525257110595703,32.78262710571289,0.0005269110552035272,28.47661781311035,0.0014201629674062133,0.04265287518501282
260292,6053,3,3954,-1,2,24.76993751525879,0.13511186838150024,20.918092727661133,0.16347365081310272,26.678293228149414,21.962329864501953,0.17177551984786987,19.496252059936523,23.69184112548828,0.09452399611473083,18.011425018310547,18.062576293945312,20.384750366210938,0.13944749534130096,100.0,0.2445041686296463,0.6685925126075745,3954,3986,0.36013463139533997,0,0,0.00333431176841259,0.002148675499483943,24.53862762451172,0.003516716882586479,0.15202420949935913,0.008094512857496738,0.1571841835975647,20.381526947021484,0.009158984757959843,0.17674463987350464,0.006364538334310055,0.015807291492819786,23.087587356567383,0.004911807831376791,0.18469367921352386,0.011229871772229671,0.1900615692138672,19.74898338317871,0.010595016181468964,0.20163103938102722,0.004273817874491215,0.015622206963598728,25.972381591796875,0.0025279121473431587,0.09253022819757462,0.00915218610316515,0.0,19.763273239135742,0.010560215450823307,0.16041910648345947,26.118314743041992,0.0024443790316581726,0.11074446141719818,36.104270935058594,0.00024522963212803006,25.555322647094727,0.0027827098965644836,0.12637411057949066,21.179428100585938,0.007621794939041138,0.12994500994682312,20.56581687927246,0.008778456598520279,0.14785797894001007,24.604738235473633,0.0034635893534868956,0.12655113637447357,31.701095581054688,0.0006759126554243267,24.097755432128906,0.0038924627006053925,0.14645162224769592,20.583877563476562,0.008742029778659344,0.14619410037994385,20.000770568847656,0.009998229332268238,0.16765646636486053,28.72077751159668,0.001342525240033865,0.04828628525137901,32.594276428222656,0.0005502657149918377,28.34337043762207,0.001464411267079413,0.05609257519245148
260645,6053,3,4339,-1,3,25.42516326904297,0.1272910088300705,20.860483169555664,0.1384967565536499,25.144996643066406,22.3509521484375,0.18355531990528107,19.461963653564453,23.561716079711914,0.10193896293640137,17.779748916625977,17.929351806640625,19.84136962890625,0.21199411153793335,100.0,0.28195005655288696,0.4912102520465851,4339,4371,0.3834429383277893,0,0,0.002867369679734111,0.0030584430787712336,25.46991729736328,0.002837973413988948,0.14743903279304504,0.00820260401815176,0.21655184030532837,20.40789794921875,0.009103539399802685,0.24332892894744873,0.005819757468998432,0.016673438251018524,23.819561004638672,0.004149960353970528,0.1997906118631363,0.01131888385862112,0.2558668553829193,19.780010223388672,0.010519590228796005,0.27614936232566833,0.004403810482472181,0.016108859330415726,25.84520149230957,0.002603034256026149,0.10147514194250107,0.010372013784945011,0.0,19.219890594482422,0.011967708356678486,0.24083513021469116,26.94363021850586,0.00202132947742939,0.11923583596944809,31.627111434936523,0.0006875256658531725,26.523714065551758,0.002226530108600855,0.14201325178146362,21.348743438720703,0.0073303659446537495,0.19977319240570068,20.738191604614258,0.008436858654022217,0.22787976264953613,24.648197174072266,0.0034291015472263098,0.1372610628604889,28.855140686035156,0.001301625045016408,24.252277374267578,0.0037564055528491735,0.1628316342830658,20.484066009521484,0.00894527044147253,0.21432945132255554,19.910518646240234,0.01020817831158638,0.24308307468891144,27.58452606201172,0.0017440031515434384,0.04867003485560417,31.532447814941406,0.0007026765961199999,27.202857971191406,0.0019042073981836438,0.056350432336330414
267888,6055,5,1560,-1,0,25.164230346679688,0.13231435418128967,21.021595001220703,0.21229282021522522,26.26318359375,22.303150177001953,0.196724534034729,19.648212432861328,23.75323486328125,0.11080516129732132,17.786237716674805,17.769468307495117,20.523845672607422,0.15256357192993164,100.0,0.3483331799507141,0.6094533205032349,1560,1592,0.46628883481025696,0,0,0.003044929588213563,0.002364186104387045,25.017364501953125,0.0031496593728661537,0.14861300587654114,0.007903882302343845,0.1659010648727417,20.542200088500977,0.008826328441500664,0.18802842497825623,0.005884168203920126,0.016648543998599052,23.738536834716797,0.004228109959512949,0.21023109555244446,0.010843733325600624,0.22269251942634583,20.009597778320312,0.009977923706173897,0.24082587659358978,0.004213824402540922,0.01671295426785946,26.399974822998047,0.002290881471708417,0.11155831068754196,0.008863710798323154,0.0,19.90236473083496,0.010227357968688011,0.1749071478843689,26.959095001220703,0.0020141438581049442,0.1279526948928833,36.12145233154297,0.000244261376792565,26.408414840698242,0.002286433707922697,0.14665533602237701,22.062808990478516,0.006218977738171816,0.14015305042266846,21.453664779663086,0.007155397441238165,0.16150720417499542,24.781179428100586,0.0033256937749683857,0.15478244423866272,29.268712997436523,0.0011833923636004329,24.37079620361328,0.0036552785895764828,0.17800012230873108,21.05705451965332,0.007839610800147057,0.16177619993686676,20.50762367248535,0.00889687892049551,0.18569567799568176,27.725505828857422,0.0016882990021258593,0.05641689524054527,29.975933074951172,0.0010055569000542164,27.463382720947266,0.0017933363560587168,0.06454068422317505
268861,6055,5,2597,-1,2,25.931217193603516,0.11848077923059464,20.123950958251953,0.19317595660686493,26.430437088012695,22.421873092651367,0.15588858723640442,18.927000045776367,23.622737884521484,0.0886513888835907,17.672765731811523,17.6993408203125,19.32923698425293,0.28078705072402954,100.0,0.39768800139427185,0.4857475161552429,2597,2629,0.3713659942150116,0,0,0.0025519856717437506,0.0022748680785298347,25.859264373779297,0.0025946192909032106,0.13540036976337433,0.00971862580627203,0.2837287485599518,19.653352737426758,0.01083090528845787,0.32729408144950867,0.005725489929318428,0.017089268192648888,24.004209518432617,0.003977216314524412,0.1642879843711853,0.012802652083337307,0.30441728234291077,19.134912490844727,0.012204187922179699,0.33879587054252625,0.004342364147305489,0.01698501594364643,26.202701568603516,0.0023973407223820686,0.08528205752372742,0.011670144274830818,0.0,18.7077579498291,0.013465551659464836,0.3244466483592987,27.43401336669922,0.0018055050168186426,0.09525018185377121,36.91818618774414,0.00020332080021034926,26.878238677978516,0.002051995135843754,0.11110785603523254,20.416301727294922,0.009085935540497303,0.2615344822406769,19.8043155670166,0.010460888035595417,0.3047463297843933,25.123682022094727,0.0030734899919480085,0.11085145175457001,31.426286697387695,0.0007200645050033927,24.640029907226562,0.003435555612668395,0.1288781762123108,19.76970863342285,0.010544579476118088,0.27545350790023804,19.181730270385742,0.012073327787220478,0.31925472617149353,28.024166107177734,0.0015760991955175996,0.04619371145963669,32.207462310791016,0.0006015250110067427,27.62950897216797,0.00172603374812752,0.053082630038261414
272300,6056,2,1293,-1,0,21.661903381347656,0.18306384980678558,20.260923385620117,0.18786855041980743,22.611865997314453,20.09577178955078,0.21030288934707642,19.036846160888672,23.814849853515625,0.08560102432966232,17.502126693725586,17.740798950195312,19.675853729248047,0.15826565027236938,100.0,0.32010290026664734,0.5869004726409912,1293,1325,0.41065841913223267,0,0,0.006820397917181253,0.005480413790792227,21.532577514648438,0.007026549894362688,0.2062537968158722,0.009416895918548107,0.1656627655029297,19.807384490966797,0.010453499853610992,0.18595609068870544,0.009781892411410809,0.01777409203350544,20.67915916442871,0.008552324026823044,0.2311219871044159,0.012482897378504276,0.1908266246318817,19.23232650756836,0.01193348877131939,0.20750311017036438,0.00415446562692523,0.016823653131723404,26.56520652770996,0.0022053602151572704,0.08122126758098602,0.01077493466436863,0.0,19.05437660217285,0.012432616204023361,0.18534934520721436,21.946706771850586,0.006387477740645409,0.16414915025234222,25.068294525146484,0.0031129387207329273,21.617019653320312,0.006891253404319286,0.1931072324514389,20.377044677734375,0.009168441407382488,0.15144918859004974,19.773141860961914,0.01053624413907528,0.17756004631519318,21.315603256225586,0.0073865181766450405,0.17353007197380066,24.268295288085938,0.0037425763439387083,20.997901916503906,0.007947124540805817,0.20436066389083862,19.933446884155273,0.01015442330390215,0.16035565733909607,19.360807418823242,0.011585617437958717,0.18845072388648987,28.660358428955078,0.0013613324845209718,0.0403001494705677,30.249980926513672,0.0009440651047043502,28.460243225097656,0.0014255275018513203,0.04839937761425972
272680,6056,2,1705,-1,0,24.497634887695312,0.15733137726783752,23.812761306762695,0.20798981189727783,25.937435150146484,21.788455963134766,0.20970302820205688,21.406126022338867,23.293758392333984,0.1171773225069046,17.994050979614258,18.075603485107422,22.118846893310547,0.33118563890457153,100.0,0.35212311148643494,0.590673565864563,1705,1737,0.39319613575935364,0,0,0.0035500668454915285,0.002548334188759327,24.313079833984375,0.003704180009663105,0.183325856924057,0.004156462848186493,0.3004456162452698,23.427265167236328,0.004542277194559574,0.34704914689064026,0.006624520756304264,0.015870654955506325,22.83826446533203,0.005202038679271936,0.23086261749267578,0.007234146352857351,0.3357388377189636,22.230792999267578,0.005983027629554272,0.3774135112762451,0.004684079438447952,0.015575412660837173,25.216514587402344,0.0030084901954978704,0.1205647811293602,0.006139249075204134,0.0,21.49736785888672,0.007083748932927847,0.38764438033103943,26.197805404663086,0.0024000455159693956,0.13572697341442108,34.53712844848633,0.00035179316182620823,25.662044525146484,0.002715161070227623,0.161905899643898,25.075973510742188,0.0031074397265911102,0.3103027641773224,24.48114585876465,0.0035635707899928093,0.36656588315963745,23.822097778320312,0.004147537983953953,0.16276444494724274,30.532241821289062,0.0008846592390909791,23.32592010498047,0.0046495189890265465,0.19075852632522583,23.156339645385742,0.004834660328924656,0.3314845561981201,22.60805892944336,0.005485223140567541,0.3906790614128113,26.96175765991211,0.002012908924371004,0.06389481574296951,31.98456573486328,0.0006332038319669664,26.5263671875,0.002225171308964491,0.07464703917503357
274078,6056,2,3103,-1,2,25.04387855529785,0.2632787227630615,22.55472183227539,0.21938422322273254,20.996505737304688,23.02006721496582,0.29714494943618774,21.24817657470703,25.15033531188965,0.07775665819644928,17.103273391723633,18.060762405395508,22.252914428710938,0.2843000888824463,23.032255172729492,0.32442528009414673,0.6762241721153259,3103,3135,0.4012570083141327,0,0,0.0031304906588047743,0.00794967357069254,26.21769905090332,0.0023890777956694365,0.3119482696056366,0.005553002003580332,0.281282514333725,22.723350524902344,0.005341523326933384,0.3368266820907593,0.004988768603652716,0.019483759999275208,25.592845916748047,0.002758769551292062,0.3388937711715698,0.0075020925141870975,0.3026062846183777,22.383617401123047,0.005776148289442062,0.3491448760032654,0.0030546854250133038,0.01562873274087906,29.50697898864746,0.0011202167952433228,0.07652408629655838,0.005952626932412386,0.004974785726517439,22.144519805908203,0.0061030639335513115,0.3442472219467163,26.48674774169922,0.002245563082396984,0.2596868872642517,23.441370010375977,0.004527548793703318,27.225082397460938,0.0018944884650409222,0.31068646907806396,23.09426498413086,0.004904260393232107,0.2683003842830658,23.011653900146484,0.004998443182557821,0.32498642802238464,25.459835052490234,0.0028445681091398,0.2724738121032715,22.538501739501953,0.005573781672865152,26.153440475463867,0.002424689242616296,0.32486629486083984,22.515625,0.005603217985481024,0.2798710763454437,22.485397338867188,0.005642353091388941,0.3375544846057892,30.604917526245117,0.0008699782774783671,0.0521545447409153,29.365205764770508,0.001157389604486525,30.83145523071289,0.000825761235319078,0.06168825924396515
274497,6056,2,3554,-1,3,27.732065200805664,0.1127236858010292,24.715068817138672,0.12252639979124069,25.806438446044922,23.920368194580078,0.15779706835746765,22.647552490234375,24.598663330078125,0.09897051006555557,17.954574584960938,17.980459213256836,24.089174270629883,0.13469254970550537,35.374813079833984,0.27561765909194946,0.44455206394195557,3554,3586,0.3879600167274475,0,0,0.0016857514856383204,0.0026263713371008635,28.121856689453125,0.00154104083776474,0.13258033990859985,0.0033767055720090866,0.14034578204154968,24.64651870727539,0.0034304270520806313,0.16719523072242737,0.004054741468280554,0.01601557433605194,26.547021865844727,0.0022146133705973625,0.17677457630634308,0.00543556734919548,0.16685041785240173,24.093475341796875,0.003896301845088601,0.18963418900966644,0.0034684378188103437,0.015920404344797134,28.08898162841797,0.001552750589326024,0.10326748341321945,0.0039001614786684513,0.0002900807885453105,23.51097869873047,0.004455558490008116,0.16327011585235596,30.64418601989746,0.0008621473680250347,0.08900273591279984,36.701416015625,0.000213726467336528,30.168682098388672,0.0009619044722057879,0.10841125249862671,25.71831703186035,0.002680207369849086,0.11927393823862076,25.168453216552734,0.003041970543563366,0.1454438418149948,27.967544555664062,0.0015967822400853038,0.1144806444644928,30.217382431030273,0.0009511779062449932,27.70547103881836,0.001696106162853539,0.1391085982322693,24.70872688293457,0.003381640650331974,0.13766558468341827,24.236204147338867,0.0037703318521380424,0.16700401902198792,30.02472686767578,0.000994322937913239,0.0586426667869091,31.368684768676758,0.0007296784897334874,29.850440979003906,0.001035037450492382,0.07184295356273651
278930,6057,3,3120,-1,2,26.370319366455078,0.17083479464054108,27.6667423248291,0.13150040805339813,29.25905990600586,22.766035079956055,0.22667500376701355,23.06999969482422,23.80322265625,0.1264168620109558,18.312999725341797,18.329139709472656,25.18446922302246,0.07074934244155884,100.0,0.11308201402425766,1.1628763675689697,3120,3152,0.33673396706581116,0,0,0.002306577982380986,0.0011860256781801581,26.05728530883789,0.0024789704475551844,0.19980913400650024,0.0017112982459366322,0.08024279773235321,27.209308624267578,0.0019013815326616168,0.09466662257909775,0.005289281718432903,0.014746876433491707,24.163177490234375,0.003834267845377326,0.247347891330719,0.004931738134473562,0.14290320873260498,24.610307693481445,0.0034591483417898417,0.15048107504844666,0.004165602382272482,0.014692172408103943,25.94119644165039,0.0025461299810558558,0.1311774104833603,0.003030771389603615,0.0,24.56298828125,0.003497044090181589,0.08551332354545593,28.15069580078125,0.001530841807834804,0.14948630332946777,37.10662841796875,0.0001946871489053592,27.603492736816406,0.0017364041414111853,0.17461737990379333,29.89722442626953,0.001023947144858539,0.05020926147699356,29.300153732299805,0.001174856093712151,0.06027579307556152,25.089580535888672,0.00309771834872663,0.17314931750297546,29.286672592163086,0.0011785085080191493,24.694185256958008,0.0033929815981537104,0.201909139752388,25.633556365966797,0.0027330294251441956,0.08101028949022293,25.239364624023438,0.0029927033465355635,0.09567462652921677,27.094324111938477,0.0019523949595168233,0.07031244039535522,29.71967315673828,0.001066676457412541,26.801326751708984,0.0020886592101305723,0.08218424022197723
279087,6057,3,3309,-1,3,26.827394485473633,0.12489072978496552,22.808513641357422,0.11838920414447784,28.311872482299805,23.11935043334961,0.16919668018817902,20.94190216064453,24.06255531311035,0.09815075248479843,17.919536590576172,18.072113037109375,22.350465774536133,0.1583966761827469,100.0,0.26125961542129517,0.4531477391719818,3309,3341,0.29717111587524414,0,0,0.0020761589985340834,0.0014750707196071744,26.638137817382812,0.0021686339750885963,0.14848826825618744,0.00523779634386301,0.15745249390602112,22.36467170715332,0.005801401101052761,0.19137859344482422,0.0048760161735117435,0.016145313158631325,25.02755355834961,0.0031422777101397514,0.18583108484745026,0.00805025827139616,0.1881175935268402,21.642616271972656,0.006850754376500845,0.2129502147436142,0.003924140706658363,0.01558794267475605,26.716796875,0.0021297093480825424,0.0994146317243576,0.0058204070664942265,0.0,21.728988647460938,0.006715854164212942,0.1967017948627472,29.036157608032227,0.0012484882026910782,0.1147933155298233,39.37808609008789,0.00011539609113242477,28.468530654907227,0.001422810135409236,0.1390548050403595,23.541288375854492,0.00442457152530551,0.13635145127773285,22.929983139038086,0.005093327723443508,0.17013554275035858,26.685199737548828,0.0021452605724334717,0.130785271525383,32.73545837402344,0.0005326647660695016,26.20993423461914,0.002393352100625634,0.1566219925880432,22.619983673095703,0.005470179952681065,0.1558980792760849,22.052518844604492,0.006233730353415012,0.19247640669345856,28.972545623779297,0.0012669101124629378,0.05395966023206711,33.2130126953125,0.0004771982494276017,28.574840545654297,0.0013884044019505382,0.06440834701061249
280412,6057,3,4698,-1,1,24.523067474365234,0.11893568933010101,22.908527374267578,0.16165533661842346,28.33653450012207,21.66020393371582,0.16536442935466766,20.68874168395996,23.23402214050293,0.09820901602506638,17.99247169494629,18.003612518310547,21.139225006103516,0.09137987345457077,100.0,0.2241598665714264,0.7211609482765198,4698,4730,0.3457503616809845,0,0,0.003529338398948312,0.0014667181530967355,24.149158477783203,0.003846664447337389,0.13541166484355927,0.00511855399236083,0.10543284565210342,22.498424530029297,0.00562545470893383,0.11720563471317291,0.006823067087680101,0.01587643288075924,22.65180778503418,0.005430242512375116,0.17581751942634583,0.008533473126590252,0.145370215177536,21.313302993774414,0.007390431594103575,0.15037523210048676,0.004748953506350517,0.015835756435990334,25.16656494140625,0.003043291624635458,0.09826480597257614,0.007692675106227398,0.0,20.51774787902832,0.008876165375113487,0.10364413261413574,25.71747589111328,0.002680726582184434,0.09784343838691711,37.626731872558594,0.00017271368415094912,25.133466720581055,0.003066574689000845,0.11360176652669907,23.352184295654297,0.004621486645191908,0.08077669888734818,22.743005752563477,0.005317400675266981,0.09136311709880829,23.74176788330078,0.004224965814501047,0.1180952936410904,30.184154510498047,0.0009584834333509207,23.253684997558594,0.004727501422166824,0.13588769733905792,21.946260452270508,0.006388133391737938,0.0976003035902977,21.409149169921875,0.00722911674529314,0.10967104136943817,26.87125015258789,0.002055299701169133,0.05194249004125595,30.251060485839844,0.000943830527830869,26.524173736572266,0.0022262949496507645,0.059167515486478806
285053,6058,4,4528,-1,0,26.408607482910156,0.10840259492397308,27.982223510742188,0.13979771733283997,25.293790817260742,23.235008239746094,0.13639000058174133,23.896350860595703,25.088985443115234,0.07279884070158005,17.078048706054688,17.179140090942383,27.898590087890625,0.07894561439752579,100.0,0.21436236798763275,0.6521560549736023,4528,4560,0.3875664174556732,0,0,0.002286331495270133,0.0029554313514381647,26.608680725097656,0.0021833928767591715,0.1301434338092804,0.0015913938404992223,0.08551742881536484,28.110132217407227,0.0015452078077942133,0.10282929241657257,0.004747873172163963,0.019597258418798447,26.084735870361328,0.002463351935148239,0.1509081870317459,0.004077228717505932,0.11798980087041855,27.539770126342773,0.001762068597599864,0.1269380748271942,0.0030981439631432295,0.019146356731653214,32.0121955871582,0.0006291880854405463,0.06650039553642273,0.001622336800210178,0.0,27.277111053466797,0.0018719270592555404,0.09751136600971222,27.704553604125977,0.0016964643727988005,0.08952416479587555,32.64227294921875,0.0005442177643999457,27.27292251586914,0.0018737332429736853,0.11226186156272888,29.381044387817383,0.001153176766820252,0.06797483563423157,28.832691192626953,0.001308371196500957,0.08334603905677795,26.683303833007812,0.0021461970172822475,0.09822893142700195,26.846315383911133,0.0020671335514634848,26.658761978149414,0.002158360555768013,0.12382573634386063,27.82048225402832,0.0016517783515155315,0.08396540582180023,27.846393585205078,0.0016419527819380164,0.10290398448705673,31.95135498046875,0.0006380643462762237,0.03717808797955513,27.73790740966797,0.00168348487932235,33.21271896362305,0.00047723049647174776,0.044257115572690964
287423,6059,5,1857,-1,1,25.717336654663086,0.13576871156692505,20.561805725097656,0.16802054643630981,25.82779884338379,22.649009704589844,0.18431520462036133,19.289981842041016,23.880395889282227,0.10276755690574646,17.83975601196289,17.925718307495117,19.89849853515625,0.25304919481277466,100.0,0.3435785472393036,0.48903095722198486,1857,1889,0.36842063069343567,0,0,0.002680812496691942,0.002613486023619771,25.70058822631836,0.0026911706663668156,0.1639077216386795,0.008786572143435478,0.2572842240333557,20.05817222595215,0.009866951033473015,0.30410444736480713,0.005433742888271809,0.01644464209675789,24.271564483642578,0.003739758161827922,0.21016564965248108,0.011776109226047993,0.28677475452423096,19.53097152709961,0.01114045362919569,0.3285125494003296,0.004092233721166849,0.016122346743941307,26.494714736938477,0.0022414473351091146,0.10875129699707031,0.010236469097435474,0.0,19.277021408081055,0.011811310425400734,0.30520036816596985,27.491044998168945,0.0017819503555074334,0.12340965867042542,35.36730194091797,0.0002905830042436719,26.96503448486328,0.0020113911014050245,0.15177997946739197,20.94647979736328,0.00804178137332201,0.23496223986148834,20.33263397216797,0.00926267821341753,0.2822074592113495,25.384769439697266,0.0028941642958670855,0.14340439438819885,31.764751434326172,0.0006660779472440481,24.898645401000977,0.003236947348341346,0.1726805418729782,20.314828872680664,0.009300732053816319,0.2517399787902832,19.725017547607422,0.010653648525476456,0.3019595146179199,28.34690284729004,0.001463219989091158,0.05984165146946907,32.83564758300781,0.0005205178167670965,27.93646240234375,0.001608251011930406,0.07255314290523529
288296,6059,5,2794,-1,1,25.840660095214844,0.10116639733314514,23.417808532714844,0.16782893240451813,26.915115356445312,22.497364044189453,0.13421951234340668,21.33510971069336,24.00527000427246,0.07803364843130112,17.70073890686035,17.846202850341797,22.357620239257812,0.12022039294242859,100.0,0.2693030834197998,0.6231971979141235,2794,2826,0.3928286135196686,0,0,0.0026057593058794737,0.002034644363448024,25.696632385253906,0.0026936233043670654,0.11288753151893616,0.004552176222205162,0.12505850195884705,23.08550262451172,0.0049141645431518555,0.13981223106384277,0.005626828875392675,0.016979550942778587,24.11139488220215,0.0038802570197731256,0.13637366890907288,0.007353415712714195,0.15562163293361664,22.29659080505371,0.005893060006201267,0.16134846210479736,0.003976243548095226,0.01642024703323841,26.857574462890625,0.0020617812406271696,0.0705115869641304,0.00581082608550787,0.0,21.736143112182617,0.006704799365252256,0.13611452281475067,27.400802612304688,0.0018193641444668174,0.07842478156089783,37.38964080810547,0.0001824047794798389,26.837770462036133,0.0020712038967758417,0.09027152508497238,24.264755249023438,0.003745626425370574,0.10723769664764404,23.676475524902344,0.004288963973522186,0.1221504807472229,25.306489944458008,0.0029468033462762833,0.0942496657371521,30.892431259155273,0.0008142482838593423,24.848033905029297,0.003274888964369893,0.10840801894664764,23.06087303161621,0.004942115396261215,0.1197286993265152,22.539958953857422,0.005571909714490175,0.13553839921951294,28.413036346435547,0.0014411081792786717,0.04125325009226799,31.186296463012695,0.0007609750027768314,28.108625411987305,0.00154574413318187,0.04754536971449852
292828,6060,2,2686,-1,0,24.595748901367188,0.1628890335559845,23.513086318969727,0.15181444585323334,26.315832138061523,21.52168083190918,0.19828377664089203,20.8426513671875,22.375375747680664,0.09906740486621857,17.929256439208984,17.97462272644043,22.672008514404297,0.09999872744083405,100.0,0.21454744040966034,0.7076031565666199,2686,2718,0.34422627091407776,0,0,0.003470763796940446,0.002335699275135994,24.3825626373291,0.0036453891079872847,0.18696877360343933,0.004453397821635008,0.10808472335338593,23.143007278442383,0.00484952749684453,0.12392798066139221,0.007044206373393536,0.016109220683574677,22.47983169555664,0.005649589002132416,0.21690264344215393,0.008236347697675228,0.14161525666713715,21.509937286376953,0.007063277065753937,0.15323247015476227,0.005787120666354895,0.015941813588142395,23.74187660217285,0.004224860109388828,0.09848225861787796,0.005405041389167309,0.0,22.0505313873291,0.006236586254090071,0.11637411266565323,27.19033432006836,0.0019097058102488518,0.1407720148563385,34.87020492553711,0.00032582119456492364,26.668794631958008,0.0021533805411309004,0.16587406396865845,25.33980369567871,0.0029242844320833683,0.09016220271587372,24.74523162841797,0.0033533351961523294,0.10721638053655624,23.746726989746094,0.004220145288854837,0.1669388711452484,28.881271362304688,0.0012938171857967973,23.30650520324707,0.004670349415391684,0.195765420794487,22.715482711791992,0.005351207684725523,0.11701808869838715,22.197940826416016,0.006028454285115004,0.13706357777118683,25.332334518432617,0.002929318230599165,0.0688266009092331,30.195514678955078,0.0009559794561937451,24.904067993164062,0.0032329089008271694,0.07871435582637787
294055,6060,2,3977,-1,1,27.331560134887695,0.09871156513690948,24.636741638183594,0.12651638686656952,25.902854919433594,23.934328079223633,0.13069449365139008,22.44745445251465,24.802452087402344,0.08537963777780533,18.130640029907227,18.20514678955078,23.859174728393555,0.1513272523880005,100.0,0.30958276987075806,0.4086674153804779,3977,4009,0.38743001222610474,0,0,0.0018486047629266977,0.002568707102909684,27.59995460510254,0.0017378199845552444,0.1156887412071228,0.0034381586592644453,0.1618468463420868,24.431257247924805,0.0036047447938472033,0.18635129928588867,0.004041729029268026,0.015379279851913452,26.38746452331543,0.0022974901366978884,0.14115691184997559,0.005691864527761936,0.18349672853946686,23.715255737304688,0.004250839352607727,0.20259983837604523,0.003309444058686495,0.015117686241865158,28.260009765625,0.001492791692726314,0.08842229098081589,0.004112280439585447,0.0,23.237693786621094,0.004744939040392637,0.17984740436077118,28.950328826904297,0.00127340666949749,0.0754445269703865,35.999473571777344,0.00025121928774751723,28.444616317749023,0.0014306660741567612,0.09003620594739914,25.24111557006836,0.0029914977494627237,0.14031574130058289,24.651763916015625,0.0034262866247445345,0.16772353649139404,27.189510345458984,0.0019100691424682736,0.08991990238428116,30.9487247467041,0.0008037624647840858,26.818805694580078,0.0020802700892090797,0.10717088729143143,24.333797454833984,0.0036865531001240015,0.14903299510478973,23.818035125732422,0.004151420667767525,0.17934054136276245,30.435293197631836,0.0009046293562278152,0.04032859951257706,31.531341552734375,0.000702855468261987,30.28876495361328,0.0009356714435853064,0.04976577311754227
294840,6060,2,4794,-1,3,28.963611602783203,0.09676635265350342,25.688493728637695,0.1389310657978058,27.394638061523438,24.218521118164062,0.14764781296253204,22.992961883544922,24.851314544677734,0.084029421210289,17.587520599365234,17.77145004272461,25.06485939025879,0.1469746232032776,100.0,0.3022167682647705,0.4597066640853882,4794,4826,0.3939262926578522,0,0,0.0012695178156718612,0.001821948797442019,29.26454734802246,0.0011845282278954983,0.11562013626098633,0.002698675263673067,0.14586175978183746,25.597143173217773,0.002756040543317795,0.17254102230072021,0.0037857152055948973,0.017428018152713776,27.729110717773438,0.0016868992242962122,0.1597273349761963,0.005020002834498882,0.1741662621498108,24.90150260925293,0.003234818112105131,0.18916009366512299,0.00327241700142622,0.016705326735973358,29.187192916870117,0.0012058153515681624,0.07997825741767883,0.0031154020689427853,0.0,24.443378448486328,0.0035946948919445276,0.17721086740493774,32.04396438598633,0.0006246022530831397,0.07995965331792831,37.63188934326172,0.00017250870587304235,31.585433959960938,0.0006941552273929119,0.09726198017597198,26.765783309936523,0.0021058227866888046,0.1308477222919464,26.186037063598633,0.0024065582547336817,0.1602076143026352,28.951805114746094,0.0012729745358228683,0.10056544840335846,30.698318481445312,0.0008514681248925626,28.736019134521484,0.0013378217117860913,0.11963142454624176,25.614582061767578,0.002744997851550579,0.13895826041698456,25.16785430908203,0.0030423887073993683,0.16615688800811768,30.474939346313477,0.0008964090957306325,0.04556858539581299,31.079402923583984,0.0007799374870955944,30.388980865478516,0.0009143279166892171,0.055773377418518066
297216,6061,3,2285,-1,2,25.370193481445312,0.10479100793600082,20.123998641967773,0.13497743010520935,27.953811645507812,22.35671615600586,0.13851293921470642,18.906829833984375,23.381547927856445,0.07457423955202103,18.09998893737793,18.006731033325195,19.34449005126953,0.2774866819381714,100.0,0.33474332094192505,0.4032266438007355,2285,2317,0.3880164921283722,0,0,0.002903895452618599,0.001601839903742075,25.080488204956055,0.0031042115297168493,0.11656530201435089,0.009718522429466248,0.27689579129219055,19.54509925842285,0.011104270815849304,0.31511190533638,0.005812040064483881,0.015488208271563053,23.641748428344727,0.004323398694396019,0.1417815238237381,0.012862250208854675,0.29889389872550964,19.05413055419922,0.012433311901986599,0.3286774754524231,0.004590344149619341,0.015824386849999428,25.433258056640625,0.0028620297089219093,0.06815565377473831,0.011629232205450535,0.0,18.723011016845703,0.013418343849480152,0.3178938627243042,27.281341552734375,0.0018701049266383052,0.09337176382541656,36.85341262817383,0.00020637585839722306,26.724239349365234,0.002126063220202923,0.1060091182589531,20.566307067871094,0.008777471259236336,0.2606275975704193,19.94927406311035,0.010117486119270325,0.2994367480278015,24.755599975585938,0.0033453390933573246,0.11101198196411133,30.139646530151367,0.0009683567332103848,24.305057525634766,0.0037110289558768272,0.12479454278945923,19.831571578979492,0.010395440272986889,0.2728118896484375,19.256561279296875,0.011867081746459007,0.3129331171512604,26.919918060302734,0.0020323956850916147,0.045601923018693924,30.694488525390625,0.0008522188290953636,26.54829978942871,0.002213961211964488,0.05116048455238342
297411,6061,3,2480,-1,1,26.045429229736328,0.14891846477985382,21.717512130737305,0.12539330124855042,27.322021484375,23.066570281982422,0.19308359920978546,20.392234802246094,24.504501342773438,0.0874847024679184,18.043563842773438,18.01485252380371,21.2626953125,0.2971605360507965,100.0,0.2943858802318573,0.42594876885414124,2480,2512,0.35839277505874634,0,0,0.002485748613253236,0.0018526698695495725,25.87851333618164,0.0025831456296145916,0.17109334468841553,0.0067336237989366055,0.2972573935985565,21.28476905822754,0.007439147215336561,0.3408740162849426,0.004935634322464466,0.015690747648477554,24.839935302734375,0.0032810019329190254,0.20832660794258118,0.00913643091917038,0.3214908838272095,20.876495361328125,0.008172416128218174,0.35925087332725525,0.0035444581881165504,0.015794822946190834,27.799476623535156,0.0016597864450886846,0.08603076636791229,0.00747705390676856,0.0,20.641216278076172,0.008627369999885559,0.3438437283039093,27.945697784423828,0.001604835269972682,0.12918779253959656,34.69196701049805,0.00033947156043723226,27.44846534729004,0.0017995064845308661,0.14904509484767914,22.398893356323242,0.005755866412073374,0.2767527997493744,21.789541244506836,0.006622866727411747,0.32125815749168396,25.827373504638672,0.0026137405075132847,0.15554584562778473,29.33356285095215,0.0011658534640446305,25.472185134887695,0.0028364926110953093,0.1797219067811966,21.623247146606445,0.006881379056721926,0.29348552227020264,21.0727596282959,0.007811315357685089,0.3397027850151062,29.095842361450195,0.0012314467458054423,0.0477919727563858,30.70340347290039,0.0008504712022840977,28.89390754699707,0.0012900582514703274,0.05578029900789261
298826,6061,3,3991,-1,3,19.605804443359375,0.23102572560310364,18.3649959564209,0.2722628116607666,27.66162109375,18.620391845703125,0.25652775168418884,17.49965476989746,23.818336486816406,0.08479581773281097,18.51007652282715,18.572528839111328,17.585590362548828,0.2954767942428589,100.0,0.35821494460105896,0.7600542902946472,3991,4023,0.37465882301330566,0,0,0.010950140655040741,0.0017133179353550076,19.075885772705078,0.012371190823614597,0.26924893260002136,0.014571377076208591,0.29853355884552,17.789276123046875,0.01663690060377121,0.34659239649772644,0.01373918168246746,0.0140926418825984,18.637615203857422,0.013684803619980812,0.28380677103996277,0.01778421178460121,0.3251209259033203,17.361610412597656,0.018358571454882622,0.3579009175300598,0.004151130095124245,0.013891441747546196,25.763248443603516,0.0026526206638664007,0.07916487008333206,0.017435764893889427,0.0,16.964111328125,0.020118188112974167,0.345455527305603,19.838912963867188,0.010377880185842514,0.2167481929063797,35.90958786010742,0.0002564729074947536,19.231769561767578,0.011935018934309483,0.258060485124588,18.531326293945312,0.014023855328559875,0.28125590085983276,17.913850784301758,0.01616646535694599,0.32983940839767456,19.27495765686035,0.011816921643912792,0.23373287916183472,30.28852653503418,0.0009357231901958585,18.699573516845703,0.013490953482687473,0.27857497334480286,18.014671325683594,0.01579548418521881,0.29472529888153076,17.42070770263672,0.018110446631908417,0.3436242938041687,27.257688522338867,0.0018803186248987913,0.0496818870306015,31.413803100585938,0.0007221370469778776,26.864490509033203,0.0020585001911967993,0.058400340378284454
299630,6061,3,4827,-1,0,27.321430206298828,0.09634240716695786,25.566898345947266,0.12511508166790009,27.80712890625,23.850482940673828,0.1276267021894455,22.895370483398438,24.77153778076172,0.0771632194519043,17.9298152923584,17.934022903442383,24.855125427246094,0.16326017677783966,100.0,0.23672138154506683,0.5285331010818481,4827,4859,0.3240435719490051,0,0,0.001852922490797937,0.0016568657010793686,27.251300811767578,0.0018830850021913648,0.11550620198249817,0.002775301691144705,0.1587091088294983,25.145137786865234,0.0030583436600863934,0.18790143728256226,0.004120517987757921,0.016107147559523582,26.427474975585938,0.0022764212917536497,0.13873662054538727,0.005134086590260267,0.18305295705795288,24.652191162109375,0.003425950650125742,0.20086665451526642,0.003333084285259247,0.016091544181108475,28.632020950317383,0.001370244543068111,0.07548464834690094,0.0032695457339286804,0.0,24.233646392822266,0.003772553289309144,0.19549454748630524,29.71298599243164,0.0010683204745873809,0.07446583360433578,37.960716247558594,0.0001599294482730329,29.179067611694336,0.0012080729939043522,0.09188805520534515,26.87991714477539,0.0020512023475021124,0.14739026129245758,26.27448844909668,0.0023580407723784447,0.17535299062728882,27.34259033203125,0.0018439156701788306,0.09228706359863281,29.908315658569336,0.0010213354835286736,27.054309844970703,0.0019704666920006275,0.11364880204200745,25.509811401367188,0.002812023740261793,0.15552835166454315,25.07709503173828,0.0031066376250237226,0.18677783012390137,29.833887100219727,0.0010389902163296938,0.04198431968688965,30.324695587158203,0.0009279625373892486,29.7630672454834,0.0010560713708400726,0.05287802591919899
300211,6062,4,537,-1,1,26.282140731811523,0.19241325557231903,24.001182556152344,0.19343306124210358,25.508197784423828,23.299253463745117,0.23434440791606903,21.905773162841797,25.02942657470703,0.09319840371608734,17.96138572692871,17.994979858398438,23.250553131103516,0.24203625321388245,100.0,0.3292085826396942,0.5875698924064636,537,569,0.42471739649772644,0,0,0.002353888237848878,0.0028130672872066498,26.414474487304688,0.002283245325088501,0.22963368892669678,0.0039799888618290424,0.24287724494934082,23.57828140258789,0.004387041553854942,0.2913566529750824,0.004678156226873398,0.01599048264324665,25.319782257080078,0.002937798388302326,0.26709723472595215,0.006447966210544109,0.27787235379219055,22.98680877685547,0.00502712232992053,0.3203592300415039,0.0031409254297614098,0.015867261216044426,29.270050048828125,0.0011830279836431146,0.0966176688671112,0.004730909131467342,0.0,22.629074096679688,0.005458741448819637,0.2973906993865967,27.47789764404297,0.0017873526085168123,0.17617027461528778,32.63725280761719,0.000544847222045064,27.036624908447266,0.0019785072654485703,0.21510432660579681,24.292892456054688,0.0037214376498013735,0.2290719896554947,23.691059112548828,0.004274588078260422,0.2795703411102295,26.29142951965332,0.0023488595616072416,0.1921801120042801,28.19460678100586,0.0015154426218941808,26.060604095458984,0.002477077767252922,0.2342572808265686,23.577808380126953,0.004387521650642157,0.24359434843063354,23.10550308227539,0.004891589283943176,0.2957984507083893,30.87125587463379,0.0008182282326743007,0.05277223512530327,29.63970184326172,0.001086500589735806,31.096038818359375,0.0007769554504193366,0.06351982802152634
300422,6062,4,748,-1,0,24.088518142700195,0.1895938217639923,21.40587043762207,0.23534834384918213,26.51424789428711,21.903213500976562,0.21851259469985962,20.033037185668945,24.773269653320312,0.09851976484060287,17.930606842041016,17.983524322509766,20.83195686340332,0.2812091112136841,100.0,0.3913007378578186,0.6014513373374939,748,780,0.4160987138748169,0,0,0.003900751704350114,0.0022313883528113365,23.81159782409668,0.004157576709985733,0.22291819751262665,0.007234575692564249,0.28291332721710205,20.927196502685547,0.008077566511929035,0.3364827334880829,0.006451766472309828,0.016104204580187798,23.039255142211914,0.0049667758867144585,0.24913665652275085,0.009924218989908695,0.3112764358520508,20.469837188720703,0.00897462572902441,0.3540128171443939,0.0033317548222839832,0.015909170731902122,28.548757553100586,0.0013967681443318725,0.10512548685073853,0.008256659843027592,0.0,20.21047592163086,0.009526915848255157,0.33645063638687134,24.616315841674805,0.003454367397353053,0.17633280158042908,34.311744689941406,0.000370532157830894,24.057397842407227,0.003928803373128176,0.21185055375099182,21.580183029174805,0.006949950009584427,0.2646379768848419,20.974882125854492,0.007989360019564629,0.31872689723968506,23.667261123657227,0.004298073705285788,0.1882576048374176,28.51731300354004,0.0014069178141653538,23.239591598510742,0.004742866847664118,0.22756390273571014,21.048192977905273,0.00785562302917242,0.2801503837108612,20.506498336791992,0.008899186737835407,0.33570632338523865,29.251380920410156,0.0011881248792633414,0.05979129672050476,29.663585662841797,0.0010805411729961634,29.191299438476562,0.001204676111228764,0.072432741522789
305838,6063,5,1052,-1,1,23.327655792236328,0.08873964101076126,23.031490325927734,0.17902271449565887,27.768936157226562,20.526405334472656,0.13053782284259796,20.3905029296875,21.713977813720703,0.0934487134218216,18.040674209594727,17.942886352539062,21.758134841918945,0.05712306499481201,100.0,0.17853739857673645,1.0027183294296265,1052,1084,0.3749030828475952,0,0,0.004647660534828901,0.0016715010860934854,22.919593811035156,0.005105530843138695,0.09696934372186661,0.004975664429366589,0.07203547656536102,22.58951187133789,0.005508698057383299,0.07868847250938416,0.00885848794132471,0.015701185911893845,21.075847625732422,0.007805765140801668,0.13300257921218872,0.009140071459114552,0.12278782576322556,20.911880493164062,0.008106105960905552,0.12063370645046234,0.006739107426255941,0.01605873927474022,22.752885818481445,0.0053053186275064945,0.08759371936321259,0.006670932285487652,0.0,21.136655807495117,0.007697229739278555,0.06362464278936386,25.22103500366211,0.003005361184477806,0.07696758210659027,38.71099090576172,0.00013455539010465145,24.625558853149414,0.0034470234531909227,0.08735727518796921,24.607707977294922,0.003461220534518361,0.05903756245970726,24.004831314086914,0.00397664587944746,0.06705977022647858,22.612897872924805,0.005479111336171627,0.09445616602897644,32.19496154785156,0.0006032589008100331,22.055648803710938,0.00622924230992794,0.10633058845996857,22.261837005615234,0.00594040984287858,0.07367347180843353,21.695911407470703,0.0067671965807676315,0.08261144161224365,24.86985206604004,0.0032584788277745247,0.045659687370061874,32.24876403808594,0.000595832010731101,24.355567932128906,0.0036681166384369135,0.051285963505506516
306517,6063,5,1763,-1,1,20.085071563720703,0.31376710534095764,16.885042190551758,0.2919703423976898,25.334102630615234,18.630563735961914,0.35867467522621155,16.094820022583008,22.645414352416992,0.1191328689455986,17.910049438476562,18.190000534057617,16.144081115722656,0.3756793737411499,100.0,0.4331672787666321,0.6740360260009766,1763,1795,0.3975924551486969,0,0,0.009806022979319096,0.002928125439211726,19.640039443969727,0.010864160023629665,0.3584441542625427,0.020487818866968155,0.37839218974113464,16.31910514831543,0.023339388892054558,0.4247080087661743,0.013707038015127182,0.016180623322725296,18.752843856811523,0.013326486572623253,0.4005541503429413,0.024576392024755478,0.411991149187088,15.85464096069336,0.02597382478415966,0.4530779719352722,0.0054382444359362125,0.015170502476394176,24.043964385986328,0.003940973896533251,0.12038829922676086,0.024299200624227524,0.0,15.522600173950195,0.0280375424772501,0.4242253303527832,20.472566604614258,0.008968984708189964,0.2951390743255615,34.97119903564453,0.0003183320222888142,19.871688842773438,0.01029985398054123,0.3435024917125702,16.917757034301758,0.02033407613635063,0.3605318069458008,16.301410675048828,0.023434676229953766,0.4098544120788574,19.574785232543945,0.011028628796339035,0.3242968022823334,31.443622589111328,0.0007171958568505943,18.991127014160156,0.012615003623068333,0.3757096529006958,16.48543357849121,0.022462427616119385,0.37926650047302246,15.87841796875,0.02583201974630356,0.4301532506942749,25.901538848876953,0.0025694852229207754,0.07376237213611603,32.575897216796875,0.000552599667571485,25.406414031982422,0.00287977559491992,0.08433432877063751
307483,6063,5,2793,-1,3,23.95991325378418,0.091790571808815,23.04206085205078,0.20554743707180023,28.366031646728516,21.31485366821289,0.12299774587154388,20.843128204345703,22.768901824951172,0.08652816712856293,18.043315887451172,18.13083839416504,21.960630416870117,0.07215133309364319,100.0,0.27824240922927856,0.7387351393699646,2793,2825,0.45855337381362915,0,0,0.004017988219857216,0.0014567900216206908,23.553627014160156,0.004412019159644842,0.1023583859205246,0.004963567014783621,0.08889390528202057,22.66141700744629,0.0054182433523237705,0.09783028066158295,0.007387791760265827,0.015691649168729782,22.139394760131836,0.006110275164246559,0.12690602242946625,0.008235446177423,0.11827142536640167,21.46979331970215,0.00712886918336153,0.12169114500284195,0.005285787396132946,0.015378575772047043,24.279361724853516,0.003733051009476185,0.08453568816184998,0.006367031950503588,0.0,21.339149475097656,0.0073465751484036446,0.08477266877889633,25.693758010864258,0.002695406787097454,0.06984233856201172,38.498111724853516,0.00014131524949334562,25.102745056152344,0.003088344121351838,0.07995699346065521,24.20305061340332,0.0037992261350154877,0.07191932946443558,23.598880767822266,0.004366282839328051,0.08370140194892883,23.525062561035156,0.004441134165972471,0.08440383523702621,32.26983642578125,0.000592947646509856,22.981590270996094,0.005033162888139486,0.09627288579940796,22.585494995117188,0.005513794254511595,0.08243101090192795,22.025962829589844,0.006271967664361,0.09554991126060486,26.55116081237793,0.002212503459304571,0.0464494526386261,32.52189254760742,0.000559513398911804,26.078645706176758,0.002466809470206499,0.05328366905450821
309990,6064,2,454,-1,2,23.742448806762695,0.13797983527183533,20.937536239624023,0.15784020721912384,26.247312545776367,21.115646362304688,0.17129285633563995,19.284162521362305,22.977481842041016,0.09304912388324738,17.79644775390625,18.11117935180664,19.93140411376953,0.14141890406608582,100.0,0.32147321105003357,0.49099022150039673,454,486,0.40612196922302246,0,0,0.00422430457547307,0.0023728415835648775,23.459056854248047,0.004509144928306341,0.1573375165462494,0.008058356121182442,0.16244754195213318,20.442808151245117,0.009030656889081001,0.18549925088882446,0.007734556216746569,0.016609450802206993,21.95915985107422,0.006369188893586397,0.1838022917509079,0.011791901662945747,0.1799161434173584,19.518383026123047,0.011172793805599213,0.19371043145656586,0.005037927534431219,0.015448345802724361,24.639057159423828,0.0034363246522843838,0.09410887211561203,0.010159207507967949,0.0,19.30992317199707,0.011722162365913391,0.16445426642894745,24.95098876953125,0.003198167309165001,0.11354981362819672,36.2909049987793,0.00023491430329158902,24.37225341796875,0.003654052270576358,0.13187411427497864,21.254005432128906,0.007492028176784515,0.13093505799770355,20.643230438232422,0.008623369969427586,0.15160071849822998,23.228145599365234,0.00475538382306695,0.13057179749011993,28.613571166992188,0.0013760775327682495,22.77754783630371,0.005275276489555836,0.15022429823875427,20.344762802124023,0.009236848913133144,0.14267536997795105,19.802082061767578,0.010466266423463821,0.16559983789920807,26.78929328918457,0.002094453666359186,0.05237459018826485,28.8547306060791,0.0013017484452575445,26.543502807617188,0.00221640826202929,0.06148122623562813
314128,6064,2,4816,-1,3,19.71773910522461,0.2768625020980835,18.9597110748291,0.27463969588279724,24.082963943481445,18.565643310546875,0.3198983669281006,17.95267677307129,23.59035301208496,0.1007244810461998,17.679166793823242,17.896345138549805,18.340925216674805,0.3203016519546509,100.0,0.412598580121994,0.6656341552734375,4816,4848,0.42662402987480164,0,0,0.010671514086425304,0.0039057431276887655,19.313541412353516,0.011712402105331421,0.3068763315677643,0.012706583365797997,0.32298821210861206,18.463680267333984,0.014243999496102333,0.36723464727401733,0.013913481496274471,0.017064103856682777,18.71963882446289,0.013428769074380398,0.3496234118938446,0.01602257415652275,0.3532859981060028,17.925870895385742,0.01612178236246109,0.3893093168735504,0.004374864976853132,0.016231754794716835,25.933359146118164,0.0025507279206067324,0.09974405169487,0.014652356505393982,0.0,17.719446182250977,0.01690656505525112,0.36829185485839844,19.826112747192383,0.010408514179289341,0.257258802652359,34.21345520019531,0.00037901324685662985,19.225772857666016,0.011951512657105923,0.2934631407260895,18.977834701538086,0.012653672136366367,0.3108695447444916,18.364877700805664,0.014571767300367355,0.35796409845352173,19.420705795288086,0.011426924727857113,0.27819252014160156,30.90073013305664,0.0008126937318593264,18.840606689453125,0.013059885241091251,0.31991732120513916,18.611629486083984,0.013766922987997532,0.322312593460083,18.015844345092773,0.015791213139891624,0.3707349896430969,28.447555541992188,0.0014296990120783448,0.05427313596010208,31.988656997680664,0.0006326076108962297,28.09016227722168,0.0015523285837844014,0.06329717487096786
317600,6065,3,3474,-1,3,26.322654724121094,0.11578357219696045,21.39124870300293,0.12160911411046982,26.324556350708008,22.922937393188477,0.16346073150634766,20.00113296508789,24.076623916625977,0.09902049601078033,17.947397232055664,18.12421417236328,20.63848876953125,0.2754397988319397,100.0,0.3421127498149872,0.35546502470970154,3474,3506,0.40571489930152893,0,0,0.002332031959667802,0.0023310116957873106,26.322362899780273,0.002332189353182912,0.1320171058177948,0.0072589716874063015,0.2627563774585724,21.037147521972656,0.00787562970072031,0.3014460504055023,0.005101597867906094,0.01604207046329975,24.661710739135742,0.0034184481482952833,0.17486530542373657,0.009997392073273659,0.30594900250434875,20.458375930786133,0.00899833720177412,0.34006085991859436,0.003911449108272791,0.015402049757540226,26.688432693481445,0.0021436645183712244,0.09894193708896637,0.008632788434624672,0.0,20.017011642456055,0.009960910305380821,0.3182864487171173,28.899703979492188,0.0012883380986750126,0.09970502555370331,36.22591781616211,0.0002384560211794451,28.386743545532227,0.0014498585369437933,0.11675247550010681,22.037681579589844,0.006255064159631729,0.25687459111213684,21.43878936767578,0.007179942913353443,0.2994004786014557,25.886783599853516,0.0025782312732189894,0.12247635424137115,29.09539031982422,0.0012315758503973484,25.551111221313477,0.0027854088693857193,0.14159463346004486,21.162206649780273,0.0076520731672644615,0.27216464281082153,20.62841796875,0.008652827702462673,0.315685510635376,28.204240798950195,0.0015120846219360828,0.04927990585565567,29.426286697387695,0.0011412258027121425,28.043384552001953,0.0015691398875787854,0.05638006329536438
318557,6065,3,4463,-1,3,22.91445541381836,0.14299261569976807,17.785144805908203,0.20986583828926086,27.02985954284668,20.61445426940918,0.18514667451381683,16.868837356567383,22.91513442993164,0.10078781843185425,17.906972885131836,17.943527221679688,17.150758743286133,0.2882920503616333,100.0,0.3887474834918976,0.5398513078689575,4463,4495,0.37318551540374756,0,0,0.005111572798341513,0.0019815918058156967,22.523468017578125,0.0055931080132722855,0.1648896187543869,0.01665273681282997,0.2924671471118927,17.24195671081543,0.018871407955884933,0.3361431658267975,0.008680695667862892,0.016192086040973663,21.234878540039062,0.0075250971131026745,0.19990114867687225,0.02056441269814968,0.3182568848133087,16.734155654907227,0.02121214009821415,0.3545393645763397,0.005110773723572493,0.016056369990110397,24.65106964111328,0.003426835173740983,0.10043958574533463,0.019271884113550186,0.0,16.529279708862305,0.022236790508031845,0.33463194966316223,23.80185317993164,0.004166914150118828,0.12436126172542572,36.728416442871094,0.00021240190835669637,23.209993362426758,0.004775300621986389,0.14594855904579163,17.893230438232422,0.016243400052189827,0.2702009081840515,17.27660369873047,0.018721453845500946,0.3143085539340973,22.43233871459961,0.005711709149181843,0.14667299389839172,29.784767150878906,0.001050808234140277,21.918720245361328,0.006428771186619997,0.1700546145439148,17.45710563659668,0.01795930042862892,0.28642287850379944,16.86737823486328,0.020571323111653328,0.33146658539772034,26.932527542114258,0.0020265025086700916,0.05921642482280731,30.338714599609375,0.0009249724098481238,26.583738327026367,0.0021959689911454916,0.06765176355838776
319150,6066,4,178,-1,2,23.1773738861084,0.1341163069009781,22.05219078063965,0.20562206208705902,25.94479751586914,21.118070602416992,0.16076801717281342,20.187044143676758,23.65096092224121,0.08732739090919495,17.641801834106445,17.71293830871582,20.885955810546875,0.16502061486244202,100.0,0.38010555505752563,0.540960431098938,178,210,0.4422333538532257,0,0,0.0048113027587533,0.002544017741456628,22.87340545654297,0.005160116590559483,0.15746496617794037,0.00623420299962163,0.1847969889640808,21.608734130859375,0.006904412526637316,0.21909889578819275,0.007730238139629364,0.01721154898405075,22.026233673095703,0.0062715751118958,0.17502360045909882,0.009578459896147251,0.20638637244701385,20.76502227783203,0.008384899236261845,0.22866669297218323,0.004314237739890814,0.0169319249689579,26.24692153930664,0.002373055089265108,0.08525865525007248,0.008154629729688168,0.0,20.264476776123047,0.009409187361598015,0.19691945612430573,24.16719627380371,0.0038307199720293283,0.11405685544013977,35.30813980102539,0.0002945683372672647,23.590476989746094,0.004374743439257145,0.1369865983724594,22.51464080810547,0.005604489706456661,0.1652633547782898,21.9111270904541,0.006440021097660065,0.19867472350597382,22.94928550720215,0.00507074361667037,0.12517136335372925,31.253482818603516,0.0007492932491004467,22.414226531982422,0.005735582206398249,0.15031617879867554,21.484085083007812,0.0071054501459002495,0.16397713124752045,20.914762496948242,0.008100726641714573,0.19586987793445587,27.755966186523438,0.0016764996107667685,0.0517490953207016,31.946685791015625,0.000638750905636698,27.360912322998047,0.0018361532129347324,0.060725949704647064
319176,6066,4,204,-1,0,25.585628509521484,0.148514986038208,22.476425170898438,0.22781525552272797,26.55638885498047,22.744569778442383,0.19832554459571838,20.96198844909668,24.445283889770508,0.09089504927396774,17.59511375427246,17.64186668395996,22.039697647094727,0.22165460884571075,100.0,0.35566720366477966,0.6405292749404907,204,236,0.40364348888397217,0,0,0.002763359108939767,0.0022098419722169638,25.453813552856445,0.0028485157527029514,0.1744302213191986,0.005654023494571447,0.22224721312522888,22.1353759765625,0.006115927826613188,0.25762099027633667,0.005315486807376146,0.017397573217749596,24.613380432128906,0.0034567038528621197,0.2171253114938736,0.008013114333152771,0.24362894892692566,21.748849868774414,0.006685209460556507,0.26804444193840027,0.0035931195598095655,0.01721128635108471,28.244834899902344,0.0014980171108618379,0.08818262815475464,0.0062521640211343765,0.0,21.4182186126709,0.007214035373181105,0.26095402240753174,26.797866821289062,0.0020903225522488356,0.13092361390590668,35.78559494018555,0.0002639006997924298,26.2501163482666,0.0023713107220828533,0.15488123893737793,22.86717987060547,0.005167520605027676,0.20193544030189514,22.263357162475586,0.00593832740560174,0.24070937931537628,25.58172607421875,0.0027658422477543354,0.15826401114463806,31.239145278930664,0.0007517707417719066,25.120561599731445,0.00307569932192564,0.1860576719045639,22.379131317138672,0.005782119929790497,0.21902604401111603,21.814306259155273,0.006585209164768457,0.25720295310020447,29.723588943481445,0.0010657154489308596,0.049100905656814575,32.67138671875,0.0005405819974839687,29.40624237060547,0.0011465051211416721,0.05764449015259743
319573,6066,4,601,-1,1,16.333539962768555,0.4525507092475891,15.792206764221191,0.44276800751686096,22.889005661010742,15.797370910644531,0.4679907560348511,15.329169273376465,25.520078659057617,0.03521036356687546,17.370376586914062,17.392314910888672,15.526379585266113,0.41905921697616577,100.0,0.46845918893814087,0.9451581239700317,601,633,0.43124496936798096,0,0,0.023261941969394684,0.005141614470630884,15.841976165771484,0.02604968287050724,0.5148715972900391,0.026349924504756927,0.42565780878067017,15.240032196044922,0.029922422021627426,0.4710646867752075,0.026318613439798355,0.018321558833122253,15.598953247070312,0.027548927813768387,0.527237057685852,0.029314549639821053,0.43176981806755066,15.072671890258789,0.031098028644919395,0.47438666224479675,0.002805383177474141,0.01822924241423607,33.640323638916016,0.00043248169822618365,0.021779010072350502,0.028013160452246666,0.0,14.904900550842285,0.032322876155376434,0.4735473692417145,16.087085723876953,0.024620192125439644,0.4387394189834595,31.54174041748047,0.0007011743145994842,15.48213005065918,0.02830004133284092,0.5094928741455078,15.61257266998291,0.0274626724421978,0.4161183834075928,14.998007774353027,0.0316372849047184,0.46990492939949036,16.010841369628906,0.02505624108016491,0.44221270084381104,28.506011962890625,0.001410583732649684,15.422082901000977,0.02869403548538685,0.5119286179542542,15.54642105102539,0.027884187176823616,0.417296439409256,14.952377319335938,0.03197145462036133,0.472172349691391,33.69892501831055,0.0004266852338332683,0.014458701014518738,28.573034286499023,0.0013889824040234089,35.54957580566406,0.00027863949071615934,0.014853643253445625
320448,6066,4,1476,-1,0,24.856470108032227,0.23899000883102417,20.005325317382812,0.1567380279302597,25.626585006713867,22.131107330322266,0.26681050658226013,18.713008880615234,23.8906192779541,0.11014293134212494,17.447914123535156,17.580379486083984,19.215848922729492,0.2514919936656952,100.0,0.3368956744670868,0.46524202823638916,1476,1508,0.4660729169845581,0,0,0.003268534317612648,0.002737421076744795,24.749237060546875,0.003350243903696537,0.27511832118034363,0.009987742640078068,0.26557961106300354,19.524940490722656,0.011155935004353523,0.30322641134262085,0.006121944170445204,0.01799735613167286,23.67041015625,0.004294957499951124,0.2938041687011719,0.013449283316731453,0.27512991428375244,18.93299102783203,0.012785002589225769,0.301931232213974,0.0040826136246323586,0.017456699162721634,26.93561553955078,0.0020250624511390924,0.10827015340328217,0.01197885349392891,0.0,18.594369888305664,0.013821752741932869,0.2888164818286896,25.894920349121094,0.00257340376265347,0.22067713737487793,34.281951904296875,0.0003730823809746653,25.35821533203125,0.002911915071308613,0.26317864656448364,20.108203887939453,0.009753931313753128,0.24720045924186707,19.5039005279541,0.011210115626454353,0.2867130637168884,24.40133285522461,0.003629665356129408,0.22884514927864075,28.57843017578125,0.001387258293107152,24.00701141357422,0.003974650986492634,0.2679315209388733,19.484027862548828,0.01126153115183115,0.24941259622573853,18.932979583740234,0.012785038910806179,0.287150114774704,27.761594772338867,0.0016743279993534088,0.0705796629190445,28.8424072265625,0.0013054476585239172,27.616832733154297,0.001731078838929534,0.08099181950092316
326492,6067,5,2337,-1,2,23.188112258911133,0.11041031777858734,17.73072052001953,0.2303384393453598,26.39853286743164,20.919021606445312,0.14130792021751404,17.035507202148438,22.994922637939453,0.08084584772586823,17.657958984375,17.654258728027344,17.18001365661621,0.3063855767250061,100.0,0.46172839403152466,0.49886131286621094,2337,2369,0.4122697412967682,0,0,0.004799420014023781,0.002291642827913165,22.85232162475586,0.0051852320320904255,0.11980333924293518,0.01686273142695427,0.3150252401828766,17.226207733154297,0.018939971923828125,0.35374948382377625,0.008092778734862804,0.017147637903690338,21.73943328857422,0.006699723657220602,0.14982421696186066,0.019790152087807655,0.3366086483001709,16.914627075195312,0.02034873329102993,0.37102892994880676,0.005017732735723257,0.017162246629595757,25.017797470092773,0.0031493459828197956,0.07842020690441132,0.019142502918839455,0.0,16.558534622192383,0.022087503224611282,0.34560009837150574,24.744836807250977,0.0033536392729729414,0.09554186463356018,36.96831130981445,0.00020098745881114155,24.158201217651367,0.003838662523776293,0.10795706510543823,18.232032775878906,0.015024387277662754,0.30420732498168945,17.61797332763672,0.017306234687566757,0.3455425500869751,22.81875228881836,0.0052254656329751015,0.11494306474924088,29.932079315185547,0.001015762216411531,22.311317443847656,0.005873112939298153,0.12918485701084137,17.661319732666016,0.017134368419647217,0.3144552409648895,17.075218200683594,0.019610019400715828,0.35520514845848083,26.67951202392578,0.0021480729337781668,0.041009802371263504,29.995086669921875,0.0010011320700868964,26.336658477783203,0.002324525499716401,0.04593378305435181
327888,6067,5,3765,-1,2,24.341516494750977,0.096644826233387,17.84203338623047,0.19806359708309174,26.14881134033203,21.620315551757812,0.14276988804340363,16.98977279663086,23.898237228393555,0.09497899562120438,17.79340171813965,17.81918716430664,17.15380096435547,0.2385726422071457,100.0,0.44209805130958557,0.44800829887390137,3765,3797,0.4465624690055847,0,0,0.00368000497110188,0.0024272752925753593,24.11982536315918,0.0038727326318621635,0.1040647029876709,0.016436025500297546,0.2324684113264084,17.281864166259766,0.018698800355196,0.2596559524536133,0.0068860226310789585,0.016621103510260582,22.685468673706055,0.005388318095356226,0.1504157930612564,0.019999666139483452,0.2621725797653198,16.865121841430664,0.020582018420100212,0.28295406699180603,0.004075457341969013,0.016522714868187904,26.654470443725586,0.0021604944486171007,0.08989444375038147,0.019258392974734306,0.0,16.53232192993164,0.022221224382519722,0.27096474170684814,25.048355102539062,0.0031272645574063063,0.08415185660123825,36.087955474853516,0.0002461526310071349,24.472694396972656,0.0035705126356333494,0.0966297909617424,17.845420837402344,0.01642320491373539,0.21733011305332184,17.230016708374023,0.01892336830496788,0.24708035588264465,23.505037307739258,0.0044616577215492725,0.1071251705288887,30.76799201965332,0.0008379165665246546,22.993694305419922,0.005019156727939844,0.12309840321540833,17.4631404876709,0.017934367060661316,0.23120683431625366,16.865049362182617,0.02058235928416252,0.2624416947364807,28.171329498291016,0.001523586455732584,0.047527458518743515,31.640567779541016,0.0006853984668850899,27.818485260009766,0.0016525385435670614,0.05315393954515457
329492,6068,2,501,-1,1,24.88214683532715,0.19735932350158691,22.60930633544922,0.2153548300266266,25.547807693481445,22.283918380737305,0.22766545414924622,20.769994735717773,23.8051700592041,0.09145597368478775,17.52668571472168,17.76394271850586,21.690067291259766,0.2346242517232895,100.0,0.31366071105003357,0.6865853071212769,501,533,0.4064362347126007,0,0,0.003249267814680934,0.0027875283267349005,24.788223266601562,0.0033203046768903732,0.22459007799625397,0.005483648274093866,0.23131757974624634,22.22469139099121,0.0059914360754191875,0.2671016454696655,0.005910282488912344,0.017673863098025322,23.871631622314453,0.004100500606000423,0.24520888924598694,0.008375303819775581,0.2584396004676819,21.538198471069336,0.007017464842647314,0.2867819368839264,0.004163735080510378,0.016734229400753975,26.517316818237305,0.0022298127878457308,0.08976396918296814,0.0067763072438538074,0.0,21.06859016418457,0.007818816229701042,0.27368593215942383,26.86417007446289,0.0020586519967764616,0.18042516708374023,33.76497268676758,0.000420245312852785,26.362537384033203,0.0023107146844267845,0.20943187177181244,23.493736267089844,0.004473285283893347,0.21963998675346375,22.896282196044922,0.005133006256073713,0.25734585523605347,24.848268508911133,0.003274712711572647,0.20043066143989563,29.023406982421875,0.001252159010618925,24.454050064086914,0.0035858748015016317,0.2297670990228653,22.3182315826416,0.0058637685142457485,0.2330884337425232,21.813678741455078,0.006586155854165554,0.27260956168174744,27.757169723510742,0.0016760349972173572,0.058077458292245865,30.06363296508789,0.000985454535111785,27.490243911743164,0.0017822782974690199,0.06681975722312927
331113,6068,2,2154,-1,1,25.59552001953125,0.15838523209095,22.025793075561523,0.16303400695323944,25.743003845214844,22.556303024291992,0.20759217441082,20.52385139465332,23.83099365234375,0.09303677082061768,17.806013107299805,17.859172821044922,21.022441864013672,0.1542981117963791,100.0,0.33121493458747864,0.49223023653030396,2154,2186,0.40842342376708984,0,0,0.0027570719830691814,0.0026650154031813145,25.57326889038086,0.002771234605461359,0.185996413230896,0.0062722135335206985,0.1647159904241562,21.76225471496582,0.006664607673883438,0.1877003014087677,0.005550981964915991,0.016572903841733932,24.139419555664062,0.003855301532894373,0.23539672791957855,0.008863698691129684,0.19157415628433228,21.10601806640625,0.007751721888780594,0.2115461677312851,0.004139049910008907,0.016371283680200577,26.464359283447266,0.002257168060168624,0.09539230167865753,0.007902346551418304,0.0,20.40096092224121,0.0091180931776762,0.18185347318649292,27.441978454589844,0.0018021964933723211,0.14087510108947754,35.25424575805664,0.00029824665398336947,26.917402267456055,0.002033573342487216,0.17002741992473602,22.323801040649414,0.005856255069375038,0.14359574019908905,21.720457077026367,0.006729060783982277,0.16922003030776978,25.576194763183594,0.0027693663723766804,0.15482854843139648,30.773040771484375,0.0008369433926418424,25.133342742919922,0.003066662233322859,0.18678706884384155,21.60470199584961,0.006910821422934532,0.15407073497772217,21.033411026000977,0.007882406003773212,0.18241333961486816,28.981611251831055,0.001264267018996179,0.0528472475707531,32.06403732299805,0.000621722312644124,28.654659271240234,0.0013631200417876244,0.06356820464134216
331500,6068,2,2541,-1,0,23.218019485473633,0.2634654939174652,21.780654907226562,0.22230224311351776,24.52981185913086,20.74122428894043,0.32770323753356934,19.84478759765625,22.20708465576172,0.15522544085979462,17.91035270690918,17.933639526367188,20.02082633972168,0.29095202684402466,100.0,0.3210398852825165,0.6924443244934082,2541,2573,0.3837262988090515,0,0,0.0047664823941886425,0.0035238631535321474,23.047239303588867,0.004957654047757387,0.30171242356300354,0.0066364300437271595,0.27116209268569946,21.422534942626953,0.007206869777292013,0.3076705038547516,0.008430972695350647,0.016179490834474564,21.403278350830078,0.007238893304020166,0.37164753675460815,0.010363852605223656,0.3084268867969513,20.192317962646484,0.009566833265125751,0.34571248292922974,0.0060157752595841885,0.01609296351671219,23.501359939575195,0.004465438425540924,0.16627712547779083,0.009952161461114883,0.0,19.39934730529785,0.011483262293040752,0.3385259211063385,24.80699348449707,0.0033059848938137293,0.24292181432247162,34.19487380981445,0.00038063855026848614,24.252700805664062,0.0037560383789241314,0.2853815257549286,22.819786071777344,0.005224219989031553,0.26508650183677673,22.21794891357422,0.006000747438520193,0.3070821762084961,22.302705764770508,0.005884768906980753,0.2856529653072357,30.50914764404297,0.0008893758640624583,21.769636154174805,0.006653290707617998,0.33384615182876587,21.03694725036621,0.007875991985201836,0.2782440185546875,20.463111877441406,0.008988536894321442,0.32240748405456543,25.005491256713867,0.0031582838855683804,0.09690563380718231,31.728015899658203,0.0006717359647154808,24.508949279785156,0.003540830221027136,0.110353484749794
332718,6068,2,3791,-1,3,28.41455078125,0.11877331882715225,27.854816436767578,0.17561164498329163,25.898426055908203,24.17211151123047,0.16158904135227203,24.112205505371094,25.260324478149414,0.07705274969339371,17.759807586669922,18.147075653076172,26.74077033996582,0.09667771309614182,100.0,0.24832744896411896,0.7071777582168579,3791,3823,0.39237290620803833,0,0,0.0014406058471649885,0.002571328543126583,28.97344207763672,0.0012666485272347927,0.13767409324645996,0.0016387717332690954,0.10078676044940948,27.823341369628906,0.001650691730901599,0.1179807037115097,0.0038263879250735044,0.016750169917941093,27.356277465820312,0.0018381134141236544,0.18044427037239075,0.0038795352447777987,0.13064193725585938,26.86511993408203,0.0020582028664648533,0.14418846368789673,0.0029782953206449747,0.015321189537644386,29.668224334716797,0.0010793883120641112,0.07977592945098877,0.0021179853938519955,0.0,26.119291305541992,0.002443829318508506,0.11749397218227386,30.468334197998047,0.0008977730176411569,0.10339083522558212,34.390987396240234,0.00036383242695592344,30.088104248046875,0.000979917705990374,0.12638705968856812,28.351524353027344,0.0014616638654842973,0.08015511184930801,27.778724670410156,0.001667736447416246,0.09731288999319077,28.59797477722168,0.0013810277450829744,0.11999496817588806,29.381378173828125,0.0011530874762684107,28.489076614379883,0.0014160954160615802,0.15003052353858948,27.184673309326172,0.0019121981458738446,0.09294438362121582,26.830671310424805,0.002074593910947442,0.11393553018569946,32.00416564941406,0.0006303527625277638,0.03774916008114815,30.500757217407227,0.0008910955511964858,32.28972625732422,0.0005902384291402996,0.04758887737989426
334910,6069,3,917,-1,1,28.05194664001465,0.09161773324012756,26.104171752929688,0.10720040649175644,28.05243492126465,24.046417236328125,0.12096303701400757,23.141597747802734,24.825345993041992,0.062022846192121506,17.94426918029785,18.074628829956055,25.50675392150879,0.12345517426729202,100.0,0.19487586617469788,0.5500958561897278,917,949,0.35235831141471863,0,0,0.0015660489443689585,0.0015658731572329998,28.05187225341797,0.0015660760691389441,0.10554923117160797,0.002452352549880743,0.12298983335494995,25.71159553527832,0.0026843587402254343,0.14376595616340637,0.003938749898225069,0.01605362631380558,26.82998275756836,0.0020749226678162813,0.1309126764535904,0.004851100966334343,0.15175797045230865,24.927261352539062,0.003215689677745104,0.163112074136734,0.0032920422963798046,0.015578912571072578,28.533283233642578,0.0014017545618116856,0.05902284383773804,0.0028140037320554256,0.0,24.88527488708496,0.0032469274010509253,0.14837825298309326,30.665102005004883,0.0008580051362514496,0.07742732018232346,37.22447204589844,0.00018947535136248916,30.173418045043945,0.0009608558029867709,0.09251873940229416,27.414756774902344,0.0018135284772142768,0.10340434312820435,26.817813873291016,0.0020807443652302027,0.12435965985059738,28.052627563476562,0.0015658029587939382,0.08754833042621613,30.21733283996582,0.0009511886164546013,27.79798126220703,0.0016603589756414294,0.10471571236848831,25.87021827697754,0.002588083501905203,0.11555898189544678,25.443443298339844,0.002855325350537896,0.1386723816394806,30.070205688476562,0.0009839648846536875,0.030797190964221954,30.70724105834961,0.0008497207309119403,29.979991912841797,0.0010046177776530385,0.03754142299294472
335146,6069,3,1185,-1,0,27.654293060302734,0.11245769262313843,26.626529693603516,0.11625354737043381,27.055330276489258,23.812406539916992,0.16079282760620117,23.393375396728516,24.243515014648438,0.09662417322397232,17.92607879638672,18.00990867614746,25.347705841064453,0.12090796232223511,100.0,0.17842788994312286,0.6515435576438904,1185,1217,0.318665474653244,0,0,0.001716210856102407,0.0019700031261891127,27.754240036010742,0.0016771659720689058,0.13140788674354553,0.0021744389086961746,0.1166652962565422,26.332725524902344,0.0023266300559043884,0.14441850781440735,0.0041568041779100895,0.01612100563943386,26.352317810058594,0.0023161580320447683,0.17917704582214355,0.004577859304845333,0.14875616133213043,25.41862678527832,0.002871688222512603,0.1671455055475235,0.0037639921065419912,0.015812814235687256,27.188922882080078,0.0019103268859907985,0.09824810922145844,0.002918969839811325,0.0,24.726226806640625,0.0033680421765893698,0.1514124870300293,31.545011520385742,0.0007006461964920163,0.10088491439819336,36.9661750793457,0.00020108636817894876,31.092987060546875,0.0007775014964863658,0.12276676297187805,29.1921329498291,0.0012044443283230066,0.09271936118602753,28.612958908081055,0.0013762721791863441,0.11972381174564362,27.75661277770996,0.0016762508312240243,0.12470196932554245,31.370864868164062,0.0007293124799616635,27.394676208496094,0.0018219336634501815,0.1523878574371338,26.531145095825195,0.0022227244917303324,0.11579164117574692,26.063247680664062,0.002475570887327194,0.14629681408405304,28.970508575439453,0.0012675037141889334,0.055138733237981796,32.49421691894531,0.0005630908417515457,28.614212036132812,0.0013758748536929488,0.06815037131309509
337140,6069,3,3307,-1,1,25.28668975830078,0.09347040206193924,21.256256103515625,0.11955972760915756,26.309722900390625,22.439804077148438,0.13481201231479645,19.94819450378418,23.314579010009766,0.08329491317272186,17.9755859375,17.80002212524414,21.042268753051758,0.13646017014980316,100.0,0.23469172418117523,0.5094330906867981,3307,3339,0.3151998221874237,0,0,0.0029602693393826485,0.002338985912501812,25.148677825927734,0.0030558514408767223,0.10659508407115936,0.0074881454929709435,0.1556115299463272,20.894149780273438,0.008139261044561863,0.16663502156734467,0.005701901391148567,0.015938280150294304,23.843578338623047,0.00412707356736064,0.14512872695922852,0.010119999758899212,0.18216510117053986,20.36741065979004,0.009188808500766754,0.19104498624801636,0.004661676939576864,0.016595784574747086,25.488800048828125,0.0028256603982299566,0.08379052579402924,0.007866346277296543,0.0,20.42078971862793,0.009076553396880627,0.15000557899475098,28.049814224243164,0.0015668185660615563,0.08177154511213303,35.258216857910156,0.00029797389288432896,27.539880752563477,0.001762025523930788,0.09739123284816742,22.213443756103516,0.006006973795592785,0.13651318848133087,21.626506805419922,0.006876216270029545,0.14838683605194092,25.5736141204834,0.002771014114841819,0.09899226576089859,29.47289276123047,0.0011290437541902065,25.194721221923828,0.0030236251186579466,0.11709155142307281,21.357479095458984,0.00731563800945878,0.15031638741493225,20.804698944091797,0.008308645337820053,0.16511420905590057,27.832015991210938,0.0016473975265398622,0.04537300020456314,29.57593536376953,0.0011025709100067616,27.616483688354492,0.0017312171403318644,0.05287899821996689
339074,6070,4,434,-1,2,27.706768035888672,0.1374422162771225,26.822723388671875,0.19875437021255493,25.119998931884766,24.22650146484375,0.1880173683166504,23.699705123901367,25.382095336914062,0.09310824424028397,17.762300491333008,17.67350196838379,26.562034606933594,0.18251460790634155,100.0,0.2803904116153717,0.7088486552238464,434,466,0.40008676052093506,0,0,0.0016955987084656954,0.003076098160818219,28.287961959838867,0.0014832142041996121,0.1680939644575119,0.002078392542898655,0.17747646570205688,26.884172439575195,0.002049193251878023,0.21287451684474945,0.0037787663750350475,0.01674056425690651,27.484485626220703,0.0017846438568085432,0.21644558012485504,0.0042660851031541824,0.2197931855916977,26.356037139892578,0.0023141754791140556,0.2504086196422577,0.002895947080105543,0.017086368054151535,31.47028923034668,0.0007128058350645006,0.09500691294670105,0.0022069707047194242,0.0,25.940553665161133,0.0025465048383921385,0.22235874831676483,29.462377548217773,0.001131780561991036,0.1315022110939026,34.47356033325195,0.0003569801338016987,29.027496337890625,0.0012509806547313929,0.16520632803440094,27.847248077392578,0.0016416300786659122,0.16171422600746155,27.270095825195312,0.0018749537412077188,0.1966865062713623,28.066225051879883,0.0015609085094183683,0.1476358324289322,29.084125518798828,0.001234774594195187,27.928821563720703,0.0016110829310491681,0.18423768877983093,26.682300567626953,0.002146693877875805,0.18046502768993378,26.362777709960938,0.0023105882573872805,0.2222006618976593,32.02236557006836,0.0006277167703956366,0.0559813566505909,29.645870208740234,0.0010849584359675646,32.538551330566406,0.0005573719390667975,0.06886985898017883
342020,6070,4,3476,-1,0,27.947765350341797,0.09327708929777145,23.762252807617188,0.13574054837226868,27.225341796875,24.146137237548828,0.12232616543769836,21.95760726928711,25.051851272583008,0.07712073624134064,17.98872947692871,18.017976760864258,23.548187255859375,0.2393224835395813,100.0,0.3095948100090027,0.4384458065032959,3476,3508,0.3835974931716919,0,0,0.00160407111980021,0.001894374843686819,28.07040023803711,0.0015594089636579156,0.11448964476585388,0.004205085337162018,0.24504776298999786,23.364107131958008,0.004608815535902977,0.2934655547142029,0.0038493408355861902,0.015890121459960938,26.99640655517578,0.001996912993490696,0.13969111442565918,0.006371465511620045,0.26156631112098694,23.05523681640625,0.004948532674461603,0.3019357919692993,0.003124748356640339,0.01578347012400627,29.291303634643555,0.0011772526195272803,0.08088425546884537,0.004417546559125185,0.0,22.92671012878418,0.00509716896340251,0.2904580235481262,30.3043270111084,0.0009323249105364084,0.07043033838272095,36.95970153808594,0.00020138639956712723,29.809762954711914,0.001044776989147067,0.08940701931715012,24.468605041503906,0.003573874942958355,0.2294701486825943,23.873119354248047,0.004099096637219191,0.27955690026283264,28.134532928466797,0.0015365506988018751,0.0843006819486618,29.605453491210938,0.0010951022850349545,27.946697235107422,0.0016044656513258815,0.10744458436965942,23.783275604248047,0.004184778314083815,0.2385290265083313,23.28446388244629,0.004694113973528147,0.29215601086616516,30.679588317871094,0.0008551478385925293,0.04052043333649635,30.3725528717041,0.0009177927277050912,30.72881317138672,0.0008455101633444428,0.05193226411938667
342815,6070,4,4303,-1,2,28.292686462402344,0.08093719184398651,24.960613250732422,0.1396183967590332,25.637760162353516,24.256879806518555,0.10930979251861572,22.680805206298828,25.168907165527344,0.06026909127831459,17.694482803344727,17.695758819580078,25.01110076904297,0.23459896445274353,100.0,0.3538707494735718,0.3945463001728058,4303,4335,0.40354907512664795,0,0,0.0014816016191616654,0.002730385633185506,28.895851135253906,0.0012894809478893876,0.09705468267202377,0.003191088093444705,0.2399400770664215,25.007282257080078,0.003156980499625206,0.2851797342300415,0.0037524255458265543,0.017004024237394333,27.660608291625977,0.0017137182876467705,0.11855392158031464,0.005394106265157461,0.2621571719646454,24.617637634277344,0.0034533143043518066,0.3017611503601074,0.00304165156558156,0.016999030485749245,30.484867095947266,0.0008943623979575932,0.05936240404844284,0.003154205856844783,0.0,24.38962173461914,0.0036394682247191668,0.289462685585022,31.14314079284668,0.0007685747696086764,0.06361211836338043,35.66135787963867,0.0002715588780120015,30.73123550415039,0.0008450386812910438,0.07998620718717575,26.11300277709961,0.002447370905429125,0.22392529249191284,25.54384994506836,0.002790069906041026,0.2741144299507141,28.97340965270996,0.0012666574912145734,0.07184579968452454,30.156803131103516,0.0009645387181080878,28.8169002532959,0.0013131372397765517,0.08914174139499664,25.355998992919922,0.00291339959949255,0.2315051555633545,24.907676696777344,0.0032302215695381165,0.2823270559310913,32.226985931396484,0.0005988272023387253,0.030196446925401688,31.267566680908203,0.0007468670955859125,32.3953857421875,0.0005760518833994865,0.03719446063041687
343058,6070,4,4546,-1,1,25.424768447875977,0.1299751251935959,22.21814727783203,0.17088283598423004,24.744476318359375,22.703380584716797,0.1622917503118515,20.699922561645508,24.342405319213867,0.09030548483133316,17.69985580444336,17.503520965576172,21.802396774291992,0.16494940221309662,100.0,0.3016684949398041,0.5664590001106262,4546,4578,0.40750184655189514,0,0,0.002867629751563072,0.0033539182040840387,25.53957748413086,0.002792816376313567,0.15123353898525238,0.00600047130137682,0.18370071053504944,21.906272888183594,0.006447224877774715,0.21391057968139648,0.00536614004522562,0.016983002424240112,24.46246910095215,0.0035789301618933678,0.17837104201316833,0.00851153302937746,0.2013532668352127,21.45203399658203,0.007158080581575632,0.22441059350967407,0.003679252229630947,0.017768383026123047,28.205360412597656,0.0015116939321160316,0.09050511568784714,0.00660328846424818,0.0,21.180917739868164,0.00761917931959033,0.1921563446521759,26.89974594116211,0.002041857223957777,0.11393056809902191,34.88066101074219,0.0003250379813835025,26.37143898010254,0.0023059833329170942,0.13810817897319794,22.641572952270508,0.005443057045340538,0.16259518265724182,22.043399810791016,0.006246835459023714,0.19447603821754456,25.688308715820312,0.002698789816349745,0.13024789094924927,30.00749969482422,0.0009982744231820107,25.28648567199707,0.002960407407954335,0.1538962870836258,22.077072143554688,0.006198589690029621,0.17267608642578125,21.532642364501953,0.007026446983218193,0.20371675491333008,30.283029556274414,0.0009369084145873785,0.04609999060630798,31.003345489501953,0.0007937162299640477,30.18209457397461,0.0009589380351826549,0.05259094759821892
344202,6071,5,663,-1,1,24.132421493530273,0.09828854352235794,23.14056396484375,0.19363808631896973,25.928743362426758,21.36327362060547,0.1398715078830719,20.81315803527832,22.606605529785156,0.09501995891332626,17.859891891479492,17.977596282958984,21.928682327270508,0.07579844444990158,100.0,0.20696234703063965,0.9356198906898499,663,695,0.39815250039100647,0,0,0.0038615185767412186,0.0025534401647746563,23.911785125732422,0.004062761086970568,0.10939748585224152,0.004852255806326866,0.09174446016550064,22.722942352294922,0.005342022515833378,0.10196971148252487,0.007305886130779982,0.016368579119443893,22.28293228149414,0.0059116254560649395,0.14677304029464722,0.00829247571527958,0.13187021017074585,21.47832489013672,0.007114882580935955,0.13474059104919434,0.005487055517733097,0.0159309022128582,24.111337661743164,0.0038803101051598787,0.09479398280382156,0.006414042320102453,0.0,21.30720329284668,0.007400818169116974,0.08569859713315964,26.064193725585938,0.0024750318843871355,0.07152390480041504,36.978973388671875,0.00020049468730576336,25.48987579345703,0.0028249607421457767,0.08275028318166733,24.353805541992188,0.0036696072202175856,0.07126801460981369,23.746978759765625,0.0042199003510177135,0.08175265789031982,23.609560012817383,0.004355561453849077,0.09001646935939789,31.438112258911133,0.0007181067485362291,23.084613800048828,0.004915169905871153,0.10375793278217316,22.575077056884766,0.005527033470571041,0.08855943381786346,22.024002075195312,0.006274799350649118,0.10058972239494324,26.18167495727539,0.0024089771322906017,0.04428231716156006,31.81667709350586,0.0006581612396985292,25.721355438232422,0.002678333315998316,0.05027938634157181
353378,6073,3,229,-1,1,22.441646575927734,0.22877813875675201,19.172122955322266,0.1913817673921585,27.144668579101562,20.226356506347656,0.29053112864494324,17.94186019897461,22.932775497436523,0.10947492718696594,18.01911163330078,18.09779930114746,18.251768112182617,0.22756820917129517,38.754634857177734,0.3177811801433563,0.6022438406944275,229,261,0.3519093096256256,0,0,0.005699479952454567,0.0019298942061141133,22.020809173583984,0.006279416382312775,0.25938278436660767,0.01210006419569254,0.2415270209312439,18.66817283630371,0.013588854111731052,0.26861342787742615,0.00949214119464159,0.015779346227645874,20.693119049072266,0.0085248788818717,0.3176524043083191,0.016062531620264053,0.2818165719509125,17.927379608154297,0.016116179525852203,0.30337032675743103,0.005090056452900171,0.015496009960770607,24.572818756103516,0.003489140421152115,0.1061558648943901,0.01495626475661993,0.0001332099927822128,17.63545036315918,0.017236733809113503,0.25851014256477356,23.005273818969727,0.005005792248994112,0.21209166944026947,36.254756927490234,0.00023687785142101347,22.411279678344727,0.005739471409469843,0.2421107143163681,19.168798446655273,0.012109332717955112,0.22211205959320068,18.558002471923828,0.013937977142632008,0.2517753541469574,21.768444061279297,0.006655117962509394,0.23967136442661285,31.20438575744629,0.0007578121148981154,21.213407516479492,0.007562396116554737,0.2737969160079956,18.537841796875,0.014002831652760506,0.23703870177268982,17.943559646606445,0.016056248918175697,0.26839128136634827,27.0179443359375,0.001987035386264324,0.05128190666437149,32.181915283203125,0.0006050740485079587,26.576473236083984,0.002199644921347499,0.059017837047576904
353631,6073,3,482,-1,2,24.72014617919922,0.11220631003379822,28.51688575744629,0.14090505242347717,26.269386291503906,21.952930450439453,0.14594143629074097,23.36965560913086,23.82696533203125,0.07305701822042465,17.958553314208984,18.128267288208008,27.381467819213867,0.039382949471473694,33.684268951416016,0.1030883938074112,1.3668372631072998,482,514,0.3619416654109955,0,0,0.0033727597910910845,0.0023608128540217876,24.524169921875,0.0035284440964460373,0.128595232963562,0.0014070565812289715,0.0465969555079937,28.499765396118164,0.0014126141322776675,0.05333230644464493,0.006378331687301397,0.016000911593437195,23.099870681762695,0.004897935315966606,0.15348027646541595,0.004602931439876556,0.08678649365901947,25.408538818359375,0.002878366271033883,0.08482716977596283,0.0041428906843066216,0.015387688763439655,26.17456817626953,0.0024129219818860292,0.06568855047225952,0.0018274827161803842,0.00042812764877453446,26.897809982299805,0.002042768057435751,0.04683023691177368,26.192462921142578,0.002403000369668007,0.08784196525812149,32.454219818115234,0.000568300427403301,25.710134506225586,0.0026852621231228113,0.10320596396923065,31.485084533691406,0.0007103814277797937,0.029662098735570908,31.259069442749023,0.0007483299123123288,0.0344497375190258,24.55022621154785,0.003507336601614952,0.10630229115486145,28.051042556762695,0.0015663751401007175,24.195375442504883,0.003805945860221982,0.12518221139907837,27.416034698486328,0.0018129961099475622,0.04876631870865822,27.30318260192871,0.0018607234815135598,0.056536875665187836,28.685733795166016,0.0013534011086449027,0.03417588770389557,29.701187133789062,0.0010712266666814685,28.54861831665039,0.0013968126149848104,0.039749301970005035
356285,6073,3,3360,-1,0,26.562204360961914,0.11247462034225464,23.501588821411133,0.14260634779930115,26.93149757385254,23.38934898376465,0.15284965932369232,21.645946502685547,24.294626235961914,0.08789284527301788,17.885725021362305,17.894203186035156,22.95926856994629,0.17483237385749817,100.0,0.2624540627002716,0.5433573722839355,3360,3392,0.3554290235042572,0,0,0.0022068852558732033,0.002026984002441168,26.508075714111328,0.002234562300145626,0.13530249893665314,0.004465200938284397,0.17637792229652405,23.08795928955078,0.004911387339234352,0.2093380242586136,0.004582105204463005,0.016271492466330528,25.55371856689453,0.0027837378438562155,0.1695673167705536,0.006845502182841301,0.20336902141571045,22.682403564453125,0.005392120685428381,0.23172146081924438,0.003719954052940011,0.016239764168858528,27.462188720703125,0.0017938294913619757,0.08967029303312302,0.005059099290519953,0.0,22.33778953552246,0.005837422329932451,0.21425116062164307,29.109752655029297,0.0012275096960365772,0.09039606153964996,36.024635314941406,0.00024976779241114855,28.60772705078125,0.0013779313303530216,0.11127308756113052,24.749977111816406,0.0033496732357889414,0.1544787734746933,24.15489387512207,0.0038415873423218727,0.18991461396217346,26.52094268798828,0.0022279517725110054,0.11887779831886292,28.672496795654297,0.001357532455585897,26.267454147338867,0.0023618622217327356,0.1450313776731491,23.52806282043457,0.004438066389411688,0.1714133620262146,23.08292007446289,0.00491709029302001,0.20991410315036774,28.652677536010742,0.0013637423980981112,0.050341226160526276,28.84994125366211,0.0013031847774982452,28.62310791015625,0.001373058883473277,0.06269171833992004
357437,6073,3,4576,-1,0,24.234256744384766,0.11327626556158066,18.0817928314209,0.15028877556324005,26.803312301635742,21.69462013244629,0.15345680713653564,17.29874038696289,23.500003814697266,0.0906841903924942,17.942331314086914,17.909318923950195,17.566530227661133,0.3297460079193115,100.0,0.3524770736694336,0.42637887597084045,4576,4608,0.3432444930076599,0,0,0.0037720229011029005,0.002087704138830304,23.94571304321289,0.00403114827349782,0.1261650174856186,0.015553235076367855,0.33609843254089355,17.539005279541016,0.01762380078434944,0.374011754989624,0.006769208703190088,0.01606079377233982,22.724803924560547,0.00533973379060626,0.16064485907554626,0.018626268953084946,0.34877222776412964,17.21843147277832,0.01897391304373741,0.38068675994873047,0.004466834012418985,0.016183340921998024,25.744178771972656,0.0026642947923392057,0.08845394849777222,0.017512455582618713,0.0,16.945051193237305,0.02020667865872383,0.37196990847587585,25.3549861907959,0.0029140799306333065,0.0911383256316185,35.51600646972656,0.00028080149786546826,24.7896671295166,0.0033191994298249483,0.10357143729925156,18.37337303161621,0.014543287456035614,0.3134249746799469,17.760597229003906,0.01674713008105755,0.35325658321380615,23.59716033935547,0.0043680137023329735,0.11331090331077576,30.691434860229492,0.0008528180769644678,23.090232849121094,0.004908813163638115,0.1295018345117569,17.906679153442383,0.016193179413676262,0.32284224033355713,17.313007354736328,0.018565181642770767,0.3643587529659271,27.584362030029297,0.001744069973938167,0.05045435577630997,30.884994506835938,0.0008156440453603864,27.24250030517578,0.0018869047053158283,0.05776507034897804
360116,6074,4,2455,-1,2,18.786487579345703,0.25648850202560425,18.628103256225586,0.3705233037471771,23.763290405273438,17.64820098876953,0.29197993874549866,17.56268310546875,23.443233489990234,0.09132635593414307,17.557430267333984,17.79648208618164,17.826297760009766,0.2724870443344116,100.0,0.4520229399204254,0.8197002410888672,2455,2487,0.5058450102806091,0,0,0.013223648071289062,0.004204080905765295,18.353118896484375,0.014611274003982544,0.29004302620887756,0.013714809902012348,0.2813946306705475,18.133941650390625,0.015367596410214901,0.32742345333099365,0.017186205834150314,0.017549192532896996,17.662334442138672,0.01713036373257637,0.3308652341365814,0.017527975142002106,0.3016512095928192,17.5452880859375,0.01759832352399826,0.3437134325504303,0.0045256041921675205,0.0166093111038208,25.740467071533203,0.0026665725745260715,0.09369320422410965,0.016495682299137115,0.0,17.204818725585938,0.019033480435609818,0.31962335109710693,18.794702529907227,0.013198656029999256,0.23330944776535034,32.3103141784668,0.0005874469643458724,18.199073791503906,0.015138842165470123,0.27200645208358765,18.66779136657715,0.013590049929916859,0.26347535848617554,18.059520721435547,0.01563320867717266,0.3106541037559509,18.23278045654297,0.015021800994873047,0.25819674134254456,29.02957534790039,0.0012503815814852715,17.659770965576172,0.017140481621026993,0.3015042841434479,18.125751495361328,0.015396608039736748,0.28163471817970276,17.538040161132812,0.017627712339162827,0.3295536935329437,27.280168533325195,0.0018706094706431031,0.05431036651134491,30.029268264770508,0.0009932834655046463,26.97759437561035,0.0020055826753377914,0.06310344487428665
361729,6074,4,4068,-1,3,18.820405960083008,0.25398558378219604,11.858954429626465,0.2636255919933319,22.775218963623047,17.634410858154297,0.30265524983406067,11.515878677368164,21.958221435546875,0.09115079790353775,17.01265525817871,17.192724227905273,11.487884521484375,0.3693024218082428,100.0,0.5159482359886169,0.5109535455703735,4068,4100,0.4783167243003845,0,0,0.013120770454406738,0.005278107710182667,18.43834686279297,0.014327333308756351,0.28247684240341187,0.0651785284280777,0.3695136308670044,11.268925666809082,0.07466334849596024,0.407656192779541,0.01724085956811905,0.019894573837518692,17.738489151000977,0.01683259755373001,0.32936689257621765,0.07053621113300323,0.39811941981315613,11.051660537719727,0.07849354296922684,0.42919424176216125,0.006370563060045242,0.019086558371782303,23.55142593383789,0.0044142561964690685,0.08769768476486206,0.0709923505783081,0.0,10.86640453338623,0.0819142609834671,0.4104244112968445,19.157846450805664,0.012139907106757164,0.21917544305324554,29.950254440307617,0.0010115201584994793,18.584884643554688,0.01385196577757597,0.25083476305007935,11.964788436889648,0.06360937654972076,0.35360124707221985,11.348185539245605,0.07331309467554092,0.3956212103366852,18.286855697631836,0.014835923910140991,0.25759148597717285,25.345443725585938,0.002920488826930523,17.780887603759766,0.01666906848549843,0.29190579056739807,11.706581115722656,0.06750591844320297,0.3743690252304077,11.103177070617676,0.0775679498910904,0.41577693819999695,24.44208526611328,0.0035957666113972664,0.06186327338218689,26.4442081451416,0.002267666393890977,24.20206069946289,0.0038000897038728,0.06834567338228226
362075,6074,4,4414,-1,1,22.365835189819336,0.2575976550579071,18.94089126586914,0.1958448737859726,24.45713233947754,20.348201751708984,0.3107520639896393,17.81098175048828,22.94774055480957,0.11279389262199402,17.4066162109375,17.485519409179688,18.101919174194336,0.2593434154987335,100.0,0.40186038613319397,0.48734554648399353,4414,4446,0.45205870270729065,0,0,0.0057998476549983025,0.0035833283327519894,22.117713928222656,0.006140850484371185,0.2887299656867981,0.012761767022311687,0.26616552472114563,18.43406867980957,0.014341449365019798,0.3006784915924072,0.009229539893567562,0.018169311806559563,21.04898452758789,0.007854190655052662,0.34013137221336365,0.016553957015275955,0.29465100169181824,17.873273849487305,0.016318218782544136,0.32176926732063293,0.005072543863207102,0.017842190340161324,25.075214385986328,0.003107983386144042,0.11356794834136963,0.015481321141123772,0.0,17.480440139770508,0.017863063141703606,0.2987373173236847,23.23976707458496,0.00474267452955246,0.25270259380340576,32.36174011230469,0.0005805323598906398,22.689754486083984,0.00538300396874547,0.29279670119285583,19.2493953704834,0.01188667956739664,0.24869324266910553,18.645322799682617,0.013660536147654057,0.28602299094200134,21.788463592529297,0.006624506786465645,0.27810949087142944,26.864627838134766,0.00205843523144722,21.350749969482422,0.00732697919011116,0.3176731765270233,18.500213623046875,0.014124682173132896,0.2645221948623657,17.944000244140625,0.01605462282896042,0.30314841866493225,25.883136749267578,0.0025803963653743267,0.07973688095808029,27.85099220275879,0.0016402147011831403,25.646270751953125,0.002725039841607213,0.09188847243785858
362156,6074,4,4495,-1,2,22.312944412231445,0.21199201047420502,18.17108917236328,0.18155206739902496,24.490081787109375,20.347332000732422,0.24236780405044556,17.23137855529785,23.11052131652832,0.10328220576047897,17.3349552154541,17.628572463989258,17.422353744506836,0.2904258072376251,100.0,0.4287478029727936,0.42344722151756287,4495,4527,0.4839966595172882,0,0,0.005870915483683348,0.0035562466364353895,22.05719757080078,0.006227019242942333,0.25042834877967834,0.015236707404255867,0.2871590256690979,17.676130294799805,0.017076032236218452,0.31922242045402527,0.009231382980942726,0.018471606075763702,21.073596954345703,0.007809810806065798,0.27300402522087097,0.01891743205487728,0.3130028545856476,17.16975975036621,0.019187746569514275,0.34077394008636475,0.004885937087237835,0.017264049500226974,25.255489349365234,0.0029816115275025368,0.10279668122529984,0.0181035827845335,0.0,16.80087661743164,0.02088874951004982,0.3339177668094635,23.112415313720703,0.004883807618170977,0.19925597310066223,31.969600677490234,0.0006353895296342671,22.566932678222656,0.0055374098010361195,0.2404092252254486,18.482158660888672,0.014183520339429379,0.2710130214691162,17.875606536865234,0.016309455037117004,0.3102176785469055,21.789226531982422,0.006623344495892525,0.22026607394218445,26.722339630126953,0.0021269924473017454,21.357803344726562,0.007315090391784906,0.2576444745063782,17.82533836364746,0.01649932935833931,0.2913385033607483,17.269140243530273,0.018753657117486,0.33245304226875305,26.06205177307129,0.0024762519169598818,0.06994360685348511,27.569580078125,0.001750016468577087,25.870389938354492,0.002587980590760708,0.08025627583265305
362932,6075,5,134,-1,2,25.464099884033203,0.0864458680152893,22.597423553466797,0.17218680679798126,27.7440242767334,21.811742782592773,0.12428295612335205,20.3309326171875,22.890871047973633,0.09329646080732346,17.92908477783203,17.939788818359375,21.12971305847168,0.09946334362030029,100.0,0.29086145758628845,0.5919890999794006,134,166,0.43266841769218445,0,0,0.002841777866706252,0.0016811159439384937,25.199440002441406,0.0030203417409211397,0.09670884907245636,0.005498671438544989,0.12125669419765472,22.133609771728516,0.00611841632053256,0.13827566802501678,0.006589095573872328,0.016109850257635117,22.90359878540039,0.005124363582581282,0.12617143988609314,0.009266311302781105,0.15650898218154907,20.868986129760742,0.008186561055481434,0.16165751218795776,0.005139404907822609,0.016070198267698288,24.612071990966797,0.0034577450715005398,0.0876619815826416,0.007709541358053684,0.0,20.50823402404785,0.008895624428987503,0.1140034943819046,27.434062957763672,0.001805483945645392,0.07299935072660446,37.84982681274414,0.00016406553913839161,26.865528106689453,0.0020580096170306206,0.08373011648654938,23.57318878173828,0.004392190836369991,0.10491650551557541,22.96169090270996,0.005056276917457581,0.12168572843074799,24.375492095947266,0.0036513281520456076,0.08960096538066864,30.60593605041504,0.0008697743760421872,23.89418601989746,0.004079259466379881,0.10237966477870941,22.006681442260742,0.006299876142293215,0.11358749866485596,21.458532333374023,0.007147377822548151,0.1304844319820404,26.765634536743164,0.0021058947313576937,0.04491710662841797,30.90289878845215,0.0008122886647470295,26.37346076965332,0.002304911147803068,0.05117284879088402
363303,6075,5,505,-1,1,23.898649215698242,0.15976719558238983,19.02822494506836,0.19272664189338684,24.698196411132812,21.42144012451172,0.21179348230361938,17.925275802612305,23.272769927978516,0.12561805546283722,17.715660095214844,17.788442611694336,18.261024475097656,0.23239094018936157,100.0,0.3869030773639679,0.49812641739845276,505,537,0.3778427839279175,0,0,0.004075069911777973,0.003389851888641715,23.787731170654297,0.004180488176643848,0.18220877647399902,0.012507704086601734,0.2550802528858185,18.5081787109375,0.014098803512752056,0.2905265986919403,0.0072086891159415245,0.01692131534218788,22.430265426635742,0.005714439786970615,0.23367007076740265,0.01612398587167263,0.28373003005981445,17.948366165161133,0.01603848673403263,0.31703877449035645,0.004706771578639746,0.01664009876549244,25.419857025146484,0.0028708751779049635,0.13107749819755554,0.014924422837793827,0.0,17.639545440673828,0.01722048781812191,0.26983973383903503,25.182783126831055,0.003031947184354067,0.1412605345249176,34.806312561035156,0.0003306504222564399,24.62491798400879,0.003447531256824732,0.16565588116645813,19.159290313720703,0.01213587075471878,0.22854772210121155,18.547361373901367,0.013972174376249313,0.2662521302700043,23.63201904296875,0.004333094693720341,0.15867771208286285,29.927682876586914,0.001016791327856481,23.148591995239258,0.004843295086175203,0.18775171041488647,18.649927139282227,0.013646064326167107,0.23970745503902435,18.062236785888672,0.015623426996171474,0.2800962030887604,27.276029586791992,0.00187239411752671,0.06494789570569992,31.169979095458984,0.0007638398674316704,26.897441864013672,0.002042940817773342,0.07688634842634201
363621,6075,5,855,-1,1,26.297374725341797,0.0943373441696167,21.583541870117188,0.14917264878749847,26.604000091552734,23.113496780395508,0.1397111862897873,20.13039779663086,24.22429847717285,0.09206108748912811,17.826717376708984,17.819522857666016,20.95900535583496,0.2010686695575714,100.0,0.30801454186439514,0.48430392146110535,855,887,0.36493048071861267,0,0,0.002345646731555462,0.002185748890042305,26.252063751220703,0.002370246686041355,0.10850116610527039,0.00694457720965147,0.1994510293006897,21.036767959594727,0.007876317016780376,0.236693874001503,0.004882591310888529,0.016494080424308777,25.091697692871094,0.0030962086748331785,0.15002945065498352,0.009704209864139557,0.2296447902917862,20.636917114257812,0.00863591767847538,0.2569754719734192,0.003780681872740388,0.016521437093615532,27.39793586730957,0.0018205661326646805,0.09094461053609848,0.008018618449568748,0.0,20.3375244140625,0.009252252988517284,0.2416919320821762,28.444744110107422,0.0014306248631328344,0.08111914247274399,35.904579162597656,0.000256768602412194,27.928457260131836,0.0016112180892378092,0.09797248244285583,22.04878044128418,0.006239098962396383,0.18650835752487183,21.43309783935547,0.0071893613785505295,0.22505179047584534,26.29642105102539,0.00234616338275373,0.10005004703998566,31.308914184570312,0.000739790266379714,25.861474990844727,0.002593297977000475,0.12179912626743317,21.361385345458984,0.007309058215469122,0.19963616132736206,20.78506851196289,0.008346285670995712,0.23994824290275574,29.112403869628906,0.0012267600977793336,0.04896615445613861,32.465213775634766,0.0005668639205396175,28.76709747314453,0.0013282825239002705,0.05908973142504692
371894,6076,2,4522,-1,3,30.804929733276367,0.2187778204679489,33.692344665527344,0.20471690595149994,23.28659439086914,25.162303924560547,0.2407878190279007,25.528182983398438,25.78641128540039,0.048153989017009735,16.94190788269043,17.227413177490234,36.33045196533203,0.08948825299739838,100.0,0.26965922117233276,0.7591689229011536,4522,4554,0.3714052736759186,0,0,0.0008308200631290674,0.004691810812801123,36.25579071044922,0.00023682155006099492,0.2736161947250366,0.00042733250302262604,0.10216905921697617,35.937992095947266,0.00025480083422735333,0.12558728456497192,0.003046280238777399,0.02022131346166134,33.9365348815918,0.00040396759868599474,0.28431791067123413,0.0028001524042338133,0.12736184895038605,34.98834228515625,0.0003170778800267726,0.13796387612819672,0.002638510661199689,0.018934715539216995,38.813968658447266,0.0001314023684244603,0.03966381400823593,0.0002327850233996287,0.0,35.7089729309082,0.0002685980871319771,0.11741377413272858,35.645965576171875,0.0002725233498495072,0.2031422257423401,30.665395736694336,0.0008579472778365016,37.38836669921875,0.0001824581268010661,0.26370206475257874,36.637332916259766,0.0002169037761632353,0.09122076630592346,36.318092346191406,0.00023344824148807675,0.11885721981525421,33.43314743041992,0.0004536125052254647,0.20646870136260986,26.94281768798828,0.002021706895902753,36.7291259765625,0.00021236723114270717,0.26789093017578125,34.22627258300781,0.0003778964455705136,0.09735341370105743,35.94570541381836,0.0002543488808441907,0.12549111247062683,36.7573356628418,0.00021099224977660924,0.019411372020840645,29.086732864379883,0.0012340331450104713,42.70824432373047,5.3601346735376865e-05,0.02582336775958538
372104,6076,2,4732,-1,1,24.286914825439453,0.20624420046806335,23.0921573638916,0.21714964509010315,23.461380004882812,21.944671630859375,0.2538793385028839,21.098310470581055,24.324214935302734,0.08862157166004181,17.334575653076172,17.768844604492188,22.5675106048584,0.2282569855451584,100.0,0.3207121789455414,0.6770857572555542,4732,4764,0.30030572414398193,0,0,0.003726564347743988,0.004506735596805811,24.429096221923828,0.0036065378226339817,0.23607133328914642,0.004906639456748962,0.22935310006141663,22.67978286743164,0.005395378451794386,0.2754855751991272,0.006390474271029234,0.018473217263817787,23.43749237060547,0.004531590733677149,0.2761246860027313,0.007765492424368858,0.25888532400131226,22.041202545166016,0.0062500000931322575,0.29483509063720703,0.00369469472207129,0.01671535335481167,27.71723747253418,0.0016915167216211557,0.08198484778404236,0.005536674987524748,0.0,21.94603157043457,0.006388471461832523,0.2748359441757202,25.764755249023438,0.0026517000515013933,0.184839129447937,30.654136657714844,0.0008601740701124072,25.33530044555664,0.0029273193795233965,0.21739140152931213,23.47587776184082,0.0044917152263224125,0.21785181760787964,22.87908363342285,0.005153374746441841,0.2661203444004059,24.450031280517578,0.0035891951993107796,0.205875426530838,26.894939422607422,0.002044118707999587,24.171531677246094,0.003826899453997612,0.23642504215240479,22.617761611938477,0.005472981370985508,0.2326662689447403,22.166019439697266,0.006072928663343191,0.28008392453193665,28.606548309326172,0.001378304441459477,0.051277853548526764,27.919389724731445,0.001614585635252297,28.722625732421875,0.001341953407973051,0.05764399468898773
373223,6077,3,827,-1,0,26.415672302246094,0.0692136138677597,25.37998390197754,0.0794493556022644,30.353010177612305,22.59866714477539,0.10897090286016464,22.267559051513672,23.33817481994629,0.07143709808588028,18.043941497802734,18.165403366088867,24.645999908447266,0.057255830615758896,32.54507827758789,0.11717486381530762,0.6780409216880798,827,859,0.2931665778160095,0,0,0.0022826155181974173,0.0009219323983415961,26.034605026245117,0.0024919509887695312,0.08307203650474548,0.002897354308515787,0.06886115670204163,25.13180160522461,0.0030677481554448605,0.07961481809616089,0.0054970975033938885,0.015689384192228317,24.05712127685547,0.00392905343323946,0.11376446485519409,0.0059325904585421085,0.098393514752388,23.535642623901367,0.004430326167494059,0.09913530200719833,0.0046364180743694305,0.015256664715707302,25.225122451782227,0.003002534620463848,0.06879131495952606,0.0034308354370296,0.00055653479648754,24.119483947753906,0.0038730353116989136,0.06814344227313995,28.700162887573242,0.0013489123666658998,0.04945128411054611,41.26598358154297,7.471396384062245e-05,28.110876083374023,0.001544942962937057,0.06202203407883644,27.1590633392334,0.0019235066138207912,0.050386540591716766,26.6862850189209,0.0021447250619530678,0.05938385799527168,25.911714553833008,0.0025634723715484142,0.06813213974237442,32.58715057373047,0.0005511695635505021,25.41655731201172,0.0028730572666972876,0.08463966101408005,25.042917251586914,0.003131181001663208,0.061785124242305756,24.60932731628418,0.003459931118413806,0.07313808053731918,28.010282516479492,0.0015811449848115444,0.03803124278783798,32.89852523803711,0.0005130357458256185,27.58087921142578,0.0017454695189371705,0.04578068107366562
374295,6077,3,1995,-1,1,23.532297134399414,0.12526150047779083,20.41442108154297,0.1557730883359909,27.07162857055664,21.18231964111328,0.15006765723228455,19.02933120727539,22.883302688598633,0.08531519770622253,18.05786895751953,17.93857765197754,19.44819450378418,0.14069388806819916,35.134666442871094,0.2955418825149536,0.5270761847496033,1995,2027,0.30959999561309814,0,0,0.0044337427243590355,0.001962624490261078,23.17501449584961,0.004813914652913809,0.14579138159751892,0.009089875034987926,0.153262659907341,19.963756561279297,0.010083804838359356,0.17564433813095093,0.007616718765348196,0.015639150515198708,21.950092315673828,0.006382498424500227,0.16292186081409454,0.012504516169428825,0.1731918305158615,19.248615264892578,0.011888816021382809,0.189070925116539,0.005148372147232294,0.016074681654572487,24.599956512451172,0.0034674019552767277,0.081329844892025,0.01135482918471098,0.00030657282331958413,18.842376708984375,0.01305456180125475,0.16699032485485077,25.027545928955078,0.003142283298075199,0.10198308527469635,38.11543655395508,0.00015433214139193296,24.434602737426758,0.003601968055590987,0.12294648587703705,20.612642288208008,0.008684319444000721,0.13141293823719025,20.000885009765625,0.009997962974011898,0.15678812563419342,23.318626403808594,0.004657333716750145,0.11014425754547119,31.24277114868164,0.0007511436124332249,22.79155731201172,0.0052582863718271255,0.1329907327890396,19.8659725189209,0.010313424281775951,0.14377358555793762,19.28134536743164,0.011799556203186512,0.17118141055107117,27.230228424072266,0.0018922437448054552,0.043690212070941925,32.14277267456055,0.0006105522625148296,26.799728393554688,0.0020894270855933428,0.052773457020521164
374516,6077,3,2248,-1,2,23.84547996520996,0.1191892921924591,22.27799415588379,0.12873315811157227,27.93686294555664,21.650068283081055,0.15098918974399567,20.58318328857422,23.961681365966797,0.08110102266073227,18.121980667114258,18.113834381103516,21.489215850830078,0.12997734546661377,100.0,0.2526944875717163,0.5094419121742249,2248,2280,0.26811376214027405,0,0,0.0041252681985497475,0.0016081022331491113,23.45580291748047,0.004512524697929621,0.1344515085220337,0.005918348208069801,0.13598226010799408,21.787696838378906,0.00662568025290966,0.15491469204425812,0.006839010398834944,0.015409979037940502,22.58029556274414,0.005520400125533342,0.16162678599357605,0.008743425831198692,0.16368725895881653,21.117076873779297,0.007732009515166283,0.17683422565460205,0.004016351420432329,0.015438911505043507,26.460771560668945,0.002259034663438797,0.07754840701818466,0.007097063586115837,0.0,20.86773681640625,0.00818891916424036,0.1516493558883667,24.904279708862305,0.003232750343158841,0.1050250455737114,36.51215362548828,0.00022324641759041697,24.32297134399414,0.0036957513075321913,0.12396346032619476,22.96932601928711,0.005047397688031197,0.12242172658443451,22.364219665527344,0.00580200320109725,0.14357607066631317,23.59025764465332,0.004374961834400892,0.12131756544113159,30.275806427001953,0.0009384676814079285,23.094802856445312,0.004903653636574745,0.141728475689888,22.02768325805664,0.006269483361393213,0.13561585545539856,21.49172592163086,0.007092958316206932,0.1585342288017273,28.525684356689453,0.001404208829626441,0.03955317661166191,30.46624183654785,0.0008982057916000485,28.29135513305664,0.0014820555225014687,0.04588187113404274
376838,6077,3,4730,-1,2,23.337875366210938,0.1411944478750229,20.68361473083496,0.21164579689502716,25.447751998901367,21.314706802368164,0.1876888871192932,19.397972106933594,23.74151039123535,0.08877003192901611,17.928010940551758,18.0185604095459,19.873458862304688,0.1838139444589615,100.0,0.3061563968658447,0.6912996172904968,4730,4762,0.37735503911972046,0,0,0.004636737983673811,0.0028524950612336397,23.088090896606445,0.004911237396299839,0.15905949473381042,0.008543552830815315,0.18104413151741028,20.192964553833008,0.009565412066876888,0.2042302042245865,0.007388045080006123,0.016113832592964172,22.18559455871582,0.006045616697520018,0.20002350211143494,0.011486899107694626,0.2074761986732483,19.625871658325195,0.010899655520915985,0.22625719010829926,0.004225216340273619,0.015781344845891,26.113037109375,0.0024473511148244143,0.08468925207853317,0.010295655578374863,0.0,19.251983642578125,0.011879600584506989,0.21118643879890442,24.53986167907715,0.003515716642141342,0.12598241865634918,35.546730041503906,0.00027882211725227535,23.964550018310547,0.0040137008763849735,0.14649702608585358,21.23356819152832,0.007527369540184736,0.17141517996788025,20.62600326538086,0.008657640777528286,0.19749361276626587,23.21576690673828,0.004768959246575832,0.15108971297740936,31.410045623779297,0.000722762371879071,22.682945251464844,0.0053914510644972324,0.1733652800321579,20.422761917114258,0.009072435088455677,0.1872982680797577,19.840904235839844,0.010373127646744251,0.21456186473369598,27.898195266723633,0.0016224842984229326,0.04758177325129509,31.995216369628906,0.0006316530634649098,27.50821304321289,0.0017749196849763393,0.0541689395904541
377181,6078,4,248,-1,0,26.61989402770996,0.07898014038801193,25.770112991333008,0.12253043800592422,26.8753604888916,23.40813636779785,0.10973097383975983,22.828065872192383,24.88114356994629,0.07463497668504715,17.94919204711914,17.908056259155273,25.212966918945312,0.08634136617183685,100.0,0.1960316151380539,0.6250544786453247,248,280,0.35795605182647705,0,0,0.0021777634974569082,0.002053355798125267,26.581890106201172,0.0021969033405184746,0.09095810353755951,0.002648431109264493,0.08978505432605743,25.585615158081055,0.002763366559520364,0.10554957389831543,0.0045623271726071835,0.01603543758392334,25.53271484375,0.002797233173623681,0.11584384739398956,0.005214270669966936,0.12135642021894455,24.54941749572754,0.003507989225909114,0.12987828254699707,0.003250017063692212,0.01618804968893528,28.997844696044922,0.0012595505686476827,0.07127777487039566,0.0030109488870948553,0.0,24.591487884521484,0.0034741717390716076,0.10431171208620071,27.615793228149414,0.0017314925789833069,0.05597887560725212,39.10626220703125,0.0001228495384566486,27.03559684753418,0.0019789759535342455,0.06813311576843262,26.22165870666504,0.002386900130659342,0.0757654458284378,25.622352600097656,0.0027400897815823555,0.09191388636827469,26.768497467041016,0.002104506827890873,0.07268977165222168,32.60514831542969,0.0005488901515491307,26.300735473632812,0.002343832515180111,0.08777297288179398,25.416584014892578,0.00287303957156837,0.09101632982492447,24.898508071899414,0.0032370490953326225,0.10984025150537491,31.70444107055664,0.0006753920461051166,0.035813868045806885,33.019893646240234,0.0004988968139514327,31.53325843811035,0.0007025450468063354,0.0431557334959507
379730,6078,4,2829,-1,2,28.323284149169922,0.07836505770683289,26.18427276611328,0.12814612686634064,25.60218048095703,24.394319534301758,0.10720262676477432,23.332050323486328,25.575227737426758,0.05650687217712402,17.632984161376953,17.633718490600586,26.376312255859375,0.19395528733730316,100.0,0.30236345529556274,0.4238148629665375,2829,2861,0.36792388558387756,0,0,0.0014711999101564288,0.0027528454083949327,28.948226928710938,0.0012740236707031727,0.09493698179721832,0.002407536143437028,0.19437524676322937,26.22234535217285,0.002386522013694048,0.2350901961326599,0.003635532222688198,0.01724652387201786,28.12047004699707,0.001541533856652677,0.11715628951787949,0.004642959218472242,0.21226045489311218,25.842702865600586,0.0026045329868793488,0.24123194813728333,0.002769984770566225,0.017243610695004463,32.649818420410156,0.0005432732286863029,0.053627174347639084,0.0023033979814499617,0.0,25.754833221435547,0.0026577666867524385,0.2367849200963974,30.27469825744629,0.0009387075551785529,0.061575159430503845,34.83600997924805,0.0003283969417680055,29.860671997070312,0.0010326015762984753,0.07561950385570526,27.084373474121094,0.0019568721763789654,0.18853983283042908,26.500699996948242,0.0022383600007742643,0.2292649745941162,28.934659957885742,0.0012780089164152741,0.07281854748725891,29.378746032714844,0.0011537865502759814,28.87019920349121,0.0012971200048923492,0.09041722118854523,26.41299819946289,0.0022840225137770176,0.19518496096134186,26.055801391601562,0.002479818183928728,0.2373427152633667,33.44010925292969,0.000452886481070891,0.026264958083629608,30.168670654296875,0.000961906393058598,34.26460647583008,0.0003745756985154003,0.033338770270347595
380070,6078,4,3201,-1,1,28.05929946899414,0.078083336353302,25.54771614074707,0.13772991299629211,26.164932250976562,24.436660766601562,0.09993162751197815,23.31608009338379,25.71255111694336,0.05893817916512489,17.97549057006836,18.049358367919922,25.690776824951172,0.13876673579216003,100.0,0.3188033401966095,0.4320215582847595,3201,3233,0.4040365219116211,0,0,0.0015633999137207866,0.002418281277641654,28.440935134887695,0.0014318798203021288,0.09577840566635132,0.002787587232887745,0.148505300283432,25.71484375,0.0026823515072464943,0.17671716213226318,0.0036002621054649353,0.01593863032758236,27.690275192260742,0.0017020513769239187,0.10926298797130585,0.004660064820200205,0.16587457060813904,25.37026596069336,0.002903844229876995,0.1886976659297943,0.0026837678160518408,0.01566982828080654,31.637313842773438,0.0006859125569462776,0.05900220572948456,0.0026972563937306404,0.0,25.069297790527344,0.003112219041213393,0.17109563946723938,30.060497283935547,0.0009861669968813658,0.06436828523874283,36.757293701171875,0.00021099437435623258,29.564712524414062,0.0011054242495447397,0.08128425478935242,26.824874877929688,0.002077363198623061,0.13525331020355225,26.26102066040039,0.0023653649259358644,0.16536691784858704,28.503381729125977,0.0014114383375272155,0.0722074955701828,30.137889862060547,0.0009687482379376888,28.298721313476562,0.0014795444440096617,0.09011875838041306,26.036907196044922,0.002490630839020014,0.14356717467308044,25.621719360351562,0.0027404900174587965,0.1749991476535797,32.39595413208008,0.0005759763298556209,0.03157210350036621,30.878793716430664,0.0008168090716935694,32.684715270996094,0.0005389251746237278,0.040332868695259094
382418,6079,5,444,-1,0,20.4891414642334,0.13443225622177124,17.689260482788086,0.2873968780040741,25.389862060546875,19.304187774658203,0.16252826154232025,16.923992156982422,22.202350616455078,0.07936526834964752,18.075363159179688,17.942228317260742,17.150094985961914,0.2533476650714874,30.619029998779297,0.49073711037635803,0.5856432318687439,444,476,0.4025117754936218,0,0,0.00893482193350792,0.002890772884711623,20.059173583984375,0.00986467581242323,0.1451670080423355,0.017024489119648933,0.2751246690750122,17.17808723449707,0.0191509947180748,0.30990082025527954,0.011737653985619545,0.015576280653476715,19.528383255004883,0.011147095821797848,0.1726871132850647,0.02030489593744278,0.29748278856277466,16.805866241455078,0.020864760503172874,0.328906774520874,0.006022333167493343,0.016061175614595413,23.489261627197266,0.004477895796298981,0.0734746903181076,0.01927483081817627,0.0008671556133776903,16.554744720458984,0.022106779739260674,0.2904124855995178,21.834476470947266,0.006554697174578905,0.11196228116750717,32.51970291137695,0.0005597959388978779,21.262733459472656,0.007476989645510912,0.12668928503990173,18.291549682617188,0.01481989398598671,0.24888700246810913,17.706031799316406,0.016958869993686676,0.28455159068107605,20.64696502685547,0.008615954779088497,0.12365639209747314,29.78919792175293,0.0010497361654415727,20.096616744995117,0.00977998785674572,0.13897666335105896,17.628076553344727,0.01726602576673031,0.2591841518878937,17.055953979492188,0.01969720423221588,0.2976325452327728,26.090255737304688,0.0024602238554507494,0.04289192333817482,31.786224365234375,0.0006627925322391093,25.627647399902344,0.0027367519214749336,0.04784710332751274
382601,6079,5,627,-1,3,26.21479034423828,0.1223069578409195,23.027936935424805,0.20336389541625977,26.741031646728516,22.591175079345703,0.16035012900829315,20.850297927856445,23.672636032104492,0.10343792289495468,17.97822380065918,17.81987762451172,21.59255599975586,0.2234978973865509,100.0,0.401235967874527,0.506843626499176,627,659,0.41255855560302734,0,0,0.002390677109360695,0.002117858501151204,26.139205932617188,0.0024326492566615343,0.13503777980804443,0.004979734309017658,0.2330363392829895,22.659343719482422,0.0054208263754844666,0.26681017875671387,0.005506586749106646,0.01592860370874405,24.085792541503906,0.0039031996857374907,0.16684383153915405,0.008221861906349659,0.26080524921417236,21.596607208251953,0.006923714652657509,0.2845275402069092,0.004292759113013744,0.01652008295059204,26.176889419555664,0.002411632100120187,0.09836100786924362,0.006930179428309202,0.0,20.97107696533203,0.007996359840035439,0.25800609588623047,27.85692596435547,0.0016379759181290865,0.0902222990989685,37.508949279785156,0.00017746188677847385,27.298641204833984,0.0018626705277711153,0.1018923968076706,23.495548248291016,0.004471418913453817,0.20815594494342804,22.8970947265625,0.0051320455968379974,0.24126896262168884,25.345897674560547,0.002920183353126049,0.10287429392337799,31.44597625732422,0.0007168075535446405,24.868938446044922,0.0032591642811894417,0.11801277846097946,22.316465377807617,0.005866154562681913,0.216144859790802,21.760971069335938,0.006666577886790037,0.25099432468414307,27.87036895751953,0.0016329139471054077,0.0496731773018837,31.45551300048828,0.0007152348989620805,27.510231018066406,0.0017740953480824828,0.057920902967453
388416,6080,2,1685,-1,1,26.428096771240234,0.10068172961473465,23.39607048034668,0.10228925198316574,26.90787124633789,22.574222564697266,0.15112946927547455,21.107004165649414,23.291799545288086,0.09789659082889557,18.074377059936523,18.149494171142578,22.34270477294922,0.09807120263576508,100.0,0.2965652644634247,0.344913125038147,1685,1717,0.38443198800086975,0,0,0.002276095561683178,0.002038041828200221,26.35877227783203,0.0023127193562686443,0.11529617011547089,0.004575020167976618,0.11371847987174988,23.047138214111328,0.0049577695317566395,0.12851841747760773,0.00552812684327364,0.01557981874793768,23.99930191040039,0.003981712739914656,0.160849928855896,0.007749966811388731,0.14827069640159607,21.828128814697266,0.006564280018210411,0.1545190066099167,0.004686192609369755,0.015312657691538334,25.15507698059082,0.0030513519886881113,0.09817121177911758,0.0058308192528784275,0.0,21.72122573852539,0.006727868225425482,0.11405885219573975,29.025840759277344,0.001251456793397665,0.08341343700885773,37.350399017333984,0.0001840601908043027,28.490373611450195,0.001415671780705452,0.09948410093784332,24.396995544433594,0.003633292159065604,0.09191405028104782,23.79936981201172,0.004169298801571131,0.10767778009176254,25.926454544067383,0.0025547859258949757,0.10764926671981812,31.327198028564453,0.0007366823847405612,25.475244522094727,0.0028344944585114717,0.12769171595573425,23.053476333618164,0.004950539208948612,0.10829822719097137,22.510513305664062,0.005609815940260887,0.12567675113677979,27.465456008911133,0.0017924802377820015,0.0540078803896904,31.20720100402832,0.0007573209004476666,27.09579086303711,0.0019517356995493174,0.06256072223186493
388927,6080,2,2260,-1,2,22.756359100341797,0.19844959676265717,20.207931518554688,0.227385476231575,24.809574127197266,21.068405151367188,0.23188196122646332,19.228546142578125,23.253162384033203,0.10864285379648209,17.944252014160156,18.123825073242188,19.646217346191406,0.24732598662376404,100.0,0.3919053077697754,0.5802051424980164,2260,2292,0.4113498628139496,0,0,0.005301077850162983,0.0033040198031812906,22.511674880981445,0.005608317442238331,0.22496572136878967,0.009532502852380276,0.26157668232917786,19.818115234375,0.010427700355648994,0.2981785535812378,0.00781914684921503,0.016053684055805206,21.83606719970703,0.006552295293658972,0.25717732310295105,0.011943879537284374,0.27232882380485535,19.454545974731445,0.01133823674172163,0.3027459979057312,0.004728071391582489,0.015403435565531254,25.10645294189453,0.003085708012804389,0.11029180884361267,0.010848719626665115,0.0,19.024738311767578,0.012517753057181835,0.29072001576423645,23.874080657958984,0.004098189529031515,0.1702917218208313,35.443241119384766,0.0002855457423720509,23.293136596679688,0.004684749990701675,0.20209071040153503,20.848073959350586,0.008226071484386921,0.23851630091667175,20.244861602783203,0.009451786056160927,0.27972280979156494,22.685842514038086,0.0053878542967140675,0.19173045456409454,31.261886596679688,0.0007478442857973278,22.145492553710938,0.006101701408624649,0.22412118315696716,20.21071434020996,0.009526397101581097,0.2449897974729538,19.632041931152344,0.010884186252951622,0.2864973843097687,26.870487213134766,0.0020556601230055094,0.06708213686943054,32.081607818603516,0.000619211932644248,26.427032470703125,0.0022766520269215107,0.07916683703660965
389221,6080,2,2554,-1,0,25.706682205200195,0.15799084305763245,24.71733856201172,0.1545046865940094,26.172954559326172,22.4044132232666,0.2508048415184021,21.995515823364258,22.770748138427734,0.14116567373275757,17.919858932495117,17.940746307373047,22.367645263671875,0.21085771918296814,100.0,0.2630361020565033,0.5873896479606628,2554,2586,0.3991740942001343,0,0,0.0026873971801251173,0.002413818147033453,25.639192581176758,0.0027294859755784273,0.19274771213531494,0.0033749425783753395,0.1946386992931366,24.502849578857422,0.003545808605849743,0.22503051161766052,0.00574855413287878,0.01614411734044552,23.820322036743164,0.004149235785007477,0.2872902750968933,0.0063160923309624195,0.23631149530410767,23.151752471923828,0.004839769098907709,0.2634636163711548,0.005283544305711985,0.0160666536539793,24.40739631652832,0.0036246043164283037,0.1517999917268753,0.005797429010272026,0.0,21.746166229248047,0.006689342204481363,0.252748966217041,29.504562377929688,0.0011208405485376716,0.13548320531845093,35.69284439086914,0.0002695973380468786,29.024646759033203,0.001251801149919629,0.16213953495025635,27.480928421020508,0.0017861055675894022,0.17721638083457947,26.91288185119629,0.002035690937191248,0.20995104312896729,25.16876220703125,0.003041752614080906,0.1829918920993805,31.048904418945312,0.000785434094723314,24.699440002441406,0.0033888784237205982,0.2166852056980133,24.23095703125,0.0037748904433101416,0.1989193856716156,23.71377182006836,0.004252289421856403,0.23960214853286743,25.966651916503906,0.002531250473111868,0.08039732277393341,31.90701675415039,0.0006446122424677014,25.495195388793945,0.002821502508595586,0.09904085844755173
390342,6080,2,3707,-1,0,26.150100708007812,0.14547209441661835,22.80719757080078,0.1566045731306076,26.81380844116211,22.637229919433594,0.2080731987953186,20.91339874267578,23.44915008544922,0.11677367985248566,17.861827850341797,17.943443298339844,21.670394897460938,0.20406194031238556,100.0,0.30617478489875793,0.5114874839782715,3707,3739,0.4302137792110443,0,0,0.002426554448902607,0.00208266475237906,26.056427001953125,0.0024794605560600758,0.16769316792488098,0.005239385180175304,0.2150484025478363,22.411102294921875,0.005739707499742508,0.24874791502952576,0.0054485006257891655,0.016361277550458908,24.23703384399414,0.0037696114741265774,0.22866232693195343,0.00810326635837555,0.25400975346565247,21.631851196289062,0.006867758464068174,0.27938807010650635,0.004519444890320301,0.01605668105185032,25.61539077758789,0.0027444851584732533,0.12317007035017014,0.0068070776760578156,0.0,21.04891586303711,0.007854321040213108,0.24001026153564453,28.912126541137695,0.0012846573954448104,0.11268184334039688,36.5351676940918,0.00022206675203051418,28.391916275024414,0.0014481327962130308,0.13194482028484344,23.798391342163086,0.004170237574726343,0.1939665675163269,23.198936462402344,0.00478747533634305,0.22968514263629913,25.737648010253906,0.002668302971869707,0.14190226793289185,31.03265380859375,0.0007883787620812654,25.290719985961914,0.002957521937787533,0.16502796113491058,22.46638298034668,0.005667111370712519,0.20655189454555511,21.909461975097656,0.006442492827773094,0.24303482472896576,27.43173599243164,0.001806451822631061,0.061230987310409546,31.70053482055664,0.0006759996758773923,27.032543182373047,0.0019803675822913647,0.07324527949094772
391535,6080,2,4900,-1,1,19.74222755432129,0.37502574920654297,16.48114013671875,0.30158281326293945,24.409875869750977,18.147796630859375,0.4397980272769928,15.619959831237793,21.215551376342773,0.16106759011745453,18.007099151611328,18.07325553894043,15.481647491455078,0.3804051876068115,100.0,0.4793250262737274,0.6291822791099548,4900,4932,0.4239882826805115,0,0,0.010611509904265404,0.003622533520683646,19.32306671142578,0.011686735786497593,0.433784157037735,0.02248464897274971,0.39472001791000366,15.909749031066895,0.025646323338150978,0.449222207069397,0.015318644233047962,0.01582304574549198,18.16985321044922,0.015241045504808426,0.4993886351585388,0.027415992692112923,0.4469638764858246,15.343017578125,0.02922121249139309,0.5000748634338379,0.007558666169643402,0.015583842992782593,21.990066528320312,0.006324023474007845,0.16699647903442383,0.028303183615207672,0.0,14.860167503356934,0.032657522708177567,0.43562689423561096,20.374181747436523,0.00917449127882719,0.3564923107624054,33.475311279296875,0.00044923016685061157,19.78114891052246,0.010516839101910591,0.41856756806373596,16.742700576782227,0.021170444786548615,0.36545950174331665,16.12847137451172,0.024386698380112648,0.41878360509872437,18.92198944091797,0.01281742937862873,0.3910408914089203,29.78237533569336,0.001051386701874435,18.3482723236084,0.014627588912844658,0.4536725580692291,16.032913208007812,0.0249292254447937,0.3943050503730774,15.43419075012207,0.028614157810807228,0.45302802324295044,23.480907440185547,0.004486519377678633,0.08982700854539871,30.436519622802734,0.0009043736499734223,22.977745056152344,0.005037619732320309,0.1012943685054779
391644,6080,2,5009,-1,2,27.532949447631836,0.10128207504749298,23.640552520751953,0.13754259049892426,25.928295135498047,23.903934478759766,0.13840404152870178,21.813507080078125,24.56590461730957,0.09946298599243164,17.879636764526367,18.020248413085938,22.95374298095703,0.2088247388601303,100.0,0.3222782015800476,0.42678216099739075,5009,5041,0.39963874220848083,0,0,0.0017648384673520923,0.0025537044275552034,27.842370986938477,0.00164347467944026,0.1197289526462555,0.0043245903216302395,0.1963263303041458,23.5163516998291,0.004450049251317978,0.2340441644191742,0.004070114344358444,0.0162943247705698,26.59661865234375,0.0021894662640988827,0.1515091210603714,0.006586418487131596,0.22289593517780304,22.94540786743164,0.005075268913060427,0.2512403130531311,0.0034946969244629145,0.01577521115541458,27.944202423095703,0.0016053874278441072,0.10447864979505539,0.00506553752347827,0.0,22.332265853881836,0.005844851955771446,0.2502758502960205,30.51999282836914,0.0008871578611433506,0.07488574832677841,36.315887451171875,0.00023356670862995088,30.053707122802734,0.0009877103148028255,0.09269211441278458,24.46037483215332,0.003580656601116061,0.18707069754600525,23.886499404907227,0.004086486529558897,0.2261206954717636,27.819154739379883,0.001652283826842904,0.09358733147382736,29.692289352416992,0.0010734236566349864,27.591167449951172,0.0017413391033187509,0.11352037638425827,23.50172233581543,0.004465066362172365,0.20664793252944946,23.01807403564453,0.004991058260202408,0.2474101036787033,29.62550926208496,0.0010900573106482625,0.058118827641010284,29.833261489868164,0.0010391395771875978,29.594409942626953,0.0010978907812386751,0.07256346940994263
392342,6081,3,719,-1,1,19.295515060424805,0.35192131996154785,17.934152603149414,0.2866651713848114,23.78199577331543,18.058317184448242,0.4068736433982849,17.02652359008789,22.841093063354492,0.10188911855220795,17.87775421142578,17.98143196105957,17.265628814697266,0.256470263004303,100.0,0.39966922998428345,0.7172560691833496,719,751,0.382143497467041,0,0,0.011761116795241833,0.004186010453850031,18.88518524169922,0.012926517985761166,0.38980501890182495,0.01609107106924057,0.2604537010192871,17.401119232177734,0.01819233037531376,0.2926422357559204,0.015637535601854324,0.016301386058330536,18.086774826049805,0.015535403974354267,0.44276678562164307,0.019831132143735886,0.2894473671913147,16.87950325012207,0.020513975992798805,0.3137625753879547,0.005198650527745485,0.015916844829916954,24.498088836669922,0.0035496975760906935,0.09919433295726776,0.018768824636936188,0.0,16.644149780273438,0.02165633626282215,0.29178687930107117,19.588594436645508,0.010993615724146366,0.3320658802986145,33.293209075927734,0.00046846707118675113,18.991863250732422,0.012612869031727314,0.37401047348976135,18.048633575439453,0.015672441571950912,0.23882058262825012,17.435646057128906,0.018048269674181938,0.2737952470779419,18.94293212890625,0.012755773961544037,0.3578982353210449,30.54121208190918,0.0008828333811834455,18.361717224121094,0.014582379721105099,0.40173524618148804,17.58977508544922,0.01741897501051426,0.2521422803401947,16.99484634399414,0.019976317882537842,0.2874644100666046,26.712432861328125,0.0021318511571735144,0.059161268174648285,31.4871883392334,0.0007100373622961342,26.288227081298828,0.0023505918215960264,0.06650982052087784
392561,6081,3,938,-1,0,27.045812606811523,0.1089848056435585,25.439998626708984,0.1346503347158432,26.57553482055664,23.425588607788086,0.1768188178539276,22.73113441467285,24.009578704833984,0.1011534184217453,17.807403564453125,18.07244873046875,24.31974220275879,0.12127113342285156,100.0,0.1963382512331009,0.6858079433441162,938,970,0.30275630950927734,0,0,0.001974324928596616,0.0022001212928444147,27.122907638549805,0.001939586829394102,0.12754704058170319,0.0028575919568538666,0.11686823517084122,25.05667495727539,0.0031212782487273216,0.1362486630678177,0.004544031340628862,0.01656760461628437,25.695619583129883,0.0026942517142742872,0.19413608312606812,0.005331958178430796,0.15692038834095,24.268508911132812,0.0037423912435770035,0.1666368991136551,0.003972302190959454,0.015586732886731625,26.60455894470215,0.0021854666993021965,0.10501206666231155,0.003698501503095031,0.0,23.69826316833496,0.004267501644790173,0.14327877759933472,30.801273345947266,0.0008315201848745346,0.11092889308929443,35.25898361206055,0.00029792136047035456,30.392379760742188,0.0009136123117059469,0.13347715139389038,27.348743438720703,0.0018413050565868616,0.10234439373016357,26.751819610595703,0.0021126046776771545,0.12258842587471008,27.096147537231445,0.0019515750464051962,0.1429397314786911,30.38680076599121,0.0009147870587185025,26.75495147705078,0.00211108080111444,0.17055486142635345,25.31719970703125,0.0029395446181297302,0.12422522902488708,24.821125030517578,0.0032952444162219763,0.14631907641887665,28.317657470703125,0.001473106793127954,0.05535250902175903,32.0013542175293,0.0006307606236077845,27.951480865478516,0.0016026986995711923,0.06605248898267746
393201,6081,3,1610,-1,1,21.019250869750977,0.22841176390647888,20.15920639038086,0.23324184119701385,20.904218673706055,19.491178512573242,0.3065573275089264,18.8847599029541,23.324308395385742,0.1280720978975296,16.911123275756836,17.704830169677734,19.455739974975586,0.17131748795509338,21.68216896057129,0.31383615732192993,0.7431961894035339,1610,1642,0.3634534180164337,0,0,0.007908150553703308,0.008120416663587093,21.03722381591797,0.007875494658946991,0.25968098640441895,0.009640056639909744,0.17894457280635834,20.0086612701416,0.009980079717934132,0.20392945408821106,0.011242999695241451,0.0203651525080204,20.07023048400879,0.009839590638875961,0.3392711579799652,0.012927782721817493,0.23391881585121155,19.268972396850586,0.011833217926323414,0.25350242853164673,0.004651245195418596,0.01696355640888214,25.595561981201172,0.0027570438105612993,0.13003429770469666,0.011335119605064392,0.006788646336644888,19.19569206237793,0.012034575454890728,0.20009151101112366,21.30990982055664,0.0073962085880339146,0.21363240480422974,22.33687973022461,0.005838647950440645,21.171436309814453,0.007635833229869604,0.2532564401626587,20.36678695678711,0.009190118871629238,0.15528009831905365,20.15254783630371,0.00965484231710434,0.18371814489364624,20.61041831970215,0.008688765577971935,0.24410578608512878,21.950895309448242,0.006381320767104626,20.436511993408203,0.009043757803738117,0.28410789370536804,19.757183074951172,0.010575033724308014,0.17807377874851227,19.518354415893555,0.011172865517437458,0.2062958925962448,27.844093322753906,0.0016428229864686728,0.06533568352460861,31.174314498901367,0.0007630779291503131,27.50027084350586,0.0017781684873625636,0.07656426727771759
397450,6082,4,1148,-1,0,28.08830451965332,0.10704270005226135,26.49993133544922,0.1403367668390274,25.414304733276367,24.257028579711914,0.14402678608894348,23.56009292602539,25.316665649414062,0.08141157031059265,17.586748123168945,17.891258239746094,26.179697036743164,0.10836540907621384,100.0,0.26721373200416565,0.5251854658126831,1148,1180,0.36429840326309204,0,0,0.0015529929660260677,0.002874549478292465,28.697702407836914,0.0013496766332536936,0.12476181238889694,0.002238756511360407,0.12114278227090836,26.463491439819336,0.0022576202172785997,0.1436314582824707,0.003752297954633832,0.017431115731596947,27.830787658691406,0.0016478645848110318,0.15265676379203796,0.0044054556638002396,0.13838517665863037,25.891782760620117,0.002575263613834977,0.15097074210643768,0.002939906669780612,0.01625077985227108,30.495960235595703,0.0008920799591578543,0.081526979804039,0.0024100730661302805,0.0,25.55821990966797,0.0027808535378426313,0.1311202049255371,30.516416549682617,0.0008878882508724928,0.094689279794693,33.46689987182617,0.0004501011862885207,30.198877334594727,0.0009552401024848223,0.11349956691265106,27.77355194091797,0.0016697245882824063,0.097659632563591,27.206193923950195,0.0019027446396648884,0.12083137780427933,28.69514274597168,0.0013504722155630589,0.10906510055065155,29.616714477539062,0.001092266757041216,28.56924057006836,0.0013901961501687765,0.12912803888320923,26.625099182128906,0.002175153698772192,0.11161564290523529,26.209314346313477,0.002393694594502449,0.135055273771286,31.628665924072266,0.000687279854901135,0.04745125398039818,31.308927536010742,0.0007397881126962602,31.680011749267578,0.0006792016793042421,0.057301945984363556
397998,6082,4,1696,-1,0,27.17943000793457,0.11413928866386414,23.109851837158203,0.14338891208171844,26.239055633544922,23.66407012939453,0.1606604903936386,21.431997299194336,24.98096466064453,0.08925467729568481,17.641956329345703,17.63587760925293,22.746999740600586,0.14884111285209656,100.0,0.27427634596824646,0.5227899551391602,1696,1728,0.3551632761955261,0,0,0.0019145079422742128,0.0023773566354066133,27.344038009643555,0.001843300648033619,0.1376521736383438,0.004886691924184561,0.16075223684310913,22.762588500976562,0.0052934796549379826,0.18729838728904724,0.0043012346141040325,0.017210928723216057,26.3542537689209,0.0023151275236159563,0.1771899312734604,0.007191184442490339,0.18170510232448578,22.435171127319336,0.005707988049834967,0.1990748792886734,0.0031761687714606524,0.017235038802027702,29.942768096923828,0.0010132654570043087,0.09052754193544388,0.005312515888363123,0.0,22.125518798828125,0.006129826419055462,0.17925281822681427,28.791015625,0.0013209870085120201,0.09689820557832718,34.848628997802734,0.00032744408235885203,28.31549644470215,0.0014738398604094982,0.12178748100996017,23.564546585083008,0.004400940611958504,0.1385219395160675,22.965415954589844,0.005051943473517895,0.1673772633075714,27.250282287597656,0.001883527496829629,0.11989003419876099,29.149639129638672,0.0012162872590124607,27.019813537597656,0.00198617996647954,0.14481791853904724,23.017723083496094,0.004991461522877216,0.15147855877876282,22.508445739746094,0.005612491630017757,0.181155726313591,30.927814483642578,0.0008076417143456638,0.04593832045793533,30.204910278320312,0.0009539136081002653,31.050539016723633,0.0007851383998058736,0.05598120763897896
398232,6082,4,1930,-1,2,28.269655227661133,0.11784569919109344,27.405807495117188,0.1471298485994339,26.771366119384766,24.133108139038086,0.14255496859550476,23.864242553710938,25.368520736694336,0.07843393087387085,17.645475387573242,17.684112548828125,27.16469955444336,0.15358895063400269,100.0,0.29690811038017273,0.4955400228500366,1930,1962,0.4116328954696655,0,0,0.0014894790947437286,0.0021031168289482594,28.55402946472168,0.001395073370076716,0.1385909616947174,0.001817269017919898,0.16397321224212646,27.494068145751953,0.001780710881575942,0.19502520561218262,0.003860905533656478,0.01719699054956436,27.425134658813477,0.0018092000391334295,0.15663541853427887,0.004107481800019741,0.18648697435855865,26.836965560913086,0.002071588532999158,0.21200942993164062,0.0029050118755549192,0.017044683918356895,31.36869239807129,0.0007296773255802691,0.07849928736686707,0.0019210113678127527,0.0,26.54322052001953,0.002216551685705781,0.19006535410881042,29.914216995239258,0.0010199486277997494,0.09450872242450714,35.19773864746094,0.0003021525626536459,29.467761993408203,0.0011303788051009178,0.11299079656600952,28.972023010253906,0.001267062034457922,0.14241935312747955,28.400850296020508,0.0014451568713411689,0.17658939957618713,28.35361671447754,0.0014609603676944971,0.10885821282863617,29.688518524169922,0.0010743559105321765,28.180313110351562,0.0015204381197690964,0.13144582509994507,27.627883911132812,0.001726679620333016,0.15386104583740234,27.300914764404297,0.0018616948509588838,0.19086673855781555,32.60255432128906,0.0005492179770953953,0.035244643688201904,30.74152183532715,0.0008430391899310052,32.97557067871094,0.0005040146643295884,0.04558829963207245
399189,6082,4,2887,-1,3,22.295108795166016,0.1801184117794037,14.652304649353027,0.14221754670143127,25.67735481262207,20.143795013427734,0.24988672137260437,14.114270210266113,21.908123016357422,0.11302684247493744,18.165252685546875,18.143009185791016,13.994227409362793,0.31989482045173645,100.0,0.4357483983039856,0.3263753652572632,2887,2919,0.4512098729610443,0,0,0.0058950758539140224,0.002705605933442712,21.947872161865234,0.006385764107108116,0.19840408861637115,0.03425860032439232,0.3003169298171997,14.06684398651123,0.03920266032218933,0.3349955976009369,0.009674321860074997,0.015257192775607109,20.547571182250977,0.008815417997539043,0.2647332549095154,0.03877690061926842,0.34000176191329956,13.71881103515625,0.042473580688238144,0.36707359552383423,0.006444476544857025,0.015335538424551487,22.944252014160156,0.005076621193438768,0.11024855822324753,0.039863672107458115,0.0,13.372749328613281,0.04599654674530029,0.3601776361465454,23.430171966552734,0.004539238754659891,0.1750185191631317,32.387325286865234,0.000577121798414737,22.88294219970703,0.005148795433342457,0.1986173838376999,14.80679988861084,0.03306131064891815,0.29674065113067627,14.189947128295898,0.03810705244541168,0.3362293541431427,21.32638168334961,0.0073682088404893875,0.22199320793151855,27.10260009765625,0.0019486784003674984,20.860809326171875,0.008201983757317066,0.24773570895195007,14.357470512390137,0.036665115505456924,0.32226336002349854,13.759048461914062,0.04208189249038696,0.3601231873035431,23.92034149169922,0.004054766148328781,0.07861103117465973,28.102222442626953,0.0015480248257517815,23.525760650634766,0.0044404189102351665,0.08534139394760132
406554,6084,2,390,-1,2,24.17473602294922,0.14538456499576569,23.49298095703125,0.1473201960325241,26.058923721313477,21.47124481201172,0.1962754875421524,21.04513931274414,22.67416763305664,0.106461301445961,17.845783233642578,17.983840942382812,22.160863876342773,0.12306488305330276,100.0,0.24644358456134796,0.5977846384048462,390,422,0.4189023971557617,0,0,0.003824076848104596,0.0024780353996902704,23.945697784423828,0.004031159915030003,0.1669876128435135,0.004474063403904438,0.1292295604944229,23.101961135864258,0.0048955767415463924,0.14973391592502594,0.007126486394554377,0.016421837732195854,22.443971633911133,0.005696432664990425,0.21426768600940704,0.007861149497330189,0.15633276104927063,21.791202545166016,0.006620330270379782,0.16770657896995544,0.005402357783168554,0.015908008441329002,24.218074798583984,0.003786104265600443,0.10635857284069061,0.006080141756683588,0.0,21.539384841918945,0.007015548180788755,0.14503389596939087,26.101573944091797,0.0024538193829357624,0.11104217916727066,37.73175811767578,0.000168587124790065,25.520061492919922,0.002805393887683749,0.13149580359458923,25.14166259765625,0.0030607902444899082,0.1047850251197815,24.53955078125,0.00351596693508327,0.12359172105789185,23.84665298461914,0.00412415387108922,0.14121714234352112,31.412796020507812,0.0007223046850413084,23.327791213989258,0.004647515714168549,0.16644392907619476,23.15459442138672,0.004836603067815304,0.12065176665782928,22.608158111572266,0.005485094618052244,0.1423480361700058,26.32620620727539,0.002330126240849495,0.061459001153707504,31.9198055267334,0.0006427163607440889,25.867460250854492,0.0025897277519106865,0.0724676102399826
409011,6084,2,2911,-1,1,26.838167190551758,0.11870576441287994,24.415390014648438,0.14212481677532196,25.87579917907715,23.444395065307617,0.16526800394058228,22.12704086303711,24.24968910217285,0.1121792122721672,17.881065368652344,17.974761962890625,23.254106521606445,0.117655448615551,100.0,0.3061022460460663,0.46430504322052,2911,2943,0.3952246308326721,0,0,0.0020710162352770567,0.0025847600772976875,27.007156372070312,0.0019919786136597395,0.13822004199028015,0.003617936512455344,0.13494150340557098,24.16743278503418,0.0038305125199258327,0.15338410437107086,0.004524396266788244,0.016288967803120613,25.663164138793945,0.0027144623454660177,0.1780819594860077,0.006127676926553249,0.17112195491790771,23.31814956665039,0.004657845012843609,0.18193714320659637,0.0037586435209959745,0.015941297635436058,27.2482967376709,0.00188438908662647,0.11259479820728302,0.004727042745798826,0.0,22.632627487182617,0.005454280413687229,0.13842183351516724,28.667186737060547,0.00135919323656708,0.09272734820842743,34.86445236206055,0.00032625318272039294,28.18697738647461,0.0015181071357801557,0.10869581997394562,24.989280700683594,0.003170092822983861,0.11023110896348953,24.400558471679688,0.0036303154192864895,0.1305135041475296,26.813161849975586,0.002082974649965763,0.1095048189163208,30.56058692932129,0.0008789043058641255,26.44315528869629,0.0022682163398712873,0.12823578715324402,23.908687591552734,0.004065662622451782,0.12653887271881104,23.380556106567383,0.004591390956193209,0.14822255074977875,29.14194107055664,0.001218445017002523,0.059948936104774475,31.495948791503906,0.0007086067926138639,28.870994567871094,0.0012968818191438913,0.06883862614631653
409933,6084,2,3897,-1,1,26.251384735107422,0.1460256725549698,23.768274307250977,0.14926528930664062,24.054182052612305,23.212499618530273,0.1869782656431198,21.847183227539062,24.42919158935547,0.0984145924448967,17.716005325317383,17.953807830810547,23.307363510131836,0.24580098688602448,100.0,0.3370802104473114,0.4428183138370514,3897,3929,0.3930593430995941,0,0,0.002370618050917983,0.0039317128248512745,26.715288162231445,0.0021304497495293617,0.16867391765117645,0.004199258051812649,0.2531532645225525,23.612457275390625,0.004352657590061426,0.30061858892440796,0.004772545304149389,0.016919966787099838,25.370466232299805,0.002903711050748825,0.2088249772787094,0.006535541731864214,0.27554836869239807,22.970731735229492,0.005045763682574034,0.3101738691329956,0.0036064572632312775,0.016018405556678772,27.703369140625,0.0016969271237030625,0.10051655769348145,0.0046694278717041016,0.0,22.68588638305664,0.005387800745666027,0.29261285066604614,28.39350128173828,0.0014476048527285457,0.11736583709716797,33.54139709472656,0.0004424459475558251,27.952713012695312,0.0016022446798160672,0.1404741406440735,24.752817153930664,0.0033474822994321585,0.2345968335866928,24.16763687133789,0.003830330679193139,0.28372663259506226,26.523029327392578,0.0022268821485340595,0.1386958658695221,30.852136611938477,0.0008218383882194757,26.120691299438477,0.0024430425837635994,0.16621582210063934,23.859230041503906,0.00411222642287612,0.24499304592609406,23.32863998413086,0.00464660907164216,0.2931233048439026,29.45220947265625,0.0011344336671754718,0.05478304252028465,31.62186050415039,0.000688357453327626,29.19712257385254,0.0012030608486384153,0.0650714561343193
410166,6084,2,4130,-1,2,21.55484962463379,0.20875215530395508,21.14801025390625,0.21793091297149658,25.60101318359375,19.88452911376953,0.25237220525741577,19.640796661376953,22.883129119873047,0.09824975579977036,18.00536346435547,18.236669540405273,20.227638244628906,0.17592114210128784,100.0,0.35194656252861023,0.6192159056663513,4130,4162,0.3961349427700043,0,0,0.006990612484514713,0.0027535869739949703,21.167667388916016,0.007642463315278292,0.23818567395210266,0.007677135523408651,0.1822764277458191,20.643186569213867,0.00862345565110445,0.20731623470783234,0.010269450023770332,0.015829376876354218,20.262224197387695,0.00941407773643732,0.27351200580596924,0.010862263850867748,0.20149099826812744,19.918119430541992,0.010190325789153576,0.2122930884361267,0.005148574244230986,0.015008353628218174,24.3989200592041,0.0036316849291324615,0.09090407192707062,0.009489345364272594,0.0,19.606159210205078,0.010949245654046535,0.20416170358657837,22.26462173461914,0.00593660119920969,0.18440023064613342,34.80439758300781,0.00033079591230489314,21.67552947998047,0.006799032911658287,0.21286766231060028,21.878469467163086,0.0064886328764259815,0.16043579578399658,21.275720596313477,0.007454661652445793,0.18370284140110016,21.169078826904297,0.007639979477971792,0.20193824172019958,30.636560440063477,0.0008636625134386122,20.613557815551758,0.008682490326464176,0.23242193460464478,20.88372039794922,0.00815883744508028,0.1729663610458374,20.313709259033203,0.009303135797381401,0.19591845571994781,26.413429260253906,0.002283796202391386,0.05567111074924469,31.82430076599121,0.0006570072728209198,25.961814880371094,0.002534071449190378,0.06187962740659714
411680,6085,3,688,-1,1,22.134639739990234,0.24661536514759064,21.617401123046875,0.21981744468212128,26.360750198364258,20.33696174621582,0.340738981962204,19.952028274536133,23.544790267944336,0.1634947657585144,17.824068069458008,17.9078369140625,20.768014907836914,0.17219235002994537,100.0,0.2996259331703186,0.7336395978927612,688,720,0.38698065280914307,0,0,0.006116965785622597,0.0023116660304367542,21.737699508666992,0.0067023965530097485,0.2920394241809845,0.006890646647661924,0.18524116277694702,21.091365814208984,0.007777919992804527,0.21828630566596985,0.009253453463315964,0.016504155471920967,20.89484405517578,0.0081379609182477,0.3833697736263275,0.010111069306731224,0.25581926107406616,20.376842498779297,0.009168870747089386,0.28265616297721863,0.0044210064224898815,0.016188867390155792,25.832653045654297,0.002610566560178995,0.17709311842918396,0.008379122242331505,0.0,20.14653778076172,0.009668217971920967,0.20147208869457245,22.45694923400879,0.005679437890648842,0.2320449948310852,35.82484436035156,0.0002615266421344131,21.862213134765625,0.006512963678687811,0.27605968713760376,21.817609786987305,0.00658020144328475,0.15499939024448395,21.204307556152344,0.007578255608677864,0.18480908870697021,21.693302154541016,0.006771267391741276,0.274713933467865,29.604568481445312,0.0010953252203762531,21.166515350341797,0.007644489873200655,0.3249129056930542,21.1221923828125,0.007722905836999416,0.18389955163002014,20.57317543029785,0.008763601072132587,0.21643273532390594,27.753171920776367,0.0016775785479694605,0.07809636741876602,30.044363021850586,0.0009898371063172817,27.487548828125,0.001783384825102985,0.09562218934297562
411781,6085,3,789,-1,2,19.563995361328125,0.24873386323451996,18.051321029663086,0.34231701493263245,23.21283531188965,18.406871795654297,0.29261723160743713,17.176067352294922,23.046634674072266,0.11049935221672058,17.7037353515625,17.8416805267334,17.258512496948242,0.3109220564365387,100.0,0.4595254063606262,0.7449359893798828,789,821,0.4127272665500641,0,0,0.011056060902774334,0.004772177431732416,19.199939727783203,0.012022813782095909,0.2817727327346802,0.015662742778658867,0.32523828744888306,17.597923278808594,0.017386319115757942,0.36888065934181213,0.01443154364824295,0.01696784235537052,18.52591323852539,0.01404134463518858,0.3255247473716736,0.019159898161888123,0.34847044944763184,17.086530685424805,0.019559016451239586,0.3893253803253174,0.004958342760801315,0.016437357291579247,24.958908081054688,0.0031923402566462755,0.1090974286198616,0.01879960484802723,0.0,16.637035369873047,0.021691851317882538,0.3622197210788727,19.9918155670166,0.01001886185258627,0.2306150496006012,32.67831802368164,0.0005397195345722139,19.401643753051758,0.011477191932499409,0.267425000667572,18.194496154785156,0.015154811553657055,0.2931697368621826,17.5886173248291,0.017423616722226143,0.338405042886734,19.240863800048828,0.011910050176084042,0.24623365700244904,28.470596313476562,0.0014221332967281342,18.689085006713867,0.013523573987185955,0.2861104905605316,17.6433048248291,0.01720559224486351,0.30531853437423706,17.066448211669922,0.019649671390652657,0.353909969329834,26.721744537353516,0.002127284649759531,0.05819333344697952,28.75215721130371,0.0013328586937859654,26.4791316986084,0.002249504206702113,0.06575317680835724
411795,6085,3,803,-1,0,22.796802520751953,0.15119673311710358,19.820249557495117,0.2171357125043869,21.889175415039062,20.630693435668945,0.20068496465682983,18.568662643432617,23.09383201599121,0.11245892196893692,17.055490493774414,17.90823745727539,18.830665588378906,0.28266456723213196,22.095962524414062,0.41474649310112,0.5235384106636047,803,835,0.44787922501564026,0,0,0.005251942202448845,0.006472654175013304,22.95494270324707,0.005064140539616346,0.16360068321228027,0.010422573424875736,0.29105639457702637,19.63541603088379,0.010875728912651539,0.3200973570346832,0.008648299612104893,0.019699309021234512,21.581314086914062,0.006948144640773535,0.21679845452308655,0.013903813436627388,0.31435585021972656,18.8841495513916,0.012929601594805717,0.34257379174232483,0.00490474933758378,0.016187364235520363,24.990829467773438,0.0031689624302089214,0.11070993542671204,0.013089814223349094,0.00617168890312314,18.491165161132812,0.014154140837490559,0.3212500512599945,23.03351402282715,0.004973345901817083,0.1285177618265152,22.613161087036133,0.005478782579302788,23.10195541381836,0.004895586520433426,0.14752738177776337,20.093706130981445,0.009786549024283886,0.2680515944957733,19.82070541381836,0.010421485640108585,0.30431240797042847,21.706144332885742,0.006751271430402994,0.15660536289215088,21.905113220214844,0.006448945961892605,21.676326751708984,0.00679778354242444,0.1788538098335266,19.309741973876953,0.011722653172910213,0.2837945520877838,19.02912712097168,0.01250510010868311,0.3203635513782501,26.65015983581543,0.002162639517337084,0.06655137240886688,29.775394439697266,0.0010530776344239712,26.32021713256836,0.002333341632038355,0.07473011314868927
412379,6085,3,1387,-1,0,23.894681930541992,0.18489757180213928,21.451414108276367,0.20078633725643158,24.91388511657715,21.48828125,0.23825275897979736,19.892921447753906,23.688230514526367,0.11021218448877335,17.726041793823242,18.01437759399414,20.635644912719727,0.2702603042125702,100.0,0.3253982961177826,0.617047905921936,1387,1419,0.3656530976295471,0,0,0.00407879613339901,0.0032256070990115404,23.757122039794922,0.004210056737065315,0.2127479910850525,0.007159102708101273,0.27483123540878296,20.9633731842041,0.008010557852685452,0.3151988387107849,0.00709858862683177,0.016880910843610764,22.523075103759766,0.0055936165153980255,0.2702130079269409,0.010249623097479343,0.3045680522918701,20.289165496826172,0.009355856105685234,0.3422371745109558,0.004277372267097235,0.01579655334353447,26.011592864990234,0.0025051909033209085,0.11427286267280579,0.008638443425297737,0.0,20.014163970947266,0.009967435151338577,0.3173525333404541,25.39659309387207,0.002886295085772872,0.17719611525535583,35.069576263427734,0.0003112020785920322,24.838001251220703,0.0032824634108692408,0.21066361665725708,22.104236602783203,0.006159939803183079,0.25522273778915405,21.499019622802734,0.007081061135977507,0.29916277527809143,23.6446533203125,0.0043205083347857,0.19781334698200226,27.47211456298828,0.0017897344660013914,23.269922256469727,0.004709858447313309,0.23485034704208374,21.158897399902344,0.007657908368855715,0.2698324918746948,20.656394958496094,0.008597269654273987,0.3157234191894531,27.690237045288086,0.0017020658124238253,0.05500538647174835,28.09199333190918,0.0015516746789216995,27.6315975189209,0.0017252026591449976,0.06402979791164398
412708,6085,3,1748,-1,3,27.17705535888672,0.08554161339998245,23.872638702392578,0.09556245803833008,26.4775390625,23.119089126586914,0.12444571405649185,21.522563934326172,23.660907745361328,0.0891563892364502,17.80061149597168,17.786144256591797,22.463903427124023,0.0855829194188118,100.0,0.19856952130794525,0.4812543988227844,1748,1780,0.38417255878448486,0,0,0.0019155541667714715,0.002250328892841935,27.295425415039062,0.00186405039858073,0.09642581641674042,0.004099552519619465,0.096466064453125,23.440868377685547,0.004528069868683815,0.10954105854034424,0.004876306280493736,0.016593536362051964,25.123445510864258,0.0030736562330275774,0.1264694482088089,0.007042769342660904,0.1274944245815277,22.497291564941406,0.005626923404633999,0.13310790061950684,0.004304366651922464,0.016648899763822556,26.188472747802734,0.0024052076041698456,0.08515256643295288,0.0056703477166593075,0.0,21.842422485351562,0.006542709656059742,0.10072106122970581,30.37126922607422,0.0009180640918202698,0.060314029455184937,35.85097885131836,0.0002599575382191688,29.916933059692383,0.001019311253912747,0.07137791812419891,24.826128005981445,0.003291449276730418,0.0764477550983429,24.22990608215332,0.003775805002078414,0.08908641338348389,26.50196075439453,0.00223771040327847,0.08976615220308304,29.968259811401367,0.001007335726171732,26.149307250976562,0.002426998922601342,0.1039508804678917,23.304946899414062,0.00467202952131629,0.09214363992214203,22.797801971435547,0.005250733345746994,0.10792325437068939,27.867931365966797,0.0016338303685188293,0.04962208867073059,30.29218292236328,0.0009349361644126475,27.59113311767578,0.001741352491080761,0.05669208616018295
413948,6085,3,3020,-1,2,27.173629760742188,0.0968712642788887,24.502704620361328,0.12684383988380432,27.860065460205078,23.509340286254883,0.16542650759220123,22.27032470703125,24.03104591369629,0.10210413485765457,18.110145568847656,18.13558006286621,23.423282623291016,0.12369115650653839,100.0,0.21566012501716614,0.5881654620170593,3020,3052,0.33900168538093567,0,0,0.0019170667510479689,0.0016367924399673939,27.077028274536133,0.0019601858220994473,0.11252283304929733,0.003545925719663501,0.12484953552484512,24.201887130737305,0.003800244303420186,0.14340412616729736,0.004457239527255297,0.015452023595571518,25.58189582824707,0.0027657351456582546,0.1810692548751831,0.005928811617195606,0.16365832090377808,23.458351135253906,0.0045098778791725636,0.1756141632795334,0.003952715080231428,0.015361802652478218,26.58077049255371,0.002197470748797059,0.10495947301387787,0.004546443000435829,0.0,22.801801681518555,0.005245896056294441,0.1466604322195053,30.562755584716797,0.0008784649544395506,0.07764017581939697,36.869659423828125,0.00020560529083013535,30.07896614074707,0.0009819818660616875,0.09392399340867996,26.20232582092285,0.002397548407316208,0.09603218734264374,25.612668991088867,0.0027462057769298553,0.11344708502292633,26.82645606994629,0.0020766076631844044,0.11933760344982147,29.348670959472656,0.0011618046555668116,26.541664123535156,0.0022173465695232153,0.14331471920013428,24.347707748413086,0.0036747620906680822,0.1265154778957367,23.887645721435547,0.004085408058017492,0.14917267858982086,28.10519790649414,0.001546964980661869,0.05609029531478882,30.23148536682129,0.0009480941225774586,27.85394859313965,0.0016390987439081073,0.0672653317451477
414796,6085,3,3932,-1,3,21.41414451599121,0.1994568407535553,20.052715301513672,0.20831738412380219,25.14720916748047,19.7282657623291,0.23620805144309998,18.711158752441406,22.87694549560547,0.10934329777956009,17.909849166870117,17.989055633544922,19.270692825317383,0.19373930990695953,100.0,0.2699056565761566,0.7718155384063721,3932,3964,0.32881301641464233,0,0,0.007220804691314697,0.003056886373087764,21.044998168945312,0.007861406542360783,0.2208002358675003,0.009879355318844318,0.20622879266738892,19.559234619140625,0.011068190447986126,0.22999244928359985,0.010645680129528046,0.01618136093020439,20.090381622314453,0.009794037789106369,0.2545643746852875,0.013455010019242764,0.23172712326049805,18.837207794189453,0.013070105575025082,0.24826034903526306,0.005155912134796381,0.015888923779129982,24.553516387939453,0.0035046797711402178,0.10753506422042847,0.011828526854515076,0.0,18.649213790893555,0.013648300431668758,0.21990984678268433,22.144466400146484,0.006103144492954016,0.16978240013122559,34.99227523803711,0.0003167906543239951,21.553146362304688,0.006993352435529232,0.1943216621875763,20.439321517944336,0.009037906304001808,0.18271443247795105,19.827062606811523,0.01040623988956213,0.20756645500659943,21.118358612060547,0.007729727774858475,0.19084283709526062,29.578777313232422,0.0011018498335033655,20.580217361450195,0.008749401196837425,0.2176607847213745,19.73455047607422,0.010630288161337376,0.197828009724617,19.165481567382812,0.01211857981979847,0.22370827198028564,26.75296974182129,0.0021120444871485233,0.058492228388786316,30.207393646240234,0.0009533684351481497,26.401073455810547,0.0022903024218976498,0.06758452951908112
415830,6086,4,17,-1,1,27.01961326599121,0.10173003375530243,24.678970336914062,0.13202419877052307,24.725263595581055,24.01059341430664,0.13064560294151306,22.81670570373535,25.563831329345703,0.08488547801971436,17.997913360595703,18.121593475341797,24.57415771484375,0.1630672663450241,100.0,0.3190678656101227,0.41378092765808105,17,49,0.3593359589576721,0,0,0.0019862724002450705,0.0033687895629554987,27.511499404907227,0.0017735775327309966,0.12292888015508652,0.003404890187084675,0.16759733855724335,24.74481201171875,0.0033536595292389393,0.20436352491378784,0.003971372731029987,0.01585654728114605,26.690013885498047,0.002142884535714984,0.1454269140958786,0.005227928515523672,0.19494953751564026,24.385774612426758,0.003642693627625704,0.22841902077198029,0.0027772628236562014,0.015411344356834888,30.79064178466797,0.0008335583261214197,0.0827779546380043,0.003488061483949423,0.0,23.952678680419922,0.00402468629181385,0.2057376503944397,28.984554290771484,0.0012634111335501075,0.08516015112400055,35.93315124511719,0.0002550851204432547,28.481590270996094,0.001418538042344153,0.10813822597265244,25.74405860900879,0.002664367901161313,0.1479496955871582,25.174352645874023,0.003037839662283659,0.18557709455490112,27.566810607910156,0.0017511331243440509,0.09756288677453995,31.11288833618164,0.000773946987465024,27.2091064453125,0.001901469542644918,0.12165480852127075,25.021312713623047,0.0031467971857637167,0.17011740803718567,24.528724670410156,0.003524742554873228,0.2118823230266571,32.03676223754883,0.0006256388733163476,0.045454345643520355,31.693584442138672,0.0006770823383703828,32.0920524597168,0.0006177243776619434,0.05558664724230766
417230,6086,4,1481,-1,3,26.307336807250977,0.12012043595314026,24.28392791748047,0.15912102162837982,24.742233276367188,23.44679832458496,0.14892184734344482,22.398601531982422,25.808330535888672,0.05751773715019226,17.57895278930664,17.916358947753906,24.332427978515625,0.2046360969543457,100.0,0.2900334298610687,0.5486299395561218,1481,1513,0.4198421239852905,0,0,0.002340272767469287,0.003355650929734111,26.60735321044922,0.0021840608678758144,0.14364242553710938,0.003729128511622548,0.2156774401664734,24.136676788330078,0.003857736010104418,0.25619688630104065,0.004521891474723816,0.017462437972426414,25.96701431274414,0.002531038597226143,0.16777263581752777,0.005756252910941839,0.23638245463371277,23.842599868774414,0.004128004889935255,0.2659769356250763,0.002625228138640523,0.0161571241915226,32.6488151550293,0.0005433983169496059,0.05293416976928711,0.0036877139937132597,0.0,23.710948944091797,0.004255054518580437,0.24922558665275574,27.3763484954834,0.001829638029448688,0.10652586817741394,34.143592834472656,0.0003851598303299397,26.878511428833008,0.0020518654491752386,0.1301829069852829,24.8305606842041,0.003288092790171504,0.19970296323299408,24.24494171142578,0.0037627527490258217,0.23978331685066223,26.488039016723633,0.0022448955569416285,0.11429958045482635,28.496723175048828,0.0014136044774204493,26.247413635253906,0.002372786635532975,0.13863256573677063,24.367671966552734,0.003657910041511059,0.20552650094032288,23.92502784729004,0.004050393123179674,0.24769574403762817,33.32172393798828,0.0004654014192055911,0.02413168177008629,29.842443466186523,0.0010369454976171255,34.23115539550781,0.00037747161695733666,0.02850712090730667
417268,6086,4,1519,-1,1,26.857398986816406,0.10398569703102112,25.334999084472656,0.14618460834026337,25.328041076660156,23.647096633911133,0.12615728378295898,22.78652572631836,25.286235809326172,0.06120670959353447,17.487510681152344,17.469436645507812,25.189552307128906,0.24783101677894592,100.0,0.3121407628059387,0.46832913160324097,1519,1551,0.3962162137031555,0,0,0.002061865059658885,0.002932217437773943,27.149009704589844,0.0019279646221548319,0.11967544257640839,0.0029275217093527317,0.24236899614334106,25.0615291595459,0.0031177925411611795,0.28988537192344666,0.004318078979849815,0.017834005877375603,26.500032424926758,0.0022387055214494467,0.13385069370269775,0.0052643828094005585,0.2682410776615143,24.66225814819336,0.003418017877265811,0.3068649172782898,0.002960577141493559,0.017908386886119843,31.798551559448242,0.0006609142292290926,0.05638639256358147,0.003027226310223341,0.0,24.568073272705078,0.0034929532557725906,0.29825156927108765,28.26505470275879,0.0014910576865077019,0.09004570543766022,36.205467224121094,0.00023958156816661358,27.737632751464844,0.00168359256349504,0.10598944127559662,25.975170135498047,0.0025262897834181786,0.23865272104740143,25.375043869018555,0.002900652587413788,0.28654569387435913,27.223941802978516,0.0018949848599731922,0.09519879519939423,29.29311752319336,0.001176761114038527,26.977815628051758,0.002005480695515871,0.11338210105895996,25.306833267211914,0.0029465698171406984,0.2479216307401657,24.89397430419922,0.003240429563447833,0.2969703674316406,32.88008117675781,0.0005152191733941436,0.026615293696522713,29.882083892822266,0.0010275236563757062,33.60111999511719,0.00043640314834192395,0.03195977956056595
417339,6086,4,1590,-1,0,23.905630111694336,0.18813538551330566,19.026153564453125,0.18470266461372375,23.739578247070312,22.24767303466797,0.21077796816825867,18.485937118530273,25.45513153076172,0.07692324370145798,17.596242904663086,17.673786163330078,19.210893630981445,0.3832131028175354,100.0,0.375655859708786,0.4916805028915405,1590,1622,0.3963997960090637,0,0,0.004068525042384863,0.004227096680551767,23.931751251220703,0.004044129513204098,0.22041700780391693,0.012513668276369572,0.4093506634235382,18.57670021057129,0.013878101482987404,0.4793952405452728,0.00595981627702713,0.017393048852682114,23.76662254333496,0.0042008571326732635,0.23598375916481018,0.014171191491186619,0.3973342776298523,18.562488555908203,0.013923585414886475,0.455892413854599,0.002847652416676283,0.017085250467061996,31.822677612304688,0.0006572529673576355,0.07818645983934402,0.011992529965937138,0.0,18.589412689208984,0.013837535865604877,0.4544922113418579,24.850704193115234,0.0032728773076087236,0.16479437053203583,33.52402877807617,0.0004442189238034189,24.30853843688965,0.0037080557085573673,0.19631411135196686,19.27840805053711,0.011807538568973541,0.3865716755390167,18.672544479370117,0.013575181365013123,0.45630013942718506,24.48012924194336,0.0035644059535115957,0.16794994473457336,27.505760192871094,0.0017759229522198439,24.157188415527344,0.0038395575247704983,0.19819587469100952,19.249441146850586,0.011886552907526493,0.3772667646408081,18.7071533203125,0.013467426411807537,0.4465152323246002,31.78278160095215,0.0006633180310018361,0.03964181989431381,28.13739776611328,0.0015355371870100498,32.764373779296875,0.0005291304551064968,0.04707329720258713
423578,6087,5,3033,-1,2,25.93402862548828,0.3054545819759369,26.133262634277344,0.2664906978607178,24.743309020996094,22.77385902404785,0.4248775243759155,22.778667449951172,24.60240364074707,0.18662095069885254,17.716772079467773,17.925264358520508,24.030189514160156,0.2102818638086319,100.0,0.34396257996559143,0.7747665643692017,3033,3065,0.42067593336105347,0,0,0.0025503356009721756,0.0033548197243362665,26.150074005126953,0.0024265688844025135,0.3733741044998169,0.002435979899019003,0.2004471868276596,25.983198165893555,0.0025216226931661367,0.2391011118888855,0.005279760342091322,0.01691698282957077,24.57246971130371,0.0034894186537712812,0.5039429068565369,0.005273915361613035,0.2758241593837738,24.463899612426758,0.0035777506418526173,0.3169291913509369,0.0034654501359909773,0.01612403243780136,28.18735122680664,0.0015179762849584222,0.21033059060573578,0.003953493665903807,0.0,23.408710479736328,0.004561723209917545,0.2571413218975067,26.827686309814453,0.0020760197658091784,0.30930835008621216,32.8806037902832,0.000515157007612288,26.35232925415039,0.0023161524441093206,0.37911897897720337,26.173002243041992,0.0024137920700013638,0.18851518630981445,25.581195831298828,0.002766180783510208,0.23292484879493713,25.454010009765625,0.002848386764526367,0.34091031551361084,29.741926193237305,0.001061225077137351,25.053815841674805,0.0031233348418027163,0.4208073019981384,24.8360538482666,0.003283936996012926,0.20626682043075562,24.339717864990234,0.0036815276835113764,0.2516727149486542,29.567066192626953,0.0011048250598832965,0.08632849156856537,31.66009521484375,0.000682324287481606,29.31879234313965,0.0011698250891640782,0.10466984659433365
425098,6087,5,4617,-1,0,20.059085845947266,0.31491491198539734,18.053476333618164,0.28300878405570984,24.01357650756836,18.681344985961914,0.3915611505508423,17.1074275970459,23.065088272094727,0.1357521414756775,17.619855880737305,17.91134262084961,17.503868103027344,0.26885733008384705,100.0,0.3765718638896942,0.7515398859977722,4617,4649,0.40405794978141785,0,0,0.009864874184131622,0.003968647215515375,19.677043914794922,0.010771986097097397,0.3679732084274292,0.015654971823096275,0.2732389569282532,17.50935173034668,0.01774454489350319,0.31373903155326843,0.01354769803583622,0.017298735678195953,18.87039566040039,0.012970617040991783,0.4418661594390869,0.0194651298224926,0.3276473581790924,17.008445739746094,0.01991385780274868,0.3623596131801605,0.004937320947647095,0.016175804659724236,24.937219619750977,0.003208323149010539,0.13677909970283508,0.017766961827874184,0.0,16.882389068603516,0.020500339567661285,0.3185989558696747,20.40959358215332,0.009099984541535378,0.299343079328537,31.524417877197266,0.0007039767224341631,19.83314323425293,0.010391678661108017,0.3579089045524597,18.187633514404297,0.015178774483501911,0.2468244433403015,17.57253646850586,0.01748824678361416,0.2928057909011841,19.735366821289062,0.010628287680447102,0.33161094784736633,28.8601016998291,0.001300139701925218,19.185306549072266,0.012063388712704182,0.3910869061946869,17.749677658081055,0.01678929105401039,0.2682175636291504,17.157421112060547,0.019242344424128532,0.31613725423812866,27.354511260986328,0.0018388599855825305,0.06872756779193878,30.832300186157227,0.0008256003493443131,27.001123428344727,0.0019947460386902094,0.08048225194215775
425419,6088,2,28,-1,0,27.144123077392578,0.10947206616401672,23.68551254272461,0.12630712985992432,27.05528450012207,23.409351348876953,0.14214393496513367,21.728084564208984,24.15984344482422,0.08503343164920807,17.80984115600586,17.826507568359375,23.012958526611328,0.13642644882202148,100.0,0.29058074951171875,0.4346713721752167,28,60,0.38803714513778687,0,0,0.001930135884322226,0.001970023848116398,27.1579532623291,0.0019239995162934065,0.12887753546237946,0.00428004888817668,0.14248228073120117,23.393590927124023,0.004577632062137127,0.16734236478805542,0.004561048932373524,0.01655830815434456,25.66179656982422,0.00271531636826694,0.15442368388175964,0.006717253942042589,0.16086235642433167,22.790834426879883,0.005259161815047264,0.18009190261363983,0.003837211523205042,0.016494885087013245,27.23566436767578,0.0018898770213127136,0.08572880178689957,0.0049969409592449665,0.0,22.3914794921875,0.005765701178461313,0.1661948263645172,30.005496978759766,0.0009987354278564453,0.08820310980081558,37.06277084350586,0.00019666305161081254,29.49956512451172,0.0011221312452107668,0.10727514326572418,24.479930877685547,0.003564569866284728,0.12359873950481415,23.883182525634766,0.0040896073915064335,0.1492435783147812,27.410085678100586,0.0018154806457459927,0.10736075788736343,32.19124221801758,0.0006037763669155538,26.985584259033203,0.002001896733418107,0.13125422596931458,23.522005081176758,0.004444261081516743,0.13122281432151794,22.971601486206055,0.005044752731919289,0.15921972692012787,29.57972526550293,0.0011016090866178274,0.051571622490882874,32.66421890258789,0.0005414746119640768,29.252626419067383,0.0011877836659550667,0.06255299597978592
428099,6088,2,2772,-1,3,26.563751220703125,0.17182321846485138,25.98868179321289,0.16382665932178497,25.99160385131836,23.35875701904297,0.20437565445899963,23.064481735229492,24.282634735107422,0.1020016148686409,17.569772720336914,17.724443435668945,25.175716400146484,0.1733563095331192,100.0,0.2572892904281616,0.6367411017417908,2772,2804,0.3854365348815918,0,0,0.002206098521128297,0.002516747685149312,26.658870697021484,0.0021583063062280416,0.20499815046787262,0.002518440829589963,0.1789090782403946,25.919105529785156,0.0025591133162379265,0.21084308624267578,0.004614497069269419,0.01749938353896141,25.796802520751953,0.002632206305861473,0.22884789109230042,0.00493801012635231,0.207549586892128,25.06175994873047,0.003117627464234829,0.23110729455947876,0.0037302388809621334,0.0168871209025383,27.679946899414062,0.0017061030957847834,0.10241401195526123,0.0030368855223059654,0.0,24.554237365722656,0.003504099091514945,0.20761844515800476,29.155670166015625,0.0012145999353379011,0.14729028940200806,33.61037063598633,0.00043547473615035415,28.74692726135254,0.0013344652252271771,0.17669521272182465,27.94407844543457,0.001605432596988976,0.14970239996910095,27.391075134277344,0.0018234440358355641,0.17927058041095734,26.780696868896484,0.0020986043382436037,0.17415113747119904,29.635517120361328,0.0010875473963096738,26.470169067382812,0.0022541515063494444,0.20689764618873596,25.999954223632812,0.0025119134224951267,0.16508695483207703,25.576372146606445,0.0027692539151757956,0.19754090905189514,29.0433292388916,0.0012464281171560287,0.0644635334610939,30.990800857543945,0.0007960127550177276,28.80835723876953,0.0013157227076590061,0.0757358968257904
428370,6088,2,3075,-1,0,25.152286529541016,0.16104458272457123,21.701927185058594,0.1452806442975998,26.820049285888672,21.822895050048828,0.22583892941474915,19.834148406982422,22.579286575317383,0.12013952434062958,17.960678100585938,17.870710372924805,20.585355758666992,0.39634639024734497,100.0,0.3411547839641571,0.42584964632987976,3075,3107,0.4035727083683014,0,0,0.0030533126555383205,0.0020796735771000385,24.944290161132812,0.003203103318810463,0.1841639280319214,0.006757833529263735,0.3798515200614929,21.237628936767578,0.00752033619210124,0.4370972216129303,0.006572198122739792,0.015993090346455574,22.9049015045166,0.00512282969430089,0.2459021508693695,0.010389274917542934,0.40901637077331543,20.216672897338867,0.009513335302472115,0.4600214958190918,0.005521681159734726,0.01632784865796566,24.13503646850586,0.003859193529933691,0.123184934258461,0.008739056997001171,0.0,19.963876724243164,0.01008352730423212,0.4653310775756836,27.86796760559082,0.001633816515095532,0.1265963912010193,37.249420166015625,0.00018839009862858802,27.31377601623535,0.0018561896868050098,0.1489529013633728,22.56351661682129,0.005541768856346607,0.38386020064353943,21.956050872802734,0.006373750511556864,0.4525279402732849,24.460065841674805,0.0035809106193482876,0.1528334617614746,30.36957550048828,0.0009184228256344795,23.989700317382812,0.00399052444845438,0.1777021735906601,21.196178436279297,0.007592454086989164,0.3864983320236206,20.640300750732422,0.008629187941551208,0.4527493119239807,25.91050910949707,0.002564183669164777,0.0697278380393982,30.470745086669922,0.0008972749928943813,25.496538162231445,0.002820631256327033,0.08143585920333862
429331,6088,2,4100,-1,1,22.730384826660156,0.31930068135261536,21.387317657470703,0.25221842527389526,21.151470184326172,19.764780044555664,0.39579102396965027,19.03541374206543,20.588903427124023,0.22378085553646088,17.052499771118164,17.905914306640625,18.571998596191406,0.2833070158958435,21.999805450439453,0.40601691603660583,0.621201753616333,4100,4132,0.42597681283950806,0,0,0.005332876928150654,0.007671019062399864,23.033674240112305,0.004973162896931171,0.3706229627132416,0.007265546824783087,0.27514827251434326,21.30599021911621,0.007402882911264896,0.3194829225540161,0.01055654976516962,0.01971287652850151,20.38679313659668,0.009147884324193,0.4492833614349365,0.012487020343542099,0.339924693107605,19.406404495239258,0.01146461721509695,0.385957270860672,0.008731917478144169,0.016196031123399734,21.201250076293945,0.007583592552691698,0.24537304043769836,0.013893135823309422,0.006309857126325369,18.22180938720703,0.01505979709327221,0.3330346345901489,24.274200439453125,0.003737489925697446,0.27745604515075684,22.468399047851562,0.005664478987455368,24.633113861083984,0.003441030625253916,0.3273852467536926,22.517662048339844,0.005600590258836746,0.2528156638145447,22.506446838378906,0.005615070927888155,0.2988947033882141,20.880279541015625,0.008165299892425537,0.3245644271373749,21.740787506103516,0.006697635632008314,20.76181411743164,0.008391095325350761,0.3812907934188843,19.88948631286621,0.01025773398578167,0.28314027190208435,19.65894889831543,0.010816959664225578,0.3367442786693573,22.477115631103516,0.005653123836964369,0.13882401585578918,29.73285675048828,0.0010634437203407288,21.965953826904297,0.006359228864312172,0.16255003213882446
429471,6088,2,4240,-1,1,24.544818878173828,0.14244340360164642,20.73875617980957,0.14638863503932953,26.47183609008789,21.460281372070312,0.19948601722717285,19.289939880371094,22.43687629699707,0.12132598459720612,17.86912727355957,17.923885345458984,19.44039535522461,0.1311843991279602,100.0,0.3416975140571594,0.42841586470603943,4240,4272,0.3749642074108124,0,0,0.0035117052029818296,0.0022532858420163393,24.311756134033203,0.003705308074131608,0.16342493891716003,0.008435763418674469,0.1487632393836975,20.28524398803711,0.00936430785804987,0.16885797679424286,0.007144504226744175,0.01633380353450775,22.41787338256836,0.005730765871703625,0.21611592173576355,0.011776222847402096,0.18359996378421783,19.503273010253906,0.011211729608476162,0.19697295129299164,0.005705744493752718,0.016129154711961746,23.86989402770996,0.004102143459022045,0.12312594801187515,0.011375236324965954,0.0,18.81891632080078,0.013125273399055004,0.15255707502365112,26.90509033203125,0.0020393463782966137,0.10588573664426804,37.03495788574219,0.00019792660896200687,26.340179443359375,0.0023226416669785976,0.12474904209375381,21.397422790527344,0.007248662877827883,0.12250523269176483,20.79050064086914,0.008335852064192295,0.14130541682243347,23.753244400024414,0.004213816486299038,0.13338884711265564,30.401691436767578,0.0009116559522226453,23.258886337280273,0.004721841774880886,0.1561245322227478,20.190269470214844,0.009571344591677189,0.13877950608730316,19.62473487854004,0.010902512818574905,0.16322532296180725,25.590288162231445,0.002760395174846053,0.07279561460018158,30.494842529296875,0.0008923098794184625,25.160144805908203,0.003047793172299862,0.08463213592767715
432829,6089,3,2777,-1,3,27.602554321289062,0.09980884939432144,25.827341079711914,0.10699348896741867,28.141019821166992,23.75893783569336,0.1437118947505951,22.851266860961914,24.492774963378906,0.08934801816940308,18.020313262939453,18.03080940246582,24.633495330810547,0.0907190814614296,100.0,0.1867038905620575,0.5730651021003723,2777,2809,0.38650912046432495,0,0,0.001736778998747468,0.0015342566184699535,27.525333404541016,0.0017679365118965507,0.11412382870912552,0.002613761695101857,0.09153392165899277,25.513303756713867,0.0028097624890506268,0.10428313910961151,0.004208296537399292,0.01577497459948063,26.146068572998047,0.002428807318210602,0.15011176466941833,0.005186486057937145,0.129280686378479,24.489452362060547,0.003556762123480439,0.13483630120754242,0.0035540438257157803,0.015736892819404602,27.74753189086914,0.0016797594726085663,0.08846764266490936,0.0034407286439090967,0.0,24.01201629638672,0.003970071207731962,0.10532338172197342,30.30320930480957,0.000932565308175981,0.08109944313764572,36.991416931152344,0.00019992116722278297,29.807674407958984,0.0010452797869220376,0.09444515407085419,27.22426986694336,0.0018948426004499197,0.07622586935758591,26.641016006469727,0.0021671976428478956,0.08861967921257019,27.169172286987305,0.0019190344028174877,0.10258743166923523,29.090444564819336,0.0012329790042713284,26.936647415161133,0.002024581655859947,0.11986678093671799,25.297840118408203,0.002952678594738245,0.09539608657360077,24.9117374420166,0.003227202920243144,0.1113196387887001,29.025423049926758,0.0012515775160863996,0.05209539830684662,29.4249324798584,0.00114158121868968,28.96709442138672,0.00126850011292845,0.060467541217803955
441447,6091,5,1327,-1,2,20.662506103515625,0.18650755286216736,17.953813552856445,0.23244963586330414,25.967111587524414,18.80307388305664,0.2153742015361786,16.91768455505371,21.77253532409668,0.10404396057128906,18.041749954223633,18.07274627685547,17.03687858581543,0.17751966416835785,100.0,0.3677440881729126,0.6320961713790894,1327,1359,0.3949483036994934,0,0,0.008585180155932903,0.002530981320887804,20.215185165405273,0.009516594931483269,0.2042965143918991,0.016018377617001534,0.19531933963298798,17.410123825073242,0.01815463975071907,0.21531741321086884,0.013173243962228298,0.015697306022047997,18.93301773071289,0.012784925289452076,0.22590938210487366,0.020334413275122643,0.2221827507019043,16.758432388305664,0.02109389565885067,0.23489652574062347,0.0066488515585660934,0.015585669316351414,22.778635025024414,0.005273956805467606,0.09760429710149765,0.019783910363912582,0.0,16.4153995513916,0.022827589884400368,0.1975824534893036,21.323225021362305,0.0073735653422772884,0.16427651047706604,35.64673614501953,0.0002724749792832881,20.72319793701172,0.008466040715575218,0.18269793689250946,18.273334503173828,0.014882178977131844,0.1851574182510376,17.658899307250977,0.017143921926617622,0.20732727646827698,19.930299758911133,0.010161788202822208,0.17908799648284912,31.086746215820312,0.0007786199566908181,19.353416442871094,0.011605351231992245,0.19873157143592834,17.545583724975586,0.017597120255231857,0.18931469321250916,16.94626808166504,0.02020101435482502,0.21138131618499756,24.57493782043457,0.0034874367993324995,0.06264504790306091,31.284038543701172,0.0007440401241183281,24.07879066467285,0.003909497521817684,0.07049216330051422
443718,6091,5,3694,-1,1,22.786577224731445,0.17938491702079773,18.989582061767578,0.2895532548427582,25.18528175354004,20.560190200805664,0.2320307046175003,17.84091567993164,22.428380966186523,0.11397990584373474,17.629661560058594,17.40232276916504,18.279796600341797,0.3260502815246582,100.0,0.43325328826904297,0.668323278427124,3694,3726,0.39873918890953064,0,0,0.005264320410788059,0.0030302023515105247,22.511898040771484,0.005608031991869211,0.20274996757507324,0.012619487941265106,0.3277982771396637,18.4516544342041,0.014283500611782074,0.3751206398010254,0.008789842948317528,0.01725972630083561,21.257047653198242,0.007486783899366856,0.2542005181312561,0.016440249979496002,0.35685741901397705,17.91633415222168,0.016157224774360657,0.39565619826316833,0.005716915242373943,0.018187277019023895,24.203996658325195,0.0037983981892466545,0.1126936748623848,0.014860058203339577,0.0,17.65831756591797,0.017146222293376923,0.3766978979110718,24.210193634033203,0.00379298091866076,0.1682499647140503,34.37432098388672,0.00036523115704767406,23.644832611083984,0.004320327192544937,0.1946118175983429,19.65573501586914,0.010824962519109249,0.3175335228443146,19.0419864654541,0.012468133121728897,0.36699962615966797,22.229650497436523,0.005984598770737648,0.18892844021320343,28.955610275268555,0.0012718590442091227,21.733009338378906,0.006709635723382235,0.21888013184070587,18.803821563720703,0.013170978054404259,0.33144986629486084,18.23880958557129,0.015000960789620876,0.38147327303886414,25.73014259338379,0.0026729193050414324,0.06351788341999054,28.768699645996094,0.0013277926482260227,25.40628433227539,0.002879861742258072,0.0709652304649353
447296,6092,2,2355,-1,1,28.709840774536133,0.09325573593378067,25.25794792175293,0.11686605215072632,25.563085556030273,23.7250919342041,0.1292591392993927,22.528915405273438,24.086803436279297,0.09121382236480713,16.8759765625,17.001930236816406,24.611072540283203,0.14035727083683014,100.0,0.31136077642440796,0.37533968687057495,2355,2387,0.38601964712142944,0,0,0.001345910131931305,0.002777739427983761,29.486047744750977,0.0011256287107244134,0.10689810663461685,0.0029799239709973335,0.15024664998054504,25.262523651123047,0.002976786345243454,0.17542564868927002,0.004241218790411949,0.020530637353658676,27.60662078857422,0.001735154539346695,0.13652747869491577,0.005586099345237017,0.16932252049446106,24.544973373413086,0.003511579940095544,0.18661180138587952,0.0039022902492433786,0.019943762570619583,28.43338394165039,0.0014343713410198689,0.08885720372200012,0.0034585408866405487,0.0,23.989591598510742,0.003990624099969864,0.16599935293197632,32.49700164794922,0.0005627298960462213,0.061763398349285126,34.33089065551758,0.0003689021978061646,32.27275466918945,0.0005925495643168688,0.07376984506845474,26.492286682128906,0.0022427011281251907,0.12603473663330078,25.953330993652344,0.0025390253867954016,0.15214955806732178,28.316829681396484,0.0014733878197148442,0.08044587075710297,26.94673728942871,0.002019883133471012,28.572004318237305,0.0013893115101382136,0.0957619920372963,25.005922317504883,0.003157968632876873,0.1375361680984497,24.777231216430664,0.003328717080876231,0.16650882363319397,29.324687957763672,0.0011682381154969335,0.04673340544104576,27.2703914642334,0.0018748254515230656,29.748857498168945,0.0010595323983579874,0.05558745190501213
451518,6093,3,1671,-1,3,23.07500648498535,0.14651255309581757,19.826492309570312,0.12341604381799698,27.301389694213867,20.90395164489746,0.18719099462032318,18.585006713867188,22.95046615600586,0.09111811220645905,18.20008087158203,18.187028884887695,18.9296932220459,0.1411130428314209,36.48650360107422,0.22458143532276154,0.5495380759239197,1671,1703,0.22938652336597443,0,0,0.00492605846375227,0.0018614913569763303,22.678049087524414,0.005397530738264322,0.16971279680728912,0.010407604277133942,0.14666110277175903,19.364055633544922,0.011576958931982517,0.16673457622528076,0.00812091026455164,0.015135330148041248,21.523181915283203,0.00704176863655448,0.20493850111961365,0.013851577416062355,0.1785605549812317,18.647478103637695,0.013653757981956005,0.1957806497812271,0.005069366190582514,0.015180887654423714,24.542293548583984,0.0035137480590492487,0.09050873667001724,0.012794720008969307,0.00022456909937318414,18.318387985229492,0.014728590846061707,0.1646873652935028,24.2029972076416,0.0037992706056684256,0.12704572081565857,38.41183090209961,0.00014415082114282995,23.603544235229492,0.004361596889793873,0.151992067694664,19.997251510620117,0.01000632718205452,0.12700721621513367,19.38998794555664,0.011508041061460972,0.14824031293392181,22.766380310058594,0.0052888598293066025,0.15482662618160248,32.16706085205078,0.0006071471143513918,22.211891174316406,0.00600912282243371,0.18307620286941528,19.289915084838867,0.011776288971304893,0.14855171740055084,18.701021194458008,0.01348645705729723,0.17376041412353516,27.11707305908203,0.0019421938341110945,0.04625091701745987,33.01240158081055,0.0004997581709176302,26.647212982177734,0.0021641068160533905,0.05594976246356964
454594,6094,4,78,-1,2,24.332372665405273,0.1864928901195526,17.850013732910156,0.21399477124214172,25.759140014648438,22.176082611083984,0.21286694705486298,17.185270309448242,25.095783233642578,0.07950203120708466,17.788217544555664,17.87859344482422,17.645240783691406,0.18887919187545776,100.0,0.37986862659454346,0.5633388757705688,78,110,0.4496130049228668,0,0,0.003687760094180703,0.0026551310438662767,24.149200439453125,0.0038466257974505424,0.21890059113502502,0.016405850648880005,0.19654247164726257,17.319499969482422,0.018537448719143867,0.2334907352924347,0.006058871746063232,0.016640949994325638,23.535120010375977,0.004430859815329313,0.2374529093503952,0.019119342789053917,0.2184954583644867,17.126243591308594,0.019380979239940643,0.25195565819740295,0.003093298291787505,0.016298238188028336,29.739696502685547,0.001061769318766892,0.07884036004543304,0.01719791814684868,0.0,17.023761749267578,0.019843751564621925,0.233189657330513,25.021549224853516,0.003146625589579344,0.16630961000919342,35.92379379272461,0.00025563532835803926,24.447372436523438,0.0035913933534175158,0.2008403241634369,17.887662887573242,0.016264239326119423,0.1789810061454773,17.271554946899414,0.018743237480521202,0.22034387290477753,24.350175857543945,0.0036726761609315872,0.17716169357299805,30.712297439575195,0.000848731433507055,23.86461639404297,0.004107129294425249,0.21250750124454498,17.746883392333984,0.01680009253323078,0.19048160314559937,17.15034294128418,0.019273726269602776,0.23465795814990997,30.846099853515625,0.000822981761302799,0.04507622867822647,31.745147705078125,0.0006690910086035728,30.722923278808594,0.0008466572617180645,0.055377110838890076
454878,6094,4,362,-1,2,22.699186325073242,0.18691274523735046,19.323484420776367,0.25337743759155273,24.923608779907227,21.10704231262207,0.21453043818473816,18.435752868652344,24.691160202026367,0.07510583102703094,17.51373863220215,17.559234619140625,18.86700439453125,0.2249978482723236,100.0,0.43868008255958557,0.5775904655456543,362,394,0.41126322746276855,0,0,0.005371323321014643,0.0032183933071792126,22.439315795898438,0.00570254260674119,0.2171611487865448,0.011685614474117756,0.24463528394699097,18.827510833740234,0.013099324889481068,0.28365111351013184,0.007749895099550486,0.017726633697748184,22.065580368041992,0.006215012166649103,0.2427753508090973,0.014335895888507366,0.2601203918457031,18.592594146728516,0.013827402144670486,0.2931811511516571,0.0033953464590013027,0.017541905865073204,29.140132904052734,0.0012189524713903666,0.07487666606903076,0.012980741448700428,0.0,18.245527267456055,0.014977778308093548,0.2650703191757202,23.16377830505371,0.004826385993510485,0.17868979275226593,35.31351852416992,0.0002942036371678114,22.577741622924805,0.00552364531904459,0.21337991952896118,19.326480865478516,0.011677554808557034,0.22199368476867676,18.71518898010254,0.013442534022033215,0.2632905840873718,22.618715286254883,0.005471778102219105,0.19522789120674133,29.065547943115234,0.0012400675332173705,22.130491256713867,0.006122809834778309,0.23229143023490906,19.076339721679688,0.012369897216558456,0.2341717630624771,18.507539749145508,0.014100871980190277,0.27594760060310364,30.31232452392578,0.0009306099964305758,0.04586908221244812,29.884113311767578,0.0010270429775118828,30.382118225097656,0.000915774202439934,0.05472547933459282
456101,6094,4,1585,-1,1,27.159095764160156,0.09621056914329529,23.447704315185547,0.12629015743732452,27.433645248413086,23.508089065551758,0.14052711427211761,21.48613166809082,24.729082107543945,0.07799464464187622,17.597301483154297,17.58914566040039,22.780967712402344,0.22343051433563232,100.0,0.3175700604915619,0.3976765275001526,1585,1617,0.38086655735969543,0,0,0.001923493342474103,0.0018056585686281323,27.11835479736328,0.001941621652804315,0.11206503212451935,0.004520950373262167,0.22882726788520813,23.089702606201172,0.004909416660666466,0.26505348086357117,0.004458526149392128,0.017388811334967613,26.07434844970703,0.002469251397997141,0.151663675904274,0.00710209971293807,0.2447194755077362,22.55643653869629,0.005550808738917112,0.27281349897384644,0.003365826793015003,0.017421502619981766,29.195844650268555,0.0012034149840474129,0.07811387628316879,0.0052711255848407745,0.0,22.159488677978516,0.006082067731767893,0.2650783360004425,28.65171241760254,0.0013640449615195394,0.08336395770311356,35.987884521484375,0.0002518903638701886,28.138505935668945,0.0015351456822827458,0.09978054463863373,23.867351531982422,0.004104543011635542,0.20746418833732605,23.266254425048828,0.00471383985131979,0.24844378232955933,26.88930320739746,0.002046773908659816,0.09587912261486053,28.572162628173828,0.001389260170981288,26.679800033569336,0.002147930208593607,0.11480426043272018,23.097457885742188,0.004900655709207058,0.21619769930839539,22.61924934387207,0.005471107549965382,0.25598597526550293,30.427154541015625,0.0009063265169970691,0.03652779757976532,29.476551055908203,0.0011280932230874896,30.59379768371582,0.0008722085622139275,0.04560421407222748
461979,6095,5,2344,-1,0,25.662660598754883,0.27213549613952637,22.899532318115234,0.2367267608642578,24.402742385864258,22.75018882751465,0.3183118402957916,21.09005355834961,24.945293426513672,0.09230931848287582,17.662769317626953,17.796751022338867,22.28848648071289,0.31013327836990356,100.0,0.36916375160217285,0.6412513852119446,2344,2376,0.47749200463294983,0,0,0.002714776434004307,0.0036284890957176685,25.893569946289062,0.0025742053985595703,0.31557217240333557,0.005129166878759861,0.2994275689125061,22.53839683532715,0.00557391531765461,0.34654903411865234,0.005308613181114197,0.01712864637374878,24.571563720703125,0.003490146715193987,0.36216142773628235,0.007780269253998995,0.3232918381690979,21.91402816772461,0.006435717921704054,0.3630980849266052,0.003202364081516862,0.016608290374279022,29.43128204345703,0.0011399139184504747,0.09425641596317291,0.005904069636017084,0.0,21.667007446289062,0.00681238854303956,0.36635738611221313,26.531131744384766,0.0022227317094802856,0.24220632016658783,32.027374267578125,0.0006269928999245167,26.076143264770508,0.0024682299699634314,0.28683584928512573,23.00229835510254,0.005009219981729984,0.2820131778717041,22.40753173828125,0.005744428839534521,0.33264827728271484,25.26184844970703,0.002977249911054969,0.2685539722442627,27.698871612548828,0.0016986855771392584,24.98399543762207,0.0031739522237330675,0.31798747181892395,22.393409729003906,0.005763135850429535,0.29208770394325256,21.90608787536621,0.006447498686611652,0.3435375392436981,30.524356842041016,0.0008862667600624263,0.05290289223194122,29.220256805419922,0.0011966703459620476,30.76490592956543,0.000838512263726443,0.06226444989442825
463435,6095,5,3896,-1,0,21.63395118713379,0.1386239230632782,14.144606590270996,0.21075491607189178,26.588544845581055,19.54336166381836,0.17047348618507385,13.672369956970215,21.585474014282227,0.0971703752875328,18.288108825683594,18.137548446655273,13.649054527282715,0.3557072877883911,31.597248077392578,0.543615460395813,0.3876911699771881,3896,3928,0.4587947726249695,0,0,0.006864436436444521,0.0021935398690402508,21.201570510864258,0.007583036553114653,0.15573650598526,0.038506973534822464,0.3463909924030304,13.560049057006836,0.04405497759580612,0.3930494785308838,0.01110871508717537,0.014831634238362312,19.77326011657715,0.010535959154367447,0.17942790687084198,0.042930204421281815,0.37429237365722656,13.263168334960938,0.047171883285045624,0.41282302141189575,0.006941487081348896,0.015354838222265244,22.481725692749023,0.0056471265852451324,0.09367071092128754,0.0431612953543663,0.0006922698812559247,13.036872863769531,0.04969499260187149,0.40655896067619324,23.06028175354004,0.004942785948514938,0.11616158485412598,36.88533020019531,0.00020486475841607898,22.462871551513672,0.005671696737408638,0.1338573694229126,14.418950080871582,0.03614973649382591,0.3433874845504761,13.809857368469238,0.04159242659807205,0.39299827814102173,21.01318359375,0.007919208146631718,0.12847748398780823,30.09410858154297,0.0009785640286281705,20.463851928710938,0.008986999280750751,0.1468258947134018,14.007966995239258,0.0397377647459507,0.35205814242362976,13.408726692199707,0.04561707004904747,0.40196526050567627,24.321460723876953,0.00369703839533031,0.050703730434179306,30.527385711669922,0.0008856483036652207,23.84096336364746,0.004129560198634863,0.05790470540523529
466320,6096,2,1871,-1,3,28.470022201538086,0.09250636398792267,25.96479034423828,0.13446833193302155,25.960182189941406,24.343677520751953,0.15197798609733582,23.224571228027344,25.00522804260254,0.09496937692165375,17.933521270751953,18.008752822875977,25.47036361694336,0.13091082870960236,100.0,0.30325767397880554,0.44341278076171875,1871,1903,0.37905576825141907,0,0,0.0014223213074728847,0.002535022795200348,29.026954650878906,0.0012511364184319973,0.1085079163312912,0.002532334765419364,0.13789302110671997,25.981523513793945,0.0025225956924259663,0.1660599708557129,0.0036781756207346916,0.01609339937567711,27.524831771850586,0.0017681411700323224,0.1673276275396347,0.004759298637509346,0.16972148418426514,25.21275520324707,0.0030110946390777826,0.18775704503059387,0.00315847247838974,0.015817023813724518,29.168548583984375,0.0012110034003853798,0.10007177293300629,0.0028376809787005186,0.0,24.84888458251953,0.003274247283115983,0.15557198226451874,31.25260353088379,0.0007494447054341435,0.07517211139202118,35.8859748840332,0.00025787102640606463,30.835084915161133,0.0008250715327449143,0.09267271310091019,27.244625091552734,0.001885981298983097,0.11764675378799438,26.71634292602539,0.0021299333311617374,0.14440341293811798,28.57843780517578,0.0013872544514015317,0.1017778068780899,29.990154266357422,0.0010022696806117892,28.396869659423828,0.0014464828418567777,0.12465950101613998,25.919910430908203,0.0025586404372006655,0.13198138773441315,25.522010803222656,0.0028041352052241564,0.15809306502342224,30.33983612060547,0.0009247331763617694,0.04731373488903046,29.699817657470703,0.0010715648531913757,30.44724464416504,0.0009021436562761664,0.05773179233074188
467293,6096,2,2876,-1,0,22.300369262695312,0.2377336025238037,19.752439498901367,0.24526789784431458,25.351551055908203,20.559661865234375,0.2698206901550293,18.668596267700195,23.871379852294922,0.087887242436409,18.015539169311523,18.031503677368164,19.166126251220703,0.3831733465194702,100.0,0.38899922370910645,0.6305099725723267,2876,2908,0.43913018703460693,0,0,0.005887937732040882,0.0029163858853280544,21.975614547729492,0.0063450997695326805,0.2750856876373291,0.010586588643491268,0.3705146014690399,19.25140380859375,0.01188118290156126,0.43096572160720825,0.008790913037955761,0.015792327001690865,21.127334594726562,0.007713772356510162,0.30392932891845703,0.0135875279083848,0.39395853877067566,18.780292510986328,0.01324252225458622,0.4492012858390808,0.004100739490240812,0.015734385699033737,26.362098693847656,0.0023109479807317257,0.08450741320848465,0.012116783298552036,0.0,18.544647216796875,0.013980903662741184,0.4494210481643677,23.00555419921875,0.005005466286092997,0.21621297299861908,34.449275970458984,0.000358981778845191,22.425806045532227,0.005720309913158417,0.2584591805934906,20.09599494934082,0.009781389497220516,0.3603406548500061,19.4835262298584,0.011262830346822739,0.42539075016975403,22.013185501098633,0.006290446501225233,0.2343168556690216,29.830917358398438,0.0010397005826234818,21.48848533630371,0.007098253816366196,0.2775472104549408,19.553918838500977,0.01108174491673708,0.37957584857940674,18.97372055053711,0.012665663845837116,0.4449547231197357,28.311140060424805,0.001475319266319275,0.04607560485601425,30.934417724609375,0.0008064142311923206,28.01830291748047,0.0015782277332618833,0.053766824305057526
467853,6096,2,3468,-1,2,23.09552001953125,0.18916064500808716,19.31258773803711,0.21616116166114807,25.311185836791992,20.836132049560547,0.23010611534118652,18.07886505126953,23.07427215576172,0.09514985233545303,17.838905334472656,18.14723014831543,18.37236213684082,0.17898426949977875,100.0,0.36767637729644775,0.5879114866256714,3468,3500,0.42851394414901733,0,0,0.004902845248579979,0.0029436172917485237,22.836406707763672,0.005204264540225267,0.22553688287734985,0.011714973486959934,0.19959133863449097,18.751216888427734,0.013331481255590916,0.23126953840255737,0.008248724043369293,0.016447866335511208,21.556896209716797,0.006987317465245724,0.2637835144996643,0.015563725493848324,0.22119730710983276,18.067901611328125,0.015603063628077507,0.24855364859104156,0.004926889203488827,0.015320646576583385,24.778364181518555,0.0033278493210673332,0.09234805405139923,0.014546681195497513,0.0,17.750883102416992,0.016784630715847015,0.21407531201839447,24.0943546295166,0.003895512782037258,0.1706642508506775,34.255584716796875,0.0003753543132916093,23.529033660888672,0.004437075927853584,0.207497239112854,19.281644821166992,0.011798742227256298,0.18352438509464264,18.66823387145996,0.013588658533990383,0.22015362977981567,22.75823974609375,0.005298782605677843,0.18768826127052307,29.683807373046875,0.0010755222756415606,22.25591468811035,0.005948514211922884,0.22648347914218903,18.740938186645508,0.013363068923354149,0.19340170919895172,18.15772819519043,0.015283656306564808,0.23236481845378876,27.171422958374023,0.0019180409144610167,0.05294171720743179,30.854509353637695,0.000821389548946172,26.80528450012207,0.002086756518110633,0.06195908039808273
469343,6096,2,4990,-1,4,25.843067169189453,0.20349004864692688,22.392696380615234,0.22672191262245178,25.226909637451172,23.06103515625,0.25907662510871887,20.894357681274414,24.888137817382812,0.10149752348661423,17.936410903930664,18.103252410888672,21.791339874267578,0.29374656081199646,100.0,0.35600587725639343,0.6368488073348999,4990,5022,0.4250280559062958,0,0,0.0026043145917356014,0.003001297125592828,25.946125030517578,0.0025432403199374676,0.23844166100025177,0.00576408626511693,0.30047309398651123,22.036968231201172,0.0062560951337218285,0.35381704568862915,0.004941930063068867,0.016082702204585075,24.91071319580078,0.003227965207770467,0.2947521209716797,0.008138871751725674,0.32379788160324097,21.525039672851562,0.00703875906765461,0.3694515824317932,0.0032447860576212406,0.015476572327315807,28.655128479003906,0.0013629728928208351,0.10463188588619232,0.006620126310735941,0.0,21.169857025146484,0.007638607639819384,0.3505859076976776,26.840993881225586,0.002069667913019657,0.18817004561424255,34.46969985961914,0.00035729751107282937,26.320648193359375,0.0023331097327172756,0.22488100826740265,22.60558319091797,0.005488350056111813,0.2901954650878906,22.00702667236328,0.006299374625086784,0.34775078296661377,25.763553619384766,0.0026524332351982594,0.20845496654510498,30.605770111083984,0.0008698076708242297,25.33624267578125,0.0029266835190355778,0.24883757531642914,22.065488815307617,0.006215142086148262,0.2966999113559723,21.503623962402344,0.007073551882058382,0.3547379970550537,30.698333740234375,0.0008514650980941951,0.05218776315450668,31.888721466064453,0.0006473332759924233,30.541030883789062,0.00088286999380216,0.06392674893140793
469956,6097,3,537,-1,1,25.78603744506836,0.11305037140846252,23.485004425048828,0.13367266952991486,27.481517791748047,22.601993560791016,0.17686541378498077,21.314870834350586,23.622604370117188,0.10638368874788284,18.024293899536133,18.068204879760742,22.55817222595215,0.11559529602527618,100.0,0.2144409865140915,0.6233540773391724,537,569,0.31819695234298706,0,0,0.002638739300891757,0.001785863540135324,25.575279235839844,0.0027699507772922516,0.12997344136238098,0.004482286050915718,0.11394508183002472,23.035737991333008,0.00497079873457551,0.13005028665065765,0.005492887459695339,0.015760522335767746,24.074623107910156,0.003913251217454672,0.18949764966964722,0.007387763820588589,0.16069114208221436,22.137245178222656,0.006113297771662474,0.1695479154586792,0.004342498257756233,0.015601971186697483,25.833141326904297,0.0026102715637534857,0.10574830323457718,0.0055485921911895275,0.0,21.93669319152832,0.006402221508324146,0.13632379472255707,27.975379943847656,0.0015939035220071673,0.09236444532871246,37.9976692199707,0.00015857446123845875,27.411897659301758,0.0018147232476621866,0.10794545710086823,24.521635055541992,0.003530503949150443,0.10360576957464218,23.915950775146484,0.004058868158608675,0.1200326532125473,25.51388168334961,0.0028093887958675623,0.12582923471927643,32.08517837524414,0.0006187031976878643,25.02183723449707,0.0031464174389839172,0.14727453887462616,23.214401245117188,0.004770456347614527,0.12348350882530212,22.655941009521484,0.005425076931715012,0.14272060990333557,27.90777015686035,0.0016189106972888112,0.05591985583305359,32.672279357910156,0.0005404707044363022,27.484046936035156,0.0017848244169726968,0.06477724015712738
470351,6097,3,964,-1,2,25.954294204711914,0.09196951985359192,19.998014450073242,0.13810770213603973,28.661296844482422,22.46670150756836,0.1428474336862564,18.890405654907227,23.733932495117188,0.09312921017408371,18.16515350341797,18.169633865356445,19.156953811645508,0.15553617477416992,100.0,0.3259005844593048,0.4237724840641022,964,996,0.31724637746810913,0,0,0.002538461936637759,0.0013610386522486806,25.654943466186523,0.0027196041774004698,0.10473860055208206,0.010004575364291668,0.1610918939113617,19.55862045288086,0.011069757863879204,0.17541161179542542,0.0056666964665055275,0.015257548540830612,23.776636123657227,0.004191180691123009,0.14814025163650513,0.012910989113152027,0.18502464890480042,19.01731300354004,0.012539166957139969,0.1955319046974182,0.0042325956746935844,0.015241816639900208,25.953596115112305,0.002538869855925441,0.09070584923028946,0.012142402119934559,0.0,18.535476684570312,0.01401046384125948,0.17223912477493286,27.694080352783203,0.0017005607951432467,0.06984534859657288,35.74847412109375,0.0002661661710590124,27.16419219970703,0.0019212368642911315,0.08147087693214417,20.258132934570312,0.00942294578999281,0.14176808297634125,19.64775276184082,0.010844879783689976,0.15682676434516907,25.175905227661133,0.0030367535073310137,0.09582336992025375,31.15119743347168,0.0007671499624848366,24.703227996826172,0.0033859233371913433,0.11071973294019699,19.61233901977539,0.01093367300927639,0.15745212137699127,19.026620864868164,0.01251231785863638,0.1734638810157776,28.028255462646484,0.001574616297148168,0.04897607862949371,31.55031967163086,0.0006997909513302147,27.672060012817383,0.0017092048656195402,0.05605471879243851
472252,6097,3,2993,-1,2,18.823253631591797,0.23894324898719788,16.960540771484375,0.24390684068202972,25.32660484313965,17.75267791748047,0.27192264795303345,16.2029972076416,23.062536239624023,0.07928717136383057,17.933727264404297,18.068883895874023,16.345928192138672,0.3309440612792969,100.0,0.38416215777397156,0.6349059343338013,2993,3025,0.28000807762145996,0,0,0.013112174347043037,0.0029331862460821867,18.333280563354492,0.014678171835839748,0.256748229265213,0.02013474330306053,0.3296254575252533,16.400745391845703,0.022904744371771812,0.3676520586013794,0.01677769608795643,0.016092639416456223,17.725482940673828,0.016883090138435364,0.2903658449649811,0.023971782997250557,0.3477957248687744,15.984472274780273,0.025208840146660805,0.3814823031425476,0.00494022062048316,0.015599533915519714,24.81443214416504,0.0033003264106810093,0.07561464607715607,0.02319568209350109,0.0,15.724449157714844,0.026764249429106712,0.3771345615386963,18.949907302856445,0.012735309079289436,0.22244489192962646,35.46538543701172,0.00028409386868588626,18.34136199951172,0.014650879427790642,0.24659200012683868,17.030818939208984,0.019811531528830528,0.3160057067871094,16.41443634033203,0.022832660004496574,0.359335333108902,18.406539916992188,0.014432652853429317,0.2390832006931305,31.58677864074707,0.0006939406739547849,17.812990188598633,0.016546301543712616,0.2652965486049652,16.64542007446289,0.021650012582540512,0.3212892413139343,16.04037857055664,0.024886416271328926,0.3669734001159668,26.880990982055664,0.0020506950095295906,0.04338083043694496,32.21327590942383,0.0006007205811329186,26.432540893554688,0.002273768186569214,0.04952724277973175
476018,6098,4,1920,-1,0,20.257400512695312,0.2310963273048401,17.933395385742188,0.28493770956993103,23.64335823059082,18.84431266784668,0.27108052372932434,16.98706817626953,23.95327377319336,0.06477881222963333,17.362506866455078,17.521512985229492,17.13443946838379,0.3476768136024475,100.0,0.4927401542663574,0.578271746635437,1920,1952,0.42059245705604553,0,0,0.009424533694982529,0.0043217954225838184,19.90992546081543,0.010209571570158005,0.2607904374599457,0.016093866899609566,0.35207289457321167,17.430526733398438,0.018069550395011902,0.40688788890838623,0.013048748485744,0.018354790285229683,19.12487030029297,0.012232435867190361,0.2986958622932434,0.020012125372886658,0.37427616119384766,16.92768669128418,0.02028762921690941,0.42171433568000793,0.004024137277156115,0.017694927752017975,27.16486358642578,0.0019209389574825764,0.059977855533361435,0.019344443455338478,0.0,16.51296043395996,0.02232050895690918,0.4027618169784546,20.198074340820312,0.009554161690175533,0.21567115187644958,32.33982467651367,0.0005834688781760633,19.612102508544922,0.010934269055724144,0.24829426407814026,17.901742935180664,0.016211597248911858,0.3434120714664459,17.296796798706055,0.01863461174070835,0.40258532762527466,19.615890502929688,0.010924739763140678,0.23364198207855225,27.65707015991211,0.0017151139909401536,19.08628273010254,0.012341604568064213,0.2639831304550171,17.474239349365234,0.017888594418764114,0.3474445044994354,16.892961502075195,0.020450495183467865,0.4026199281215668,28.303016662597656,0.0014780808705836535,0.03957890719175339,28.93583106994629,0.001277664676308632,28.213356018066406,0.00150891428347677,0.04540026932954788
477627,6098,4,3561,-1,0,26.347761154174805,0.118641197681427,22.82818603515625,0.15376965701580048,26.557491302490234,23.41627311706543,0.1678374707698822,21.315776824951172,25.53862762451172,0.07493386417627335,18.024747848510742,18.10423469543457,22.518943786621094,0.22131946682929993,100.0,0.3245391249656677,0.47380930185317993,3561,3593,0.3420295715332031,0,0,0.0023185897152870893,0.002209281548857689,26.316375732421875,0.0023354063741862774,0.14627674221992493,0.0052141244523227215,0.22283834218978882,22.426502227783203,0.005719390232115984,0.2616748809814453,0.004553786478936672,0.015758875757455826,25.482250213623047,0.0028299265541136265,0.19119979441165924,0.007386217825114727,0.24615973234176636,22.10284996032715,0.006161905359476805,0.2795122563838959,0.0027934254612773657,0.015473072417080402,30.743215560913086,0.0008427106658928096,0.07594215869903564,0.0055989352986216545,0.0,21.8974666595459,0.00646031042560935,0.26342156529426575,27.44828987121582,0.001799580524675548,0.1096583753824234,36.737525939941406,0.00021195673616603017,26.895551681518555,0.0020438302308321,0.13754674792289734,23.21865463256836,0.004765785299241543,0.22022411227226257,22.615888595581055,0.0054753427393734455,0.2638009786605835,26.3884334564209,0.002296978607773781,0.12959778308868408,30.424699783325195,0.0009068387444131076,26.001798629760742,0.0025108465924859047,0.1572343111038208,22.740467071533203,0.005320509430021048,0.22333179414272308,22.20027732849121,0.00602521188557148,0.2649519741535187,31.75152587890625,0.0006681091617792845,0.03957238048315048,31.135072708129883,0.000770003825891763,31.85464096069336,0.0006524330819956958,0.04724708944559097
478241,6098,4,4175,-1,2,23.601226806640625,0.2540332078933716,21.921630859375,0.22701449692249298,25.50504493713379,21.809186935424805,0.2868737280368805,20.59075164794922,25.479509353637695,0.06834038347005844,17.69392204284668,17.63581085205078,21.865524291992188,0.3351573348045349,100.0,0.3598010241985321,0.630944550037384,4175,4207,0.4046187698841095,0,0,0.004363924730569124,0.0028151115402579308,23.370342254638672,0.004602203611284494,0.30158531665802,0.006424464751034975,0.34297072887420654,21.64830780029297,0.006841783877462149,0.4075695276260376,0.006592973601073027,0.017006227746605873,23.018184661865234,0.004990934394299984,0.3326264023780823,0.008728205226361752,0.35409653186798096,21.360294342041016,0.0073108975775539875,0.4098811447620392,0.0028317123651504517,0.017235305160284042,32.10578536987305,0.0006157747120596468,0.06757204234600067,0.006508000660687685,0.0,21.24404525756836,0.007509231101721525,0.4049087166786194,24.304004669189453,0.0037119288463145494,0.23963803052902222,35.68796157836914,0.00026990065816789865,23.724834442138672,0.004241471644490957,0.28997862339019775,22.359621047973633,0.005808151327073574,0.3291587829589844,21.758007049560547,0.0066711269319057465,0.3981282114982605,23.775123596191406,0.004192641004920006,0.26011261343955994,29.3118839263916,0.0011716872686520219,23.318559646606445,0.004657403565943241,0.3148794174194336,21.9899845123291,0.006324143148958683,0.3348452150821686,21.457386016845703,0.007149268873035908,0.4045824110507965,32.66230010986328,0.0005417141946963966,0.036856550723314285,30.183250427246094,0.000958683027420193,33.20967483520508,0.0004775651905220002,0.04639991372823715
480440,6099,5,1294,-1,1,24.999608993530273,0.284222811460495,23.749588012695312,0.24884147942066193,24.018203735351562,22.421173095703125,0.329979807138443,21.72607421875,25.201332092285156,0.08851843327283859,17.6094970703125,17.802928924560547,23.107614517211914,0.2225642204284668,100.0,0.3508910834789276,0.7091701626777649,1294,1326,0.4185776114463806,0,0,0.003162562847137451,0.003964420408010483,25.172407150268555,0.003039199858903885,0.3303017318248749,0.004217366222292185,0.24784354865550995,23.334484100341797,0.0046403598971664906,0.29256153106689453,0.005726412869989872,0.017340049147605896,24.04537010192871,0.003939699847251177,0.36831343173980713,0.006720359902828932,0.27098822593688965,22.852752685546875,0.005184712819755077,0.30235418677330017,0.0030190260149538517,0.016584686934947968,30.305835723876953,0.0009320011595264077,0.08202250301837921,0.00488920696079731,0.0,22.486135482788086,0.005641392897814512,0.2702447772026062,26.721981048583984,0.002127168932929635,0.2502155005931854,32.27052307128906,0.0005928539321757853,26.264965057373047,0.002363217528909445,0.30006515979766846,23.617206573486328,0.004347899463027716,0.22308188676834106,23.016578674316406,0.0049927751533687115,0.2694318890571594,26.21761131286621,0.002389124594628811,0.2578362226486206,28.351926803588867,0.0014615289401262999,25.965652465820312,0.002531831618398428,0.30868005752563477,23.287717819213867,0.004690599627792835,0.22889596223831177,22.79039764404297,0.005259690806269646,0.2766944169998169,33.29030227661133,0.0004687808104790747,0.03672570362687111,30.386045455932617,0.0009149458492174745,33.977882385253906,0.0004001400084234774,0.04416032135486603
483053,6099,5,4067,-1,2,24.693256378173828,0.11249330639839172,19.433935165405273,0.18395842611789703,25.1505184173584,21.62466049194336,0.15286381542682648,18.22007942199707,23.43857192993164,0.10379122942686081,17.378215789794922,17.622474670410156,18.651966094970703,0.19655412435531616,100.0,0.38046032190322876,0.4835154116153717,4067,4099,0.42459002137184143,0,0,0.0033937084954231977,0.003054555505514145,24.626991271972656,0.0034458860754966736,0.12071292102336884,0.01139217521995306,0.20601023733615875,18.926944732666016,0.012802818790078163,0.2257189154624939,0.006879138760268688,0.018288513645529747,22.904035568237305,0.005123849958181381,0.15610043704509735,0.015065795741975307,0.2396019697189331,18.314912796020508,0.014740380458533764,0.252800315618515,0.004530464299023151,0.017288314178586006,25.904529571533203,0.002567718271166086,0.10149318724870682,0.013639654032886028,0.0,18.030488967895508,0.01573806256055832,0.22005978226661682,25.707406997680664,0.0026869482826441526,0.09376896917819977,34.62068176269531,0.0003450897929724306,25.16094207763672,0.0030472343787550926,0.1071527898311615,19.572662353515625,0.011034020222723484,0.18768423795700073,18.961158752441406,0.012702355161309242,0.2090044468641281,23.95115852355957,0.004026097245514393,0.10933776944875717,29.932863235473633,0.001015579211525619,23.478260040283203,0.004489253740757704,0.1245538666844368,18.976322174072266,0.012658077292144299,0.19701127707958221,18.393152236938477,0.014477204531431198,0.21886414289474487,27.65865707397461,0.0017144866287708282,0.05556221306324005,30.560768127441406,0.0008788670529611409,27.344646453857422,0.0018430433701723814,0.06296994537115097
