index,episode,map,start,action,tics_since_decision,psnr_dec,lpips_dec,copy_psnr_dec,latent_mse,hud_psnr_dec,psnr_raw,lpips_raw,copy_psnr_raw,vae_psnr,vae_lpips,hud_psnr_raw,hud_vae_psnr,persist_psnr_raw,persist_lpips_raw,persist_hud_psnr_raw,copy_latent_mse,latent_mse_ratio,start_tic,scored_tic,context_motion,dup_latent,dup_raw,mse_dec,hud_mse_dec,scene_psnr_dec,scene_mse_dec,scene_lpips_dec,copy_mse_dec,copy_lpips_dec,scene_copy_psnr_dec,scene_copy_mse_dec,scene_copy_lpips_dec,mse_raw,hud_mse_raw,scene_psnr_raw,scene_mse_raw,scene_lpips_raw,copy_mse_raw,copy_lpips_raw,scene_copy_psnr_raw,scene_copy_mse_raw,scene_copy_lpips_raw,vae_mse,hud_vae_mse,scene_vae_psnr,scene_vae_mse,scene_vae_lpips,persist_mse_raw,persist_hud_mse_raw,scene_persist_psnr_raw,scene_persist_mse_raw,scene_persist_lpips_raw,psnr_dec_tuned,mse_dec_tuned,lpips_dec_tuned,hud_psnr_dec_tuned,hud_mse_dec_tuned,scene_psnr_dec_tuned,scene_mse_dec_tuned,scene_lpips_dec_tuned,copy_psnr_dec_tuned,copy_mse_dec_tuned,copy_lpips_dec_tuned,scene_copy_psnr_dec_tuned,scene_copy_mse_dec_tuned,scene_copy_lpips_dec_tuned,psnr_raw_tuned,mse_raw_tuned,lpips_raw_tuned,hud_psnr_raw_tuned,hud_mse_raw_tuned,scene_psnr_raw_tuned,scene_mse_raw_tuned,scene_lpips_raw_tuned,copy_psnr_raw_tuned,copy_mse_raw_tuned,copy_lpips_raw_tuned,scene_copy_psnr_raw_tuned,scene_copy_mse_raw_tuned,scene_copy_lpips_raw_tuned,vae_psnr_tuned,vae_mse_tuned,vae_lpips_tuned,hud_vae_psnr_tuned,hud_vae_mse_tuned,scene_vae_psnr_tuned,scene_vae_mse_tuned,scene_vae_lpips_tuned
111,32,11,111,-1,3,26.255903244018555,0.15813668072223663,21.84654998779297,0.1787695586681366,24.31043243408203,23.098173141479492,0.1981358528137207,20.3848876953125,24.40284538269043,0.07784397900104523,17.63735580444336,17.890045166015625,21.06903076171875,0.26989975571632385,100.0,0.37832775712013245,0.47252562642097473,111,143,0.43497809767723083,0,0,0.0023681530728936195,0.003706439631059766,26.650915145874023,0.002162262797355652,0.17965857684612274,0.006536498200148344,0.27327534556388855,21.469268798828125,0.007129732519388199,0.3106158673763275,0.004899849649518728,0.01722918078303337,25.224403381347656,0.003003029152750969,0.21510867774486542,0.009151901118457317,0.3023298978805542,20.945653915405273,0.008043307811021805,0.3340679407119751,0.0036284024827182293,0.016255320981144905,27.73194122314453,0.0016857997979968786,0.07367139309644699,0.00781802088022232,0.0,20.447551727294922,0.009020794183015823,0.3143804669380188,28.199481964111328,0.0015137416776269674,0.14446823298931122,34.06581115722656,0.00039211998227983713,27.730655670166016,0.0016862987540662289,0.16844555735588074,22.179603576660156,0.006053962744772434,0.2604334354400635,21.576370239257812,0.006956053432077169,0.30423301458358765,26.40117645263672,0.0022902479395270348,0.1601966768503189,30.76556968688965,0.0008383843232877553,25.997018814086914,0.0025136114563792944,0.1846086084842682,21.53280258178711,0.00702618807554245,0.2729281187057495,20.959304809570312,0.008018064312636852,0.3185199499130249,29.746826171875,0.0010600282112136483,0.04088041931390762,32.35380172729492,0.0005815939512103796,29.455276489257812,0.0011336334282532334,0.04661896824836731
241,32,11,241,-1,1,23.58441162109375,0.24427466094493866,20.84770965576172,0.33617931604385376,23.588239669799805,21.652633666992188,0.2766741216182709,19.60219955444336,24.3015193939209,0.08116625249385834,17.7861328125,17.834856033325195,20.29674530029297,0.30858558416366577,100.0,0.4923307001590729,0.6828323006629944,241,273,0.4272051453590393,0,0,0.004380857106298208,0.004376996774226427,23.583820343017578,0.004381451290100813,0.282880038022995,0.00822676531970501,0.3256010115146637,20.439067840576172,0.009038440883159637,0.3801467716693878,0.006834972184151411,0.016648946329951286,22.7367000579834,0.005325129721313715,0.3193040192127228,0.010959230363368988,0.3465835452079773,19.971830368041992,0.010065075941383839,0.39165395498275757,0.0037140538915991783,0.016463210806250572,27.563058853149414,0.0017526455922052264,0.07943250983953476,0.009339539334177971,0.0,19.67526626586914,0.010776392184197903,0.36642032861709595,24.40227508544922,0.003628880251199007,0.2140199840068817,32.995826721191406,0.0005016693030484021,23.861591339111328,0.0041099898517131805,0.2592565417289734,21.35482406616211,0.007320113480091095,0.30597248673439026,20.751399993896484,0.008411239832639694,0.36439740657806396,23.24737548828125,0.004734373185783625,0.23447072505950928,29.349533081054688,0.0011615741532295942,22.77034568786621,0.00528403464704752,0.28274786472320557,20.70145606994629,0.008508524857461452,0.30956292152404785,20.14686393737793,0.009667490608990192,0.36709079146385193,28.882558822631836,0.0012934340629726648,0.04476786404848099,30.08542823791504,0.0009805221343412995,28.723854064941406,0.0013415744761005044,0.05265915021300316
465,32,11,465,-1,1,24.316757202148438,0.1621513068675995,19.629709243774414,0.25352391600608826,24.52588653564453,21.8778076171875,0.2097892165184021,18.52724266052246,23.558544158935547,0.09027435630559921,17.63425636291504,17.728864669799805,19.00526237487793,0.279304176568985,33.47898864746094,0.45523396134376526,0.5569090843200684,465,497,0.40211474895477295,0,0,0.003701044712215662,0.0035270503722131252,24.285459518432617,0.00372781278565526,0.185124933719635,0.01089002937078476,0.2786361277103424,19.21259117126465,0.011987842619419098,0.32388561964035034,0.006489619147032499,0.017241468653082848,23.155595779418945,0.004835489206016064,0.23331698775291443,0.014037052169442177,0.3015042245388031,18.670427322387695,0.01358179934322834,0.3430004417896271,0.004407026339322329,0.016869939863681793,26.03860855102539,0.0024896550457924604,0.08772484958171844,0.012574005872011185,0.0004488498088903725,18.404504776000977,0.014439414255321026,0.3253978490829468,25.725265502929688,0.0026759235188364983,0.1450631469488144,32.73979568481445,0.0005321331555023789,25.220489501953125,0.0030057376716285944,0.17156197130680084,19.864238739013672,0.010317537002265453,0.2637194097042084,19.268447875976562,0.011834640987217426,0.31029459834098816,23.985240936279297,0.003994624130427837,0.17443619668483734,28.891876220703125,0.0012906616320833564,23.555004119873047,0.004410617984831333,0.20326535403728485,19.269893646240234,0.01183070708066225,0.2783361077308655,18.703001022338867,0.013480311259627342,0.3260444700717926,27.977149963378906,0.0015932548558339477,0.04659324139356613,31.058975219726562,0.0007836144650354981,27.650238037109375,0.0017178149428218603,0.053854309022426605
535,32,11,535,-1,3,27.8261661529541,0.1285451352596283,26.131366729736328,0.12465246021747589,24.877216339111328,23.88360595703125,0.17381881177425385,23.40624237060547,24.65314483642578,0.07580912113189697,17.589859008789062,17.787139892578125,25.8792667388916,0.09455190598964691,100.0,0.2011614590883255,0.6196637153625488,535,567,0.3658960163593292,0,0,0.0016496182652190328,0.0032529570162296295,28.529577255249023,0.001402950962074101,0.15831860899925232,0.002437043469399214,0.105062335729599,26.289091110229492,0.002350125228986144,0.1241062730550766,0.004089211113750935,0.0174186322838068,26.906829833984375,0.0020385305397212505,0.2029426395893097,0.004564314614981413,0.13413406908512115,25.576404571533203,0.0027692324947565794,0.1474318504333496,0.003425197210162878,0.01664508692920208,28.565580368041992,0.0013913681032136083,0.07412601262331009,0.002582697430625558,0.0,25.257787704467773,0.0029800354968756437,0.11527623236179352,30.979999542236328,0.0007979946094565094,0.11499464511871338,34.791297912597656,0.00033179554156959057,30.606220245361328,0.0008697175071574748,0.15069618821144104,27.726709365844727,0.0016878319438546896,0.0835614874958992,27.172815322875977,0.0019174255430698395,0.10351822525262833,28.4022216796875,0.0014447006396949291,0.13921327888965607,30.71392250061035,0.0008484139107167721,28.13485336303711,0.001536437077447772,0.18080753087997437,26.325273513793945,0.0023306275252252817,0.10239452123641968,25.878463745117188,0.0025831754319369793,0.12462387979030609,30.54014015197754,0.00088305160170421,0.04074380546808243,31.865999221801758,0.0006507288780994713,30.367822647094727,0.0009187935502268374,0.05043528974056244
543,32,11,543,-1,3,27.698192596435547,0.12298749387264252,26.045732498168945,0.1356523633003235,25.274913787841797,23.902450561523438,0.16417863965034485,23.30019760131836,24.601266860961914,0.07285924255847931,17.73980140686035,17.935443878173828,25.321918487548828,0.08143209666013718,100.0,0.2058292180299759,0.6590530276298523,543,575,0.3498274087905884,0,0,0.0016989512369036674,0.0029683068860322237,28.22848892211914,0.0015036658151075244,0.15032978355884552,0.00248557492159307,0.09075938910245895,25.95599365234375,0.0025374689139425755,0.11030091345310211,0.004071506671607494,0.01682751253247261,26.759145736694336,0.0021090444643050432,0.18925707042217255,0.004677141085267067,0.11912623047828674,25.25653648376465,0.0029808932449668646,0.12815606594085693,0.003466357011348009,0.016086282208561897,28.16778564453125,0.001524830237030983,0.07197467982769012,0.0029363525100052357,0.0,24.700439453125,0.003388098906725645,0.10005244612693787,30.39702606201172,0.0009126354707404971,0.10919689387083054,34.430728912353516,0.0003605182282626629,30.01053810119629,0.00099757662974298,0.14069102704524994,27.223506927490234,0.0018951761303469539,0.07278677821159363,26.652299880981445,0.0021615736186504364,0.09120312333106995,28.125322341918945,0.0015398124232888222,0.13028594851493835,30.095722198486328,0.0009782001143321395,27.88822364807129,0.0016262143617495894,0.16643360257148743,25.954580307006836,0.0025382954627275467,0.08696714043617249,25.487232208251953,0.002826681360602379,0.1063266471028328,30.289623260498047,0.0009354868670925498,0.04198325797915459,31.467086791992188,0.0007133312756195664,30.133785247802734,0.0009696646011434495,0.052355241030454636
817,32,11,849,-1,1,26.863616943359375,0.10202695429325104,24.357181549072266,0.1743856519460678,21.958133697509766,23.55419921875,0.12646257877349854,22.18439292907715,24.642793655395508,0.0750410407781601,17.17502784729004,18.018815994262695,23.49338722229004,0.07324791699647903,21.932369232177734,0.293533056974411,0.5940920114517212,849,881,0.4298194944858551,0,0,0.002058913931250572,0.006370692513883114,28.552505493164062,0.0013955634785816073,0.11294767260551453,0.0036667552776634693,0.09804661571979523,24.99881362915039,0.003163142129778862,0.1058170273900032,0.004411439411342144,0.019164495170116425,26.69233512878418,0.0021417385432869196,0.13566629588603973,0.006047289352864027,0.11904535442590714,23.914709091186523,0.004060029052197933,0.12433809041976929,0.0034333704970777035,0.01578041911125183,28.142244338989258,0.0015338242519646883,0.07450125366449356,0.0044736419804394245,0.00640860153362155,23.792442321777344,0.004175955895334482,0.08285578340291977,28.10416030883789,0.0015473335515707731,0.0784381777048111,22.429546356201172,0.005715382285416126,30.428260803222656,0.0009060951415449381,0.09116582572460175,25.20097541809082,0.0030192751437425613,0.07563605159521103,25.879030227661133,0.002582838060334325,0.08697877079248428,26.377201080322266,0.0023029258009046316,0.0960753858089447,22.000701904296875,0.006308552343398333,27.729684829711914,0.0016866754740476608,0.11236906796693802,24.10254669189453,0.003888170002028346,0.08868725597858429,24.547069549560547,0.0035098865628242493,0.1033325120806694,30.021230697631836,0.0009951232932507992,0.048584021627902985,32.20680618286133,0.0006016161642037332,29.764747619628906,0.0010556629858911037,0.058469776064157486
863,32,11,895,-1,3,23.75415802001953,0.16672283411026,20.451690673828125,0.21555982530117035,26.075061798095703,21.51483726501465,0.19643107056617737,19.269363403320312,23.95179557800293,0.08049432933330536,17.97658348083496,17.93560218811035,19.82211685180664,0.23426088690757751,100.0,0.4116550385951996,0.5236418843269348,895,927,0.401542603969574,0,0,0.004212930798530579,0.0024688448756933212,23.486007690429688,0.00448125135153532,0.19079647958278656,0.009012200869619846,0.24076688289642334,19.96548843383789,0.010079784318804741,0.2776034474372864,0.0070553133264184,0.015934621915221214,22.449438095092773,0.005689266137778759,0.21597358584403992,0.01183214969933033,0.2623845636844635,19.51368522644043,0.01118488609790802,0.2933708131313324,0.004025505390018225,0.016085699200630188,26.63521957397461,0.0021700914949178696,0.0795380249619484,0.01041809469461441,0.0,19.200637817382812,0.012020876631140709,0.2738161087036133,24.649564743041992,0.003428020281717181,0.14695976674556732,36.17236328125,0.00024141478934325278,24.069059371948242,0.003918267320841551,0.17365044355392456,20.92331886291504,0.008084779605269432,0.22671611607074738,20.309001922607422,0.009313219226896763,0.26691362261772156,23.349990844726562,0.004623820539563894,0.16563677787780762,31.55321502685547,0.0006993241258896887,22.816986083984375,0.005227589979767799,0.1943269968032837,20.33868980407715,0.00924977008253336,0.2426505982875824,19.75151252746582,0.010588852688670158,0.28405871987342834,28.522666931152344,0.0014051842736080289,0.051941704005002975,32.505455017089844,0.0005616355338133872,28.139028549194336,0.0015349610475823283,0.06118248030543327
1173,32,11,1205,-1,1,24.916839599609375,0.1452513039112091,22.23189926147461,0.21088747680187225,26.221107482910156,22.460805892944336,0.19617655873298645,20.670944213867188,24.53006362915039,0.08633053302764893,18.0496826171875,18.14881706237793,21.412437438964844,0.24667467176914215,100.0,0.40900060534477234,0.5156165361404419,1205,1237,0.3803796172142029,0,0,0.0032234147656708956,0.002387202810496092,24.746877670288086,0.0033520625438541174,0.16955064237117767,0.005981501657515764,0.25972554087638855,21.797475814819336,0.006610776297748089,0.30749446153640747,0.005674395244568586,0.015668654814362526,23.833335876464844,0.004136816598474979,0.22090160846710205,0.008568520657718182,0.29144585132598877,21.241989135742188,0.007512787822633982,0.3324870467185974,0.0035236587282270193,0.015315048396587372,27.671058654785156,0.0017095988150686026,0.08727183938026428,0.007223646156489849,0.0,20.790956497192383,0.008334976620972157,0.29477235674858093,26.041770935058594,0.0024878433905541897,0.12964428961277008,36.19382858276367,0.00024022439902182668,25.4765682220459,0.002833631122484803,0.1553352177143097,22.613563537597656,0.005478274077177048,0.2281755805015564,22.007469177246094,0.006298730615526438,0.2747555375099182,24.645164489746094,0.0034314983058720827,0.15926557779312134,29.868839263916016,0.0010306618642061949,24.201183319091797,0.003800857812166214,0.19189809262752533,21.838356018066406,0.006548842880874872,0.25162792205810547,21.30060577392578,0.007412065751850605,0.3015168011188507,29.327301025390625,0.0011675349669530988,0.05189972370862961,30.414756774902344,0.0009089169907383621,29.1817684173584,0.0012073223479092121,0.06320853531360626
1416,32,11,1480,-1,1,22.112409591674805,0.17027108371257782,18.388736724853516,0.23546771705150604,26.089170455932617,20.27076530456543,0.19688837230205536,17.448522567749023,23.384746551513672,0.07845130562782288,18.157459259033203,18.2548885345459,17.736711502075195,0.18790163099765778,38.754634857177734,0.35322317481040955,0.6666259169578552,1480,1512,0.4314252734184265,0,0,0.006148356478661299,0.0024608380626887083,21.729108810424805,0.006715666968375444,0.19054582715034485,0.014491931535303593,0.20300911366939545,17.88907814025879,0.01625894010066986,0.2286926656961441,0.009395577944815159,0.015284604392945766,20.711143493652344,0.008489573374390602,0.21086835861206055,0.01799483224749565,0.22449883818626404,17.35222816467285,0.018398277461528778,0.2423677146434784,0.0045869615860283375,0.01494552567601204,25.238445281982422,0.0029933361802250147,0.07186974585056305,0.016839489340782166,0.0001332099927822128,17.119815826416016,0.01940968818962574,0.21600577235221863,22.780616760253906,0.005271552596241236,0.15291061997413635,35.485137939453125,0.00028280456899665296,22.190311431884766,0.00603905227035284,0.17730672657489777,18.43238639831543,0.014347009360790253,0.19009770452976227,17.821109771728516,0.016515396535396576,0.21846678853034973,21.729982376098633,0.006714318413287401,0.16210255026817322,31.12352752685547,0.0007720533176325262,21.175601959228516,0.0076285130344331264,0.1862274706363678,17.964326858520508,0.01597965694963932,0.19677850604057312,17.368053436279297,0.018331361934542656,0.22542791068553925,27.442331314086914,0.001802050624974072,0.04525076225399971,32.083431243896484,0.0006189520354382694,27.02444076538086,0.001984065631404519,0.05279393494129181
1435,32,11,1499,-1,0,20.83831024169922,0.20871078968048096,17.98647117614746,0.23204870522022247,25.880329132080078,19.240861892700195,0.23928719758987427,17.041290283203125,22.702693939208984,0.09905891120433807,18.03573226928711,18.272459030151367,17.317211151123047,0.2728586196899414,100.0,0.41690903902053833,0.556593120098114,1499,1531,0.4366416037082672,0,0,0.008244588039815426,0.0025820648297667503,20.40207862854004,0.009115745313465595,0.23825299739837646,0.01589837856590748,0.29082557559013367,17.437196731567383,0.0180418211966753,0.3314875662326813,0.011910058557987213,0.015719067305326462,19.459980010986328,0.011324059218168259,0.26266956329345703,0.019763823598623276,0.30102163553237915,16.88755989074707,0.020475950092077255,0.3330567479133606,0.005366988945752382,0.014885181561112404,24.086402893066406,0.003902651835232973,0.09758619964122772,0.018547220155596733,0.0,16.69573211669922,0.021400637924671173,0.3152264952659607,21.325876235961914,0.007369067054241896,0.18866290152072906,33.52821350097656,0.000443791359430179,20.739410400390625,0.008434494026005268,0.21973776817321777,18.203231811523438,0.015124356374144554,0.2677816152572632,17.587125778198242,0.01742960326373577,0.31012383103370667,20.37603187561035,0.009170583449304104,0.2057412713766098,29.6376953125,0.001087002456188202,19.8237361907959,0.010414211079478264,0.2387743443250656,17.65380859375,0.01716403104364872,0.2771563231945038,17.05606460571289,0.019696706905961037,0.31986457109451294,26.290285110473633,0.0023494793567806482,0.05763785168528557,31.540016174316406,0.0007014526636339724,25.84522247314453,0.002603022148832679,0.06756547093391418
1511,32,11,1607,-1,2,22.928993225097656,0.12580305337905884,17.15599822998047,0.19157083332538605,27.242591857910156,20.64662742614746,0.16207323968410492,16.378541946411133,23.01346206665039,0.08622979372739792,17.998210906982422,18.07794189453125,16.558807373046875,0.3174366354942322,100.0,0.4553803503513336,0.4206831455230713,1607,1639,0.3964449465274811,0,0,0.005094489082694054,0.0018868651241064072,22.527462005615234,0.0055879694409668446,0.1411386877298355,0.019248642027378082,0.31480324268341064,16.59480857849121,0.021903786808252335,0.3643758296966553,0.008616630919277668,0.01585545763373375,21.247671127319336,0.0075029656291007996,0.17545533180236816,0.02302214503288269,0.3334904909133911,16.18007469177246,0.02409864217042923,0.3735964298248291,0.004996360745280981,0.015567039139568806,24.723567962646484,0.0033701027277857065,0.08158768713474274,0.022086111828684807,0.0,15.937328338623047,0.025483978912234306,0.36539387702941895,23.566905975341797,0.004398547112941742,0.11096812784671783,37.081085205078125,0.00019583571702241898,22.97128677368164,0.005045117810368538,0.13023513555526733,17.22205924987793,0.018958069384098053,0.30300942063331604,16.605859756469727,0.02184811607003212,0.35415011644363403,22.32954216003418,0.00584851810708642,0.13345041871070862,32.058570861816406,0.0006225052056834102,21.770137786865234,0.006652520503848791,0.15472300350666046,16.86556625366211,0.020579902455210686,0.3119295835494995,16.260740280151367,0.02365516871213913,0.3613288700580597,26.954126358032227,0.002016450511291623,0.04777458310127258,32.05229187011719,0.0006234058528207242,26.51546287536621,0.002230765065178275,0.05440324544906616
1590,32,11,1686,-1,1,24.354551315307617,0.12556354701519012,19.26218605041504,0.15244002640247345,27.806072235107422,21.827781677246094,0.15507854521274567,18.192594528198242,23.940937042236328,0.08532179892063141,18.129114151000977,18.097946166992188,18.6695499420166,0.19079886376857758,100.0,0.40085482597351074,0.38028737902641296,1686,1718,0.3567412495613098,0,0,0.00366897601634264,0.0016572687309235334,24.002840042114258,0.003978469409048557,0.14059282839298248,0.011851721443235874,0.20694409310817719,18.733366012573242,0.013386393897235394,0.2342994213104248,0.006564808543771505,0.015384688973426819,22.833370208740234,0.005207904148846865,0.164108008146286,0.015161441639065742,0.2299155294895172,18.21648406982422,0.015078273601830006,0.24712298810482025,0.004035583231598139,0.015495500527322292,26.434925079345703,0.002272518817335367,0.08162949234247208,0.013584543950855732,0.0,18.048070907592773,0.015674473717808723,0.21768593788146973,24.989856719970703,0.0031696727965027094,0.09949469566345215,37.15203094482422,0.0001926623226609081,24.403717041015625,0.00362767418846488,0.11526024341583252,19.39938735961914,0.01148316077888012,0.1864336133003235,18.784982681274414,0.013228236697614193,0.21525093913078308,23.766117095947266,0.004201344680041075,0.1185610443353653,30.693387985229492,0.0008524350123479962,23.263744354248047,0.004716561175882816,0.1372031569480896,18.932024002075195,0.012787853367626667,0.20073957741260529,18.346708297729492,0.014632852748036385,0.23030705749988556,28.36907958984375,0.0014557680115103722,0.04912605881690979,31.18145179748535,0.0007618243689648807,28.061717987060547,0.0015625287778675556,0.05730023607611656
1712,32,11,1808,-1,3,26.819171905517578,0.09196291118860245,20.834964752197266,0.15352290868759155,26.58940887451172,23.2174129486084,0.13737696409225464,19.625545501708984,24.234272003173828,0.0790790244936943,17.931297302246094,17.929189682006836,20.1456241607666,0.2339249700307846,100.0,0.44714388251304626,0.3433411717414856,1808,1840,0.4195369482040405,0,0,0.0020800933707505465,0.0021931042429059744,26.855623245239258,0.002062707208096981,0.10596403479576111,0.008250939659774303,0.2366591989994049,20.447467803955078,0.009020971134305,0.2746114134788513,0.004767149221152067,0.016101647168397903,25.195072174072266,0.00302338064648211,0.14417770504951477,0.01090047974139452,0.25611811876296997,19.948909759521484,0.01011833269149065,0.28495848178863525,0.0037720121908932924,0.016109460964798927,27.272436141967773,0.0018739434890449047,0.07601794600486755,0.009670249186456203,0.0,19.52414321899414,0.011157980188727379,0.27407726645469666,28.598007202148438,0.0013810176169499755,0.0814867690205574,34.50447463989258,0.0003544480714481324,28.127750396728516,0.0015389512991532683,0.09475819021463394,21.325551986694336,0.007369615603238344,0.2212432622909546,20.723207473754883,0.008466019295156002,0.26082128286361694,26.1766357421875,0.0024117734283208847,0.10440435260534286,28.59896469116211,0.0013807141222059727,25.89999771118164,0.0025703981518745422,0.11871969699859619,20.627159118652344,0.008655336685478687,0.23794235289096832,20.077865600585938,0.009822305291891098,0.2782772183418274,28.757396697998047,0.0013312525115907192,0.04744414612650871,29.571645736694336,0.001103661023080349,28.64464569091797,0.0013662668643519282,0.05390237271785736
1841,32,11,1969,-1,2,21.752500534057617,0.18919587135314941,18.696125030517578,0.23609314858913422,26.716144561767578,19.756128311157227,0.2279539704322815,17.607152938842773,22.904499053955078,0.08965954929590225,18.055580139160156,18.180374145507812,17.868494033813477,0.2878934144973755,32.54507827758789,0.4576966464519501,0.5158289074897766,1969,2001,0.33236151933670044,0,0,0.006679594982415438,0.00213002972304821,21.31971549987793,0.007379527669399977,0.2162487506866455,0.013501673936843872,0.2740715444087982,18.176239013671875,0.015218650922179222,0.31794407963752747,0.010577605105936527,0.015647394582629204,20.088787078857422,0.009797637350857258,0.2524161636829376,0.017349407076835632,0.30768653750419617,17.525611877441406,0.017678236588835716,0.3435956835746765,0.00512330699712038,0.015204163268208504,24.47039031982422,0.0035724067129194736,0.08958198875188828,0.016336187720298767,0.00055653479648754,17.266786575317383,0.018763825297355652,0.33519142866134644,22.300512313842773,0.005887743551284075,0.17235612869262695,35.16175079345703,0.00030466672615148127,21.7091007232666,0.006746678147464991,0.2001233994960785,18.92238998413086,0.012816252186894417,0.26929211616516113,18.325925827026367,0.014703046530485153,0.3156929612159729,21.09532356262207,0.007770835887640715,0.19789978861808777,31.024320602416992,0.0007898927433416247,20.533105850219727,0.008844827301800251,0.2299685925245285,18.297399520874023,0.014799943193793297,0.28973662853240967,17.71644401550293,0.016918256878852844,0.3373400568962097,26.48582649230957,0.0022460385225713253,0.05473174899816513,32.58696365356445,0.0005511929048225284,26.008832931518555,0.0025067839305847883,0.0645512193441391
2055,32,11,2183,-1,0,28.438209533691406,0.0713292583823204,25.542211532592773,0.12643475830554962,27.718381881713867,24.417911529541016,0.11025765538215637,22.997724533081055,24.924022674560547,0.07843603938817978,18.280733108520508,18.253448486328125,24.792470932006836,0.06255024671554565,100.0,0.20104169845581055,0.6288982033729553,2183,2215,0.4227362871170044,0,0,0.0014327786630019546,0.001691071200184524,28.560359954833984,0.0013930413406342268,0.08203554153442383,0.0027911229990422726,0.0704810842871666,25.23328399658203,0.0029968966264277697,0.07962466776371002,0.0036158370785415173,0.014856846071779728,27.243541717529297,0.001886451616883278,0.11095423251390457,0.005014499183744192,0.10923245549201965,24.54031753540039,0.0035153476055711508,0.1089269146323204,0.0032180864363908768,0.014950476586818695,28.498260498046875,0.0014131033094599843,0.07238683104515076,0.00331705785356462,0.0,24.170989990234375,0.0038273741956800222,0.07419566065073013,31.063268661499023,0.0007828404777683318,0.05677231773734093,37.0625,0.00019667542073875666,30.589759826660156,0.0008730196859687567,0.06761384755373001,26.87885284423828,0.0020517040975391865,0.05782986059784889,26.282943725585938,0.002353453077375889,0.06840093433856964,28.06382179260254,0.001561773126013577,0.083901546895504,30.778276443481445,0.0008359347120858729,27.763896942138672,0.0016734407981857657,0.09834561496973038,25.409860610961914,0.0028774908278137445,0.08369047939777374,24.927478790283203,0.0032155283261090517,0.0974770039319992,29.469009399414062,0.0011300538899376988,0.055128805339336395,31.789091110229492,0.0006623553344979882,29.200927734375,0.0012020075228065252,0.06533553451299667
2074,32,11,2202,-1,3,25.53894805908203,0.10592205077409744,21.233455657958984,0.1646265983581543,27.319316864013672,22.924558639526367,0.12981726229190826,20.017986297607422,24.920230865478516,0.0723990947008133,18.144092559814453,18.228471755981445,20.783607482910156,0.22576822340488434,100.0,0.4031103253364563,0.40839090943336487,2202,2234,0.4091363549232483,0,0,0.002793221501633525,0.0018538238946348429,25.319862365722656,0.0029377443715929985,0.12351630628108978,0.00752756092697382,0.2426847368478775,20.752609252929688,0.008408898487687111,0.2857842445373535,0.005099694710224867,0.015331716276705265,24.527748107910156,0.0035255372058600187,0.14031554758548737,0.009958670474588871,0.25406917929649353,20.432579040527344,0.00905194878578186,0.28872403502464294,0.0032208983320742846,0.015036706812679768,28.5291690826416,0.001403081463649869,0.07026701420545578,0.008349093608558178,0.0,20.162126541137695,0.009633569978177547,0.2695420980453491,26.49321746826172,0.002242219867184758,0.0944298803806305,36.5112190246582,0.0002232944971183315,25.929792404174805,0.002552823629230261,0.11142377555370331,21.695032119750977,0.006768567021936178,0.22363609075546265,21.083518981933594,0.0077919852919876575,0.2677254378795624,25.144744873046875,0.0030586214270442724,0.1070081889629364,29.03812026977539,0.0012479235883802176,24.766193389892578,0.003337190253660083,0.12852619588375092,21.140674591064453,0.007690110709518194,0.23056530952453613,20.603036880493164,0.008703550323843956,0.2751508057117462,29.503665924072266,0.0011210717493668199,0.0429375022649765,29.636871337890625,0.00108720816206187,29.483530044555664,0.0011262815678492188,0.05192709341645241
2235,32,11,2395,-1,0,28.573884963989258,0.08135492354631424,26.708858489990234,0.10290005058050156,28.487207412719727,23.98352813720703,0.11245148628950119,23.202739715576172,24.743648529052734,0.0686095580458641,18.063398361206055,18.004234313964844,26.549978256225586,0.054036736488342285,49.341163635253906,0.15473607182502747,0.6650036573410034,2395,2427,0.41471222043037415,0,0,0.001388709875755012,0.0014167045010253787,28.58737564086914,0.0013844032073393464,0.0940563753247261,0.002133607165887952,0.0655892863869667,26.535202026367188,0.002220649505034089,0.0743553414940834,0.0039961994625627995,0.015619250945746899,26.5599365234375,0.00220803776755929,0.11745576560497284,0.004783282987773418,0.09682363271713257,25.113597869873047,0.003080634633079171,0.09906163811683655,0.0033545568585395813,0.01583348959684372,28.432327270507812,0.0014347211690619588,0.0652560219168663,0.0022131064906716347,1.1638152500381693e-05,25.93154525756836,0.0025517940521240234,0.06421821564435959,30.510313034057617,0.0008891373872756958,0.06448860466480255,39.18299865722656,0.00012069805961800739,29.968158721923828,0.0010073588928207755,0.0772332176566124,28.04977035522461,0.0015668345149606466,0.05118474364280701,27.46507453918457,0.0017926377477124333,0.06114830821752548,28.29452133178711,0.0014809764688834548,0.07980981469154358,30.655183792114258,0.0008599670836701989,28.023014068603516,0.0015765164280310273,0.09466258436441422,26.54737091064453,0.0022144352551549673,0.06639508903026581,26.160734176635742,0.002420620294287801,0.07914645224809647,31.026737213134766,0.0007894529262557626,0.03405759111046791,30.780725479125977,0.0008354634628631175,31.065855026245117,0.0007823744090273976,0.0401911698281765
2648,32,11,2872,-1,3,22.633525848388672,0.09969202429056168,16.573389053344727,0.2179286926984787,26.299835205078125,20.769433975219727,0.12725813686847687,15.987846374511719,23.743026733398438,0.0707312822341919,17.98457908630371,18.05738067626953,16.092750549316406,0.24596405029296875,100.0,0.41763827204704285,0.5218120813369751,2872,2904,0.4569763243198395,0,0,0.005453150253742933,0.002344319364055991,22.26840591430664,0.005931431893259287,0.11394499987363815,0.02201208844780922,0.2541618347167969,16.0174503326416,0.025018135085701942,0.2910861372947693,0.00837638508528471,0.015905309468507767,21.41577911376953,0.0072180889546871185,0.13645029067993164,0.025189252570271492,0.26287126541137695,15.74703311920166,0.026625435799360275,0.2928583025932312,0.00422374252229929,0.01564091071486473,26.07785987854004,0.0024672551080584526,0.06769189238548279,0.024588102474808693,0.0,15.471271514892578,0.02837088704109192,0.28509002923965454,23.09089469909668,0.0049080681055784225,0.08606970310211182,35.92120361328125,0.0002557880070526153,22.499698638916016,0.005623803939670324,0.09994246810674667,16.560548782348633,0.02207726053893566,0.2412799894809723,15.945878982543945,0.025433849543333054,0.2797960042953491,22.157737731933594,0.00608452083542943,0.09565606713294983,31.310646057128906,0.0007394953281618655,21.607210159301758,0.006906833034008741,0.11207060515880585,16.28389549255371,0.023529374971985817,0.2488066703081131,15.681686401367188,0.02702908404171467,0.28918445110321045,27.941801071166992,0.0016062753275036812,0.04269324243068695,31.917564392089844,0.0006430481444112957,27.558555603027344,0.001754464115947485,0.04929698258638382
2682,32,11,2906,-1,1,16.79975128173828,0.28499850630760193,15.390643119812012,0.3251984119415283,25.70490264892578,16.046560287475586,0.30773013830184937,14.807184219360352,23.07711410522461,0.0793471485376358,17.881608963012695,18.00385093688965,14.797749519348145,0.31851381063461304,36.523681640625,0.5211254954338074,0.6240308880805969,2906,2938,0.3748204708099365,0,0,0.020894160494208336,0.0026884984690696,16.253427505493164,0.02369503490626812,0.3279024064540863,0.028902525082230568,0.32936739921569824,14.836188316345215,0.03283833712339401,0.37877389788627625,0.024851011112332344,0.016286928206682205,15.8222017288208,0.026168562471866608,0.3437725603580475,0.03305838257074356,0.3461894392967224,14.457596778869629,0.03582946956157684,0.3895966708660126,0.004923668224364519,0.015834886580705643,24.887828826904297,0.0032450188882648945,0.07746873795986176,0.03313027694821358,0.0002226547512691468,14.180164337158203,0.0381929874420166,0.3666338324546814,16.831253051757812,0.020743153989315033,0.2655211389064789,35.9820671081543,0.00025222799740731716,16.216819763183594,0.02389560639858246,0.3113592863082886,15.250186920166016,0.02985253930091858,0.3148849308490753,14.634337425231934,0.03440061956644058,0.36707597970962524,16.525299072265625,0.022257180884480476,0.28126758337020874,31.029739379882812,0.0007889075204730034,15.924394607543945,0.02555999346077442,0.3268563151359558,14.999289512634277,0.03162795305252075,0.3286661207675934,14.391397476196289,0.036379795521497726,0.37958526611328125,27.225101470947266,0.0018944789189845324,0.04598727822303772,31.43291664123535,0.0007189659518189728,26.82913589477539,0.002075327094644308,0.052709370851516724
2708,32,11,2932,-1,3,28.38379669189453,0.07998982071876526,25.293140411376953,0.14849698543548584,26.084918975830078,24.236862182617188,0.10791296511888504,22.793380737304688,24.84818458557129,0.06505566090345383,18.12885093688965,18.128559112548828,24.417484283447266,0.0697987899184227,100.0,0.2959171235561371,0.5018194913864136,2932,2964,0.43163827061653137,0,0,0.0014508424792438745,0.0024632487911731005,28.87700843811035,0.0012950877426192164,0.08998031914234161,0.0029558739624917507,0.09048375487327576,25.12198257446289,0.0030746925622224808,0.10148994624614716,0.0037697607185691595,0.015385620296001434,27.02741813659668,0.001982705667614937,0.11357305943965912,0.005256079602986574,0.11010949313640594,24.297832489013672,0.0037172073498368263,0.11434869468212128,0.003274776739999652,0.01538664847612381,28.503463745117188,0.0014114120276644826,0.06432335823774338,0.0036161942407488823,0.0,23.796005249023438,0.004172531887888908,0.08340740948915482,31.042240142822266,0.0007866401574574411,0.06442175805568695,36.04852294921875,0.0002483977295923978,30.60757064819336,0.0008694467251189053,0.07562614232301712,26.144685745239258,0.0024295817129313946,0.07051043957471848,25.55290985107422,0.002784255426377058,0.08352545648813248,28.078048706054688,0.0015566651709377766,0.08822593837976456,30.693056106567383,0.000852499739266932,27.78586196899414,0.0016649983590468764,0.10192681103944778,24.99376678466797,0.003166820853948593,0.08585160225629807,24.508535385131836,0.0035411682911217213,0.10228455811738968,30.18000030517578,0.0009594005532562733,0.043544840067625046,31.66559600830078,0.0006814600783400238,29.99062728881836,0.0010021605994552374,0.051268115639686584
2767,32,11,2991,-1,2,26.73059844970703,0.0786687508225441,21.419780731201172,0.1616702824831009,27.27035903930664,23.209209442138672,0.11217561364173889,20.044933319091797,24.517841339111328,0.06809217482805252,18.009967803955078,18.092777252197266,20.506912231445312,0.17790956795215607,100.0,0.4404076635837555,0.3670923411846161,2991,3023,0.4603475332260132,0,0,0.00212295213714242,0.001874840003438294,26.6532039642334,0.00216112332418561,0.08839816600084305,0.007211441174149513,0.19636227190494537,20.9719181060791,0.007994811981916428,0.22423115372657776,0.004776163958013058,0.015812594443559647,25.116958618164062,0.003078251611441374,0.11754267662763596,0.009897075593471527,0.20470282435417175,20.41020393371582,0.00909870583564043,0.22467666864395142,0.003533587558194995,0.01551394909620285,27.7199649810791,0.001690455013886094,0.06659106910228729,0.008898341096937656,0.0,19.88543128967285,0.010267316363751888,0.20658504962921143,28.03569984436035,0.0015719183720648289,0.06629369407892227,36.274715423583984,0.0002357916091568768,27.501962661743164,0.0017774762818589807,0.0771101638674736,21.51351547241211,0.007057462353259325,0.17673349380493164,20.908306121826172,0.008112774230539799,0.20580071210861206,26.066837310791016,0.0024735250044614077,0.08077637851238251,29.780990600585938,0.0010517218615859747,25.698823928833008,0.002692264039069414,0.09309720247983932,20.926734924316406,0.008078421466052532,0.18516284227371216,20.37580680847168,0.009171055629849434,0.21562030911445618,29.176862716674805,0.001208687201142311,0.04025258868932724,30.06061553955078,0.0009861396392807364,29.05554962158203,0.001242925296537578,0.047262173146009445
2823,32,11,3047,-1,2,25.576263427734375,0.11253444105386734,20.4941349029541,0.20961956679821014,26.202478408813477,22.67927360534668,0.1600898802280426,19.42165184020996,24.343889236450195,0.07975959777832031,17.89849281311035,17.9968204498291,20.028331756591797,0.2390180379152298,100.0,0.37384018301963806,0.5607197284698486,3047,3079,0.46344009041786194,0,0,0.002769323531538248,0.0023974652867764235,25.487459182739258,0.0028265328146517277,0.12870943546295166,0.008924554102122784,0.25090858340263367,20.021059036254883,0.009951627813279629,0.2887139618396759,0.005396008957177401,0.016223732382059097,24.282672882080078,0.0037302058190107346,0.17056988179683685,0.011424439959228039,0.26374390721321106,19.668167114257812,0.010794021189212799,0.29431241750717163,0.0036779961083084345,0.015860540792346,27.438217163085938,0.0018037586705759168,0.07701341807842255,0.009934978559613228,0.0,19.406850814819336,0.011463437229394913,0.28043609857559204,26.874544143676758,0.002053741365671158,0.09751646220684052,36.030982971191406,0.00024940315051935613,26.323959350585938,0.0023313318379223347,0.117552250623703,20.835567474365234,0.008249797858297825,0.2305634617805481,20.233322143554688,0.009476931765675545,0.27297067642211914,25.26744842529297,0.002973411697894335,0.12250633537769318,30.109149932861328,0.0009751805919222534,24.84016227722168,0.003280831966549158,0.14330656826496124,20.370473861694336,0.009182321839034557,0.23695090413093567,19.80239486694336,0.010465512052178383,0.2805423140525818,29.11341094970703,0.0012264758115634322,0.046672459691762924,30.383222579956055,0.000915540789719671,28.947242736816406,0.001274312031455338,0.05360715463757515
2902,32,11,3126,-1,1,25.160289764404297,0.12871699035167694,21.14862823486328,0.16916131973266602,25.9867000579834,22.48943328857422,0.1579786092042923,19.883955001831055,24.32686996459961,0.07819399237632751,17.88546371459961,18.061391830444336,20.497610092163086,0.20843109488487244,100.0,0.40615350008010864,0.41649603843688965,3126,3158,0.4218794107437134,0,0,0.003047692123800516,0.002519591012969613,25.046031951904297,0.003128938376903534,0.15111738443374634,0.007676038891077042,0.21006062626838684,20.7742919921875,0.008367017842829227,0.24000677466392517,0.005637113004922867,0.016272470355033875,23.97842025756836,0.004000903572887182,0.17167073488235474,0.010270806029438972,0.2371910810470581,20.254392623901367,0.009431068785488605,0.25828880071640015,0.0036924362648278475,0.015626464039087296,27.313209533691406,0.0018564322963356972,0.07606948167085648,0.00891741644591093,0.0,19.876131057739258,0.01028932724148035,0.23906348645687103,26.29934310913086,0.0023445843253284693,0.11054094135761261,35.93670654296875,0.0002548763295635581,25.74127197265625,0.0026660775765776634,0.13327562808990479,21.62444305419922,0.006879482418298721,0.1930602490901947,21.019790649414062,0.007907168008387089,0.22519773244857788,24.799835205078125,0.0033114375546574593,0.12490606307983398,30.919269561767578,0.0008092321804724634,24.322221755981445,0.0036963922902941704,0.14529839158058167,20.964792251586914,0.008007939904928207,0.20839673280715942,20.39322280883789,0.009134353138506413,0.2405371069908142,28.925636291503906,0.0012806678423658013,0.04954364523291588,31.80852508544922,0.0006593982689082623,28.613035202026367,0.0013762477319687605,0.05812440812587738
2976,32,11,3200,-1,3,27.476186752319336,0.09720346331596375,22.334632873535156,0.11613376438617706,26.492897033691406,23.757095336914062,0.1295321136713028,20.866680145263672,24.571369171142578,0.07586287707090378,18.019197463989258,18.106487274169922,21.805767059326172,0.12004046142101288,100.0,0.30453115701675415,0.38135266304016113,3200,3232,0.40093496441841125,0,0,0.001788057037629187,0.002242386806756258,27.649364471435547,0.001718160230666399,0.1134277954697609,0.005841667298227549,0.13050910830497742,22.001850128173828,0.006306884344667196,0.14612960815429688,0.004210082348436117,0.015779027715325356,26.143497467041016,0.0024302450474351645,0.14053624868392944,0.008190907537937164,0.1505679488182068,21.48584747314453,0.007102565374225378,0.16316241025924683,0.003490303410217166,0.015465045347809792,27.830333709716797,0.0016480354825034738,0.07537055015563965,0.006598166190087795,0.0,21.184289932250977,0.007613267749547958,0.14138567447662354,29.658756256103516,0.0010817439761012793,0.07616999745368958,35.82072448730469,0.0002617747522890568,29.179716110229492,0.0012078930158168077,0.09239214658737183,22.937969207763672,0.005083973053842783,0.11790983378887177,22.341331481933594,0.0058326623402535915,0.13971447944641113,27.32027816772461,0.0018534130649641156,0.09699006378650665,31.340885162353516,0.0007343642064370215,26.934518814086914,0.002025574678555131,0.11260362714529037,22.20421028137207,0.0060197594575583935,0.13075143098831177,21.6505069732666,0.006838319357484579,0.1534673422574997,29.549978256225586,0.001109180855564773,0.04834931343793869,31.478805541992188,0.0007114090258255601,29.316747665405273,0.0011703764321282506,0.055802442133426666
3460,32,11,3716,-1,0,27.389266967773438,0.09992127120494843,22.403621673583984,0.11882384121417999,28.58527374267578,23.365142822265625,0.1401115208864212,20.658761978149414,24.187162399291992,0.07189936935901642,17.928665161132812,17.84575843811035,21.754932403564453,0.11356181651353836,100.0,0.35714370012283325,0.3327059745788574,3716,3748,0.42311397194862366,0,0,0.001824204227887094,0.0013850725954398513,27.231332778930664,0.0018917628331109881,0.11490711569786072,0.005749600473791361,0.13321290910243988,21.99407196044922,0.006318192929029465,0.15249453485012054,0.004607717972248793,0.016111407428979874,25.46999740600586,0.002837920328602195,0.14629501104354858,0.008592582307755947,0.15140511095523834,21.264493942260742,0.0074739581905305386,0.16065241396427155,0.0038131491746753454,0.016421932727098465,27.273841857910156,0.001873336499556899,0.06826084107160568,0.00667585339397192,0.0,21.133451461791992,0.007702908478677273,0.1353520005941391,29.169626235961914,0.0012107021175324917,0.08668301999568939,38.44953536987305,0.000142904682434164,28.617040634155273,0.001374978688545525,0.10196196287870407,22.819347381591797,0.005224747117608786,0.1146366074681282,22.21341323852539,0.006007014773786068,0.13627497851848602,26.887304306030273,0.0020477159414440393,0.10617353022098541,30.32048797607422,0.0009288625442422926,26.53676986694336,0.0022198474034667015,0.12324531376361847,22.124414443969727,0.006131384056061506,0.12491477280855179,21.59101676940918,0.006932636722922325,0.14751064777374268,29.384082794189453,0.0011523694265633821,0.03957691788673401,30.331615447998047,0.000926485110539943,29.255050659179688,0.0011871210299432278,0.04652378335595131
3488,32,11,3744,-1,0,26.23839569091797,0.09824879467487335,19.440052032470703,0.1415633261203766,26.14813995361328,23.11366081237793,0.12191985547542572,18.5511474609375,24.617712020874023,0.06330425292253494,18.09545135498047,18.04607582092285,19.01284408569336,0.2087988257408142,100.0,0.4022585451602936,0.3519212305545807,3744,3776,0.43241527676582336,0,0,0.0023777184542268515,0.0024276499170809984,26.252450942993164,0.0023700364399701357,0.10953162610530853,0.011376137845218182,0.21158760786056519,18.943912506103516,0.012752892449498177,0.24069622159004211,0.004882408771663904,0.015504398383200169,24.88349723815918,0.0032482570968568325,0.12750352919101715,0.013959999196231365,0.22165006399154663,18.65413475036621,0.013632846996188164,0.2452666312456131,0.0034532572608441114,0.01568167842924595,28.035581588745117,0.0015719615621492267,0.060697127133607864,0.012552077881991863,0.0,18.39136505126953,0.014483167789876461,0.24050381779670715,27.65660858154297,0.0017152967629954219,0.07847986370325089,35.10474395751953,0.0003086924261879176,27.140609741210938,0.0019316974794492126,0.09055355936288834,19.6923828125,0.010734004899859428,0.20065511763095856,19.08325958251953,0.012350199744105339,0.23174545168876648,26.027183532714844,0.0024962134193629026,0.09352761507034302,30.466840744018555,0.0008980821003206074,25.619199752807617,0.0027420800179243088,0.10737505555152893,19.351003646850586,0.01161180343478918,0.2114376574754715,18.770801544189453,0.013271494768559933,0.24384699761867523,29.93773651123047,0.0010144403204321861,0.04022771492600441,31.186161041259766,0.0007609989843331277,29.77393913269043,0.0010534313041716814,0.04634413868188858
3594,32,11,3850,-1,2,21.96636199951172,0.15988554060459137,17.271087646484375,0.2736921012401581,22.233543395996094,20.02372932434082,0.18822963535785675,16.43903350830078,22.43022918701172,0.09440259635448456,17.609573364257812,18.022953033447266,16.393688201904297,0.2733596861362457,22.552162170410156,0.4846894443035126,0.5646752119064331,3850,3882,0.46910375356674194,0,0,0.006358633749186993,0.005979236681014299,21.926679611206055,0.006417002063244581,0.1771729290485382,0.01874525099992752,0.28067436814308167,16.865474700927734,0.020580345764756203,0.3151698112487793,0.009945511817932129,0.01733975112438202,20.551259994506836,0.008807935751974583,0.19741575419902802,0.022703705355525017,0.3048517107963562,16.28534507751465,0.023521531373262405,0.33014780282974243,0.005714484490454197,0.015765389427542686,23.80052375793457,0.0041681919246912,0.08915632963180542,0.02294200100004673,0.005556279327720404,15.914764404296875,0.025616729632019997,0.31210196018218994,22.652172088623047,0.00542978523299098,0.14159515500068665,23.76422882080078,0.00420317193493247,22.503799438476562,0.005618495400995016,0.16076292097568512,17.33513069152832,0.018470849841833115,0.2696900963783264,16.859811782836914,0.020607195794582367,0.3074854016304016,21.225614547729492,0.0075411684811115265,0.15401017665863037,22.61102294921875,0.005481482017785311,21.046855926513672,0.00785804446786642,0.17411546409130096,16.8052921295166,0.020867519080638885,0.2760176360607147,16.350353240966797,0.023172056302428246,0.3145485818386078,25.727136611938477,0.0026747696101665497,0.056223973631858826,29.383316040039062,0.0011525730369612575,25.362632751464844,0.0029089536983519793,0.0646260604262352
3824,32,11,4112,-1,1,26.734037399291992,0.12820890545845032,21.688852310180664,0.15973523259162903,25.37042236328125,23.6162109375,0.16613709926605225,20.410490036010742,24.982955932617188,0.0596592053771019,18.024845123291016,17.987539291381836,21.221057891845703,0.2084270417690277,100.0,0.3599487245082855,0.44377219676971436,4112,4144,0.3908011317253113,0,0,0.00212127179838717,0.0029037413187325,26.987764358520508,0.002000891836360097,0.14898774027824402,0.006778205279260874,0.20993810892105103,21.325721740722656,0.007369324564933777,0.24237483739852905,0.004348896909505129,0.01575852558016777,25.861019134521484,0.002593569690361619,0.186014786362648,0.009098106995224953,0.22667661309242249,20.90508460998535,0.008118797093629837,0.25455179810523987,0.00317471195012331,0.01589447259902954,29.14415168762207,0.0012178255710750818,0.055433664470911026,0.0075490823946893215,0.0,20.599578857421875,0.008710481226444244,0.24518994987010956,28.091201782226562,0.0015519581502303481,0.1182015985250473,35.32200241088867,0.0002936297678388655,27.580684661865234,0.001745547167956829,0.14121921360492706,21.969497680664062,0.006354046985507011,0.20269782841205597,21.369781494140625,0.007294942624866962,0.23853664100170135,26.788978576660156,0.002094604540616274,0.13532304763793945,30.66706657409668,0.0008576171821914613,26.41130828857422,0.00228491029702127,0.15974682569503784,21.529972076416016,0.007030766922980547,0.20798221230506897,20.958641052246094,0.008019289001822472,0.24405112862586975,30.79949188232422,0.000831860990729183,0.0324077233672142,31.367374420166016,0.0007298991549760103,30.71836280822754,0.0008475473732687533,0.03788667544722557
3891,32,11,4179,-1,0,24.790729522705078,0.0967164933681488,18.000497817993164,0.18594607710838318,27.060443878173828,21.620758056640625,0.13055133819580078,17.011791229248047,23.035791397094727,0.08281432837247849,18.104450225830078,18.117088317871094,17.1800537109375,0.2509404122829437,33.61024475097656,0.45914703607559204,0.4049815535545349,4179,4211,0.44463932514190674,0,0,0.0033183882478624582,0.001967685529962182,24.52694320678711,0.003526188898831606,0.11045253276824951,0.015847112983465195,0.26100435853004456,17.49728012084961,0.017793932929635048,0.2999042570590973,0.006885319948196411,0.015472309663891792,22.54593849182129,0.00556424492970109,0.13950461149215698,0.01989852450788021,0.2795388102531433,16.874547958374023,0.02053738944232464,0.3089357018470764,0.004970739129930735,0.01542734820395708,24.73398208618164,0.0033620307222008705,0.08082016557455063,0.019142325967550278,0.000435487600043416,16.571767807006836,0.02202029712498188,0.288872629404068,25.690349578857422,0.0026975227519869804,0.0851859599351883,36.155487060546875,0.00024235463934019208,25.12120819091797,0.0030752408783882856,0.10026570409536362,17.943618774414062,0.016056030988693237,0.247287318110466,17.34446144104004,0.01843121275305748,0.28593552112579346,23.791736602783203,0.004176632035523653,0.09717178344726562,30.1005859375,0.0009771054610610008,23.307886123657227,0.004668866749852896,0.11238396912813187,17.492069244384766,0.01781529001891613,0.2560233771800995,16.905925750732422,0.020389538258314133,0.2934892773628235,26.774187088012695,0.0021017517428845167,0.048648908734321594,30.79018783569336,0.0008336451137438416,26.388683319091797,0.002296845195814967,0.056556910276412964
4054,32,11,4342,-1,3,26.40537452697754,0.12200962007045746,24.512178421020508,0.18357574939727783,26.098438262939453,22.75173568725586,0.17228031158447266,21.761741638183594,23.71514892578125,0.09033907204866409,18.099140167236328,18.116622924804688,23.26854705810547,0.0975273996591568,100.0,0.312220960855484,0.5879673957824707,4342,4374,0.40589043498039246,0,0,0.00228803395293653,0.002455593552440405,26.4545841217041,0.0022622556425631046,0.13673140108585358,0.0035382001660764217,0.11308522522449493,24.147031784057617,0.003848546650260687,0.12934476137161255,0.00530672213062644,0.015491236001253128,24.27143096923828,0.003739874344319105,0.1788327991962433,0.0066653951071202755,0.14615695178508759,22.667827606201172,0.005410251207649708,0.1551486849784851,0.004250942263752222,0.0154289985075593,25.966665267944336,0.0025312411598861217,0.08850077539682388,0.004711349494755268,0.0,22.64706802368164,0.005436172243207693,0.11574498564004898,28.317678451538086,0.0014730998082086444,0.10111114382743835,35.130859375,0.00030684148077853024,27.818523406982422,0.0016525241080671549,0.1150585412979126,25.461166381835938,0.0028436980210244656,0.08957576751708984,24.866817474365234,0.003260756842792034,0.10537956655025482,25.882247924804688,0.0025809230282902718,0.1327860951423645,31.16956901550293,0.0007639115210622549,25.435636520385742,0.0028604636900126934,0.14962226152420044,23.93657684326172,0.004039635881781578,0.11122612655162811,23.40943145751953,0.0045609669759869576,0.12953893840312958,28.08304786682129,0.0015548740047961473,0.05482717975974083,31.40839385986328,0.0007230373448692262,27.739547729492188,0.0016828489024192095,0.06285455077886581
4326,32,11,4646,-1,3,27.108428955078125,0.10484245419502258,24.96756362915039,0.15884564816951752,27.9984073638916,23.180665969848633,0.13946162164211273,22.106590270996094,23.870847702026367,0.0885264053940773,17.969680786132812,17.936677932739258,23.828651428222656,0.086814746260643,100.0,0.270939439535141,0.5862773060798645,4646,4678,0.35699525475502014,0,0,0.0019460641779005527,0.0015854749362915754,26.986358642578125,0.002001539571210742,0.11871208250522614,0.0031859849113970995,0.10361778736114502,24.57066535949707,0.003490868955850601,0.11886179447174072,0.00480765663087368,0.015959972515702248,25.09772491455078,0.003091915510594845,0.14366601407527924,0.006156600546091795,0.13203388452529907,23.31265640258789,0.004663740284740925,0.13904616236686707,0.004101240076124668,0.016081715002655983,26.462589263916016,0.0022580900695174932,0.08815188705921173,0.004141282755881548,0.0,23.207172393798828,0.004778403323143721,0.1013169065117836,29.05299186706543,0.0012436573160812259,0.08466331660747528,38.7276725769043,0.00013403961202129722,28.49437713623047,0.0014143676962703466,0.09869502484798431,26.051671981811523,0.0024821774568408728,0.08333515375852585,25.456209182739258,0.0028469464741647243,0.0974435955286026,26.339628219604492,0.0023229364305734634,0.09923742711544037,30.346803665161133,0.000923250918276608,25.954618453979492,0.0025382726453244686,0.11348855495452881,24.3656063079834,0.003659649286419153,0.1035037413239479,23.899972915649414,0.004073828924447298,0.12019161880016327,28.250804901123047,0.0014959595864638686,0.06104303151369095,30.411376953125,0.0009096250287257135,27.996519088745117,0.0015861649299040437,0.07094046473503113
4474,32,11,4794,-1,3,25.360830307006836,0.14506343007087708,21.24803352355957,0.16203604638576508,24.654998779296875,22.620431900024414,0.19795462489128113,19.879281997680664,24.01043701171875,0.08596742153167725,17.767606735229492,17.945045471191406,20.52503204345703,0.1896551251411438,100.0,0.30113235116004944,0.5380891561508179,4794,4826,0.35272032022476196,0,0,0.002910161856561899,0.0034237366635352373,25.480369567871094,0.0028311503119766712,0.1652754247188568,0.007502340245991945,0.2006302773952484,20.864961624145508,0.008194152265787125,0.2311786562204361,0.005469614639878273,0.016720116138458252,24.27271270751953,0.0037387683987617493,0.22054871916770935,0.010281863622367382,0.23177748918533325,20.29150390625,0.009350818581879139,0.25897446274757385,0.003971517086029053,0.016050750389695168,26.75065040588379,0.002113173482939601,0.08734254539012909,0.008861292153596878,0.0,19.90355110168457,0.010224567726254463,0.2233147919178009,27.246776580810547,0.001885048346593976,0.1335715353488922,33.02778625488281,0.0004979911027476192,26.78103256225586,0.0020984415896236897,0.16230818629264832,21.527212142944336,0.007035240996629,0.17546722292900085,20.9231014251709,0.008085183799266815,0.2054889053106308,25.4208927154541,0.00287018995732069,0.16639289259910583,29.453136444091797,0.0011341917561367154,25.034486770629883,0.003137266496196389,0.19898360967636108,20.901430130004883,0.00812563207000494,0.1999613493680954,20.332603454589844,0.009262747131288052,0.23480504751205444,28.665388107299805,0.0013597570359706879,0.051372453570365906,31.318973541259766,0.0007380786701105535,28.37017822265625,0.0014554000226780772,0.060973942279815674
4675,149,11,170,-1,2,24.955001831054688,0.22636157274246216,20.011930465698242,0.19178324937820435,26.451568603515625,22.571758270263672,0.26527440547943115,19.08378791809082,24.864990234375,0.0842655822634697,17.98600959777832,18.032062530517578,19.611967086791992,0.2969488501548767,100.0,0.33903393149375916,0.565675675868988,170,202,0.3641960322856903,0,0,0.0031952145509421825,0.0022638270165771246,24.764480590820312,0.0033385050483047962,0.26201656460762024,0.00997256487607956,0.3121866285800934,19.551151275634766,0.011088812723755836,0.3603309392929077,0.005531261209398508,0.01590007357299328,24.04938507080078,0.0039360602386295795,0.2980879247188568,0.012348701246082783,0.3241884112358093,19.26505470275879,0.011843894608318806,0.3662223219871521,0.003262127051129937,0.015732357278466225,28.71720314025879,0.0013436302542686462,0.08326977491378784,0.01093460712581873,0.0,18.990489959716797,0.012616856023669243,0.3517014980316162,25.50564956665039,0.0028147194534540176,0.21197788417339325,33.93424606323242,0.0004041805805172771,24.968128204345703,0.0031855718698352575,0.25114619731903076,20.15775489807129,0.009643277153372765,0.28903475403785706,19.548316955566406,0.0110960453748703,0.3426087200641632,24.562984466552734,0.003497048746794462,0.22720853984355927,30.079689025878906,0.0009818183025345206,24.10719871520996,0.003884007455781102,0.26945608854293823,19.827392578125,0.010405445471405983,0.3009548783302307,19.250640869140625,0.011883269064128399,0.35551735758781433,29.866741180419922,0.0010311597725376487,0.04891667142510414,30.783084869384766,0.0008350098505616188,29.741470336914062,0.0010613364866003394,0.05742562934756279
4953,149,11,448,-1,0,27.67606544494629,0.161799818277359,23.914995193481445,0.15746694803237915,26.704212188720703,23.889808654785156,0.2074929028749466,21.846399307250977,24.594667434692383,0.10122866928577423,18.117694854736328,18.12862777709961,22.978116989135742,0.2599226236343384,34.50343322753906,0.3177083134651184,0.49563369154930115,448,480,0.35235950350761414,0,0,0.0017076296498999,0.0021358903031796217,27.846946716308594,0.0016417433507740498,0.19003930687904358,0.0040597631596028805,0.2646825611591339,23.496891021728516,0.004470035899430513,0.30994880199432373,0.004083374049514532,0.015425187535583973,26.310665130615234,0.002338479505851865,0.23277661204338074,0.006536723580211401,0.28008928894996643,22.837844848632812,0.005202542990446091,0.31575560569763184,0.003471629461273551,0.015386407263576984,27.855304718017578,0.001638587098568678,0.10429099202156067,0.005037189926952124,0.0003545331710483879,22.397584915161133,0.005757598672062159,0.3089652955532074,29.81572914123535,0.0010433433344587684,0.1364106982946396,33.21518325805664,0.00047696009278297424,29.467374801635742,0.0011304792715236545,0.16598935425281525,24.647302627563477,0.0034298086538910866,0.24112649261951447,24.08648681640625,0.0039025747682899237,0.2861054539680481,27.009315490722656,0.0019909872207790613,0.16816465556621552,29.514739990234375,0.001118217478506267,26.725881576538086,0.002125259255990386,0.2033049762248993,23.528167724609375,0.004437957424670458,0.25381678342819214,23.040863037109375,0.00496493699029088,0.30160045623779297,29.028799057006836,0.0012506050989031792,0.05777611956000328,31.163827896118164,0.0007649222388863564,28.776775360107422,0.0013253255747258663,0.07027770578861237
5013,149,11,508,-1,0,24.220741271972656,0.17375776171684265,21.05022430419922,0.2284010946750641,25.295310974121094,22.151466369628906,0.22000759840011597,19.77337646484375,24.445491790771484,0.08480779826641083,18.266094207763672,18.1457576751709,20.253997802734375,0.20445145666599274,100.0,0.3713245093822479,0.6150983572006226,508,540,0.4285394847393036,0,0,0.0037837799172848463,0.00295439874753356,24.076702117919922,0.003911376930773258,0.20239470899105072,0.007851951755583286,0.2186189740896225,20.594797134399414,0.008720079436898232,0.2551961839199066,0.0060933115892112255,0.01490701548755169,23.244638442993164,0.004737357143312693,0.24687466025352478,0.010535676032304764,0.23427417874336243,20.056791305541992,0.009870081208646297,0.26021867990493774,0.00359294842928648,0.015325836837291718,27.476594924926758,0.0017878887010738254,0.08611560612916946,0.009431921876966953,0.0,19.632518768310547,0.010882989503443241,0.2390793263912201,24.908824920654297,0.003229369642212987,0.16424138844013214,34.88479995727539,0.00032472802558913827,24.345966339111328,0.003676238004118204,0.19346293807029724,21.16021728515625,0.007655587047338486,0.20084621012210846,20.548904418945312,0.00881271529942751,0.23787695169448853,23.8295955657959,0.004140383098274469,0.18736454844474792,29.906217575073242,0.0010218290844932199,23.35342788696289,0.004620160907506943,0.21926331520080566,20.577600479125977,0.008754678070545197,0.20927323400974274,20.010099411010742,0.00997677631676197,0.2442660927772522,28.56013298034668,0.0013931147987022996,0.060529422014951706,30.88593292236328,0.0008154678507708013,28.291566848754883,0.0014819836942479014,0.07162424176931381
5404,149,11,931,-1,0,23.830692291259766,0.13912412524223328,20.068559646606445,0.22563794255256653,25.980770111083984,21.368614196777344,0.18833784759044647,18.826751708984375,23.276554107666016,0.07993408292531967,17.888525009155273,17.879207611083984,19.40496063232422,0.25826725363731384,100.0,0.454261839389801,0.49671339988708496,931,963,0.4331260919570923,0,0,0.004139336757361889,0.00252303434535861,23.577335357666016,0.00438799848780036,0.1555117666721344,0.009843377396464348,0.2664742171764374,19.583049774169922,0.011007660999894142,0.3067670166492462,0.0072969067841768265,0.016261009499430656,22.27838706970215,0.005917814560234547,0.19864287972450256,0.013101615011692047,0.2874976694583893,18.94732666015625,0.012742877006530762,0.31822454929351807,0.004702672362327576,0.01629592850804329,25.347518920898438,0.002919095102697611,0.07623140513896942,0.011468428187072277,0.0,18.78348159790039,0.013232801109552383,0.3000410199165344,25.089529037475586,0.003097756300121546,0.13271981477737427,35.185001373291016,0.00030304008396342397,24.525068283081055,0.003527712542563677,0.15177465975284576,20.589527130126953,0.008730664849281311,0.24689748883247375,19.977319717407227,0.01005235780030489,0.2891150116920471,23.353193283081055,0.004620412364602089,0.15679660439491272,28.919822692871094,0.0012823832221329212,22.89548110961914,0.005133954808115959,0.17790213227272034,19.81682777404785,0.010430792346596718,0.2600603997707367,19.25836944580078,0.011862141080200672,0.3016984462738037,27.282655715942383,0.0018695384496822953,0.04664545878767967,29.403078079223633,0.001147340051829815,27.031932830810547,0.0019806455820798874,0.05281466618180275
5422,149,11,949,-1,2,25.146467208862305,0.17650270462036133,22.554340362548828,0.18005011975765228,26.06031608581543,22.325000762939453,0.20253635942935944,20.721529006958008,23.94025993347168,0.08243896067142487,18.073640823364258,18.187562942504883,21.691247940063477,0.10990005731582642,100.0,0.34387001395225525,0.52359938621521,949,981,0.40926066040992737,0,0,0.0030574079137295485,0.002477242611348629,25.02149772644043,0.003146663773804903,0.2055850476026535,0.005553488153964281,0.13120096921920776,22.154844284057617,0.006088574416935444,0.15195097029209137,0.005854635499417782,0.015582453459501266,23.607080459594727,0.0043580480851233006,0.22415032982826233,0.008469294756650925,0.14612489938735962,21.28618049621582,0.007436730433255434,0.158189594745636,0.0040362123399972916,0.01517902035266161,26.341503143310547,0.0023219340946525335,0.08219394832849503,0.006774467881768942,0.0,21.06977081298828,0.007816693745553493,0.1300874948501587,26.375925064086914,0.002303601708263159,0.15505662560462952,37.45777130126953,0.00017956546798814088,25.799819946289062,0.0026303764898329973,0.1855383813381195,22.9862117767334,0.005027810111641884,0.10881505161523819,22.385189056396484,0.005774056073278189,0.1302899420261383,24.708351135253906,0.0033819316886365414,0.16616174578666687,31.316469192504883,0.0007385046919807792,24.215200424194336,0.0037886123172938824,0.19818323850631714,22.130231857299805,0.006123176775872707,0.11612653732299805,21.572742462158203,0.0069618686102330685,0.13809822499752045,28.28978729248047,0.0014825909165665507,0.04732194542884827,31.88015365600586,0.0006486112833954394,27.9293270111084,0.0016108955023810267,0.056104764342308044
5687,149,11,1246,-1,1,26.333581924438477,0.13686402142047882,23.528152465820312,0.19996026158332825,27.63080596923828,22.761249542236328,0.18201787769794464,21.106138229370117,24.10061264038086,0.09201613813638687,18.027481079101562,18.08580780029297,22.337434768676758,0.10813002288341522,100.0,0.2826145589351654,0.7075369954109192,1246,1278,0.4286101758480072,0,0,0.002326171612367034,0.0017255183774977922,26.164396286010742,0.0024185802321881056,0.15569962561130524,0.004437974188476801,0.11611322313547134,23.007516860961914,0.005003205966204405,0.1335623860359192,0.005295112729072571,0.01574896089732647,24.333473205566406,0.0036868280731141567,0.19654148817062378,0.007751507218927145,0.14801277220249176,21.846813201904297,0.006536099594086409,0.15448972582817078,0.003889902029186487,0.015538862906396389,26.782455444335938,0.0020977540407329798,0.08758151531219482,0.00583789823576808,0.0,21.71595573425293,0.006736036855727434,0.12827131152153015,27.232025146484375,0.0018914617830887437,0.12495677173137665,36.819976806640625,0.00020797079196199775,26.674686431884766,0.0021504603791981936,0.14320522546768188,23.595970153808594,0.004369211383163929,0.10256814956665039,22.98175048828125,0.005032977554947138,0.11940615624189377,25.62495231628418,0.002738448791205883,0.14269007742404938,31.50701332092285,0.000706803984940052,25.155563354492188,0.00305100972764194,0.16617295145988464,22.61317253112793,0.005478765815496445,0.1175740659236908,22.05820083618164,0.0062255836091935635,0.13750781118869781,29.031768798828125,0.001249750261195004,0.05253109335899353,31.916778564453125,0.0006431646179407835,28.719009399414062,0.0013430712278932333,0.0615326389670372
5872,149,11,1431,-1,2,24.627613067626953,0.11423792690038681,23.749523162841797,0.17089645564556122,26.511137008666992,21.835622787475586,0.15121477842330933,21.372224807739258,23.617267608642578,0.08821167051792145,17.913095474243164,18.30866241455078,22.42640495300293,0.07675699889659882,100.0,0.2218882143497467,0.7701916694641113,1431,1463,0.3956677317619324,0,0,0.0034453922417014837,0.0022329878993332386,24.39864158630371,0.00363191612996161,0.12745925784111023,0.004217428155243397,0.09205744415521622,23.250198364257812,0.004731296561658382,0.10542287677526474,0.006552965845912695,0.016169274225831032,22.9468936920166,0.005073533859103918,0.1584789752960205,0.007290842942893505,0.12357944250106812,22.1343994140625,0.00611730245873332,0.1301172822713852,0.004347839392721653,0.014761609956622124,25.61343765258789,0.0027457207906991243,0.08677414059638977,0.00571952061727643,0.0,21.8049259185791,0.006599445827305317,0.09039713442325592,25.573017120361328,0.0027713936287909746,0.09581878036260605,35.156314849853516,0.00030504827736876905,25.015750885009766,0.0031508312094956636,0.11024854332208633,24.181171417236328,0.0038184139411896467,0.07107184827327728,23.569931030273438,0.004395484458655119,0.08318369835615158,23.897968292236328,0.004075710661709309,0.11451723426580429,29.822559356689453,0.001041703624650836,23.42706871032715,0.004542481154203415,0.13202521204948425,23.0405330657959,0.004965314641594887,0.0888444185256958,22.515342712402344,0.005603582598268986,0.10325716435909271,27.171031951904297,0.0019182130927219987,0.05894128605723381,30.873779296875,0.0008177526178769767,26.8037052154541,0.0020875148475170135,0.06776543706655502
5881,149,11,1440,-1,3,20.17352867126465,0.28927698731422424,21.99907684326172,0.24189729988574982,26.752330780029297,18.83159828186035,0.3315824568271637,20.131023406982422,23.62144660949707,0.08302289247512817,18.02771759033203,18.2286434173584,20.738948822021484,0.09288105368614197,100.0,0.2829802930355072,0.8548203110694885,1440,1472,0.3874870538711548,0,0,0.009608316235244274,0.002112354850396514,19.681255340576172,0.010761542245745659,0.33091509342193604,0.006310916040092707,0.10989969968795776,21.456029891967773,0.007151497527956963,0.1279374659061432,0.013087001629173756,0.015748104080557823,18.969629287719727,0.012677602469921112,0.36672571301460266,0.009702816605567932,0.14518900215625763,20.508756637573242,0.008894558995962143,0.153188094496727,0.004343654494732618,0.015036121010780334,25.688518524169922,0.002698659896850586,0.08006471395492554,0.008435389026999474,0.0,20.117469787597656,0.009733141399919987,0.10861822962760925,20.188922882080078,0.009574316442012787,0.2713385224342346,35.22606658935547,0.0003001882287207991,19.585636138916016,0.01100110448896885,0.3145049214363098,22.010528564453125,0.0062942951917648315,0.09568783640861511,21.394845962524414,0.007252962794154882,0.11308607459068298,19.680999755859375,0.010762172751128674,0.2896268963813782,29.96356773376465,0.0010084244422614574,19.11412239074707,0.012262748554348946,0.3370310962200165,21.234586715698242,0.007525607477873564,0.10816602408885956,20.6724910736084,0.008565463125705719,0.12687285244464874,27.658777236938477,0.0017144405283033848,0.0460323765873909,31.152786254882812,0.0007668696343898773,27.30435562133789,0.0018602205673232675,0.053919777274131775
6178,149,11,1769,-1,2,24.720468521118164,0.08648378401994705,23.8333683013916,0.12352371215820312,27.844558715820312,21.657398223876953,0.1317102313041687,21.176532745361328,23.028583526611328,0.07406928390264511,18.17905044555664,18.133926391601562,22.655771255493164,0.043007951229810715,100.0,0.1792355477809906,0.689169704914093,1769,1801,0.4103641211986542,0,0,0.0033725094981491566,0.0016426470829173923,24.390605926513672,0.0036386423744261265,0.09834155440330505,0.004136787261813879,0.06088590994477272,23.43496322631836,0.004534231033176184,0.06791893392801285,0.006827476900070906,0.01520879939198494,22.566436767578125,0.005538043100386858,0.13434569537639618,0.007626878097653389,0.09313928335905075,21.889020919799805,0.006472884677350521,0.09173388034105301,0.004978994373232126,0.015367643907666206,24.709882736206055,0.003380740759894252,0.0678093284368515,0.005425291135907173,0.0,22.034290313720703,0.006259951274842024,0.05067204311490059,26.14870262145996,0.0024273348972201347,0.07045242935419083,37.944366455078125,0.00016053263971116394,25.565690994262695,0.0027760735247284174,0.08434703946113586,25.09832763671875,0.003091484773904085,0.04424575716257095,24.49660873413086,0.00355090806260705,0.051507629454135895,23.92858123779297,0.004047082737088203,0.09799749404191971,30.591896057128906,0.0008725907537154853,23.433780670166016,0.004535466432571411,0.11307580024003983,23.217529296875,0.004767021629959345,0.06328099966049194,22.690811157226562,0.005381693132221699,0.07401375472545624,26.856658935546875,0.0020622159354388714,0.04264841601252556,31.032447814941406,0.0007884158985689282,26.462406158447266,0.0022581852972507477,0.04849431663751602
6578,149,11,2201,-1,1,28.30832290649414,0.07416942715644836,25.117090225219727,0.14592169225215912,28.33402442932129,23.7333984375,0.11330986022949219,22.339366912841797,24.54934310913086,0.07180089503526688,18.008638381958008,17.991426467895508,24.4646053314209,0.06520996987819672,100.0,0.3046738803386688,0.4789438843727112,2201,2233,0.3775150775909424,0,0,0.0014762767823413014,0.0014675664715468884,28.304384231567383,0.0014776167226955295,0.0836300402879715,0.0030781596433371305,0.07624360918998718,24.874935150146484,0.0032546662259846926,0.08681593835353851,0.004233115818351507,0.015817441046237946,26.10672378540039,0.002450911793857813,0.11687702685594559,0.0058353012427687645,0.10881897807121277,23.727846145629883,0.004238532856106758,0.11236899346113205,0.003508049761876464,0.01588025875389576,27.94624137878418,0.001604633522219956,0.06778663396835327,0.0035771687980741262,0.0,23.84312629699707,0.00412750244140625,0.07558872550725937,30.399234771728516,0.0009121720213443041,0.060733843594789505,38.277870178222656,0.00014866635319776833,29.873170852661133,0.0010296344989910722,0.07125210762023926,26.07888412475586,0.0024666721001267433,0.06412102282047272,25.48459243774414,0.00282839871942997,0.07503762096166611,27.763439178466797,0.0016736174002289772,0.08078159391880035,30.19838523864746,0.000955347903072834,27.485759735107422,0.0017841202206909657,0.09460394084453583,24.870830535888672,0.0032577456440776587,0.07653741538524628,24.407440185546875,0.00362456776201725,0.08935187757015228,30.009387969970703,0.0009978408925235271,0.03898172080516815,30.40390396118164,0.0009111913968808949,29.951751708984375,0.0010111716110259295,0.04561727121472359
6624,149,11,2247,-1,3,27.71954345703125,0.08563588559627533,24.649169921875,0.13386261463165283,27.09893226623535,23.717998504638672,0.12738476693630219,22.336519241333008,24.659446716308594,0.07852691411972046,17.889301300048828,18.083820343017578,23.810155868530273,0.06587650626897812,100.0,0.2569497227668762,0.5209681391716003,2247,2279,0.444013774394989,0,0,0.0016906195087358356,0.001950324629433453,27.82341194152832,0.001650664838962257,0.0968649685382843,0.0034283343702554703,0.07775619626045227,24.341089248657227,0.003680366324260831,0.09009191393852234,0.004248153418302536,0.016258100047707558,26.197040557861328,0.0024004692677408457,0.13230517506599426,0.005839130841195583,0.10486438870429993,23.549785614013672,0.004415924660861492,0.10781450569629669,0.003420229535549879,0.015545975416898727,28.08344841003418,0.001554730348289013,0.07645930349826813,0.004158956930041313,0.0,23.188676834106445,0.0047987960278987885,0.07735368609428406,30.011127471923828,0.0009974415879696608,0.07553800195455551,37.62749099731445,0.00017268343071918935,29.491071701049805,0.0011243276530876756,0.08923115581274033,25.43541145324707,0.0028606117703020573,0.06636501103639603,24.83975601196289,0.0032811386045068502,0.07938246428966522,27.187910079956055,0.0019107736879959702,0.09754744917154312,30.052061080932617,0.0009880843572318554,26.876689910888672,0.0020527259912341833,0.11336931586265564,24.184913635253906,0.003815125208348036,0.08308393508195877,23.71310043334961,0.004252946469932795,0.09808529913425446,29.451858520507812,0.0011345254024490714,0.046364180743694305,30.280675888061523,0.0009374162764288485,29.33730125427246,0.0011648498475551605,0.05371954292058945
6671,149,11,2294,-1,2,26.570985794067383,0.1141330748796463,20.499309539794922,0.16322258114814758,24.764820098876953,23.4224910736084,0.1436270922422409,19.368549346923828,24.563486099243164,0.0723852664232254,18.082275390625,18.055389404296875,19.949464797973633,0.27788233757019043,100.0,0.4324691891670227,0.3774201273918152,2294,2326,0.40865153074264526,0,0,0.0022024274803698063,0.003338244976475835,26.92999267578125,0.0020276864524930716,0.1248420849442482,0.008913925848901272,0.28836309909820557,20.03726577758789,0.009914563968777657,0.33388984203338623,0.004547271877527237,0.015551510266959667,25.44498634338379,0.002854312537238002,0.1499854475259781,0.011564988642930984,0.30504846572875977,19.625673294067383,0.010900157503783703,0.3430827856063843,0.0034966440871357918,0.01564808562397957,27.88561248779297,0.001627191435545683,0.07319357246160507,0.010117042809724808,0.0,19.327983856201172,0.011673511937260628,0.32658588886260986,28.486175537109375,0.0014170415233820677,0.0970015600323677,34.45555114746094,0.0003584635560400784,28.01370620727539,0.0015798995736986399,0.11199747025966644,20.851747512817383,0.008219117298722267,0.2726083993911743,20.243881225585938,0.009453924372792244,0.32040226459503174,26.397117614746094,0.0022923878859728575,0.11450037360191345,30.092723846435547,0.0009788763709366322,26.030223846435547,0.0024944664910435677,0.13217750191688538,20.28921127319336,0.0093557583168149,0.2809377610683441,19.716590881347656,0.010674339719116688,0.3303352892398834,29.37302017211914,0.0011553082149475813,0.04268559068441391,31.12122344970703,0.0007724628085270524,29.15707015991211,0.0012142074992880225,0.04917183145880699
6791,149,11,2414,-1,2,21.426725387573242,0.2174866795539856,20.45462417602539,0.24517475068569183,25.86391830444336,19.77196502685547,0.25182804465293884,19.13702392578125,23.381261825561523,0.08144843578338623,17.991771697998047,18.272113800048828,19.764707565307617,0.24930641055107117,100.0,0.3432225286960602,0.7143317461013794,2414,2446,0.356082022190094,0,0,0.007199916522949934,0.002591838827356696,21.01886558532715,0.007908850908279419,0.25143590569496155,0.009006120264530182,0.25133582949638367,19.971054077148438,0.010066874325275421,0.2971875071525574,0.010539104230701923,0.015878990292549133,20.124418258666992,0.009717581793665886,0.2808457016944885,0.0121982516720891,0.27668240666389465,19.296222686767578,0.011759205721318722,0.3128388226032257,0.004590646363794804,0.014886366203427315,25.219114303588867,0.0030066901817917824,0.07703562825918198,0.010556725785136223,0.0,19.14322853088379,0.012180838733911514,0.2969682216644287,21.81551170349121,0.006583379115909338,0.20388934016227722,35.58439636230469,0.0002764140663202852,21.218414306640625,0.00755368173122406,0.23983702063560486,20.773542404174805,0.008368466049432755,0.24259914457798004,20.162948608398438,0.009631747379899025,0.28914761543273926,21.003244400024414,0.0079373549669981,0.22200246155261993,30.85308265686035,0.0008216594578698277,20.44212532043457,0.00903207715600729,0.2611716389656067,20.128080368041992,0.009709389880299568,0.2529789209365845,19.54835319519043,0.011095959693193436,0.3014720678329468,27.343326568603516,0.0018436027457937598,0.045911215245723724,31.351409912109375,0.0007325869519263506,26.958267211914062,0.0020145282614976168,0.05406387150287628
6862,149,11,2485,-1,1,27.613037109375,0.090089350938797,21.627796173095703,0.1430128663778305,25.923587799072266,23.986495971679688,0.12075676769018173,20.4499454498291,24.84908103942871,0.06987308710813522,18.050067901611328,18.198993682861328,21.262393951416016,0.21348516643047333,100.0,0.39789360761642456,0.359424889087677,2485,2517,0.4047326445579529,0,0,0.0017325922381132841,0.0025564725510776043,27.942974090576172,0.0016058413311839104,0.10180456936359406,0.006874173879623413,0.21854275465011597,21.30474090576172,0.0074050165712833405,0.25169140100479126,0.003993467893451452,0.01566726341843605,26.580713272094727,0.002197499619796872,0.12375789880752563,0.009015821851789951,0.24273335933685303,20.954586029052734,0.008026784285902977,0.26997798681259155,0.003274100599810481,0.015139123424887657,28.390178680419922,0.0014487126609310508,0.06461489200592041,0.0074775731191039085,0.0,20.640914916992188,0.008627968840301037,0.25063300132751465,29.778106689453125,0.0010524208191782236,0.07467930763959885,32.42627716064453,0.0005719687906093895,29.483318328857422,0.0011263365158811212,0.08677416294813156,22.21758270263672,0.00600125128403306,0.20484468340873718,21.624553680419922,0.006879307795315981,0.24175609648227692,27.509153366088867,0.0017745355144143105,0.09017898887395859,28.912059783935547,0.0012846776517108083,27.328521728515625,0.0018498983699828386,0.10354341566562653,21.626850128173828,0.00687567051500082,0.22030746936798096,21.076339721679688,0.00780487572774291,0.2587067484855652,29.931623458862305,0.001015869085676968,0.04141843691468239,30.958396911621094,0.0008019740926101804,29.793170928955078,0.0010487762046977878,0.04819173738360405
6947,149,11,2602,-1,1,26.687671661376953,0.08368423581123352,26.403240203857422,0.07145696878433228,28.935335159301758,22.680347442626953,0.1375972330570221,22.424230575561523,23.343048095703125,0.09354284405708313,18.14375114440918,18.260190963745117,25.322975158691406,0.0510924756526947,100.0,0.08287578821182251,0.8622176647186279,2602,2634,0.3310551941394806,0,0,0.0021440398413687944,0.001277811243198812,26.425785064697266,0.0022773058153688908,0.0926228016614914,0.002289158757776022,0.06487829983234406,26.002857208251953,0.002510234946385026,0.07476351410150528,0.005394676700234413,0.015332921408116817,24.127700805664062,0.003865716280415654,0.14395327866077423,0.00572238489985466,0.12002941220998764,23.644012451171875,0.0043211430311203,0.12487845122814178,0.004631218500435352,0.014927292242646217,25.160982131958008,0.003047206671908498,0.09347154200077057,0.002935637952759862,0.0,24.70149803161621,0.0033872746862471104,0.059278782457113266,29.009721755981445,0.0012561107287183404,0.06122608482837677,37.941795349121094,0.00016062782378867269,28.462928771972656,0.001424646470695734,0.070236437022686,28.13081932067871,0.001537863863632083,0.04364222660660744,27.532569885253906,0.0017649935325607657,0.05208500474691391,25.915050506591797,0.002561503555625677,0.08397646993398666,31.58490753173828,0.0006942396867088974,25.453418731689453,0.002848775126039982,0.09605297446250916,25.320091247558594,0.002937588607892394,0.07537885010242462,24.829442977905273,0.0032889386638998985,0.08778852969408035,27.476577758789062,0.0017878958024084568,0.050689078867435455,32.02912139892578,0.0006267407443374395,27.062984466552734,0.0019665351137518883,0.06011267751455307
7522,149,11,3209,-1,3,24.242477416992188,0.08621086925268173,24.388944625854492,0.23809683322906494,26.501197814941406,21.57614517211914,0.12665724754333496,21.66677474975586,23.455535888671875,0.08661801367998123,18.05417823791504,18.079708099365234,23.077804565429688,0.05284395068883896,100.0,0.23204942047595978,1.026060938835144,3209,3241,0.390712708234787,0,0,0.003764890134334564,0.002238104585558176,23.97964096069336,0.003999779932200909,0.09752897173166275,0.003640035865828395,0.06801964342594147,24.079811096191406,0.003908579703420401,0.07594422996044159,0.0069564152508974075,0.015652449801564217,22.503747940063477,0.00561856385320425,0.1320813000202179,0.006812752224504948,0.10099515318870544,22.555219650268555,0.005552367307245731,0.10319812595844269,0.004512801766395569,0.015560708940029144,25.508113861083984,0.0028131240978837013,0.08412979543209076,0.004922882653772831,0.0,22.45632553100586,0.005680249538272619,0.06090327352285385,25.3958740234375,0.0028867728542536497,0.0738515853881836,37.30720138549805,0.00018590025138109922,24.811847686767578,0.0033022912684828043,0.08666189014911652,25.55110740661621,0.002785411197692156,0.05236387252807617,24.955198287963867,0.003195068333297968,0.06097858399152756,23.771230697631836,0.004196400288492441,0.09473581612110138,32.013038635253906,0.000629065849352628,23.237436294555664,0.004745221231132746,0.10897600650787354,23.845378875732422,0.004125362727791071,0.06923786550760269,23.307371139526367,0.004669418092817068,0.07976013422012329,27.755725860595703,0.0016765926266089082,0.04997783154249191,32.46596145629883,0.0005667664227075875,27.334545135498047,0.0018473349045962095,0.05663662403821945
7630,149,11,3317,-1,3,27.736948013305664,0.07226672768592834,21.932621002197266,0.13469281792640686,28.774738311767578,23.58538818359375,0.11280404031276703,20.5115909576416,24.42552947998047,0.0732157826423645,18.037931442260742,18.206647872924805,21.026443481445312,0.10515633970499039,100.0,0.4236569404602051,0.3179289698600769,3317,3349,0.27010706067085266,0,0,0.0016838572919368744,0.0013259476982057095,27.59720230102539,0.0017389203421771526,0.08226361125707626,0.006408228538930416,0.11693354696035385,21.58855628967285,0.006936565041542053,0.13213011622428894,0.004379871301352978,0.015711113810539246,25.789554595947266,0.0026366033125668764,0.1164352148771286,0.008888754062354565,0.14246784150600433,21.04768943786621,0.007856536656618118,0.1505574882030487,0.0036095003597438335,0.015112467110157013,27.352264404296875,0.0018398129614070058,0.06952621042728424,0.007895066402852535,0.0,20.404966354370117,0.00910969078540802,0.12168454378843307,29.904945373535156,0.0010221285047009587,0.058252811431884766,38.856056213378906,0.0001301351294387132,29.357824325561523,0.0011593581875786185,0.06823647022247314,22.303512573242188,0.005883677396923304,0.10170815885066986,21.698759078979492,0.006762765813618898,0.1192631796002388,27.27849006652832,0.0018713332246989012,0.0776422992348671,31.398452758789062,0.0007246938766911626,26.88725471496582,0.0020477392245084047,0.09085783362388611,21.60853385925293,0.006904727779328823,0.11618974804878235,21.032943725585938,0.007883255369961262,0.1357804238796234,29.300241470336914,0.0011748322285711765,0.0426364541053772,32.19075012207031,0.0006038443534635007,28.987079620361328,0.0012626765528693795,0.049700040370225906
7641,149,11,3328,-1,2,22.006500244140625,0.18484073877334595,19.408672332763672,0.21364636719226837,24.64173126220703,20.283313751220703,0.22690510749816895,18.340986251831055,24.034700393676758,0.06676651537418365,17.91286849975586,17.926715850830078,18.699951171875,0.18070027232170105,100.0,0.3428916931152344,0.6230724453926086,3328,3360,0.3371344208717346,0,0,0.006300137843936682,0.003434211714193225,21.712724685668945,0.006741049699485302,0.20605970919132233,0.01145863439887762,0.18898636102676392,18.920040130615234,0.012823189608752728,0.21091267466545105,0.009368469938635826,0.016170119866728783,20.797691345214844,0.008322061970829964,0.23835256695747375,0.014652157202363014,0.20638816058635712,18.412019729614258,0.014414445497095585,0.2173154503107071,0.0039493911899626255,0.016118640080094337,26.825220108032227,0.002077199053019285,0.05785878747701645,0.013489783741533756,0.0,18.07847023010254,0.015565135516226292,0.2037625014781952,22.40106201171875,0.005752993747591972,0.16371282935142517,32.91934585571289,0.0005105817690491676,21.831279754638672,0.006559519097208977,0.18305926024913788,19.46259307861328,0.011317245662212372,0.17448587715625763,18.851665496826172,0.013026673346757889,0.19869524240493774,21.644535064697266,0.006847729906439781,0.18636633455753326,30.584306716918945,0.0008741163183003664,21.097610473632812,0.007766746915876865,0.20625191926956177,19.066843032836914,0.0123969791457057,0.18615104258060455,18.4750919342041,0.014206625521183014,0.2100818157196045,29.210641860961914,0.0011993225198239088,0.03675379231572151,32.04410934448242,0.0006245817057788372,28.90170669555664,0.0012877443805336952,0.041675981134176254
7798,149,11,3485,-1,3,26.678844451904297,0.0954911932349205,22.418514251708984,0.16894225776195526,26.59689712524414,23.395496368408203,0.13793328404426575,20.868070602416992,24.752655029296875,0.06243208423256874,17.968868255615234,18.06531524658203,21.82081413269043,0.2611154019832611,100.0,0.28166109323501587,0.5998068451881409,3485,3517,0.3658735752105713,0,0,0.0021484028548002243,0.002189325401559472,26.69158935546875,0.0021421071141958237,0.11080451309680939,0.0057299211621284485,0.2643403708934784,21.961698532104492,0.006365468259900808,0.3114611804485321,0.004575624596327543,0.015962954610586166,25.49177360534668,0.002823727671056986,0.1452639400959015,0.00818828959017992,0.28258436918258667,21.510272979736328,0.007062735967338085,0.31741511821746826,0.003347608260810375,0.015612361952662468,28.35432243347168,0.0014607231132686138,0.05448807403445244,0.006575343199074268,0.0,21.199337005615234,0.007586934138089418,0.31053996086120605,27.98456382751465,0.0015905359759926796,0.08033166825771332,36.451759338378906,0.00022637276560999453,27.446290969848633,0.001800407306291163,0.09721235930919647,22.754499435424805,0.0053033470176160336,0.2558279037475586,22.146635055541992,0.006100093480199575,0.30689331889152527,26.49061393737793,0.0022435644641518593,0.09939396381378174,29.930126190185547,0.001016219612210989,26.13967514038086,0.0024323868565261364,0.12044619768857956,22.143230438232422,0.0061048767529428005,0.26166725158691406,21.605514526367188,0.006909530609846115,0.31320011615753174,30.426185607910156,0.0009065284975804389,0.03479583188891411,30.401729583740234,0.0009116478031501174,30.429962158203125,0.0009057408897206187,0.04102063551545143
7871,149,11,3558,-1,0,27.550046920776367,0.15360014140605927,24.745254516601562,0.16095861792564392,26.30282211303711,23.798372268676758,0.19517335295677185,22.27016830444336,24.57343292236328,0.10106581449508667,17.969165802001953,18.066280364990234,23.558494567871094,0.2338976413011551,100.0,0.32414698600769043,0.49656057357788086,3558,3590,0.3391193449497223,0,0,0.00175790477078408,0.0023427060805261135,27.778207778930664,0.0016679352847859263,0.18356826901435852,0.0033533170353621244,0.2540042996406555,24.27593994140625,0.0037359939888119698,0.3020303249359131,0.004170255269855261,0.01596185937523842,26.277950286865234,0.002356162527576089,0.21861231327056885,0.005929023027420044,0.27059629559516907,23.511526107788086,0.0044549982994794846,0.30886000394821167,0.0034886456560343504,0.0156088937073946,27.894161224365234,0.001623992226086557,0.10473665595054626,0.004407075233757496,0.0,22.937015533447266,0.005085086449980736,0.2802073359489441,29.709718704223633,0.0010691244387999177,0.1322769671678543,34.463233947753906,0.0003578300238586962,29.28650665283203,0.0011785543756559491,0.16151954233646393,25.2553653717041,0.002981696743518114,0.22554954886436462,24.651124954223633,0.0034267897717654705,0.2722126245498657,27.377685546875,0.0018290745792910457,0.15126574039459229,30.173583984375,0.0009608190739527345,27.07156753540039,0.0019626524299383163,0.18053190410137177,24.17827606201172,0.0038209601771086454,0.23778343200683594,23.656288146972656,0.004308947827666998,0.2871986925601959,29.493621826171875,0.0011236675782129169,0.06025998294353485,31.973047256469727,0.0006348854512907565,29.212299346923828,0.0011988647747784853,0.07256471365690231
7915,149,11,3602,-1,0,19.25473403930664,0.3283092975616455,17.83819580078125,0.29570063948631287,21.942140579223633,18.208219528198242,0.3672499656677246,17.027992248535156,23.604412078857422,0.08257915079593658,17.3171443939209,18.057649612426758,17.39899253845215,0.3295907974243164,100.0,0.36674007773399353,0.806294858455658,3602,3634,0.41259655356407166,0,0,0.011872077360749245,0.006394198164343834,18.95689582824707,0.012714827433228493,0.38199031352996826,0.016450555995106697,0.3299861252307892,17.29860496520996,0.018626855686306953,0.3882801830768585,0.015106996521353722,0.018547508865594864,18.363115310668945,0.014577684924006462,0.42033958435058594,0.0198244359344244,0.3520136773586273,16.907047271728516,0.020384280011057854,0.40403616428375244,0.004360726103186607,0.01563994027674198,25.80794334411621,0.0026254630647599697,0.07993617653846741,0.018201230093836784,0.0,16.77751350402832,0.0210014209151268,0.39354848861694336,19.275415420532227,0.011815673671662807,0.32541099190711975,23.523448944091797,0.004442783072590828,18.877315521240234,0.012949963100254536,0.3850194215774536,17.825693130493164,0.01649797521531582,0.3186706006526947,17.212535858154297,0.01899968460202217,0.3812602162361145,18.926427841186523,0.012804338708519936,0.33467182517051697,22.999713897705078,0.005012202076613903,18.537750244140625,0.014003130607306957,0.39722394943237305,17.58445930480957,0.01744030974805355,0.3277410566806793,16.98625373840332,0.020015884190797806,0.39169150590896606,28.275062561035156,0.0014876255299896002,0.03810621052980423,31.44430923461914,0.0007170824101194739,27.94208335876465,0.0016061706701293588,0.04576096311211586
8030,149,11,3717,-1,3,28.851539611816406,0.0938301607966423,25.113262176513672,0.1147991418838501,28.142887115478516,24.19147300720215,0.13918663561344147,22.62353515625,24.74705696105957,0.08036680519580841,17.81070899963379,17.93671989440918,24.39190673828125,0.1261727213859558,100.0,0.2274388074874878,0.5047473907470703,3717,3749,0.3696684241294861,0,0,0.0013027050299569964,0.001533597824163735,28.971607208251953,0.0012671828735619783,0.11105407029390335,0.0030808725859969854,0.1316240131855011,25.065458297729492,0.003114971797913313,0.15117251873016357,0.0038093668408691883,0.016555000096559525,27.331806182861328,0.0018485001055523753,0.14985403418540955,0.005465711001306772,0.15416517853736877,24.265148162841797,0.0037452864926308393,0.16675618290901184,0.0033519258722662926,0.016081558540463448,28.558866500854492,0.0013935206225141883,0.07879230380058289,0.0036375538911670446,0.0,23.770427703857422,0.004197177477180958,0.1493835747241974,31.24652099609375,0.0007504949462600052,0.07663719356060028,37.749507904052734,0.00016789943038020283,30.756561279296875,0.0008401250233873725,0.09342476725578308,26.15626335144043,0.0024231132119894028,0.11636224389076233,25.573101043701172,0.002771341474726796,0.13788241147994995,28.298952102661133,0.001479465514421463,0.09809504449367523,31.0823974609375,0.0007793999975547194,27.993772506713867,0.0015871679643169045,0.115944504737854,24.988737106323242,0.0031704900320619345,0.12702110409736633,24.499723434448242,0.003548360662534833,0.15074841678142548,29.967744827270508,0.0010074549354612827,0.04410348832607269,31.94150733947754,0.0006395129603333771,29.730335235595703,0.0010640614200383425,0.05201767385005951
8105,149,11,3792,-1,2,24.194599151611328,0.11685576289892197,20.19193458557129,0.17280887067317963,26.634098052978516,21.728271484375,0.15931028127670288,18.96774673461914,24.07387924194336,0.08460786938667297,17.798181533813477,17.981231689453125,19.575363159179688,0.2183763086795807,100.0,0.3295336365699768,0.5244043469429016,3792,3824,0.44134289026260376,0,0,0.0038066257257014513,0.0021706537809222937,23.916542053222656,0.004058314021676779,0.13235147297382355,0.0095676826313138,0.21742622554302216,19.675830841064453,0.010774991475045681,0.24604366719722748,0.00671696150675416,0.01660282164812088,22.843257904052734,0.00519606051966548,0.16699637472629547,0.01268309447914362,0.24839207530021667,19.163890838623047,0.012123024091124535,0.26990124583244324,0.003913920372724533,0.0159175805747509,26.846168518066406,0.0020672031678259373,0.08192085474729538,0.011027160100638866,0.0,18.95388412475586,0.012723647058010101,0.25136786699295044,24.59505271911621,0.003471321426331997,0.10640169680118561,34.196964263916016,0.0003804551379289478,24.037506103515625,0.003946839366108179,0.12178908288478851,20.208812713623047,0.009530570358037949,0.20949186384677887,19.59682846069336,0.010972791351377964,0.24138346314430237,23.391429901123047,0.00457991287112236,0.1254362165927887,28.081951141357422,0.0015552666736766696,22.971179962158203,0.005045243073254824,0.14346042275428772,19.696094512939453,0.010724836029112339,0.22221627831459045,19.14461326599121,0.012176956981420517,0.25417569279670715,28.086442947387695,0.0015536595601588488,0.044033605605363846,29.075584411621094,0.0012372052296996117,27.95244026184082,0.001602345029823482,0.050874244421720505
8150,149,11,3869,-1,1,28.23848533630371,0.0833534449338913,23.04226303100586,0.12346208095550537,27.39716339111328,24.089672088623047,0.11540193110704422,21.381656646728516,24.979162216186523,0.06369400024414062,18.089200973510742,18.159242630004883,22.49049949645996,0.15860767662525177,100.0,0.3651849329471588,0.3380809724330902,3869,3901,0.4333409368991852,0,0,0.0015002088621258736,0.0018208902329206467,28.383705139160156,0.001450873096473515,0.09539903700351715,0.004963335581123829,0.16911010444164276,22.653560638427734,0.005428051110357046,0.19555999338626862,0.003899714443832636,0.015526732429862022,26.75523567199707,0.0021109424997121096,0.12135101854801178,0.007275023497641087,0.18762516975402832,22.179534912109375,0.006054057274013758,0.20547056198120117,0.003177486825734377,0.015278326347470284,28.80803871154785,0.0013158193323761225,0.05948065221309662,0.005635728128254414,0.0,21.869020462036133,0.0065027629025280476,0.18545399606227875,30.335189819335938,0.0009257226483896375,0.06760310381650925,37.114341735839844,0.00019434173009358346,29.83700942993164,0.0010382428299635649,0.07845558226108551,23.63094139099121,0.004334171302616596,0.15241923928260803,23.026988983154297,0.004980823956429958,0.17907629907131195,27.87367057800293,0.0016316723776981235,0.08466331660747528,32.115570068359375,0.0006143880891613662,27.475893020629883,0.0017881778767332435,0.09923440217971802,22.92595672607422,0.005098053254187107,0.16699114441871643,22.370710372924805,0.005793340969830751,0.19615161418914795,30.434314727783203,0.0009048329084180295,0.04247017577290535,32.67232894897461,0.0005404644180089235,30.17326545715332,0.0009608895634301007,0.04990752041339874
8158,149,11,3877,-1,1,28.169395446777344,0.08661235868930817,24.843233108520508,0.15388816595077515,27.884506225585938,23.81385612487793,0.1266021877527237,22.348270416259766,24.515945434570312,0.07217054069042206,17.858966827392578,17.99270248413086,23.555967330932617,0.07358396053314209,100.0,0.3311764597892761,0.46467119455337524,3877,3909,0.4304330050945282,0,0,0.0015242653898894787,0.0016276065725833178,28.21493148803711,0.0015083667822182178,0.09861449897289276,0.0032785118091851473,0.0831819623708725,24.54216766357422,0.0035138516686856747,0.09477513283491135,0.0041554169729352,0.016372060403227806,26.428403854370117,0.002275933511555195,0.13111013174057007,0.005823350511491299,0.11020588129758835,23.622892379760742,0.004342211876064539,0.11316371709108353,0.003535129362717271,0.01587558723986149,27.86058235168457,0.0016365977935492992,0.07053200900554657,0.004409640096127987,0.0,22.934490203857422,0.005088046658784151,0.08509610593318939,30.502405166625977,0.0008907574228942394,0.07337427884340286,37.7325325012207,0.00016855700232554227,29.99190902709961,0.0010018651373684406,0.08517219871282578,25.608753204345703,0.002748682862147689,0.06686001271009445,25.017559051513672,0.003149519208818674,0.079401895403862,27.724807739257812,0.0016885712975636125,0.09540296345949173,31.952112197875977,0.0006379532860592008,27.327802658081055,0.0018502046586945653,0.10831844061613083,24.35957908630371,0.0036647310480475426,0.08428565412759781,23.827476501464844,0.004142402671277523,0.09786146879196167,29.517169952392578,0.0011175916297361255,0.04541392996907234,32.12397766113281,0.0006132004200480878,29.225631713867188,0.00119519024156034,0.052785009145736694
8350,149,11,4069,-1,1,24.804149627685547,0.15987974405288696,21.82197380065918,0.19509802758693695,26.063005447387695,21.981246948242188,0.21021270751953125,20.093589782714844,23.829822540283203,0.09576568007469177,18.012264251708984,18.14895248413086,20.505495071411133,0.24528610706329346,100.0,0.3790130913257599,0.5147527456283569,4069,4101,0.38131624460220337,0,0,0.0033081506844609976,0.00247570825740695,24.63919448852539,0.0034362191800028086,0.18109719455242157,0.006573592312633991,0.25632110238075256,21.29638671875,0.00741927232593298,0.295713871717453,0.00633687898516655,0.015804236754775047,23.115480422973633,0.004880362190306187,0.22996532917022705,0.009786811657249928,0.27523621916770935,20.464813232421875,0.008985013701021671,0.3074999749660492,0.004140165168792009,0.015314573422074318,26.160009384155273,0.002421025186777115,0.09713420271873474,0.00890123937278986,0.0,19.884016036987305,0.010270660743117332,0.2847081124782562,26.099224090576172,0.0024551483802497387,0.14404919743537903,35.551517486572266,0.00027851489721797407,25.543935775756836,0.0027900151908397675,0.16665884852409363,22.19620132446289,0.0060308692045509815,0.2277466058731079,21.582172393798828,0.00694676861166954,0.2673444449901581,24.073627471923828,0.003914147149771452,0.16302400827407837,31.469457626342773,0.0007129424484446645,23.558923721313477,0.004406640771776438,0.18731197714805603,21.13273811340332,0.007704179268330336,0.2471907138824463,20.549957275390625,0.008810577914118767,0.28780001401901245,27.802030563354492,0.0016588113503530622,0.05937468260526657,32.51612854003906,0.0005602567107416689,27.380666732788086,0.0018278196221217513,0.06958973407745361
8438,149,11,4157,-1,1,27.496950149536133,0.07556906342506409,23.96724510192871,0.1122254878282547,29.309032440185547,23.21188735961914,0.1242278441786766,21.523357391357422,23.93023681640625,0.06961271911859512,18.16761589050293,18.32093048095703,23.10094451904297,0.09482065588235855,100.0,0.22214841842651367,0.5051825046539307,4157,4189,0.31283050775527954,0,0,0.0017795291496440768,0.0011724570067599416,27.274797439575195,0.001872924854978919,0.08879924565553665,0.004011211916804314,0.09506146609783173,23.437044143676758,0.004532059654593468,0.11288875341415405,0.0047732205130159855,0.01524889562278986,25.000961303710938,0.0031615786720067263,0.13324898481369019,0.0070414855144917965,0.12799978256225586,22.336326599121094,0.005839390680193901,0.13716691732406616,0.004045538138598204,0.014719972386956215,26.191890716552734,0.002403317019343376,0.06498727202415466,0.004896724596619606,0.0,22.47946548461914,0.0056500667706131935,0.1141071617603302,29.69964599609375,0.001071607111953199,0.059628814458847046,39.07743453979492,0.00012366785085760057,29.145511627197266,0.0012174439616501331,0.07223507016897202,24.526891708374023,0.0035262331366539,0.08525450527667999,23.912647247314453,0.0040619573555886745,0.10301537811756134,26.954124450683594,0.0020164509769529104,0.08993427455425262,31.518964767456055,0.0007048613042570651,26.539926528930664,0.00221823388710618,0.1085558608174324,23.465803146362305,0.004502148367464542,0.10264421254396439,22.92477035522461,0.00509944511577487,0.12364106625318527,28.922204971313477,0.0012816801900044084,0.03800798952579498,32.11382293701172,0.0006146359373815358,28.587692260742188,0.0013843022752553225,0.04566778242588043
8736,149,11,4455,-1,3,28.021743774414062,0.10022716224193573,24.486068725585938,0.12158282101154327,29.38304901123047,23.505468368530273,0.14559519290924072,21.865480422973633,24.174800872802734,0.08628557622432709,18.02057456970215,18.10764503479004,23.413143157958984,0.0940106138586998,100.0,0.19808535277843475,0.6137900352478027,4455,4487,0.29431748390197754,0,0,0.001576978131197393,0.0011526438174769282,27.8455810546875,0.0016422603512182832,0.1173454225063324,0.003559533739462495,0.1046266257762909,24.129751205444336,0.0038638911210000515,0.11979570984840393,0.004461216274648905,0.01577402465045452,25.653059005737305,0.002720783930271864,0.155655637383461,0.006508066318929195,0.13697023689746857,22.920089721679688,0.005104945506900549,0.14595599472522736,0.003824018407613039,0.015460928902029991,26.917078018188477,0.002033724682405591,0.08319681882858276,0.004557071253657341,0.0,22.791664123535156,0.0052581592462956905,0.11291082203388214,29.785463333129883,0.0010506390826776624,0.08272533863782883,39.303062438964844,0.0001174069766420871,29.229183197021484,0.0011942131677642465,0.09871117770671844,25.105716705322266,0.0030862311832606792,0.08670346438884735,24.499780654907227,0.003548312932252884,0.10264051705598831,27.18610954284668,0.001911565545015037,0.10210766643285751,31.800865173339844,0.0006605620728805661,26.769485473632812,0.0021040274295955896,0.12245739996433258,23.927684783935547,0.004047919064760208,0.10142701864242554,23.39419937133789,0.004576993174850941,0.1207476407289505,29.01803970336914,0.0012537072179839015,0.04412369802594185,32.18574523925781,0.0006045406335033476,28.68516731262207,0.0013535789912566543,0.05227787047624588
8783,149,11,4502,-1,2,28.036052703857422,0.1511881798505783,24.433273315429688,0.16621725261211395,26.805343627929688,23.881107330322266,0.20172473788261414,22.12652015686035,24.56226348876953,0.1076318621635437,18.060543060302734,18.120542526245117,23.4774169921875,0.23346126079559326,100.0,0.33124229311943054,0.5017995834350586,4502,4534,0.33902522921562195,0,0,0.0015717906644567847,0.0020867278799414635,28.26065444946289,0.0014925695722922683,0.1717093586921692,0.003603067947551608,0.24350517988204956,24.09475326538086,0.0038951546885073185,0.2872687578201294,0.004091565031558275,0.015629524365067482,26.351688385009766,0.002316494006663561,0.22137196362018585,0.0061284140683710575,0.26017165184020996,23.310131072998047,0.004666452761739492,0.29289379715919495,0.0034976284950971603,0.015415078960359097,27.78801155090332,0.001664174604229629,0.11075900495052338,0.004490124527364969,0.0,22.855937957763672,0.005180913023650646,0.27892982959747314,30.522018432617188,0.0008867442957125604,0.13175225257873535,36.32715606689453,0.00023296182916965336,30.055391311645508,0.0009873262606561184,0.1529557853937149,25.39180564880371,0.0028894785791635513,0.20977355539798737,24.796506881713867,0.00331397564150393,0.2516320049762726,27.324691772460938,0.0018515308620408177,0.1502242386341095,28.7807674407959,0.0013241074047982693,27.138416290283203,0.0019326730398461223,0.17764228582382202,24.067975997924805,0.003919245675206184,0.22694188356399536,23.624345779418945,0.004340755753219128,0.2719134986400604,29.017868041992188,0.0012537565780803561,0.061754822731018066,29.35079574584961,0.0011612361995503306,28.968839645385742,0.0012679905630648136,0.07366394996643066
8934,149,11,4685,-1,3,24.41405487060547,0.19043095409870148,20.331193923950195,0.20679548382759094,24.147228240966797,22.388980865478516,0.20857800543308258,19.39547348022461,25.212730407714844,0.03934531658887863,17.96371078491211,17.957143783569336,19.983360290527344,0.3041187524795532,100.0,0.3963000774383545,0.5218154191970825,4685,4717,0.41724148392677307,0,0,0.0036190494429320097,0.0038483720272779465,24.45659828186035,0.003583769081160426,0.21736174821853638,0.009265752509236336,0.3070167601108551,19.9095516204834,0.010210450738668442,0.35506534576416016,0.005769021343439817,0.015981920063495636,23.769777297973633,0.004197806119918823,0.22976864874362946,0.011493511497974396,0.3188779056072235,19.67050552368164,0.010788213461637497,0.36074644327163696,0.0030111123342067003,0.016006100922822952,29.948694229125977,0.0010118834907189012,0.03130149468779564,0.010038388893008232,0.0,19.361881256103516,0.011582756415009499,0.35246995091438293,25.042587280273438,0.0031314215157181025,0.18180736899375916,33.38294219970703,0.00045888734166510403,24.506805419921875,0.003542580408975482,0.21165846288204193,20.23568344116211,0.009471781551837921,0.3044971823692322,19.628446578979492,0.01089319959282875,0.3563041090965271,24.616661071777344,0.0034540919587016106,0.1851879060268402,30.223003387451172,0.0009499476873315871,24.157428741455078,0.0038393449503928423,0.2151292860507965,20.067211151123047,0.009846433997154236,0.30787643790245056,19.494487762451172,0.011234438978135586,0.3584551215171814,33.033592224121094,0.0004973256145603955,0.01608319953083992,30.97187042236328,0.0007994899060577154,33.45978546142578,0.0004508388228714466,0.018403492867946625
9046,149,11,4797,-1,3,28.831331253051758,0.09012632071971893,25.127593994140625,0.13068436086177826,28.427581787109375,24.078380584716797,0.12326481193304062,22.430532455444336,24.52526092529297,0.07084155827760696,18.26152992248535,18.17075538635254,24.687904357910156,0.07718919217586517,100.0,0.30735573172569275,0.4251892864704132,4797,4829,0.40168464183807373,0,0,0.0013087802799418569,0.0014362895162776113,28.896921157836914,0.0012891634833067656,0.10412226617336273,0.0030707227997481823,0.09305130690336227,24.82558822631836,0.0032918606884777546,0.10571655631065369,0.003909866325557232,0.01492268405854702,26.545114517211914,0.002215586369857192,0.13017457723617554,0.005714088212698698,0.11702481657266617,23.767074584960938,0.00420041847974062,0.12181253731250763,0.003527556313201785,0.01523787621408701,27.62967300415039,0.0017259684391319752,0.06776764243841171,0.003397892927750945,0.0,24.066425323486328,0.0039206454530358315,0.0904540866613388,31.37366485595703,0.0007288421038538218,0.07392653822898865,37.91139221191406,0.0001617561501916498,30.88264274597168,0.0008160860161297023,0.08748286962509155,26.063764572143555,0.0024752765893936157,0.08131733536720276,25.491168975830078,0.0028241202235221863,0.09579413384199142,28.284542083740234,0.0014843823155388236,0.09378284215927124,30.347089767456055,0.0009231899166479707,28.03901481628418,0.001570719643495977,0.11019215732812881,24.871442794799805,0.0032572858035564423,0.09514523297548294,24.41726303100586,0.003616378642618656,0.1127169281244278,29.931848526000977,0.0010158165823668242,0.04047796130180359,30.396425247192383,0.0009127621306106448,29.864587783813477,0.0010316711850464344,0.048543140292167664
9137,149,11,4888,-1,2,26.887405395507812,0.09656412154436111,22.313730239868164,0.14410613477230072,26.807209014892578,23.446359634399414,0.12992076575756073,20.687044143676758,24.618547439575195,0.07660157233476639,18.034353256225586,18.077449798583984,21.911039352416992,0.23601868748664856,100.0,0.3699527978897095,0.38952574133872986,4888,4920,0.4161743223667145,0,0,0.0020476689096540213,0.002085831481963396,26.899871826171875,0.0020417978521436453,0.1087370216846466,0.0058698495849967,0.24235138297080994,21.923856735229492,0.006421173922717571,0.2806556224822998,0.004522349685430527,0.0157240629196167,25.529958724975586,0.002799009205773473,0.13906700909137726,0.008536810986697674,0.25964757800102234,21.298120498657227,0.007416313514113426,0.2884349524974823,0.003452592995017767,0.015568798407912254,27.989959716796875,0.0015885616885498166,0.07353751361370087,0.0064401524141430855,0.0,21.289560317993164,0.007430945057421923,0.276338666677475,28.606651306152344,0.0013782721944153309,0.08154349774122238,36.10650634765625,0.0002451034088153392,28.08938980102539,0.0015526056522503495,0.09669015556573868,22.933303833007812,0.005089437589049339,0.2282133847475052,22.32988739013672,0.00584805104881525,0.2667267322540283,26.740581512451172,0.0021180773619562387,0.1004691943526268,29.46092414855957,0.0011321594938635826,26.440204620361328,0.002269756980240345,0.11895329505205154,22.18437385559082,0.0060473158955574036,0.23818518221378326,21.666805267333984,0.006812702864408493,0.27767840027809143,29.699861526489258,0.0010715535609051585,0.04899122193455696,29.562923431396484,0.0011058792006224394,29.721317291259766,0.001066272845491767,0.0566578134894371
9691,162,11,571,-1,0,22.68338394165039,0.14123749732971191,19.07401466369629,0.20021338760852814,26.263216018676758,20.752769470214844,0.1777607947587967,18.10833740234375,24.01654815673828,0.06363504379987717,18.155254364013672,18.126415252685547,18.64792251586914,0.17377373576164246,100.0,0.32939839363098145,0.6078153252601624,571,603,0.41296282410621643,0,0,0.005390903912484646,0.002364168409258127,22.323577880859375,0.005856555886566639,0.16045910120010376,0.01237652450799942,0.18165379762649536,18.580223083496094,0.013866845518350601,0.20510022342205048,0.008408589288592339,0.015292363241314888,21.33739471435547,0.0073495469987392426,0.19365307688713074,0.015458467416465282,0.20643280446529388,18.119800567626953,0.015417714603245258,0.222442626953125,0.003965933807194233,0.015394244343042374,26.560535430908203,0.002207732293754816,0.05934637784957886,0.013652363792061806,0.0,18.026443481445312,0.015752727165818214,0.20061999559402466,23.138504028320312,0.004854557570070028,0.12929213047027588,35.90420150756836,0.00025679124519228935,22.54776382446289,0.005561905913054943,0.14944569766521454,19.169769287109375,0.012106623500585556,0.16682091355323792,18.558246612548828,0.013937190175056458,0.19323959946632385,22.40853500366211,0.005743102170526981,0.14170034229755402,31.794031143188477,0.000661602069158107,21.85428237915039,0.006524871103465557,0.16474315524101257,18.844438552856445,0.013048364780843258,0.17920108139514923,18.250778198242188,0.014959674328565598,0.20797578990459442,29.340972900390625,0.0011638652067631483,0.032630279660224915,31.950166702270508,0.0006382394349202514,29.049245834350586,0.0012447308981791139,0.03892814740538597
9708,162,11,588,-1,1,26.91690444946289,0.10545796900987625,21.92420768737793,0.16506709158420563,27.210201263427734,23.418893814086914,0.13415132462978363,20.51900863647461,24.695541381835938,0.06843425333499908,17.998424530029297,18.140806198120117,21.302234649658203,0.2261449247598648,100.0,0.35762399435043335,0.4615660309791565,588,620,0.4157598614692688,0,0,0.0020338057074695826,0.001900989911518991,26.873491287231445,0.002054238924756646,0.1207527294754982,0.006420657970011234,0.23489610850811005,21.501331329345703,0.007077290676534176,0.27385953068733215,0.004551040939986706,0.01585467904806137,25.509817123413086,0.002812019782140851,0.1402163952589035,0.008873586542904377,0.24997131526470184,21.021026611328125,0.007904917001724243,0.2799055874347687,0.0033919229172170162,0.015343326143920422,28.08759880065918,0.001553245703689754,0.06276118010282516,0.007409288082271814,0.0,20.680755615234375,0.008549179881811142,0.26656675338745117,28.376800537109375,0.0014531819615513086,0.09051411598920822,36.26107406616211,0.0002365334948990494,27.85061264038086,0.0016403585905209184,0.10669804364442825,22.31206512451172,0.005872102454304695,0.21705369651317596,21.70962142944336,0.006745871156454086,0.257610946893692,26.372821807861328,0.0023052494507282972,0.10740993916988373,30.241310119628906,0.0009459517314098775,25.995704650878906,0.0025143723469227552,0.1244661957025528,21.649242401123047,0.006840311922132969,0.23124755918979645,21.097335815429688,0.0077672372572124004,0.2723609507083893,29.62082290649414,0.0010912336874753237,0.040739137679338455,30.45764923095703,0.0008999849087558687,29.505273818969727,0.001120656612329185,0.04752352088689804
9752,162,11,632,-1,1,27.38506317138672,0.08437444269657135,22.974184036254883,0.11073756217956543,28.11203956604004,23.118499755859375,0.1279321312904358,21.079505920410156,23.94268226623535,0.07904747128486633,17.928804397583008,18.055858612060547,22.5020809173584,0.07367850095033646,100.0,0.30521851778030396,0.3628140389919281,632,664,0.39668574929237366,0,0,0.0018259710632264614,0.001544529222883284,27.283283233642578,0.0018692698795348406,0.09590334445238113,0.005041753873229027,0.08572643250226974,22.709026336669922,0.005359170027077198,0.09554789215326309,0.00487696984782815,0.016110893338918686,25.018722534179688,0.0031486740335822105,0.13235172629356384,0.007799186278134584,0.11768876761198044,21.789531707763672,0.006622880231589079,0.11954568326473236,0.004033962264657021,0.01564639061689377,26.48312759399414,0.0022474355064332485,0.07392460107803345,0.005620717536658049,0.0,21.880603790283203,0.006485443562269211,0.08486012369394302,29.653627395629883,0.0010830217506736517,0.07189502567052841,38.3919677734375,0.00014481150719802827,29.11027717590332,0.0012273617321625352,0.08413366973400116,23.917510986328125,0.004057411104440689,0.06708255410194397,23.3205509185791,0.00465526944026351,0.07841841876506805,26.7821044921875,0.002097923308610916,0.09822505712509155,30.61800765991211,0.0008673599804751575,26.40688133239746,0.0022872406989336014,0.11406466364860535,22.890907287597656,0.0051393648609519005,0.0867386981844902,22.36624526977539,0.0057993000373244286,0.10049252212047577,28.797401428222656,0.0013190452009439468,0.046999022364616394,30.936643600463867,0.0008060011314228177,28.545007705688477,0.0013979750219732523,0.054871272295713425
9893,162,11,805,-1,3,27.201765060424805,0.0791611298918724,21.983245849609375,0.14842231571674347,26.99974250793457,23.648052215576172,0.10887021571397781,20.530757904052734,24.734825134277344,0.060874469578266144,18.073518753051758,18.052579879760742,21.445755004882812,0.18467609584331512,33.86492919921875,0.4080455005168915,0.36373960971832275,805,837,0.424104243516922,0,0,0.0019046871457248926,0.00199538073502481,27.23369598388672,0.0018907340709120035,0.08957182615995407,0.006333960685878992,0.21046476066112518,21.603364944458008,0.006912951823323965,0.23827390372753143,0.004317127633839846,0.015582894906401634,25.877187728881836,0.0025839325971901417,0.11332134902477264,0.008849612437188625,0.21901601552963257,21.05854034423828,0.007836930453777313,0.23847901821136475,0.0033613787963986397,0.015658210963010788,28.32813262939453,0.0014695586869493127,0.05943439528346062,0.007168435025960207,0.0004106834239792079,20.857580184936523,0.008208089508116245,0.2145642191171646,28.600923538208008,0.0013800907181575894,0.07111082971096039,36.94854736328125,0.0002019043022301048,28.06499671936035,0.0015613501891493797,0.08320875465869904,22.414369583129883,0.0057353912852704525,0.1816755086183548,21.835830688476562,0.006552652455866337,0.21324025094509125,26.6922550201416,0.002141778590157628,0.08443142473697662,31.569196701049805,0.0006967551307752728,26.26336097717285,0.002364089945331216,0.09653781354427338,21.735671997070312,0.006705523002892733,0.19583958387374878,21.19033432006836,0.007602682802826166,0.22730693221092224,30.070819854736328,0.0009838251862674952,0.03952974081039429,32.30714416503906,0.0005878760130144656,29.809917449951172,0.0010447404347360134,0.046342577785253525
10316,162,11,1260,-1,3,27.578828811645508,0.0768408328294754,27.40546226501465,0.10876695066690445,28.481168746948242,23.489891052246094,0.10443572700023651,23.356914520263672,24.33048439025879,0.06696335971355438,18.06886863708496,18.037437438964844,26.845733642578125,0.04789423942565918,100.0,0.12212792783975601,0.8905985355377197,1260,1292,0.3832012116909027,0,0,0.0017462933901697397,0.001418675878085196,27.45525550842285,0.0017966959858313203,0.09044930338859558,0.0018174138385802507,0.06412436068058014,27.276697158813477,0.0018721051746979356,0.07445131987333298,0.004477245267480612,0.01559959165751934,25.581298828125,0.0027661151252686977,0.11034449934959412,0.0046164547093212605,0.09318080544471741,25.332487106323242,0.0029292162507772446,0.09637629985809326,0.003689364530146122,0.01571289449930191,27.3527889251709,0.0018395906081423163,0.06548202782869339,0.0020674101542681456,0.0,26.224254608154297,0.002385473344475031,0.057599544525146484,29.25432586669922,0.0011873189359903336,0.0589936338365078,38.9220085144043,0.00012817370588891208,28.695812225341797,0.0013502644142135978,0.07170041650533676,28.90749740600586,0.001286027953028679,0.046711843460798264,28.307567596435547,0.0014765339437872171,0.05623706430196762,27.240848541259766,0.0018876229878515005,0.07099714130163193,32.41971206665039,0.000572834222111851,26.798748016357422,0.0020898981019854546,0.08601023256778717,26.940853118896484,0.0020226221531629562,0.06151975691318512,26.463817596435547,0.002257450483739376,0.0750022903084755,29.956878662109375,0.0010099783539772034,0.03453134745359421,33.04322814941406,0.0004962231032550335,29.62965202331543,0.001089017721824348,0.04224059358239174
10365,162,11,1309,-1,0,21.866615295410156,0.15719079971313477,17.2429256439209,0.23927371203899384,26.187076568603516,20.039445877075195,0.18950849771499634,16.433284759521484,23.142486572265625,0.07258611917495728,17.932323455810547,17.974327087402344,16.738319396972656,0.3451560139656067,100.0,0.4559049606323242,0.5248324275016785,1309,1341,0.43600109219551086,0,0,0.006506368517875671,0.0024059826973825693,21.464725494384766,0.007137197535485029,0.17548172175884247,0.01886720024049282,0.3553294539451599,16.68333625793457,0.021461814641952515,0.4062920808792114,0.009909582324326038,0.016097838059067726,20.478113174438477,0.008957542479038239,0.20165452361106873,0.0227337758988142,0.37259870767593384,16.228622436523438,0.023830756545066833,0.4155619442462921,0.0048501091077923775,0.015942903235554695,25.025833129882812,0.003143525216728449,0.06951494514942169,0.021191813051700592,0.0,16.116840362548828,0.02445209212601185,0.3989942669868469,22.232683181762695,0.005980421788990498,0.14226581156253815,34.80784606933594,0.00033053327933885157,21.64332389831543,0.006849635858088732,0.16288024187088013,17.266498565673828,0.018765073269605637,0.3369356393814087,16.652294158935547,0.0216157715767622,0.3899165987968445,21.394771575927734,0.007253087591379881,0.16035597026348114,29.75946807861328,0.0010569468140602112,20.858505249023438,0.008206339552998543,0.18204964697360992,16.934816360473633,0.0202543493360281,0.3482867181301117,16.341041564941406,0.023221805691719055,0.40257948637008667,27.178627014160156,0.0019148625433444977,0.04678790271282196,30.009971618652344,0.0009977072477340698,26.869848251342773,0.0020559635013341904,0.0531417652964592
10385,162,11,1329,-1,0,19.103870391845703,0.3774148225784302,16.04255485534668,0.34074267745018005,23.470592498779297,18.117399215698242,0.40470609068870544,15.507556915283203,23.928665161132812,0.07370606809854507,17.73391342163086,18.014636993408203,15.63350772857666,0.39602965116500854,100.0,0.4929848313331604,0.6911829113960266,1329,1361,0.4271049201488495,0,0,0.01229173131287098,0.004497184418141842,18.69959259033203,0.013490892946720123,0.4322916865348816,0.024873945862054825,0.4054790437221527,15.4935884475708,0.02822546847164631,0.4658306837081909,0.015426240861415863,0.016850337386131287,18.179523468017578,0.015207149088382721,0.4595823287963867,0.02813483402132988,0.4162764847278595,15.229248046875,0.029996823519468307,0.47122740745544434,0.004047001712024212,0.015795614570379257,26.49844741821289,0.0022395229898393154,0.06772977113723755,0.027330603450536728,0.0,15.012029647827148,0.0315353125333786,0.46199512481689453,19.18572998046875,0.012062217108905315,0.34915831685066223,31.286161422729492,0.000743676268029958,18.60009765625,0.013803531415760517,0.4135570526123047,15.965133666992188,0.025321336463093758,0.39354208111763,15.350187301635742,0.029173018410801888,0.458395779132843,18.751466751098633,0.013330713845789433,0.3615221083164215,27.869312286376953,0.001633310690522194,18.201520919799805,0.015130315907299519,0.4264838695526123,15.752681732177734,0.026590831577777863,0.39976274967193604,15.155941009521484,0.03050745464861393,0.46581512689590454,28.497509002685547,0.0014133474323898554,0.04193681851029396,29.767637252807617,0.0010549605358392,28.331308364868164,0.0014684839406982064,0.04800383001565933
10401,162,11,1345,-1,0,20.492733001708984,0.19284632802009583,17.872106552124023,0.27368399500846863,26.56845474243164,19.0281982421875,0.23630857467651367,17.02603530883789,23.25975227355957,0.0888100191950798,18.168481826782227,18.230531692504883,17.389511108398438,0.3034972548484802,100.0,0.4278072416782379,0.6397367119789124,1345,1377,0.443136990070343,0,0,0.008927436545491219,0.002203710377216339,20.016597747802734,0.009961854666471481,0.22534646093845367,0.016322607174515724,0.3076411783695221,17.326200485229492,0.018508872017264366,0.35447442531585693,0.012507782317698002,0.015245861373841763,19.17698097229004,0.012086538597941399,0.2594204545021057,0.01983337476849556,0.33068135380744934,16.867191314697266,0.02057221345603466,0.3679276704788208,0.0047208997420966625,0.015029584057629108,25.037696838378906,0.0031349488999694586,0.08571484684944153,0.018241016194224358,0.0,16.76803207397461,0.021047325804829597,0.35423773527145386,20.84543228149414,0.008231080137193203,0.18986979126930237,36.20460510253906,0.00023962906561791897,20.240842819213867,0.009460534900426865,0.22150413691997528,18.132511138916016,0.015372660011053085,0.28577521443367004,17.515499114990234,0.017719445750117302,0.33508333563804626,20.04104232788086,0.00990594644099474,0.21182148158550262,31.46461296081543,0.0007137379725463688,19.461484909057617,0.01132013276219368,0.2460332214832306,17.6899471282959,0.017021795734763145,0.30231916904449463,17.086833953857422,0.019557643681764603,0.3545711040496826,27.21006202697754,0.0019010523101314902,0.05856369063258171,32.36760711669922,0.0005797480698674917,26.768863677978516,0.002104329876601696,0.06885040551424026
10489,162,11,1465,-1,1,25.47675895690918,0.10233074426651001,20.622060775756836,0.17516747117042542,27.0563907623291,22.594959259033203,0.1327919065952301,19.432327270507812,24.381772994995117,0.07464773207902908,18.00684928894043,18.19778060913086,20.065929412841797,0.2349395453929901,100.0,0.39809176325798035,0.44001781940460205,1465,1497,0.4082691967487335,0,0,0.002833506790921092,0.001969522563740611,25.27766227722168,0.002966427244246006,0.11497693508863449,0.008665509521961212,0.24937304854393005,20.10748863220215,0.009755536913871765,0.29232925176620483,0.005501791834831238,0.015823958441615105,24.074050903320312,0.0039137667044997215,0.13957595825195312,0.011396391317248344,0.26518523693084717,19.640708923339844,0.010862489230930805,0.3004617691040039,0.003646052209660411,0.015143349766731262,27.264808654785156,0.001877237344160676,0.07242283225059509,0.009849338792264462,0.0,19.44445037841797,0.011364622041583061,0.28157517313957214,26.726726531982422,0.002124844351783395,0.09052139520645142,37.24186325073242,0.00018871822976507246,26.156986236572266,0.0024227099493145943,0.10523051768541336,21.038818359375,0.007872598245739937,0.2333853840827942,20.425670623779297,0.009066362865269184,0.2788337767124176,25.170879364013672,0.003040269250050187,0.10119899362325668,31.868499755859375,0.0006503543118014932,24.675071716308594,0.0034079488832503557,0.11877483129501343,20.465118408203125,0.008984384126961231,0.2396266907453537,19.880159378051758,0.010279787704348564,0.2854592800140381,29.17837142944336,0.001208266825415194,0.04263700172305107,32.53984069824219,0.0005572065711021423,28.832494735717773,0.0013084301026538014,0.050523385405540466
10560,162,11,1536,-1,0,18.72934913635254,0.23187227547168732,16.131664276123047,0.29988893866539,25.116479873657227,17.956501007080078,0.24019253253936768,15.642511367797852,24.276973724365234,0.05150025710463524,17.84746551513672,18.04349708557129,16.02010154724121,0.25313612818717957,100.0,0.4641682803630829,0.6460780501365662,1536,1568,0.4453180134296417,0,0,0.013398775830864906,0.00307859038002789,18.243000030517578,0.014986495487391949,0.2643199861049652,0.0243687741458416,0.27251389622688293,15.567182540893555,0.027751198038458824,0.3073830008506775,0.01600847765803337,0.016415469348430634,17.973520278930664,0.015945862978696823,0.26292869448661804,0.0272739976644516,0.28418073058128357,15.384346008300781,0.028944460675120354,0.31242841482162476,0.003735103877261281,0.015690987929701805,27.222217559814453,0.0018957372521981597,0.04232064262032509,0.025002870708703995,0.0,15.398622512817383,0.028849463909864426,0.2921906113624573,18.981250762939453,0.012643719092011452,0.20808669924736023,33.77254104614258,0.0004195136425551027,18.379030227661133,0.014524364843964577,0.24040630459785461,16.274105072021484,0.02358248643577099,0.252419114112854,15.658403396606445,0.02717437781393528,0.2911529242992401,18.716590881347656,0.013438194058835506,0.21547387540340424,29.595834732055664,0.0010975307086482644,18.142663955688477,0.015336758457124233,0.24723176658153534,16.096479415893555,0.024567002430558205,0.2598249614238739,15.499510765075684,0.028187008574604988,0.29944881796836853,29.779903411865234,0.0010519854258745909,0.024778034538030624,30.054109573364258,0.0009876182302832603,29.739212036132812,0.0010618879459798336,0.027735434472560883
10653,162,11,1629,-1,1,24.72834014892578,0.15037867426872253,20.91474151611328,0.1833161562681198,26.0946044921875,22.266830444335938,0.18191562592983246,19.637081146240234,24.027061462402344,0.07500647008419037,17.99201202392578,18.001304626464844,20.406509399414062,0.24193032085895538,100.0,0.3911416530609131,0.46866947412490845,1629,1661,0.42954638600349426,0,0,0.00336640328168869,0.0024577616713941097,24.551639556884766,0.003506194334477186,0.17325827479362488,0.008100763894617558,0.2534424066543579,20.46626853942871,0.008982001803815365,0.29666975140571594,0.005933582782745361,0.015878111124038696,23.56186866760254,0.0044036549516022205,0.20001500844955444,0.010871561244130135,0.2663518786430359,19.965665817260742,0.010079371742904186,0.30363497138023376,0.003956342115998268,0.015844173729419708,26.721418380737305,0.0021274450700730085,0.07553139328956604,0.009106455370783806,0.0,19.78502655029297,0.010507448576390743,0.2880631387233734,25.685344696044922,0.002700633369386196,0.1384347528219223,35.354942321777344,0.00029141121194697917,25.126802444458008,0.003071283223107457,0.16397599875926971,21.322763442993164,0.007374349515885115,0.24065835773944855,20.71558952331543,0.008480881340801716,0.28744497895240784,24.22315788269043,0.0037816758267581463,0.1487094610929489,29.02939796447754,0.0012504326878115535,23.797496795654297,0.0041710976511240005,0.17459428310394287,20.664796829223633,0.008580654859542847,0.24966324865818024,20.125564575195312,0.00971501599997282,0.29712608456611633,28.531673431396484,0.0014022740069776773,0.04624601826071739,29.15707778930664,0.0012142050545662642,28.44297218322754,0.0014312078710645437,0.05446680635213852
10916,162,11,1956,-1,1,24.091888427734375,0.13262630999088287,19.534282684326172,0.19119711220264435,27.54281234741211,21.55755043029785,0.1709500104188919,18.385330200195312,23.683576583862305,0.08530783653259277,18.05381965637207,18.050029754638672,18.791696548461914,0.30635643005371094,100.0,0.44017037749290466,0.4343706965446472,1956,1988,0.43589112162590027,0,0,0.003897725837305188,0.0017608361085876822,23.740215301513672,0.004226478282362223,0.15582558512687683,0.011131960898637772,0.30050140619277954,19.015195846557617,0.01254527922719717,0.344815731048584,0.006986264139413834,0.015653738752007484,22.477357864379883,0.005652807652950287,0.18890780210494995,0.01450330764055252,0.323314368724823,18.43477439880371,0.014339124783873558,0.3613981604576111,0.004281957633793354,0.01566740870475769,25.96819305419922,0.0025303498841822147,0.08301293849945068,0.013207802549004555,0.0,18.170215606689453,0.015239772386848927,0.3558327853679657,24.804264068603516,0.0033080631401389837,0.11459999531507492,37.91651153564453,0.00016156560741364956,24.211156845092773,0.0037921397015452385,0.13943736255168915,19.64826011657715,0.010843613184988499,0.29108816385269165,19.033599853515625,0.012492234818637371,0.3385089039802551,23.52819061279297,0.004437936469912529,0.13177171349525452,32.60197067260742,0.0005492916679941118,22.978981018066406,0.005036189220845699,0.15751154720783234,19.18238067626953,0.012071517296135426,0.30080705881118774,18.58412742614746,0.013854384422302246,0.3510607182979584,28.023183822631836,0.0015764560084789991,0.04662823677062988,32.975746154785156,0.0005039944080635905,27.59088897705078,0.0017414501635357738,0.05681765079498291
10961,162,11,2001,-1,2,24.547176361083984,0.09457987546920776,17.874359130859375,0.14689847826957703,27.233821868896484,21.625457763671875,0.1304565817117691,17.041954040527344,23.144268035888672,0.07554157078266144,18.056215286254883,18.179304122924805,17.183149337768555,0.18018683791160583,100.0,0.4286130964756012,0.3427298069000244,2001,2033,0.3936086893081665,0,0,0.0035098011139780283,0.0018906791228801012,24.24939727783203,0.00375889684073627,0.11111751198768616,0.016314135864377022,0.18028225004673004,17.362197875976562,0.018356092274188995,0.20377343893051147,0.006877875421196222,0.015645110979676247,22.5734806060791,0.005529070273041725,0.1400374472141266,0.019760798662900925,0.2064400464296341,16.91730499267578,0.02033618651330471,0.22035714983940125,0.004848118871450424,0.015207912772893906,24.87541961669922,0.003254304174333811,0.07422348111867905,0.01912868581712246,0.0,16.561668395996094,0.022071562707424164,0.20626667141914368,25.62397003173828,0.002739069750532508,0.07309726625680923,36.617244720458984,0.00021790922619402409,25.048805236816406,0.00312694045715034,0.09105342626571655,17.832855224609375,0.016470788046717644,0.16688430309295654,17.21674919128418,0.018981261178851128,0.19164520502090454,23.865297317504883,0.004106486681848764,0.09735021740198135,31.58133316040039,0.000694810994900763,23.34291648864746,0.004631359130144119,0.11593857407569885,17.504066467285156,0.017766153439879417,0.18291223049163818,16.901344299316406,0.020411064848303795,0.2076544314622879,26.872713088989258,0.0020546065643429756,0.047784604132175446,32.325843811035156,0.0005853500333614647,26.41942024230957,0.002280646236613393,0.05706026032567024
10972,162,11,2012,-1,1,23.19671630859375,0.14020778238773346,18.964725494384766,0.2063201516866684,26.462841033935547,21.015060424804688,0.17596568167209625,17.961280822753906,23.421363830566406,0.08479602634906769,17.857452392578125,17.989173889160156,18.106252670288086,0.2617250680923462,100.0,0.4165961742401123,0.49525216221809387,2012,2044,0.3927869200706482,0,0,0.0047899214550852776,0.002257958287373185,22.857160568237305,0.005179454106837511,0.1616722047328949,0.012691927142441273,0.2666855454444885,18.444761276245117,0.014306183904409409,0.30929306149482727,0.00791578646749258,0.016377773135900497,21.79539680480957,0.006613943260163069,0.19182775914669037,0.015990860760211945,0.2824952304363251,17.92679786682129,0.016118338331580162,0.32073459029197693,0.004548453260213137,0.01588848978281021,25.522480010986328,0.0028038318268954754,0.08438288420438766,0.015465880744159222,0.0,17.48477554321289,0.01784524694085121,0.308573842048645,23.754512786865234,0.004212583880871534,0.12365643680095673,36.85771560668945,0.00020617141854017973,23.161468505859375,0.0048289550468325615,0.14754827320575714,18.99191665649414,0.012612711638212204,0.25343820452690125,18.37706756591797,0.014530927874147892,0.3000829815864563,22.54656219482422,0.005563444923609495,0.14265665411949158,31.59785270690918,0.0006921732565388083,21.997730255126953,0.006312870420515537,0.16774600744247437,18.457754135131836,0.014263453893363476,0.2634941041469574,17.86182975769043,0.01636127196252346,0.3105802536010742,27.184106826782227,0.0019124466925859451,0.05068853124976158,32.13414764404297,0.0006117657176218927,26.75192642211914,0.0021125515922904015,0.059035222977399826
11110,162,11,2150,-1,3,21.692781448364258,0.12554144859313965,19.558298110961914,0.2314860075712204,26.14811897277832,20.01220703125,0.15575790405273438,18.47443962097168,23.15906524658203,0.08229228109121323,18.161745071411133,18.151952743530273,18.563539505004883,0.11796359717845917,31.311798095703125,0.3850681185722351,0.6011559963226318,2150,2182,0.414834201335907,0,0,0.006772076245397329,0.002427661092951894,21.28400993347168,0.007440447341650724,0.14298932254314423,0.01107057835906744,0.13615170121192932,19.091245651245117,0.012327514588832855,0.15581336617469788,0.009971932508051395,0.015269523486495018,20.38250732421875,0.009156919084489346,0.16810046136379242,0.014208759181201458,0.14568275213241577,18.523818969726562,0.014048117212951183,0.1572878509759903,0.004831628408282995,0.01530398614704609,24.9207706451416,0.0032204962335526943,0.08257104456424713,0.013920219615101814,0.0007392990519292653,17.972925186157227,0.01594805344939232,0.13648861646652222,22.006649017333984,0.006299918983131647,0.10841522365808487,35.98176956176758,0.00025224522687494755,21.40842056274414,0.007230331189930439,0.1265745460987091,19.569204330444336,0.01104281097650528,0.12162907421588898,18.992280960083008,0.01261165365576744,0.14084705710411072,21.05921745300293,0.007835711352527142,0.12447218596935272,29.201383590698242,0.001201881910674274,20.527477264404297,0.008856300264596939,0.14571882784366608,18.97262191772461,0.012668871320784092,0.12781034409999847,18.428489685058594,0.01435989048331976,0.14948676526546478,26.57863998413086,0.0021985480561852455,0.049816980957984924,29.884069442749023,0.0010270536877214909,26.236459732055664,0.0023787780664861202,0.05891246348619461
11221,162,11,2293,-1,0,28.035232543945312,0.07686249911785126,26.109664916992188,0.11989883333444595,28.117633819580078,23.400867462158203,0.12735870480537415,22.643583297729492,23.791996002197266,0.08487747609615326,17.996932983398438,17.955821990966797,25.506511688232422,0.048006635159254074,100.0,0.1754053384065628,0.6835529208183289,2293,2325,0.4004876911640167,0,0,0.001572087756358087,0.0015425407327711582,28.022693634033203,0.0015766334254294634,0.08504310995340347,0.002449252875521779,0.06426367908716202,25.93946647644043,0.002547142095863819,0.07032077014446259,0.004569970536977053,0.015860136598348618,25.477500915527344,0.0028330220375210047,0.13233843445777893,0.005440536420792341,0.10384468734264374,24.2320556640625,0.0037739353720098734,0.10656977444887161,0.00417638523504138,0.01601097173988819,26.278837203979492,0.0023556798696517944,0.08241266012191772,0.0028141620568931103,0.0,24.885032653808594,0.00324710994027555,0.05550786852836609,30.52385711669922,0.0008863684488460422,0.06337562203407288,39.10368347167969,0.00012292255996726453,29.983434677124023,0.001003821729682386,0.07430389523506165,27.780227661132812,0.001667160540819168,0.04713976010680199,27.20499038696289,0.0019032728159800172,0.055679578334093094,27.000690460205078,0.0019949462730437517,0.08699391037225723,32.028770446777344,0.0006267912103794515,26.565065383911133,0.0022054314613342285,0.09889917075634003,25.579965591430664,0.0027669640257954597,0.07137664407491684,25.08645248413086,0.003099951194599271,0.08227390050888062,28.31460952758789,0.0014741412596777081,0.04872395098209381,32.490089416503906,0.0005636262358166277,27.920372009277344,0.0016142206732183695,0.05563005805015564
11227,162,11,2299,-1,2,27.268043518066406,0.10808107256889343,22.35384750366211,0.1317705661058426,26.59091567993164,23.413066864013672,0.1468803882598877,20.720489501953125,24.200923919677734,0.07746651768684387,17.8129825592041,17.843719482421875,21.543350219726562,0.09491489082574844,100.0,0.3063119053840637,0.4301842749118805,2299,2331,0.3863458037376404,0,0,0.0018758397782221437,0.002192343818023801,27.382266998291016,0.0018271468579769135,0.12176261097192764,0.005815877579152584,0.10693822056055069,21.988630294799805,0.0063261124305427074,0.11577276885509491,0.004557151347398758,0.01654633693397045,25.666046142578125,0.0027126611676067114,0.15410299599170685,0.008471322245895863,0.13407933712005615,21.34743881225586,0.0073325661942362785,0.13529109954833984,0.0038010876160115004,0.01642964966595173,27.30900001525879,0.001858231844380498,0.07598519325256348,0.0070091430097818375,0.0,20.921871185302734,0.00808747299015522,0.10316423326730728,29.605167388916016,0.001095174578949809,0.08789768815040588,34.944053649902344,0.00032032799208536744,29.156448364257812,0.0012143816566094756,0.10323607176542282,22.618770599365234,0.005471708718687296,0.08844064921140671,22.01573944091797,0.006286748219281435,0.09854793548583984,27.088836669921875,0.001954863080754876,0.114070825278759,30.58367919921875,0.0008742428617551923,26.734363555908203,0.002121112309396267,0.13196153938770294,21.86983871459961,0.0065015400759875774,0.11056016385555267,21.30018424987793,0.007412787061184645,0.1228436529636383,29.20107650756836,0.0012019671266898513,0.05044511705636978,31.951139450073242,0.0006380963022820652,28.898427963256836,0.0012887164484709501,0.05852486193180084
11317,162,11,2389,-1,0,23.99872589111328,0.11829335242509842,19.467557907104492,0.15523956716060638,26.573932647705078,21.39694595336914,0.16348867118358612,18.352697372436523,23.35845947265625,0.08572281152009964,17.907947540283203,18.100486755371094,18.820085525512695,0.2772146165370941,32.352603912353516,0.4561249911785126,0.3403443694114685,2389,2421,0.4277951717376709,0,0,0.003982239868491888,0.002200933638960123,23.709693908691406,0.004256286658346653,0.13480940461158752,0.01130431517958641,0.2766408622264862,18.994693756103516,0.012604650110006332,0.32223543524742126,0.007249454967677593,0.016188450157642365,22.310495376586914,0.005874225404113531,0.17541980743408203,0.014612694270908833,0.29946190118789673,18.41931915283203,0.014390244148671627,0.3358839750289917,0.004614812787622213,0.015486437827348709,25.313196182250977,0.002942254999652505,0.08510065078735352,0.013121740892529488,0.0005817544879391789,18.224355697631836,0.015050969086587429,0.32249632477760315,25.078351974487305,0.0031057384330779314,0.10402169823646545,36.820167541503906,0.0002079616388073191,24.495820999145508,0.003551550442352891,0.12248463928699493,19.839458465576172,0.010376577265560627,0.26988548040390015,19.25065803527832,0.011883223429322243,0.3165462613105774,23.51382827758789,0.004452638793736696,0.12827560305595398,31.378299713134766,0.0007280647987499833,22.988079071044922,0.0050256503745913506,0.15035229921340942,19.2405948638916,0.011910788714885712,0.27794331312179565,18.671585083007812,0.013578183948993683,0.32395216822624207,27.451950073242188,0.001798063749447465,0.04726703464984894,32.25318145751953,0.0005952261853963137,27.026519775390625,0.001983115915209055,0.055604659020900726
11373,162,11,2445,-1,0,25.50870132446289,0.11249566078186035,19.370784759521484,0.15231330692768097,27.07343101501465,22.17717170715332,0.15993639826774597,18.29807472229004,23.59404754638672,0.07793786376714706,18.020307540893555,18.29596519470215,18.80670738220215,0.26633670926094055,35.36793518066406,0.45772767066955566,0.33275967836380005,2445,2477,0.45956143736839294,0,0,0.002812741557136178,0.001961810514330864,25.311134338378906,0.002943654078990221,0.12827558815479279,0.01155903097242117,0.2634163200855255,18.881668090820312,0.012936988845467567,0.30405133962631226,0.006057352758944035,0.01577499322593212,23.40813446044922,0.004562330897897482,0.17042966187000275,0.014797643758356571,0.2919085621833801,18.324554443359375,0.01470769289880991,0.3233546316623688,0.004371146205812693,0.014804834499955177,25.581539154052734,0.0027659633196890354,0.07341133058071136,0.013162225484848022,0.0002905403380282223,18.198028564453125,0.015142485499382019,0.310349702835083,26.876089096069336,0.0020530105102807283,0.09407374262809753,37.54689025878906,0.0001759184233378619,26.304513931274414,0.0023417940828949213,0.11059314012527466,19.79479217529297,0.010483849793672562,0.254105806350708,19.19243049621582,0.012043619528412819,0.29789432883262634,24.76968002319336,0.003334510140120983,0.12312927842140198,29.308246612548828,0.0011726688826456666,24.356769561767578,0.003667101263999939,0.14409862458705902,19.182275772094727,0.012071814388036728,0.270529568195343,18.62319564819336,0.013730312697589397,0.31678006052970886,27.72538185119629,0.0016883474308997393,0.04344196245074272,29.807567596435547,0.0010453058639541268,27.47808265686035,0.001787276822142303,0.05065051093697548
11718,162,11,2822,-1,3,24.720928192138672,0.12849341332912445,20.499019622802734,0.18499863147735596,26.095857620239258,21.84261131286621,0.1679334044456482,19.148822784423828,23.260915756225586,0.09146995842456818,18.128326416015625,18.27071762084961,19.33931541442871,0.1865464448928833,100.0,0.3803127408027649,0.48643815517425537,2822,2854,0.41234973073005676,0,0,0.003372152103111148,0.0024570529349148273,24.543296813964844,0.0035129368770867586,0.1457396149635315,0.008914523757994175,0.18862390518188477,20.018756866455078,0.009956907480955124,0.2134924679994583,0.006542428396642208,0.01538747176527977,22.855316162109375,0.0051816534250974655,0.18073305487632751,0.012165157124400139,0.20966419577598572,19.30911636352539,0.011724337935447693,0.2281707525253296,0.004719636868685484,0.014891152270138264,25.010297775268555,0.003154788399115205,0.09060827642679214,0.011643101461231709,0.0,18.71783447265625,0.013434349559247494,0.21478036046028137,25.975343704223633,0.002526187803596258,0.11203508079051971,35.039581298828125,0.000313358788844198,25.42629623413086,0.0028666227590292692,0.1306610405445099,20.713281631469727,0.008485391736030579,0.17769615352153778,20.105886459350586,0.009759136475622654,0.20543068647384644,23.681556701660156,0.004283950664103031,0.13265195488929749,28.737167358398438,0.0013374675763770938,23.244731903076172,0.004737256094813347,0.15430650115013123,19.89923095703125,0.010234745219349861,0.18672411143779755,19.351524353027344,0.01161041297018528,0.21497949957847595,26.158157348632812,0.002422056859359145,0.05950212478637695,28.77617073059082,0.0013255102094262838,25.86573600769043,0.002590755932033062,0.06876128911972046
12046,162,11,3182,-1,2,18.41366958618164,0.22973543405532837,15.581446647644043,0.278766006231308,24.792865753173828,17.45163345336914,0.260260671377182,15.054597854614258,23.803653717041016,0.0714801698923111,17.863075256347656,18.105873107910156,15.12364387512207,0.3080482482910156,38.754634857177734,0.4947056770324707,0.5634986758232117,3182,3214,0.31044620275497437,0,0,0.014408976770937443,0.0033167547080665827,17.927570343017578,0.016115473583340645,0.255681574344635,0.027660202234983444,0.323138564825058,15.033921241760254,0.03137675300240517,0.363150954246521,0.017981944605708122,0.016356583684682846,17.391658782958984,0.01823199912905693,0.2810315787792206,0.03122771717607975,0.33709195256233215,14.726703643798828,0.033676717430353165,0.37339964509010315,0.004165187943726778,0.015467234887182713,26.15035629272461,0.002426411723718047,0.0645555630326271,0.030735179781913757,0.0001332099927822128,14.504674911499023,0.035443175584077835,0.35227546095848083,18.600542068481445,0.013802124187350273,0.21469369530677795,32.80815887451172,0.0005238223820924759,18.001094818115234,0.015844939276576042,0.24452507495880127,15.472759246826172,0.028361167758703232,0.303111732006073,14.859912872314453,0.03265945240855217,0.3446820080280304,18.158863067626953,0.015279659070074558,0.22717806696891785,27.503416061401367,0.0017768818652257323,17.60525131225586,0.017357006669044495,0.25746950507164,15.246428489685059,0.029878389090299606,0.3120116591453552,14.655977249145508,0.034229639917612076,0.35538238286972046,28.40019989013672,0.0014453739859163761,0.033887770026922226,28.06980323791504,0.0015596231678500772,28.45333480834961,0.0014277970185503364,0.03835063427686691
12161,162,11,3297,-1,1,23.285533905029297,0.1854933500289917,20.959491729736328,0.1823013573884964,25.359020233154297,21.232112884521484,0.23077192902565002,19.629581451416016,23.86081314086914,0.10284446179866791,18.100177764892578,18.1026611328125,20.14613914489746,0.2227519154548645,100.0,0.3658381402492523,0.49831151962280273,3297,3329,0.3958784341812134,0,0,0.004692956805229187,0.002911374671384692,23.039016723632812,0.004967046435922384,0.21003036201000214,0.008017719723284245,0.23519298434257507,20.522260665893555,0.008866947144269943,0.2676883935928345,0.007529889699071646,0.01548753585666418,22.00271224975586,0.0063056377694010735,0.24358457326889038,0.0108903544023633,0.2714757025241852,19.910863876342773,0.010207366198301315,0.29348626732826233,0.004110728856176138,0.015478678978979588,26.26754379272461,0.0023618140257894993,0.09970639646053314,0.009669103659689426,0.0,19.524660110473633,0.01115665677934885,0.2551296353340149,23.872194290161133,0.00409997021779418,0.16103003919124603,35.36482238769531,0.000290748750558123,23.291973114013672,0.0046860044822096825,0.18340076506137848,21.279075622558594,0.007448909804224968,0.21398192644119263,20.671844482421875,0.008566740900278091,0.24670490622520447,22.766572952270508,0.005288624204695225,0.17972098290920258,29.211952209472656,0.001198959886096418,22.27839469909668,0.005917802918702364,0.2019536793231964,20.612197875976562,0.008685207925736904,0.22826877236366272,20.072021484375,0.009835534729063511,0.261342316865921,27.863391876220703,0.001635538530535996,0.059721168130636215,29.430309295654297,0.0011401691008359194,27.665597915649414,0.0017117493553087115,0.06941191852092743
12265,162,11,3433,-1,3,21.379100799560547,0.20414109528064728,17.270509719848633,0.26709219813346863,24.820287704467773,19.750944137573242,0.2401435226202011,16.501811981201172,23.55752182006836,0.07873149961233139,17.855674743652344,18.037174224853516,16.612445831298828,0.34047117829322815,100.0,0.4662759304046631,0.5728200674057007,3433,3465,0.40885627269744873,0,0,0.007279305253177881,0.003295880276709795,21.028053283691406,0.007892139256000519,0.23052546381950378,0.018747752532362938,0.3559272289276123,16.70868492126465,0.021336907520890236,0.4051564037799835,0.010590234771370888,0.01638447307050228,20.1328125,0.00969881284981966,0.2606974244117737,0.022377867251634598,0.36199846863746643,16.300281524658203,0.023440763354301453,0.40376317501068115,0.00440806383267045,0.015713846310973167,25.736982345581055,0.002668712055310607,0.07598035782575607,0.021815018728375435,0.0,15.990964889526367,0.025171175599098206,0.39201876521110535,21.655757904052734,0.0068300566636025906,0.188387930393219,34.906131744384766,0.0003231370938010514,21.0617618560791,0.007831121794879436,0.21449582278728485,17.18366241455078,0.019126426428556442,0.3368517756462097,16.567724227905273,0.02204080857336521,0.38908568024635315,20.9036808013916,0.008121420629322529,0.2105814516544342,30.61859893798828,0.0008672415278851986,20.344482421875,0.009237448684871197,0.2392689734697342,16.87366485595703,0.020541567355394363,0.343089759349823,16.268993377685547,0.023610267788171768,0.39653050899505615,27.67563247680664,0.0017077985685318708,0.04285740852355957,31.788904190063477,0.0006623838562518358,27.28476333618164,0.0018686314579099417,0.048075851052999496
12425,162,11,3593,-1,3,23.54241943359375,0.11437278985977173,19.50418472290039,0.14861686527729034,28.437997817993164,21.01116180419922,0.16112114489078522,18.232784271240234,23.07745361328125,0.08191920816898346,18.074357986450195,18.171981811523438,18.591094970703125,0.2102557122707367,100.0,0.32900792360305786,0.45171210169792175,3593,3625,0.3317996561527252,0,0,0.004423420410603285,0.001432848279364407,23.112680435180664,0.004883508663624525,0.1307143270969391,0.011209378018975258,0.21251291036605835,18.931114196777344,0.012790529988706112,0.24410440027713776,0.007922891527414322,0.0155798876658082,21.710250854492188,0.0067448923364281654,0.17117926478385925,0.015021788887679577,0.24342498183250427,18.239635467529297,0.014998102560639381,0.26648905873298645,0.004923280794173479,0.01523357443511486,24.766332626342773,0.0033370819874107838,0.07814119756221771,0.01383217703551054,0.0,17.969615936279297,0.0159602053463459,0.2466696798801422,24.596738815307617,0.003469973336905241,0.09739363193511963,38.17632293701172,0.00015218349290080369,24.000730514526367,0.003980402369052172,0.11345140635967255,19.728675842285156,0.010644675232470036,0.20021681487560272,19.110477447509766,0.012273045256733894,0.23362626135349274,22.948760986328125,0.00507135596126318,0.11378905177116394,30.479095458984375,0.0008955515222623944,22.43075942993164,0.00571378692984581,0.13302616775035858,19.01777458190918,0.012537837028503418,0.2113153636455536,18.434783935546875,0.014339089393615723,0.24820873141288757,26.915367126464844,0.0020345270168036222,0.04303813725709915,30.838478088378906,0.0008244271739386022,26.535110473632812,0.00222069607116282,0.051800623536109924
12729,162,11,3929,-1,3,22.398500442504883,0.1783275604248047,18.869421005249023,0.21014128625392914,25.87582778930664,20.20231056213379,0.22095778584480286,17.710620880126953,22.949203491210938,0.0833590179681778,18.135087966918945,18.213998794555664,17.870920181274414,0.25101858377456665,100.0,0.401932954788208,0.5228267312049866,3929,3961,0.3981562852859497,0,0,0.005756385624408722,0.0025847426149994135,22.04513931274414,0.006244330666959286,0.20446717739105225,0.012973522767424583,0.2616296112537384,18.363445281982422,0.014576579444110394,0.29365187883377075,0.009544849395751953,0.015363538637757301,20.630006790161133,0.008649665862321854,0.24129191040992737,0.01694095879793167,0.28451892733573914,17.63625144958496,0.017233552411198616,0.30836474895477295,0.005070836748927832,0.015086906030774117,24.52237319946289,0.003529903944581747,0.0802091658115387,0.016327057033777237,0.0,17.24944305419922,0.0188389103859663,0.28588226437568665,22.941524505615234,0.005079810507595539,0.15965864062309265,34.15839385986328,0.0003838494303636253,22.364023208618164,0.0058022658340632915,0.18847547471523285,18.877107620239258,0.012950585223734379,0.23854346573352814,18.263933181762695,0.014914433471858501,0.27188557386398315,21.624095916748047,0.006880033295601606,0.17828059196472168,30.747167587280273,0.000841944245621562,21.074064254760742,0.007808969356119633,0.2060931771993637,18.251840591430664,0.014956018887460232,0.25674355030059814,17.652999877929688,0.017167218029499054,0.2933366298675537,26.632497787475586,0.0021714521571993828,0.053582072257995605,32.40037155151367,0.0005753907607868314,26.167232513427734,0.0024170000106096268,0.06191973015666008
12758,162,11,3958,-1,0,20.843698501586914,0.20225214958190918,18.24616241455078,0.2455887347459793,25.866626739501953,18.964391708374023,0.24726565182209015,17.13272476196289,22.166440963745117,0.10746309161186218,18.027435302734375,18.1309871673584,17.374914169311523,0.34662672877311707,33.61024475097656,0.4451696574687958,0.551674485206604,3958,3990,0.4371586740016937,0,0,0.008234365843236446,0.0025902243796736,20.408302307128906,0.009102695621550083,0.23313897848129272,0.014975589700043201,0.35442689061164856,17.75952911376953,0.0167512446641922,0.403107225894928,0.012692896649241447,0.015749135985970497,19.128326416015625,0.012222707271575928,0.2744077742099762,0.01935206912457943,0.3713447153568268,16.987869262695312,0.02000843547284603,0.4151955246925354,0.0060723391361534595,0.01537804864346981,23.33417510986328,0.004640691448003054,0.10768388211727142,0.018302416428923607,0.000435487600043416,16.767236709594727,0.02105117216706276,0.40150758624076843,21.300832748413086,0.007411682512611151,0.18307362496852875,33.73616027832031,0.00042304262751713395,20.7125301361084,0.008486858569085598,0.21592199802398682,18.48310089111328,0.014180450700223446,0.3344874382019043,17.89260482788086,0.01624574512243271,0.3885050415992737,20.019290924072266,0.00995567999780178,0.21034547686576843,30.41370391845703,0.0009091377141885459,19.45101547241211,0.011347455903887749,0.2449340522289276,17.754636764526367,0.016770122572779655,0.3499062657356262,17.169692993164062,0.019188040867447853,0.4051095247268677,25.188621520996094,0.003027875442057848,0.0638313814997673,30.18729019165039,0.000957791693508625,24.75428581237793,0.0033463500440120697,0.0732916072010994
12940,162,11,4172,-1,1,23.45771598815918,0.11559197306632996,20.788143157958984,0.1856185644865036,25.571184158325195,21.29121971130371,0.14650480449199677,19.40871810913086,23.402873992919922,0.08604542911052704,18.027198791503906,18.171892166137695,19.617431640625,0.1011354848742485,100.0,0.3312937915325165,0.5602838397026062,4172,4204,0.38944298028945923,0,0,0.004510539583861828,0.0027725647669285536,23.207611083984375,0.00477792089805007,0.12970760464668274,0.008340376429259777,0.12615863978862762,20.331363677978516,0.009265389293432236,0.1425229012966156,0.00742810545489192,0.015749981626868248,22.112791061401367,0.006147817242890596,0.15780293941497803,0.01145851332694292,0.14220884442329407,19.637828826904297,0.010869690217077732,0.1504790484905243,0.004567858297377825,0.01523388922214508,25.335874557495117,0.002926931018009782,0.08706323802471161,0.01092085987329483,0.0,18.995952606201172,0.012600991874933243,0.11877922713756561,24.31227684020996,0.0037048659287393093,0.10058584809303284,36.95713806152344,0.0002015050849877298,23.722408294677734,0.00424384418874979,0.11851155012845993,20.906496047973633,0.008116155862808228,0.10658887773752213,20.29662322998047,0.009339804761111736,0.12548209726810455,23.001192092895508,0.005010498687624931,0.1153789684176445,31.32442855834961,0.0007371522369794548,22.46575164794922,0.005667936522513628,0.134004145860672,20.17765235900879,0.00959919486194849,0.11449673026800156,19.59543800354004,0.010976306162774563,0.13474662601947784,27.161975860595703,0.0019222174305468798,0.04934319853782654,31.7640380859375,0.0006661872030235827,26.745967864990234,0.0021154528949409723,0.05686775967478752
12943,162,11,4175,-1,0,24.523937225341797,0.11785802245140076,17.302753448486328,0.17814691364765167,26.395700454711914,21.719051361083984,0.1556735634803772,16.556659698486328,23.26585578918457,0.08588260412216187,17.880348205566406,18.1106014251709,16.746469497680664,0.3718305230140686,100.0,0.5242562294006348,0.339808851480484,4175,4207,0.3979001045227051,0,0,0.003528630593791604,0.002293136902153492,24.29608154296875,0.0037187067791819572,0.13052105903625488,0.018609073013067245,0.383364737033844,16.752769470214844,0.021121419966220856,0.4393732249736786,0.006731240078806877,0.0162916611880064,22.789806365966797,0.00526040606200695,0.16333560645580292,0.022097043693065643,0.39704644680023193,16.3675479888916,0.023080497980117798,0.4446304142475128,0.004714270122349262,0.015450412407517433,25.139158248901367,0.0030625564977526665,0.08448638021945953,0.021152080968022346,0.0,16.124990463256836,0.024406248703598976,0.42826974391937256,25.94861602783203,0.0025417839642614126,0.10215599089860916,36.56474304199219,0.0002205594937549904,25.377676010131836,0.002898895414546132,0.12036547809839249,17.561233520507812,0.01753382571041584,0.3658611476421356,16.946273803710938,0.02020098827779293,0.4210696816444397,23.928890228271484,0.004046792630106211,0.12320734560489655,31.52486801147461,0.0007039040210656822,23.409318923950195,0.0045610833913087845,0.141618013381958,17.09688377380371,0.019512448459863663,0.37421154975891113,16.494014739990234,0.022418087348341942,0.4287218153476715,27.042888641357422,0.0019756548572331667,0.05196583643555641,32.35348892211914,0.0005816359189338982,26.59532356262207,0.0021901193540543318,0.05931321904063225
12953,162,11,4185,-1,2,21.5999813079834,0.16261841356754303,20.072307586669922,0.2717619240283966,25.22515296936035,19.8380069732666,0.20496219396591187,18.723922729492188,23.557252883911133,0.07978100329637527,17.81372833251953,18.054576873779297,19.197174072265625,0.1413724273443222,100.0,0.3190852105617523,0.8516907691955566,4185,4217,0.36233922839164734,0,0,0.006918341387063265,0.003002513200044632,21.23737335205078,0.007520777173340321,0.17909158766269684,0.009834885597229004,0.1523292064666748,19.585678100585938,0.011001002974808216,0.1718413233757019,0.010380048304796219,0.016543494537472725,20.254043579101562,0.009431825019419193,0.21931663155555725,0.013415532186627388,0.18736448884010315,18.837692260742188,0.013068651780486107,0.2010459303855896,0.0044083371758461,0.015651006251573563,25.720766067504883,0.002678695833310485,0.07674410939216614,0.012030473910272121,0.0,18.575695037841797,0.013881315477192402,0.16001808643341064,21.853750228881836,0.006525672040879726,0.13818359375,33.727577209472656,0.0004238793917465955,21.27004623413086,0.0074644084088504314,0.15587392449378967,20.158649444580078,0.009641291573643684,0.13827282190322876,19.55103302001953,0.01108910795301199,0.15749382972717285,21.068363189697266,0.007819226011633873,0.16173526644706726,30.432050704956055,0.0009053053800016642,20.514450073242188,0.00888290535658598,0.17997725307941437,19.57206916809082,0.01103553082793951,0.15307360887527466,18.988323211669922,0.012623152695596218,0.17385521531105042,27.853073120117188,0.0016394286649301648,0.04097869619727135,31.617155075073242,0.0006891036173328757,27.482078552246094,0.0017856326885521412,0.044549327343702316
13182,162,11,4414,-1,3,23.087726593017578,0.16027918457984924,18.261098861694336,0.19973242282867432,25.045196533203125,20.8328800201416,0.18754468858242035,17.31273651123047,23.17009735107422,0.07878772169351578,18.03197479248047,18.146438598632812,17.655359268188477,0.2804003655910492,100.0,0.4031701683998108,0.49540477991104126,4414,4446,0.4250967502593994,0,0,0.0049116527661681175,0.0031295388471335173,22.851821899414062,0.005185823887586594,0.18204405903816223,0.014924170449376106,0.28391867876052856,17.738483428955078,0.016832616180181503,0.3282323479652405,0.008254905231297016,0.015732672065496445,21.484678268432617,0.0071044801734387875,0.2036929428577423,0.018566343933343887,0.3057278096675873,17.209651947021484,0.01901230588555336,0.34174811840057373,0.0048193722032010555,0.015323436819016933,24.943941116333008,0.0032033617608249187,0.07376791536808014,0.0171579010784626,0.0,17.03388023376465,0.01979757845401764,0.32851332426071167,23.914701461791992,0.004060034640133381,0.1310659945011139,34.30207061767578,0.00037135809543542564,23.346515655517578,0.004627523012459278,0.15417225658893585,18.351882934570312,0.01461543794721365,0.27399906516075134,17.73863983154297,0.016832010820508003,0.3253733217716217,22.627431869506836,0.005460806656628847,0.14598433673381805,30.002058029174805,0.0009995264699682593,22.113256454467773,0.006147157400846481,0.17070870101451874,17.916948318481445,0.0161549374461174,0.2820865511894226,17.32488441467285,0.0185144804418087,0.33233842253685,27.138931274414062,0.0019324434688314795,0.041946686804294586,30.028160095214844,0.0009935373673215508,26.825864791870117,0.002076890552416444,0.0496799573302269
13211,162,11,4475,-1,0,25.617361068725586,0.11183102428913116,22.335405349731445,0.14201851189136505,26.205299377441406,22.632003784179688,0.15496104955673218,20.801067352294922,23.894861221313477,0.08558705449104309,18.088619232177734,17.997291564941406,21.842525482177734,0.1259811520576477,100.0,0.4051527976989746,0.350530743598938,4475,4507,0.41058149933815,0,0,0.002743240213021636,0.0023959085810929537,25.533580780029297,0.0027966757770627737,0.12711907923221588,0.005840627942234278,0.13395750522613525,22.037181854248047,0.006255784071981907,0.1514294594526291,0.005455062724649906,0.015528801828622818,24.08350372314453,0.0039052569773048162,0.1656336784362793,0.00831559393554926,0.15912167727947235,21.38440704345703,0.007270420901477337,0.17264851927757263,0.00407862663269043,0.015858815982937813,26.44684600830078,0.002266290131956339,0.08563397824764252,0.006542559247463942,0.0,21.221044540405273,0.007549107074737549,0.1465594321489334,27.43218994140625,0.0018062639283016324,0.09324342757463455,37.633392333984375,0.00017244910122826695,26.866350173950195,0.0020576200913637877,0.10964351147413254,23.351728439331055,0.0046219718642532825,0.1168513149023056,22.750324249267578,0.005308447405695915,0.13778454065322876,25.337942123413086,0.0029255382250994444,0.1266007125377655,32.18392562866211,0.000604793953243643,24.837852478027344,0.0032825758680701256,0.1454312950372696,22.408634185791016,0.005742974113672972,0.14237214624881744,21.842529296875,0.00654255086556077,0.16563516855239868,28.34284019470215,0.0014645896153524518,0.058081015944480896,32.51814270019531,0.0005599968717433512,27.948612213134766,0.0016037577297538519,0.06709672510623932
13281,162,11,4545,-1,2,24.55878257751465,0.10748003423213959,21.075563430786133,0.14960148930549622,24.891748428344727,22.155864715576172,0.13311663269996643,19.745134353637695,23.716106414794922,0.06657397747039795,18.37053680419922,18.153627395629883,20.121349334716797,0.16554604470729828,34.5550537109375,0.3070370852947235,0.4872424006462097,4545,4577,0.3926769495010376,0,0,0.003500432474538684,0.003242091042920947,24.50975227355957,0.0035401773639023304,0.12488182634115219,0.007806272711604834,0.16887035965919495,20.68946075439453,0.008532056584954262,0.196745827794075,0.006087145302444696,0.01455279067158699,23.201417922973633,0.004784738644957542,0.14724652469158173,0.010604416951537132,0.18839740753173828,20.045272827148438,0.009896292351186275,0.21215388178825378,0.0042500062845647335,0.015298097394406796,25.9340877532959,0.002550299745053053,0.06346502900123596,0.009724447503685951,0.00035034408210776746,19.520782470703125,0.011166617274284363,0.19793160259723663,25.733945846557617,0.0026705798227339983,0.09577014297246933,34.69226837158203,0.00033944810274988413,25.18670082092285,0.003029215382412076,0.11609246581792831,21.236492156982422,0.007522305473685265,0.15409745275974274,20.650283813476562,0.00860937312245369,0.1848781704902649,24.288530349731445,0.0037251762114465237,0.10824944078922272,31.017536163330078,0.0007911274442449212,23.791805267333984,0.004176568705588579,0.12986037135124207,20.624286651611328,0.008661064319312572,0.16299626231193542,20.066659927368164,0.00984768383204937,0.19495759904384613,28.02661895751953,0.0015752093167975545,0.03732910752296448,31.10711097717285,0.0007749772630631924,27.699798583984375,0.0016983222449198365,0.04389858990907669
13720,188,11,276,-1,0,21.49089813232422,0.25616762042045593,22.201969146728516,0.2272353172302246,25.735286712646484,19.811702728271484,0.2946378290653229,20.340282440185547,23.819658279418945,0.09063874185085297,17.947370529174805,17.981849670410156,21.468297958374023,0.08986425399780273,100.0,0.2124727964401245,1.0694795846939087,276,308,0.417804092168808,0,0,0.007094311993569136,0.0026697544381022453,21.092988967895508,0.007775012869387865,0.28871652483940125,0.006022866815328598,0.1149095892906189,21.720609664916992,0.006728822365403175,0.12787726521492004,0.010443108156323433,0.016042165458202362,20.18556785583496,0.009581714868545532,0.3221399784088135,0.00924637820571661,0.14647896587848663,20.854106903076172,0.008214657194912434,0.15112066268920898,0.004149865824729204,0.015915310010313988,26.308216094970703,0.0023397975601255894,0.08934885263442993,0.007131325546652079,0.0,20.846817016601562,0.008228452876210213,0.10349345952272415,21.645830154418945,0.006845690775662661,0.229533851146698,34.04939651489258,0.00039360480150207877,21.05777359008789,0.007838319055736065,0.26300761103630066,22.359817504882812,0.005807889625430107,0.09963750839233398,21.75096321105957,0.0066819582134485245,0.11372538655996323,20.962343215942383,0.008012457750737667,0.24018903076648712,29.471107482910156,0.0011295081349089742,20.423269271850586,0.00907137431204319,0.27388623356819153,21.638154983520508,0.006857797969132662,0.10962077230215073,21.09379768371582,0.0077735660597682,0.12414481490850449,28.27741241455078,0.0014868219150230289,0.04878745228052139,30.435691833496094,0.0009045464685186744,28.02332878112793,0.0015764025738462806,0.05711071193218231
13948,188,11,504,-1,0,24.937255859375,0.20153558254241943,20.09941291809082,0.15949776768684387,25.33052635192871,22.537803649902344,0.24146930873394012,19.119003295898438,24.22226333618164,0.08393283933401108,17.86471176147461,17.97400665283203,19.761899948120117,0.2924920618534088,100.0,0.3086487352848053,0.5167614221572876,504,536,0.3922651410102844,0,0,0.0032082977704703808,0.0029305380303412676,24.879791259765625,0.00325103010982275,0.24129803478717804,0.00977369211614132,0.30059897899627686,19.572492599487305,0.011034451425075531,0.3549221456050873,0.0055746776051819324,0.016350416466593742,24.070606231689453,0.0039168717339634895,0.27596360445022583,0.012248972430825233,0.31943631172180176,19.313234329223633,0.011713232845067978,0.3638238310813904,0.0037824520841240883,0.01594408228993416,27.186412811279297,0.0019114322494715452,0.0817003920674324,0.010563557036221027,0.0,19.140419006347656,0.01218872144818306,0.34827306866645813,26.19405746459961,0.0024021181743592024,0.18511268496513367,33.835845947265625,0.00041344272904098034,25.67340660095215,0.0027080681174993515,0.2292686253786087,20.23238182067871,0.009478984400629997,0.2896278500556946,19.621877670288086,0.010909687727689743,0.3467784523963928,24.993846893310547,0.003166761714965105,0.19645258784294128,27.618175506591797,0.0017305436776950955,24.700927734375,0.0033877184614539146,0.23987072706222534,19.86733627319336,0.010310184210538864,0.294595330953598,19.330568313598633,0.011666570790112019,0.35100364685058594,29.134841918945312,0.001220438745804131,0.040501661598682404,28.274877548217773,0.0014876893255859613,29.283672332763672,0.001179323298856616,0.0480554923415184
14164,188,11,720,-1,0,26.020471572875977,0.12905873358249664,25.405006408691406,0.14753024280071259,26.420042037963867,22.630022048950195,0.17297518253326416,22.204235076904297,23.881729125976562,0.07891784608364105,17.877460479736328,17.925317764282227,24.35100746154785,0.10709867626428604,100.0,0.21945591270923615,0.6722545623779297,720,752,0.3198613226413727,0,0,0.0025000739842653275,0.002280320506542921,25.962135314941406,0.0025338821578770876,0.14818145334720612,0.0028807097114622593,0.1080080047249794,25.037839889526367,0.003134846454486251,0.12704767286777496,0.005457551684230566,0.01630248688161373,24.21463966369629,0.0037891000974923372,0.18615178763866425,0.0060197231359779835,0.14124614000320435,23.483583450317383,0.004483754280954599,0.14935004711151123,0.004090979229658842,0.016123825684189796,26.497962951660156,0.002239772118628025,0.07312212884426117,0.0036719716154038906,0.0,23.729530334472656,0.004236890468746424,0.12912270426750183,27.435712814331055,0.001804799074307084,0.11761097609996796,37.25869369506836,0.00018798823293764144,26.874971389770508,0.0020535392686724663,0.14029832184314728,26.397201538085938,0.002292343880981207,0.09122473001480103,25.79115867614746,0.002635628916323185,0.10945309698581696,25.550186157226562,0.002786001656204462,0.13424591720104218,29.625656127929688,0.0010900197084993124,25.161388397216797,0.0030469223856925964,0.1593991219997406,24.829465866088867,0.003288921434432268,0.10421458631753922,24.388431549072266,0.0036404640413820744,0.12490656971931458,28.925378799438477,0.0012807432794943452,0.03885827958583832,29.872173309326172,0.0010298704728484154,28.796436309814453,0.0013193392660468817,0.04559799283742905
14284,188,11,840,-1,0,21.230636596679688,0.24025903642177582,20.248796463012695,0.18617849051952362,25.198326110839844,19.78911018371582,0.2782144248485565,18.997764587402344,24.08431053161621,0.08280842006206512,18.1036376953125,18.296606063842773,19.57625389099121,0.21967750787734985,100.0,0.24911879003047943,0.7473482489585876,840,872,0.32350587844848633,0,0,0.007532451767474413,0.00302111660130322,20.847850799560547,0.008226502686738968,0.2785612642765045,0.009443221613764763,0.22228264808654785,19.700159072875977,0.010714801028370857,0.25903379917144775,0.010497573763132095,0.015475199557840824,20.11807632446289,0.009731784462928772,0.3128805458545685,0.012595736421644688,0.2525356709957123,19.1102237701416,0.012273759581148624,0.27798300981521606,0.003904534038156271,0.01480264961719513,26.52104377746582,0.002227900782600045,0.07809673249721527,0.011024902574717999,0.0,18.95477294921875,0.012721041217446327,0.26093602180480957,21.494626998901367,0.0070882230065763,0.22238124907016754,34.4501838684082,0.00035890660365112126,20.90256690979004,0.008123503066599369,0.2657276690006256,20.29204559326172,0.009349653497338295,0.2146039456129074,19.676006317138672,0.01077455747872591,0.2551848590373993,20.881439208984375,0.008163120597600937,0.2359829545021057,28.221405029296875,0.0015061200829222798,20.368133544921875,0.009187275543808937,0.2822849154472351,19.785404205322266,0.010506536811590195,0.22323006391525269,19.230392456054688,0.01193880382925272,0.26404324173927307,28.465280532836914,0.0014238756848499179,0.04160689935088158,29.14096450805664,0.0012187190586701035,28.37006378173828,0.0014554383233189583,0.04982074350118637
14292,188,11,848,-1,0,29.04761505126953,0.07005564868450165,25.48283576965332,0.08403658121824265,27.383583068847656,24.0404109954834,0.1243046224117279,22.55738067626953,24.332439422607422,0.0754375159740448,18.237346649169922,18.251575469970703,24.86957550048828,0.14165116846561432,100.0,0.2329450100660324,0.36075717210769653,848,880,0.323137104511261,0,0,0.0012451984221115708,0.0018265930702909827,29.371353149414062,0.001155753037892282,0.08295024186372757,0.002829544711858034,0.13702793419361115,25.01294708251953,0.0031528642866760492,0.1641603410243988,0.0039442009292542934,0.01500601228326559,26.492900848388672,0.002242384012788534,0.13226985931396484,0.0055496059358119965,0.17485591769218445,23.829965591430664,0.0041400291956961155,0.1891724169254303,0.0036877046804875135,0.01495693065226078,27.090805053710938,0.0019539776258170605,0.07104165852069855,0.0032586848828941584,0.0,24.24810028076172,0.003760020714253187,0.17068812251091003,32.35490798950195,0.0005814458127133548,0.05808258056640625,35.63456344604492,0.0002732397406361997,32.01444625854492,0.0006288621225394309,0.07093551009893417,26.6439266204834,0.00216574571095407,0.12334710359573364,26.036842346191406,0.002490667160600424,0.14898717403411865,28.574087142944336,0.0013886454980820417,0.07645002007484436,28.18784523010254,0.001517803524620831,28.636680603027344,0.0013687750324606895,0.09578419476747513,25.139333724975586,0.003062432399019599,0.14077876508235931,24.776029586791992,0.0033296372275799513,0.16906467080116272,29.913654327392578,0.0010200809920206666,0.03254789859056473,28.925846099853516,0.001280606142245233,30.087738037109375,0.0009800002444535494,0.04046652466058731
14294,188,11,850,-1,2,27.600576400756836,0.08044466376304626,27.049556732177734,0.10034072399139404,27.498672485351562,23.610477447509766,0.12234362214803696,23.305261611938477,24.449710845947266,0.0730583518743515,18.211095809936523,18.318689346313477,26.622364044189453,0.07811005413532257,100.0,0.1423579454421997,0.704848051071167,850,882,0.31493136286735535,0,0,0.0017375702736899257,0.001778823439963162,27.616470336914062,0.0017312236595898867,0.09397362917661667,0.0019726252648979425,0.07908717542886734,26.7069034576416,0.002134566893801093,0.09470799565315247,0.004354638978838921,0.015096995048224926,25.683197021484375,0.0027019691187888384,0.1284874528646469,0.0046716914512217045,0.12220136821269989,25.0344181060791,0.0031373156234622,0.12369706481695175,0.0035894575994461775,0.01472757663577795,27.267902374267578,0.001875900779850781,0.06525120139122009,0.0021765248384326696,0.0,26.000885009765625,0.0025113746523857117,0.09393240511417389,30.056495666503906,0.0009870762005448341,0.061887748539447784,37.15981674194336,0.00019231731130275875,29.549327850341797,0.0011093469802290201,0.07600931823253632,28.909624099731445,0.001285398262552917,0.06651409715414047,28.315032958984375,0.0014739972539246082,0.08072607219219208,27.541629791259766,0.0017613156232982874,0.07959798723459244,28.49626922607422,0.0014137515099719167,27.411745071411133,0.0018147871596738696,0.09939593076705933,26.76299285888672,0.0021071755327284336,0.07920622080564499,26.524465560913086,0.0022261450067162514,0.09482394903898239,29.92792510986328,0.001016734167933464,0.03005974367260933,28.714921951293945,0.0013443361967802048,30.148731231689453,0.0009663338423706591,0.03572634235024452
14564,188,11,1152,-1,2,26.988338470458984,0.09174549579620361,22.098798751831055,0.12536637485027313,27.756847381591797,23.36677360534668,0.12948155403137207,20.562923431396484,24.581281661987305,0.07166799902915955,17.949501037597656,17.928558349609375,21.784799575805664,0.12522578239440918,100.0,0.39501070976257324,0.3173746168613434,1152,1184,0.4432573914527893,0,0,0.0020006264094263315,0.0016761597944423556,26.881309509277344,0.0020505443681031466,0.1028045043349266,0.0061676534824073315,0.1426120102405548,21.703960418701172,0.006754668895155191,0.16062432527542114,0.004605987574905157,0.01603429578244686,25.454925537109375,0.002847786759957671,0.13080666959285736,0.008784310892224312,0.16633819043636322,21.144180297851562,0.0076839071698486805,0.17246828973293304,0.0034823445603251457,0.016111809760332108,28.126625061035156,0.001539350487291813,0.0657455250620842,0.006630099844187498,0.0,21.163320541381836,0.0076501150615513325,0.14295293390750885,28.66107749938965,0.0013611075701192021,0.07648612558841705,39.003543853759766,0.00012578982568811625,28.09344482421875,0.0015511565143242478,0.08745270222425461,22.630298614501953,0.0054572029039263725,0.1293446123600006,22.020666122436523,0.006279618013650179,0.14757338166236877,26.868549346923828,0.002056578639894724,0.09650984406471252,30.46992301940918,0.0008974447846412659,26.50740623474121,0.002234906889498234,0.1088782399892807,22.03768539428711,0.006255060900002718,0.14082737267017365,21.4954833984375,0.0070868260227143764,0.16024276614189148,30.23452377319336,0.0009474311373196542,0.04072614386677742,30.717674255371094,0.0008476815419271588,30.16474151611328,0.0009627771796658635,0.04726746305823326
14851,188,11,1471,-1,2,21.069103240966797,0.19121432304382324,17.546981811523438,0.2578515112400055,24.052532196044922,19.60531997680664,0.22959521412849426,16.769487380981445,23.532588958740234,0.07772205770015717,17.82745361328125,18.024503707885742,17.072887420654297,0.29411858320236206,32.54507827758789,0.4609557092189789,0.5593845844268799,1471,1503,0.44932058453559875,0,0,0.007817895151674747,0.003933207131922245,20.74917984008789,0.008415539748966694,0.21165911853313446,0.017591461539268494,0.30790844559669495,17.05242347717285,0.019713232293725014,0.34882843494415283,0.010951357893645763,0.016491292044520378,19.957191467285156,0.010099060833454132,0.24693456292152405,0.02104026824235916,0.31466051936149597,16.631736755371094,0.021718325093388557,0.3449919819831848,0.004433444235473871,0.01575976423919201,25.700969696044922,0.0026909341104328632,0.07430998980998993,0.01962055265903473,0.00055653479648754,16.467864990234375,0.02255347929894924,0.3353525996208191,21.37299346923828,0.007289550732821226,0.1712758094072342,32.750526428222656,0.0005308201652951539,20.793886184692383,0.008329356089234352,0.19549967348575592,17.62531089782715,0.01727702096104622,0.29246267676353455,17.027603149414062,0.019826209172606468,0.3343743085861206,20.527660369873047,0.008855924941599369,0.1931801736354828,28.633377075195312,0.0013698164839297533,19.996686935424805,0.010007633827626705,0.21961265802383423,17.209009170532227,0.019015125930309296,0.2981293797492981,16.635761260986328,0.02169821225106716,0.33993422985076904,27.5753231048584,0.001747703063301742,0.04384389519691467,29.487123489379883,0.0011253503616899252,27.343685150146484,0.0018434497760608792,0.050045937299728394
14898,188,11,1518,-1,1,25.78720474243164,0.06953312456607819,19.765378952026367,0.13800087571144104,29.578962326049805,22.1209716796875,0.1184428259730339,18.466135025024414,23.232145309448242,0.07505422085523605,18.12091636657715,18.106725692749023,18.746232986450195,0.12926088273525238,100.0,0.3229326903820038,0.42733633518218994,1518,1550,0.4347708225250244,0,0,0.0026380284689366817,0.0011018026852980256,25.414573669433594,0.0028743708971887827,0.0811370387673378,0.01055509690195322,0.13626044988632202,19.25676155090332,0.011866535991430283,0.15419071912765503,0.006136247422546148,0.015413749031722546,23.270769119262695,0.0047089396975934505,0.12283318489789963,0.014235956594347954,0.16358636319637299,18.516895294189453,0.014070527628064156,0.17179593443870544,0.004751005209982395,0.01546420343220234,25.082433700561523,0.0031028210651129484,0.07109717279672623,0.013346786610782146,0.0,18.124753952026367,0.015400138683617115,0.14820773899555206,27.13898468017578,0.0019324199529364705,0.05705687403678894,37.6341667175293,0.00017241845489479601,26.569482803344727,0.0022031895350664854,0.06814540922641754,19.768871307373047,0.010546610690653324,0.12242240458726883,19.155921936035156,0.01214529201388359,0.14007680118083954,24.646747589111328,0.0034302454441785812,0.0845298245549202,30.311939239501953,0.0009306923020631075,24.185293197631836,0.003814792027696967,0.09890410304069519,19.14828872680664,0.012166657485067844,0.14085310697555542,18.564563751220703,0.01391693390905857,0.1611965000629425,27.155778884887695,0.0019249620381742716,0.044591277837753296,30.802610397338867,0.000831264303997159,26.79184341430664,0.0020932231564074755,0.052233003079891205
14902,188,11,1522,-1,1,26.723400115966797,0.07767537236213684,20.542633056640625,0.14401255548000336,26.454504013061523,23.26738739013672,0.10853098332881927,19.411331176757812,24.440975189208984,0.06900738179683685,18.036462783813477,18.212772369384766,19.81342124938965,0.10591264069080353,100.0,0.33882656693458557,0.42503324151039124,1522,1554,0.42781105637550354,0,0,0.002126474166288972,0.0022622975520789623,26.766284942626953,0.0021055780816823244,0.08691024035215378,0.008825449272990227,0.12070253491401672,20.119638442993164,0.009728285484015942,0.13379135727882385,0.004712608177214861,0.015716426074504852,25.200345993041992,0.0030197128653526306,0.10877905786037445,0.011451621539890766,0.13573198020458221,19.64627456665039,0.010848572477698326,0.1428266316652298,0.0035966867581009865,0.01509117241948843,27.379514694213867,0.0018283047247678041,0.062305957078933716,0.010438978672027588,0.0,19.19194221496582,0.012044975534081459,0.11821433156728745,28.524044036865234,0.0014047392178326845,0.0629701316356659,32.78667068481445,0.0005264205974526703,28.125173568725586,0.0015398651594296098,0.07152324914932251,20.5498104095459,0.008810874074697495,0.10929520428180695,19.940378189086914,0.01013823039829731,0.12279714643955231,26.600128173828125,0.0021876972168684006,0.07778036594390869,28.87807846069336,0.0012947691138833761,26.33563995361328,0.0023250707890838385,0.0877666175365448,20.12017059326172,0.009727094322443008,0.11854149401187897,19.546110153198242,0.01110169105231762,0.1316577047109604,29.73302459716797,0.0010634026257321239,0.03825227543711662,30.93654441833496,0.0008060196996666491,29.57424545288086,0.0011030001332983375,0.043575674295425415
14971,188,11,1591,-1,2,26.7293643951416,0.06711801141500473,22.382789611816406,0.12010500580072403,27.096729278564453,22.841297149658203,0.1089162826538086,20.523807525634766,23.628616333007812,0.07258439064025879,18.216054916381836,18.183198928833008,21.42001724243164,0.06758605688810349,100.0,0.2382769137620926,0.5040563941001892,1591,1623,0.40415075421333313,0,0,0.0021235549356788397,0.001951313577592373,26.675508499145508,0.0021500536240637302,0.07522880285978317,0.005777251906692982,0.08006993681192398,22.116729736328125,0.006142244674265385,0.0828857570886612,0.005198408383876085,0.01507976371794939,24.343647003173828,0.003678200300782919,0.11000166833400726,0.008863783441483974,0.10756997764110565,21.044845581054688,0.007861682213842869,0.10086192190647125,0.004336490761488676,0.01519427914172411,25.741300582885742,0.002666061744093895,0.06713613122701645,0.0072110490873456,0.0,20.798538208007812,0.008320440538227558,0.07301411032676697,28.856718063354492,0.001301152165979147,0.05296441912651062,37.63827896118164,0.00017225525516550988,28.312583923339844,0.001474828808568418,0.06270859390497208,22.703975677490234,0.005365402437746525,0.061323344707489014,22.10995864868164,0.006151826120913029,0.0663948729634285,25.950645446777344,0.0025405953638255596,0.07629354298114777,29.134798049926758,0.0012204506201669574,25.61664390563965,0.0027436944656074047,0.08852463960647583,21.759639739990234,0.006668624002486467,0.07939835637807846,21.236473083496094,0.0075223385356366634,0.08546503633260727,27.886009216308594,0.0016270428895950317,0.04328080639243126,29.340351104736328,0.00116403226274997,27.699918746948242,0.0016982753295451403,0.048960380256175995
15001,188,11,1621,-1,0,25.82240867614746,0.08409562706947327,21.280786514282227,0.14138057827949524,28.5006160736084,22.55938720703125,0.12590576708316803,19.71340560913086,23.65049171447754,0.07236508280038834,18.208696365356445,18.187339782714844,20.412792205810547,0.07927627861499786,100.0,0.26207903027534485,0.5394577980041504,1621,1653,0.3455003798007965,0,0,0.002616732381284237,0.0014123378787189722,25.52528190612793,0.0028020241297781467,0.09673735499382019,0.007445973344147205,0.09108534455299377,20.785568237304688,0.008345324546098709,0.10178665816783905,0.0055470396764576435,0.015105338767170906,23.897092819213867,0.004076533019542694,0.12997494637966156,0.010682172141969204,0.12067515403032303,20.012348175048828,0.009971609339118004,0.12261156737804413,0.00431470200419426,0.01517980545759201,25.77878761291504,0.002643147949129343,0.06749062240123749,0.009093284606933594,0.0,19.79131507873535,0.010492252185940742,0.09242858737707138,27.081912994384766,0.001957982312887907,0.07250003516674042,38.2212028503418,0.00015061895828694105,26.505207061767578,0.002236038213595748,0.08446073532104492,21.391332626342773,0.007258834782987833,0.0783720463514328,20.78006935119629,0.008355896919965744,0.09081606566905975,25.14862060546875,0.003055892651900649,0.08594745397567749,30.33378791809082,0.0009260220685973763,24.706256866455078,0.0033835649956017733,0.10002687573432922,20.714611053466797,0.008482796140015125,0.09111441671848297,20.152376174926758,0.00965522788465023,0.10454876720905304,27.75594711303711,0.001676507294178009,0.04225996136665344,30.5889892578125,0.0008731744601391256,27.44704246520996,0.0018000970594584942,0.04879918694496155
15116,188,11,1768,-1,0,26.297908782958984,0.09575675427913666,22.100841522216797,0.1507086604833603,26.76702308654785,23.115867614746094,0.12785305082798004,20.677614212036133,24.797170639038086,0.06348894536495209,17.98894500732422,17.978954315185547,21.548446655273438,0.17911389470100403,100.0,0.3827592134475708,0.39374274015426636,1768,1800,0.3865062892436981,0,0,0.0023453584872186184,0.002105221850797534,26.230030059814453,0.0023823026567697525,0.1108691394329071,0.006164754740893841,0.1918347328901291,21.74518585205078,0.006690855138003826,0.22249744832515717,0.004879926331341267,0.015889329835772514,24.967308044433594,0.0031861711759120226,0.13827376067638397,0.008555365726351738,0.19990672171115875,21.276721954345703,0.007452943827956915,0.22228065133094788,0.003313470399007201,0.015925923362374306,28.623001098632812,0.0013730929931625724,0.05899934843182564,0.007000922691076994,0.0,20.926969528198242,0.008077987469732761,0.21230047941207886,27.39485740661621,0.001821856596507132,0.08206808567047119,37.56446075439453,0.00017520805704407394,26.829429626464844,0.002075187163427472,0.09711679071187973,22.331584930419922,0.005845767445862293,0.1785391867160797,21.72270965576172,0.0067255678586661816,0.2112565040588379,26.066864013671875,0.00247350987046957,0.09535769373178482,31.72376251220703,0.0006723941769450903,25.6057186126709,0.002750604646280408,0.11358797550201416,21.882722854614258,0.006482281256467104,0.1863807737827301,21.314350128173828,0.00738865090534091,0.21998600661754608,30.68109130859375,0.0008548524929210544,0.03877996653318405,32.228050231933594,0.0005986805190332234,30.4853458404541,0.0008942635031417012,0.04569488763809204
15292,188,11,1944,-1,0,26.947345733642578,0.07492105662822723,23.24756622314453,0.16020339727401733,28.33417510986328,23.547012329101562,0.1001264899969101,21.603290557861328,25.06957244873047,0.06582492589950562,18.07903480529785,18.164884567260742,22.93349838256836,0.11342445760965347,100.0,0.35589104890823364,0.4501473009586334,1944,1976,0.4117925763130188,0,0,0.0020196009427309036,0.0014675153652206063,26.768434524536133,0.0021045373287051916,0.08649033308029175,0.004734165500849485,0.1245010644197464,23.00484848022461,0.0050062816590070724,0.14087003469467163,0.004418743308633566,0.0155631173402071,25.67957305908203,0.0027042250148952007,0.10427109897136688,0.006913071498274803,0.13914147019386292,22.598085403442383,0.005497833713889122,0.14915043115615845,0.0031120232306420803,0.015258493833243847,29.05411720275879,0.0012433357769623399,0.06338692456483841,0.005089208483695984,0.0,22.31201934814453,0.0058721634559333324,0.1349925994873047,28.46163558959961,0.0014250711537897587,0.062491532415151596,37.74658966064453,0.00016801228048279881,27.90896987915039,0.0016184651758521795,0.07356203347444534,23.94914436340332,0.004027965012937784,0.10879804193973541,23.35523796081543,0.0046182363294065,0.12947198748588562,26.76671028137207,0.0021053729578852654,0.07661649584770203,29.632158279418945,0.0010883897775784135,26.455398559570312,0.0022618321236222982,0.08980003744363785,23.237747192382812,0.0047448803670704365,0.12050123512744904,22.73733901977539,0.0053243450820446014,0.14343571662902832,30.52027130126953,0.0008871007012203336,0.04342665523290634,29.93157386779785,0.0010158807272091508,30.618364334106445,0.000867288326844573,0.05066485330462456
15372,188,11,2024,-1,0,26.26392364501953,0.12357988208532333,22.99327850341797,0.17499953508377075,26.83694839477539,23.335073471069336,0.16877828538417816,21.369314193725586,24.927745819091797,0.06882788240909576,18.0659122467041,18.213083267211914,22.50770378112793,0.1967044323682785,100.0,0.3187713623046875,0.5489813685417175,2024,2056,0.4204320013523102,0,0,0.00236378307454288,0.002071596449241042,26.182109832763672,0.0024087349884212017,0.1469641476869583,0.005019635893404484,0.19773253798484802,22.534263610839844,0.0055792261846363544,0.23772627115249634,0.004639730788767338,0.015610214322805405,25.29888916015625,0.0029519638046622276,0.18775805830955505,0.007295727729797363,0.2177830934524536,22.16478157043457,0.006074659060686827,0.24549730122089386,0.003215330420061946,0.01509008090943098,28.5747127532959,0.0013884459622204304,0.06541550904512405,0.005613449960947037,0.0,21.88622283935547,0.006477057933807373,0.2361246645450592,27.312822341918945,0.0018565980717539787,0.11026903986930847,35.685760498046875,0.0002700375334825367,26.776391983032227,0.0021006842143833637,0.13323888182640076,23.338008880615234,0.004636597353965044,0.1829448640346527,22.73126983642578,0.005331789143383503,0.22335904836654663,26.04588508605957,0.002485486678779125,0.12800534069538116,29.07020378112793,0.001238738652318716,25.723039627075195,0.002677293960005045,0.15388834476470947,22.768531799316406,0.00528624327853322,0.19297273457050323,22.272537231445312,0.005925792269408703,0.23331499099731445,30.500164031982422,0.0008912175544537604,0.03887251392006874,29.377843856811523,0.0011540264822542667,30.701801300048828,0.0008507854072377086,0.04590609669685364
15485,188,11,2169,-1,0,26.801164627075195,0.10959331691265106,23.291366577148438,0.15152209997177124,27.34990119934082,23.404428482055664,0.13875071704387665,21.470218658447266,24.426246643066406,0.0760628879070282,18.072126388549805,18.141080856323242,22.43460464477539,0.11117163300514221,100.0,0.3157222867012024,0.4799220860004425,2169,2201,0.41542792320251465,0,0,0.002088736742734909,0.0018408142495900393,26.72257423400879,0.0021268785931169987,0.12607881426811218,0.00468665873631835,0.11754461377859116,22.89480209350586,0.005134756211191416,0.13633212447166443,0.004566224757581949,0.015587897039949894,25.420299530029297,0.0028705827426165342,0.1488473266363144,0.007128174416720867,0.13985884189605713,22.389141082763672,0.005768809001892805,0.1519705206155777,0.0036089050117880106,0.015342355705797672,27.438217163085938,0.0018037586705759168,0.07397788017988205,0.00570873124524951,0.0,21.81312370300293,0.006586998235434294,0.13155214488506317,28.52216911315918,0.0014053453924134374,0.08820299804210663,36.996463775634766,0.00019968886044807732,27.9837589263916,0.0015908312052488327,0.10331179201602936,23.87711524963379,0.0040953257121145725,0.10444621741771698,23.274822235107422,0.004704547580331564,0.1243826150894165,26.47921371459961,0.002249462064355612,0.10580279678106308,31.926782608032227,0.0006416848045773804,26.026138305664062,0.0024968127254396677,0.12394478917121887,23.041913986206055,0.00496373837813735,0.11754480749368668,22.487876892089844,0.00563913444057107,0.1405469924211502,28.969192504882812,0.0012678877683356404,0.04696567729115486,32.246681213378906,0.0005961174028925598,28.628875732421875,0.001371237332932651,0.05552154779434204
15701,188,11,2417,-1,2,28.890974044799805,0.07585538923740387,24.78666114807129,0.1263846904039383,25.892253875732422,24.32573127746582,0.10172460973262787,22.33434295654297,24.972148895263672,0.05711393430829048,18.058401107788086,17.93809700012207,24.543365478515625,0.06279535591602325,100.0,0.27745336294174194,0.45551687479019165,2417,2449,0.3995775878429413,0,0,0.0012909298529848456,0.002574985148385167,29.612276077270508,0.0010933829471468925,0.08320282399654388,0.0033214986324310303,0.08440502732992172,24.708641052246094,0.0033817084040492773,0.096166230738163,0.0036934048403054476,0.015637231990695,27.314470291137695,0.0018558931769803166,0.10389774292707443,0.005842059385031462,0.09464254975318909,23.675718307495117,0.004289715085178614,0.09866109490394592,0.0031826223712414503,0.016076460480690002,29.211971282958984,0.001198955113068223,0.05377962440252304,0.0035128798335790634,0.0,23.92188835144043,0.0040533230639994144,0.07649398595094681,31.447858810424805,0.0007164966082200408,0.058809712529182434,37.36147689819336,0.00018359144451096654,30.97734832763672,0.0007984819822013378,0.06890988349914551,25.509492874145508,0.0028122293297201395,0.06830296665430069,24.919780731201172,0.003221230348572135,0.08341672271490097,29.23644256591797,0.0011922179255634546,0.06887242943048477,31.639972686767578,0.0006854928215034306,28.961362838745117,0.0012701756786555052,0.07911289483308792,24.698322296142578,0.0033897534012794495,0.07239138334989548,24.189422607421875,0.00381116452626884,0.0873718187212944,31.991859436035156,0.0006321414257399738,0.03180350363254547,31.945934295654297,0.0006388612673617899,31.99896812438965,0.0006311075412668288,0.03697234392166138
15714,188,11,2430,-1,3,27.445354461669922,0.08323141932487488,21.29573631286621,0.14268919825553894,27.22323989868164,23.659420013427734,0.11376496404409409,19.972455978393555,25.208627700805664,0.052436359226703644,18.037302017211914,18.15677833557129,20.814525604248047,0.1585088074207306,100.0,0.3452199101448059,0.4133284091949463,2430,2462,0.3818848729133606,0,0,0.0018007969483733177,0.0018952921964228153,27.480554580688477,0.0017862592358142138,0.09683234244585037,0.0074203843250870705,0.16072604060173035,20.79737663269043,0.008322667330503464,0.18672865629196167,0.00430584279820323,0.015713391825556755,25.933177947998047,0.002550835255533457,0.12143018841743469,0.010063624940812588,0.18097808957099915,20.35785484313965,0.009209045208990574,0.19824270904064178,0.0030139584559947252,0.015286998823285103,29.485395431518555,0.0011257982114329934,0.04772362858057022,0.008289864286780357,0.0,20.19304656982422,0.009565227665007114,0.1874799281358719,28.583995819091797,0.0013854806311428547,0.07256817072629929,37.95378875732422,0.00016018477617762983,28.029987335205078,0.0015739876544103026,0.08684854209423065,21.249666213989258,0.007499521132558584,0.1501687467098236,20.636981964111328,0.008635781705379486,0.17904815077781677,27.42121124267578,0.0018108350923284888,0.0841788649559021,31.757688522338867,0.0006671621231362224,27.018491744995117,0.0019867848604917526,0.10071860253810883,21.003782272338867,0.007936368696391582,0.15900729596614838,20.427387237548828,0.009062779136002064,0.18791639804840088,32.364383697509766,0.0005801786319352686,0.025542374700307846,32.258731842041016,0.000594465818721801,32.3808708190918,0.0005779806524515152,0.03075817972421646
15764,188,11,2480,-1,1,23.77263069152832,0.15526491403579712,22.295839309692383,0.17166955769062042,25.218650817871094,21.541996002197266,0.1843198835849762,20.648643493652344,23.71923065185547,0.06884411722421646,18.198341369628906,17.867183685302734,21.214542388916016,0.1039089486002922,100.0,0.21754203736782074,0.7891327738761902,2480,2512,0.45745909214019775,0,0,0.004195049870759249,0.003007010091096163,23.587417602539062,0.0043778251856565475,0.1727626472711563,0.00589408166706562,0.11402077972888947,22.019254684448242,0.006281659938395023,0.12354929000139236,0.007011327892541885,0.015141394920647144,22.395362854003906,0.0057605477049946785,0.1955009400844574,0.008612630888819695,0.13573014736175537,21.19422149658203,0.0075958771631121635,0.13916505873203278,0.004246947821229696,0.016341114416718483,26.222736358642578,0.0023863071110099554,0.06042305380105972,0.007560418453067541,0.0,20.593063354492188,0.00872355978935957,0.11700551956892014,24.218347549438477,0.003785866079851985,0.1494959443807602,35.845420837402344,0.0002602901658974588,23.636865615844727,0.004328262526541948,0.16976140439510345,22.64296531677246,0.005441309418529272,0.10419356822967529,22.04157257080078,0.0062494645826518536,0.11705055832862854,23.01076889038086,0.004999460186809301,0.1528296172618866,31.03498649597168,0.0007879551849327981,22.48152732849121,0.005647384561598301,0.17206737399101257,21.807100296020508,0.006596142426133156,0.11283587664365768,21.244890213012695,0.007507770322263241,0.125870019197464,28.462541580200195,0.0014247740618884563,0.03724123537540436,31.72104835510254,0.0006728140288032591,28.12349510192871,0.001540460390970111,0.04113708809018135
15804,188,11,2520,-1,1,23.744306564331055,0.09693605452775955,22.065784454345703,0.16412201523780823,27.64713478088379,21.16887855529785,0.13280291855335236,19.998851776123047,22.900634765625,0.08118579536676407,18.063819885253906,18.065853118896484,20.802404403686523,0.09357716888189316,35.1480598449707,0.26312023401260376,0.6237529516220093,2520,2552,0.40191107988357544,0,0,0.0042224968783557415,0.001719042775221169,23.365211486816406,0.004607643466442823,0.11325656622648239,0.006214721128344536,0.10532604902982712,21.651269912719727,0.0068371170200407505,0.12033019959926605,0.0076403324492275715,0.015617739409208298,21.92936134338379,0.006413038820028305,0.13872307538986206,0.010002648457884789,0.13055261969566345,20.39566993713379,0.009129203855991364,0.13653478026390076,0.005127865821123123,0.015610427595674992,24.540542602539062,0.0035151636693626642,0.07688795030117035,0.008313031867146492,0.00030562866595573723,20.2022705078125,0.00954493973404169,0.10856388509273529,24.619953155517578,0.0034514761064201593,0.0818895772099495,36.422943115234375,0.0002278798638144508,24.036874771118164,0.003947413992136717,0.0978924110531807,22.569072723388672,0.005534681957215071,0.08901529759168625,21.985578536987305,0.006330559961497784,0.10354794561862946,23.032238006591797,0.004974807146936655,0.10570292174816132,30.05968475341797,0.0009863510495051742,22.52711296081543,0.005588416941463947,0.12090609967708588,21.340621948242188,0.007344084791839123,0.1070965826511383,20.816192626953125,0.008286681026220322,0.12425445765256882,26.670989990234375,0.0021522920578718185,0.04874199628829956,30.143386840820312,0.000967523199506104,26.317941665649414,0.0023345642257481813,0.055753644555807114
16012,188,11,2760,-1,3,17.90091323852539,0.37292224168777466,15.311738967895508,0.4830772876739502,23.2924747467041,16.934764862060547,0.3999232351779938,14.659568786621094,22.708585739135742,0.08388549834489822,17.892906188964844,17.890050888061523,14.651885032653809,0.4114455580711365,36.523681640625,0.6752017140388489,0.7154562473297119,2760,2792,0.4005482494831085,0,0,0.01621469110250473,0.004685463849455118,17.450071334838867,0.01798841916024685,0.42532598972320557,0.029432429000735283,0.40997132658958435,14.749127388000488,0.03350328281521797,0.46460527181625366,0.02025459334254265,0.016244620084762573,16.804462432861328,0.020871512591838837,0.4454726278781891,0.03420134261250496,0.426821231842041,14.318095207214355,0.036999039351940155,0.4736350178718567,0.005359712988138199,0.016255300492048264,24.33742904663086,0.0036834687925875187,0.08301610499620438,0.03426191210746765,0.0002226547512691468,14.034170150756836,0.039498720318078995,0.4665464162826538,18.08295440673828,0.015549075789749622,0.3502698242664337,31.21118927001953,0.0007566254935227334,17.48974609375,0.017824837937951088,0.4025052487850189,15.307012557983398,0.029464473947882652,0.397662490606308,14.690655708312988,0.03395739942789078,0.4527225196361542,17.511356353759766,0.01773635856807232,0.3638841509819031,28.626178741455078,0.001372088911011815,16.934906005859375,0.020253939554095268,0.41585788130760193,14.93272590637207,0.03211645409464836,0.41022229194641113,14.327488899230957,0.03691910207271576,0.4651932716369629,26.304466247558594,0.0023418201599270105,0.051280535757541656,30.758264541625977,0.0008397960918955505,25.895769119262695,0.0025729008484631777,0.05897700414061546
16118,188,11,2866,-1,1,24.183168411254883,0.14445415139198303,22.22426986694336,0.17819373309612274,23.917619705200195,22.305843353271484,0.18381454050540924,20.805034637451172,24.30587387084961,0.08479224890470505,18.325740814208984,18.12171745300293,21.610708236694336,0.27952253818511963,100.0,0.37462422251701355,0.47565993666648865,2866,2898,0.42554211616516113,0,0,0.0038166563026607037,0.004057308193296194,24.22550392150879,0.0037796327378600836,0.1634955108165741,0.005992019549012184,0.28601089119911194,21.926528930664062,0.006417223252356052,0.3318634629249573,0.005880517885088921,0.014703681692481041,23.445629119873047,0.004523108713328838,0.2013559192419052,0.008308003656566143,0.2979513108730316,21.370756149291992,0.007293307222425938,0.3388121426105499,0.0037103325594216585,0.01541091687977314,27.189117431640625,0.0019102423684671521,0.08385198563337326,0.006901271641254425,0.0,20.989229202270508,0.007963006384670734,0.32852455973625183,25.32482147216797,0.002934390679001808,0.12963174283504486,32.28293991088867,0.0005911614862270653,24.82159423828125,0.0032948877196758986,0.15007221698760986,22.91524887084961,0.005110636819154024,0.26093634963035583,22.327503204345703,0.005851264577358961,0.30969297885894775,24.239246368408203,0.0037676917854696512,0.16501706838607788,28.742897033691406,0.001335704349912703,23.82806396484375,0.004141843877732754,0.19012358784675598,22.091232299804688,0.006178413052111864,0.2751769423484802,21.556711196899414,0.006987615954130888,0.3238127827644348,28.964305877685547,0.0012693153694272041,0.058252133429050446,29.31541633605957,0.001170734642073512,28.912723541259766,0.0012844816083088517,0.06614981591701508
16242,188,11,3022,-1,2,22.24694061279297,0.2953003942966461,19.18998146057129,0.22766704857349396,23.204303741455078,20.70661735534668,0.31586259603500366,18.29531478881836,24.774229049682617,0.06215543672442436,17.803632736206055,18.155941009521484,18.678016662597656,0.2803499102592468,100.0,0.3471467196941376,0.6558237075805664,3022,3054,0.41380780935287476,0,0,0.005960819777101278,0.004781561437994242,22.116729736328125,0.00614224374294281,0.3431490659713745,0.012050412595272064,0.28256574273109436,18.687110900878906,0.013529726304113865,0.3291003108024597,0.008498422801494598,0.016582001000642776,21.393749237060547,0.007254795171320438,0.3618289828300476,0.014807051979005337,0.2950063645839691,18.3389835357666,0.014658911153674126,0.33436664938926697,0.0033310200087726116,0.015289951115846634,28.264690399169922,0.001491184113547206,0.056516215205192566,0.013558083213865757,0.0,18.056537628173828,0.01564394123852253,0.3270297646522522,22.61928939819336,0.005471053998917341,0.2705463767051697,32.231536865234375,0.0005981998983770609,22.06159210205078,0.006220724433660507,0.32064172625541687,19.204050064086914,0.012011436745524406,0.2716354727745056,18.596628189086914,0.013814560137689114,0.3180669844150543,22.027210235595703,0.006270164158195257,0.27879416942596436,29.39516258239746,0.0011494334321469069,21.513202667236328,0.007057968992739916,0.3296874761581421,18.913501739501953,0.012842509895563126,0.27696505188941956,18.323654174804688,0.014710744842886925,0.3253626227378845,30.284881591796875,0.0009365088772028685,0.028355618938803673,31.330886840820312,0.0007360572344623506,30.144176483154297,0.0009673475869931281,0.032866086810827255
16260,188,11,3040,-1,0,26.16696548461914,0.13897453248500824,20.78015899658203,0.16877689957618713,25.87234878540039,23.001693725585938,0.17526701092720032,19.477609634399414,24.243671417236328,0.07455307245254517,18.043033599853516,18.141769409179688,20.26301383972168,0.2902761995792389,100.0,0.35302969813346863,0.4780813157558441,3040,3072,0.4008588194847107,0,0,0.0024171494878828526,0.0025868129450827837,26.21411895751953,0.002391047775745392,0.1607438325881958,0.008355728350579739,0.2757769823074341,20.28497886657715,0.009364879690110683,0.3147628903388977,0.005009918473660946,0.015692662447690964,24.728317260742188,0.0033664198126643896,0.19181427359580994,0.011278183199465275,0.30323100090026855,19.74088478088379,0.010614797472953796,0.3370257019996643,0.003763854969292879,0.015339918434619904,27.02694320678711,0.001982922200113535,0.07130508869886398,0.009412359446287155,0.0,19.641536712646484,0.010860414244234562,0.33397266268730164,27.744380950927734,0.001680977875366807,0.11763244867324829,35.17460632324219,0.00030376596259884536,27.228822708129883,0.0018928567878901958,0.14061270654201508,21.046533584594727,0.007858628407120705,0.2688690721988678,20.43531608581543,0.009046250022947788,0.3089926540851593,25.901901245117188,0.00256927078589797,0.13474038243293762,31.558324813842773,0.0006985016516409814,25.440773010253906,0.0028570815920829773,0.15731453895568848,20.50452423095703,0.008903231471776962,0.28747305274009705,19.92006492614746,0.01018576044589281,0.33019667863845825,29.017789840698242,0.001253778929822147,0.04745842516422272,32.496238708496094,0.0005628287908621132,28.66436004638672,0.0013600790407508612,0.05475299805402756
16363,188,11,3143,-1,3,28.246883392333984,0.07366764545440674,23.055618286132812,0.12196977436542511,29.777061462402344,23.492523193359375,0.11387341469526291,20.947364807128906,24.128339767456055,0.08646370470523834,17.99173355102539,18.125551223754883,22.02663803100586,0.09746532887220383,100.0,0.3533829152584076,0.34514904022216797,3143,3175,0.38770854473114014,0,0,0.0014973089564591646,0.0010526736732572317,28.052875518798828,0.0015657145995646715,0.08327515423297882,0.004948098212480545,0.11002297699451447,22.6011962890625,0.0054938942193984985,0.12485469877719879,0.004474535118788481,0.015879124402999878,25.654338836669922,0.0027199832256883383,0.11843666434288025,0.008040136657655239,0.14304712414741516,21.623226165771484,0.0068814135156571865,0.15038926899433136,0.0038651488721370697,0.01539730653166771,26.79652214050293,0.0020909709855914116,0.08544917404651642,0.006270992569625378,0.0,21.40515899658203,0.0072357612662017345,0.1131981611251831,30.17070770263672,0.0009614559239707887,0.05755021423101425,40.388736724853516,9.143791976384819e-05,29.604652404785156,0.0010953047312796116,0.06684616953134537,23.491172790527344,0.004475924652069807,0.09320054203271866,22.881866455078125,0.005150075536221266,0.1085805594921112,27.039569854736328,0.0019771649967879057,0.08069059252738953,31.472890853881836,0.0007123791147023439,26.631908416748047,0.0021717476192861795,0.09159472584724426,22.501203536987305,0.0056218537501990795,0.11019113659858704,21.95281219482422,0.006378501653671265,0.12677738070487976,28.589994430541992,0.0013835683930665255,0.05011759698390961,31.533885955810547,0.0007024436490610242,28.272932052612305,0.0014883569674566388,0.05692398175597191
16392,188,11,3204,-1,3,23.368019104003906,0.10715494304895401,19.06783676147461,0.17232884466648102,25.992046356201172,21.118295669555664,0.13856731355190277,17.949756622314453,23.161842346191406,0.08054345846176147,18.147480010986328,18.231918334960938,18.122568130493164,0.15687072277069092,36.48650360107422,0.34641095995903015,0.49746936559677124,3204,3236,0.46142664551734924,0,0,0.0046046641655266285,0.0025164918042719364,23.075124740600586,0.004925921559333801,0.1260111927986145,0.012394140474498272,0.16471879184246063,18.59496307373047,0.013819864019751549,0.18879741430282593,0.007729841861873865,0.015319759026169777,21.82952880859375,0.0065621621906757355,0.15189135074615479,0.0160333514213562,0.1954304575920105,17.9249267578125,0.016125278547406197,0.21652346849441528,0.004828538279980421,0.015024782158434391,24.867977142333984,0.003259885823354125,0.08124449849128723,0.015407894738018513,0.00022456909937318414,17.509536743164062,0.01774379052221775,0.18132829666137695,24.277793884277344,0.0037343993317335844,0.08315647393465042,35.93031311035156,0.0002552517398726195,23.696075439453125,0.004269652999937534,0.10092875361442566,19.07383155822754,0.012377043254673481,0.1433577537536621,18.466739654541016,0.014233967289328575,0.16601334512233734,22.951980590820312,0.005067596677690744,0.10721828043460846,31.538299560546875,0.0007017299649305642,22.41143798828125,0.005739268381148577,0.12865373492240906,18.476882934570312,0.014200768433511257,0.16445310413837433,17.883691787719727,0.01627911999821663,0.1898735910654068,27.037260055541992,0.001978217624127865,0.0455690398812294,32.75495910644531,0.0005302788340486586,26.57384490966797,0.00220097741112113,0.055225472897291183
16540,188,11,3352,-1,3,22.861217498779297,0.1094355508685112,22.444599151611328,0.29809409379959106,22.031940460205078,21.054092407226562,0.1453859508037567,20.73822021484375,24.11788558959961,0.0761193260550499,17.459016799926758,18.173097610473633,21.577178955078125,0.08697616308927536,22.869739532470703,0.30952244997024536,0.9630774855613708,3352,3384,0.3709230422973633,0,0,0.005174616351723671,0.006263338029384613,23.004119873046875,0.005007121246308088,0.12646104395389557,0.005695608910173178,0.10079491138458252,22.5179443359375,0.0056002275086939335,0.11301464587450027,0.007844961248338223,0.017951402813196182,22.01340675354004,0.006290124263614416,0.15757443010807037,0.008436803705990314,0.13039158284664154,21.5506591796875,0.006997356656938791,0.13712377846240997,0.003874463029205799,0.0152296656742692,26.72128677368164,0.0021275088656693697,0.073301762342453,0.006954762153327465,0.005164472386240959,21.40850257873535,0.007230191491544247,0.10206929594278336,23.265727996826172,0.004714407026767731,0.0951831042766571,23.35140037536621,0.004622320644557476,23.25269889831543,0.004728573840111494,0.1135854721069336,22.766874313354492,0.005288258660584688,0.08460009098052979,22.684812545776367,0.005389131605625153,0.10110599547624588,22.384836196899414,0.0057745277881622314,0.10907415300607681,22.637954711914062,0.005447592586278915,22.347171783447266,0.005824825260788202,0.12844181060791016,21.94611358642578,0.006388351321220398,0.09903229773044586,21.84921646118164,0.006532483268529177,0.11646629869937897,28.86714744567871,0.001298032351769507,0.04080970585346222,30.032955169677734,0.0009924407349899411,28.712627410888672,0.0013450465630739927,0.04948869347572327
16541,188,11,3353,-1,0,26.73615264892578,0.09955836832523346,22.547435760498047,0.1349518746137619,26.006650924682617,23.033477783203125,0.13800397515296936,20.68732452392578,24.045246124267578,0.06915350258350372,18.11872100830078,18.18490219116211,21.681331634521484,0.09176483005285263,33.684268951416016,0.2947538495063782,0.4578460156917572,3353,3385,0.37490686774253845,0,0,0.002120239892974496,0.002508043311536312,26.860111236572266,0.0020605777390301228,0.11586311459541321,0.005562326870858669,0.1025085374712944,22.18660545349121,0.006044209469109774,0.12114039808511734,0.004973387345671654,0.015421547926962376,24.72888946533203,0.003365977667272091,0.14936280250549316,0.008536259643733501,0.1328813135623932,21.25544548034668,0.007489548064768314,0.14401252567768097,0.003939811605960131,0.015188326127827168,26.557510375976562,0.0022092710714787245,0.06540537625551224,0.006789952516555786,0.00042812764877453446,21.096519470214844,0.007768694777041674,0.11039473116397858,28.178632736206055,0.0015210268320515752,0.08398649841547012,31.328887939453125,0.0007363958284258842,27.846956253051758,0.0016417393926531076,0.10141389071941376,22.864410400390625,0.005170813295990229,0.09209130704402924,22.296703338623047,0.005892910063266754,0.11305686831474304,25.963451385498047,0.002533114282414317,0.09890906512737274,27.73166847229004,0.0016859048046171665,25.745548248291016,0.0026634540408849716,0.11764129251241684,22.07130241394043,0.006206829566508532,0.105396568775177,21.578567504882812,0.006952537689357996,0.12735949456691742,28.769458770751953,0.0013275599339976907,0.039044179022312164,30.002979278564453,0.0009993140120059252,28.60732078552246,0.0013780592707917094,0.04598157852888107
16989,188,11,3865,-1,0,26.978578567504883,0.10086804628372192,20.089101791381836,0.1384182721376419,28.369033813476562,22.897384643554688,0.13829974830150604,18.859357833862305,23.708982467651367,0.08603905141353607,17.899490356445312,17.969240188598633,19.129533767700195,0.14195215702056885,100.0,0.38895365595817566,0.3558734357357025,3865,3897,0.38972166180610657,0,0,0.0020051286555826664,0.0014557831455022097,26.799280166625977,0.0020896431524306536,0.1167738065123558,0.009796924889087677,0.15719696879386902,19.575653076171875,0.011026427149772644,0.18114827573299408,0.005131705664098263,0.016220001503825188,24.65236473083496,0.00342581351287663,0.1480538547039032,0.013003619387745857,0.17212674021720886,19.015670776367188,0.01254391111433506,0.18906405568122864,0.004256982821971178,0.01596158556640148,26.097230911254883,0.0024562745820730925,0.08593276143074036,0.012219310738146305,0.0,18.508054733276367,0.014099204912781715,0.1674497425556183,28.940174102783203,0.0012763880658894777,0.08482355624437332,38.95790481567383,0.00012711866293102503,28.376750946044922,0.0014531988417729735,0.10080280900001526,20.366317749023438,0.009191114455461502,0.13813790678977966,19.752309799194336,0.010586909018456936,0.16357770562171936,26.12135887145996,0.0024426658637821674,0.10228396207094193,31.899974822998047,0.0006456582923419774,25.655704498291016,0.002719128504395485,0.12011376768350601,19.78907585144043,0.010497658513486385,0.15157635509967804,19.19926643371582,0.01202467642724514,0.17948518693447113,28.12229347229004,0.001540886121802032,0.04991242289543152,32.444969177246094,0.000569512543734163,27.72028923034668,0.001690328004769981,0.058080222457647324
17147,188,11,4023,-1,2,20.687183380126953,0.2424982339143753,16.289438247680664,0.2536374032497406,25.404865264892578,19.353992462158203,0.26456645131111145,15.702545166015625,23.904077529907227,0.06742987036705017,18.019575119018555,18.23402214050293,15.788568496704102,0.33795198798179626,38.754634857177734,0.4471183717250824,0.5672712922096252,4023,4055,0.37495559453964233,0,0,0.008536535315215588,0.002880802843719721,20.26565170288086,0.009406648576259613,0.27621692419052124,0.023499373346567154,0.34452328085899353,15.743894577026367,0.02664467878639698,0.3930472135543823,0.01160381454974413,0.01577766053378582,19.601228713989258,0.0109616843983531,0.29207152128219604,0.02689957432448864,0.3603437542915344,15.425895690917969,0.02866886369884014,0.40352094173431396,0.004069981165230274,0.015017508529126644,26.223756790161133,0.0023857466876506805,0.06104622408747673,0.026372011750936508,0.0001332099927822128,15.170013427734375,0.030408749356865883,0.38976529240608215,20.879037857055664,0.008167631924152374,0.22447210550308228,35.453857421875,0.00028484861832112074,20.277803421020508,0.009380367584526539,0.2612318992614746,16.13001823425293,0.024378009140491486,0.3324686586856842,15.515395164489746,0.028084103018045425,0.3817764222621918,20.453231811523438,0.00900900736451149,0.22864696383476257,29.881492614746094,0.0010276638204231858,19.898311614990234,0.010236906819045544,0.26647645235061646,15.957480430603027,0.025366004556417465,0.3358190059661865,15.356395721435547,0.029131341725587845,0.38671207427978516,28.77074432373047,0.0013271667994558811,0.03397222235798836,30.767627716064453,0.000837986939586699,28.531204223632812,0.0014024252304807305,0.039125364273786545
17293,188,11,4201,-1,1,26.53436851501465,0.09399597346782684,21.618885040283203,0.11502931267023087,26.923696517944336,22.76931381225586,0.13605113327503204,20.064952850341797,23.574790954589844,0.07735344022512436,18.16445541381836,18.103252410888672,20.731142044067383,0.07578560709953308,100.0,0.2869715690612793,0.400838702917099,4201,4233,0.3497706949710846,0,0,0.0022210751194506884,0.002030628500506282,26.477453231811523,0.002250374760478735,0.1058264896273613,0.006888291332870722,0.09773129969835281,21.30554962158203,0.007403634488582611,0.10480622947216034,0.005285288672894239,0.015259996056556702,24.25885772705078,0.0037507188972085714,0.14393417537212372,0.009851559065282345,0.1235244870185852,20.457155227661133,0.009000871330499649,0.12383513152599335,0.004390570800751448,0.015476572327315807,25.710506439208984,0.0026850325521081686,0.07496316730976105,0.00845057051628828,0.0,20.109663009643555,0.00975065864622593,0.08325662463903427,28.461036682128906,0.001425267313607037,0.07990111410617828,35.95302963256836,0.00025391997769474983,27.943965911865234,0.0016054747393354774,0.09304885566234589,21.95171546936035,0.006380115170031786,0.07697965204715729,21.346967697143555,0.007333365269005299,0.08335669338703156,25.935056686401367,0.0025497309397906065,0.10280302911996841,31.18897247314453,0.0007605063146911561,25.489822387695312,0.002824996132403612,0.11809693276882172,21.162513732910156,0.007651533931493759,0.09243059158325195,20.586776733398438,0.008736198768019676,0.10196416079998016,28.004226684570312,0.0015833518700674176,0.04853813350200653,32.17530822753906,0.000605995359364897,27.610225677490234,0.001733714365400374,0.05581720918416977
17714,188,11,4654,-1,1,25.76453399658203,0.1315431147813797,21.620990753173828,0.21361401677131653,26.487009048461914,22.79405975341797,0.16679298877716064,20.254743576049805,24.30168914794922,0.08659659326076508,17.977201461791992,17.979835510253906,20.988805770874023,0.269810289144516,100.0,0.3935340642929077,0.5428094863891602,4654,4686,0.3984871208667755,0,0,0.002651835558936,0.002245428040623665,25.663326263427734,0.0027143601328134537,0.15331563353538513,0.0068849544040858746,0.28580671548843384,21.292831420898438,0.007425346411764622,0.3335976004600525,0.005255257245153189,0.0159323588013649,24.421770095825195,0.0036126263439655304,0.18369421362876892,0.009430302307009697,0.3003491461277008,20.73094367980957,0.008450951427221298,0.3427271544933319,0.0037139083724468946,0.01592268794775009,27.362138748168945,0.0018356344662606716,0.08976376801729202,0.007963784970343113,0.0,20.367326736450195,0.009188981726765633,0.31611087918281555,27.00596809387207,0.001992522506043315,0.11144393682479858,35.7774772644043,0.0002643943589646369,26.462013244628906,0.002258388325572014,0.13298511505126953,22.23221206665039,0.005981067195534706,0.2633698284626007,21.62963104248047,0.006871265359222889,0.30968618392944336,25.329174041748047,0.002931450493633747,0.1348336935043335,31.263450622558594,0.0007475752499885857,24.85793685913086,0.0032674313988536596,0.1568201184272766,21.512601852416992,0.007058947347104549,0.273424357175827,20.950363159179688,0.008034588769078255,0.3214884102344513,29.05265998840332,0.0012437525438144803,0.057855501770973206,32.080902099609375,0.000619312166236341,28.729534149169922,0.0013398203300312161,0.06762558966875076
17852,201,11,45,-1,1,26.26286506652832,0.12486753612756729,23.23685073852539,0.16167418658733368,25.748722076416016,23.447845458984375,0.15568630397319794,21.53264808654785,25.43694305419922,0.061725929379463196,17.96182632446289,18.249710083007812,22.755062103271484,0.19833558797836304,100.0,0.2805422842502594,0.5762916803359985,45,77,0.4007563292980194,0,0,0.0023643604945391417,0.0026615075767040253,26.34765625,0.0023186455946415663,0.1485404372215271,0.004745861981064081,0.20191270112991333,22.831531524658203,0.005210112314671278,0.24355098605155945,0.004520803224295378,0.015988852828741074,25.596439361572266,0.0027564875781536102,0.17719486355781555,0.007026439532637596,0.22013401985168457,22.406993865966797,0.005745139438658953,0.2586749196052551,0.002859602915123105,0.014963359571993351,30.010929107666016,0.0009974866406992078,0.05986984819173813,0.005302658304572105,0.0,22.133583068847656,0.006118451710790396,0.24744337797164917,27.538433074951172,0.0017626119079068303,0.10958056151866913,36.960693359375,0.00020134034275542945,26.98360824584961,0.002002807566896081,0.1342063844203949,23.622760772705078,0.004342340864241123,0.18859471380710602,23.013507843017578,0.004996307194232941,0.2345496416091919,26.430126190185547,0.0022750317584723234,0.12454580515623093,31.790252685546875,0.0006621782667934895,25.980548858642578,0.002523162867873907,0.15315088629722595,23.04169464111328,0.004963986575603485,0.1949281543493271,22.485124588012695,0.005642706993967295,0.24383467435836792,31.815860748291016,0.0006582852220162749,0.03109733760356903,32.62602615356445,0.0005462577100843191,31.703617095947266,0.0006755202193744481,0.03805525600910187
17941,201,11,134,-1,2,21.828067779541016,0.12984256446361542,17.245784759521484,0.20819523930549622,25.260828018188477,20.000308990478516,0.16645434498786926,16.402828216552734,22.867340087890625,0.09696406871080399,17.891544342041016,18.067886352539062,16.61890411376953,0.2062688171863556,100.0,0.3433498740196228,0.6063646674156189,134,166,0.30703994631767273,0,0,0.00656437361612916,0.0029779504984617233,21.477561950683594,0.007116131484508514,0.14287211000919342,0.018854781985282898,0.22560253739356995,16.676010131835938,0.021498050540685654,0.2504047453403473,0.009999288246035576,0.016249705106019974,20.439430236816406,0.009037685580551624,0.17510417103767395,0.022893762215971947,0.2496291548013687,16.198795318603516,0.023994991555809975,0.2660823166370392,0.005167326424270868,0.01560311671346426,24.483280181884766,0.003561820602044463,0.09574674814939499,0.02178259938955307,0.0,15.997424125671387,0.02513376995921135,0.23089194297790527,22.468931198120117,0.005663787014782429,0.11025751382112503,35.28056716918945,0.00029644439928233624,21.877864837646484,0.00648953253403306,0.12552841007709503,17.271163940429688,0.018744923174381256,0.2065528929233551,16.655019760131836,0.02160220593214035,0.2321760654449463,21.453411102294922,0.007155812345445156,0.13091892004013062,30.467260360717773,0.0008979954873211682,20.90521240234375,0.008118553087115288,0.1479780077934265,16.894067764282227,0.020445290952920914,0.21572363376617432,16.292211532592773,0.02348436787724495,0.24135330319404602,26.684904098510742,0.0021454065572470427,0.047338441014289856,31.36991310119629,0.0007294723181985319,26.264917373657227,0.0023632424417883158,0.05414246767759323
18090,201,11,283,-1,3,28.46780014038086,0.06739496439695358,28.14690589904785,0.08469291031360626,28.76656723022461,23.982275009155273,0.1105501800775528,23.726394653320312,24.468290328979492,0.08202597498893738,18.220046997070312,18.256521224975586,27.070837020874023,0.04769664257764816,100.0,0.10253515094518661,0.8259890079498291,283,315,0.348227858543396,0,0,0.0014230498345568776,0.00132844434119761,28.42360496520996,0.0014376044273376465,0.07866861671209335,0.00153217907063663,0.05851331353187561,27.80815887451172,0.0016564730321988463,0.06786617636680603,0.003997353836894035,0.015065907500684261,26.39311981201172,0.0022944998927414417,0.11485263705253601,0.004239950329065323,0.09952615201473236,25.93316650390625,0.002550841309130192,0.10114782303571701,0.0035741350147873163,0.014939912594854832,27.38605499267578,0.0018255539471283555,0.08159404247999191,0.001962981652468443,0.0,26.449357986450195,0.0022649785969406366,0.0589696541428566,31.266489028930664,0.0007470524869859219,0.05041645094752312,39.711666107177734,0.00010686455061659217,30.7286434173584,0.0008455429342575371,0.06085416302084923,30.089197158813477,0.0009796711383387446,0.043709758669137955,29.492647171020508,0.0011239201994612813,0.05252143368124962,28.27657699584961,0.001487107016146183,0.07043056190013885,32.48580551147461,0.000564182351808995,27.880535125732422,0.0016290955245494843,0.08650985360145569,27.519948959350586,0.00177012977655977,0.05912493169307709,27.066085815429688,0.001965130912140012,0.07214178144931793,29.868364334106445,0.0010307744378224015,0.03790232539176941,32.98648452758789,0.0005027495208196342,29.538917541503906,0.0011120091658085585,0.04661204665899277
18107,201,11,300,-1,0,19.8249454498291,0.21920888125896454,19.37738037109375,0.21893544495105743,25.494518280029297,18.61701202392578,0.2590000033378601,18.242528915405273,23.54208755493164,0.09032229334115982,17.92487907409668,18.089200973510742,18.728899002075195,0.22049376368522644,100.0,0.3180609941482544,0.6883442401885986,300,332,0.29125791788101196,0,0,0.010411311872303486,0.0028219439554959536,19.363325119018555,0.011578905396163464,0.24266712367534637,0.011541495099663734,0.2192443311214447,18.817344665527344,0.013130022212862968,0.24707981944084167,0.013749881647527218,0.016125457361340523,18.7340087890625,0.013384408317506313,0.27997326850891113,0.014988115057349205,0.25317057967185974,18.277494430541992,0.01486793253570795,0.27226483821868896,0.004423756618052721,0.015526734292507172,25.661333084106445,0.0027156067080795765,0.08552855253219604,0.013400167226791382,0.0,18.107418060302734,0.015461728908121586,0.25205689668655396,19.918954849243164,0.01018836721777916,0.20151035487651825,34.386905670166016,0.00036417448427528143,19.318222045898438,0.011699781753122807,0.22677642107009888,19.359193801879883,0.01158992387354374,0.20709334313869476,18.742712020874023,0.013357611373066902,0.23730722069740295,19.40583038330078,0.011466133408248425,0.21839308738708496,31.047325134277344,0.0007857197779230773,18.824214935302734,0.01310927327722311,0.24690145254135132,18.93306541442871,0.012784788385033607,0.22097665071487427,18.33888816833496,0.014659231528639793,0.2523825168609619,27.82825469970703,0.0016488247783854604,0.045751847326755524,32.238059997558594,0.0005973019869998097,27.421781539916992,0.00181059748865664,0.0524444617331028
18142,201,11,335,-1,3,24.698368072509766,0.1121726930141449,23.355501174926758,0.1475648730993271,26.838783264160156,22.13011932373047,0.15317265689373016,21.380069732666016,24.275211334228516,0.07681620866060257,18.021160125732422,18.083404541015625,22.79465675354004,0.1258440911769867,100.0,0.2442173957824707,0.6042357087135315,335,367,0.36277520656585693,0,0,0.0033897175453603268,0.0020707217045128345,24.445865631103516,0.0035926399286836386,0.12617190182209015,0.004617956466972828,0.1344929188489914,22.94208526611328,0.005079155787825584,0.1554737091064453,0.006123335100710392,0.015771903097629547,23.335811614990234,0.0046389405615627766,0.16383537650108337,0.007277682889252901,0.1591721773147583,22.239778518676758,0.005970660597085953,0.1703822910785675,0.0037366196047514677,0.015547465533018112,27.16796875,0.0019195665372535586,0.07464012503623962,0.005254537332803011,0.0,22.173175811767578,0.0060629285871982574,0.1452995389699936,25.41413116455078,0.0028746637981384993,0.09045739471912384,34.770545959472656,0.0003333844942972064,24.860332489013672,0.003265629755333066,0.1072036623954773,23.877029418945312,0.004095407668501139,0.1204032450914383,23.272499084472656,0.0047070616856217384,0.1423145979642868,24.29863166809082,0.0037165223620831966,0.10631804913282394,28.750486373901367,0.0013333718525245786,23.890037536621094,0.004083160776644945,0.12501230835914612,23.09675407409668,0.004901451990008354,0.12879294157028198,22.608226776123047,0.0054850089363753796,0.15015646815299988,29.217540740966797,0.0011974186636507511,0.03604038059711456,29.619487762451172,0.0010915687307715416,29.158876419067383,0.0012137031881138682,0.04279189929366112
18188,201,11,381,-1,1,28.688472747802734,0.10611552000045776,24.093482971191406,0.12322103977203369,27.343692779541016,24.155303955078125,0.15933889150619507,22.03697967529297,24.740074157714844,0.06943924725055695,18.184926986694336,18.059785842895508,23.326866149902344,0.1546226441860199,100.0,0.2359801083803177,0.5221670866012573,381,413,0.33088767528533936,0,0,0.0013525483664125204,0.0018434473313391209,28.938005447387695,0.001277025556191802,0.12400007992982864,0.003896294627338648,0.15210634469985962,23.6998291015625,0.004265964031219482,0.17902350425720215,0.0038412222638726234,0.01518823578953743,26.787067413330078,0.002095527946949005,0.17589212954044342,0.0062560769729316235,0.18633650243282318,23.115589141845703,0.00488023879006505,0.20411577820777893,0.003357318928465247,0.015632251277565956,28.33017349243164,0.0014688679948449135,0.06649326533079147,0.004648507107049227,0.0,22.705385208129883,0.005363661330193281,0.18469645082950592,31.2041015625,0.0007578615332022309,0.1007937341928482,38.24446487426758,0.00014981447020545602,30.698627471923828,0.0008514072396792471,0.12319283187389374,24.593040466308594,0.0034729300532490015,0.14272038638591766,23.990995407104492,0.003989334683865309,0.1685502529144287,28.193828582763672,0.001515713520348072,0.12019965052604675,29.71657943725586,0.0010674367658793926,28.000587463378906,0.0015846793539822102,0.14682865142822266,23.67795181274414,0.004287507850676775,0.15669262409210205,23.19921875,0.004787161946296692,0.18529468774795532,30.294532775878906,0.0009344299323856831,0.03696267306804657,29.96851348876953,0.0010072765871882439,30.346935272216797,0.0009232228039763868,0.04555303230881691
18270,201,11,495,-1,1,25.852832794189453,0.08579377830028534,22.450448989868164,0.15899761021137238,22.143917083740234,23.21206283569336,0.11129476130008698,21.05160140991211,24.948379516601562,0.06298789381980896,17.273334503173828,18.030092239379883,21.77188491821289,0.12690073251724243,21.932369232177734,0.3589106500148773,0.44300052523612976,495,527,0.4043034613132477,0,0,0.002598464023321867,0.006103916093707085,26.86309051513672,0.002059163758531213,0.09604799747467041,0.005687940400093794,0.1438906341791153,22.530200958251953,0.0055844453163445,0.16380402445793152,0.0047730254009366035,0.018735552206635475,25.808799743652344,0.0026249440852552652,0.118075892329216,0.007849459536373615,0.1582445204257965,22.094196319580078,0.006174192298203707,0.1705121099948883,0.0032000895589590073,0.01573949120938778,28.958711624145508,0.0012709511211141944,0.05983429402112961,0.006649848073720932,0.00640860153362155,21.747711181640625,0.006686963606625795,0.14814640581607819,26.502702713012695,0.002237328328192234,0.06545193493366241,22.29163360595703,0.005899791140109301,27.76277732849121,0.0016738723497837782,0.07698243856430054,22.660341262817383,0.005419584922492504,0.126402348279953,22.69258689880371,0.005379494279623032,0.1480151265859604,25.51557731628418,0.0028082921635359526,0.08470506966114044,21.888736724853516,0.006473307963460684,26.48891258239746,0.0022444436326622963,0.09872528165578842,22.144906997680664,0.006102522369474173,0.13607338070869446,22.163406372070312,0.0060765850357711315,0.15907996892929077,30.67925262451172,0.0008552144863642752,0.04054902493953705,32.42353439331055,0.0005723302601836622,30.46368408203125,0.0008987351320683956,0.04699838161468506
18271,201,11,496,-1,2,27.881593704223633,0.07556816935539246,22.642852783203125,0.14397038519382477,28.454273223876953,23.749526977539062,0.1144082322716713,21.049110412597656,24.870683670043945,0.06844424456357956,17.932716369628906,18.04146957397461,22.047256469726562,0.13794219493865967,100.0,0.35766902565956116,0.40252405405044556,496,528,0.40455636382102966,0,0,0.0016286977333948016,0.0014274887507781386,27.799827575683594,0.001659652916714549,0.0874050185084343,0.005441451910883188,0.15604165196418762,22.222841262817383,0.005993988830596209,0.18285000324249268,0.004217424895614386,0.016096387058496475,26.216217041015625,0.002389892702922225,0.1193239688873291,0.007853962481021881,0.16563516855239868,21.777793884277344,0.006640803534537554,0.18214444816112518,0.0032578548416495323,0.015698319301009178,28.716211318969727,0.0013439375907182693,0.06421174854040146,0.006241288501769304,0.0,21.425779342651367,0.007201485801488161,0.1639460027217865,29.66832733154297,0.001079362933523953,0.06046034395694733,38.77076721191406,0.00013271611533127725,29.118637084960938,0.001225000829435885,0.07205495983362198,22.920169830322266,0.0051048495806753635,0.13680928945541382,22.3133487701416,0.005870364606380463,0.1644347906112671,27.478845596313477,0.001786963315680623,0.08411204814910889,31.94850730895996,0.0006384832668118179,27.06935691833496,0.0019636524375528097,0.09858544915914536,22.341201782226562,0.005832837428897619,0.1467498391866684,21.77691650390625,0.006642146036028862,0.1742410659790039,30.645214080810547,0.0008619435830041766,0.03910669684410095,32.438655853271484,0.0005703412462025881,30.42486000061035,0.000906805507838726,0.046137627214193344
18447,201,11,672,-1,2,26.694242477416992,0.12218619138002396,21.730316162109375,0.1606827974319458,27.94546890258789,23.422245025634766,0.15972396731376648,20.394474029541016,25.00493049621582,0.061988506466150284,18.201396942138672,18.293184280395508,21.127090454101562,0.241202712059021,100.0,0.3055480122566223,0.5258839726448059,672,704,0.3955340087413788,0,0,0.0021407983731478453,0.0016049192054197192,26.530134201049805,0.002223241375759244,0.1446150839328766,0.00671380152925849,0.2387688159942627,21.17938232421875,0.0076218764297664165,0.28368058800697327,0.004547528922557831,0.015130741521716118,25.347152709960938,0.0029193421360105276,0.17504152655601501,0.009131720289587975,0.26155102252960205,20.82000732421875,0.00827940832823515,0.293748140335083,0.0031586892437189817,0.014814317226409912,28.647031784057617,0.0013655157526955009,0.05754711851477623,0.007714201230555773,0.0,20.505611419677734,0.008901001885533333,0.28864631056785583,27.728126525878906,0.001687280717305839,0.11405640840530396,37.81187438964844,0.00016550562577322125,27.163822174072266,0.0019214000785723329,0.13739214837551117,21.975730895996094,0.006344929803162813,0.23222428560256958,21.363731384277344,0.007305114530026913,0.2777886986732483,26.01525115966797,0.00250308052636683,0.12987612187862396,29.4737548828125,0.0011288193054497242,25.66309356689453,0.0027145049534738064,0.15549281239509583,21.451438903808594,0.007159062195569277,0.24013866484165192,20.915054321289062,0.008100178092718124,0.28662124276161194,29.977588653564453,0.0010051738936454058,0.031077994033694267,29.82774543762207,0.001040460541844368,30.00110626220703,0.0009997452143579721,0.037678081542253494
18605,201,11,830,-1,0,24.475162506103516,0.1902235895395279,22.07077980041504,0.18660567700862885,26.58272933959961,22.033700942993164,0.22364860773086548,20.40459632873535,24.25959014892578,0.0780874639749527,18.086933135986328,18.208044052124023,21.09856414794922,0.18216612935066223,100.0,0.3135437071323395,0.5951504707336426,830,862,0.41852065920829773,0,0,0.003568485612049699,0.002196479355916381,24.2255859375,0.0037795635871589184,0.22075803577899933,0.006207575555890799,0.1908145695924759,21.59323501586914,0.006929096300154924,0.22124043107032776,0.006260802038013935,0.015534842386841774,23.156909942626953,0.00483402656391263,0.251414954662323,0.009110460057854652,0.2140612006187439,20.880962371826172,0.008164015598595142,0.2348402887582779,0.0037500837352126837,0.015107610262930393,26.983684539794922,0.0020027721766382456,0.07575373351573944,0.007765038870275021,0.0,20.47708511352539,0.008959661237895489,0.21665994822978973,25.212757110595703,0.0030110932420939207,0.17646105587482452,35.399253845214844,0.0002884527202695608,24.647109985351562,0.003429960925132036,0.20777300000190735,22.186176300048828,0.006044806446880102,0.17489957809448242,21.581233978271484,0.006948265712708235,0.20574043691158295,23.886085510253906,0.004086876753717661,0.1954612135887146,29.383869171142578,0.0011524261208251119,23.43103790283203,0.004538330715149641,0.23008428514003754,21.418975830078125,0.007212776690721512,0.18745267391204834,20.879907608032227,0.00816599652171135,0.2214139997959137,28.034486770629883,0.0015723573742434382,0.05111812800168991,30.012699127197266,0.0009970805840566754,27.796667098999023,0.0016608614241704345,0.05952087417244911
18650,201,11,875,-1,1,29.300533294677734,0.10150755941867828,25.048904418945312,0.11391868442296982,26.88460922241211,24.440927505493164,0.14684267342090607,22.626243591308594,25.074623107910156,0.0702575072646141,17.608091354370117,17.58676528930664,24.799732208251953,0.19382931292057037,100.0,0.2618732452392578,0.43501460552215576,875,907,0.3761448562145233,0,0,0.0011747541138902307,0.0020489871967583895,29.828596115112305,0.001040256698615849,0.12210652977228165,0.003126869210973382,0.1956377923488617,24.918148040771484,0.0032224436290562153,0.234889417886734,0.0035967265721410513,0.01734565943479538,28.292964935302734,0.001481506391428411,0.1619787961244583,0.005462302826344967,0.21602663397789001,24.404052734375,0.0036273947916924953,0.24466466903686523,0.0031084066722542048,0.017431048676371574,30.433883666992188,0.0009049231885001063,0.06815118342638016,0.0033115146216005087,0.0,24.178255081176758,0.003820978570729494,0.23293665051460266,31.614795684814453,0.0006894784164614975,0.0904315859079361,38.04167175292969,0.00015697593335062265,31.127195358276367,0.0007714017992839217,0.11229787766933441,25.906293869018555,0.002566675189882517,0.1832917481660843,25.320323944091797,0.0029374300502240658,0.2207682579755783,29.167430877685547,0.0012113150442019105,0.10696561634540558,30.667762756347656,0.0008574794046580791,28.976516723632812,0.0012657510815188289,0.13228993117809296,25.15258026123047,0.0030531075317412615,0.19054201245307922,24.68144989013672,0.0034029469825327396,0.22899311780929565,31.646926879882812,0.0006843958399258554,0.03520595282316208,30.91815948486328,0.0008094391087070107,31.770751953125,0.0006651584408245981,0.04346581920981407
18728,201,11,953,-1,3,28.003238677978516,0.15775546431541443,23.990398406982422,0.14982907474040985,28.94509506225586,23.764141082763672,0.20160676538944244,21.735429763793945,24.71883773803711,0.08740372955799103,17.780071258544922,17.773963928222656,23.08180046081543,0.2316187620162964,100.0,0.3040240705013275,0.49281978607177734,953,985,0.3689159154891968,0,0,0.0015837113605812192,0.0012749419547617435,27.87489128112793,0.0016312141669914126,0.18889817595481873,0.003989884629845619,0.2366604208946228,23.496871948242188,0.004470054525882006,0.2795562446117401,0.004203257150948048,0.016672197729349136,26.411218643188477,0.00228495872579515,0.2259330451488495,0.006705902051180601,0.25569042563438416,22.885053634643555,0.005146294366568327,0.28756922483444214,0.003373776562511921,0.016695667058229446,28.780284881591797,0.0013242551358416677,0.08866646885871887,0.0049183564260602,0.0,22.460323333740234,0.005675026681274176,0.275636225938797,29.670032501220703,0.001078938483260572,0.13935722410678864,37.722251892089844,0.0001689564815023914,29.140193939208984,0.0012189357075840235,0.17104865610599518,24.50869369506836,0.0035410397686064243,0.21939539909362793,23.903104782104492,0.004070891998708248,0.2624192237854004,27.17129898071289,0.0019180942326784134,0.15597936511039734,28.813175201416016,0.0013142641400918365,26.965900421142578,0.002010991098359227,0.19048573076725006,23.49813461303711,0.004468753933906555,0.2306770235300064,23.041954040527344,0.0049636890180408955,0.2747044861316681,29.66022300720215,0.0010813790140673518,0.050159744918346405,28.991090774536133,0.0012615101877599955,29.772968292236328,0.0010536664631217718,0.06124168634414673
18930,201,11,1187,-1,3,24.927825927734375,0.11796892434358597,21.574954986572266,0.16799916326999664,27.122373580932617,22.327987670898438,0.1498291939496994,20.065744400024414,24.096397399902344,0.07229133695363998,18.239500045776367,18.238584518432617,20.63509178161621,0.10333365201950073,100.0,0.34886279702186584,0.4815622866153717,1187,1219,0.3857162892818451,0,0,0.0032152696512639523,0.0019398253643885255,24.670555114746094,0.0034114920999854803,0.13622315227985382,0.006958323065191507,0.11336178332567215,21.093406677246094,0.007774263620376587,0.1338556408882141,0.005850610788911581,0.014998579397797585,23.52301025390625,0.004443231038749218,0.161838099360466,0.009849758818745613,0.13809612393379211,20.4300537109375,0.009057216346263885,0.1479974240064621,0.003893680637702346,0.015001734718680382,26.605985641479492,0.0021847495809197426,0.07044284790754318,0.008639544248580933,0.0,20.013614654541016,0.009968705475330353,0.12404190003871918,26.060775756835938,0.0024769804440438747,0.10183056443929672,36.059295654296875,0.0002477823873050511,25.497610092163086,0.002819933695718646,0.12001320719718933,21.998958587646484,0.0063110883347690105,0.0987975150346756,21.39073371887207,0.007259833626449108,0.11906677484512329,24.321048736572266,0.003697390202432871,0.1231815367937088,31.332019805908203,0.0007358647999353707,23.81637191772461,0.004153009504079819,0.14336803555488586,21.10356903076172,0.0077561005018651485,0.11593902111053467,20.532821655273438,0.008845405653119087,0.1368042230606079,27.9006404876709,0.0016215707873925567,0.04685188829898834,31.78445053100586,0.0006630632560700178,27.522640228271484,0.001769033377058804,0.0542265847325325
19368,201,11,1657,-1,1,24.71586036682129,0.10971255600452423,22.265756607055664,0.13676385581493378,26.76549530029297,21.991130828857422,0.14717219769954681,20.52301788330078,23.774860382080078,0.08037920296192169,17.803159713745117,17.882192611694336,21.617168426513672,0.08683614432811737,100.0,0.22556351125240326,0.606320858001709,1657,1689,0.3876997232437134,0,0,0.0033760908991098404,0.0021059622522443533,24.471500396728516,0.0035714954137802124,0.12154816091060638,0.005935051012784243,0.10100694000720978,21.80497932434082,0.006599365267902613,0.10927977412939072,0.00632247282192111,0.016583796590566635,23.238727569580078,0.004743808414787054,0.15265825390815735,0.008865395560860634,0.12885907292366028,21.09862518310547,0.007764928508549929,0.12951374053955078,0.004192895255982876,0.01628473959863186,26.321575164794922,0.0023326119408011436,0.07495178282260895,0.00689101405441761,0.0,20.995691299438477,0.007951170206069946,0.09669942408800125,25.732833862304688,0.0026712629478424788,0.09571436047554016,36.36958312988281,0.00023069686722010374,25.16165542602539,0.0030467347241938114,0.10730448365211487,22.736534118652344,0.005325331352651119,0.08845432847738266,22.131345748901367,0.006121606100350618,0.09765443205833435,24.327713012695312,0.00369172147475183,0.11621645092964172,31.308330535888672,0.0007398896268568933,23.823867797851562,0.004145849496126175,0.13055743277072906,22.00881004333496,0.0062967874109745026,0.10423246026039124,21.445804595947266,0.007168359123170376,0.11506763845682144,28.46892547607422,0.0014226807979866862,0.04874637722969055,32.104026794433594,0.0006160238408483565,28.105709075927734,0.0015467818593606353,0.05441555380821228
19372,201,11,1661,-1,1,20.856369018554688,0.21677838265895844,16.44829559326172,0.2141217738389969,25.30288314819336,19.532974243164062,0.23655088245868683,15.87601089477539,24.009244918823242,0.06732690334320068,17.89068031311035,17.986013412475586,16.260799407958984,0.231349378824234,100.0,0.3736065924167633,0.5731209516525269,1661,1693,0.3770834505558014,0,0,0.00821037869900465,0.0029492510948330164,20.44803810119629,0.009019781835377216,0.23770928382873535,0.02265532687306404,0.24504831433296204,15.881463050842285,0.025813905522227287,0.26520973443984985,0.011135319247841835,0.016252949833869934,19.8514404296875,0.010347990319132805,0.25223520398139954,0.025846336036920547,0.25794661045074463,15.627979278564453,0.02736542373895645,0.2718929052352905,0.0039726062677800655,0.015900053083896637,26.700708389282227,0.002137614181265235,0.05965271592140198,0.023654840886592865,0.0,15.639320373535156,0.02729404717683792,0.25703173875808716,21.194631576538086,0.00759515818208456,0.1934293508529663,34.094017028808594,0.0003895816917065531,20.60295867919922,0.00870370864868164,0.2183658927679062,16.460338592529297,0.02259259670972824,0.22630128264427185,15.844860076904297,0.026032395660877228,0.25248652696609497,20.744884490966797,0.008423874154686928,0.2022348791360855,30.498756408691406,0.0008915063226595521,20.185123443603516,0.0095826992765069,0.22847440838813782,16.327465057373047,0.02329450286924839,0.23246489465236664,15.722784996032715,0.026774512603878975,0.2582702338695526,29.330707550048828,0.001166620058938861,0.03802415728569031,31.614723205566406,0.0006894894759170711,29.065696716308594,0.0012400245759636164,0.04252646863460541
19403,201,11,1692,-1,0,21.78165626525879,0.18898466229438782,18.039552688598633,0.2218698114156723,26.813467025756836,20.105587005615234,0.22679845988750458,17.24296760559082,23.49551773071289,0.08262856304645538,18.08102798461914,18.13459587097168,17.52104377746582,0.26281309127807617,100.0,0.4343898892402649,0.5107619166374207,1692,1724,0.39083972573280334,0,0,0.006634899415075779,0.0020828277338296175,21.345870971679688,0.007335218135267496,0.2220391035079956,0.015705250203609467,0.28151631355285645,17.50799560546875,0.017750084400177002,0.3219967782497406,0.00975981168448925,0.0155559703707695,20.521696090698242,0.008868095465004444,0.2521161139011383,0.018867023289203644,0.29264286160469055,17.135395050048828,0.01934017427265644,0.3226487636566162,0.004471450578421354,0.01536528393626213,25.535442352294922,0.002795476233586669,0.08264990150928497,0.017696835100650787,0.0,16.899564743041992,0.020419424399733543,0.30561333894729614,22.259294509887695,0.00594388647004962,0.17477896809577942,35.07390594482422,0.000310892122797668,21.668209075927734,0.006810500752180815,0.2071426957845688,18.239673614501953,0.014997976832091808,0.26128822565078735,17.624794006347656,0.017279088497161865,0.3026615083217621,21.429929733276367,0.0071946061216294765,0.19399401545524597,28.968746185302734,0.0012680181534960866,20.911727905273438,0.00810638815164566,0.22790837287902832,17.867733001708984,0.016339048743247986,0.269305557012558,17.28397560119629,0.01868971437215805,0.31149762868881226,27.553421020507812,0.001756539335474372,0.05054672807455063,29.724111557006836,0.0010655870428308845,27.29824447631836,0.0018628397956490517,0.0588102824985981
19604,201,11,1925,-1,0,26.174850463867188,0.10655088722705841,21.257843017578125,0.14026260375976562,27.62535858154297,22.770217895507812,0.13917586207389832,19.77159309387207,24.026700973510742,0.07438775897026062,18.14320182800293,18.194252014160156,20.638160705566406,0.1789531707763672,100.0,0.3912254273891449,0.3585211932659149,1925,1957,0.36879295110702515,0,0,0.002412764821201563,0.0017276835860684514,25.989166259765625,0.0025181618984788656,0.12057481706142426,0.007485411129891872,0.19728848338127136,20.767337799072266,0.008380429819226265,0.22715307772159576,0.005284185986965895,0.015334861353039742,24.273691177368164,0.003737928345799446,0.14672328531742096,0.010540002025663853,0.2139381468296051,20.083202362060547,0.009810240007936954,0.23573201894760132,0.003956670872867107,0.01515565812587738,26.509654998779297,0.0022337499540299177,0.07070250064134598,0.008633445017039776,0.0,20.016679763793945,0.009961666539311409,0.2093692570924759,27.765300750732422,0.0016729002818465233,0.09082499891519547,38.19294738769531,0.0001516021293355152,27.196617126464844,0.0019069461850449443,0.10697256028652191,21.73537826538086,0.006705982144922018,0.18114759027957916,21.124347686767578,0.007719072978943586,0.21271318197250366,25.627933502197266,0.0027365712448954582,0.10586999356746674,31.994873046875,0.0006317028310149908,25.142223358154297,0.0030603972263634205,0.12359364330768585,20.97730827331543,0.007984897121787071,0.19242256879806519,20.403154373168945,0.009113484993577003,0.22421251237392426,28.59004783630371,0.0013835520949214697,0.04226064309477806,31.90814208984375,0.000644445011857897,28.247024536132812,0.00149726087693125,0.04895395785570145
19785,201,11,2138,-1,0,22.81634521484375,0.17204225063323975,17.466188430786133,0.20149348676204681,25.894012451171875,20.789997100830078,0.21120399236679077,16.748775482177734,23.482542037963867,0.0830330178141594,18.01287078857422,18.210861206054688,16.926433563232422,0.33362331986427307,36.48650360107422,0.44653230905532837,0.45124056935310364,2138,2170,0.47153446078300476,0,0,0.005228359717875719,0.0025739427655935287,22.489727020263672,0.005636730697005987,0.20115739107131958,0.017921779304742813,0.3317022919654846,16.9195556640625,0.02032564952969551,0.3848133683204651,0.008336816914379597,0.015802033245563507,21.433725357055664,0.007188321556895971,0.23536303639411926,0.021140851080417633,0.35393720865249634,16.557071685791016,0.02209494262933731,0.3984425961971283,0.004484828561544418,0.015097803436219692,25.448408126831055,0.0028520633932203054,0.07844139635562897,0.020293494686484337,0.00022456909937318414,16.311365127563477,0.023381022736430168,0.3864869773387909,23.41341209411621,0.004556788597255945,0.15617156028747559,34.12004089355469,0.0003872542583849281,22.8414249420166,0.005198255181312561,0.18582430481910706,17.44586181640625,0.018005866557359695,0.3168586790561676,16.834362030029297,0.020728306844830513,0.3691345453262329,22.448875427246094,0.0056900037452578545,0.17210419476032257,30.81084442138672,0.0008296893793158233,21.912662506103516,0.006437744479626417,0.20397189259529114,17.130300521850586,0.019362878054380417,0.3275894522666931,16.529769897460938,0.022234275937080383,0.3802543580532074,27.836410522460938,0.001645731390453875,0.04530397057533264,32.356842041015625,0.0005811867886222899,27.424396514892578,0.0018095076084136963,0.052704110741615295
19902,201,11,2255,-1,1,23.08545684814453,0.1943666636943817,18.007871627807617,0.21258854866027832,25.2783203125,20.97966957092285,0.22763147950172424,17.186058044433594,23.52301788330078,0.07043421268463135,17.84375762939453,17.906070709228516,17.464738845825195,0.318479061126709,100.0,0.4083321988582611,0.5206264853477478,2255,2287,0.43762972950935364,0,0,0.004914217162877321,0.0029659790452569723,22.82833480834961,0.00521394656971097,0.22862032055854797,0.01582023687660694,0.32738906145095825,17.48581314086914,0.017840970307588577,0.3786793649196625,0.007980556227266788,0.01642949879169464,21.751768112182617,0.006680720020085573,0.259207546710968,0.01911587081849575,0.34719568490982056,17.07175064086914,0.019625691697001457,0.39247384667396545,0.004443224053829908,0.016195449978113174,25.79188346862793,0.0026351893320679665,0.06931745260953903,0.017927760258316994,0.0,16.843259811401367,0.020685875788331032,0.3757776618003845,23.70090103149414,0.004264912102371454,0.17502528429031372,34.91209411621094,0.0003226938424631953,23.123455047607422,0.0048714070580899715,0.2103801667690277,17.929380416870117,0.016108756884932518,0.3067597448825836,17.31552505493164,0.018554426729679108,0.3620317280292511,22.770479202270508,0.005283870734274387,0.19222208857536316,29.587467193603516,0.0010996473720297217,22.27121353149414,0.005927597172558308,0.23214399814605713,17.63241958618164,0.017248768359422684,0.32037413120269775,17.04065704345703,0.019766708835959435,0.37787172198295593,28.195039749145508,0.0015152909327298403,0.04481271654367447,30.487215042114258,0.0008938784012570977,27.92933464050293,0.0016108929412439466,0.05483065918087959
20274,201,11,2691,-1,1,21.31697654724121,0.1292458474636078,19.225248336791992,0.18259036540985107,21.918087005615234,19.70560646057129,0.16171693801879883,18.205158233642578,22.88425064086914,0.09343450516462326,17.152854919433594,17.955717086791992,18.11296272277832,0.1477852463722229,22.110815048217773,0.41475969552993774,0.44023171067237854,2691,2723,0.42069774866104126,0,0,0.007384180556982756,0.006429709494113922,21.231460571289062,0.007531022187322378,0.1451014280319214,0.011952952481806278,0.15555237233638763,18.95798110961914,0.012711652554571629,0.17667056620121002,0.010701368562877178,0.019262580201029778,20.2760009765625,0.009384258650243282,0.17104414105415344,0.015117647126317024,0.18053540587425232,18.363229751586914,0.014577305875718594,0.19275882840156555,0.005147249903529882,0.01601135917007923,24.58938980102539,0.0034758495166897774,0.09268789738416672,0.01544200535863638,0.006150615401566029,17.72847557067871,0.01687145046889782,0.17022176086902618,21.675216674804688,0.006799521390348673,0.11182594299316406,22.380159378051758,0.0057807499542832375,21.576244354248047,0.006956255994737148,0.12765131890773773,19.290149688720703,0.01177565474063158,0.14162006974220276,18.962886810302734,0.01269729994237423,0.16484008729457855,20.665414810180664,0.008579432033002377,0.13251803815364838,21.85540771484375,0.00652318075299263,20.508159637451172,0.00889577902853489,0.15137819945812225,18.63681983947754,0.013687309809029102,0.15703772008419037,18.298969268798828,0.014794597402215004,0.1824115365743637,26.222562789916992,0.002386402804404497,0.051106151193380356,30.90185546875,0.0008124833693727851,25.80284881591797,0.0026285441126674414,0.059205614030361176
20292,201,11,2709,-1,3,24.32931137084961,0.11799722909927368,19.450103759765625,0.19389301538467407,26.803951263427734,21.380374908447266,0.16100060939788818,18.15891456604004,22.84158706665039,0.10206589102745056,18.110177993774414,18.2294921875,18.489887237548828,0.14392313361167908,35.134666442871094,0.4240894913673401,0.4571983516216278,2709,2741,0.37616512179374695,0,0,0.003690361510962248,0.00208739610388875,24.048377990722656,0.003936972003430128,0.13283181190490723,0.011349840089678764,0.17224366962909698,19.048603057861328,0.01244914997369051,0.1897030770778656,0.007277169730514288,0.01545190904289484,22.204381942749023,0.006019517779350281,0.16949523985385895,0.015279483050107956,0.19134527444839478,18.20199203491211,0.015128669328987598,0.2023952603340149,0.005198061931878328,0.015033178962767124,24.335662841796875,0.0036849668249487877,0.10206587612628937,0.01415830198675394,0.00030657282331958413,17.880966186523438,0.01628933660686016,0.1610075831413269,25.717098236083984,0.002680958714336157,0.09666407853364944,35.62378692626953,0.000273918267339468,25.15519142150879,0.0030512725934386253,0.11067846417427063,19.57847785949707,0.011019257828593254,0.14984621107578278,18.97474479675293,0.012662679888308048,0.1695384830236435,23.538806915283203,0.004427099134773016,0.12246065586805344,29.780969619750977,0.0010517272166907787,23.057119369506836,0.004946387838572264,0.13859224319458008,18.817880630493164,0.013128411024808884,0.1608475148677826,18.236892700195312,0.015007587149739265,0.17979225516319275,26.422252655029297,0.0022791593801230192,0.06140093505382538,30.658714294433594,0.00085926812607795,26.024765014648438,0.00249760365113616,0.0705496072769165
20305,201,11,2722,-1,0,25.430606842041016,0.0857158973813057,19.469602584838867,0.13061979413032532,27.361295700073242,22.10388946533203,0.13307002186775208,18.40143585205078,23.14131736755371,0.08537022024393082,18.081172943115234,17.960153579711914,18.864044189453125,0.14049959182739258,100.0,0.33999964594841003,0.38417625427246094,2722,2754,0.373831182718277,0,0,0.002863777568563819,0.0018359905807301402,25.197200775146484,0.003021898679435253,0.09522172808647156,0.011298993602395058,0.15331389009952545,18.963565826416016,0.0126953125,0.1733286827802658,0.0061604343354702,0.015555458143353462,23.265140533447266,0.004715045914053917,0.13575850427150726,0.014449619688093662,0.1730831414461136,18.46921730041504,0.014225849881768227,0.18714378774166107,0.0048514134250581264,0.015995020046830177,25.03483772277832,0.0031370127107948065,0.08166176080703735,0.012989593669772148,0.0,18.242565155029297,0.014987992122769356,0.16238977015018463,26.906862258911133,0.0020385149400681257,0.07130998373031616,37.87249755859375,0.0001632112544029951,26.331993103027344,0.00232702330686152,0.08325432986021042,19.85749053955078,0.010333582758903503,0.131743386387825,19.244096755981445,0.011901188641786575,0.15560811758041382,24.43399429321289,0.003602472832426429,0.10369457304477692,31.64842414855957,0.0006841600988991559,23.92390251159668,0.004051444120705128,0.11753511428833008,19.25679588317871,0.011866439133882523,0.15005648136138916,18.665922164916992,0.013595892116427422,0.17293605208396912,26.885555267333984,0.0020485406275838614,0.05422860383987427,32.23408508300781,0.0005978490225970745,26.436445236206055,0.002271723933517933,0.060935743153095245
20329,201,11,2746,-1,0,26.92687225341797,0.10060108453035355,23.971364974975586,0.20747891068458557,27.470510482788086,23.19399070739746,0.14317087829113007,21.71063232421875,24.443740844726562,0.07990701496601105,18.2401065826416,18.184812545776367,23.09931755065918,0.0884053185582161,100.0,0.3226950168609619,0.6429566740989685,2746,2778,0.43744009733200073,0,0,0.002029143273830414,0.0017903961706906557,26.84896469116211,0.00206587347202003,0.11589264869689941,0.004007409326732159,0.09803776443004608,23.72547149658203,0.004240849986672401,0.1147795245051384,0.004792927764356136,0.0149964839220047,24.917194366455078,0.0032231502700597048,0.1532655954360962,0.00674430001527071,0.13448402285575867,22.627973556518555,0.0054601263254880905,0.14466147124767303,0.0035943964030593634,0.015188634395599365,27.421611785888672,0.001810667454265058,0.07862626761198044,0.004898559767752886,0.0,22.47783851623535,0.005652183201164007,0.10671577602624893,28.218528747558594,0.0015071179950609803,0.08344052731990814,37.3286018371582,0.0001849865075200796,27.668712615966797,0.001710522803477943,0.09795485436916351,24.651092529296875,0.003426814917474985,0.08798365294933319,24.049480438232422,0.003935972694307566,0.10609111189842224,26.123973846435547,0.002441195771098137,0.09888157993555069,32.21318054199219,0.0006007336196489632,25.647380828857422,0.002724343677982688,0.11642058193683624,23.59164810180664,0.004373561125248671,0.09931766241788864,23.040571212768555,0.00496527086943388,0.11991389095783234,29.446388244628906,0.0011359556810930371,0.04251750931143761,32.5260009765625,0.0005589845823124051,29.119632720947266,0.0012247205013409257,0.05064673349261284
20390,201,11,2807,-1,1,22.41644287109375,0.1904694139957428,20.75303840637207,0.2558986246585846,25.946142196655273,20.7956485748291,0.2185133993625641,19.474477767944336,24.79259490966797,0.05655501037836075,18.17816162109375,18.115022659301758,20.330522537231445,0.20242972671985626,100.0,0.3254559636116028,0.7862772345542908,2807,2839,0.3859688341617584,0,0,0.005732653196901083,0.0025432310067117214,22.059768676757812,0.006223332602530718,0.22545120120048523,0.00840806681662798,0.20684565603733063,20.236156463623047,0.009470753371715546,0.24429619312286377,0.008325975388288498,0.015211912803351879,21.386688232421875,0.007266600150614977,0.2467580884695053,0.011286313645541668,0.22455209493637085,19.713905334472656,0.010680940933525562,0.25180870294570923,0.0033169621601700783,0.015434682369232178,28.37824821472168,0.0014526977902278304,0.04902641475200653,0.009267186746001244,0.0,19.709041595458984,0.010692907497286797,0.24156484007835388,22.729148864746094,0.005334394983947277,0.18077968060970306,36.13871765136719,0.00024329236475750804,22.1341609954834,0.006117640994489193,0.2195224016904831,20.7900333404541,0.008336745202541351,0.20155248045921326,20.175973892211914,0.009602905251085758,0.24127955734729767,22.218839645385742,0.005999513901770115,0.19139841198921204,30.84893226623535,0.0008224449120461941,21.677474975585938,0.0067959860898554325,0.23141470551490784,20.415735244750977,0.009087123908102512,0.20713283121585846,19.841106414794922,0.010372640565037727,0.24678973853588104,30.639366149902344,0.000863104360178113,0.029603514820337296,31.598453521728516,0.0006920773885212839,30.508949279785156,0.0008894162601791322,0.03401463106274605
20754,201,11,3203,-1,1,21.679317474365234,0.2049781233072281,18.485755920410156,0.23751461505889893,27.362789154052734,19.847970962524414,0.24613754451274872,17.440759658813477,23.291179656982422,0.0903950184583664,17.96380043029785,17.95629119873047,17.5260066986084,0.22905589640140533,100.0,0.3799026906490326,0.6251985430717468,3203,3235,0.3921656608581543,0,0,0.006793102715164423,0.0018353586783632636,21.21717643737793,0.007555832155048847,0.23386168479919434,0.014171776361763477,0.2439165860414505,17.933500289916992,0.016093477606773376,0.27895382046699524,0.010356259532272816,0.015981590375304222,20.226959228515625,0.009490824304521084,0.26853427290916443,0.01802702806890011,0.2607508599758148,17.363447189331055,0.018350819125771523,0.2848823070526123,0.004686861298978329,0.016009250655770302,25.309215545654297,0.002944954903796315,0.08745138347148895,0.01767662912607193,0.0,16.90452766418457,0.02039611153304577,0.2617139220237732,21.896217346191406,0.006462170742452145,0.19615349173545837,36.41009521484375,0.00022855492716189474,21.295263290405273,0.0074211894534528255,0.22700932621955872,18.455968856811523,0.014269313775002956,0.2241300642490387,17.839662551879883,0.01644500158727169,0.2615642845630646,21.039703369140625,0.007870995439589024,0.2115037590265274,31.345504760742188,0.0007335832924582064,20.472530364990234,0.008969059213995934,0.24444475769996643,18.003190994262695,0.015837296843528748,0.2333967685699463,17.404865264892578,0.01817663200199604,0.2696745991706848,27.011234283447266,0.0019901085179299116,0.05667346343398094,32.21553421020508,0.0006004080642014742,26.568065643310547,0.0022039085160940886,0.06424246728420258
21072,201,11,3521,-1,3,20.294998168945312,0.23632152378559113,16.833091735839844,0.27935224771499634,21.397855758666992,18.97002410888672,0.2693951427936554,16.204818725585938,23.814449310302734,0.07673877477645874,17.302946090698242,18.157007217407227,16.41059684753418,0.3739449977874756,23.402250289916992,0.4339517652988434,0.6437402963638306,3521,3553,0.42771124839782715,0,0,0.009343301877379417,0.007247940171509981,20.14768409729004,0.009665665216743946,0.26189959049224854,0.020734377205371857,0.3880584239959717,16.39015769958496,0.02296065352857113,0.4374445080757141,0.012676444835960865,0.018608245998620987,19.29450225830078,0.01176386047154665,0.29365774989128113,0.02396172471344471,0.3995595872402191,16.029159545898438,0.02495078183710575,0.43789437413215637,0.004154848400503397,0.015286196023225784,26.121952056884766,0.0024423336144536734,0.0719018280506134,0.022852852940559387,0.004568515345454216,15.906447410583496,0.025665828958153725,0.42400097846984863,20.487491607666016,0.008938217535614967,0.21382439136505127,23.720703125,0.004245508927851915,20.150150299072266,0.009660173207521439,0.2406056672334671,16.877540588378906,0.02052324078977108,0.36701732873916626,16.36103057861328,0.02311515435576439,0.41850847005844116,19.900562286376953,0.010231610387563705,0.2274220883846283,22.60246467590332,0.005492289550602436,19.601604461669922,0.010960737243294716,0.2570035457611084,16.607236862182617,0.021841194480657578,0.3701590597629547,16.116809844970703,0.024452267214655876,0.4205912947654724,28.394926071166992,0.00144712976180017,0.03770170360803604,28.77357292175293,0.0013263027649372816,28.339496612548828,0.0014657186111435294,0.042779676616191864
21273,201,11,3754,-1,0,21.06052017211914,0.13785681128501892,18.194292068481445,0.23825505375862122,26.536903381347656,19.357988357543945,0.16866040229797363,17.202816009521484,22.66073226928711,0.09671417623758316,18.22460174560547,18.169954299926758,17.35920524597168,0.17876040935516357,100.0,0.3910178244113922,0.6093201637268066,3754,3786,0.4222528338432312,0,0,0.007833358831703663,0.0022197789512574673,20.606311798095703,0.008696986362338066,0.15289825201034546,0.015155517496168613,0.1916273832321167,17.646474838256836,0.017193032428622246,0.2162897139787674,0.011593149043619633,0.015050112269818783,19.561935424804688,0.011061307974159718,0.18035072088241577,0.019042257219552994,0.2211548089981079,17.076885223388672,0.019602498039603233,0.24076281487941742,0.005419096443802118,0.015240691602230072,24.080364227294922,0.003908081445842981,0.0967467799782753,0.01836874708533287,0.0,16.73772621154785,0.021194707602262497,0.2071414440870285,21.55096435546875,0.006996865384280682,0.12062204629182816,35.573081970214844,0.00027713525923900306,20.952482223510742,0.008030670695006847,0.13798169791698456,18.429462432861328,0.014356672763824463,0.17954763770103455,17.811969757080078,0.01655019260942936,0.20699000358581543,20.314655303955078,0.009301100857555866,0.1401331126689911,30.485973358154297,0.0008941341075114906,19.749202728271484,0.01059448067098856,0.15979480743408203,17.789152145385742,0.016637371852993965,0.18667864799499512,17.194807052612305,0.01907740905880928,0.21331045031547546,25.585613250732422,0.0027633688878268003,0.05565694719552994,31.034271240234375,0.0007880845223553479,25.132495880126953,0.0030672587454319,0.06328518688678741
21303,201,11,3784,-1,2,22.177371978759766,0.1704714000225067,20.580059051513672,0.24426841735839844,25.050256729125977,20.10458755493164,0.21244317293167114,19.067426681518555,22.506093978881836,0.09767835587263107,18.04353904724121,18.219406127929688,19.365346908569336,0.13264358043670654,36.46255874633789,0.39749500155448914,0.614519476890564,3784,3816,0.43275588750839233,0,0,0.006057071965187788,0.0031258948147296906,21.865510940551758,0.006508021615445614,0.18776695430278778,0.008749722503125668,0.13742057979106903,20.12676239013672,0.00971234031021595,0.15019400417804718,0.009762059897184372,0.015690837055444717,20.530595779418945,0.00884994026273489,0.22929012775421143,0.01239530835300684,0.1679476648569107,19.213241577148438,0.011986046098172665,0.17418599128723145,0.00561553006991744,0.01506812870502472,23.80772590637207,0.0041612847708165646,0.09628920257091522,0.011573515832424164,0.00022581062512472272,18.75518035888672,0.013319318182766438,0.148887038230896,23.034549713134766,0.004972162190824747,0.15114544332027435,33.84233856201172,0.0004128252330701798,22.461414337158203,0.005673599429428577,0.17186008393764496,21.280698776245117,0.007446119096130133,0.11657114326953888,20.68389129638672,0.00854300893843174,0.1325908750295639,21.312450408935547,0.007391881197690964,0.18458959460258484,29.80168914794922,0.0010467219399288297,20.773754119873047,0.008368059061467648,0.2078324258327484,20.05679702758789,0.009870070964097977,0.14137861132621765,19.4893856048584,0.011247647926211357,0.15938319265842438,25.31242561340332,0.002942777005955577,0.06411256641149521,31.44583511352539,0.000716830778401345,24.83434295654297,0.0032852301374077797,0.07146085798740387
21404,201,11,3885,-1,3,26.38817596435547,0.1138664036989212,22.238601684570312,0.22267408668994904,26.713266372680664,23.162260055541992,0.16056673228740692,20.68558692932129,24.797443389892578,0.07563011348247528,18.062631607055664,18.07046890258789,21.508760452270508,0.18459409475326538,100.0,0.4200109541416168,0.5301625728607178,3885,3917,0.42919430136680603,0,0,0.002297114348039031,0.0021314420737326145,26.340253829956055,0.00232260231859982,0.12859275937080383,0.005972275510430336,0.1841459423303604,21.811771392822266,0.006589050870388746,0.21025149524211884,0.00482807494699955,0.015622012317180634,24.992877960205078,0.003167468588799238,0.17297524213790894,0.008539673872292042,0.2185661792755127,21.285903930664062,0.007437203079462051,0.23841430246829987,0.0033132617827504873,0.01559384260326624,28.465078353881836,0.0014239420415833592,0.07540881633758545,0.007065196055918932,0.0,20.887279510498047,0.008152149617671967,0.21647506952285767,27.506717681884766,0.001775530749000609,0.10159603506326675,36.381126403808594,0.00023008455173112452,26.960935592651367,0.002013291697949171,0.11921053379774094,22.62588882446289,0.005462746135890484,0.16494594514369965,22.01963233947754,0.0062811169773340225,0.19261980056762695,25.646265029907227,0.0027250442653894424,0.12832798063755035,30.117170333862305,0.0009733813931234181,25.236713409423828,0.0029945303685963154,0.15054844319820404,21.931800842285156,0.0064094397239387035,0.18776683509349823,21.382761001586914,0.007273175287991762,0.21911412477493286,29.447044372558594,0.001135783502832055,0.04719849303364754,30.846458435058594,0.0008229135419242084,29.266788482666016,0.0011839172802865505,0.05593001842498779
21771,201,11,4252,-1,2,27.02261734008789,0.12655121088027954,24.115745544433594,0.1689498871564865,26.16350555419922,23.73995018005371,0.18030552566051483,21.983421325683594,25.215805053710938,0.07069249451160431,17.999174118041992,18.12195587158203,23.64290428161621,0.24813473224639893,100.0,0.31502053141593933,0.5363138914108276,4252,4284,0.24268744885921478,0,0,0.001984898466616869,0.002419076394289732,27.171283721923828,0.0019181016832590103,0.15081752836704254,0.003876372706145048,0.25533273816108704,23.685834884643555,0.004279732704162598,0.3032110035419464,0.004226734861731529,0.0158519446849823,26.129234313964844,0.002438240684568882,0.20090389251708984,0.006333705969154835,0.27275463938713074,23.09354019165039,0.004905080888420343,0.30725717544555664,0.003008982865139842,0.015410058200359344,29.581632614135742,0.0011011256137862802,0.06768523156642914,0.0043222480453550816,0.0,23.021427154541016,0.004987208638340235,0.295705646276474,28.592205047607422,0.0013828643132001162,0.12472628802061081,35.80619812011719,0.00026265173801220953,28.082124710083008,0.0015552047407254577,0.1530807912349701,24.736764907836914,0.003359879134222865,0.24034897983074188,24.136680603027344,0.0038577301893383265,0.2874640226364136,26.9899845123291,0.001999868778511882,0.1488621085882187,29.524864196777344,0.001115612918511033,26.70417594909668,0.0021359079983085394,0.1810418665409088,23.865386962890625,0.004106401465833187,0.25100237131118774,23.377094268798828,0.004595054779201746,0.29871276021003723,30.82880401611328,0.0008262652554549277,0.037550751119852066,30.3870792388916,0.0009147281525656581,30.900936126708984,0.0008126555476337671,0.04522516205906868
22099,201,11,4580,-1,2,26.47364044189453,0.18117614090442657,24.704896926879883,0.1871827393770218,25.84934425354004,23.557655334472656,0.20548507571220398,22.345735549926758,25.22234344482422,0.0730915442109108,18.1497802734375,18.03002166748047,24.25909996032715,0.2513538897037506,100.0,0.30149441957473755,0.6208497881889343,4580,4612,0.24096888303756714,0,0,0.002252349629998207,0.0026005515828728676,26.578182220458984,0.0021987801883369684,0.21427659690380096,0.0033846229780465364,0.25487399101257324,24.3503475189209,0.003672529710456729,0.2988779544830322,0.004407927393913269,0.015311647206544876,25.637685775756836,0.0027304317336529493,0.23378542065620422,0.005826752167195082,0.27347084879875183,23.675813674926758,0.004289617296308279,0.3090609312057495,0.0030044543091207743,0.015739746391773224,29.808094024658203,0.0010451787384226918,0.06869238615036011,0.0037505077198147774,0.0,23.63762092590332,0.004327509086579084,0.2977810204029083,27.73223114013672,0.0016856874572113156,0.16305363178253174,35.38494873046875,0.000289404415525496,27.211322784423828,0.001900500268675387,0.19646815955638885,25.33724021911621,0.0029260111041367054,0.24158072471618652,24.740596771240234,0.003356915432959795,0.2864059805870056,26.374412536621094,0.002304404741153121,0.18202397227287292,29.63669776916504,0.001087252632714808,26.03511619567871,0.0024916587863117456,0.2194909155368805,24.395349502563477,0.0036346707493066788,0.2531484365463257,23.92686653137207,0.004048680420964956,0.2998197078704834,30.943904876708984,0.0008046550210565329,0.03944454714655876,30.212051391601562,0.0009523465414531529,31.06830406188965,0.0007819332531653345,0.04627963900566101
22248,201,11,4761,-1,0,23.418594360351562,0.13629408180713654,18.006479263305664,0.17347994446754456,25.85871696472168,21.579587936401367,0.15515077114105225,17.30889129638672,24.08220100402832,0.06895014643669128,18.21333122253418,17.939971923828125,17.482765197753906,0.19636625051498413,100.0,0.3865799605846405,0.4487556517124176,4761,4793,0.44246023893356323,0,0,0.004551355727016926,0.0025949464179575443,23.140487670898438,0.004852341488003731,0.1545710563659668,0.015825310721993446,0.20408734679222107,17.484813690185547,0.017845086753368378,0.23260796070098877,0.0069509041495621204,0.015089230611920357,22.442127227783203,0.005698853638023138,0.17116309702396393,0.018582789227366447,0.22058099508285522,17.2199649810791,0.018967214971780777,0.2453155666589737,0.003906430676579475,0.01606951467692852,26.913957595825195,0.0020351868588477373,0.0664379820227623,0.017853498458862305,0.0,16.86128807067871,0.02060019038617611,0.22878560423851013,23.983905792236328,0.00399585347622633,0.11941946297883987,36.402305603027344,0.0002289653493789956,23.39573097229004,0.004575375467538834,0.14109009504318237,17.975841522216797,0.015937350690364838,0.19478043913841248,17.360212326049805,0.01836448907852173,0.22631897032260895,23.175065994262695,0.004813858773559332,0.1278286576271057,31.636465072631836,0.0006860466673970222,22.63690757751465,0.005448907148092985,0.15220005810260773,17.757047653198242,0.016760816797614098,0.20252487063407898,17.15660858154297,0.019245944917201996,0.23669908940792084,28.566492080688477,0.00139107636641711,0.0453401580452919,32.43545150756836,0.0005707620875909925,28.189350128173828,0.0015172786079347134,0.05385855957865715
22427,279,11,115,-1,3,21.55658721923828,0.18313956260681152,18.060338973999023,0.17739787697792053,26.733247756958008,19.798959732055664,0.23070865869522095,17.03337860107422,23.006031036376953,0.08485516160726547,17.718032836914062,17.958375930786133,17.576107025146484,0.32324495911598206,38.754634857177734,0.35114261507987976,0.5052018165588379,115,147,0.4080394208431244,0,0,0.006987816654145718,0.002121657133102417,21.114580154418945,0.007736455649137497,0.20820319652557373,0.015630263835191727,0.33317941427230835,17.496204376220703,0.017798349261283875,0.3846362829208374,0.010473793372511864,0.016912072896957397,20.230409622192383,0.00948328897356987,0.24751582741737366,0.019799858331680298,0.35005155205726624,16.936628341674805,0.020245904102921486,0.3895581066608429,0.0050049154087901115,0.016001559793949127,24.797622680664062,0.0033131239470094442,0.08124323189258575,0.01747388020157814,0.0001332099927822128,16.95904541015625,0.02014167606830597,0.3756018877029419,22.09702491760254,0.00617017550393939,0.16400903463363647,33.85860061645508,0.0004112824099138379,21.514318466186523,0.007056159432977438,0.18976615369319916,18.289539337158203,0.014826759696006775,0.3124103546142578,17.67427635192871,0.01708332449197769,0.3662964105606079,21.02329444885254,0.007900791242718697,0.19247440993785858,29.66823387145996,0.001079385750927031,20.481653213500977,0.008950239047408104,0.22017991542816162,17.642620086669922,0.01720830239355564,0.3218051791191101,17.049400329589844,0.019726956263184547,0.3739315867424011,26.158449172973633,0.0024218943435698748,0.04995327442884445,30.495647430419922,0.0008921445114538074,25.755691528320312,0.002657240489497781,0.05667119473218918
22428,279,11,116,-1,0,20.167469024658203,0.1537981480360031,16.956398010253906,0.18354879319667816,26.592140197753906,18.62578773498535,0.19625726342201233,16.12613296508789,22.637041091918945,0.08092581480741501,17.864797592163086,18.074382781982422,16.4299373626709,0.2887232005596161,35.1480598449707,0.36684611439704895,0.5003427267074585,116,148,0.41353946924209595,0,0,0.009621724486351013,0.002191725419834256,19.679941177368164,0.010764801874756813,0.1799173206090927,0.02015395276248455,0.28563565015792847,16.380752563476562,0.02301042526960373,0.3319392204284668,0.013722125440835953,0.016350097954273224,18.75566864013672,0.013317822478711605,0.21478335559368134,0.024399830028414726,0.31095436215400696,15.905842781066895,0.02566940151154995,0.3456697165966034,0.005448737647384405,0.015579796396195889,24.100378036499023,0.0038901136722415686,0.07730192691087723,0.022751297801733017,0.00030562866595573723,15.816245079040527,0.02620447613298893,0.33647632598876953,20.503822326660156,0.008904669433832169,0.13829627633094788,32.983760833740234,0.0005030648317188025,19.91518211364746,0.010197224095463753,0.16569793224334717,17.10692596435547,0.01946738176047802,0.2754018008708954,16.495361328125,0.022411135956645012,0.32234987616539,19.497989654541016,0.011225378140807152,0.15439702570438385,28.94176483154297,0.0012759206583723426,18.94283103942871,0.012756065465509892,0.18220898509025574,16.59140396118164,0.021920964121818542,0.2859518229961395,15.99950885772705,0.02512170933187008,0.33309417963027954,25.5845947265625,0.0027640163898468018,0.04558460786938667,30.86637306213379,0.0008191486704163253,25.138208389282227,0.003063226817175746,0.05295276641845703
22636,279,11,356,-1,0,27.542064666748047,0.07942190021276474,22.277860641479492,0.14012129604816437,26.768644332885742,23.364959716796875,0.11654254794120789,20.481481552124023,24.068675994873047,0.069100022315979,18.149311065673828,18.097475051879883,21.662033081054688,0.16855643689632416,36.46255874633789,0.366878479719162,0.38192835450172424,356,388,0.3987659215927124,0,0,0.001761139021255076,0.002104436047375202,27.674297332763672,0.0017083241837099195,0.08856450766324997,0.005918531212955713,0.18791021406650543,21.879976272583008,0.006486380472779274,0.21473783254623413,0.004607911687344313,0.015313305892050266,25.285722732543945,0.0029609277844429016,0.1209200918674469,0.008950595743954182,0.2046583592891693,20.997087478637695,0.007948609068989754,0.22206027805805206,0.003918614704161882,0.0154971769079566,26.701351165771484,0.0021372975315898657,0.06155296415090561,0.006820193026214838,0.00022581062512472272,21.059768676757812,0.007834713906049728,0.19641005992889404,29.776288986206055,0.0010528616840019822,0.06226981058716774,37.724525451660156,0.0001688681513769552,29.24869155883789,0.0011888606240972877,0.07110773026943207,22.845333099365234,0.005193579941987991,0.16634070873260498,22.25090789794922,0.0059553771279752254,0.19416862726211548,26.971704483032227,0.002008304698392749,0.08684568107128143,30.581157684326172,0.0008747507235966623,26.61006736755371,0.002182697644457221,0.10009530186653137,22.000999450683594,0.006308124866336584,0.17700237035751343,21.468202590942383,0.007131482008844614,0.20339348912239075,29.1495361328125,0.0012163155479356647,0.042039498686790466,30.801578521728516,0.0008314617443829775,28.943115234375,0.0012755240313708782,0.049220357090234756
22877,279,11,629,-1,0,21.344676971435547,0.1970205008983612,18.296077728271484,0.22623395919799805,25.188068389892578,19.96900749206543,0.22639593482017517,17.514141082763672,24.014463424682617,0.06934081017971039,18.077219009399414,18.060958862304688,17.818490982055664,0.2189689725637436,100.0,0.41899776458740234,0.5399407148361206,629,661,0.40071189403533936,0,0,0.007337235379964113,0.003028260311111808,20.969017028808594,0.008000154979526997,0.22856350243091583,0.014804449863731861,0.2280861735343933,17.7746524810791,0.01669301465153694,0.2628672420978546,0.010071617551147938,0.015569621697068214,20.3499755859375,0.009225770831108093,0.2518217861652374,0.017724983394145966,0.23950278759002686,17.438146591186523,0.018037870526313782,0.26773908734321594,0.00396783696487546,0.015628023073077202,26.62748146057129,0.0021739620715379715,0.06829570978879929,0.01652536168694496,0.0,17.197011947631836,0.01906772516667843,0.25621992349624634,21.77933692932129,0.0066384440287947655,0.18366989493370056,33.17735290527344,0.00048113256343640387,21.200029373168945,0.007585722487419844,0.2174520492553711,18.462507247924805,0.014247848652303219,0.21637076139450073,17.848438262939453,0.0164117943495512,0.2527482509613037,21.130908966064453,0.0077074188739061356,0.1979091465473175,30.084983825683594,0.0009806221351027489,20.583736419677734,0.008742311038076878,0.2317667454481125,18.1063232421875,0.015465633012354374,0.22228455543518066,17.506725311279297,0.01775527372956276,0.26069480180740356,28.7569522857666,0.001331388484686613,0.04154372215270996,32.212806701660156,0.0006007854244671762,28.40496253967285,0.0014437888748943806,0.049489881843328476
23263,279,11,1079,-1,0,19.529979705810547,0.26507818698883057,16.322067260742188,0.30538663268089294,24.213275909423828,18.222139358520508,0.29324910044670105,15.62343692779541,22.238195419311523,0.08947882056236267,18.00499725341797,18.248069763183594,15.770261764526367,0.33839350938796997,100.0,0.49435263872146606,0.6177505850791931,1079,1111,0.47447469830513,0,0,0.011142999865114689,0.0037902905605733395,19.11007308959961,0.012274186126887798,0.3009350001811981,0.02332347445189953,0.3481828570365906,15.756359100341797,0.026568321511149406,0.3946831226348877,0.015058652497828007,0.01583070680499077,18.25653076171875,0.014939873479306698,0.32216331362724304,0.02739405445754528,0.367457777261734,15.336421966552734,0.02926562912762165,0.40526628494262695,0.005972837097942829,0.014969009906053543,23.382999420166016,0.004588809795677662,0.08512170612812042,0.026483410969376564,0.0,15.148781776428223,0.03055778332054615,0.38735413551330566,19.929922103881836,0.01016267016530037,0.24212685227394104,32.75053787231445,0.0005308188265189528,19.338794708251953,0.011644494719803333,0.2810620665550232,16.50472068786621,0.02236289344727993,0.3246583640575409,15.887097358703613,0.025780439376831055,0.37277019023895264,19.033435821533203,0.012492697685956955,0.2566387951374054,30.340789794921875,0.0009245300316251814,18.45502471923828,0.014272415079176426,0.2942141890525818,16.082475662231445,0.024646339938044548,0.34011122584342957,15.473699569702148,0.028355032205581665,0.3893510401248932,25.23131561279297,0.002998253796249628,0.05644707754254341,32.9166259765625,0.0005109018529765308,24.709646224975586,0.00338092353194952,0.06479540467262268
23475,279,11,1291,-1,0,25.7199649810791,0.09723038226366043,21.91922378540039,0.19448989629745483,25.67035675048828,22.376832962036133,0.14721152186393738,20.14205551147461,23.722827911376953,0.07447686791419983,17.94596290588379,17.989574432373047,21.065275192260742,0.11389139294624329,100.0,0.33417096734046936,0.5820071697235107,1291,1323,0.4061375856399536,0,0,0.002679190132766962,0.002709969412535429,25.727649688720703,0.0026744550559669733,0.10961150377988815,0.006428026594221592,0.12453888356685638,21.52786636352539,0.007034177426248789,0.14156772196292877,0.005785181187093258,0.016047364100813866,23.760910034179688,0.004206384066492319,0.15368951857089996,0.009678198024630547,0.15591369569301605,20.572786331176758,0.008764383383095264,0.16577450931072235,0.0042434330098330975,0.015887025743722916,26.10460090637207,0.0024521108716726303,0.06908708810806274,0.007824786938726902,0.0,20.443798065185547,0.00902860052883625,0.13334155082702637,27.169288635253906,0.0019189828308299184,0.08331980556249619,36.11572265625,0.0002445839054416865,26.62224769592285,0.0021765828132629395,0.098081074655056,22.407047271728516,0.005745070055127144,0.10518789291381836,21.799985885620117,0.006606954615563154,0.12425695359706879,25.028358459472656,0.0031416979618370533,0.10460955649614334,30.93707275390625,0.0008059215033426881,24.558019638061523,0.003501047845929861,0.12209229916334152,21.525985717773438,0.007037224713712931,0.116854727268219,20.965877532958984,0.008005939424037933,0.13504260778427124,28.261043548583984,0.0014924356946721673,0.03504829481244087,31.209884643554688,0.0007568532600998878,27.943620681762695,0.0016056023305281997,0.04190286248922348
23877,279,11,1725,-1,1,25.82509994506836,0.12192633748054504,20.439716339111328,0.2106585055589676,26.589174270629883,22.920120239257812,0.15254336595535278,19.325889587402344,24.471431732177734,0.07792912423610687,18.085317611694336,18.185041427612305,19.97702407836914,0.2754175066947937,100.0,0.4239163398742676,0.4969341456890106,1725,1757,0.41354605555534363,0,0,0.002615111181512475,0.002193221589550376,25.718624114990234,0.0026800173800438643,0.13919669389724731,0.009037090465426445,0.27903029322624207,19.959365844726562,0.01009400375187397,0.3215217590332031,0.005104908719658852,0.01554061844944954,24.560049057006836,0.003499414073303342,0.16218754649162292,0.011679142713546753,0.30250227451324463,19.54581069946289,0.011102456599473953,0.33851248025894165,0.003571552224457264,0.015187837183475494,27.485000610351562,0.0017844315152615309,0.07600578665733337,0.01005304604768753,0.0,19.35554313659668,0.011599668301641941,0.3215840458869934,27.114768981933594,0.0019432256231084466,0.10293732583522797,36.26933288574219,0.0002360840589972213,26.56421661376953,0.002205862896516919,0.1189265102148056,20.99606704711914,0.007950479164719582,0.26414749026298523,20.386634826660156,0.009148221462965012,0.30825740098953247,25.258766174316406,0.002979363314807415,0.11875636130571365,29.01205062866211,0.0012554378481581807,24.888412475585938,0.0032445830292999744,0.13758763670921326,20.327425003051758,0.009273797273635864,0.2751652002334595,19.77536392211914,0.01053085457533598,0.32152271270751953,28.86530303955078,0.0012985831126570702,0.04744529351592064,29.492284774780273,0.0011240136809647083,28.776399612426758,0.0013254400109872222,0.05442041903734207
23978,279,11,1858,-1,2,25.393451690673828,0.15144498646259308,21.604211807250977,0.1999833732843399,26.816165924072266,22.553390502929688,0.18266239762306213,20.187530517578125,24.0740966796875,0.08076678961515427,18.020288467407227,18.15901756286621,20.826539993286133,0.2655898332595825,100.0,0.4016082286834717,0.49795636534690857,1858,1890,0.4149281978607178,0,0,0.0028883833438158035,0.0020815336611121893,25.210708618164062,0.0030125142075121403,0.17521782219409943,0.006911608390510082,0.26668888330459595,21.155385971069336,0.007664104923605919,0.31367072463035583,0.005554706323891878,0.015775073319673538,23.998615264892578,0.003982342313975096,0.20278069376945496,0.009577383287250996,0.28095388412475586,20.614208221435547,0.008681188337504864,0.3185608983039856,0.0039137271232903,0.015279117040336132,26.645009994506836,0.0021652057766914368,0.08206266909837723,0.008266963064670563,0.0,20.205060958862305,0.00953880324959755,0.31339031457901,26.998899459838867,0.001995769329369068,0.13393768668174744,35.71854782104492,0.0002680064644664526,26.455881118774414,0.0022615790367126465,0.1592884510755539,22.285966873168945,0.005907497368752956,0.2542794346809387,21.678375244140625,0.006794575601816177,0.30368173122406006,24.806598663330078,0.0033062840811908245,0.15701515972614288,30.487987518310547,0.000893719436135143,24.34453773498535,0.0036774477921426296,0.18487673997879028,21.3654727935791,0.007302183657884598,0.2619709074497223,20.799236297607422,0.008319101296365261,0.31054261326789856,27.763065338134766,0.0016737607074901462,0.05812883749604225,31.99890899658203,0.000631116156000644,27.365610122680664,0.0018341676332056522,0.06990266591310501
24008,279,11,1888,-1,0,24.650449752807617,0.14716526865959167,21.584514617919922,0.21537068486213684,25.871212005615234,21.98306655883789,0.18028810620307922,19.951087951660156,23.956144332885742,0.09158200025558472,17.796016693115234,18.087934494018555,20.591293334960938,0.2529851198196411,100.0,0.37950387597084045,0.5675058960914612,1888,1920,0.4416877031326294,0,0,0.0034273224882781506,0.002587491413578391,24.48973846435547,0.003556527430191636,0.16991165280342102,0.006943021900951862,0.258027583360672,21.077268600463867,0.007803206332027912,0.30049264430999756,0.00633422564715147,0.01661110296845436,23.23016929626465,0.004753167275339365,0.1961325854063034,0.010113260708749294,0.2815760672092438,20.33521270751953,0.009257183410227299,0.3120267689228058,0.004021478816866875,0.015531253069639206,26.47673797607422,0.0022507444955408573,0.08992177248001099,0.0087271174415946,0.0,19.96981430053711,0.010069751180708408,0.2980155944824219,25.822647094726562,0.002616588957607746,0.13089893758296967,35.06081008911133,0.0003118308959528804,25.270729064941406,0.002971167443320155,0.15460911393165588,21.936443328857422,0.006402591243386269,0.246195986866951,21.324703216552734,0.0073710554279387,0.29053276777267456,24.019359588623047,0.003963364288210869,0.1452844738960266,30.28806495666504,0.0009358229581266642,23.536806106567383,0.004429140128195286,0.16823287308216095,21.031509399414062,0.007885860279202461,0.2574942111968994,20.462438583374023,0.008989927358925343,0.3005788028240204,27.868331909179688,0.0016336793778464198,0.05785785987973213,31.607425689697266,0.0006906493799760938,27.498825073242188,0.0017787610413506627,0.06614337861537933
24063,279,11,1943,-1,3,16.346485137939453,0.24095593392848969,14.138132095336914,0.3296883702278137,24.76304817199707,15.553607940673828,0.25780943036079407,13.627575874328613,21.317707061767578,0.08898439258337021,17.891265869140625,17.89910888671875,13.613296508789062,0.22624728083610535,100.0,0.41415271162986755,0.7960550785064697,1943,1975,0.4391329884529114,0,0,0.023192720487713814,0.00333960703574121,15.809196472167969,0.026247045025229454,0.2625018358230591,0.038564421236515045,0.2373306006193161,13.56229305267334,0.04403223469853401,0.2588061988353729,0.027838075533509254,0.01625075377523899,15.284041404724121,0.029620744287967682,0.27361705899238586,0.04337528720498085,0.24704238772392273,13.22658634185791,0.04757089540362358,0.26463380455970764,0.007382940500974655,0.016221432015299797,22.20174789428711,0.006023171823471785,0.0852389857172966,0.04351814463734627,0.0,12.99181842803955,0.05021324381232262,0.25005945563316345,16.521547317504883,0.022276416420936584,0.21633665263652802,31.77469253540039,0.0006645546527579427,15.917376518249512,0.02560131996870041,0.23891448974609375,14.248893737792969,0.03759332373738289,0.22510871291160583,13.633166313171387,0.043319497257471085,0.24949291348457336,15.888273239135742,0.025773458182811737,0.23559430241584778,27.834049224853516,0.0016466273227706552,15.303947448730469,0.029485277831554413,0.2612386643886566,13.87125015258789,0.0410086065530777,0.2338864803314209,13.266250610351562,0.04713840037584305,0.2603667080402374,23.484935760498047,0.0044823577627539635,0.06606542319059372,28.692110061645508,0.0013514162274077535,23.04164695739746,0.0049640410579741,0.07115340977907181
24085,279,11,1965,-1,1,15.12993335723877,0.3271183371543884,13.103547096252441,0.41479215025901794,23.39092445373535,14.331354141235352,0.35925716161727905,12.605083465576172,20.729110717773438,0.09301692992448807,17.63688087463379,17.856098175048828,12.591705322265625,0.3763197660446167,34.5550537109375,0.5759478807449341,0.7201904058456421,1965,1997,0.46493780612945557,0,0,0.030690694227814674,0.004580444190651178,14.595747947692871,0.03470765799283981,0.3669753670692444,0.048937905579805374,0.3744291067123413,12.524505615234375,0.05591772124171257,0.4171295166015625,0.036886267364025116,0.017231060191988945,13.989167213439941,0.03991014510393143,0.39946529269218445,0.05488981306552887,0.39762574434280396,12.161474227905273,0.06079285964369774,0.4359443485736847,0.008454522117972374,0.01638287678360939,21.405750274658203,0.0072347745299339294,0.09073800593614578,0.05505915358662605,0.00035034408210776746,11.973913192749023,0.06347589194774628,0.4237605333328247,15.22514820098877,0.030025150626897812,0.31551986932754517,29.416627883911133,0.0011437658686190844,14.625783920288086,0.03446844220161438,0.3600732684135437,13.2845458984375,0.04694025218486786,0.36300402879714966,12.67148208618164,0.05405697971582413,0.40820175409317017,14.519672393798828,0.03532097861170769,0.3393092751502991,26.340085983276367,0.002322691259905696,13.936439514160156,0.04039763659238815,0.38511934876441956,12.848978996276855,0.05189220607280731,0.37886273860931396,12.24600887298584,0.05962098017334938,0.422650009393692,22.49100112915039,0.005635078996419907,0.06665612757205963,28.322978973388672,0.0014713037526234984,22.023406982421875,0.00627566035836935,0.07520397007465363
24291,279,11,2171,-1,3,14.947404861450195,0.35783830285072327,11.780491828918457,0.41911670565605164,24.09409523010254,14.43993091583252,0.3910953402519226,11.49372673034668,21.98883819580078,0.10271872580051422,17.865869522094727,18.26348876953125,11.329964637756348,0.5033550262451172,100.0,0.6482834219932556,0.6465022563934326,2171,2203,0.4138989746570587,0,0,0.03200807422399521,0.0038957458455115557,14.396982192993164,0.036333050578832626,0.39999911189079285,0.06636679172515869,0.49965059757232666,11.191548347473145,0.07600553333759308,0.5641738176345825,0.035975512117147446,0.01634605973958969,14.089862823486328,0.03899542614817619,0.43050843477249146,0.07089691609144211,0.5172434449195862,11.000326156616211,0.07942686975002289,0.5777834057807922,0.006325810216367245,0.014915954321622849,23.006610870361328,0.0050042495131492615,0.09970860183238983,0.07362131774425507,0.0,10.708484649658203,0.08494767546653748,0.5735045671463013,15.053070068359375,0.031238706782460213,0.3518211841583252,31.499393463134766,0.0007080450304783881,14.444734573364258,0.03593573346734047,0.3989887535572052,11.785881042480469,0.06628448516130447,0.49132058024406433,11.169466018676758,0.07639298588037491,0.5607004761695862,14.707677841186523,0.03382456675171852,0.36556071043014526,27.194501876831055,0.0019078742479905486,14.11898422241211,0.03873482719063759,0.41534191370010376,11.611623764038086,0.06899818778038025,0.5046255588531494,11.00546932220459,0.0793328508734703,0.575886607170105,24.192180633544922,0.0038087472785264254,0.07135459035634995,28.36474609375,0.0014572205254808068,23.798099517822266,0.004170520696789026,0.08112373948097229
24325,279,11,2205,-1,1,26.659549713134766,0.12348184734582901,24.6065673828125,0.17874501645565033,26.685958862304688,23.33194351196289,0.16678152978420258,22.110403060913086,24.569074630737305,0.08902759104967117,18.06460952758789,18.073699951171875,23.69722557067871,0.09265561401844025,100.0,0.23239083588123322,0.7691569328308105,2205,2237,0.41454601287841797,0,0,0.0021579680033028126,0.002144887112081051,26.655502319335938,0.0021599805913865566,0.14276786148548126,0.0034621302038431168,0.10367203503847122,24.201982498168945,0.0038001600187271833,0.1222715973854065,0.004643074702471495,0.015614903531968594,25.29427719116211,0.0029551011975854635,0.17717990279197693,0.0061511993408203125,0.14074191451072693,23.25322914123535,0.004727997351437807,0.14756307005882263,0.0034921469632536173,0.015582244843244553,27.872447967529297,0.0016321319853886962,0.08591821044683456,0.0042685214430093765,0.0,23.075748443603516,0.004925217013806105,0.10996131598949432,27.9709415435791,0.0015955334529280663,0.10658719390630722,35.867088317871094,0.0002589948126114905,27.44449234008789,0.0018011549254879355,0.1276555210351944,25.26837921142578,0.0029727749060839415,0.08510961383581161,24.668033599853516,0.003413476748391986,0.10160903632640839,25.906545639038086,0.0025665240827947855,0.13882358372211456,28.525447845458984,0.001404285547323525,25.61405372619629,0.002745330100879073,0.16264520585536957,23.94782066345215,0.004029192961752415,0.10989172756671906,23.488595962524414,0.004478581715375185,0.13123254477977753,28.859539031982422,0.0013003078056499362,0.05688582360744476,29.31307601928711,0.0011713661951944232,28.79378318786621,0.0013201450929045677,0.06724661588668823
24886,279,11,2798,-1,0,29.633514404296875,0.08683039247989655,28.131908416748047,0.09498116374015808,28.124235153198242,24.344175338745117,0.14399150013923645,23.738744735717773,24.793582916259766,0.08263815194368362,18.048595428466797,18.088104248046875,27.16867446899414,0.08201102912425995,100.0,0.21060383319854736,0.45099446177482605,2798,2830,0.3203027844429016,0,0,0.0010880492627620697,0.0015401981072500348,29.920442581176758,0.001018487848341465,0.10170283168554306,0.0015374781796708703,0.09005676954984665,28.031408309936523,0.001573472749441862,0.10481706261634827,0.0036777532659471035,0.015672579407691956,27.369808197021484,0.0018323954427614808,0.15479373931884766,0.004227908328175545,0.13180796802043915,26.11577796936035,0.002445806981995702,0.13779908418655396,0.0033162098843604326,0.015530644915997982,28.425233840942383,0.001437066006474197,0.08186454325914383,0.0019192546606063843,0.0,26.547195434570312,0.0022145244292914867,0.09754595160484314,32.258094787597656,0.0005945527809672058,0.06921778619289398,38.55827331542969,0.00013937117182649672,31.77452278137207,0.000664580671582371,0.08473696559667587,29.594615936279297,0.0010978385107591748,0.07252927124500275,29.012887954711914,0.001255194889381528,0.08771520853042603,29.184019088745117,0.0012066966155543923,0.09104171395301819,31.399436950683594,0.0007245300221256912,28.924930572509766,0.0012808761093765497,0.11120788753032684,27.568466186523438,0.001750465133227408,0.08713400363922119,27.171661376953125,0.0019179355585947633,0.10410694032907486,30.952777862548828,0.0008030124590732157,0.03777620196342468,31.601011276245117,0.0006916698766872287,30.861108779907227,0.0008201421587727964,0.045888204127550125
25114,279,11,3058,-1,1,26.94449234008789,0.08042724430561066,21.700138092041016,0.18292690813541412,26.619033813476562,23.31402587890625,0.11561577767133713,20.21744728088379,24.708642959594727,0.06694403290748596,17.999746322631836,18.19036293029785,21.293458938598633,0.13061033189296722,100.0,0.34855911135673523,0.5248088836669922,3058,3090,0.4071139991283417,0,0,0.002020928543061018,0.00217819563113153,26.996801376342773,0.0019967337138950825,0.09260459989309311,0.006760613061487675,0.13556931912899017,21.218002319335938,0.007554396986961365,0.1550610512495041,0.004662271123379469,0.01584985852241516,25.314899444580078,0.00294110388495028,0.12024814635515213,0.009511638432741165,0.16246116161346436,20.637447357177734,0.008634860627353191,0.17355744540691376,0.0033817060757428408,0.015169238671660423,28.045879364013672,0.001568239531479776,0.062483396381139755,0.007424277253448963,0.0,20.671979904174805,0.008566473610699177,0.15083760023117065,28.38901710510254,0.0014490996254608035,0.066961869597435,36.20249938964844,0.0002397452772129327,27.864416122436523,0.0016351541271433234,0.07873115688562393,22.093534469604492,0.006175137124955654,0.12456728518009186,21.48592185974121,0.007102446164935827,0.14471612870693207,26.752151489257812,0.002112442394718528,0.08260860294103622,31.46156120300293,0.0007142397225834429,26.331008911132812,0.002327550435438752,0.09637138247489929,21.50470733642578,0.007071792148053646,0.13725575804710388,20.932228088378906,0.008068207651376724,0.15891169011592865,30.486568450927734,0.0008940111729316413,0.03712569922208786,32.34709930419922,0.0005824926774948835,30.259782791137695,0.0009419371490366757,0.043630123138427734
25218,279,11,3162,-1,1,26.51563835144043,0.07304345816373825,28.13314437866211,0.11624808609485626,28.216264724731445,22.569957733154297,0.11468280851840973,22.942350387573242,23.40268325805664,0.0726080909371376,17.948856353759766,18.029285430908203,27.01889419555664,0.035087283700704575,100.0,0.10469722747802734,1.1103262901306152,3162,3194,0.3725327253341675,0,0,0.0022306747268885374,0.0015079042641445994,26.304370880126953,0.0023418704513460398,0.0841200053691864,0.0015370419714599848,0.042806658893823624,27.647855758666992,0.0017187577905133367,0.04923013970255852,0.005533559713512659,0.016036678105592728,24.069692611694336,0.003917695954442024,0.11863956600427628,0.005078846123069525,0.07979170233011246,24.617216110229492,0.00345365097746253,0.07719071209430695,0.004568058531731367,0.01574241928756237,25.453187942504883,0.0028489266987890005,0.06865333020687103,0.0019866011571139097,0.0,26.397415161132812,0.0022922323551028967,0.040899403393268585,28.457195281982422,0.0014265289064496756,0.05511888861656189,37.980281829833984,0.00015921048179734498,27.900829315185547,0.0016215010546147823,0.06543143093585968,30.203664779663086,0.000954187591560185,0.029642172157764435,29.60397720336914,0.0010954748140648007,0.035158295184373856,25.591642379760742,0.002759534167125821,0.08255995064973831,30.48602294921875,0.0008941236883401871,25.16196060180664,0.003046520287171006,0.09838691353797913,26.35239601135254,0.0023161161225289106,0.05270703136920929,25.946504592895508,0.0025430184323340654,0.06157771870493889,27.460567474365234,0.0017944993451237679,0.044851191341876984,30.841331481933594,0.0008238853770308197,27.11343002319336,0.001943824696354568,0.05303782969713211
25222,279,11,3166,-1,1,26.473453521728516,0.0771561712026596,19.855737686157227,0.14193452894687653,28.404296875,22.980928421020508,0.11249010264873505,18.763835906982422,24.08481788635254,0.07422354072332382,18.042518615722656,18.097864151000977,19.07024574279785,0.1347818374633789,100.0,0.4373072683811188,0.32456475496292114,3166,3198,0.3551162779331207,0,0,0.0022524483501911163,0.0014440104132518172,26.240032196044922,0.0023768236860632896,0.08877424150705338,0.010337756015360355,0.14959459006786346,19.320600509643555,0.011693375185132027,0.1742502897977829,0.005033930763602257,0.015694523230195045,24.69308853149414,0.003393839579075575,0.11784367263317108,0.01329280249774456,0.1611146479845047,18.851627349853516,0.013026784174144268,0.17399069666862488,0.0039040741976350546,0.015495783649384975,26.735137939453125,0.002120734192430973,0.07248017191886902,0.01238726731389761,0.0,18.448766708374023,0.014293001033365726,0.15680386126041412,27.960865020751953,0.0015992397675290704,0.06518440693616867,37.8756217956543,0.00016309405327774584,27.39884376525879,0.0018201853381469846,0.07802234590053558,20.067331314086914,0.009846162050962448,0.13481292128562927,19.45371437072754,0.011340402998030186,0.15988600254058838,26.0190486907959,0.002500892849639058,0.08089278638362885,30.565584182739258,0.0008778932387940586,25.605751037597656,0.002750585088506341,0.09611184895038605,19.597707748413086,0.010970572009682655,0.14440475404262543,19.020301818847656,0.012530544772744179,0.17007923126220703,28.906278610229492,0.001286388491280377,0.04480462148785591,31.04029655456543,0.0007869924302212894,28.65434455871582,0.0013632187619805336,0.05308756232261658
25243,279,11,3187,-1,2,25.818466186523438,0.111458420753479,20.510578155517578,0.14261670410633087,27.3909854888916,22.265830993652344,0.15333256125450134,19.07982635498047,23.38494110107422,0.08990095555782318,18.012861251831055,18.023189544677734,19.653331756591797,0.12228915840387344,36.523681640625,0.27411967515945435,0.5202716588973999,3187,3219,0.3579862713813782,0,0,0.0026191077195107937,0.001823482452891767,25.620100021362305,0.002741511445492506,0.12405642867088318,0.008890831843018532,0.13966307044029236,20.11002540588379,0.009749844670295715,0.15455973148345947,0.0059349494986236095,0.01580207049846649,23.548795700073242,0.004416930954903364,0.15932373702526093,0.01235996838659048,0.18178525567054749,19.30811309814453,0.01172704715281725,0.19234132766723633,0.004586759023368359,0.015764525160193443,25.425569534301758,0.00286710262298584,0.08673259615898132,0.0108309555798769,0.0002226547512691468,19.043773651123047,0.012463001534342766,0.1368534117937088,27.427154541015625,0.0018083591712638736,0.09351035207509995,36.83460998535156,0.00020727129594888538,26.87255859375,0.002054680371657014,0.10899251699447632,20.70815658569336,0.008495410904288292,0.1241297721862793,20.107986450195312,0.009754417464137077,0.14010347425937653,24.897424697875977,0.003237855853512883,0.11629381775856018,29.845909118652344,0.0010361176682636142,24.465314865112305,0.003576584393158555,0.13257189095020294,19.91356086730957,0.01020103134214878,0.13957469165325165,19.344751358032227,0.011628529988229275,0.15672171115875244,27.500734329223633,0.0017779795452952385,0.04782761260867119,30.338390350341797,0.0009250409202650189,27.191484451293945,0.0019092010334134102,0.05424153059720993
25382,279,11,3326,-1,1,26.252431869506836,0.09018974006175995,22.416627883911133,0.1378449946641922,26.46730613708496,23.242616653442383,0.12868985533714294,20.932971954345703,24.836811065673828,0.06790219992399216,17.949689865112305,18.147014617919922,21.972143173217773,0.1986030638217926,100.0,0.2961934506893158,0.46538838744163513,3326,3358,0.3900296092033386,0,0,0.0023700469173491,0.002255639061331749,26.220298767089844,0.0023876482155174017,0.10390224307775497,0.005732410587370396,0.2099064737558365,21.984954833984375,0.006331470794975758,0.24672985076904297,0.004739565774798393,0.016033602878451347,25.225860595703125,0.003002022160217166,0.13706086575984955,0.00806682649999857,0.2274366021156311,21.5237979888916,0.007040771190077066,0.25563880801200867,0.0032833616714924574,0.015321404673159122,28.442527770996094,0.001431355020031333,0.06601085513830185,0.006350177340209484,0.0,21.350662231445312,0.0073271277360618114,0.2351628541946411,27.45571517944336,0.001796504482626915,0.07645763456821442,36.80508804321289,0.0002086850581690669,26.902029037475586,0.00204078434035182,0.09128021448850632,22.79163360595703,0.0052581969648599625,0.19559243321418762,22.189931869506836,0.006039581727236509,0.23409979045391083,26.11556625366211,0.002445927355438471,0.0971560925245285,29.207754135131836,0.0012001199647784233,25.787927627563477,0.0026375900488346815,0.11708113551139832,22.26546859741211,0.005935445427894592,0.20266839861869812,21.75815773010254,0.00667089456692338,0.24184823036193848,30.331607818603516,0.0009264872060157359,0.038086578249931335,29.43180274963379,0.0011397763155400753,30.48821258544922,0.0008936735684983432,0.04549306258559227
25467,279,11,3411,-1,2,26.080198287963867,0.09592407941818237,22.55710220336914,0.18466398119926453,24.946269989013672,23.30358123779297,0.12331991642713547,21.006916046142578,24.89459800720215,0.06762728840112686,18.0665225982666,18.13262176513672,21.955055236816406,0.18829086422920227,100.0,0.3598951995372772,0.5131048560142517,3411,3443,0.48002445697784424,0,0,0.0024659268092364073,0.0032016432378441095,26.284259796142578,0.002352739917114377,0.10836812853813171,0.0055499617010355,0.19846712052822113,22.187931060791016,0.006042366847395897,0.22997918725013733,0.004673497751355171,0.015608021058142185,25.241453170776367,0.002991263521835208,0.13112401962280273,0.00793064571917057,0.21800240874290466,21.701034545898438,0.006759219337254763,0.24365809559822083,0.003239965997636318,0.015372266992926598,28.62184715270996,0.0013734583044424653,0.06698103249073029,0.006375208031386137,0.0,21.33357810974121,0.007356009446084499,0.2211555391550064,27.839982986450195,0.001644378760829568,0.0831957459449768,34.80012512207031,0.0003311214386485517,27.336700439453125,0.001846418366767466,0.09748002141714096,23.167346954345703,0.004822421818971634,0.18301880359649658,22.57155990600586,0.005531517788767815,0.2154940962791443,26.003379821777344,0.0025099327322095633,0.1020984798669815,28.670963287353516,0.0013580122031271458,25.707077026367188,0.002687151776626706,0.11975355446338654,22.335559844970703,0.005840416997671127,0.19586430490016937,21.839298248291016,0.006547416560351849,0.2301234006881714,29.728240966796875,0.0010645746951922774,0.04282740503549576,29.164505004882812,0.0012121307663619518,29.821849822998047,0.001041873823851347,0.05162603780627251
25657,279,11,3633,-1,2,25.98444175720215,0.0804377943277359,22.832626342773438,0.12105852365493774,27.44554901123047,22.479639053344727,0.1226414144039154,20.709970474243164,23.643037796020508,0.08599048107862473,18.012359619140625,17.83846664428711,21.877117156982422,0.0648651048541069,100.0,0.18519337475299835,0.6536871194839478,3633,3665,0.3843446373939514,0,0,0.0025209018494933844,0.0018007161561399698,25.797637939453125,0.002631699899211526,0.08814143389463425,0.005208794493228197,0.08046036958694458,22.402551651000977,0.005751022603362799,0.09043694287538528,0.005649839527904987,0.01580389216542244,23.88523292541504,0.0040876781567931175,0.12424478679895401,0.008491866290569305,0.11554550379514694,21.35767364501953,0.007315308321267366,0.1195913702249527,0.004322113003581762,0.01644952781498432,26.09708595275879,0.0024563572369515896,0.08331772685050964,0.006490651518106461,0.0,21.255638122558594,0.00748921325430274,0.07614795118570328,27.256771087646484,0.0018807158339768648,0.06653250753879547,37.734336853027344,0.00016848690574988723,26.68747901916504,0.002144135534763336,0.077754445374012,23.125219345092773,0.004869428463280201,0.06328584253787994,22.517581939697266,0.005600696429610252,0.0761331245303154,25.065277099609375,0.0031151031143963337,0.08793014287948608,29.810672760009766,0.0010445588268339634,24.642440795898438,0.0034336482640355825,0.09819749742746353,22.181884765625,0.006050783209502697,0.08415409177541733,21.652618408203125,0.006834997329860926,0.09784555435180664,28.012754440307617,0.0015802461421117187,0.0472973957657814,30.192943572998047,0.0009565460495650768,27.75674057006836,0.0016762000741437078,0.05391784757375717
25740,279,11,3716,-1,1,26.196285247802734,0.11566753685474396,21.07895278930664,0.17693619430065155,25.862295150756836,23.442806243896484,0.1495339721441269,19.999544143676758,24.87543487548828,0.0689348578453064,18.140708923339844,18.212230682373047,20.773273468017578,0.23793035745620728,100.0,0.37362486124038696,0.4735664427280426,3716,3748,0.4227687120437622,0,0,0.0024008865002542734,0.002592808334156871,26.25002670288086,0.002371360082179308,0.1360716074705124,0.00780018325895071,0.24451404809951782,20.65392303466797,0.008602168411016464,0.2925991714000702,0.004526049364358187,0.01534366887062788,25.43360710144043,0.0028618003707379103,0.16765572130680084,0.010001054964959621,0.2579764127731323,20.377140045166016,0.009168240241706371,0.3016454875469208,0.00325429136864841,0.015093046240508556,28.437707901000977,0.0014329444384202361,0.06585954129695892,0.00836898386478424,0.0,20.15179443359375,0.009656519629061222,0.28800323605537415,27.69580078125,0.0016998860519379377,0.1042725220322609,32.20298385620117,0.0006021456210874021,27.284446716308594,0.001868769177235663,0.12673544883728027,21.498071670532227,0.007082603871822357,0.22713309526443481,20.899127960205078,0.008129938505589962,0.27632784843444824,26.1299991607666,0.0024378111120313406,0.121194027364254,27.750240325927734,0.0016787115018814802,25.92677879333496,0.002554595936089754,0.14535439014434814,20.99488067626953,0.007952656596899033,0.23793694376945496,20.467552185058594,0.008979346603155136,0.2905544638633728,29.678787231445312,0.0010767662897706032,0.0410982109606266,29.345521926879883,0.001162646571174264,29.732406616210938,0.001063553849235177,0.04780609905719757
26018,279,11,4026,-1,3,24.936063766479492,0.11516375094652176,19.35902214050293,0.17229381203651428,28.318368911743164,21.864356994628906,0.15864510834217072,18.162044525146484,23.182910919189453,0.091107077896595,18.23695945739746,18.2229061126709,18.30268096923828,0.16596990823745728,100.0,0.3359163999557495,0.5129067897796631,4026,4058,0.3598019480705261,0,0,0.003209176706150174,0.0014728652313351631,24.588825225830078,0.003476301673799753,0.13022364675998688,0.011590379290282726,0.17154672741889954,18.82921028137207,0.01309419795870781,0.1965646743774414,0.006509748287498951,0.015007350593805313,22.837942123413086,0.005202425178140402,0.16647085547447205,0.015268472023308277,0.19706611335277557,18.15431022644043,0.015295688062906265,0.21340897679328918,0.0048051695339381695,0.015055992640554905,24.910505294799805,0.003228119807317853,0.08838650584220886,0.014781958423554897,0.0,17.681201934814453,0.01705610565841198,0.19103677570819855,26.12504768371582,0.002440592972561717,0.08936939388513565,37.677425384521484,0.00017070946341846138,25.544261932373047,0.0027898058760911226,0.10343049466609955,19.417871475219727,0.011434388346970081,0.15455958247184753,18.80377197265625,0.013171125203371048,0.17954982817173004,24.03734016418457,0.003946991171687841,0.11511750519275665,31.505815505981445,0.0007069981656968594,23.520841598510742,0.004445451311767101,0.13368864357471466,18.8371639251709,0.0130702443420887,0.16975145041942596,18.244226455688477,0.014982265420258045,0.1977207213640213,26.90966033935547,0.0020372013095766306,0.051227543503046036,32.16632080078125,0.0006072508986108005,26.464311599731445,0.002257193671539426,0.059327490627765656
26076,279,11,4084,-1,1,20.338207244873047,0.16199512779712677,19.344816207885742,0.2301965206861496,23.038175582885742,19.03080177307129,0.19923818111419678,18.253684997558594,23.36852264404297,0.08208240568637848,17.763025283813477,18.14545440673828,18.651762008666992,0.14247004687786102,25.271575927734375,0.25790858268737793,0.8925508260726929,4084,4116,0.4015309512615204,0,0,0.009250803850591183,0.004968011751770973,20.039396286010742,0.009909695945680141,0.1822248250246048,0.01162835955619812,0.15344175696372986,18.958560943603516,0.01270995568484068,0.16927626729011536,0.012500284239649773,0.016737768426537514,19.263416290283203,0.01184836309403181,0.2135971337556839,0.014949667267501354,0.18014872074127197,18.320466995239258,0.01472154539078474,0.1912086009979248,0.004604131914675236,0.015326905995607376,25.29520034790039,0.00295447395183146,0.07770629227161407,0.013640295714139938,0.0029705886263400316,18.15825653076172,0.015281789936125278,0.16379527747631073,20.460817337036133,0.008993282914161682,0.14303697645664215,25.316741943359375,0.002939855679869652,20.032880783081055,0.009924578480422497,0.1664564609527588,19.42136001586914,0.011425205506384373,0.13361622393131256,18.953182220458984,0.012725702486932278,0.1525159478187561,19.855350494384766,0.0103386752307415,0.16198937594890594,24.48107147216797,0.0035636317916214466,19.438201904296875,0.011380988173186779,0.18481111526489258,18.932321548461914,0.012786976993083954,0.15176770091056824,18.473493576049805,0.014211856760084629,0.1720486432313919,27.559288024902344,0.0017541685374453664,0.04752839356660843,31.02075958251953,0.0007905401289463043,27.206937789916992,0.001902419258840382,0.05579652264714241
26105,279,11,4113,-1,2,25.504247665405273,0.09634074568748474,22.682201385498047,0.1472480595111847,27.42194366455078,22.03106689453125,0.13786247372627258,20.49294662475586,22.972732543945312,0.08152042329311371,18.09838104248047,18.233491897583008,21.488630294799805,0.07137497514486313,100.0,0.21142907440662384,0.6964418888092041,4113,4145,0.3603411614894867,0,0,0.0028156274929642677,0.0018105293856933713,25.27206039428711,0.0029702577739953995,0.10983788967132568,0.0053923726081848145,0.09020334482192993,22.251108169555664,0.005955101922154427,0.10206739604473114,0.006264600902795792,0.01549394242465496,23.147327423095703,0.004844702314585447,0.14167311787605286,0.008926996029913425,0.125129833817482,20.996868133544922,0.007949011400341988,0.12758280336856842,0.00504344142973423,0.01501933578401804,24.548551559448242,0.00350868864916265,0.07773559540510178,0.007098018191754818,0.0,20.867149353027344,0.00819002091884613,0.08333691209554672,27.18229103088379,0.001913246582262218,0.07795579731464386,37.387451171875,0.00018249683489557356,26.61640167236328,0.0021795157808810472,0.09092269837856293,23.243112564086914,0.0047390214167535305,0.06812348961830139,22.634374618530273,0.0054520838893949986,0.08089704066514969,24.757387161254883,0.0033439609687775373,0.10084109753370285,31.142194747924805,0.0007687422330491245,24.27111053466797,0.003740148851647973,0.11523383855819702,22.02261734008789,0.006276801228523254,0.09281815588474274,21.468807220458984,0.007130492944270372,0.1090388149023056,26.843849182128906,0.002068307949230075,0.05101485550403595,31.228004455566406,0.0007537018391303718,26.438678741455078,0.002270555356517434,0.0593842975795269
26109,279,11,4117,-1,2,26.003808975219727,0.08844149857759476,23.909719467163086,0.13696329295635223,27.803184509277344,22.57979393005371,0.12999096512794495,21.386690139770508,23.600461959838867,0.08340496569871902,18.241283416748047,18.20450210571289,22.813739776611328,0.07471925765275955,100.0,0.25729814171791077,0.5323135852813721,4117,4149,0.3536480665206909,0,0,0.0025096838362514973,0.00165837025269866,25.782882690429688,0.0026406552642583847,0.10293298959732056,0.004064697772264481,0.08335372060537338,23.51895523071289,0.004447381943464279,0.09671787917613983,0.005521037150174379,0.014992416836321354,23.91057014465332,0.004063901491463184,0.1353369653224945,0.00726659782230854,0.12198852002620697,22.171772003173828,0.006064890883862972,0.12822610139846802,0.004364694934338331,0.01511993445456028,25.67024040222168,0.0027100429870188236,0.0845937430858612,0.005231499206274748,0.0,22.1922607421875,0.0060363453812897205,0.08828526735305786,27.55264663696289,0.0017568522598594427,0.06911507248878479,38.06070327758789,0.0001562894758535549,26.98299217224121,0.0020030925516039133,0.08198006451129913,24.74573516845703,0.0033529463689774275,0.07352294772863388,24.144271850585938,0.0038509934674948454,0.08700214326381683,25.24711799621582,0.002987364772707224,0.09356313943862915,31.053707122802734,0.0007845658110454679,24.78044319152832,0.003326257225126028,0.10937734693288803,23.30941390991211,0.004667224828153849,0.09249702095985413,22.777156829833984,0.005275750998407602,0.10941903293132782,27.7479190826416,0.001679608947597444,0.050813332200050354,31.477436065673828,0.0007116334745660424,27.378982543945312,0.0018285284750163555,0.060950733721256256
26151,279,11,4159,-1,0,23.67763328552246,0.10102442651987076,24.432584762573242,0.24161076545715332,26.929718017578125,21.39976692199707,0.13888989388942719,21.910696029663086,23.87198257446289,0.07344955205917358,18.16119384765625,18.223854064941406,23.806182861328125,0.059307266026735306,100.0,0.22931595146656036,1.0536152124404907,4159,4191,0.4018632769584656,0,0,0.004287822172045708,0.0020278156735002995,23.339019775390625,0.004635515622794628,0.11616627126932144,0.0036036409437656403,0.07402033358812332,24.16902732849121,0.003829106455668807,0.08130621910095215,0.0072447494603693485,0.015271461568772793,22.211349487304688,0.006009871140122414,0.14686095714569092,0.006440662778913975,0.10531733930110931,22.908533096313477,0.005118546076118946,0.10503694415092468,0.004100168589502573,0.015052714385092258,26.17053985595703,0.0024151611141860485,0.0692567452788353,0.004162764176726341,0.0,23.184703826904297,0.004803189542144537,0.0674046128988266,24.59952163696289,0.003467752132564783,0.0826028436422348,37.13441467285156,0.00019344537577126175,24.010465621948242,0.0039714910089969635,0.09706815332174301,25.72315216064453,0.0026772250421345234,0.05524453520774841,25.152259826660156,0.0030533333774656057,0.06291059404611588,23.345918655395508,0.004628157243132591,0.10667014122009277,30.11161994934082,0.0009746261639520526,22.848127365112305,0.005190239287912846,0.12476333975791931,24.274566650390625,0.0037371739745140076,0.07441213726997375,23.80988311767578,0.0041592177003622055,0.0845208391547203,28.422344207763672,0.0014380222419276834,0.045901041477918625,30.23691177368164,0.0009469104115851223,28.199954986572266,0.001513577881269157,0.05412376672029495
26348,279,11,4388,-1,2,24.143360137939453,0.14950835704803467,18.907344818115234,0.19779734313488007,27.34243392944336,21.267959594726562,0.19368799030780792,17.800081253051758,22.701641082763672,0.09496304392814636,18.11739158630371,18.235919952392578,18.03872299194336,0.20033487677574158,36.523681640625,0.4598176181316376,0.43016478419303894,4388,4420,0.42277270555496216,0,0,0.003851803485304117,0.0018439824925735593,23.80833625793457,0.004160699434578419,0.17206880450248718,0.012860726565122604,0.20536679029464722,18.412803649902344,0.014411850832402706,0.23278877139091492,0.007467996329069138,0.015426271595060825,22.045616149902344,0.006243646610528231,0.20733889937400818,0.016595561057329178,0.2423652857542038,17.762325286865234,0.0167404618114233,0.26546430587768555,0.005368290934711695,0.015010950155556202,24.10630989074707,0.0038848049007356167,0.09397757798433304,0.015708252787590027,0.0002226547512691468,17.425458908081055,0.01809065230190754,0.2293129861354828,25.473541259765625,0.0028356064576655626,0.12579846382141113,37.221920013427734,0.00018958686268888414,24.890953063964844,0.0032426866237074137,0.14693622291088104,19.04402732849121,0.012462275102734566,0.19064396619796753,18.431127548217773,0.014351163059473038,0.22071802616119385,23.26103973388672,0.004719501826912165,0.15167422592639923,30.927257537841797,0.0008077452657744288,22.73981475830078,0.005321310367435217,0.17476828396320343,18.332901000976562,0.014679457060992718,0.21313044428825378,17.73756217956543,0.016836190596222878,0.24403250217437744,25.986955642700195,0.002519442467018962,0.056624993681907654,31.971572875976562,0.0006351007614284754,25.51395606994629,0.002809341298416257,0.06537418067455292
26410,279,11,4450,-1,0,23.845237731933594,0.12468530237674713,21.633785247802734,0.15608419477939606,28.61494255065918,21.22016716003418,0.16440218687057495,19.74209213256836,22.756507873535156,0.08902377635240555,18.4271297454834,18.358766555786133,20.438173294067383,0.12030074000358582,33.2064094543457,0.2771237790584564,0.5632291436195374,4450,4482,0.41834697127342224,0,0,0.004125494975596666,0.0013756429543718696,23.42127227783203,0.004548549186438322,0.1414186805486679,0.0068647004663944244,0.13791926205158234,21.173648834228516,0.007631942629814148,0.15735484659671783,0.007550633978098631,0.014364388771355152,21.86928939819336,0.006502363830804825,0.17230907082557678,0.010611837729811668,0.1717989146709442,20.013029098510742,0.009970045648515224,0.1801098883152008,0.005300898104906082,0.014592288993299007,24.121261596679688,0.0038714539259672165,0.08411689102649689,0.009040295146405697,0.00047792421537451446,19.847415924072266,0.010357582941651344,0.1394869089126587,25.051328659057617,0.0031251241452991962,0.10032083839178085,36.9307746887207,0.00020273210247978568,24.467578887939453,0.003574722446501255,0.11569755524396896,22.22563934326172,0.0059901271015405655,0.11536535620689392,21.658626556396484,0.006825548131018877,0.13337993621826172,23.14021873474121,0.004852640442550182,0.1262243688106537,31.394453048706055,0.0007253617513924837,22.606170654296875,0.005487605929374695,0.14518555998802185,20.990772247314453,0.007960178889334202,0.13796477019786835,20.451154708862305,0.00901331938803196,0.15855354070663452,26.20102882385254,0.002398265292868018,0.05032571032643318,31.748748779296875,0.0006685367552563548,25.744041442871094,0.002664377214387059,0.05893581360578537
26457,279,11,4497,-1,3,22.236082077026367,0.17451119422912598,18.219463348388672,0.17319008708000183,26.656763076782227,20.589828491210938,0.19757159054279327,17.42684555053711,24.126272201538086,0.06922560930252075,18.2058048248291,18.31588363647461,17.838520050048828,0.1721072643995285,100.0,0.2997473180294037,0.577786922454834,4497,4529,0.4523121416568756,0,0,0.0059757414273917675,0.002159352647140622,21.829055786132812,0.006562878843396902,0.2024172991514206,0.015067927539348602,0.185555100440979,17.661338806152344,0.0171342920511961,0.21317216753959656,0.008730058558285236,0.015115395188331604,21.108272552490234,0.007747699972242117,0.21887196600437164,0.018084881827235222,0.21097299456596375,17.314727783203125,0.018557827919721603,0.23248465359210968,0.003866988467052579,0.014737086370587349,26.586318969726562,0.0021946660708636045,0.06402982771396637,0.016449321061372757,0.0,17.217041015625,0.018979987129569054,0.20323039591312408,22.63232421875,0.005454658530652523,0.15787631273269653,33.815181732177734,0.0004154148045927286,22.0551700592041,0.0062299263663589954,0.18917299807071686,18.23029899597168,0.015030384063720703,0.16947153210639954,17.616943359375,0.017310336232185364,0.20001879334449768,21.97835922241211,0.006341093219816685,0.1749798059463501,30.076019287109375,0.0009826483437791467,21.447553634643555,0.007165468763560057,0.20681452751159668,17.95684242248535,0.01600721664726734,0.1894746869802475,17.363658905029297,0.01834992505609989,0.22289979457855225,28.63031005859375,0.0013707848265767097,0.04354347288608551,31.191909790039062,0.0007599922828376293,28.342357635498047,0.0014647530624642968,0.04997464641928673
26541,279,11,4581,-1,3,24.573667526245117,0.11668340861797333,21.70778465270996,0.14490050077438354,26.510204315185547,21.536447525024414,0.1679764688014984,19.847225189208984,22.806434631347656,0.09106509387493134,18.16387367248535,18.19087791442871,20.498868942260742,0.09968240559101105,100.0,0.27792224287986755,0.5213706493377686,4581,4613,0.4265683889389038,0,0,0.0034884579945355654,0.002233466599136591,24.33971405029297,0.003681533969938755,0.13406354188919067,0.006748722866177559,0.10941843688488007,21.326292037963867,0.007368358317762613,0.12124592810869217,0.007020293734967709,0.015262042172253132,22.401561737060547,0.005752331577241421,0.18141238391399384,0.010358038358390331,0.14587782323360443,20.157251358032227,0.009644394740462303,0.1518680304288864,0.005240303929895163,0.015167437493801117,24.302690505981445,0.003713051788508892,0.08929021656513214,0.008914832957088947,0.0,19.87738800048828,0.010286346077919006,0.1144014298915863,25.942779541015625,0.0025452016852796078,0.10239048302173615,35.37290954589844,0.0002902081178035587,25.38783073425293,0.002892123768106103,0.11966408044099808,22.26609992980957,0.005934579763561487,0.09207840263843536,21.668418884277344,0.006810172460973263,0.10693903267383575,23.756423950195312,0.004210733808577061,0.13043299317359924,30.466814041137695,0.0008980876882560551,23.260238647460938,0.004720372147858143,0.1505998969078064,21.101634979248047,0.007759551052004099,0.11861065775156021,20.545015335083008,0.008820611983537674,0.13563448190689087,26.227691650390625,0.002383587183430791,0.0564088374376297,30.18524932861328,0.000958241696935147,25.84547233581543,0.002602871274575591,0.06456012278795242
26571,279,11,4611,-1,1,25.256624221801758,0.09988732635974884,23.806869506835938,0.13743896782398224,27.557674407958984,22.005653381347656,0.1398099958896637,21.175806045532227,23.00925064086914,0.09891247004270554,18.306640625,18.1794376373291,22.57139015197754,0.07924746721982956,100.0,0.23712120950222015,0.5796148180961609,4611,4643,0.34731361269950867,0,0,0.0029808320105075836,0.0017548209289088845,24.990161895751953,0.0031694492790848017,0.1132683977484703,0.004162104334682226,0.09885840117931366,23.378007888793945,0.0045940871350467205,0.11236809194087982,0.006301367189735174,0.014768479391932487,23.01140022277832,0.004998734686523676,0.14819860458374023,0.007628155872225761,0.13685275614261627,21.84811019897461,0.006534147541970015,0.1400715559720993,0.005001209210604429,0.015207452699542046,24.645769119262695,0.0034310179762542248,0.09690303355455399,0.005531733855605125,0.0,21.949909210205078,0.006382769905030727,0.09269637614488602,26.889122009277344,0.0020468588918447495,0.08619122207164764,38.02139663696289,0.00015771038306411356,26.312488555908203,0.002337497193366289,0.10163577646017075,24.885940551757812,0.0032464303076267242,0.0786421075463295,24.279083251953125,0.003733288962393999,0.0921284630894661,24.463804244995117,0.0035778298042714596,0.11124645918607712,31.76620101928711,0.0006658555939793587,23.95145034790039,0.0040258257649838924,0.13063308596611023,23.14570426940918,0.004846513736993074,0.09599478542804718,22.598796844482422,0.005496931727975607,0.11129353195428848,26.84339141845703,0.0020685256458818913,0.0562698096036911,32.217750549316406,0.0006001021829433739,26.393239974975586,0.002294437261298299,0.06431892514228821
26696,305,11,21,-1,1,27.50786018371582,0.11765321344137192,23.9760799407959,0.18178816139698029,26.554479598999023,23.837188720703125,0.1570166051387787,22.032957077026367,24.87762451171875,0.0813891664147377,18.060291290283203,18.276927947998047,23.337629318237305,0.21152502298355103,100.0,0.333188533782959,0.545601487159729,21,53,0.326698362827301,0,0,0.001775064505636692,0.002210813807323575,27.67505645751953,0.0017080261604860425,0.1382295787334442,0.0040030586533248425,0.2145664095878601,23.601139068603516,0.004364013671875,0.25300273299217224,0.004133149981498718,0.015630431473255157,26.26290512084961,0.0023643372114747763,0.17234034836292267,0.006261875387281179,0.24038484692573547,23.110963821411133,0.004885439295321703,0.2706648111343384,0.0032526536379009485,0.014869865961372852,28.340469360351562,0.0014653903199359775,0.08018003404140472,0.004636999685317278,0.0,22.716150283813477,0.005350383929908276,0.2535755932331085,29.725847244262695,0.0010651610791683197,0.10319819301366806,36.43532943725586,0.00022723084839526564,29.229690551757812,0.0011940734693780541,0.12306519597768784,24.837949752807617,0.0032825034577399492,0.19716285169124603,24.243637084960938,0.003763884538784623,0.23551401495933533,27.38317108154297,0.0018267666455358267,0.12668481469154358,31.04317855834961,0.000786470016464591,27.0184326171875,0.0019868123345077038,0.1518789827823639,23.860321044921875,0.004111192654818296,0.21281684935092926,23.329708099365234,0.004645464010536671,0.2554459571838379,29.96183204650879,0.001008827704936266,0.0497625470161438,31.64325714111328,0.000684974598698318,29.752471923828125,0.0010586512507870793,0.060227710753679276
26992,305,11,317,-1,1,26.408679962158203,0.09021362662315369,21.31463050842285,0.15923812985420227,26.555078506469727,22.77949333190918,0.12049973756074905,19.909469604492188,23.80467414855957,0.07525912672281265,18.03878402709961,18.117528915405273,20.50524139404297,0.10993136465549469,100.0,0.36372312903404236,0.43780040740966797,317,349,0.39636513590812683,0,0,0.0022862942423671484,0.0022105094976723194,26.386587142944336,0.0022979537025094032,0.10192470997571945,0.007388171274214983,0.12739776074886322,20.906030654907227,0.008117025718092918,0.14301931858062744,0.005272914655506611,0.01570802368223667,24.356285095214844,0.00366751360706985,0.12657368183135986,0.010210641659796238,0.15755745768547058,20.29811668395996,0.009336594492197037,0.16618238389492035,0.0041642095893621445,0.01542577613145113,26.140972137451172,0.0024316608905792236,0.07176364213228226,0.008901759050786495,0.0,19.88376235961914,0.01027125958353281,0.127926304936409,28.505735397338867,0.0014106736052781343,0.07058288156986237,36.906192779541016,0.0002038828970398754,27.968765258789062,0.0015963338082656264,0.08252071589231491,21.880388259887695,0.006485763471573591,0.1081559807062149,21.27251434326172,0.007460168097168207,0.12638884782791138,25.61436653137207,0.002745133126154542,0.08925498276948929,30.227481842041016,0.0009489682852290571,25.197826385498047,0.0030214658472687006,0.10293635725975037,21.003128051757812,0.007937563583254814,0.1239008903503418,20.439308166503906,0.009037934243679047,0.1444646120071411,27.863147735595703,0.0016356311971321702,0.039810873568058014,31.050060272216797,0.0007852250128053129,27.528955459594727,0.0017664630431681871,0.04600433260202408
27023,305,11,348,-1,0,26.372804641723633,0.11434018611907959,23.174951553344727,0.15821252763271332,26.688251495361328,23.360824584960938,0.14311791956424713,21.37811279296875,24.73430824279785,0.06476388871669769,18.15991973876953,18.138099670410156,22.9476318359375,0.17268431186676025,100.0,0.3530430495738983,0.448139488697052,348,380,0.45687949657440186,0,0,0.0023052580654621124,0.002143754158169031,26.32624626159668,0.002330105286091566,0.13079734146595,0.004813986364752054,0.18750746548175812,22.784770965576172,0.00526650995016098,0.2165728211402893,0.00461230194196105,0.015275944955646992,25.2698917388916,0.0029717409051954746,0.15334536135196686,0.007280962076038122,0.20560552179813385,22.201129913330078,0.006024030037224293,0.22853663563728333,0.0033617799635976553,0.015352888032793999,28.190162658691406,0.0015169942053034902,0.06130930036306381,0.005072674248367548,0.0,22.326152801513672,0.005853085778653622,0.20353475213050842,28.10833740234375,0.001545846345834434,0.09439554065465927,36.17020797729492,0.000241534537053667,27.578289031982422,0.0017465096898376942,0.11121024191379547,24.0499267578125,0.003935570362955332,0.17181101441383362,23.448257446289062,0.004520372487604618,0.20247340202331543,26.448705673217773,0.002265319926664233,0.11530527472496033,29.801694869995117,0.001046719728037715,26.10338592529297,0.002452796557918191,0.13558726012706757,23.232208251953125,0.0047509376890957355,0.1817263513803482,22.712974548339844,0.005354299675673246,0.2137330174446106,30.203975677490234,0.0009541186154820025,0.04130071401596069,30.74478530883789,0.0008424058905802667,30.126441955566406,0.0009713052422739565,0.04885633662343025
27137,305,11,462,-1,2,25.17575454711914,0.10384389758110046,21.077489852905273,0.22291894257068634,26.3364200592041,22.625123977661133,0.14114214479923248,19.954696655273438,24.780269622802734,0.06546532362699509,18.151033401489258,18.19464683532715,20.534786224365234,0.19672060012817383,100.0,0.43640828132629395,0.5108036398887634,462,494,0.41495808959007263,0,0,0.0030368578154593706,0.002324652625247836,25.021821975708008,0.0031464279163628817,0.12085577100515366,0.0078028119169175625,0.2111712098121643,20.656158447265625,0.008597739972174168,0.24383236467838287,0.00546371191740036,0.015307232737541199,24.034770965576172,0.0039493246003985405,0.15494117140769958,0.010104863904416561,0.22901906073093414,20.34130859375,0.009244199842214584,0.2562236487865448,0.003326389705762267,0.015154283493757248,28.21969223022461,0.0015067138010635972,0.06301000714302063,0.008841405622661114,0.0,19.913307189941406,0.010201621800661087,0.23190462589263916,26.359052658081055,0.0023125691805034876,0.09061457961797714,36.4598274230957,0.00022595262271352112,25.794523239135742,0.0026335869915783405,0.11019758880138397,21.58380126953125,0.0069441660307347775,0.19349254667758942,20.97607421875,0.00798716489225626,0.22744566202163696,24.830753326416016,0.0032879472710192204,0.10875412076711655,28.976003646850586,0.0012659005587920547,24.438142776489258,0.003599031362682581,0.13045629858970642,20.96614646911621,0.008005443029105663,0.20086467266082764,20.433822631835938,0.00904935784637928,0.23667201399803162,29.470746994018555,0.001129601732827723,0.040806908160448074,29.198610305786133,0.0012026493204757571,29.514171600341797,0.0011183636961504817,0.04720449447631836
27411,305,11,768,-1,1,24.85284996032715,0.12704259157180786,21.960769653320312,0.14869093894958496,27.332353591918945,22.438385009765625,0.16246291995048523,20.57061767578125,24.9538631439209,0.05778160318732262,17.911760330200195,18.059389114379883,21.4829158782959,0.16661714017391205,100.0,0.26467186212539673,0.5617935061454773,768,800,0.39105114340782166,0,0,0.003271260531619191,0.0018482668092474341,24.571517944335938,0.0034901828039437532,0.1465919464826584,0.006366831716150045,0.17468902468681335,21.470930099487305,0.007127004209905863,0.20428349077701569,0.0057037631049752235,0.01617424003779888,23.879669189453125,0.004092920571565628,0.17086471617221832,0.008768762461841106,0.19653356075286865,21.10040283203125,0.007761756423860788,0.2150108963251114,0.003196052508428693,0.015633678063750267,28.9191837310791,0.0012825715821236372,0.04993986338376999,0.0071073612198233604,0.0,20.86143684387207,0.00820080190896988,0.19912151992321014,25.23678207397461,0.0029944838024675846,0.11403786391019821,35.99347686767578,0.0002515664091333747,24.664222717285156,0.0034164711833000183,0.13388416171073914,22.03607940673828,0.0062573752366006374,0.16242964565753937,21.430034637451172,0.007194432429969311,0.19393157958984375,24.46088981628418,0.0035802307538688183,0.12462079524993896,29.785097122192383,0.0010507284896448255,24.012767791748047,0.003969385288655758,0.14513447880744934,21.657047271728516,0.006828031037002802,0.16621315479278564,21.111604690551758,0.0077417585998773575,0.19738781452178955,30.905906677246094,0.00081172602949664,0.02670317329466343,30.547874450683594,0.0008814803441055119,30.96370506286621,0.0008009945740923285,0.031436625868082047
27444,305,11,801,-1,2,23.29523277282715,0.11393511295318604,19.437137603759766,0.17215877771377563,27.924577713012695,20.865203857421875,0.1596565991640091,18.10647201538086,23.070404052734375,0.08529724925756454,18.110010147094727,18.06290054321289,18.303020477294922,0.16313239932060242,100.0,0.3162183463573456,0.5444300770759583,801,833,0.3803943693637848,0,0,0.004682489670813084,0.001612657681107521,22.877904891967773,0.005154771730303764,0.12974689900875092,0.011383780278265476,0.18338827788829803,18.880041122436523,0.012941839173436165,0.21350888907909393,0.00819368939846754,0.015452507883310318,21.501541137695312,0.007076948415488005,0.17293916642665863,0.015465105883777142,0.19279128313064575,18.11227798461914,0.015444445423781872,0.20930466055870056,0.004931280389428139,0.015621033497154713,24.8323974609375,0.0032867025583982468,0.085444875061512,0.014780803583562374,0.0,17.681541442871094,0.01705477200448513,0.19243022799491882,23.969114303588867,0.004009487573057413,0.09582334011793137,37.65304946899414,0.0001716703554848209,23.37249755859375,0.004599920939654112,0.11272701621055603,19.372289657592773,0.011555030010640621,0.1667284071445465,18.756832122802734,0.013314252719283104,0.19623875617980957,22.497535705566406,0.00562660675495863,0.12455551326274872,30.123872756958008,0.0009718802175484598,21.977245330810547,0.006342718843370676,0.1471249908208847,18.69329071044922,0.013510490767657757,0.17024919390678406,18.10974884033203,0.015453437343239784,0.20031356811523438,26.877643585205078,0.0020522759296000004,0.043877072632312775,30.609840393066406,0.0008689923561178148,26.508548736572266,0.0022343192249536514,0.05273757502436638
27511,305,11,868,-1,1,21.722702026367188,0.2546709477901459,18.240367889404297,0.1980791538953781,25.561208724975586,20.14522361755371,0.28921887278556824,17.427921295166016,24.411090850830078,0.07419933378696442,17.782987594604492,17.84161376953125,17.885622024536133,0.20732107758522034,100.0,0.3455394208431244,0.5732461810112,868,900,0.31036514043807983,0,0,0.006725580431520939,0.0027789389714598656,21.347328186035156,0.007332755718380213,0.2895589768886566,0.014995577745139599,0.2258162945508957,17.695323944091797,0.01700073480606079,0.2553187310695648,0.009671139530837536,0.016661006957292557,20.657150268554688,0.008595774881541729,0.3234894275665283,0.018080394715070724,0.24401190876960754,17.36318588256836,0.01835191808640957,0.2653382122516632,0.0036215197760611773,0.016437610611319542,27.825651168823242,0.0016498137265443802,0.07390983402729034,0.01627187989652157,0.0,17.264142990112305,0.018775245174765587,0.23700246214866638,21.90789794921875,0.006444815546274185,0.23292618989944458,34.3510627746582,0.00036719258059747517,21.319534301757812,0.007379835471510887,0.2681700587272644,18.15831184387207,0.015281600877642632,0.21226952970027924,17.545740127563477,0.017596490681171417,0.23990757763385773,21.419597625732422,0.007211741991341114,0.2362583875656128,31.07137680053711,0.0007813802221789956,20.861316680908203,0.008201029151678085,0.2749735713005066,17.956663131713867,0.01600787788629532,0.21228265762329102,17.358386993408203,0.01837221160531044,0.241499125957489,30.353424072265625,0.000921844388358295,0.035986412316560745,32.17606735229492,0.0006058894796296954,30.1302547454834,0.0009704529074952006,0.04453052207827568
27653,305,11,1010,-1,3,24.829727172851562,0.12968562543392181,18.511667251586914,0.1766371876001358,26.77536392211914,21.968276977539062,0.1709665060043335,17.626657485961914,23.4913272857666,0.08066768199205399,18.184215545654297,18.298927307128906,18.007400512695312,0.24969284236431122,100.0,0.40750667452812195,0.4334583878517151,1010,1042,0.4381052851676941,0,0,0.003288723761215806,0.0021011808421462774,24.594926834106445,0.00347142294049263,0.14978381991386414,0.014087480492889881,0.26487621665000916,18.008445739746094,0.015818137675523758,0.3059009909629822,0.006355831399559975,0.015190727077424526,23.013240814208984,0.004996616393327713,0.18553967773914337,0.01727166771888733,0.28316280245780945,17.547269821166992,0.017590288072824478,0.31717318296432495,0.004475765395909548,0.01479473989456892,25.393680572509766,0.0028882308397442102,0.07887996733188629,0.015821950510144234,0.0,17.385921478271484,0.01825609803199768,0.2942843437194824,26.166961669921875,0.00241715251468122,0.11805137246847153,35.420928955078125,0.0002870165044441819,25.614788055419922,0.0027448656037449837,0.13919943571090698,18.883108139038086,0.012932702898979187,0.2474057525396347,18.27112579345703,0.014889749698340893,0.29155004024505615,23.774194717407227,0.004193538334220648,0.14075326919555664,28.9475154876709,0.001274232054129243,23.33232879638672,0.004642662592232227,0.16345833241939545,18.232255935668945,0.0150236114859581,0.2583904266357422,17.64920997619629,0.017182206735014915,0.3029719889163971,26.431093215942383,0.00227452558465302,0.05518336594104767,29.491127014160156,0.0011243135668337345,26.105712890625,0.0024514812976121902,0.06357809156179428
27729,305,11,1086,-1,3,26.276805877685547,0.08603063225746155,25.445545196533203,0.234894797205925,27.303909301757812,23.287559509277344,0.11219818890094757,22.786684036254883,25.03514289855957,0.0700412467122078,18.049636840820312,18.242691040039062,24.457075119018555,0.05915846675634384,100.0,0.24184846878051758,0.9712477922439575,1086,1118,0.42978179454803467,0,0,0.002356782089918852,0.00186041253618896,26.138317108154297,0.002433146582916379,0.0995747372508049,0.002853944431990385,0.07293625175952911,25.101707458496094,0.00308908149600029,0.08375267684459686,0.0046907709911465645,0.015668829903006554,25.226125717163086,0.0030018393881618977,0.11799035966396332,0.005264192819595337,0.0944320484995842,24.3361873626709,0.0036845216527581215,0.09470134228467941,0.0031367919873446226,0.01498755719512701,28.815380096435547,0.0013135973131284118,0.0646408200263977,0.0035833774600178003,0.0,23.835594177246094,0.00413466664031148,0.06989283859729767,27.52363395690918,0.0017686281353235245,0.0709407702088356,37.54136657714844,0.00017614231910556555,26.96021270751953,0.0020136258099228144,0.08444677293300629,26.35843276977539,0.0023128993343561888,0.05712495744228363,25.764333724975586,0.0026519575621932745,0.06886943429708481,25.77633285522461,0.0026446401607245207,0.09127559512853622,28.87275505065918,0.0012963570188730955,25.448400497436523,0.002852068282663822,0.1060267761349678,24.941204071044922,0.003205380868166685,0.07366406172513962,24.54723358154297,0.0035097545478492975,0.08661680668592453,29.55475616455078,0.0011079610558226705,0.04309239611029625,29.484655380249023,0.001125990180298686,29.565641403198242,0.0011051872279495,0.05061057582497597
27778,305,11,1135,-1,0,27.700824737548828,0.09081003069877625,22.421884536743164,0.16570566594600677,27.385154724121094,24.056360244750977,0.126268669962883,21.00756072998047,25.18498420715332,0.07703375071287155,18.058732986450195,18.131744384765625,22.054439544677734,0.18655157089233398,100.0,0.3741171061992645,0.4429245889186859,1135,1167,0.43593159317970276,0,0,0.0016979220090433955,0.0018259320640936494,27.75149154663086,0.0016782281454652548,0.10262097418308258,0.005725477356463671,0.19723905622959137,22.106307983398438,0.00615700101479888,0.2252470850944519,0.0039297412149608135,0.015636039897799492,26.718708038330078,0.0021287722047418356,0.13307493925094604,0.007929464802145958,0.21262629330158234,21.719743728637695,0.006730162538588047,0.23421171307563782,0.0030304109677672386,0.015375370159745216,29.46466064453125,0.0011311863781884313,0.0724181979894638,0.006230978760868311,0.0,21.432960510253906,0.007189590949565172,0.2206379473209381,29.342674255371094,0.0011634094407781959,0.07400689274072647,36.59553146362305,0.0002190012892242521,28.831592559814453,0.001308702863752842,0.08730312436819077,23.07518196105957,0.004925857298076153,0.18062138557434082,22.474472045898438,0.00565656553953886,0.21348004043102264,27.29794692993164,0.0018629676196724176,0.0972292572259903,28.82868766784668,0.0013095774920657277,27.103879928588867,0.0019481047056615353,0.11515949666500092,22.387645721435547,0.005770791321992874,0.19418926537036896,21.875167846679688,0.006493569817394018,0.228857159614563,30.11669921875,0.0009734872146509588,0.04777473956346512,29.518169403076172,0.0011173342354595661,30.216564178466797,0.000951356953009963,0.05647725984454155
27815,305,11,1172,-1,1,27.174468994140625,0.1218365877866745,23.813627243041992,0.16403232514858246,26.166580200195312,23.795379638671875,0.14680416882038116,21.855789184570312,25.194046020507812,0.07317231595516205,18.1112117767334,18.17081642150879,23.093219757080078,0.2074500024318695,100.0,0.38219061493873596,0.4291898310184479,1172,1204,0.42612871527671814,0,0,0.0019166956190019846,0.002417364390566945,27.352602005004883,0.0018396696541458368,0.1397804617881775,0.00415563490241766,0.22497475147247314,23.483463287353516,0.004483876749873161,0.2600187063217163,0.004173130262643099,0.015448235906660557,26.12877655029297,0.002438498428091407,0.15703105926513672,0.006522607058286667,0.237317755818367,22.900102615356445,0.005128492135554552,0.263467937707901,0.003024094505235553,0.015237665735185146,29.41162872314453,0.0011450836900621653,0.07183961570262909,0.004905442241579294,0.0,22.47174072265625,0.005660125054419041,0.2433725893497467,28.86079978942871,0.001299929921515286,0.10038750618696213,35.52653503417969,0.00028012177790515125,28.36593246459961,0.0014568234328180552,0.11968585848808289,24.563934326171875,0.0034962825011461973,0.20013153553009033,23.975324630737305,0.004003755748271942,0.23531033098697662,26.769306182861328,0.0021041149739176035,0.11965606361627579,28.535005569458008,0.0014011980965733528,26.551647186279297,0.002212255960330367,0.13826018571853638,23.576473236083984,0.0043888697400689125,0.2154695838689804,23.10596466064453,0.00489106634631753,0.252266526222229,30.059425354003906,0.000986409722827375,0.04835543408989906,29.36000633239746,0.0011587756453081965,30.177776336669922,0.0009598917094990611,0.057029061019420624
27923,305,11,1312,-1,0,28.802766799926758,0.09144365042448044,25.800302505493164,0.15692853927612305,26.72327423095703,24.336816787719727,0.12589262425899506,23.124773025512695,24.823036193847656,0.07285832613706589,18.038373947143555,18.02516746520996,25.4318904876709,0.07446284592151642,100.0,0.2928622364997864,0.5358442068099976,1312,1344,0.37728461623191833,0,0,0.0013174175983294845,0.002126535400748253,29.233821868896484,0.001192938070744276,0.1042638048529625,0.00263008545152843,0.08725805580615997,25.789640426635742,0.002636549761518836,0.09881889075040817,0.003683987772092223,0.015709511935710907,27.366226196289062,0.0018339075613766909,0.1319293975830078,0.004869930446147919,0.11238966137170792,24.974966049194336,0.003180557629093528,0.11870767921209335,0.003293795045465231,0.015757352113723755,28.612789154052734,0.00137632479891181,0.0695280134677887,0.0028629328589886427,0.0,24.81041145324707,0.003303383942693472,0.08957454562187195,31.760231018066406,0.0006667714915238321,0.08312784135341644,36.62339401245117,0.00021760085655841976,31.33196258544922,0.000735874695237726,0.0972193032503128,27.287864685058594,0.001867298036813736,0.06885190308094025,26.723194122314453,0.002126574981957674,0.08217556774616241,28.50623893737793,0.0014105100417509675,0.10821516066789627,30.046897888183594,0.0009892601519823074,28.311145782470703,0.0014753177529200912,0.12396461516618729,25.826923370361328,0.002614011988043785,0.08794756978750229,25.408218383789062,0.0028785804752260447,0.10400217771530151,29.969045639038086,0.0010071533033624291,0.05219598859548569,30.533639907836914,0.0008843738469295204,29.888347625732422,0.001026042504236102,0.059580881148576736
28229,305,11,1650,-1,2,18.72097396850586,0.29172903299331665,20.540809631347656,0.2950988709926605,24.04453468322754,17.78750228881836,0.31191256642341614,19.31166648864746,23.665103912353516,0.07118824124336243,17.762720108032227,17.929990768432617,19.936450958251953,0.129377081990242,100.0,0.3564474582672119,0.8278888463973999,1650,1682,0.4103001058101654,0,0,0.013424635864794254,0.003940457943826914,18.272878646850586,0.014883740805089474,0.3295644223690033,0.008829153142869473,0.14825555682182312,20.07196807861328,0.009835649281740189,0.16568072140216827,0.016643695533275604,0.01673894189298153,17.79132652282715,0.016629043966531754,0.3441067934036255,0.011717457324266434,0.16311269998550415,19.53212547302246,0.011137492954730988,0.17360864579677582,0.004300210624933243,0.016106491908431053,26.048728942871094,0.0024838598910719156,0.0646500438451767,0.010147403925657272,0.0,19.314971923828125,0.011708543635904789,0.15025769174098969,18.867780685424805,0.012978422455489635,0.27404409646987915,33.51641845703125,0.00044499823707155883,18.266202926635742,0.014906642027199268,0.3163749873638153,20.820987701416016,0.008277541026473045,0.12768694758415222,20.20913314819336,0.009529867209494114,0.1464049518108368,18.44195556640625,0.014315434731543064,0.28046363592147827,29.760181427001953,0.0010567735880613327,17.863433837890625,0.016355229541659355,0.3236297070980072,20.21610450744629,0.009514576755464077,0.13593173027038574,19.645273208618164,0.010851073078811169,0.15703174471855164,27.98019790649414,0.0015921361045911908,0.04251396656036377,30.79930305480957,0.0008318973705172539,27.67233657836914,0.001709096017293632,0.04869868606328964
28467,305,11,1920,-1,1,22.84280014038086,0.12721745669841766,17.340944290161133,0.20969191193580627,26.617252349853516,20.588205337524414,0.1641455888748169,16.54201316833496,23.21214485168457,0.07528170943260193,18.0992488861084,18.162363052368164,16.716854095458984,0.3175641894340515,35.83977508544922,0.5439900755882263,0.38547009229660034,1920,1952,0.39507073163986206,0,0,0.005196609999984503,0.0021790878381580114,22.471187591552734,0.005660844501107931,0.1474076807498932,0.018446143716573715,0.32463538646698,16.805675506591797,0.020865675061941147,0.3718947768211365,0.008733325637876987,0.01549084298312664,21.13864517211914,0.0076937065459787846,0.17796644568443298,0.022171679884195328,0.34041762351989746,16.340307235717773,0.023225732147693634,0.3823249340057373,0.0047729345969855785,0.015267354436218739,25.00531768798828,0.0031584089156240225,0.07263074815273285,0.02129681035876274,0.00026062896358780563,16.102468490600586,0.024533145129680634,0.36858993768692017,23.517820358276367,0.004448544234037399,0.1140517145395279,34.37228775024414,0.0003654024621937424,22.944168090820312,0.005076719913631678,0.1359349638223648,17.447378158569336,0.01799958199262619,0.3137879967689514,16.834884643554688,0.020725809037685394,0.3650793731212616,22.17729377746582,0.006057183723896742,0.13431550562381744,30.780134201049805,0.0008355775498785079,21.636438369750977,0.006860507186502218,0.1597096472978592,16.996612548828125,0.019968194887042046,0.32451385259628296,16.394845962524414,0.022935887798666954,0.37762880325317383,27.18206787109375,0.0019133442547172308,0.045146457850933075,32.444740295410156,0.0005695425206795335,26.73647117614746,0.002120082965120673,0.054207295179367065
28694,305,11,2179,-1,1,21.84644317626953,0.15458297729492188,21.179353713989258,0.21632833778858185,24.8800106048584,20.18399429321289,0.18448585271835327,19.609323501586914,23.701698303222656,0.07369586080312729,17.87338638305664,18.069074630737305,20.037044525146484,0.10046050697565079,100.0,0.2953961491584778,0.7323329448699951,2179,2211,0.41994932293891907,0,0,0.006536658853292465,0.0032508657313883305,21.522939682006836,0.0070421649143099785,0.1726931631565094,0.007621924392879009,0.11470676958560944,20.723169326782227,0.008466098457574844,0.12752369046211243,0.009585188701748848,0.01631779782474041,20.680641174316406,0.008549402467906475,0.20106583833694458,0.01094126794487238,0.13638488948345184,19.934194564819336,0.010152679868042469,0.14324289560317993,0.004264126997441053,0.015598846599459648,25.985435485839844,0.002520324196666479,0.0724194198846817,0.00991506315767765,0.0,19.41556739807129,0.011440455913543701,0.11510379612445831,22.045621871948242,0.006243639159947634,0.13271187245845795,33.86616516113281,0.0004105663683731109,21.462390899658203,0.007141034584492445,0.1533675342798233,21.19703483581543,0.00759095698595047,0.09603428095579147,20.59516143798828,0.008719341829419136,0.11050285398960114,21.240955352783203,0.007514579687267542,0.15232038497924805,30.69218635559082,0.0008526710444130003,20.68568229675293,0.008539488539099693,0.17550255358219147,20.44744110107422,0.009021026082336903,0.11406674236059189,19.876169204711914,0.010289236903190613,0.13109137117862701,27.66341781616211,0.0017126096645370126,0.05011683702468872,31.812868118286133,0.0006587389507330954,27.27058219909668,0.001874743727967143,0.05728024244308472
28703,305,11,2188,-1,2,21.49443817138672,0.16990071535110474,20.74671745300293,0.22659721970558167,26.83373260498047,19.785282135009766,0.2113955020904541,19.203725814819336,23.1865291595459,0.09614015370607376,17.945802688598633,17.86910057067871,19.829273223876953,0.16128402948379517,100.0,0.29886046051979065,0.7582041025161743,2188,2220,0.4216862618923187,0,0,0.007088528946042061,0.002073131501674652,21.045703887939453,0.007860127836465836,0.19667156040668488,0.008420312777161598,0.16735678911209106,20.218801498413086,0.009508674032986164,0.19140607118606567,0.010506835766136646,0.01604796014726162,20.152767181396484,0.00965435616672039,0.23332339525222778,0.012012338265776634,0.193340003490448,19.417051315307617,0.011436546221375465,0.2102421224117279,0.004801171366125345,0.016333898529410362,25.190011978149414,0.0030269052367657423,0.097718246281147,0.010400941595435143,0.0,19.207794189453125,0.01200108788907528,0.18672648072242737,21.860042572021484,0.0065162223763763905,0.15448567271232605,37.33980178833008,0.0001845099322963506,21.254989624023438,0.007490333169698715,0.18286535143852234,20.937030792236328,0.00805929396301508,0.15105117857456207,20.32205581665039,0.009285268373787403,0.17645010352134705,20.98202133178711,0.007976229302585125,0.1809302568435669,31.48874282836914,0.0007097834604792297,20.412384033203125,0.00909414328634739,0.2111513912677765,20.213878631591797,0.009519457817077637,0.16659627854824066,19.630144119262695,0.010888938792049885,0.19341649115085602,27.256816864013672,0.0018806951120495796,0.05620604380965233,32.14169692993164,0.0006107031367719173,26.827564239501953,0.0020760782063007355,0.0663396492600441
28780,305,11,2265,-1,3,19.57320785522461,0.23581546545028687,16.950002670288086,0.2721501886844635,25.905719757080078,18.24661636352539,0.26403194665908813,16.195659637451172,22.30269432067871,0.09192876517772675,17.95824432373047,18.1785888671875,16.3756103515625,0.29129335284233093,32.352603912353516,0.4252978265285492,0.6399049758911133,2265,2297,0.4124852120876312,0,0,0.011032636277377605,0.0025670137256383896,19.088594436645508,0.012335041537880898,0.2729714512825012,0.02018365077674389,0.3002912104129791,16.411428451538086,0.022848471999168396,0.3454724848270416,0.014974016696214676,0.016002053394913673,18.29273223876953,0.014815856702625751,0.2934240698814392,0.024012316018342972,0.3169782757759094,15.965882301330566,0.02531697228550911,0.3532311022281647,0.005884784739464521,0.015210417099297047,23.51633071899414,0.004450072068721056,0.08768465369939804,0.02303769439458847,0.0005817544879391789,15.768776893615723,0.02649245783686638,0.3379262089729309,19.858535766601562,0.010331098921597004,0.2198842316865921,34.520198822021484,0.0003531671827659011,19.25689697265625,0.011866164393723011,0.2581497132778168,17.069705963134766,0.01963493414223194,0.28317785263061523,16.467065811157227,0.02255762554705143,0.3306708335876465,19.110599517822266,0.012272701598703861,0.22990460693836212,30.966541290283203,0.000800471636466682,18.527053833007812,0.014037659391760826,0.2674824297428131,16.643827438354492,0.021657953038811684,0.294059157371521,16.0526065826416,0.02481643296778202,0.342419296503067,25.511363983154297,0.002811018144711852,0.05713369697332382,31.926345825195312,0.0006417495314963162,25.02413558959961,0.0031447517685592175,0.06590106338262558
28853,305,11,2338,-1,0,23.52870750427246,0.2092019021511078,22.510082244873047,0.34105563163757324,25.21954345703125,21.510265350341797,0.22085660696029663,20.742961883544922,24.634292602539062,0.0622875913977623,18.01500701904297,17.99557876586914,22.235794067382812,0.14497628808021545,100.0,0.4006270468235016,0.8513045310974121,2338,2370,0.3929747939109802,0,0,0.004437407478690147,0.0030063940212130547,23.31841278076172,0.004657563287764788,0.2286902368068695,0.005610375199466944,0.14919324219226837,22.04563331604004,0.006243621464818716,0.168279230594635,0.007062746211886406,0.015794260427355766,22.426469802856445,0.005719436798244715,0.23410741984844208,0.008427598513662815,0.1840648204088211,21.355207443237305,0.007319463882595301,0.19592030346393585,0.0034400972072035074,0.015865080058574677,28.15717315673828,0.001528561464510858,0.05327140912413597,0.005976136773824692,0.0,21.614315032958984,0.006895542144775391,0.16869160532951355,23.985815048217773,0.00399409607052803,0.19892409443855286,34.1109504699707,0.00038806552765890956,23.420963287353516,0.004548870492726564,0.22471225261688232,22.930171966552734,0.005093108396977186,0.14032752811908722,22.323322296142578,0.005856899078935385,0.16201381385326385,23.180063247680664,0.004808323923498392,0.19779528677463531,27.636850357055664,0.00172311847563833,22.771221160888672,0.005282970145344734,0.2223198115825653,22.251529693603516,0.00595452543348074,0.15086688101291656,21.781034469604492,0.006635850295424461,0.1743975728750229,29.893051147460938,0.0010249317856505513,0.027631651610136032,28.164417266845703,0.0015260132495313883,30.23263931274414,0.0009478424326516688,0.030017215758562088
28997,305,11,2514,-1,1,23.414363861083984,0.14493374526500702,20.04067611694336,0.21703432500362396,24.03873062133789,21.054790496826172,0.19014908373355865,18.78119659423828,23.3065185546875,0.08824378997087479,17.737638473510742,18.219581604003906,19.024938583374023,0.15276175737380981,25.174171447753906,0.34564563632011414,0.6279098987579346,2514,2546,0.4182349741458893,0,0,0.004555789288133383,0.003945727366954088,23.325803756713867,0.00464964471757412,0.16306830942630768,0.009906774386763573,0.16645517945289612,19.657445907592773,0.010820701718330383,0.18628273904323578,0.007843703031539917,0.01683589071035385,21.897480010986328,0.006460290402173996,0.20086883008480072,0.013239767402410507,0.18855898082256317,18.942996978759766,0.01275558304041624,0.20142561197280884,0.004670337308198214,0.015067524276673794,25.127527236938477,0.0030707702971994877,0.08735395222902298,0.012517173774540424,0.0030379665549844503,18.546323776245117,0.01397551316767931,0.17433738708496094,24.143457412719727,0.0038517164066433907,0.1272253394126892,25.305809020996094,0.0029472641181200743,23.989334106445312,0.0039908625185489655,0.14866873621940613,20.03791046142578,0.009913090616464615,0.15027692914009094,19.58478546142578,0.011003261432051659,0.17298805713653564,22.75368881225586,0.0053043365478515625,0.15182587504386902,24.619400024414062,0.003451914293691516,22.52640724182129,0.005589324980974197,0.17575061321258545,19.371843338012695,0.01155621837824583,0.16753637790679932,18.918561935424805,0.012827552855014801,0.1910126656293869,27.202959060668945,0.0019041630439460278,0.05505988374352455,32.02141571044922,0.0006278537912294269,26.776735305786133,0.002100518438965082,0.06388344615697861
29033,305,11,2550,-1,1,22.725406646728516,0.22466279566287994,20.20952606201172,0.2285510152578354,24.26620101928711,21.084197998046875,0.24288631975650787,19.135692596435547,24.925735473632812,0.05278998613357544,18.03179168701172,18.14842414855957,19.911752700805664,0.18861326575279236,35.63117980957031,0.30075544118881226,0.7599231004714966,2550,2582,0.38461336493492126,0,0,0.005338994786143303,0.0037443814799189568,22.530298233032227,0.0055843195877969265,0.25939464569091797,0.009528999216854572,0.19610485434532166,19.71992301940918,0.010666154325008392,0.2259266972541809,0.007790765725076199,0.01573334075510502,21.825119018554688,0.006568831857293844,0.27077022194862366,0.012201991863548756,0.20933027565479279,19.298269271850586,0.011753659695386887,0.22811022400856018,0.0032168191391974688,0.015316431410610676,28.679519653320312,0.001355340238660574,0.043930478394031525,0.010205279104411602,0.0002734525769483298,19.305816650390625,0.011733252555131912,0.21937167644500732,23.160249710083008,0.004830309189856052,0.21118563413619995,31.93569564819336,0.0006403692532330751,22.616226196289062,0.005474915262311697,0.2491140514612198,20.263763427734375,0.009410739876329899,0.18427973985671997,19.656131744384766,0.010823976248502731,0.21639826893806458,22.645580291748047,0.005438034422695637,0.2162492275238037,28.652048110961914,0.001363939605653286,22.171823501586914,0.006064817309379578,0.25290122628211975,19.96248435974121,0.010086755268275738,0.18876245617866516,19.395978927612305,0.01149217039346695,0.21959832310676575,31.22524070739746,0.0007541818195022643,0.02818990871310234,31.167966842651367,0.0007641933625563979,31.234119415283203,0.0007526415283791721,0.03244471549987793
29127,305,11,2644,-1,3,25.091533660888672,0.10611985623836517,22.665390014648438,0.16987250745296478,25.768089294433594,22.527423858642578,0.12599384784698486,20.93918800354004,23.94070053100586,0.07410997897386551,18.174327850341797,17.990215301513672,22.312257766723633,0.0762445405125618,100.0,0.35063910484313965,0.4844653904438019,2644,2676,0.3669566512107849,0,0,0.003096327418461442,0.0026496651116758585,24.99620246887207,0.0031650445889681578,0.11561500281095505,0.0054132877849042416,0.08464834094047546,22.204486846923828,0.006019373424351215,0.09397444874048233,0.005588018801063299,0.015225350856781006,23.866497039794922,0.004105352330952883,0.1327858567237854,0.008055293001234531,0.11517363041639328,21.58909797668457,0.006935697980225086,0.11698771268129349,0.004035803023725748,0.015884675085544586,26.550384521484375,0.0022129002027213573,0.07120738178491592,0.005871840752661228,0.0,21.690778732299805,0.006775200832635164,0.08712510019540787,26.836671829223633,0.002071728464215994,0.08476916700601578,36.16154098510742,0.00024201693304348737,26.283370971679688,0.0023532225750386715,0.0959731936454773,23.5396671295166,0.004426224157214165,0.07524467259645462,22.933691024780273,0.00508898263797164,0.0846354141831398,25.194297790527344,0.0030239205807447433,0.09294344484806061,30.791118621826172,0.0008334669400937855,24.735427856445312,0.0033609133679419756,0.10621482133865356,22.7504940032959,0.005308239255100489,0.08869534730911255,22.206174850463867,0.0060170358046889305,0.09920954704284668,28.826826095581055,0.0013101393124088645,0.037261731922626495,31.53154754638672,0.0007028219406493008,28.527652740478516,0.0014035726198926568,0.04253784567117691
29254,305,11,2803,-1,2,26.835407257080078,0.09728266298770905,23.830873489379883,0.17003817856311798,25.54973602294922,23.374786376953125,0.14320890605449677,21.842830657958984,24.420488357543945,0.07575438171625137,17.76578712463379,17.878559112548828,22.95200538635254,0.07611449807882309,100.0,0.28255191445350647,0.6017944812774658,2803,2835,0.42713662981987,0,0,0.0020723314955830574,0.00278629083186388,27.071924209594727,0.0019624915439635515,0.10834991186857224,0.00413916539400816,0.08719567954540253,23.707412719726562,0.004258518572896719,0.09635618329048157,0.004597498569637537,0.016727130860090256,25.63614273071289,0.0027314021717756987,0.1521071344614029,0.006542097311466932,0.11466977000236511,22.94405174255371,0.005076857283711433,0.11774841696023941,0.0036136943381279707,0.01629837043583393,27.79315185546875,0.001662205788306892,0.07516619563102722,0.005067566409707069,0.0,22.330528259277344,0.005847192835062742,0.08855362236499786,28.432819366455078,0.001434558304026723,0.08744564652442932,36.087276458740234,0.0002461911062709987,27.911869049072266,0.001617383910343051,0.10227417945861816,24.424592971801758,0.003610277781262994,0.07005839049816132,23.839908599853516,0.004130564164370298,0.07999510318040848,26.38410186767578,0.0022992705926299095,0.11437992006540298,31.60213851928711,0.0006914904224686325,25.940357208251953,0.0025466217193752527,0.13212616741657257,23.413896560668945,0.00455628102645278,0.08757305145263672,22.87176513671875,0.005162066780030727,0.10033541917800903,29.315711975097656,0.0011706544319167733,0.05488728731870651,32.03120422363281,0.000626440392807126,29.015710830688477,0.0012543797492980957,0.06340231746435165
29306,305,11,2855,-1,2,25.20231056213379,0.1574268341064453,23.30476951599121,0.2374395877122879,25.249006271362305,22.678014755249023,0.1834285855293274,21.4852352142334,24.524667739868164,0.07292826473712921,17.828506469726562,17.950092315673828,22.689777374267578,0.1002286747097969,100.0,0.3230203688144684,0.7350607514381409,2855,2887,0.4560372531414032,0,0,0.003018346382305026,0.002986065810546279,25.19516944885254,0.003023312659934163,0.18092967569828033,0.0046722195111215115,0.11262263357639313,22.92198371887207,0.005102719645947218,0.1280888170003891,0.005397571250796318,0.01648728735744953,24.328018188476562,0.003691461170092225,0.2022484391927719,0.007103565149009228,0.14264200627803802,22.40094757080078,0.00575314462184906,0.1506078541278839,0.003528038039803505,0.016032110899686813,27.947052001953125,0.0016043346840888262,0.06860221177339554,0.005382975097745657,0.0,22.06829833984375,0.006211124360561371,0.11704926937818527,26.349191665649414,0.002317826496437192,0.13803325593471527,34.81459045410156,0.00033002044074237347,25.810955047607422,0.0026236427947878838,0.1615317463874817,23.741195678710938,0.004225525073707104,0.09670747816562653,23.13911247253418,0.004853878635913134,0.11256974190473557,25.052682876586914,0.003124149749055505,0.14950037002563477,30.845035552978516,0.0008231829851865768,24.586524963378906,0.0034781445283442736,0.17683224380016327,23.02655029296875,0.004981329198926687,0.11493847519159317,22.48194694519043,0.00564683647826314,0.1350635290145874,29.774179458618164,0.0010533726308494806,0.04531918466091156,32.15800476074219,0.0006084149936214089,29.50074005126953,0.0011218276340514421,0.05407141149044037
29515,305,11,3096,-1,0,27.650390625,0.08642809838056564,22.489910125732422,0.16751930117607117,25.734439849853516,23.914703369140625,0.12238086760044098,20.88736343383789,24.833261489868164,0.07756216078996658,18.12465476989746,18.05316162109375,21.715065002441406,0.16147536039352417,100.0,0.4350719451904297,0.3850381672382355,3096,3128,0.4197062849998474,0,0,0.0017177542904391885,0.0026702762115746737,28.03765296936035,0.0015712124295532703,0.10151738673448563,0.005636494141072035,0.17379063367843628,22.17811393737793,0.006056038197129965,0.20451828837394714,0.004060032311826944,0.015400487929582596,26.353839874267578,0.002315347082912922,0.13333603739738464,0.008151992224156857,0.20058652758598328,21.518108367919922,0.007050001062452793,0.22428548336029053,0.003286048537120223,0.015656111761927605,28.59189796447754,0.0013829621020704508,0.07834939658641815,0.006737421732395887,0.0,21.093582153320312,0.00777394836768508,0.1911780834197998,29.845848083496094,0.0010361322201788425,0.07165433466434479,37.65010452270508,0.00017178663983941078,29.321453094482422,0.0011691084364429116,0.08527685701847076,23.142473220825195,0.00485012074932456,0.1557154804468155,22.542972564697266,0.005568046122789383,0.18451069295406342,27.33574104309082,0.0018468261696398258,0.08996252715587616,31.85631561279297,0.0006521815666928887,26.923717498779297,0.00203061755746603,0.10406621545553207,22.226781845092773,0.005988553166389465,0.1685299277305603,21.663930892944336,0.006817216519266367,0.19910022616386414,29.96241569519043,0.0010086920810863376,0.04469909146428108,32.311737060546875,0.0005872542387805879,29.691865921020508,0.0010735286632552743,0.05234045535326004
29688,305,11,3269,-1,1,28.909835815429688,0.07558218389749527,23.16931915283203,0.15815654397010803,26.333311080932617,24.21483039855957,0.1258556842803955,21.35890769958496,24.81055450439453,0.07237197458744049,17.699460983276367,17.7607421875,22.54190444946289,0.24420976638793945,100.0,0.3032155930995941,0.521597683429718,3269,3301,0.3874305486679077,0,0,0.001285335747525096,0.002326316898688674,29.487762451171875,0.0011251849355176091,0.09023968130350113,0.004820233676582575,0.2465382218360901,22.783676147460938,0.005267840810120106,0.28820669651031494,0.003788933390751481,0.016984550282359123,27.547740936279297,0.001758838421665132,0.13797728717327118,0.007313234265893698,0.27450862526893616,22.274139404296875,0.005923607386648655,0.3052663803100586,0.0033032731153070927,0.01674656942486763,29.083072662353516,0.0012350736651569605,0.07039473205804825,0.005569417495280504,0.0,21.92042350769043,0.006426251493394375,0.28666213154792786,31.4473934173584,0.0007165735587477684,0.07203095406293869,34.81064224243164,0.0003303207049611956,31.101398468017578,0.0007759970030747354,0.09067691117525101,23.728960037231445,0.00423744460567832,0.23598656058311462,23.131423950195312,0.004862480331212282,0.2787379324436188,28.178890228271484,0.0015209366101771593,0.09894313663244247,28.594552993774414,0.0013821168104186654,28.118328094482422,0.0015422934666275978,0.12298248708248138,22.860042572021484,0.005176016595214605,0.24780336022377014,22.37287712097168,0.005790449678897858,0.29029858112335205,29.985435485839844,0.0010033594444394112,0.03537268191576004,29.148962020874023,0.0012164768995717168,30.12972068786621,0.0009705722914077342,0.041964832693338394
29705,305,11,3286,-1,2,25.65821075439453,0.18585196137428284,21.568479537963867,0.26652124524116516,23.348691940307617,23.094329833984375,0.21384936571121216,20.274322509765625,25.195453643798828,0.06482942402362823,17.665626525878906,18.05685043334961,21.051952362060547,0.2609730660915375,100.0,0.42452117800712585,0.6278161406517029,3286,3318,0.40512511134147644,0,0,0.002717558527365327,0.004625204484909773,26.154541015625,0.002424075035378337,0.2137608379125595,0.006968704983592033,0.27236685156822205,21.134063720703125,0.007701824884861708,0.3131122589111328,0.004904189147055149,0.01711737923324108,25.192405700683594,0.003025236539542675,0.23896555602550507,0.009387889876961708,0.2806292772293091,20.78219223022461,0.008351814933121204,0.3147965669631958,0.0030231154523789883,0.015642819926142693,29.659244537353516,0.0010816220892593265,0.061323970556259155,0.007848826237022877,0.0,20.43047332763672,0.009056338109076023,0.30477628111839294,26.727888107299805,0.0021242776419967413,0.16791506111621857,30.514020919799805,0.0008883779519237578,26.355587005615234,0.0023144157603383064,0.1985163390636444,21.9091796875,0.006442911457270384,0.2591712772846222,21.304853439331055,0.007404825650155544,0.30091148614883423,25.32930564880371,0.0029313622508198023,0.1826266646385193,26.69133186340332,0.0021422342397272587,25.153064727783203,0.0030527666676789522,0.2143961489200592,21.32706069946289,0.007367054931819439,0.2650274634361267,20.830623626708984,0.008259193040430546,0.30869120359420776,30.077924728393555,0.0009822172578424215,0.03661385178565979,28.210952758789062,0.0015097496798262,30.452470779418945,0.0009010584326460958,0.04247549548745155
29872,305,11,3485,-1,0,27.414283752441406,0.08898754417896271,24.413665771484375,0.11985764652490616,27.568815231323242,23.464433670043945,0.12613165378570557,21.975915908813477,24.51593780517578,0.0764981284737587,18.046358108520508,18.1341609954834,23.91352653503418,0.08701632171869278,100.0,0.3212239444255829,0.3731279969215393,3485,3517,0.3750821053981781,0,0,0.0018137256847694516,0.0017503249691799283,27.390993118286133,0.0018234796589240432,0.10047762095928192,0.003619374707341194,0.1005936712026596,24.047935485839844,0.0039373729377985,0.11608077585697174,0.004503568168729544,0.01568065956234932,25.55328369140625,0.0027840156108140945,0.13034048676490784,0.006344662047922611,0.13147027790546417,23.03638458251953,0.004970060661435127,0.13638654351234436,0.003535136114805937,0.015366819687187672,27.657670974731445,0.0017148773185908794,0.07099825143814087,0.004061135463416576,0.0,23.29204750061035,0.00468592531979084,0.10241888463497162,29.01852798461914,0.0012535665882751346,0.07012396305799484,37.34252166748047,0.00018439443374518305,28.483070373535156,0.0014180548023432493,0.08196023851633072,25.152149200439453,0.0030534102115780115,0.0809541568160057,24.5468692779541,0.0035100486129522324,0.09585166722536087,27.038715362548828,0.001977554988116026,0.08914259821176529,32.03171920776367,0.000626365770585835,26.604631423950195,0.002185430144891143,0.10283221304416656,24.185054779052734,0.0038150008767843246,0.10232996940612793,23.650047302246094,0.00431514298543334,0.12003186345100403,30.00048828125,0.000999887241050601,0.04545336589217186,32.2241325378418,0.000599220918957144,29.740686416625977,0.0010615282226353884,0.05261627584695816
30034,305,11,3679,-1,1,20.543407440185547,0.20542268455028534,18.535425186157227,0.23184064030647278,26.425058364868164,19.068151473999023,0.2423018366098404,17.501188278198242,23.083879470825195,0.08080396801233292,18.1732177734375,18.23012351989746,17.784561157226562,0.3297829329967499,100.0,0.43782758712768555,0.5295249819755554,3679,3711,0.4894426763057709,0,0,0.008823871612548828,0.0022776885889470577,20.074031829833984,0.009830977767705917,0.2369922399520874,0.014010627754032612,0.34173786640167236,17.98332405090332,0.015909908339381218,0.396289587020874,0.012393238954246044,0.015229243785142899,19.223804473876953,0.011956929229199886,0.2679055631160736,0.017777927219867706,0.3542834520339966,17.392152786254883,0.01822991669178009,0.3996404707431793,0.004916003439575434,0.015030995011329651,24.736801147460938,0.0033598511945456266,0.07901351898908615,0.0166549701243639,0.0,17.163082122802734,0.019217273220419884,0.3842238485813141,20.901580810546875,0.008125350810587406,0.19171497225761414,36.60584259033203,0.0002184819895774126,20.295698165893555,0.009341791272163391,0.2259880006313324,18.709247589111328,0.013460935093462467,0.3290550410747528,18.093900680541992,0.015509936027228832,0.38542962074279785,20.061519622802734,0.009859342128038406,0.2102038860321045,31.734573364257812,0.0006707222200930119,19.4796142578125,0.0112729761749506,0.24577593803405762,18.144147872924805,0.015331517904996872,0.3327467441558838,17.54496955871582,0.01759961061179638,0.38855811953544617,26.94917869567871,0.002018748316913843,0.05136831849813461,32.26181411743164,0.0005940442788414657,26.501529693603516,0.0022379334550350904,0.060123369097709656
30676,305,11,4385,-1,1,29.361225128173828,0.0712994784116745,24.634721755981445,0.09819367527961731,28.548982620239258,24.31758689880371,0.10254444181919098,22.210128784179688,24.914615631103516,0.06948421895503998,18.249046325683594,18.246891021728516,24.07044219970703,0.06424812227487564,100.0,0.34323692321777344,0.28608134388923645,4385,4417,0.4140404462814331,0,0,0.0011584507301449776,0.0013966953847557306,29.500856399536133,0.0011217975988984108,0.07917296886444092,0.003439757041633129,0.07574333250522614,24.195940017700195,0.0038054503966122866,0.08692710101604462,0.0037003387697041035,0.014965644106268883,27.061481475830078,0.0019672152120620012,0.10491256415843964,0.006011559162288904,0.10684908926486969,23.32788848876953,0.004647409543395042,0.10927600413560867,0.003225065767765045,0.014973074197769165,28.484220504760742,0.001417679712176323,0.06251367181539536,0.003917021211236715,0.0,23.448963165283203,0.004519640002399683,0.0759381502866745,31.547107696533203,0.0007003083592280746,0.05025651678442955,38.41437911987305,0.0001440661435481161,31.04641342163086,0.0007858840399421751,0.05874978005886078,25.163402557373047,0.003045508172363043,0.06387856602668762,24.560882568359375,0.003498741425573826,0.0758560299873352,29.046058654785156,0.0012456451077014208,0.06844795495271683,32.010597229003906,0.0006294197519309819,28.727497100830078,0.0013404488563537598,0.08015413582324982,24.393613815307617,0.0036361245438456535,0.08341442048549652,23.871795654296875,0.004100345075130463,0.09806734323501587,31.11375617980957,0.0007737924461252987,0.03891864791512489,32.21299743652344,0.0006007592310197651,30.966861724853516,0.0008004129049368203,0.04620619863271713
30849,305,11,4558,-1,2,23.63182830810547,0.18144673109054565,22.046220779418945,0.21109972894191742,26.57408905029297,21.23082733154297,0.21830695867538452,20.18450164794922,23.564823150634766,0.07704628258943558,18.24090576171875,18.301389694213867,21.153860092163086,0.10606403648853302,100.0,0.27278414368629456,0.7738709449768066,4558,4590,0.37665602564811707,0,0,0.004333286080509424,0.0022008544765412807,23.31488037109375,0.0046613519079983234,0.21280072629451752,0.006242778617888689,0.12318244576454163,21.51169204711914,0.007060421630740166,0.1456209123134613,0.007532121147960424,0.01499372161924839,21.94894790649414,0.006384182255715132,0.24238117039203644,0.009584062732756138,0.15492209792137146,20.545682907104492,0.008819252252578735,0.1675213724374771,0.004400659818202257,0.01478634960949421,25.523984909057617,0.0028028618544340134,0.0726710632443428,0.007666798774152994,0.0,20.532381057739258,0.00884630624204874,0.12747900187969208,24.536773681640625,0.003518217010423541,0.15907838940620422,36.10997009277344,0.00024490809300914407,23.955793380737305,0.004021802917122841,0.18628832697868347,22.549755096435547,0.005559355486184359,0.1034739762544632,21.936445236206055,0.006402588915079832,0.1241140067577362,23.126232147216797,0.004868293646723032,0.1791895180940628,31.33948516845703,0.0007346008787862957,22.593021392822266,0.005504246335476637,0.2089928388595581,21.589942932128906,0.0069343531504273415,0.1176391988992691,21.020606994628906,0.007905681617558002,0.1403241902589798,27.747962951660156,0.001679592183791101,0.043309286236763,32.012168884277344,0.0006291918689385056,27.349010467529297,0.0018411921337246895,0.05117955803871155
30916,305,11,4625,-1,1,25.223339080810547,0.11056984961032867,19.5421085357666,0.16127340495586395,28.14540672302246,22.11605453491211,0.15490184724330902,18.343036651611328,23.47214698791504,0.08466681092977524,18.055383682250977,18.057279586791992,18.708518981933594,0.2275596559047699,100.0,0.38956212997436523,0.41398635506629944,4625,4657,0.4042779803276062,0,0,0.0030037679243832827,0.0015327084111049771,24.907859802246094,0.0032300848979502916,0.12567436695098877,0.011111918836832047,0.23140667378902435,18.985082626342773,0.012632573023438454,0.2692457139492035,0.006143198348581791,0.01564810611307621,23.296703338623047,0.004680904559791088,0.16541260480880737,0.014645234681665897,0.267589271068573,18.370365142822266,0.014553369022905827,0.2946837246417999,0.004495577421039343,0.01564127206802368,25.558216094970703,0.002780855167657137,0.0830920934677124,0.013463198207318783,0.0,18.087038040161133,0.015534460544586182,0.26516276597976685,26.650188446044922,0.0021626255474984646,0.09874016046524048,37.85439682006836,0.00016389292431995273,26.072816848754883,0.0024701228830963373,0.11642858386039734,19.803661346435547,0.010462461039423943,0.21980313956737518,19.18724250793457,0.012058015912771225,0.2602704167366028,24.447166442871094,0.0035915616899728775,0.11960890144109726,29.19704246520996,0.0012030837824568152,24.024124145507812,0.003959020134061575,0.13935625553131104,19.12934112548828,0.012219849973917007,0.23668432235717773,18.55723762512207,0.013940435834228992,0.27901750802993774,27.358123779296875,0.0018373316852375865,0.04680284857749939,29.803058624267578,0.001046391436830163,27.07962417602539,0.0019590146839618683,0.054138943552970886
30919,305,11,4628,-1,0,22.155494689941406,0.1991620659828186,18.999956130981445,0.21801765263080597,25.220325469970703,20.460086822509766,0.23367366194725037,18.072980880737305,23.26455307006836,0.08337138593196869,17.973974227905273,17.914932250976562,18.49073600769043,0.2014371156692505,100.0,0.4079795479774475,0.5343837738037109,4628,4660,0.4023694396018982,0,0,0.00608766358345747,0.0030058519914746284,21.82977867126465,0.006561788264662027,0.22906330227851868,0.012589376419782639,0.2097214162349701,18.51548957824707,0.014075087383389473,0.2371789962053299,0.00899480003863573,0.01594419777393341,21.009645462036133,0.007925662212073803,0.25816577672958374,0.015584825538098812,0.2267976999282837,18.068737030029297,0.015600058250129223,0.246141254901886,0.004715685732662678,0.016162436455488205,25.294944763183594,0.002954647643491626,0.08107957988977432,0.014155534096062183,0.0,17.869258880615234,0.016333309933543205,0.2309727519750595,22.893718719482422,0.005136036314070225,0.18237408995628357,34.7733039855957,0.0003331727348268032,22.309967041015625,0.005874939728528261,0.214907705783844,19.380374908447266,0.011533544398844242,0.1986551582813263,18.772905349731445,0.013265064917504787,0.22800028324127197,21.77910041809082,0.006638804916292429,0.20209789276123047,29.154634475708008,0.0012148893438279629,21.264904022216797,0.007473252713680267,0.23667281866073608,18.80219078063965,0.013175921514630318,0.20718860626220703,18.232440948486328,0.015022975392639637,0.23731936514377594,27.07155418395996,0.0019626577850431204,0.055072490125894547,29.612428665161133,0.0010933446465060115,26.785263061523438,0.0020963980350643396,0.06174705922603607
31227,318,11,189,-1,1,22.103961944580078,0.17857638001441956,18.98736572265625,0.22222089767456055,25.687807083129883,20.39705467224121,0.21369320154190063,18.03277587890625,23.658903121948242,0.08609391748905182,17.91398811340332,18.07225227355957,18.358253479003906,0.2379119098186493,100.0,0.39281079173088074,0.5657199621200562,189,221,0.39802244305610657,0,0,0.006160327233374119,0.0026991020422428846,21.743907928466797,0.006692823022603989,0.20576956868171692,0.01262593176215887,0.23585693538188934,18.453323364257812,0.014278010465204716,0.2747901380062103,0.009126298129558563,0.016165949404239655,20.94567108154297,0.008043274283409119,0.23533374071121216,0.01572977937757969,0.2653619349002838,18.012893676757812,0.01580195128917694,0.29285740852355957,0.0043063536286354065,0.015587443485856056,25.899314880371094,0.002570801181718707,0.08086179196834564,0.014594004489481449,0.0,17.736778259277344,0.01683923415839672,0.2758627235889435,22.461196899414062,0.005673882085829973,0.15465323626995087,36.346736907958984,0.0002319136547157541,21.86345100402832,0.006511107552796602,0.18199634552001953,19.059059143066406,0.012419220060110092,0.22301454842090607,18.44283676147461,0.014312527142465115,0.2610307037830353,21.7186336517334,0.006731885951012373,0.1704016923904419,30.8997745513916,0.0008128726622089744,21.167644500732422,0.007642504293471575,0.1994679868221283,18.66092300415039,0.013611558824777603,0.24052229523658752,18.06625747680664,0.015608973801136017,0.27827954292297363,28.130680084228516,0.001537914271466434,0.04572869464755058,32.000675201416016,0.0006308594020083547,27.753477096557617,0.001677461201325059,0.05386098474264145
31317,318,11,279,-1,3,24.76482391357422,0.10777199268341064,20.762664794921875,0.13758771121501923,28.762495040893555,21.80133056640625,0.1423274576663971,19.260421752929688,23.364994049072266,0.08484864234924316,17.963895797729492,18.086414337158203,19.897281646728516,0.19859646260738373,33.61024475097656,0.32968005537986755,0.4173370897769928,279,311,0.40739190578460693,0,0,0.003338240087032318,0.0013296909164637327,24.380348205566406,0.0036472477950155735,0.12693405151367188,0.008389448747038841,0.1949208676815033,20.294294357299805,0.009344811551272869,0.22774064540863037,0.006604911759495735,0.015981240198016167,22.871484756469727,0.00516240019351244,0.15495415031909943,0.011856535449624062,0.22304373979568481,19.490154266357422,0.011245648376643658,0.24541756510734558,0.004607874434441328,0.015536696650087833,25.336490631103516,0.002926517277956009,0.08308619260787964,0.010239340364933014,0.000435487600043416,19.300500869750977,0.011747624725103378,0.23583295941352844,25.824033737182617,0.0026157537940889597,0.09166058897972107,38.282691955566406,0.00014850159641355276,25.235553741455078,0.0029953313060104847,0.10983358323574066,20.95048713684082,0.008034363389015198,0.1838570237159729,20.361661911010742,0.009200978092849255,0.2176057994365692,24.230838775634766,0.0037749959155917168,0.10474985837936401,30.641681671142578,0.0008626442868262529,23.74374008178711,0.004223049618303776,0.12682855129241943,20.27157974243164,0.00939381867647171,0.1953335404396057,19.723552703857422,0.010657239705324173,0.23165932297706604,27.778644561767578,0.0016677676467224956,0.04352208226919174,31.042564392089844,0.0007865816005505621,27.43923568725586,0.0018033345695585012,0.05213705450296402
31405,318,11,367,-1,4,23.75133514404297,0.11735205352306366,19.034343719482422,0.1285388469696045,27.056913375854492,21.157432556152344,0.16003510355949402,18.01816749572754,23.448781967163086,0.07172133773565292,18.051565170288086,18.2506160736084,18.304136276245117,0.2612367570400238,100.0,0.34710678458213806,0.37031498551368713,367,399,0.3275156021118164,0,0,0.004215669352561235,0.001969285309314728,23.40914535522461,0.004561266861855984,0.13332483172416687,0.01249009557068348,0.2587759792804718,18.517629623413086,0.01406815368682146,0.2942505478858948,0.007660496514290571,0.01566186547279358,21.9182186126709,0.006429516710340977,0.1665794998407364,0.01578277349472046,0.2857806086540222,17.988080978393555,0.01589249074459076,0.3110489845275879,0.004519828129559755,0.01496023591607809,25.355682373046875,0.002913611475378275,0.06603923439979553,0.014777008444070816,0.0,17.682655334472656,0.017050394788384438,0.2991147041320801,24.475467681884766,0.003568233223631978,0.1037323921918869,35.19245910644531,0.0003025200858246535,23.903362274169922,0.004070650786161423,0.121244415640831,19.103126525878906,0.012293838895857334,0.24712806940078735,18.489179611206055,0.014160610735416412,0.2849131226539612,23.10365867614746,0.004893663339316845,0.11840356886386871,30.706737518310547,0.0008498188690282404,22.583921432495117,0.005515793338418007,0.13580483198165894,18.629762649536133,0.013709567487239838,0.259257048368454,18.035982131958008,0.015718163922429085,0.2959880530834198,27.95690155029297,0.0016007005469873548,0.034373264759778976,31.533527374267578,0.0007025016820989549,27.597291946411133,0.0017388848355039954,0.04014196619391441
31643,318,11,637,-1,0,18.687278747558594,0.26641422510147095,15.385538101196289,0.315425843000412,24.890792846679688,17.60519027709961,0.2955942749977112,14.835610389709473,23.270170211791992,0.07802334427833557,17.8804988861084,18.230783462524414,14.774120330810547,0.376762330532074,33.47898864746094,0.588206946849823,0.5362497568130493,637,669,0.41636598110198975,0,0,0.013529202900826931,0.003242805367335677,18.20686149597168,0.015111725777387619,0.30721649527549744,0.028936518356204033,0.38214877247810364,14.833642959594727,0.03285758197307587,0.4395170211791992,0.017357250675559044,0.016291089355945587,17.564342498779297,0.017521275207400322,0.3314376473426819,0.032842714339494705,0.399289608001709,14.501723289489746,0.035467274487018585,0.45219409465789795,0.004709589295089245,0.01502870675176382,25.055627822875977,0.003122032154351473,0.07681503146886826,0.03331102803349495,0.0004488498088903725,14.16045093536377,0.03836674615740776,0.4358896017074585,18.82459831237793,0.013108118437230587,0.2518099546432495,31.267169952392578,0.0007469352567568421,18.23624038696289,0.015009839087724686,0.29562437534332275,15.30566120147705,0.029473649337887764,0.37141430377960205,14.695229530334473,0.03392166271805763,0.4314418137073517,18.262479782104492,0.014919421635568142,0.2660481035709381,26.110347747802734,0.0024488673079758883,17.737104415893555,0.016837967559695244,0.31042662262916565,15.010323524475098,0.03154769912362099,0.38695430755615234,14.427936553955078,0.036075010895729065,0.44865795969963074,26.905242919921875,0.0020392746664583683,0.043972715735435486,27.442188262939453,0.0018021102296188474,26.828227996826172,0.002075761556625366,0.05086268484592438
31661,318,11,655,-1,2,21.542675018310547,0.187949538230896,20.678382873535156,0.2525429427623749,25.855226516723633,19.668670654296875,0.21350327134132385,19.063343048095703,23.09751319885254,0.07764934003353119,17.889211654663086,17.85498046875,19.78005599975586,0.14988288283348083,100.0,0.32941538095474243,0.7666398286819458,655,687,0.43963193893432617,0,0,0.007010233122855425,0.002597032580524683,21.14119529724121,0.007689187303185463,0.210224911570549,0.008553852327167988,0.16212904453277588,20.2099609375,0.009528047405183315,0.1839451938867569,0.010792774148285389,0.016258440911769867,20.02094078063965,0.00995190255343914,0.22736194729804993,0.012406972236931324,0.1836642324924469,19.287378311157227,0.011783169582486153,0.19596314430236816,0.004900593310594559,0.01638709008693695,25.03978729248047,0.003133439924567938,0.07236531376838684,0.010519479401409626,0.0,19.15857696533203,0.012137860991060734,0.17304176092147827,21.966001510620117,0.00635915994644165,0.1656167060136795,35.531742095947266,0.000279785948805511,21.37007713317871,0.007294448558241129,0.19170501828193665,21.09758186340332,0.007766796741634607,0.1458534598350525,20.486995697021484,0.008939237333834171,0.16953812539577484,20.803346633911133,0.00831123348325491,0.1752779185771942,26.653514862060547,0.002160969190299511,20.335098266601562,0.009257428348064423,0.20074403285980225,20.11774444580078,0.00973252672702074,0.1519617736339569,19.620018005371094,0.010914359241724014,0.17489536106586456,26.742097854614258,0.0021173383574932814,0.0437283031642437,26.946929931640625,0.0020197934936732054,26.71142578125,0.0021323454566299915,0.050446972250938416
31750,318,11,776,-1,0,24.25288200378418,0.13984382152557373,20.170455932617188,0.1831701248884201,25.31964111328125,22.076473236083984,0.16712984442710876,19.1236572265625,24.862903594970703,0.06630624830722809,18.017948150634766,18.068572998046875,19.61479949951172,0.19710302352905273,100.0,0.43017682433128357,0.42580193281173706,776,808,0.41574981808662415,0,0,0.0037558816839009523,0.002937894081696868,24.109752655029297,0.003881725948303938,0.16083526611328125,0.00961511954665184,0.21729116141796112,19.72655487060547,0.010649872943758965,0.25433066487312317,0.006199442781507969,0.01578357256948948,23.256017684936523,0.004724961239844561,0.18283069133758545,0.012235857546329498,0.22959578037261963,19.339252471923828,0.011643264442682266,0.2584378123283386,0.003263693768531084,0.015600644052028656,28.646446228027344,0.0013657012023031712,0.06401052325963974,0.010927483439445496,0.0,18.99332046508789,0.012608636170625687,0.231925368309021,25.044235229492188,0.0031302315182983875,0.1225544810295105,37.52370834350586,0.00017685978673398495,24.455596923828125,0.003584596561267972,0.14549675583839417,20.310914993286133,0.009309118613600731,0.19930849969387054,19.70091438293457,0.010712939314544201,0.2363962084054947,23.95562171936035,0.0040219621732831,0.13863326609134674,31.894977569580078,0.0006464016623795033,23.428218841552734,0.004541279282420874,0.1645573079586029,19.880006790161133,0.010280145332217216,0.20408795773983002,19.291160583496094,0.011772913858294487,0.2414620816707611,30.236492156982422,0.0009470016811974347,0.041285134851932526,32.56403350830078,0.0005541110876947641,29.96778106689453,0.0010074464371427894,0.04935717582702637
31963,318,11,989,-1,1,25.336624145507812,0.08224446326494217,23.5689697265625,0.13496291637420654,28.180797576904297,21.738887786865234,0.12977445125579834,20.82577896118164,22.742605209350586,0.0911170020699501,18.068187713623047,18.128116607666016,21.93868637084961,0.057062167674303055,32.54507827758789,0.17707036435604095,0.762199342250824,989,1021,0.37016957998275757,0,0,0.002926427638158202,0.0015202682698145509,25.02688980102539,0.0031427599024027586,0.09542740881443024,0.004396460019052029,0.07268540561199188,23.186628341674805,0.004801060538738966,0.08188426494598389,0.006700561847537756,0.015602033585309982,22.731828689575195,0.005331105552613735,0.13341401517391205,0.008268412202596664,0.1178455799818039,21.472496032714844,0.007124435156583786,0.11586670577526093,0.005317892413586378,0.015388225205242634,24.238187789916992,0.003768610768020153,0.08594906330108643,0.006399286445230246,0.00055653479648754,21.36785888671875,0.007298171520233154,0.06552435457706451,26.814926147460938,0.0020821283105760813,0.06885594129562378,38.52063751220703,0.00014058414672035724,26.23272132873535,0.0023808274418115616,0.08284558355808258,24.289777755737305,0.0037241079844534397,0.055314600467681885,23.744714736938477,0.00422210106626153,0.0650874674320221,24.14838409423828,0.003847349900752306,0.08858568966388702,29.603206634521484,0.0010956692276522517,23.695022583007812,0.004270685371011496,0.10531126707792282,22.488439559936523,0.005638401955366135,0.07761644572019577,22.014379501342773,0.006288717035204172,0.08945949375629425,26.20691680908203,0.0023950154427438974,0.04917585104703903,29.885292053222656,0.001026764279231429,25.841064453125,0.002605515532195568,0.05711327865719795
31991,318,11,1049,-1,2,20.763704299926758,0.2005244940519333,15.432319641113281,0.24334442615509033,25.054643630981445,19.180707931518555,0.23313844203948975,14.85576057434082,22.53147315979004,0.09340191632509232,17.793867111206055,18.148696899414062,14.854177474975586,0.34115198254585266,100.0,0.500596821308136,0.48610860109329224,1049,1081,0.4265443682670593,0,0,0.00838744267821312,0.003122740425169468,20.36334991455078,0.009197397157549858,0.22904697060585022,0.028626488521695137,0.3568325936794281,14.847209930419922,0.032755110412836075,0.40869396924972534,0.012076172977685928,0.016619330272078514,19.439638137817383,0.011377224698662758,0.2583879232406616,0.032690681517124176,0.3722464144229889,14.51544189453125,0.03535541892051697,0.4170631170272827,0.005582810845226049,0.015315472148358822,23.8875732421875,0.004085478372871876,0.0916195809841156,0.032702602446079254,0.0,14.232697486877441,0.0377337746322155,0.39506176114082336,21.215171813964844,0.007559324149042368,0.17179030179977417,34.32430648803711,0.000369461951777339,20.622085571289062,0.008665456436574459,0.20167282223701477,15.496624946594238,0.028205741196870804,0.33743956685066223,14.879714012145996,0.032510869204998016,0.39279279112815857,20.308116912841797,0.00931511539965868,0.19431564211845398,31.063152313232422,0.0007828617235645652,19.735578536987305,0.010627769865095615,0.227006733417511,15.191932678222656,0.030255671590566635,0.34877675771713257,14.583778381347656,0.034803446382284164,0.4068227708339691,25.868253707885742,0.002589253941550851,0.05638471990823746,31.750999450683594,0.0006681903032585979,25.398841857910156,0.0028848021756857634,0.06480119377374649
32093,318,11,1151,-1,0,23.18414878845215,0.1370714008808136,21.087764739990234,0.21348200738430023,27.387197494506836,20.93085479736328,0.17846417427062988,19.51172637939453,23.353178024291992,0.08331053704023361,18.076839447021484,18.14899444580078,20.05931854248047,0.12207064777612686,100.0,0.40580615401268005,0.526068925857544,1151,1183,0.38069283962249756,0,0,0.004803801886737347,0.0018250729190185666,22.788436889648438,0.005262067075818777,0.1575377732515335,0.007784368935972452,0.13808640837669373,20.645057678222656,0.008619742467999458,0.15725764632225037,0.008070758543908596,0.015570985153317451,21.60089874267578,0.006916877813637257,0.19008392095565796,0.011189926415681839,0.1624090075492859,19.776790618896484,0.010527395643293858,0.1716640293598175,0.004620428197085857,0.015314423479139805,25.264842987060547,0.0029751979745924473,0.07634053379297256,0.00986434519290924,0.0,19.43783950805664,0.011381937190890312,0.14196492731571198,23.887548446655273,0.00408549839630723,0.11761149019002914,37.96979522705078,0.00015959551092237234,23.28874969482422,0.004689483437687159,0.13765239715576172,21.54212760925293,0.00701111787930131,0.11984919011592865,20.932226181030273,0.008068214170634747,0.13922598958015442,22.63919448852539,0.005446038208901882,0.13911890983581543,30.968547821044922,0.0008001020178198814,22.1036319732666,0.0061607975512743,0.16061826050281525,20.638259887695312,0.00863324198871851,0.13309800624847412,20.06915283203125,0.00984202977269888,0.15552440285682678,27.500137329101562,0.0017782223876565695,0.04972474277019501,31.243606567382812,0.0007509992574341595,27.130373001098633,0.0019362567691132426,0.05688580125570297
32143,318,11,1201,-1,2,19.679885864257812,0.1849849373102188,17.527524948120117,0.2902800440788269,25.26788902282715,18.409103393554688,0.2210216522216797,16.629064559936523,22.68296241760254,0.08793286234140396,18.11629295349121,18.0035400390625,16.745832443237305,0.24721941351890564,42.60818099975586,0.44970130920410156,0.6454952359199524,1201,1233,0.4545365273952484,0,0,0.01076494064182043,0.0029731106478720903,19.221351623535156,0.011963683180510998,0.20954523980617523,0.01767045445740223,0.25728532671928406,16.98158836364746,0.020037392154335976,0.2930324375629425,0.014424136839807034,0.015430170111358166,18.455955505371094,0.014269362203776836,0.2427007555961609,0.02173168957233429,0.2832123637199402,16.433000564575195,0.022735264152288437,0.30988460779190063,0.005391429178416729,0.015836020931601524,24.219837188720703,0.003784569213166833,0.08357089757919312,0.021155187860131264,5.485070505528711e-05,16.1258544921875,0.024401390925049782,0.28658097982406616,19.9857120513916,0.01003295462578535,0.1713552623987198,35.25202178955078,0.00029839936178177595,19.381488800048828,0.011530578136444092,0.19903451204299927,17.637313842773438,0.017229344695806503,0.239216148853302,17.0216064453125,0.019853604957461357,0.2768566310405731,19.234636306762695,0.011927145533263683,0.19263610243797302,31.309722900390625,0.0007396526634693146,18.649213790893555,0.013648297637701035,0.22409740090370178,17.139875411987305,0.01932024210691452,0.25339242815971375,16.536340713500977,0.02220066264271736,0.2924343943595886,26.13163185119629,0.0024368951562792063,0.05668935552239418,32.28014373779297,0.0005915421061217785,25.653039932250977,0.0027207955718040466,0.06500210613012314
32172,318,11,1230,-1,3,24.894542694091797,0.09966152161359787,21.643259048461914,0.14272736012935638,29.004850387573242,21.790925979614258,0.13823707401752472,19.867952346801758,22.988603591918945,0.09376425296068192,18.066287994384766,17.989870071411133,20.79411506652832,0.07798948138952255,100.0,0.19913628697395325,0.7167320251464844,1230,1262,0.4212227165699005,0,0,0.003240006510168314,0.00125752086751163,24.50383186340332,0.0035450044088065624,0.11776493489742279,0.006849742028862238,0.0981721505522728,21.201202392578125,0.007583674509078264,0.10781852900981903,0.00662075262516737,0.015608860179781914,22.808372497558594,0.005237967241555452,0.14928391575813293,0.010308717377483845,0.12596726417541504,20.235450744628906,0.00947229191660881,0.12642578780651093,0.005025043152272701,0.015885939821600914,24.74419403076172,0.003354136599227786,0.0942097008228302,0.008328915573656559,0.0,20.172636032104492,0.009610287845134735,0.08606401830911636,26.2294921875,0.0023825978860259056,0.080404132604599,38.559165954589844,0.00013934241724200547,25.642011642456055,0.002727714367210865,0.09624621272087097,21.846630096435547,0.006536373868584633,0.08100120723247528,21.233806610107422,0.00752695556730032,0.09144595265388489,24.12755584716797,0.0038658464327454567,0.10575538128614426,31.70790672302246,0.000674853625241667,23.608356475830078,0.004356768447905779,0.1258312463760376,20.92311668395996,0.008085156790912151,0.0987732857465744,20.347984313964844,0.00923000369220972,0.11081887781620026,26.885311126708984,0.002048655180260539,0.056839123368263245,31.859189987182617,0.0006517500150948763,26.45207405090332,0.002263563685119152,0.06709964573383331
32209,318,11,1267,-1,0,26.85739517211914,0.08390386402606964,22.172203063964844,0.12614862620830536,28.134849548339844,23.105592727661133,0.11730429530143738,20.607269287109375,23.961910247802734,0.0758734941482544,18.004268646240234,18.038368225097656,21.213542938232422,0.07398803532123566,100.0,0.3052012622356415,0.4133293032646179,1267,1299,0.4023692309856415,0,0,0.0020618669223040342,0.0015364382416009903,26.690383911132812,0.0021427019964903593,0.09509781002998352,0.006064289715141058,0.08657136559486389,21.793468475341797,0.006616881117224693,0.09777405112981796,0.004891487304121256,0.015833361074328423,24.93749237060547,0.003208121983334422,0.12087616324424744,0.008695071563124657,0.11528798937797546,21.158382415771484,0.007658818271011114,0.11641203612089157,0.004016141872853041,0.01570952869951725,26.54203224182129,0.0022171596065163612,0.07444747537374496,0.007562158163636923,0.0,20.59206199645996,0.00872556772083044,0.08744580298662186,28.747241973876953,0.001334369066171348,0.06841663271188736,37.75361251831055,0.00016774091636762023,28.199172973632812,0.0015138504095375538,0.07983534783124924,22.624984741210938,0.00546388840302825,0.0689074695110321,22.017730712890625,0.006283866707235575,0.08133728802204132,26.31464958190918,0.0023363351356238127,0.08948253095149994,31.35717010498047,0.0007316157571040094,25.878393173217773,0.002583215245977044,0.10240934044122696,21.759145736694336,0.006669380236417055,0.08952198922634125,21.194263458251953,0.007595802191644907,0.10240089148283005,28.5184326171875,0.0014065548311918974,0.04686422646045685,31.45166015625,0.0007158699445426464,28.202144622802734,0.0015128139639273286,0.052756719291210175
32223,318,11,1281,-1,2,19.88151741027832,0.25211620330810547,15.120504379272461,0.2685346007347107,23.912839889526367,18.82505226135254,0.27184247970581055,14.687417984008789,24.927330017089844,0.0471993163228035,17.82526206970215,18.08858871459961,14.736799240112305,0.3292475938796997,100.0,0.5042851567268372,0.532505452632904,1281,1313,0.3812609612941742,0,0,0.01027657464146614,0.004061776679009199,19.495161056518555,0.01123269647359848,0.2779814302921295,0.03075740486383438,0.3413698673248291,14.559274673461914,0.035000357776880264,0.37945282459259033,0.01310674287378788,0.01649961620569229,19.001548767089844,0.012584763579070568,0.29647505283355713,0.03398272767663002,0.351957231760025,14.344057083129883,0.0367785282433033,0.3841635584831238,0.00321563589386642,0.015528916381299496,28.790035247802734,0.0013212849153205752,0.036283787339925766,0.03359851986169815,0.0,14.11531925201416,0.03876752406358719,0.3707146644592285,19.89474105834961,0.010245326906442642,0.22844639420509338,32.178775787353516,0.000605511711910367,19.307621002197266,0.011728375218808651,0.2574317753314972,15.003076553344727,0.031600385904312134,0.3352893888950348,14.387628555297852,0.03641137853264809,0.37872517108917236,19.632038116455078,0.01088418997824192,0.23389731347560883,29.607393264770508,0.0010946131078526378,19.069189071655273,0.012390279211103916,0.2628174424171448,14.90170955657959,0.032346632331609726,0.3376176059246063,14.293061256408691,0.03721293434500694,0.38009172677993774,31.206018447875977,0.0007575273630209267,0.021450035274028778,30.979228973388672,0.0007981365197338164,31.241981506347656,0.0007512798183597624,0.023720506578683853
32604,318,11,1726,-1,3,16.968595504760742,0.25824591517448425,15.050783157348633,0.35889574885368347,24.690587997436523,15.79551887512207,0.2833610773086548,14.219226837158203,20.52161407470703,0.0870894342660904,17.89948081970215,17.8831844329834,14.056861877441406,0.27858078479766846,100.0,0.4887157082557678,0.7343651056289673,1726,1758,0.4012720286846161,0,0,0.020097432658076286,0.003395793493837118,16.446075439453125,0.022666918113827705,0.28476202487945557,0.03125515207648277,0.2846619188785553,14.467677116394043,0.035746410489082336,0.3151102662086487,0.02632983773946762,0.01622004620730877,15.5462646484375,0.027885189279913902,0.30176544189453125,0.0378510020673275,0.30509889125823975,13.849906921386719,0.04121064394712448,0.3261084258556366,0.008868264965713024,0.016281021758913994,21.11941909790039,0.007727841380983591,0.08141659200191498,0.03929287567734718,0.0,13.435382843017578,0.04533793404698372,0.3117033541202545,17.245084762573242,0.018857819959521294,0.24518147110939026,30.31641387939453,0.0009297335636802018,16.65224838256836,0.02161598764359951,0.27526482939720154,15.22712230682373,0.030011506751179695,0.26859158277511597,14.610594749450684,0.03458920493721962,0.30230459570884705,16.217769622802734,0.023890381678938866,0.24927398562431335,27.260305404663086,0.001879184739664197,15.64207935333252,0.027276718989014626,0.2766134440898895,14.514581680297852,0.03536241129040718,0.284364253282547,13.91301155090332,0.04061616584658623,0.31668224930763245,22.217281341552734,0.006001668982207775,0.0653371810913086,28.544052124023438,0.0013982821255922318,21.73284912109375,0.006709882523864508,0.07260387390851974
32644,318,11,1766,-1,3,26.69904327392578,0.10301724821329117,22.728187561035156,0.14492622017860413,26.137035369873047,23.495447158813477,0.13563911616802216,21.090173721313477,24.939756393432617,0.06326444447040558,18.089069366455078,18.085466384887695,22.14427947998047,0.1898406594991684,100.0,0.26528534293174744,0.5463031530380249,1766,1798,0.39142245054244995,0,0,0.0021384332794696093,0.0024338657967746258,26.792346954345703,0.00209298194386065,0.11927041411399841,0.005335576832294464,0.19291459023952484,22.32656478881836,0.005852528382092714,0.22835415601730347,0.0044715204276144505,0.015527195297181606,25.574188232421875,0.0027706476394087076,0.15018445253372192,0.007780055049806833,0.21948480606079102,21.88188934326172,0.006483523175120354,0.24494871497154236,0.0032064500264823437,0.015540089458227158,28.83071517944336,0.001308967126533389,0.05980641394853592,0.006103405728936195,0.0,21.522798538208008,0.007042391691356897,0.22777074575424194,27.87871551513672,0.0016297779511660337,0.08902198076248169,35.241966247558594,0.00029909118893556297,27.364826202392578,0.0018344989512115717,0.10604989528656006,23.077896118164062,0.004922779742628336,0.18053357303142548,22.475704193115234,0.005654958542436361,0.21708367764949799,26.264965057373047,0.0023632163647562265,0.1053970605134964,29.794025421142578,0.0010485703824087977,25.90833282470703,0.0025654698256403208,0.1256430447101593,22.444766998291016,0.005695389583706856,0.1923583298921585,21.90859603881836,0.006443775724619627,0.23016712069511414,30.063453674316406,0.0009854957461357117,0.0350053533911705,30.616405487060547,0.0008676799479871988,29.984302520751953,0.0010036212624982,0.042293451726436615
32850,318,11,1972,-1,1,25.512699127197266,0.11246712505817413,21.36104393005371,0.17849619686603546,25.01641273498535,22.632863998413086,0.1416243612766266,19.890260696411133,24.313541412353516,0.07079621404409409,17.824296951293945,17.998634338378906,20.60558319091797,0.2274923026561737,100.0,0.38241109251976013,0.46676522493362427,1972,2004,0.4439617991447449,0,0,0.0028101534117013216,0.003150349482893944,25.594348907470703,0.0027578158769756556,0.1291317194700241,0.007309634238481522,0.24080096185207367,20.898855209350586,0.008130450733006,0.2815183401107788,0.0054539828561246395,0.016503281891345978,24.25495147705078,0.0037540914490818977,0.15408533811569214,0.010255904868245125,0.2565954327583313,20.323450088500977,0.009282286278903484,0.2865128517150879,0.0037037855945527554,0.015853919088840485,27.364742279052734,0.0018345339922234416,0.0697106346487999,0.008698448538780212,0.0,19.984102249145508,0.010036671534180641,0.2700481712818146,26.67034339904785,0.0021526115015149117,0.10267283022403717,30.724288940429688,0.0008463910780847073,26.282732009887695,0.002353568561375141,0.12359406799077988,21.732196807861328,0.00671089394018054,0.2306610643863678,21.127323150634766,0.007713786326348782,0.2744449973106384,24.779226303100586,0.003327189013361931,0.1182323694229126,27.039413452148438,0.0019772362429648638,24.516260147094727,0.0035348746459931135,0.1380269080400467,20.95209503173828,0.008031382225453854,0.23890341818332672,20.4171199798584,0.009084224700927734,0.27984148263931274,28.473400115966797,0.001421215943992138,0.04784884303808212,29.654861450195312,0.001082714879885316,28.317108154296875,0.0014732929412275553,0.057357583194971085
32896,318,11,2018,-1,3,24.15338897705078,0.10301012545824051,18.01677131652832,0.1894068717956543,25.710983276367188,21.55775260925293,0.1372883915901184,17.12309455871582,23.059326171875,0.08030274510383606,18.041677474975586,18.1122989654541,17.464902877807617,0.27006492018699646,100.0,0.443655788898468,0.4269230365753174,2018,2050,0.4280549883842468,0,0,0.00384291703812778,0.002684737090021372,23.956554412841797,0.004021098837256432,0.11714053153991699,0.015787847340106964,0.2789178192615509,17.476707458496094,0.01787843182682991,0.321079283952713,0.006985939107835293,0.015697568655014038,22.482831954956055,0.005645687226206064,0.14350630342960358,0.01939503103494644,0.3015654385089874,17.012422561645508,0.019895629957318306,0.3352694809436798,0.004943877458572388,0.015444370917975903,24.77762222290039,0.0033284169621765614,0.07528530806303024,0.01792709156870842,0.0,16.843421936035156,0.0206851065158844,0.3150375783443451,25.809144973754883,0.002624735003337264,0.08837518841028214,34.24779510498047,0.00037602821248583496,25.271427154541016,0.0029706901405006647,0.10340488702058792,18.433753967285156,0.014342490583658218,0.2693238854408264,17.81772232055664,0.016528286039829254,0.313865602016449,23.417381286621094,0.004552626051008701,0.11375334113836288,29.813568115234375,0.0010438624303787947,22.930744171142578,0.005092435982078314,0.1309499591588974,17.796628952026367,0.016608761623501778,0.2786310911178589,17.199440002441406,0.01905706711113453,0.3239019811153412,26.157211303710938,0.002422584453597665,0.04464007169008255,31.205547332763672,0.0007576096104457974,25.720703125,0.0026787349488586187,0.05075627565383911
33139,318,11,2293,-1,1,22.662521362304688,0.11545293033123016,18.32699966430664,0.19934502243995667,27.944204330444336,20.612350463867188,0.14021891355514526,17.34658432006836,23.094579696655273,0.08141415566205978,18.0578670501709,18.132972717285156,17.554588317871094,0.15960797667503357,100.0,0.37039944529533386,0.5381892919540405,2293,2325,0.41246938705444336,0,0,0.005416865460574627,0.0016053859144449234,22.21613883972168,0.006003247573971748,0.13209444284439087,0.014699417166411877,0.17485511302947998,17.751596450805664,0.016781868413090706,0.20043960213661194,0.008684908039867878,0.015639154240489006,21.18328857421875,0.007615024223923683,0.15190941095352173,0.018422206863760948,0.1942186802625656,17.240676879882812,0.018876975402235985,0.21076446771621704,0.004903905093669891,0.015371023677289486,24.823320388793945,0.0032935794442892075,0.0794978141784668,0.017560673877596855,0.0,16.933109283447266,0.02026231586933136,0.18421034514904022,23.1935977935791,0.0047933622263371944,0.09809671342372894,36.96331787109375,0.00020121851412113756,22.596494674682617,0.005499844904989004,0.1152365654706955,18.380958557128906,0.014517915435135365,0.15900686383247375,17.76491928100586,0.016730472445487976,0.18524065613746643,22.034931182861328,0.006259027402848005,0.11226808279752731,31.20811653137207,0.0007571612950414419,21.484073638916016,0.0071054683066904545,0.13055828213691711,17.89535140991211,0.0162354689091444,0.1706312894821167,17.296003341674805,0.018638018518686295,0.19872166216373444,26.722881317138672,0.0021267281845211983,0.049041472375392914,31.917600631713867,0.0006430430221371353,26.280115127563477,0.002354987431317568,0.056993402540683746
33162,318,11,2316,-1,0,20.950977325439453,0.21226245164871216,17.556812286376953,0.22730933129787445,26.498512268066406,19.42531394958496,0.241561159491539,16.751083374023438,23.57646942138672,0.08293812721967697,18.24396324157715,18.226913452148438,16.921546936035156,0.23980429768562317,100.0,0.42017337679862976,0.5409893989562988,2316,2348,0.37881597876548767,0,0,0.008033454418182373,0.0022394878324121237,20.493999481201172,0.008924834430217743,0.24220320582389832,0.017551682889461517,0.25682923197746277,17.003862380981445,0.01993488147854805,0.2946954667568207,0.011414808221161366,0.014983169734477997,19.639371871948242,0.010865830816328526,0.266586035490036,0.021129624918103218,0.26495322585105896,16.55937385559082,0.022083234041929245,0.2926642894744873,0.004388872999697924,0.015042107552289963,25.6068115234375,0.002749913837760687,0.08037643134593964,0.020316336303949356,0.0,16.300067901611328,0.023441927507519722,0.2786695659160614,21.147584915161133,0.007677885703742504,0.1825832724571228,35.02473449707031,0.00031443184707313776,20.549884796142578,0.008810725063085556,0.21307620406150818,17.580957412719727,0.017454378306865692,0.23714958131313324,16.9675235748291,0.02010238729417324,0.2779325842857361,20.390331268310547,0.009140432812273502,0.20320922136306763,31.50518226623535,0.0007071017753332853,19.81388282775879,0.010437867604196072,0.2342039793729782,17.2186336517334,0.018973026424646378,0.24578937888145447,16.616750717163086,0.021793395280838013,0.2853371798992157,27.513654708862305,0.0017726977821439505,0.05325005576014519,31.711036682128906,0.0006743670091964304,27.118242263793945,0.0019416718278080225,0.060627248138189316
33324,318,11,2478,-1,2,24.778972625732422,0.10439363121986389,18.61634063720703,0.16546222567558289,27.023326873779297,21.95901870727539,0.13957680761814117,17.612058639526367,23.602067947387695,0.07739799469709396,18.149188995361328,18.183637619018555,17.898141860961914,0.1534549444913864,100.0,0.4454557001590729,0.37144485116004944,2478,2510,0.39524245262145996,0,0,0.003327384125441313,0.0019845739006996155,24.517372131347656,0.0035339705646038055,0.11794327944517136,0.013752001337707043,0.16952379047870636,18.06156349182129,0.01562584936618805,0.19017165899276733,0.006369396112859249,0.015313737094402313,23.01608657836914,0.004993343725800514,0.1460684835910797,0.017329828813672066,0.18880152702331543,17.536588668823242,0.017633609473705292,0.19814464449882507,0.004363080020993948,0.015192744322121143,25.691226959228516,0.0026969776954501867,0.07346721738576889,0.016225038096308708,0.0,17.27666473388672,0.018721196800470352,0.1745331883430481,25.942787170410156,0.002545196795836091,0.08282631635665894,37.33574295043945,0.00018468254711478949,25.3635311126709,0.002908352529630065,0.09596489369869232,18.626052856445312,0.013721290044486523,0.15280389785766602,18.010913848876953,0.01580915041267872,0.17528405785560608,24.167850494384766,0.0038301432505249977,0.10757839679718018,30.877849578857422,0.0008169868960976601,23.671680450439453,0.004293705336749554,0.12391463667154312,18.18842315673828,0.015176010318100452,0.16623102128505707,17.595558166503906,0.01739579252898693,0.18908238410949707,27.64396858215332,0.0017202957533299923,0.05193379893898964,31.267086029052734,0.0007469499250873923,27.281490325927734,0.0018700413638725877,0.059818122535943985
33394,318,11,2548,-1,0,23.86206817626953,0.12352243065834045,19.253427505493164,0.19594362378120422,27.321365356445312,21.27873992919922,0.1676735132932663,18.171100616455078,23.41022491455078,0.08398254215717316,18.142274856567383,18.206209182739258,18.49260902404785,0.17753762006759644,100.0,0.3769928514957428,0.5197542309761047,2548,2580,0.4302903115749359,0,0,0.004109540022909641,0.001852949964813888,23.509857177734375,0.004456707742065191,0.14222438633441925,0.011875648982822895,0.19016826152801514,18.762964248657227,0.01329546794295311,0.21457426249980927,0.007449483964592218,0.01533813402056694,22.051048278808594,0.006235845852643251,0.1798287183046341,0.015236667357385159,0.2061142772436142,18.157032012939453,0.015286103822290897,0.22091829776763916,0.004560134373605251,0.015113992616534233,25.321752548217773,0.0029364635702222586,0.08224335312843323,0.014149434864521027,0.0,17.871129989624023,0.01632627286016941,0.20296792685985565,24.5657901763916,0.0034947891253978014,0.10429010540246964,37.2197151184082,0.00018968306540045887,23.97585678100586,0.004003266803920269,0.12240239232778549,19.227293014526367,0.0119473310187459,0.17615875601768494,18.615711212158203,0.013753996230661869,0.2019082009792328,23.208690643310547,0.004776732064783573,0.13239528238773346,30.001434326171875,0.0009996695443987846,22.710121154785156,0.005357818678021431,0.15195563435554504,18.77220344543457,0.013267214410007,0.1825156807899475,18.187854766845703,0.015177998691797256,0.2074621319770813,27.520469665527344,0.0017699172021821141,0.051632244139909744,30.790729522705078,0.0008335413294844329,27.18063735961914,0.0019139748765155673,0.06045573949813843
33442,318,11,2596,-1,0,26.396657943725586,0.09488047659397125,22.045185089111328,0.13730302453041077,28.260068893432617,23.106782913208008,0.13521943986415863,20.607688903808594,24.182289123535156,0.07974910736083984,18.28468132019043,18.176265716552734,21.544857025146484,0.08428720384836197,100.0,0.20398341119289398,0.6731087565422058,2596,2628,0.40708065032958984,0,0,0.0022926321253180504,0.0014927713200449944,26.169593811035156,0.002415688009932637,0.10862966626882553,0.0062442682683467865,0.09014442563056946,21.569387435913086,0.0069672465324401855,0.10236693173646927,0.00489014433696866,0.014843354001641273,24.738054275512695,0.0033588807564228773,0.1415756642818451,0.00869422871619463,0.11734678596258163,21.105239868164062,0.0077531118877232075,0.11848531663417816,0.0038174304645508528,0.015218554995954037,26.854143142700195,0.0020634112879633904,0.07477553933858871,0.007006713189184666,0.0,20.923377990722656,0.008084668777883053,0.09801144897937775,28.228679656982422,0.0015035998076200485,0.07536642998456955,37.83561325073242,0.000164603246957995,27.671058654785156,0.001709599164314568,0.08891046047210693,22.6267032623291,0.005461723543703556,0.07689327746629715,22.02007484436035,0.006280476227402687,0.09076058119535446,26.112083435058594,0.0024478891864418983,0.1032065749168396,30.223228454589844,0.0009498981526121497,25.721328735351562,0.0026783491484820843,0.12085513025522232,21.96329116821289,0.006363130174577236,0.09193837642669678,21.424110412597656,0.007204252760857344,0.10768166184425354,28.80340576171875,0.0013172234175726771,0.047630880028009415,30.474578857421875,0.0008964832522906363,28.595067977905273,0.0013819527812302113,0.05574346333742142
33607,318,11,2793,-1,3,22.977819442749023,0.14617346227169037,18.894018173217773,0.16937017440795898,25.343210220336914,20.7193603515625,0.18637582659721375,17.764013290405273,22.969758987426758,0.08123642951250076,18.066322326660156,18.12834930419922,18.095624923706055,0.20355108380317688,34.4167594909668,0.3721272051334381,0.45514053106307983,2793,2825,0.40317046642303467,0,0,0.005037536844611168,0.0029219924472272396,22.70591926574707,0.005363004747778177,0.1700756549835205,0.012900258414447308,0.21670213341712952,18.366172790527344,0.01456741988658905,0.2546941936016083,0.00847352109849453,0.01560873445123434,21.321910858154297,0.00737579632550478,0.20313897728919983,0.01673395372927189,0.23730577528476715,17.714698791503906,0.016925057396292686,0.2616088390350342,0.005046894308179617,0.015387392602860928,24.614200592041016,0.0034560482017695904,0.07539433240890503,0.01550377905368805,0.00036167982034385204,17.487674713134766,0.01783333346247673,0.2405214160680771,23.773042678833008,0.0041946484707295895,0.1299164593219757,31.435672760009766,0.0007185101858340204,23.251903533935547,0.004729439038783312,0.15603546798229218,19.014625549316406,0.012546931393444538,0.1998133361339569,18.41484260559082,0.014405078254640102,0.2384411245584488,22.37841033935547,0.005783075001090765,0.1503836065530777,28.402721405029297,0.0014445347478613257,21.904037475585938,0.0064505417831242085,0.1787029206752777,18.414533615112305,0.014406112022697926,0.20958124101161957,17.84330177307129,0.016431225463747978,0.2489319145679474,26.81727409362793,0.0020810028072446585,0.043328169733285904,30.354368209838867,0.0009216442122124135,26.460134506225586,0.002259365748614073,0.049526721239089966
33747,318,11,2933,-1,3,24.558292388916016,0.1323188990354538,18.99060821533203,0.1337316781282425,26.51663589477539,21.89693260192871,0.17565786838531494,17.946277618408203,23.959569931030273,0.08499281853437424,17.87059211730957,18.171733856201172,18.467958450317383,0.2700515687465668,100.0,0.33100271224975586,0.40401989221572876,2933,2965,0.31082847714424133,0,0,0.0035008287522941828,0.0022301620338112116,24.322309494018555,0.003696315921843052,0.15410548448562622,0.012616515159606934,0.2758002281188965,18.42000389099121,0.014387974515557289,0.32316142320632935,0.006461106240749359,0.016328299418091774,23.060026168823242,0.004943076986819506,0.19071869552135468,0.016046199947595596,0.3064534664154053,17.94264030456543,0.016059650108218193,0.3436131179332733,0.004018306266516447,0.015234443359076977,26.396438598632812,0.0022927464451640844,0.0808514654636383,0.014229971915483475,0.0,17.846481323242188,0.016419198364019394,0.3173442482948303,25.658159255981445,0.002717590192332864,0.11922396719455719,35.37169647216797,0.0002902890264522284,25.098981857299805,0.0030910209752619267,0.14428174495697021,19.064300537109375,0.012404230423271656,0.2663877010345459,18.446496963500977,0.014300470240414143,0.3160730004310608,24.32619285583496,0.003693012986332178,0.12771844863891602,30.88631820678711,0.0008153955568559468,23.83448600769043,0.004135723691433668,0.15383918583393097,18.630374908447266,0.013707640580832958,0.27565035223960876,18.03874969482422,0.01570815034210682,0.3250994384288788,28.72226333618164,0.0013420658651739359,0.04218560457229614,31.350147247314453,0.000732799933757633,28.429065704345703,0.0014357990585267544,0.05056411772966385
33984,318,11,3202,-1,3,23.193992614746094,0.21761685609817505,20.702579498291016,0.19930896162986755,25.62042999267578,21.273700714111328,0.24590103328227997,19.387296676635742,23.81473159790039,0.07785964012145996,18.295459747314453,18.137998580932617,20.03596305847168,0.28797802329063416,100.0,0.348378986120224,0.5721038579940796,3202,3234,0.36056384444236755,0,0,0.004792926367372274,0.0027413044590502977,22.917015075683594,0.005108560435473919,0.2560213804244995,0.008506327867507935,0.2855192720890045,20.15462875366211,0.0096502173691988,0.33212584257125854,0.007458127569407225,0.014806557446718216,21.98760986328125,0.006327600684016943,0.2815260887145996,0.011515172198414803,0.31198835372924805,19.574756622314453,0.01102870050817728,0.349478542804718,0.004154579248279333,0.01535324938595295,26.140888214111328,0.0024317072238773108,0.07502895593643188,0.009917533956468105,0.0,19.41448402404785,0.011443309485912323,0.33624267578125,23.820899963378906,0.004148680251091719,0.20228055119514465,36.087059020996094,0.00024620359181426466,23.23392105102539,0.004749061539769173,0.24209684133529663,20.976255416870117,0.007986830547451973,0.2769240438938141,20.359804153442383,0.009204909205436707,0.32473504543304443,22.806921005249023,0.00523971626535058,0.21192313730716705,31.080835342407227,0.0007796802092343569,22.272476196289062,0.005925875622779131,0.25445008277893066,20.364852905273438,0.00919422134757042,0.2861323654651642,19.783206939697266,0.010511853732168674,0.33499765396118164,28.20490264892578,0.0015118533046916127,0.04191453382372856,32.03761291503906,0.0006255166954360902,27.82986831665039,0.0016482127830386162,0.04899899661540985
34459,318,11,3741,-1,2,27.374740600585938,0.09067115932703018,22.69080924987793,0.1588570773601532,26.8248348236084,23.630237579345703,0.12400425970554352,20.998563766479492,24.776914596557617,0.06532876938581467,18.078781127929688,18.055681228637695,21.868988037109375,0.15770572423934937,100.0,0.3571285903453827,0.44481757283210754,3741,3773,0.43721136450767517,0,0,0.00183031614869833,0.0020773829892277718,27.465877532958984,0.0017923059640452266,0.10456395149230957,0.0053816987201571465,0.15985463559627533,22.264404296875,0.005936900153756142,0.18646109104156494,0.00433487119153142,0.0155640272423625,25.83807373046875,0.0026073085609823465,0.13170062005519867,0.007945910096168518,0.17664125561714172,21.6988582611084,0.0067626056261360645,0.19664907455444336,0.003328959923237562,0.015647031366825104,28.43489646911621,0.0014338726177811623,0.06270493566989899,0.006502814125269651,0.0,21.247509002685547,0.0075032468885183334,0.18715660274028778,28.957218170166016,0.0012713882606476545,0.07577527314424515,37.065433502197266,0.00019654244533739984,28.426189422607422,0.0014367492403835058,0.09071673452854156,22.9288387298584,0.005094672087579966,0.14302420616149902,22.32561492919922,0.005853809416294098,0.1696438193321228,26.966602325439453,0.0020106653682887554,0.0946584939956665,31.643075942993164,0.0006850030622445047,26.547021865844727,0.002214613137766719,0.11159554868936539,22.255151748657227,0.005949561018496752,0.1602480411529541,21.701269149780273,0.00675885658711195,0.19000518321990967,30.091533660888672,0.000979144126176834,0.04045402631163597,31.95755386352539,0.0006371544441208243,29.86422348022461,0.0010317579144611955,0.04750652611255646
34921,318,11,4235,-1,2,24.71988868713379,0.09985099732875824,23.325862884521484,0.16136036813259125,27.82820701599121,21.502344131469727,0.13686507940292358,20.743431091308594,22.77535629272461,0.0929025337100029,18.049442291259766,18.15643882751465,21.835309982299805,0.07509380578994751,100.0,0.21936984360218048,0.7355630993843079,4235,4267,0.37340110540390015,0,0,0.0033729602582752705,0.001648843172006309,24.39112091064453,0.003638209542259574,0.11329643428325653,0.004649579990655184,0.0924801230430603,22.93144989013672,0.00509160989895463,0.10337123274803162,0.0070756361819803715,0.01566951908171177,22.400676727294922,0.0057535008527338505,0.14229676127433777,0.008426686748862267,0.1224484071135521,21.340362548828125,0.007344522979110479,0.12684406340122223,0.005277941003441811,0.015288189984858036,24.273719787597656,0.003737902734428644,0.0904204398393631,0.006553436629474163,0.0,21.21383285522461,0.007561658043414354,0.08695368468761444,26.223800659179688,0.002385723404586315,0.08030619472265244,36.729644775390625,0.00021234186715446413,25.65416717529297,0.0027200898621231318,0.09333163499832153,24.25479507446289,0.0037542269565165043,0.06870469450950623,23.655956268310547,0.004309279378503561,0.07814587652683258,23.689992904663086,0.004275637678802013,0.10027821362018585,29.79108428955078,0.0010492809815332294,23.212995529174805,0.004772000480443239,0.11636415123939514,22.412431716918945,0.00573795335367322,0.0900992751121521,21.876056671142578,0.006492238491773605,0.10391943156719208,26.378978729248047,0.002301983069628477,0.054855890572071075,30.627090454101562,0.0008655476267449558,25.980873107910156,0.002522973343729973,0.0633670836687088
35076,318,11,4390,-1,1,25.26289176940918,0.1267804503440857,22.64446258544922,0.1963886022567749,26.202011108398438,22.3862247467041,0.16240116953849792,20.884601593017578,24.042808532714844,0.08429671823978424,17.945465087890625,18.05858039855957,21.743528366088867,0.11558295786380768,100.0,0.28796064853668213,0.681998074054718,4390,4422,0.39514780044555664,0,0,0.0029765337239950895,0.0023977220989763737,25.134870529174805,0.003065581200644374,0.14393401145935059,0.005439432803541422,0.13449762761592865,22.309673309326172,0.005875337403267622,0.15441179275512695,0.005772682838141918,0.016049209982156754,23.776119232177734,0.004191678948700428,0.1685916632413864,0.008157174102962017,0.1570225954055786,21.534690856933594,0.0070231338031589985,0.16553346812725067,0.0039420221000909805,0.015636589378118515,26.690067291259766,0.0021428572945296764,0.07825517654418945,0.006693405099213123,0.0,21.122051239013672,0.007723160088062286,0.13362807035446167,26.710956573486328,0.002132575260475278,0.10927895456552505,35.16805648803711,0.00030422478448599577,26.172882080078125,0.0024138600565493107,0.12715613842010498,23.24602508544922,0.00473584420979023,0.11755042523145676,22.652587890625,0.005429267883300781,0.13638395071029663,24.8797607421875,0.003251052461564541,0.12997794151306152,29.715328216552734,0.0010677444515749812,24.45275115966797,0.0035869458224624395,0.15063180029392242,22.292129516601562,0.005899115465581417,0.1297498345375061,21.76825523376465,0.00665540574118495,0.14932091534137726,28.454853057861328,0.0014272989938035607,0.05012298375368118,29.903823852539062,0.0010223924182355404,28.26932716369629,0.0014895921340212226,0.05760442838072777
35201,318,11,4547,-1,3,26.41002655029297,0.0944107323884964,25.116317749023438,0.19021345674991608,26.285789489746094,23.069475173950195,0.1324315071105957,22.410852432250977,24.12191390991211,0.07633596658706665,18.1068115234375,17.935985565185547,23.784481048583984,0.05540909618139267,100.0,0.23210225999355316,0.819524347782135,4547,4579,0.44116392731666565,0,0,0.0022855850402265787,0.002351912669837475,26.429460525512695,0.0022753807716071606,0.1062837690114975,0.003078707028180361,0.07175634056329727,24.92609977722168,0.003216547891497612,0.07954190671443939,0.00493233697488904,0.01546388864517212,24.798969268798828,0.0033120978623628616,0.14208100736141205,0.005740039981901646,0.10351340472698212,23.714859008789062,0.00425122631713748,0.10481484234333038,0.003870869753882289,0.016084276139736176,27.007360458374023,0.0019918845500797033,0.07594131678342819,0.004183617886155844,0.0,23.163002014160156,0.0048272511921823025,0.06380283087491989,27.89682388305664,0.0016229971079155803,0.08043517917394638,37.10801315307617,0.00019462515774648637,27.3453426361084,0.0018427468603476882,0.09343314170837402,25.849842071533203,0.002600254025310278,0.05626049265265465,25.258485794067383,0.002979554934427142,0.06613889336585999,25.79184341430664,0.002635212615132332,0.10241857171058655,31.658523559570312,0.0006825708551332355,25.32300567626953,0.0029356186278164387,0.11937098205089569,24.35030174255371,0.003672568127512932,0.07216541469097137,23.829099655151367,0.0041408538818359375,0.08355288952589035,28.726627349853516,0.0013407175429165363,0.047277435660362244,32.21149826049805,0.0006009667413309216,28.372787475585938,0.0014545252779498696,0.054786041378974915
35246,318,11,4592,-1,0,22.484962463378906,0.23206350207328796,20.63692855834961,0.2057957500219345,24.17726707458496,20.773128509521484,0.25218111276626587,19.300426483154297,23.956207275390625,0.07414983212947845,17.903121948242188,18.01002311706543,19.954195022583008,0.16296392679214478,100.0,0.28399917483329773,0.7246350049972534,4592,4624,0.4106689393520355,0,0,0.005642918404191732,0.003821848426014185,22.27452278137207,0.005923083517700434,0.264383465051651,0.00863589160144329,0.17603902518749237,20.180889129638672,0.009592046961188316,0.1988588273525238,0.008369261398911476,0.016206448897719383,21.44872283935547,0.007163539994508028,0.28035080432891846,0.011747822165489197,0.19577071070671082,19.528339385986328,0.011147205717861652,0.21217527985572815,0.00402141734957695,0.01581239327788353,26.56114959716797,0.002207420999184251,0.07163949310779572,0.010106030851602554,0.0,19.332714080810547,0.011660804972052574,0.188338041305542,23.064861297607422,0.004937578458338976,0.20464344322681427,32.9924201965332,0.0005020627868361771,22.502666473388672,0.005619965493679047,0.23959499597549438,20.808879852294922,0.00830064993351698,0.15874233841896057,20.195232391357422,0.009560421109199524,0.18333186209201813,22.22658348083496,0.005988826975226402,0.21585112810134888,29.44382667541504,0.0011366258841007948,21.716419219970703,0.0067353202030062675,0.25227099657058716,20.22687530517578,0.009491016156971455,0.1714147925376892,19.656597137451172,0.01082281768321991,0.19806253910064697,28.5448055267334,0.001398039748892188,0.04057818651199341,31.04739761352539,0.0007857066229917109,28.2616024017334,0.0014922447735443711,0.047572389245033264
35287,318,11,4633,-1,1,23.839431762695312,0.16101829707622528,22.26539421081543,0.16033783555030823,27.950016021728516,21.373096466064453,0.20370879769325256,20.41729736328125,23.683746337890625,0.07823967933654785,18.111486434936523,18.184648513793945,21.640640258789062,0.20248538255691528,100.0,0.2767513394355774,0.5793570280075073,4633,4665,0.38194388151168823,0,0,0.004131017718464136,0.0016032401472330093,23.448705673217773,0.004519906360656023,0.1866569072008133,0.005935546010732651,0.2008478045463562,21.761371612548828,0.006665963213890791,0.23593053221702576,0.0072893789038062096,0.015447253361344337,22.193716049194336,0.006034322082996368,0.22138606011867523,0.009083859622478485,0.22767791152000427,20.906349182128906,0.008116435259580612,0.2524758279323578,0.004281789995729923,0.015189207158982754,25.84404754638672,0.0026037259958684444,0.07414457201957703,0.006853874307125807,0.0,21.019161224365234,0.00790831632912159,0.23904967308044434,24.590532302856445,0.0034749351907521486,0.14260099828243256,36.73990249633789,0.00021184100478421897,24.004499435424805,0.003976949956268072,0.16868112981319427,22.84053611755371,0.005199318286031485,0.18706656992435455,22.2287540435791,0.005985833704471588,0.22232264280319214,23.36587142944336,0.004606942180544138,0.16168256103992462,30.241737365722656,0.0009458591230213642,22.864940643310547,0.0051701851189136505,0.187845379114151,21.964656829833984,0.006361130625009537,0.19790449738502502,21.418190002441406,0.00721408287063241,0.23366738855838776,28.372325897216797,0.0014546796446666121,0.03856540471315384,30.89048194885254,0.0008146140025928617,28.087862014770508,0.0015531514072790742,0.04581333324313164
35353,318,11,4699,-1,3,18.481027603149414,0.25673481822013855,17.17588233947754,0.3404301106929779,26.34121322631836,17.4975643157959,0.2954089939594269,16.4376277923584,23.26865005493164,0.08523669838905334,18.219594955444336,18.415843963623047,16.54721450805664,0.3204307556152344,100.0,0.44567009806632996,0.7638612389564514,4699,4731,0.36836719512939453,0,0,0.014187213033437729,0.002322087762877345,17.95537757873535,0.016012616455554962,0.2896721363067627,0.019160723313689232,0.32088732719421387,16.62696647644043,0.0217422004789114,0.35449641942977905,0.017792770639061928,0.015067478641867638,17.396413803100586,0.01821204461157322,0.3228870928287506,0.02271105907857418,0.34328457713127136,16.20001220703125,0.023988259956240654,0.3731774091720581,0.004711240064352751,0.014401762746274471,24.920913696289062,0.0032203905284404755,0.08311938494443893,0.022145148366689682,0.0,15.925735473632812,0.025552095845341682,0.3574658930301666,18.70648765563965,0.013469494879245758,0.24744825065135956,33.85142135620117,0.00041196279926225543,18.102754592895508,0.01547834649682045,0.28203263878822327,17.19324493408203,0.019084274768829346,0.30851855874061584,16.58034896850586,0.021976834163069725,0.3453153371810913,18.160001754760742,0.015275659039616585,0.26599767804145813,28.545291900634766,0.00139788375236094,17.59183692932129,0.017410701140761375,0.3014320731163025,16.80107307434082,0.02088780514895916,0.3216373324394226,16.212753295898438,0.023917991667985916,0.35802948474884033,26.886432647705078,0.002048126421868801,0.05206385627388954,28.896316528320312,0.0012893429957330227,26.64569854736328,0.0021648621186614037,0.05796588212251663
