index,episode,map,start,action,tics_since_decision,psnr_dec,lpips_dec,copy_psnr_dec,latent_mse,hud_psnr_dec,psnr_raw,lpips_raw,copy_psnr_raw,vae_psnr,vae_lpips,hud_psnr_raw,hud_vae_psnr,persist_psnr_raw,persist_lpips_raw,persist_hud_psnr_raw,copy_latent_mse,latent_mse_ratio,start_tic,scored_tic,context_motion,dup_latent,dup_raw,mse_dec,hud_mse_dec,scene_psnr_dec,scene_mse_dec,scene_lpips_dec,copy_mse_dec,copy_lpips_dec,scene_copy_psnr_dec,scene_copy_mse_dec,scene_copy_lpips_dec,mse_raw,hud_mse_raw,scene_psnr_raw,scene_mse_raw,scene_lpips_raw,copy_mse_raw,copy_lpips_raw,scene_copy_psnr_raw,scene_copy_mse_raw,scene_copy_lpips_raw,vae_mse,hud_vae_mse,scene_vae_psnr,scene_vae_mse,scene_vae_lpips,persist_mse_raw,persist_hud_mse_raw,scene_persist_psnr_raw,scene_persist_mse_raw,scene_persist_lpips_raw,psnr_dec_tuned,mse_dec_tuned,lpips_dec_tuned,hud_psnr_dec_tuned,hud_mse_dec_tuned,scene_psnr_dec_tuned,scene_mse_dec_tuned,scene_lpips_dec_tuned,copy_psnr_dec_tuned,copy_mse_dec_tuned,copy_lpips_dec_tuned,scene_copy_psnr_dec_tuned,scene_copy_mse_dec_tuned,scene_copy_lpips_dec_tuned,psnr_raw_tuned,mse_raw_tuned,lpips_raw_tuned,hud_psnr_raw_tuned,hud_mse_raw_tuned,scene_psnr_raw_tuned,scene_mse_raw_tuned,scene_lpips_raw_tuned,copy_psnr_raw_tuned,copy_mse_raw_tuned,copy_lpips_raw_tuned,scene_copy_psnr_raw_tuned,scene_copy_mse_raw_tuned,scene_copy_lpips_raw_tuned,vae_psnr_tuned,vae_mse_tuned,vae_lpips_tuned,hud_vae_psnr_tuned,hud_vae_mse_tuned,scene_vae_psnr_tuned,scene_vae_mse_tuned,scene_vae_lpips_tuned
283,37,16,283,-1,3,25.257755279541016,0.23869739472866058,19.133113861083984,0.2129725068807602,25.19100570678711,22.576068878173828,0.2739057242870331,18.251422882080078,24.041187286376953,0.10731406509876251,17.981340408325195,18.00332260131836,18.645519256591797,0.3256106376647949,100.0,0.4215717315673828,0.5051868557929993,283,315,0.45681339502334595,0,0,0.002980058081448078,0.0030262114014476538,25.26811408996582,0.0029729572124779224,0.2843831777572632,0.012209235690534115,0.31946542859077454,18.59004783630371,0.013835515826940536,0.37886518239974976,0.00552577106282115,0.015917178243398666,24.05928611755371,0.003927093930542469,0.3149360716342926,0.014957460574805737,0.35038748383522034,18.27740478515625,0.0148682352155447,0.4023759663105011,0.003943495452404022,0.015836814418435097,26.74945640563965,0.0021137536969035864,0.11274772882461548,0.013659913092851639,0.0,18.0240421295166,0.01576143689453602,0.38593971729278564,26.795995712280273,0.0020912240725010633,0.21109873056411743,33.65365982055664,0.0004311555530875921,26.295574188232422,0.002346619265154004,0.25646498799324036,19.457490921020508,0.011330547742545605,0.30076712369918823,18.842376708984375,0.01305456180125475,0.36073392629623413,24.80889320373535,0.003304538782685995,0.2362760603427887,29.662534713745117,0.001080803107470274,24.381057739257812,0.0036466519813984632,0.28639987111091614,18.95816421508789,0.0127111179754138,0.32059788703918457,18.371726989746094,0.014548803679645061,0.3824600875377655,27.81438446044922,0.001654100138694048,0.07141368091106415,31.165124893188477,0.0007646935991942883,27.46921157836914,0.0017909319140017033,0.08705484867095947
399,37,16,399,-1,3,22.090869903564453,0.24769052863121033,20.54153060913086,0.3431568443775177,24.64529800415039,20.66707992553711,0.29894378781318665,19.44586753845215,23.301895141601562,0.10354222357273102,17.849199295043945,17.800912857055664,19.994644165039062,0.3414665758609772,100.0,0.42263004183769226,0.8119556307792664,399,431,0.4693339467048645,0,0,0.0061789280734956264,0.0034313921350985765,21.803491592407227,0.006601626053452492,0.3087051808834076,0.008827690966427326,0.3440111577510834,20.06850814819336,0.009843496605753899,0.4107890725135803,0.00857614353299141,0.016408924013376236,21.324676513671875,0.007371100597083569,0.35470640659332275,0.011360914446413517,0.36300256848335266,19.743228912353516,0.010609069839119911,0.41462820768356323,0.0046753110364079475,0.01659238152205944,25.46388816833496,0.002841915935277939,0.11106761544942856,0.010012338869273663,0.0,19.373165130615234,0.011552699841558933,0.40467730164527893,23.336177825927734,0.0046385531313717365,0.23123495280742645,34.24966049194336,0.0003758668608497828,22.761871337890625,0.005294351372867823,0.28676366806030273,21.481639862060547,0.007109449245035648,0.33064526319503784,20.87141227722168,0.008181986398994923,0.3962308168411255,22.17529296875,0.00605997396633029,0.27163243293762207,30.07627296447754,0.0009825914166867733,21.64873504638672,0.006841109599918127,0.33163702487945557,20.613574981689453,0.00868245493620634,0.33877596259117126,20.043846130371094,0.00989955198019743,0.4044336676597595,26.747955322265625,0.0021144843194633722,0.07156143337488174,31.157426834106445,0.0007660504779778421,26.34149742126465,0.0023219359572976828,0.0901564210653305
441,37,16,441,-1,1,22.82876205444336,0.17144285142421722,21.890165328979492,0.25100594758987427,26.27444076538086,20.954103469848633,0.20825159549713135,20.262842178344727,22.932575225830078,0.11683803051710129,17.99475860595703,17.846826553344727,20.631380081176758,0.14375196397304535,100.0,0.32970187067985535,0.7613118886947632,441,473,0.45334821939468384,0,0,0.005213432013988495,0.0023580659180879593,22.477426528930664,0.005652718711644411,0.20222291350364685,0.006471180357038975,0.13900990784168243,21.38949203491211,0.007261910941451788,0.1669747531414032,0.008027673698961735,0.01586807705461979,21.66122817993164,0.006821457762271166,0.23501555621623993,0.009412731975317001,0.17741301655769348,20.805103302001953,0.008307868614792824,0.19525130093097687,0.005090292077511549,0.016417890787124634,24.752685546875,0.003347584744915366,0.12311915308237076,0.008646932430565357,0.0,20.00990104675293,0.009977229870855808,0.1720746010541916,24.569204330444336,0.0034920438192784786,0.1421002447605133,34.85105895996094,0.00032726084464229643,24.002334594726562,0.003978933673352003,0.17299529910087585,23.373233795166016,0.0045991395600140095,0.11824506521224976,22.764842987060547,0.0052907345816493034,0.1447014957666397,22.71286964416504,0.005354429129511118,0.1784103810787201,29.939706802368164,0.0010139801306650043,22.202455520629883,0.006022190675139427,0.21542029082775116,21.890926361083984,0.006470043677836657,0.14674018323421478,21.337491989135742,0.007349380291998386,0.17681017518043518,25.99677848815918,0.002513751620426774,0.07421989738941193,31.142826080322266,0.0007686302997171879,25.556068420410156,0.002782231429591775,0.08914594352245331
535,37,16,535,-1,3,23.86072540283203,0.23082302510738373,21.190418243408203,0.23728890717029572,23.66799545288086,21.814498901367188,0.2741605341434479,19.8608455657959,23.477375030517578,0.11263451725244522,17.782081604003906,17.741853713989258,20.556930541992188,0.3212240934371948,100.0,0.4005066454410553,0.5924718379974365,535,567,0.46690240502357483,0,0,0.004110809415578842,0.004297348205000162,23.89115333557129,0.0040821111761033535,0.26994580030441284,0.007602529600262642,0.345444917678833,20.777141571044922,0.008361533284187317,0.4070425033569336,0.006584912538528442,0.016664478927850723,22.980688095092773,0.005034210160374641,0.3118512034416199,0.010325601324439049,0.3622109293937683,20.290008544921875,0.009354038164019585,0.4159291684627533,0.0044901673682034016,0.016819564625620842,25.861412048339844,0.0025933370925486088,0.11493515968322754,0.008796436712145805,0.0,19.935453414916992,0.010149735026061535,0.3804302215576172,25.4625301361084,0.002842805115506053,0.2117486596107483,33.34166717529297,0.0004632691852748394,24.93645477294922,0.0032088877633213997,0.25392359495162964,22.01694107055664,0.006285012234002352,0.3264142870903015,21.409622192382812,0.007228330709040165,0.38722530007362366,23.832317352294922,0.004137788433581591,0.24207307398319244,29.433374404907227,0.0011393644381314516,23.373287200927734,0.004599084611982107,0.29190918803215027,21.084604263305664,0.007790038827806711,0.3351857662200928,20.533306121826172,0.00884441751986742,0.3973845839500427,27.020349502563477,0.0019859354943037033,0.07692521065473557,30.418405532836914,0.0009081541211344302,26.672086715698242,0.002151748165488243,0.09213937819004059
587,37,16,587,-1,3,22.496376037597656,0.14496544003486633,19.856353759765625,0.21871207654476166,26.772552490234375,20.720916748046875,0.19201061129570007,18.833112716674805,22.593183517456055,0.10313601046800613,17.76154327392578,17.830537796020508,19.349849700927734,0.2246178835630417,100.0,0.39335188269615173,0.5560214519500732,587,619,0.4574548602104187,0,0,0.005628110375255346,0.0021025435999035835,22.09679412841797,0.006170504726469517,0.17165274918079376,0.010336291044950485,0.2534800171852112,19.362417221069336,0.011581328697502613,0.301974356174469,0.00847049243748188,0.016743477433919907,21.428049087524414,0.007197725120931864,0.212981715798378,0.01308243814855814,0.2661706805229187,19.022891998291016,0.012523069977760315,0.3040770888328552,0.005504042375832796,0.01647958718240261,24.184490203857422,0.003815497038885951,0.10582084208726883,0.011614888906478882,0.0,18.72837257385254,0.01340179331600666,0.26965147256851196,24.33605194091797,0.0036846385337412357,0.13386155664920807,35.41776657104492,0.0002872258482966572,23.75994873046875,0.004207317251712084,0.1613680124282837,20.90827178955078,0.008112837560474873,0.22780659794807434,20.297157287597656,0.009338654577732086,0.2746431827545166,22.462421417236328,0.0056722830049693584,0.15552861988544464,29.159793853759766,0.0012134466087445617,21.96661949157715,0.006358257960528135,0.18604013323783875,19.972286224365234,0.0100640170276165,0.2371988296508789,19.417402267456055,0.011435621418058872,0.283695250749588,25.397315979003906,0.0028858156874775887,0.06431044638156891,29.47096061706543,0.0011295462027192116,25.00861358642578,0.0031560109928250313,0.07714604586362839
744,37,16,744,-1,0,22.709617614746094,0.20885443687438965,20.317363739013672,0.2193172425031662,25.479736328125,20.9188289642334,0.24765287339687347,19.177873611450195,22.55634117126465,0.11028175055980682,17.841678619384766,17.79812240600586,19.844810485839844,0.21749651432037354,100.0,0.4102647006511688,0.5345749855041504,744,776,0.45544713735580444,0,0,0.005358438473194838,0.002831565449014306,22.40544891357422,0.005747187417000532,0.24801436066627502,0.009295305237174034,0.2298007607460022,19.887123107910156,0.010263316333293915,0.2709243595600128,0.008093138225376606,0.016437368467450142,21.668903350830078,0.00680941017344594,0.284660667181015,0.012084053829312325,0.26116442680358887,19.459564208984375,0.011325144208967686,0.2890055775642395,0.005550932139158249,0.01660304330289364,24.14470863342285,0.0038506072014570236,0.1077662855386734,0.010363797657191753,0.0,19.223331451416016,0.0119582274928689,0.25884154438972473,24.892120361328125,0.003241813974454999,0.18604081869125366,35.49071502685547,0.00028244146960787475,24.321386337280273,0.0036971024237573147,0.2278553545475006,21.7520751953125,0.006680245511233807,0.2096354067325592,21.146638870239258,0.007679556962102652,0.2511412501335144,22.772462844848633,0.005281458608806133,0.21901190280914307,29.391271591186523,0.001150463125668466,22.27898597717285,0.005916996859014034,0.2652522027492523,20.550241470336914,0.008810002356767654,0.227260023355484,20.000764846801758,0.00999823771417141,0.2704572081565857,25.436416625976562,0.002859950764104724,0.0744362324476242,29.797199249267578,0.0010478044860064983,25.03244400024414,0.0031387421768158674,0.08820196241140366
848,37,16,848,-1,0,22.42940902709961,0.2067311853170395,19.54012107849121,0.24544289708137512,25.608854293823242,20.408538818359375,0.2679864764213562,18.38929557800293,22.420652389526367,0.11590887606143951,17.79308319091797,17.902484893798828,18.647491455078125,0.24485987424850464,100.0,0.4774465560913086,0.5140740871429443,848,880,0.46076714992523193,0,0,0.005715564358979464,0.0027486199978739023,22.095727920532227,0.006172016728669405,0.24022096395492554,0.01111701037734747,0.25669988989830017,19.022092819213867,0.012525372207164764,0.3007158041000366,0.00910219457000494,0.016622325405478477,20.998924255371094,0.007945251651108265,0.2978998124599457,0.014490070752799511,0.2902028262615204,18.444196701049805,0.014308052137494087,0.3280821740627289,0.0057271015830338,0.01620883122086525,23.856801986694336,0.004114528186619282,0.11904637515544891,0.013653715141117573,0.0,18.026012420654297,0.01575428619980812,0.29261407256126404,23.87038803100586,0.004101675935089588,0.18955068290233612,33.860267639160156,0.00041112449252977967,23.307340621948242,0.004669453017413616,0.2264414280653,20.31247901916504,0.009305767714977264,0.24548447132110596,19.7055606842041,0.010701483115553856,0.29355955123901367,21.854631423950195,0.006524341646581888,0.22900390625,28.514955520629883,0.0014076819643378258,21.359922409057617,0.007311520632356405,0.27021148800849915,19.29330062866211,0.011767110787332058,0.2638416290283203,18.73237419128418,0.01338945236057043,0.3163510262966156,25.104278564453125,0.003087253076955676,0.08227398991584778,29.216724395751953,0.0011976439272984862,24.713451385498047,0.0033779621589928865,0.09669551253318787
1284,37,16,1316,-1,3,25.22966194152832,0.1390228271484375,23.86835289001465,0.2327841967344284,24.731447219848633,22.18785285949707,0.18896980583667755,21.375736236572266,23.013263702392578,0.12853962182998657,17.63784408569336,17.675724029541016,22.139455795288086,0.11121639609336853,100.0,0.3304433524608612,0.7044602036476135,1316,1348,0.4416047930717468,0,0,0.0029993969947099686,0.00336399395018816,25.311649322509766,0.0029433052986860275,0.1591349095106125,0.00410359725356102,0.12630030512809753,23.68898582458496,0.004276627209037542,0.14188891649246216,0.006042474415153265,0.017227239906787872,23.643413543701172,0.004321741405874491,0.20840765535831451,0.007284947205334902,0.1631793975830078,22.405614852905273,0.005746965296566486,0.17180998623371124,0.004996591247618198,0.017077630385756493,25.033512115478516,0.0031379698775708675,0.13071224093437195,0.006110187619924545,0.0,21.51797866821289,0.007050216663628817,0.12644478678703308,27.378700256347656,0.001828647218644619,0.11810176819562912,33.251129150390625,0.0004730284563265741,26.909656524658203,0.0020372041035443544,0.13985708355903625,25.318023681640625,0.002938986988738179,0.09788593649864197,24.757896423339844,0.0033435707446187735,0.1132289469242096,24.518047332763672,0.003533420618623495,0.15495632588863373,28.734603881835938,0.0013382574543356895,24.121612548828125,0.0038711377419531345,0.1846822202205658,23.192537307739258,0.00479453569278121,0.12864525616168976,22.7237491607666,0.0053410311229527,0.14886528253555298,26.18301773071289,0.0024082311429083347,0.09200429171323776,29.225414276123047,0.0011952498462051153,25.858888626098633,0.002594843739643693,0.1072101891040802
1439,37,16,1471,-1,2,25.976593017578125,0.13398459553718567,23.617918014526367,0.16926544904708862,25.145605087280273,22.540475845336914,0.16740921139717102,21.300800323486328,23.18415069580078,0.1095561608672142,17.53978157043457,17.595102310180664,22.16221809387207,0.11293360590934753,100.0,0.3195672333240509,0.5296708345413208,1471,1503,0.4234604239463806,0,0,0.002525462070479989,0.0030580139718949795,26.119823455810547,0.002443531062453985,0.15132099390029907,0.0043471865355968475,0.1273583620786667,23.466718673706055,0.004501198418438435,0.13880610466003418,0.005571245681494474,0.017620647326111794,24.297500610351562,0.0037174916360527277,0.180820032954216,0.007411736994981766,0.15816573798656464,22.35355567932129,0.00581626920029521,0.16206985712051392,0.00480379955843091,0.01739761233329773,25.426799774169922,0.0028662902768701315,0.10911793261766434,0.006078245118260384,0.0,21.540739059448242,0.007013359572738409,0.12909825146198273,28.382892608642578,0.001451144809834659,0.10439544916152954,33.73323440551758,0.0004233277286402881,27.9337100982666,0.0016092704609036446,0.12172325700521469,24.90801239013672,0.003229971509426832,0.09713113307952881,24.346458435058594,0.003675819141790271,0.1117037832736969,25.131399154663086,0.0030680338386446238,0.14234718680381775,28.295257568359375,0.0014807245461270213,24.798789978027344,0.0033122356981039047,0.16573776304721832,23.09572410583496,0.004902611952275038,0.12874352931976318,22.640178680419922,0.005444801412522793,0.14689213037490845,26.53316307067871,0.0022216911893337965,0.07647333294153214,28.89309310913086,0.0012902998132631183,26.261720657348633,0.0023649821523576975,0.08746050298213959
1688,37,16,1720,-1,3,25.719619750976562,0.1469949334859848,23.36977767944336,0.2064816951751709,24.715038299560547,22.28913116455078,0.18978485465049744,21.03243637084961,22.98457145690918,0.1090342327952385,17.161495208740234,17.273780822753906,21.96331787109375,0.11586682498455048,100.0,0.3827945291996002,0.5394060611724854,1720,1752,0.4353176951408386,0,0,0.0026794031728059053,0.003376730950549245,25.897085189819336,0.002572121797129512,0.16333545744419098,0.0046028029173612595,0.1411760151386261,23.166038513183594,0.004823875613510609,0.1596093475818634,0.005903193261474371,0.01922430284321308,24.1411190032959,0.0038537918590009212,0.20078565180301666,0.007884176447987556,0.16883087158203125,22.070178985595703,0.006208437494933605,0.17665228247642517,0.00502970814704895,0.018733635544776917,25.344070434570312,0.0029214120004326105,0.10699639469385147,0.006363095249980688,0.0,21.34183692932129,0.007342033553868532,0.1323992908000946,27.84891128540039,0.0016410008538514376,0.12198963761329651,32.68644714355469,0.0005387105047702789,27.421815872192383,0.0018105838680639863,0.13965517282485962,24.46009635925293,0.0035808866377919912,0.11535213142633438,23.906641006469727,0.004067578818649054,0.13366664946079254,24.815778732299805,0.0032993026543408632,0.15886816382408142,27.033185958862305,0.001980074215680361,24.556514739990234,0.0035022608935832977,0.18193548917770386,22.78158187866211,0.005270378664135933,0.1401200294494629,22.356689453125,0.005812076386064291,0.16167569160461426,26.3831787109375,0.002299758605659008,0.08267432451248169,27.8829288482666,0.0016281978460028768,26.192325592041016,0.0024030758067965508,0.09506073594093323
1846,37,16,1878,-1,1,24.95084571838379,0.18859921395778656,23.224220275878906,0.23201559484004974,23.22903823852539,21.957311630249023,0.2324996292591095,20.969524383544922,22.929035186767578,0.11304880678653717,17.244565963745117,17.471200942993164,21.85206413269043,0.11447373032569885,29.463428497314453,0.3239887058734894,0.7161224484443665,1878,1910,0.4194830060005188,0,0,0.0031982725486159325,0.004754404071718454,25.28874397277832,0.002958867931738496,0.20984108746051788,0.004759682808071375,0.129530131816864,23.17610740661621,0.004812705796211958,0.14077357947826385,0.006371898110955954,0.01886007934808731,23.515775680541992,0.004450640175491571,0.24776428937911987,0.007999219931662083,0.1669216901063919,21.961490631103516,0.006365771405398846,0.16897538304328918,0.005094442516565323,0.017901111394166946,25.052631378173828,0.003124186070635915,0.11070936918258667,0.0065282005816698074,0.0011315071024000645,21.332130432128906,0.007358462084084749,0.128548264503479,27.071876525878906,0.0019625118002295494,0.15670199692249298,28.11249542236328,0.0015443674055859447,26.931800842285156,0.002026841975748539,0.18335145711898804,24.570920944213867,0.003490663832053542,0.09392300248146057,24.160001754760742,0.0038370720576494932,0.10578248649835587,24.22386360168457,0.0037810602225363255,0.19607612490653992,26.03889274597168,0.002489491831511259,24.001428604125977,0.003979763016104698,0.22738856077194214,22.698678970336914,0.005371951498091221,0.12750066816806793,22.320083618164062,0.005861266516149044,0.14355778694152832,26.15839385986328,0.0024219241458922625,0.08218633383512497,28.387563705444336,0.0014495848445221782,25.89811134338379,0.002571514341980219,0.09386491030454636
1861,37,16,1893,-1,0,25.71207046508789,0.17813870310783386,23.186357498168945,0.19336426258087158,24.573152542114258,22.232276916503906,0.21442779898643494,20.88228416442871,22.78620147705078,0.12981492280960083,17.368824005126953,17.29317283630371,21.656097412109375,0.1424340158700943,100.0,0.33439427614212036,0.5782523155212402,1893,1925,0.41637906432151794,0,0,0.002684064442291856,0.0034888701047748327,25.917179107666016,0.0025602481327950954,0.20122702419757843,0.004801361821591854,0.1666964590549469,22.98204803466797,0.0050326320342719555,0.18775296211242676,0.0059809815138578415,0.01832810416817665,23.891883850097656,0.004081424325704575,0.23496133089065552,0.008161526173353195,0.19719165563583374,21.774198532104492,0.0066463034600019455,0.20993554592132568,0.005264773964881897,0.01865016482770443,24.941064834594727,0.0032054835464805365,0.1278371810913086,0.006829521153122187,0.0,21.03462028503418,0.007880217395722866,0.1632300764322281,28.350421905517578,0.0014620351139456034,0.15268272161483765,33.058040618896484,0.0004945337423123419,27.929365158081055,0.0016108812997117639,0.17965105175971985,24.4083194732666,0.0036238336469978094,0.13117778301239014,23.857707977294922,0.004113667644560337,0.15277349948883057,24.730316162109375,0.0033648707903921604,0.19188863039016724,27.75455093383789,0.0016770458314567804,24.40747833251953,0.0036245365627110004,0.22396734356880188,22.519094467163086,0.005598743446171284,0.16444668173789978,22.055255889892578,0.006229806691408157,0.1882883757352829,25.952190399169922,0.002539691748097539,0.09083577245473862,28.183616638183594,0.0015192813007161021,25.691709518432617,0.002696678042411804,0.10243217647075653
2098,37,16,2162,-1,0,21.674097061157227,0.19933730363845825,18.400659561157227,0.19950169324874878,27.656360626220703,19.616479873657227,0.23596347868442535,17.310583114624023,21.37566566467285,0.09168992191553116,18.349262237548828,18.501436233520508,17.545000076293945,0.25312310457229614,100.0,0.4080265164375305,0.488942950963974,2162,2194,0.4157957434654236,0,0,0.006801276933401823,0.0017153950175270438,21.20117950439453,0.007583719678223133,0.22929096221923828,0.014452203176915646,0.27427536249160767,17.830738067626953,0.016478827223181725,0.3147088289260864,0.010923253372311592,0.014624256640672684,19.848974227905273,0.010353868827223778,0.2589545249938965,0.018575558438897133,0.2924128770828247,17.16958236694336,0.0191885344684124,0.32108786702156067,0.007285064551979303,0.014120712876319885,22.052730560302734,0.006233427207916975,0.08883917331695557,0.01759948953986168,0.0,16.923521041870117,0.020307103171944618,0.2925296425819397,23.204200744628906,0.004781675525009632,0.17611610889434814,35.53923034667969,0.00027930422220379114,22.616676330566406,0.005474347621202469,0.20328107476234436,19.2730655670166,0.011822069063782692,0.2616528570652008,18.657611846923828,0.01362193375825882,0.30343693494796753,21.002601623535156,0.007938525639474392,0.20703765749931335,31.364850997924805,0.0007303231977857649,20.434722900390625,0.009047480300068855,0.23816856741905212,18.214805603027344,0.015084105543792248,0.27760979533195496,17.617353439331055,0.017308717593550682,0.3209548890590668,23.758705139160156,0.004208520986139774,0.06022752448916435,32.16432571411133,0.0006075298879295588,23.221630096435547,0.004762519616633654,0.06965197622776031
2120,37,16,2184,-1,2,19.275136947631836,0.29786044359207153,16.048561096191406,0.2574934661388397,23.84311294555664,18.196863174438477,0.32963162660598755,15.458721160888672,22.475112915039062,0.09382113814353943,17.967792510986328,18.249475479125977,15.559491157531738,0.314235657453537,100.0,0.4829293191432953,0.5331907868385315,2184,2216,0.432836651802063,0,0,0.011816429905593395,0.0041275168769061565,18.860788345336914,0.012999339029192924,0.34230390191078186,0.02483956143260002,0.32747673988342285,15.46409797668457,0.028417780995368958,0.37636977434158325,0.015146549791097641,0.015966907143592834,18.23320198059082,0.0150203388184309,0.3683992624282837,0.028452996164560318,0.34455132484436035,15.151237487792969,0.030540507286787033,0.38296252489089966,0.005655729677528143,0.01496416237205267,23.743106842041016,0.004223663359880447,0.08941023051738739,0.02780039608478546,0.0,14.93801212310791,0.032077379524707794,0.3642597794532776,20.01764678955078,0.009959448128938675,0.2570450007915497,30.99092674255371,0.0007959898794069886,19.44269561767578,0.011369211599230766,0.29912427067756653,16.40312957763672,0.02289218083024025,0.3124883770942688,15.785008430480957,0.026393627747893333,0.36327630281448364,19.084442138671875,0.012346837669610977,0.2794080078601837,28.983116149902344,0.0012638295302167535,18.522645950317383,0.014051917009055614,0.3224877119064331,15.9315185546875,0.025518100708723068,0.32468199729919434,15.324731826782227,0.029344510287046432,0.37556490302085876,25.262012481689453,0.002977135591208935,0.060763269662857056,31.804216384887695,0.0006600524066016078,24.77085304260254,0.003333610249683261,0.06956805288791656
2903,37,16,2999,-1,3,25.78748321533203,0.14290456473827362,23.89592170715332,0.1951737403869629,25.511083602905273,22.521873474121094,0.18801817297935486,21.444242477416992,23.318376541137695,0.10363973677158356,17.68642234802246,17.85611343383789,22.303638458251953,0.11012297123670578,100.0,0.34746628999710083,0.5617055296897888,2999,3031,0.4406495988368988,0,0,0.0026378603652119637,0.0028111988212913275,25.83161163330078,0.002611192874610424,0.16317839920520782,0.004077629651874304,0.12653279304504395,23.551189422607422,0.004414496012032032,0.1379041075706482,0.005595165304839611,0.01703561283648014,24.1622371673584,0.00383509648963809,0.20359118282794952,0.0071709370240569115,0.14907974004745483,22.39688491821289,0.005758531857281923,0.15270128846168518,0.0046576024033129215,0.01638282835483551,25.445884704589844,0.002853721845895052,0.10069946199655533,0.005883504636585712,0.0,21.682159423828125,0.006788658909499645,0.1282721310853958,28.057584762573242,0.0015640176134184003,0.12245649844408035,33.83310317993164,0.0004137041396461427,27.592041015625,0.0017409889260306954,0.14340490102767944,25.153648376464844,0.0030523566529154778,0.10040924698114395,24.585744857788086,0.0034787682816386223,0.11698944121599197,24.96699333190918,0.003186402842402458,0.16056105494499207,28.612096786499023,0.0013765451731160283,24.603166580200195,0.0034648424480110407,0.18276074528694153,23.16400146484375,0.0048261405900120735,0.12141326814889908,22.70178985595703,0.005368105601519346,0.13809233903884888,26.54570770263672,0.0022152839228510857,0.07781790941953659,29.14015007019043,0.0012189478147774935,26.255146026611328,0.002368566347286105,0.08740980923175812
3311,37,16,3407,-1,3,25.757671356201172,0.16626505553722382,23.255891799926758,0.19466756284236908,25.735578536987305,22.163490295410156,0.21116270124912262,20.90113639831543,22.826156616210938,0.12719552218914032,17.382429122924805,17.406259536743164,21.779945373535156,0.12793484330177307,100.0,0.32373929023742676,0.6013096570968628,3407,3439,0.4364653527736664,0,0,0.002656030235812068,0.0026695767883211374,25.761079788208008,0.002653946168720722,0.18470777571201324,0.004725099075585604,0.15316782891750336,22.956527709960938,0.005062291864305735,0.1695323884487152,0.006076463032513857,0.01827077753841877,23.767080307006836,0.004200414288789034,0.22208504378795624,0.008126179687678814,0.1746521294116974,21.76831817626953,0.0066553098149597645,0.18336327373981476,0.005216563120484352,0.01817079819738865,24.916584014892578,0.003223603591322899,0.12764210999011993,0.006637516897171736,0.0,21.158466339111328,0.007658672984689474,0.14439259469509125,27.950057983398438,0.0016032243147492409,0.14101362228393555,34.176517486572266,0.00038225087337195873,27.468883514404297,0.0017910662572830915,0.1626785397529602,24.416810989379883,0.003616753965616226,0.12654109299182892,23.841371536254883,0.004129172768443823,0.1429554522037506,24.4930362701416,0.0035538277588784695,0.18014197051525116,27.707406997680664,0.0016953502781689167,24.15697479248047,0.003839747281745076,0.20354819297790527,22.546100616455078,0.005564037244766951,0.1500382125377655,22.068498611450195,0.006210837047547102,0.16929881274700165,25.931997299194336,0.0025515290908515453,0.09304553270339966,28.33481216430664,0.0014672995312139392,25.65697479248047,0.002718333387747407,0.10514623671770096
3337,37,16,3433,-1,1,16.851757049560547,0.39861151576042175,15.801210403442383,0.45604053139686584,24.34693145751953,15.946694374084473,0.43089061975479126,15.128534317016602,21.472911834716797,0.11900734156370163,17.518301010131836,17.738998413085938,15.103669166564941,0.37403249740600586,35.112030029296875,0.5482439398765564,0.8318204879760742,3433,3465,0.43829458951950073,0,0,0.020645450800657272,0.003675419371575117,16.33460807800293,0.023256223648786545,0.45006340742111206,0.02629534900188446,0.3764532804489136,15.26033878326416,0.029782844707369804,0.4245143532752991,0.025429075583815575,0.01770801655948162,15.748420715332031,0.026616929098963737,0.4830305278301239,0.03070058673620224,0.4073275625705719,14.836977005004883,0.03283237665891647,0.4527173340320587,0.007123751100152731,0.016830623149871826,22.494619369506836,0.0056303865276277065,0.12134227156639099,0.03087685815989971,0.0003081747854594141,14.4879732131958,0.035579729825258255,0.42596691846847534,17.148468017578125,0.019282054156064987,0.3835293650627136,31.893102645874023,0.0006466806516982615,16.546451568603516,0.022149037569761276,0.43792515993118286,16.009218215942383,0.025065604597330093,0.36058372259140015,15.399850845336914,0.028841307386755943,0.4134434461593628,16.42158317565918,0.02279510721564293,0.4072771370410919,27.953493118286133,0.001601956319063902,15.840991973876953,0.02605559304356575,0.4656720757484436,15.465121269226074,0.02841109223663807,0.3797297775745392,14.874710083007812,0.03254836052656174,0.43397757411003113,23.806304931640625,0.004162647761404514,0.08195744454860687,28.468578338623047,0.0014227951178327203,23.38739776611328,0.004584163893014193,0.09349401295185089
3514,37,16,3610,-1,2,25.816537857055664,0.16257232427597046,22.87687110900879,0.19860397279262543,24.805557250976562,22.45152473449707,0.20254209637641907,20.823505401611328,23.317832946777344,0.1217571422457695,17.279836654663086,17.457426071166992,21.705341339111328,0.19922859966754913,100.0,0.3585706651210785,0.5538768172264099,3610,3642,0.4233814775943756,0,0,0.002620270475745201,0.003307078033685684,25.995296478271484,0.0025146082043647766,0.18311192095279694,0.005156002473086119,0.2055572122335434,22.56070327758789,0.005545360967516899,0.23732633888721466,0.00568653317168355,0.018707526847720146,24.33762550354004,0.003683303017169237,0.22178900241851807,0.008272743783891201,0.22097896039485931,21.67352294921875,0.006802175659686327,0.24300363659858704,0.004658186808228493,0.017957977950572968,25.830162048339844,0.0026120650582015514,0.12478508800268173,0.006752519868314266,0.0,21.0838623046875,0.007791369222104549,0.23274080455303192,28.04990577697754,0.0015667852712795138,0.14822371304035187,31.51791000366211,0.0007050324347801507,27.697139739990234,0.001699362532235682,0.17415784299373627,23.984474182128906,0.003995329141616821,0.17727258801460266,23.39620590209961,0.004574877209961414,0.21088764071464539,25.043895721435547,0.0031304771546274424,0.1827775239944458,27.36687660217285,0.0018336332868784666,24.775569915771484,0.0033299915958195925,0.21263602375984192,22.453922271728516,0.005683390889316797,0.19751399755477905,21.990123748779297,0.0063239410519599915,0.23142017424106598,26.90924072265625,0.002037398749962449,0.09360921382904053,28.28839111328125,0.0014830677537247539,26.731155395507812,0.0021226804237812757,0.10729994624853134
3618,37,16,3714,-1,2,26.512935638427734,0.1505342423915863,23.872127532958984,0.19983628392219543,25.234472274780273,22.795516967773438,0.1808450073003769,21.300975799560547,23.483901977539062,0.11366437375545502,17.483760833740234,17.704349517822266,22.153167724609375,0.11956821382045746,100.0,0.35383737087249756,0.5647687315940857,3714,3746,0.4351685047149658,0,0,0.0022320635616779327,0.002996075199916959,26.74787712097168,0.002114523435011506,0.16523879766464233,0.0041000330820679665,0.13601289689540863,23.515413284301758,0.004451012704521418,0.15295928716659546,0.005253494717180729,0.01784941554069519,24.794300079345703,0.0033156611025333405,0.1969473510980606,0.0074114385060966015,0.16086411476135254,22.368345260620117,0.005796496290713549,0.16956673562526703,0.004483426921069622,0.016965433955192566,25.91231346130371,0.002563118701800704,0.11500367522239685,0.006090925075113773,0.0,21.531688690185547,0.007027990650385618,0.13721242547035217,28.84546661376953,0.0013045273954048753,0.12499725818634033,32.65890121459961,0.0005421380046755075,28.471561431884766,0.001421817927621305,0.14271391928195953,24.785425186157227,0.0033224422950297594,0.11430595815181732,24.209077835083008,0.003793955547735095,0.1309301257133484,25.505340576171875,0.002814920386299491,0.1605614572763443,27.170082092285156,0.0019186330027878284,25.297643661499023,0.0029528108425438404,0.18504981696605682,23.080272674560547,0.0049200886860489845,0.13726094365119934,22.64453887939453,0.005439340136945248,0.15748167037963867,26.927204132080078,0.0020289889071136713,0.08183251321315765,27.78569984436035,0.0016650608740746975,26.80898666381836,0.002084977924823761,0.09209316968917847
3623,37,16,3719,-1,3,25.96307373046875,0.13584646582603455,23.260757446289062,0.1914214789867401,24.20357894897461,22.60932159423828,0.1655464768409729,21.133224487304688,23.25269889831543,0.10111318528652191,17.372713088989258,17.502655029296875,21.97006607055664,0.15248654782772064,100.0,0.3650430142879486,0.524380624294281,3719,3751,0.4360833764076233,0,0,0.0025333366356790066,0.0037987621035426855,26.31033706665039,0.002338655525818467,0.15574388206005096,0.0047198073007166386,0.16462858021259308,23.051355361938477,0.004952957388013601,0.18918025493621826,0.005483624059706926,0.018311701714992523,24.546836853027344,0.0035100735258311033,0.179790198802948,0.007703314069658518,0.19122713804244995,22.094894409179688,0.006173203699290752,0.2083476185798645,0.004728573374450207,0.017771927639842033,25.651273727416992,0.0027219033800065517,0.10124272108078003,0.006353212986141443,0.0,21.348587036132812,0.007330631371587515,0.17734378576278687,28.56454086303711,0.001391701283864677,0.11099356412887573,32.41880798339844,0.0005729535478167236,28.188247680664062,0.0015176625456660986,0.1314307153224945,24.37085723876953,0.003655226668342948,0.14338116347789764,23.82469940185547,0.004145055077970028,0.16677609086036682,25.36117172241211,0.0029099322855472565,0.14301830530166626,27.717395782470703,0.0016914551379159093,25.090042114257812,0.0030973905231803656,0.16778093576431274,22.78765869140625,0.005263011436909437,0.16939915716648102,22.347129821777344,0.005824880208820105,0.19499370455741882,26.787105560302734,0.002095509087666869,0.07452235370874405,27.868545532226562,0.0016335995169356465,26.642269134521484,0.0021665720269083977,0.08491280674934387
3725,37,16,3821,-1,1,25.421106338500977,0.15703484416007996,21.58460807800293,0.20477204024791718,25.33707046508789,22.229469299316406,0.19650110602378845,19.873607635498047,22.98273277282715,0.10197805613279343,17.72331428527832,17.66126251220703,20.25567054748535,0.1978982388973236,100.0,0.37396788597106934,0.5475658178329468,3821,3853,0.43510451912879944,0,0,0.002870050026103854,0.0029261261224746704,25.434179306030273,0.0028614229522645473,0.1802111566066742,0.006942870561033487,0.21083378791809082,21.147010803222656,0.007678898982703686,0.24173209071159363,0.0059848506934940815,0.016891513019800186,23.65835189819336,0.004306902643293142,0.21681898832321167,0.010295302607119083,0.23792096972465515,20.315105438232422,0.009300141595304012,0.2581816017627716,0.005031839944422245,0.017134595662355423,24.989574432373047,0.003169877454638481,0.10322512686252594,0.009428291581571102,0.0,19.634191513061523,0.010878797620534897,0.23046818375587463,27.76021957397461,0.0016748581547290087,0.13141635060310364,33.56446838378906,0.00044010201236233115,27.293628692626953,0.0018648204859346151,0.15654566884040833,22.327896118164062,0.005850737914443016,0.1852092146873474,21.740203857421875,0.006698535289615393,0.21623143553733826,24.49211883544922,0.003554578870534897,0.16447272896766663,27.723142623901367,0.0016892175190150738,24.15492820739746,0.0038415577728301287,0.19492167234420776,21.045228958129883,0.007860984653234482,0.20731230080127716,20.539207458496094,0.008832410909235477,0.23981645703315735,26.033042907714844,0.002492846455425024,0.07183964550495148,28.047611236572266,0.0015676136827096343,25.791881561279297,0.0026351904962211847,0.08273747563362122
3833,37,16,3929,-1,1,25.711196899414062,0.16804401576519012,23.245887756347656,0.2044905722141266,25.059646606445312,22.328903198242188,0.20909827947616577,20.951133728027344,23.1534481048584,0.11039842665195465,17.408872604370117,17.52914047241211,21.791860580444336,0.15588153898715973,100.0,0.3899768888950348,0.5243659019470215,3929,3961,0.43580448627471924,0,0,0.0026846041437238455,0.003119143657386303,25.820714950561523,0.0026177517138421535,0.19022728502750397,0.00473599461838603,0.15990202128887177,22.951416015625,0.005068252328783274,0.17987480759620667,0.005849378649145365,0.01815987192094326,24.028034210205078,0.003955456428229809,0.22508640587329865,0.008033167570829391,0.190750852227211,21.88397216796875,0.006480417679995298,0.20561060309410095,0.004837880842387676,0.017663877457380295,25.429283142089844,0.002864651381969452,0.10737858712673187,0.006619327701628208,0.0,21.17038345336914,0.007637685630470514,0.18118394911289215,27.896221160888672,0.0016232223715633154,0.1405377984046936,33.48539352416992,0.0004481884534470737,27.437644958496094,0.001803996623493731,0.16600319743156433,24.310855865478516,0.0037060785107314587,0.13612820208072662,23.73160171508789,0.004234868101775646,0.1592400074005127,24.8348445892334,0.003284849226474762,0.1763070523738861,27.48468780517578,0.001784560619853437,24.539928436279297,0.003515662392601371,0.20401151478290558,22.617109298706055,0.005473802797496319,0.1612817943096161,22.17186164855957,0.006064763758331537,0.1868378072977066,26.44951629638672,0.002264896873384714,0.08054216206073761,27.656410217285156,0.001715375343337655,26.290359497070312,0.002349438611418009,0.09146051853895187
3869,37,16,3965,-1,1,25.36574363708496,0.1329960823059082,22.992401123046875,0.1957724392414093,24.16551399230957,22.26856231689453,0.1807669699192047,20.814773559570312,23.199460983276367,0.109575055539608,17.505722045898438,17.482444763183594,21.59990119934082,0.1821218729019165,100.0,0.383085161447525,0.5110415816307068,3965,3997,0.44108739495277405,0,0,0.0029068710282444954,0.0038322042673826218,25.583816528320312,0.002764511853456497,0.15001925826072693,0.005020651500672102,0.19691717624664307,22.695865631103516,0.00537543511018157,0.22135424613952637,0.005931217689067125,0.017759382724761963,23.85999870300293,0.0041114999912679195,0.19555291533470154,0.008289389312267303,0.21816974878311157,21.62225914001465,0.0068829418160021305,0.23558011651039124,0.0047868965193629265,0.01785481907427311,25.565107345581055,0.0027764462865889072,0.10686775296926498,0.006918467581272125,0.0,20.978422164916992,0.007982847280800343,0.210447296500206,27.561548233032227,0.0017532560741528869,0.11302990466356277,32.43498992919922,0.0005708225653506815,27.1328125,0.0019351691007614136,0.13381889462471008,23.93970489501953,0.004036728758364916,0.1727742999792099,23.367740631103516,0.0046049621887505054,0.2011508345603943,24.66792869567871,0.003413556609302759,0.15211482346057892,27.364635467529297,0.0018345791613683105,24.369373321533203,0.0036564760375767946,0.17889469861984253,22.312362670898438,0.005871699191629887,0.1900147795677185,21.85928726196289,0.006517351604998112,0.21891067922115326,26.415254592895508,0.002282835077494383,0.08189239352941513,27.569664001464844,0.001749982824549079,26.262033462524414,0.002364812418818474,0.09197785705327988
4042,37,16,4170,-1,0,25.75162124633789,0.13618169724941254,23.185270309448242,0.20083466172218323,25.048324584960938,22.370506286621094,0.1892509013414383,20.99350357055664,23.206674575805664,0.11480291932821274,17.656700134277344,17.662399291992188,21.59370231628418,0.13091397285461426,100.0,0.36719319224357605,0.5469455122947693,4170,4202,0.429841548204422,0,0,0.0026597329415380955,0.003127284813672304,25.870689392089844,0.0025878020096570253,0.15120281279087067,0.004802563693374395,0.14191660284996033,22.92905616760254,0.005094416905194521,0.15671348571777344,0.005793613847345114,0.017152603715658188,23.92966079711914,0.004046076443046331,0.20265287160873413,0.007955174893140793,0.16941434144973755,21.82684326171875,0.006566223222762346,0.17541252076625824,0.004778950475156307,0.017130110412836075,25.407926559448242,0.0028787723276764154,0.11516901105642319,0.006928347982466221,0.0,20.97222328186035,0.00799424760043621,0.14806926250457764,27.869281768798828,0.001633322099223733,0.11537428200244904,32.64033508300781,0.0005444606649689376,27.445249557495117,0.0018008393235504627,0.1361362487077713,24.212276458740234,0.0037911622785031796,0.12014450877904892,23.64723014831543,0.004317944403737783,0.14290444552898407,24.870174407958984,0.0032582359854131937,0.15946456789970398,28.83576202392578,0.0013074460439383984,24.487504959106445,0.003558357711881399,0.18506848812103271,22.576766967773438,0.005524886772036552,0.14239269495010376,22.07193374633789,0.006205925717949867,0.16237972676753998,26.815366744995117,0.002081916667521,0.08587261289358139,29.829273223876953,0.0010400942992419004,26.493261337280273,0.0022421972826123238,0.09887626022100449
4139,37,16,4267,-1,1,25.677968978881836,0.16699998080730438,23.401233673095703,0.18727269768714905,25.294191360473633,22.37034034729004,0.20844143629074097,21.166072845458984,23.137929916381836,0.11746956408023834,17.686656951904297,17.76932144165039,22.103158950805664,0.12996137142181396,100.0,0.29510459303855896,0.6345977187156677,4267,4299,0.4204992949962616,0,0,0.002705222927033901,0.0029551596380770206,25.740144729614258,0.0026667711790651083,0.19054943323135376,0.004569582641124725,0.1449812799692154,23.073312759399414,0.0049279783852398396,0.1628427654504776,0.005793832708150148,0.01703469827771187,23.909961700439453,0.004064468201249838,0.23014692962169647,0.007645270321518183,0.1791105717420578,22.017133712768555,0.00628473237156868,0.19107875227928162,0.004855201113969088,0.016713516786694527,25.184364318847656,0.0030308449640870094,0.11880424618721008,0.0061614662408828735,0.0,21.48168182373047,0.007109384052455425,0.1521908938884735,28.165395736694336,0.001525669707916677,0.12202969193458557,33.35594177246094,0.00046174912131391466,27.72280502319336,0.0016893497668206692,0.1453288048505783,24.680110931396484,0.0034039949532598257,0.11111731082201004,24.0953369140625,0.0038946308195590973,0.13084736466407776,24.849403381347656,0.003273857058957219,0.1693437546491623,28.300689697265625,0.0014788737753406167,24.49770736694336,0.0035500081721693277,0.19754426181316376,22.890213012695312,0.005140184890478849,0.14421483874320984,22.40009117126465,0.005754280835390091,0.16836945712566376,26.495800018310547,0.0022408885415643454,0.08458893746137619,29.205284118652344,0.0012008023913949728,26.19625473022461,0.0024009020999073982,0.09793565422296524
4196,37,16,4324,-1,2,24.35011100769043,0.1962970644235611,22.460586547851562,0.25578317046165466,24.103023529052734,21.66803550720215,0.24256610870361328,20.483909606933594,23.100574493408203,0.11296487599611282,17.51972007751465,17.778783798217773,21.037120819091797,0.15896062552928925,100.0,0.35794535279273987,0.7145872116088867,4324,4356,0.4388723373413086,0,0,0.0036727297119796276,0.003887744387611747,24.389402389526367,0.0036396505311131477,0.23330038785934448,0.005674681160598993,0.16538751125335693,22.087783813476562,0.006183317396789789,0.19160190224647522,0.0068107713013887405,0.017702234908938408,22.894460678100586,0.005135160870850086,0.27713286876678467,0.008945593610405922,0.19110263884067535,21.143301010131836,0.007685462478548288,0.20688511431217194,0.004897142294794321,0.016677141189575195,25.107681274414062,0.0030848344322293997,0.11711631715297699,0.007875677198171616,0.0,20.41564178466797,0.009087320417165756,0.18610136210918427,26.104446411132812,0.002452198648825288,0.16379961371421814,31.426362991333008,0.0007200516411103308,25.656414031982422,0.0027186828665435314,0.20027348399162292,23.40030860900879,0.0045705572701990604,0.13774794340133667,22.80942726135254,0.0052366978488862514,0.16160281002521515,23.577613830566406,0.004387717694044113,0.21120618283748627,27.34250259399414,0.001843952457420528,23.20656967163086,0.0047790659591555595,0.25521397590637207,21.86998748779297,0.006501315627247095,0.17096737027168274,21.390161514282227,0.007260788697749376,0.19854888319969177,26.102617263793945,0.0024532312527298927,0.08663178235292435,28.132041931152344,0.0015374316135421395,25.860092163085938,0.002594123827293515,0.10215245187282562
4233,37,16,4361,-1,3,24.114452362060547,0.12378779798746109,22.81125259399414,0.12419338524341583,26.936256408691406,20.67212677001953,0.169714093208313,19.810747146606445,21.52239990234375,0.12102270871400833,17.717113494873047,17.83085823059082,21.856552124023438,0.06358211487531662,100.0,0.12476044148206711,0.9954548478126526,4361,4393,0.42570626735687256,0,0,0.0038775289431214333,0.0020247644279152155,23.806385040283203,0.004162569530308247,0.13325092196464539,0.005234494339674711,0.09908711910247803,22.284486770629883,0.005909510422497988,0.10877110809087753,0.008566183038055897,0.01691565476357937,21.377700805664062,0.007281649857759476,0.17132776975631714,0.010445402935147285,0.14708319306373596,20.241029739379883,0.009460128843784332,0.14532145857810974,0.007043036632239819,0.016478369012475014,22.52475929260254,0.005591446999460459,0.11558637022972107,0.00652146153151989,0.0,21.23507308959961,0.007524763233959675,0.07168615609407425,25.974035263061523,0.00252694939263165,0.09859568625688553,35.85270690917969,0.00025985384127125144,25.412513732910156,0.0028757331892848015,0.10969462245702744,23.526208877563477,0.004439961165189743,0.07762037962675095,22.918445587158203,0.0051068770699203014,0.08777393400669098,22.336118698120117,0.0058396682143211365,0.13306108117103577,28.28137969970703,0.0014854645123705268,21.86449432373047,0.006509545724838972,0.14807285368442535,21.061317443847656,0.007831922732293606,0.11383885145187378,20.545528411865234,0.008819567039608955,0.1268082708120346,23.732406616210938,0.004234082065522671,0.08578091859817505,28.50641632080078,0.0014104517176747322,23.308238983154297,0.004668486770242453,0.09476062655448914
4372,37,16,4500,-1,2,25.117033004760742,0.1638384610414505,22.967037200927734,0.25683727860450745,24.50979232788086,22.06768035888672,0.21223968267440796,20.86876678466797,23.225269317626953,0.11024287343025208,17.5825138092041,17.73247528076172,21.393556594848633,0.18405017256736755,100.0,0.38194170594215393,0.6724514961242676,4500,4532,0.4415994882583618,0,0,0.0030781994573771954,0.003540142672136426,25.218477249145508,0.0030071313958615065,0.18871669471263885,0.005050057545304298,0.18792815506458282,22.64129638671875,0.005443402100354433,0.21346570551395416,0.006212006323039532,0.017448116093873978,23.48394775390625,0.004483374301344156,0.23279768228530884,0.00818697176873684,0.21577328443527222,21.558320999145508,0.00698502641171217,0.23708601295948029,0.004758532624691725,0.01685592532157898,25.37992286682129,0.00289739528670907,0.11027685552835464,0.007255116011947393,0.0,20.772077560424805,0.008371288888156414,0.21096175909042358,26.962984085083008,0.0020123417489230633,0.1410338133573532,31.632389068603516,0.0006866906187497079,26.54373550415039,0.002216288121417165,0.16749702394008636,23.964136123657227,0.0040140836499631405,0.1746528297662735,23.393400192260742,0.004577833227813244,0.20286273956298828,24.149065017700195,0.003846747102215886,0.18010705709457397,27.06020736694336,0.001967792632058263,23.834388732910156,0.004135817289352417,0.20990699529647827,22.278223037719727,0.00591803714632988,0.19010110199451447,21.799072265625,0.006608344614505768,0.21771442890167236,26.326753616333008,0.0023298319429159164,0.07935003936290741,28.115270614624023,0.0015433805529028177,26.106876373291016,0.0024508244823664427,0.09092673659324646
4379,37,16,4507,-1,1,25.31600570678711,0.1804276555776596,22.987545013427734,0.21329136192798615,25.310565948486328,22.296907424926758,0.22509917616844177,20.97896957397461,23.234027862548828,0.11311617493629456,17.69458770751953,17.70673942565918,21.79117202758789,0.1718878149986267,100.0,0.3783990442752838,0.5636678338050842,4507,4539,0.44330573081970215,0,0,0.0029403537046164274,0.0029440384823828936,25.31684112548828,0.0029397867619991302,0.20426754653453827,0.005026267841458321,0.18569780886173248,22.724206924438477,0.005340467672795057,0.20834186673164368,0.005892629735171795,0.017003612592816353,23.78486442565918,0.004183247685432434,0.24735596776008606,0.007981840521097183,0.20744110643863678,21.829498291015625,0.006562213413417339,0.22368985414505005,0.004748947452753782,0.016956103965640068,25.419784545898438,0.0028709236066788435,0.11251449584960938,0.006620378699153662,0.0,21.169692993164062,0.007638898678123951,0.1976710855960846,27.27908706665039,0.001871076412498951,0.14582796394824982,32.018314361572266,0.0006283020484261215,26.856538772583008,0.0020622725132852793,0.1693776249885559,24.122888565063477,0.003870003391057253,0.16117611527442932,23.548442840576172,0.004417287651449442,0.18585893511772156,24.520559310913086,0.0035313782282173634,0.18699635565280914,27.43881607055664,0.0018035091925412416,24.205360412597656,0.0037972042337059975,0.21811558306217194,22.54198455810547,0.005569309927523136,0.18679271638393402,22.091333389282227,0.0061782654374837875,0.21577537059783936,26.41745376586914,0.0022816802375018597,0.08331850916147232,28.101844787597656,0.001548158936202526,26.20779800415039,0.002394529525190592,0.09481550753116608
4588,37,16,4716,-1,2,24.208860397338867,0.1851525753736496,22.20660400390625,0.2166842520236969,24.631153106689453,21.46929931640625,0.23632009327411652,20.202510833740234,22.479543685913086,0.12907420098781586,17.636869430541992,17.826148986816406,20.53816032409668,0.19611914455890656,100.0,0.3549592196941376,0.6104483008384705,4716,4748,0.43979185819625854,0,0,0.0037941450718790293,0.0034425866324454546,24.147388458251953,0.003848231164738536,0.2099415808916092,0.006016440223902464,0.21317455172538757,21.763761520385742,0.006662297993898392,0.24580848217010498,0.007129679899662733,0.017231101170182228,22.537071228027344,0.005575614981353283,0.2617202699184418,0.00954441074281931,0.23879285156726837,20.71153450012207,0.008488805964589119,0.26342126727104187,0.005649965722113848,0.01649625040590763,23.999744415283203,0.003981307148933411,0.13189443945884705,0.008834542706608772,0.0,19.91668128967285,0.010193702764809132,0.2274250090122223,26.19603157043457,0.002401026664301753,0.16030508279800415,31.570030212402344,0.0006966220098547637,25.745891571044922,0.002663242630660534,0.18572482466697693,23.32935333251953,0.004645846784114838,0.185963973402977,22.744253158569336,0.005315873771905899,0.21792051196098328,23.232925415039062,0.004750154446810484,0.21101005375385284,26.802213668823242,0.0020882319658994675,22.87377166748047,0.005159681662917137,0.24458523094654083,21.488208770751953,0.00709870271384716,0.20985883474349976,21.01839828491211,0.007909704931080341,0.2425442636013031,24.964370727539062,0.003188328817486763,0.09004385024309158,27.349367141723633,0.001841040444560349,24.69083023071289,0.0033956042025238276,0.1032310277223587
4628,37,16,4756,-1,2,26.596834182739258,0.15382105112075806,21.41327667236328,0.18643292784690857,25.770565032958984,22.82416534423828,0.21003542840480804,19.836610794067383,23.492412567138672,0.12240011990070343,17.41733741760254,17.510183334350586,20.421648025512695,0.19702953100204468,100.0,0.38696813583374023,0.48177850246429443,4756,4788,0.43617957830429077,0,0,0.0021893572993576527,0.0026481577660888433,26.739158630371094,0.002118772594258189,0.17589658498764038,0.007222247309982777,0.21262526512145996,21.04332733154297,0.007864430546760559,0.2359510362148285,0.005218953359872103,0.01812451146543026,24.903295516967773,0.0032334825955331326,0.22853092849254608,0.010383387096226215,0.23618820309638977,20.31416130065918,0.009302164427936077,0.25197118520736694,0.004474646411836147,0.01774114929139614,26.137428283691406,0.002433645771816373,0.12254475802183151,0.009074762463569641,0.0,19.800168991088867,0.010470879264175892,0.22349153459072113,28.86859130859375,0.0012976005673408508,0.13733911514282227,32.04657745361328,0.000624226697254926,28.535011291503906,0.0014011966995894909,0.15974582731723785,21.993253707885742,0.006319384090602398,0.1899210512638092,21.41090202331543,0.007226198446005583,0.21666789054870605,25.560705184936523,0.002779262373223901,0.185458242893219,27.25116729736328,0.0018831430934369564,25.350448608398438,0.0029171265196055174,0.21519863605499268,20.98860740661621,0.007964150048792362,0.21198034286499023,20.485572814941406,0.008942165412008762,0.24051159620285034,27.04348373413086,0.0019753845408558846,0.09226574748754501,28.079429626464844,0.001556171104311943,26.903955459594727,0.0020398790948092937,0.1060829609632492
4718,37,16,4878,-1,1,26.2742977142334,0.14876319468021393,23.738670349121094,0.19635823369026184,25.52684783935547,22.948579788208008,0.19095715880393982,21.549604415893555,23.880653381347656,0.10368956625461578,17.857372283935547,18.025012969970703,22.46215057373047,0.14886334538459778,100.0,0.3602757453918457,0.5450220704078674,4878,4910,0.43978363275527954,0,0,0.0023581436835229397,0.002801013644784689,26.401626586914062,0.0022900099866092205,0.16379474103450775,0.004227982368320227,0.16113035380840302,23.33486557006836,0.004639952909201384,0.18103072047233582,0.005071565974503756,0.016378073021769524,24.772815704345703,0.0033321036025881767,0.20768426358699799,0.006999059580266476,0.18306930363178253,22.463953018188477,0.00567028159275651,0.197239488363266,0.004091992042958736,0.015757910907268524,26.38794708251953,0.002297235419973731,0.1013389527797699,0.00567263551056385,0.0,21.840669631958008,0.0065453494898974895,0.17160479724407196,28.526180267333984,0.0014040482928976417,0.1336783468723297,34.340362548828125,0.0003680983791127801,28.059226989746094,0.0015634252922609448,0.15315407514572144,24.568832397460938,0.003492341609671712,0.13840821385383606,23.969783782958984,0.0040088677778840065,0.1591957062482834,25.916019439697266,0.0025609340518712997,0.17040279507637024,30.352155685424805,0.0009221137152053416,25.508211135864258,0.00281306030228734,0.19469493627548218,23.23467445373535,0.004748239181935787,0.15736499428749084,22.702754974365234,0.005366912577301264,0.18078480660915375,28.014083862304688,0.0015797620872035623,0.07764073461294174,31.36770248413086,0.0007298437412828207,27.668724060058594,0.0017105186125263572,0.08867082744836807
4957,154,16,97,-1,1,21.02567481994629,0.13387812674045563,19.913333892822266,0.2087761014699936,25.575246810913086,19.1494140625,0.16808509826660156,18.259443283081055,21.364118576049805,0.08938848227262497,18.223278045654297,18.354902267456055,18.44119644165039,0.07252956926822662,33.57508087158203,0.1844259798526764,1.1320319175720215,97,129,0.45235276222229004,0,0,0.00789646152406931,0.0027699731290340424,20.612224578857422,0.008685152977705002,0.15158922970294952,0.010201560333371162,0.09277196228504181,19.426712036132812,0.011411129496991634,0.09941104054450989,0.012163507752120495,0.015054703690111637,19.311201095581055,0.011718709021806717,0.1820099651813507,0.01492986548691988,0.1306677907705307,18.23159408569336,0.015025908127427101,0.12958835065364838,0.007304459344595671,0.01460527628660202,22.0892333984375,0.0061812568455934525,0.08713307976722717,0.014317939057946205,0.00043902790639549494,17.837507247924805,0.016453156247735023,0.07801465690135956,22.272327423095703,0.005926077254116535,0.11709856986999512,31.703113555908203,0.0006755986833013594,21.71737289428711,0.006733843125402927,0.13854652643203735,20.67601776123047,0.008558510802686214,0.07636000961065292,20.089529037475586,0.009795963764190674,0.0839441567659378,20.399452209472656,0.009121264331042767,0.13060696423053741,29.287277221679688,0.0011783451773226261,19.853429794311523,0.010343250818550587,0.15397703647613525,19.216169357299805,0.011977968737483025,0.09625998139381409,18.64525032043457,0.01366076897829771,0.1063203364610672,23.885211944580078,0.004087698645889759,0.055694956332445145,31.62065887451172,0.0006885480252094567,23.362384796142578,0.004610645584762096,0.06472793966531754
4964,154,16,104,-1,0,23.518808364868164,0.1104649156332016,21.30860137939453,0.14882482588291168,27.3543701171875,20.970256805419922,0.1549098938703537,19.495908737182617,22.3287296295166,0.10019441694021225,18.228412628173828,18.256244659423828,20.165626525878906,0.08790688216686249,100.0,0.2784009873867035,0.534570038318634,104,136,0.42473211884498596,0,0,0.004447534680366516,0.001838921569287777,23.143606185913086,0.0048488592728972435,0.12717175483703613,0.007398437242954969,0.10872765630483627,20.81664276123047,0.00828582514077425,0.12306834012269974,0.00799787137657404,0.015036918222904205,21.602115631103516,0.006914941128343344,0.16581642627716064,0.011230762116611004,0.14181724190711975,19.735734939575195,0.010627389885485172,0.1498750001192093,0.005849611479789019,0.01494086068123579,23.515464782714844,0.004450958222150803,0.10005708783864975,0.009625810198485851,0.0,19.544147491455078,0.011106704361736774,0.10472714155912399,25.56084632873535,0.0027791711036115885,0.0920487567782402,36.298316955566406,0.00023451387824025005,24.988508224487305,0.0031706567388027906,0.10865116119384766,22.498741149902344,0.005625044461339712,0.08591245114803314,21.891996383666992,0.0064684501849114895,0.10296022891998291,22.925899505615234,0.0050981235690414906,0.11603579670190811,30.874073028564453,0.0008176975534297526,22.398300170898438,0.005756651051342487,0.13569168746471405,20.863182067871094,0.00819750688970089,0.1102910041809082,20.28731346130371,0.009359842166304588,0.12984827160835266,25.244441986083984,0.0029892066959291697,0.062278397381305695,31.733116149902344,0.0006709474255330861,24.754920959472656,0.0033458617981523275,0.07259492576122284
5008,154,16,148,-1,0,20.316375732421875,0.13975213468074799,16.85059928894043,0.2574889361858368,25.474088668823242,18.75384521484375,0.1701868772506714,15.995445251464844,22.246122360229492,0.07168754935264587,18.01175308227539,18.120559692382812,16.18036460876465,0.3039644658565521,34.863807678222656,0.47060805559158325,0.5471409559249878,148,180,0.44909390807151794,0,0,0.009297418408095837,0.002835249761119485,19.875171661376953,0.010291598737239838,0.15798541903495789,0.02065095491707325,0.30668729543685913,16.307971954345703,0.023399293422698975,0.35431596636772156,0.013323412276804447,0.015806101262569427,18.88016700744629,0.012941461056470871,0.18033939599990845,0.02514522150158882,0.3286396265029907,15.743428230285645,0.026647543534636497,0.3670565187931061,0.005961943883448839,0.01541502121835947,23.46052360534668,0.004507623612880707,0.06656180322170258,0.02409704029560089,0.0003263017861172557,15.566732406616211,0.027754079550504684,0.3557228744029999,20.9670352935791,0.008003804832696915,0.12235697358846664,33.98859405517578,0.0003991544072050601,20.374530792236328,0.009173751808702946,0.14215564727783203,17.077993392944336,0.019597508013248444,0.28973501920700073,16.46978187561035,0.0225435309112072,0.34132707118988037,19.83100700378418,0.010396790690720081,0.13631682097911835,30.291337966918945,0.0009351175976917148,19.261924743652344,0.011852432042360306,0.15738515555858612,16.51613426208496,0.022304195910692215,0.3040406405925751,15.918761253356934,0.025593159720301628,0.35729825496673584,25.459388732910156,0.002844862174242735,0.036860499531030655,31.841007232666016,0.0006544844363816082,24.97321319580078,0.0031818433199077845,0.04243500903248787
5110,154,16,250,-1,2,21.343557357788086,0.17879536747932434,17.323707580566406,0.26422542333602905,25.70054817199707,19.62642478942871,0.22294658422470093,16.521595001220703,22.43332290649414,0.09581402689218521,18.117721557617188,18.20174217224121,16.726654052734375,0.2923281490802765,33.51478958129883,0.48448583483695984,0.5453728437423706,250,282,0.3769935667514801,0,0,0.007339125964790583,0.002691196510568261,20.939781188964844,0.008054192177951336,0.21003174781799316,0.018519500270485878,0.3051021099090576,16.794231414794922,0.020920736715197563,0.3436491787433624,0.010898271575570107,0.015425097197294235,19.913217544555664,0.010201836936175823,0.2446831464767456,0.022276172414422035,0.3216050863265991,16.32514190673828,0.023306969553232193,0.3517713248729706,0.005710416939109564,0.01512954756617546,23.704557418823242,0.00426132045686245,0.09141983836889267,0.021248813718557358,0.0004451653512660414,16.11732292175293,0.02444937638938427,0.33521074056625366,22.461278915405273,0.005673778243362904,0.16105853021144867,34.32780456542969,0.0003691642195917666,21.877639770507812,0.006489872932434082,0.19188058376312256,17.656702041625977,0.01715259440243244,0.2832380533218384,17.045162200927734,0.019746216014027596,0.324704647064209,20.97800064086914,0.007983624003827572,0.184583842754364,30.26551055908203,0.0009406955214217305,20.425291061401367,0.009067152626812458,0.21956878900527954,17.06357192993164,0.019662687554955482,0.2935425639152527,16.467802047729492,0.022553810849785805,0.33446332812309265,25.61143684387207,0.002746985759586096,0.05556097999215126,31.981250762939453,0.0006336871883831918,25.12563705444336,0.0030721083749085665,0.06489576399326324
5170,154,16,310,-1,2,22.50963592529297,0.14396046102046967,18.978721618652344,0.2049684077501297,26.775453567504883,20.81560516357422,0.18753062188625336,18.118515014648438,22.565507888793945,0.09244272112846375,18.226497650146484,18.218767166137695,18.460880279541016,0.2706122100353241,100.0,0.4399500787258148,0.46589013934135437,310,342,0.3914234936237335,0,0,0.005610949359834194,0.002101139398291707,22.110599517822266,0.006150919944047928,0.17396153509616852,0.01265108585357666,0.2889578938484192,18.445953369140625,0.014302256517112255,0.33625903725624084,0.008287803269922733,0.015043547376990318,21.397544860839844,0.00724845752120018,0.21000805497169495,0.0154222771525383,0.3088591992855072,18.13565444946289,0.015361534431576729,0.3432827293872833,0.005539227742701769,0.015070348978042603,23.900959014892578,0.004072901792824268,0.09124143421649933,0.014253188855946064,0.0,17.839401245117188,0.016445986926555634,0.3215242028236389,24.298097610473633,0.0037169791758060455,0.12724114954471588,35.251399993896484,0.00029844214441254735,23.723363876342773,0.004242907743901014,0.15632599592208862,19.89004135131836,0.010256425477564335,0.2664839029312134,19.28169822692871,0.011798592284321785,0.3133758008480072,22.466724395751953,0.005666667129844427,0.15528112649917603,29.64838981628418,0.0010843287454918027,21.957489013671875,0.006371642462909222,0.18953163921833038,19.052955627441406,0.012436682358384132,0.276128351688385,18.477813720703125,0.014197719283401966,0.32548582553863525,25.49424171447754,0.002822123235091567,0.05633541941642761,30.39832878112793,0.0009123623603954911,25.06412124633789,0.003115932922810316,0.06600087136030197
5256,154,16,396,-1,0,21.817609786987305,0.2778645157814026,20.474023818969727,0.2462785691022873,24.54777717590332,20.436569213867188,0.3253719210624695,19.438840866088867,23.779281616210938,0.10414204001426697,18.027664184570312,18.041492462158203,19.957530975341797,0.3392519950866699,100.0,0.40584632754325867,0.6068271398544312,396,428,0.4564371705055237,0,0,0.006580200046300888,0.003509316360577941,21.5164794921875,0.0070526436902582645,0.3255319893360138,0.008965975604951382,0.3299770653247833,20.049057006835938,0.009887677617371082,0.38772207498550415,0.009043640457093716,0.01574830152094364,20.962507247924805,0.008012155070900917,0.370317280292511,0.011379309929907322,0.3544718325138092,19.68608856201172,0.010749571025371552,0.4027949273586273,0.004188629798591137,0.015698231756687164,26.165578842163086,0.0024179217871278524,0.10551999509334564,0.010098271071910858,0.0,19.3360538482666,0.011651850305497646,0.402159720659256,22.533771514892578,0.005579855293035507,0.2669140696525574,33.3505859375,0.0004623189161065966,21.96053695678711,0.006367168854922056,0.3185455799102783,21.13274574279785,0.007704163435846567,0.3166976869106293,20.52790641784668,0.008855425752699375,0.3748120367527008,21.662738800048828,0.006819083821028471,0.29000407457351685,28.671838760375977,0.001357738277874887,21.158113479614258,0.007659291382879019,0.3427319824695587,20.472509384155273,0.008969107642769814,0.3344419002532959,19.92115592956543,0.010183203965425491,0.39328086376190186,28.001922607421875,0.0015841914573684335,0.06625019758939743,29.609336853027344,0.0010941235814243555,27.800003051757812,0.0016595865599811077,0.07755625247955322
5532,154,16,704,-1,1,24.80109214782715,0.1809762716293335,23.164674758911133,0.2431720346212387,24.50295639038086,21.905765533447266,0.21754932403564453,20.95035743713379,22.871997833251953,0.13454072177410126,17.808149337768555,17.96542739868164,21.3947696685791,0.1659172773361206,100.0,0.37150219082832336,0.6545642018318176,704,736,0.4337652325630188,0,0,0.0033104796893894672,0.003545719664543867,24.848831176757812,0.003274288959801197,0.20470991730690002,0.004825392737984657,0.17700700461864471,22.81631088256836,0.005228403490036726,0.1991855800151825,0.006447978783398867,0.016564762219786644,23.105533599853516,0.00489155063405633,0.23452378809452057,0.0080346018075943,0.20085197687149048,21.657638549804688,0.0068270983174443245,0.21296055614948273,0.005161791108548641,0.015975605696439743,24.5616455078125,0.0034981269855052233,0.13257288932800293,0.0072530885227024555,0.0,20.773292541503906,0.008368948474526405,0.19259652495384216,26.895320892333984,0.00204393919557333,0.14637409150600433,32.803016662597656,0.0005244429339654744,26.425020217895508,0.002277707913890481,0.17093975841999054,24.367692947387695,0.00365789164789021,0.14856749773025513,23.78936767578125,0.004178912378847599,0.17089511454105377,24.03873634338379,0.003945722710341215,0.1845395714044571,28.368690490722656,0.0014558982802554965,23.6363525390625,0.004328772891312838,0.21359828114509583,22.4700927734375,0.005662272218614817,0.17324566841125488,21.969728469848633,0.006353709381073713,0.20068462193012238,25.919523239135742,0.002558866748586297,0.09213510155677795,29.192508697509766,0.0012043396709486842,25.57950782775879,0.002767255762591958,0.10440593212842941
5647,154,16,819,-1,0,24.695894241333008,0.1845608353614807,21.589176177978516,0.21578657627105713,24.96883773803711,21.953563690185547,0.22795067727565765,19.961685180664062,23.202150344848633,0.11194548010826111,17.45193862915039,17.477676391601562,20.495813369750977,0.23546366393566132,100.0,0.3919322192668915,0.5505711436271667,819,851,0.443965882062912,0,0,0.0033916456159204245,0.0031850493978708982,24.65538787841797,0.0034234297927469015,0.2099432349205017,0.0069355713203549385,0.2507607936859131,21.14732551574707,0.007678345311433077,0.2858363687992096,0.006377400364726782,0.017980679869651794,23.379716873168945,0.004592280834913254,0.24928691983222961,0.010088611394166946,0.2681312561035156,20.511993408203125,0.00888793170452118,0.2979365587234497,0.004783934447914362,0.017874442040920258,25.57518768310547,0.0027700101491063833,0.11234182864427567,0.008921108208596706,0.0,19.874332427978516,0.010293587110936642,0.269447922706604,26.304256439208984,0.0023419319186359644,0.15930697321891785,33.16102981567383,0.00048294442240148783,25.803861618041992,0.002627930138260126,0.18321512639522552,22.20893669128418,0.006013212725520134,0.2294241338968277,21.61229705810547,0.006898748688399792,0.2655608654022217,24.182575225830078,0.0038171792402863503,0.19453880190849304,29.357717514038086,0.0011593870585784316,23.740633010864258,0.004226070363074541,0.22465257346630096,21.18720054626465,0.007608168758451939,0.2506712079048157,20.637859344482422,0.008634038269519806,0.2900790274143219,26.80645751953125,0.0020861926022917032,0.0807173103094101,30.795852661132812,0.00083255855133757,26.422443389892578,0.0022790594957768917,0.09201519191265106
5905,154,16,1077,-1,2,23.43268585205078,0.19463200867176056,20.643085479736328,0.2285308688879013,24.996627807617188,20.839237213134766,0.22917214035987854,19.044511795043945,22.683731079101562,0.10929182171821594,17.254539489746094,17.532583236694336,19.34319496154785,0.23803669214248657,100.0,0.4074857831001282,0.5608314871788025,1077,1109,0.4315589666366577,0,0,0.004536610096693039,0.003164733527228236,23.235197067260742,0.004747668281197548,0.21942195296287537,0.008623654022812843,0.24757063388824463,20.195226669311523,0.00956043042242527,0.28531211614608765,0.008242827840149403,0.018816813826560974,21.79400634765625,0.006616060622036457,0.2500655949115753,0.01246088556945324,0.2697061002254486,19.355222702026367,0.011600527912378311,0.2990051507949829,0.005390476901084185,0.017649881541728973,24.553844451904297,0.003504414577037096,0.10901247709989548,0.011632702313363552,0.0,18.721715927124023,0.013422347605228424,0.27886104583740234,24.412471771240234,0.003620368894189596,0.17781072854995728,32.470497131347656,0.0005661745672114193,23.882505416870117,0.004090245347470045,0.20612174272537231,21.13143539428711,0.00770648755133152,0.23651398718357086,20.53757095336914,0.008835739456117153,0.2782580256462097,22.47049331665039,0.005661750677973032,0.20144501328468323,27.83371925354004,0.0016467517707496881,22.020790100097656,0.006279442925006151,0.23131778836250305,20.022123336791992,0.00994919240474701,0.2514137923717499,19.4783935546875,0.01127614639699459,0.2939624786376953,25.702392578125,0.0026900521479547024,0.07900618016719818,28.545921325683594,0.0013976808404549956,25.3927059173584,0.002888878807425499,0.08976143598556519
5956,154,16,1128,-1,1,25.187618255615234,0.20769917964935303,22.73929786682129,0.23551598191261292,24.127323150634766,22.096038818359375,0.23270492255687714,20.613805770874023,23.046682357788086,0.12935779988765717,17.429489135742188,17.37439727783203,21.423206329345703,0.22938527166843414,100.0,0.389730304479599,0.6043050289154053,1128,1160,0.44727978110313416,0,0,0.0030285741668194532,0.0038660524878650904,25.376422882080078,0.0028997312765568495,0.24564537405967712,0.005321940407156944,0.24374647438526154,22.363922119140625,0.005802404135465622,0.2819400429725647,0.006171580404043198,0.01807386800646782,23.624645233154297,0.004340459126979113,0.2604137659072876,0.008681993000209332,0.26228681206703186,21.4279727935791,0.007197849918156862,0.2892003059387207,0.004958288744091988,0.018304603174328804,25.368526458740234,0.0029050095472484827,0.13475674390792847,0.007205752655863762,0.0,20.801727294921875,0.008314330130815506,0.2649077773094177,27.29121208190918,0.0018658586777746677,0.18232391774654388,31.135652542114258,0.000769900914747268,26.91549301147461,0.0020344676449894905,0.22067618370056152,23.578716278076172,0.00438660616055131,0.2214657962322235,22.99921989440918,0.005012773908674717,0.25808751583099365,24.502580642700195,0.003546027233824134,0.2109876126050949,27.024173736572266,0.00198418740183115,24.217838287353516,0.0037863103207200766,0.24960803985595703,22.142982482910156,0.006105228327214718,0.23817326128482819,21.66581153869629,0.006814264226704836,0.2739209532737732,26.396100997924805,0.0022929261904209852,0.09344784915447235,28.599822998046875,0.0013804408954456449,26.138029098510742,0.0024333084002137184,0.10988643765449524
6046,154,16,1218,-1,3,24.276710510253906,0.217695415019989,20.601491928100586,0.25629153847694397,23.831148147583008,21.785152435302734,0.27065756916999817,19.31683921813965,23.693754196166992,0.1205294132232666,17.241212844848633,17.348400115966797,19.88067626953125,0.3070790469646454,100.0,0.3624970018863678,0.7070170044898987,1218,1250,0.45137661695480347,0,0,0.0037353315856307745,0.0041389018297195435,24.349502563476562,0.0036732435692101717,0.2569490969181061,0.008706645108759403,0.31894248723983765,20.19026756286621,0.009571355767548084,0.37992799282073975,0.00662956340238452,0.018874647095799446,23.23699188232422,0.004745704587548971,0.30244725942611694,0.011703511700034142,0.3395472466945648,19.712907791137695,0.010683399625122547,0.39136767387390137,0.004271934740245342,0.01841450296342373,26.7857666015625,0.0020961551927030087,0.12542875111103058,0.01027856394648552,0.0,19.259197235107422,0.01185988076031208,0.3696792423725128,25.17144775390625,0.0030398722738027573,0.19000974297523499,33.28049087524414,0.0004698412085417658,24.640403747558594,0.00343526154756546,0.23012670874595642,20.760068893432617,0.008394468575716019,0.2937289774417877,20.15508460998535,0.009649204090237617,0.35740217566490173,23.817699432373047,0.0041517396457493305,0.2161780744791031,29.095256805419922,0.001231613801792264,23.371488571166992,0.004600989632308483,0.2569344937801361,20.246780395507812,0.009447612799704075,0.3145039975643158,19.691024780273438,0.010737364180386066,0.3781179189682007,27.933332443237305,0.0016094099264591932,0.07430878281593323,29.335233688354492,0.0011654042173177004,27.752809524536133,0.0016777184791862965,0.08685069531202316
6107,154,16,1279,-1,0,25.63214874267578,0.19058860838413239,23.563026428222656,0.2395923137664795,24.762027740478516,22.308074951171875,0.24342623353004456,21.193195343017578,23.132944107055664,0.11324389278888702,17.470781326293945,17.6049747467041,22.005298614501953,0.1632080227136612,100.0,0.3409171998500824,0.7027873992919922,1279,1311,0.42637506127357483,0,0,0.002733916975557804,0.00334039144217968,25.78295135498047,0.0026406128890812397,0.2164040356874466,0.0044024791568517685,0.17008034884929657,23.336841583251953,0.004637839738279581,0.18815724551677704,0.005877497605979443,0.017902836203575134,23.9497013092041,0.004027445800602436,0.2737801969051361,0.0075976732186973095,0.19675104320049286,22.20025634765625,0.006025240756571293,0.2098323255777359,0.004860776476562023,0.01735811121761799,25.319320678710938,0.002938109217211604,0.11072830110788345,0.006301882676780224,0.0,21.383819580078125,0.007271402981132269,0.18778368830680847,27.700225830078125,0.0016981546068564057,0.17564350366592407,31.346027374267578,0.0007334950496442616,27.33635711669922,0.001846563769504428,0.20805242657661438,24.835811614990234,0.0032841195352375507,0.1400826871395111,24.289047241210938,0.0037247349973767996,0.15940767526626587,24.59133529663086,0.0034742928110063076,0.22672143578529358,26.83335304260254,0.002073311945423484,24.329938888549805,0.0036898283287882805,0.2712806761264801,22.947673797607422,0.005072623956948519,0.1743805706501007,22.515642166137695,0.005603195168077946,0.20069803297519684,26.314777374267578,0.002336266450583935,0.08194781839847565,27.932720184326172,0.001609637401998043,26.11178970336914,0.002448055427521467,0.09267575293779373
6288,154,16,1460,-1,1,22.305103302001953,0.21849393844604492,18.963804244995117,0.2744726240634918,23.792564392089844,20.422443389892578,0.25018593668937683,17.927021026611328,22.563304901123047,0.10328808426856995,17.685070037841797,17.605335235595703,18.223241806030273,0.2509557902812958,100.0,0.40158358216285706,0.6834757328033447,1460,1492,0.45244789123535156,0,0,0.005881523713469505,0.004175837151706219,22.11553382873535,0.006143936887383461,0.2559056282043457,0.012694615870714188,0.26849570870399475,18.481542587280273,0.014185539446771145,0.3064541518688202,0.009073096327483654,0.01704092137515545,21.052810668945312,0.007847277447581291,0.28188782930374146,0.016117507591843605,0.2819162607192993,17.981016159057617,0.015918368473649025,0.31180694699287415,0.005542039405554533,0.017356671392917633,24.289432525634766,0.0037244046106934547,0.10229797661304474,0.015054833143949509,0.0,17.601760864257812,0.017370961606502533,0.29169291257858276,23.26012420654297,0.004720497410744429,0.20131012797355652,29.46061134338379,0.0011322409845888615,22.779804229736328,0.005272536538541317,0.24175408482551575,19.53463363647461,0.011131063103675842,0.24302241206169128,18.934608459472656,0.012780243530869484,0.2812567949295044,21.578933715820312,0.006951953284442425,0.22408714890480042,26.389461517333984,0.0022964340168982744,21.153072357177734,0.0076681869104504585,0.2643125057220459,18.701683044433594,0.013484401628375053,0.257666677236557,18.1544132232666,0.015295332297682762,0.2976481318473816,25.35930633544922,0.002911183051764965,0.07362453639507294,27.786558151245117,0.0016647320007905364,25.082260131835938,0.0031029449310153723,0.08425483107566833
6603,154,16,1775,-1,0,24.982879638671875,0.13681526482105255,21.46976089477539,0.2114725410938263,24.796781539916992,21.92735481262207,0.18594083189964294,19.823205947875977,23.128955841064453,0.10588070750236511,17.289583206176758,17.459041595458984,20.33072280883789,0.1397598385810852,100.0,0.37224557995796204,0.5680995583534241,1775,1807,0.42328470945358276,0,0,0.003174769226461649,0.0033137674909085035,25.012229919433594,0.0031533846631646156,0.15304863452911377,0.007128925994038582,0.15686002373695374,21.077289581298828,0.007803171873092651,0.1775202602148056,0.006416004151105881,0.01866559498012066,23.437625885009766,0.004531451500952244,0.19991303980350494,0.010415486060082912,0.18252865970134735,20.280441284179688,0.009374666959047318,0.19650301337242126,0.004865242633968592,0.017951298505067825,25.448501586914062,0.002852003090083599,0.10737946629524231,0.00926676020026207,0.0,19.70924186706543,0.0106924157589674,0.16248802840709686,26.544742584228516,0.0022157756611704826,0.11446031183004379,32.11360168457031,0.00061466742772609,26.086942672729492,0.0024620997719466686,0.13218052685260773,21.9813175201416,0.006336771883070469,0.13286997377872467,21.388957977294922,0.007262803614139557,0.15461896359920502,24.108869552612305,0.0038825138472020626,0.14182725548744202,27.042999267578125,0.0019756050314754248,23.79251480102539,0.004175884649157524,0.16149526834487915,20.91741371154785,0.008095781318843365,0.14547699689865112,20.393749237060547,0.00913324486464262,0.16551987826824188,26.448572158813477,0.002265389310196042,0.07791006565093994,28.29561424255371,0.0014806027757003903,26.223068237304688,0.0023861255031079054,0.09089837223291397
6714,154,16,1886,-1,3,26.204715728759766,0.16009873151779175,24.304630279541016,0.17898432910442352,26.126964569091797,22.608753204345703,0.20454734563827515,21.60515594482422,23.306819915771484,0.10573185980319977,17.508188247680664,17.609426498413086,22.617324829101562,0.12186680734157562,100.0,0.34109851717948914,0.5247291326522827,1886,1918,0.41789019107818604,0,0,0.0023962308187037706,0.0024395151995122433,26.216800689697266,0.0023895720951259136,0.18279805779457092,0.003711393568664789,0.13735096156597137,23.941810607910156,0.004034771583974361,0.15347474813461304,0.005484346766024828,0.017749302089214325,24.44007682800293,0.003597431117668748,0.22116625308990479,0.006910102441906929,0.1624317616224289,22.781631469726562,0.00527031859382987,0.16967634856700897,0.0046700118109583855,0.017340339720249176,25.65314483642578,0.002720731543377042,0.10470601916313171,0.005473529454320669,0.0,21.995847702026367,0.006315610371530056,0.1391148716211319,28.381128311157227,0.0014517350355163217,0.13155455887317657,33.40364456176758,0.00045670499093830585,27.94574737548828,0.0016048166435211897,0.1574392020702362,25.572111129760742,0.002771973144263029,0.1142251044511795,25.002309799194336,0.0031605965923517942,0.13021324574947357,25.064449310302734,0.0031156963668763638,0.17001500725746155,27.227584838867188,0.0018933963729068637,24.809940338134766,0.003303742501884699,0.1996326595544815,23.52590560913086,0.004440270829945803,0.1386898159980774,23.11429786682129,0.004881689790636301,0.15903876721858978,26.59440040588379,0.002190585481002927,0.07588784396648407,28.15233039855957,0.0015302663668990135,26.397525787353516,0.0022921732161194086,0.08521610498428345
6716,154,16,1888,-1,1,26.182720184326172,0.14506521821022034,24.041431427001953,0.18909695744514465,26.04416847229004,22.613059997558594,0.2000596523284912,21.484506607055664,23.31644058227539,0.10975167155265808,17.559579849243164,17.612924575805664,22.48882293701172,0.12210450321435928,100.0,0.33096662163734436,0.5713475346565247,1888,1920,0.41708698868751526,0,0,0.0024083959870040417,0.002486470388248563,26.204435348510742,0.002396384719759226,0.167911097407341,0.003943274263292551,0.14218440651893616,23.761463165283203,0.004205848090350628,0.16221760213375092,0.0054789078421890736,0.01754050701856613,24.408987045288086,0.0036232767160981894,0.21522153913974762,0.007104761432856321,0.18055599927902222,22.609159469604492,0.005483831744641066,0.18860115110874176,0.004659680183976889,0.017326368018984795,25.668771743774414,0.0027109594084322453,0.10830103605985641,0.005637906491756439,0.0,21.867341995239258,0.006505277007818222,0.13969728350639343,28.496170043945312,0.0014137843390926719,0.12118663638830185,33.6386833190918,0.0004326452035456896,28.05561065673828,0.001564728794619441,0.1439841240644455,25.397998809814453,0.0028853602707386017,0.11265990883111954,24.826791763305664,0.003290946362540126,0.13170978426933289,25.05743980407715,0.003120729699730873,0.16983020305633545,27.08761215209961,0.001955414656549692,24.814849853515625,0.003300009062513709,0.19632363319396973,23.37653350830078,0.004595648497343063,0.1430853009223938,22.9515380859375,0.005068111699074507,0.16252747178077698,26.59654998779297,0.0021895004902035,0.08184340596199036,28.12750816345215,0.001539037562906742,26.40245819091797,0.0022895715665072203,0.09215538948774338
7256,154,16,2460,-1,2,25.270084381103516,0.17829430103302002,23.01410675048828,0.20077788829803467,25.15303611755371,22.280742645263672,0.22018077969551086,20.925453186035156,23.218175888061523,0.11504009366035461,17.909969329833984,18.018156051635742,21.50945281982422,0.175704687833786,100.0,0.38711854815483093,0.5186470150947571,2460,2492,0.436642587184906,0,0,0.002971608191728592,0.003052787622436881,25.288375854492188,0.0029591191560029984,0.20612166821956635,0.0049956189468503,0.194478839635849,22.593515396118164,0.00550362141802907,0.22674381732940674,0.005914605688303709,0.016180913895368576,23.629934310913086,0.00433517387136817,0.24841921031475067,0.008080806583166122,0.21508729457855225,21.605806350708008,0.006909067276865244,0.24007569253444672,0.004766311962157488,0.015782812610268593,25.126543045043945,0.0030714659951627254,0.12226487696170807,0.007064065895974636,0.0,20.88797378540039,0.008150845766067505,0.20739677548408508,27.300317764282227,0.0018619514303281903,0.15223687887191772,32.848636627197266,0.0005189629155211151,26.84330940246582,0.0020685652270913124,0.18256457149982452,23.996973037719727,0.003983847796916962,0.16623671352863312,23.405895233154297,0.004564680624753237,0.19864505529403687,24.297592163085938,0.0037174124736338854,0.18944716453552246,27.40506362915039,0.001817581127397716,23.968887329101562,0.004009694326668978,0.2249884307384491,22.3380184173584,0.005837117321789265,0.1901206374168396,21.864734649658203,0.006509184371680021,0.22326184809207916,26.08729362487793,0.002461901865899563,0.0871979221701622,28.214336395263672,0.001508573885075748,25.835979461669922,0.0026085677091032267,0.10135406255722046
7464,154,16,2700,-1,1,20.56879425048828,0.28018954396247864,18.636749267578125,0.2842820882797241,25.488025665283203,18.918886184692383,0.3123740553855896,17.500112533569336,22.27926254272461,0.09819105267524719,17.888938903808594,18.030879974365234,17.77157211303711,0.2348291277885437,100.0,0.4418182373046875,0.6434367299079895,2700,2732,0.44136136770248413,0,0,0.008772439323365688,0.00282616401091218,20.137996673583984,0.009687250480055809,0.3250150978565216,0.013687524944543839,0.24225777387619019,18.088762283325195,0.015528290532529354,0.2777928113937378,0.012826597318053246,0.016259469091892242,19.101491928100586,0.0122984629124403,0.3553127944469452,0.017782337963581085,0.26482313871383667,17.41495132446289,0.018134471029043198,0.29193374514579773,0.005916622467339039,0.015736643224954605,23.559701919555664,0.0044058505445718765,0.09799782931804657,0.016704857349395752,0.0,17.15009307861328,0.019274836406111717,0.27345457673072815,21.109771728515625,0.007745026610791683,0.2614485025405884,34.11181640625,0.0003879881405737251,20.517396926879883,0.008876878768205643,0.3079943358898163,18.88922119140625,0.012914509512484074,0.22467520833015442,18.273408889770508,0.014881929382681847,0.26120659708976746,20.047985076904297,0.009890122339129448,0.2765979468822479,30.787649154663086,0.0008341327775269747,19.47562026977539,0.011283350177109241,0.3259519338607788,18.18285369873047,0.01519548799842596,0.23817291855812073,17.58347511291504,0.01744426041841507,0.2765571177005768,25.736766815185547,0.0026688454672694206,0.06561979651451111,32.26629638671875,0.0005934314685873687,25.245990753173828,0.0029881398659199476,0.0758160874247551
7673,154,16,2909,-1,2,25.769187927246094,0.15187829732894897,23.55638313293457,0.18107104301452637,25.729618072509766,22.443500518798828,0.19883032143115997,21.11537742614746,23.19675636291504,0.11964262276887894,17.70940589904785,17.737695693969727,21.959030151367188,0.12683339416980743,100.0,0.315054327249527,0.5747295618057251,2909,2941,0.43198394775390625,0,0,0.0026489964220672846,0.0026732415426522493,25.775306701660156,0.0026452664751559496,0.16967211663722992,0.004409220069646835,0.13799501955509186,23.20526885986328,0.004780500195920467,0.1570754498243332,0.005697050131857395,0.016945701092481613,24.01593780517578,0.003966488875448704,0.21442022919654846,0.007735036313533783,0.17359960079193115,21.967979431152344,0.006356268655508757,0.18749769032001495,0.004789877217262983,0.01683567278087139,25.32143783569336,0.0029366775415837765,0.12385456264019012,0.006369377486407757,0.0,21.33755111694336,0.007349281571805477,0.14497651159763336,27.92746353149414,0.0016115871258080006,0.1248542070388794,33.01813888549805,0.0004990982706658542,27.489124298095703,0.0017827391857281327,0.14466264843940735,24.57188606262207,0.0034898875746876,0.11475220322608948,23.99822998046875,0.00398269621655345,0.13420777022838593,24.6865234375,0.0033989741932600737,0.17254026234149933,27.65534210205078,0.0017157969996333122,24.36765480041504,0.0036579249426722527,0.1982358992099762,22.659542083740234,0.005420582368969917,0.14704850316047668,22.21538734436035,0.006004285532981157,0.17009523510932922,26.21506690979004,0.0023905260022729635,0.08563055843114853,27.69504737854004,0.0017001810483634472,26.02627944946289,0.0024967328645288944,0.09877930581569672
7760,154,16,2996,-1,1,24.402545928955078,0.17443233728408813,20.900375366210938,0.1929938644170761,26.38899803161621,21.91387367248535,0.2161833941936493,19.56293487548828,23.566604614257812,0.09571195393800735,17.956918716430664,18.05637550354004,19.98817253112793,0.27738499641418457,100.0,0.43588733673095703,0.4427608847618103,2996,3028,0.45786580443382263,0,0,0.0036286518443375826,0.0022966794203966856,24.16396713256836,0.003833570284768939,0.20301245152950287,0.008127606473863125,0.27617162466049194,20.396949768066406,0.0091265132650733,0.3240986466407776,0.006435947492718697,0.01600693352520466,23.042129516601562,0.004963488783687353,0.24140502512454987,0.011058758944272995,0.30319923162460327,19.848867416381836,0.010354122146964073,0.3437841534614563,0.004398855846375227,0.015644533559679985,25.736919403076172,0.0026687521021813154,0.10143794119358063,0.010027274489402771,0.0,19.3666934967041,0.011569932103157043,0.32595551013946533,25.796432495117188,0.0026324293576180935,0.1602427363395691,35.110652923583984,0.00030827251612208784,25.243301391601562,0.0029899918008595705,0.18825989961624146,21.400054931640625,0.007244265638291836,0.2728903889656067,20.791732788085938,0.008333487436175346,0.321790486574173,23.83919906616211,0.004131235182285309,0.17783977091312408,29.401775360107422,0.00114768510684371,23.381643295288086,0.004590243101119995,0.20757544040679932,20.593772888183594,0.008722133934497833,0.2845087945461273,20.037437438964844,0.009914170950651169,0.3357485830783844,26.99909019470215,0.0019956808537244797,0.0670735090970993,30.17686653137207,0.0009600933408364654,26.665523529052734,0.0021550022065639496,0.08106671273708344
7952,154,16,3220,-1,3,25.97791290283203,0.14279747009277344,20.7171630859375,0.20328831672668457,26.00076675415039,22.52239227294922,0.18349552154541016,19.373435974121094,23.244007110595703,0.10930193960666656,17.953887939453125,17.942237854003906,19.5510311126709,0.2627488672733307,100.0,0.42018604278564453,0.48380550742149353,3220,3252,0.44262999296188354,0,0,0.0025246948935091496,0.002511443803086877,25.97440528869629,0.002526733325794339,0.1625765860080719,0.00847780890762806,0.2672223746776581,20.255659103393555,0.009428318589925766,0.3111359775066376,0.00559449614956975,0.016018114984035492,23.989334106445312,0.003990862984210253,0.2029646933078766,0.011551979929208755,0.2816080152988434,19.63174057006836,0.010884936898946762,0.3154481053352356,0.004738049115985632,0.01606113277375698,25.234529495239258,0.002996036782860756,0.11167959868907928,0.011089117266237736,0.0,18.92955207824707,0.012795135378837585,0.30662092566490173,28.1632080078125,0.0015264381654560566,0.11762852221727371,35.62259292602539,0.0002739939372986555,27.64693260192871,0.0017191218212246895,0.13625016808509827,20.923694610595703,0.008084080182015896,0.24610021710395813,20.316789627075195,0.009296536445617676,0.28994718194007874,25.31764030456543,0.0029392470605671406,0.1530551314353943,31.278324127197266,0.0007450193515978754,24.845474243164062,0.0032768205273896456,0.17735500633716583,20.178543090820312,0.009597227908670902,0.2573529779911041,19.595611572265625,0.010975867509841919,0.30079418420791626,27.009408950805664,0.0019909453112632036,0.06925058364868164,32.0291862487793,0.0006267312564887106,26.574146270751953,0.0022008244413882494,0.079804427921772
8178,154,16,3446,-1,1,25.244112014770508,0.1619081348180771,22.324304580688477,0.19550295174121857,25.454822540283203,22.15966033935547,0.2036493867635727,20.379703521728516,22.938663482666016,0.1131381019949913,17.92070770263672,17.959915161132812,20.964231491088867,0.17501391470432281,100.0,0.36026468873023987,0.5426647663116455,3446,3478,0.408587783575058,0,0,0.002989433240145445,0.002847854048013687,25.212583541870117,0.003011214779689908,0.18407197296619415,0.005855575203895569,0.18146394193172455,21.925708770751953,0.006418434903025627,0.20392093062400818,0.006081826984882355,0.01614096201956272,23.43492889404297,0.004534267354756594,0.2222854197025299,0.009162833914160728,0.20508047938346863,20.909976959228516,0.008109653368592262,0.2182837724685669,0.005083160009235144,0.015995895490050316,24.679752349853516,0.003404278075322509,0.11402048170566559,0.00800897553563118,0.0,20.342750549316406,0.009241125546395779,0.20209535956382751,27.679357528686523,0.001706334762275219,0.13516508042812347,34.66509246826172,0.0003415785904508084,27.175371170043945,0.0019162973621860147,0.15944036841392517,23.26786994934082,0.004712083842605352,0.16399654746055603,22.677749633789062,0.0053979018703103065,0.1895466297864914,24.655906677246094,0.0034230195451527834,0.1709655374288559,30.19392204284668,0.0009563303319737315,24.199296951293945,0.003802509978413582,0.1991214156150818,21.84036636352539,0.006545810028910637,0.1840071827173233,21.293170928955078,0.007424770388752222,0.20978841185569763,26.335628509521484,0.002325075678527355,0.07941761612892151,31.263805389404297,0.000747514539398253,25.90442657470703,0.0025677774101495743,0.0920061469078064
8273,154,16,3541,-1,0,24.7813777923584,0.16862419247627258,22.261611938476562,0.21787743270397186,24.340911865234375,22.10906982421875,0.2035655975341797,20.676837921142578,23.4771728515625,0.09513100981712341,17.736896514892578,17.99324607849121,21.335861206054688,0.19171564280986786,100.0,0.3769952356815338,0.5779315233230591,3541,3573,0.4287335276603699,0,0,0.0033255410380661488,0.003680519061163068,24.853288650512695,0.0032709294464439154,0.1853502243757248,0.005940717179328203,0.20587168633937836,22.048561096191406,0.006239413283765316,0.2337578535079956,0.006153088994324207,0.01683877408504486,23.459064483642578,0.004509137477725744,0.21891748905181885,0.008556901477277279,0.21675938367843628,21.323474884033203,0.007373140659183264,0.23705723881721497,0.004490377847105265,0.01587359793484211,25.6239013671875,0.002739112824201584,0.0946851521730423,0.0073521435260772705,0.0,20.714380264282227,0.008483242243528366,0.22245094180107117,26.51608657836914,0.0022304437588900328,0.146429181098938,32.361576080322266,0.0005805538385175169,26.04800796508789,0.0024842729326337576,0.17087718844413757,23.326438903808594,0.004648962058126926,0.18469639122486115,22.75023651123047,0.0053085568360984325,0.21445494890213013,24.312360763549805,0.0037047930527478456,0.18057353794574738,28.470304489135742,0.001422229572199285,23.9190673828125,0.004055956844240427,0.21157079935073853,22.104354858398438,0.006159772165119648,0.20156657695770264,21.57798957824707,0.006953459698706865,0.23288747668266296,27.018253326416016,0.0019868938252329826,0.06709469109773636,29.491191864013672,0.0011242966866120696,26.73746109008789,0.0021196010056883097,0.07840032130479813
8288,154,16,3556,-1,3,25.015213012695312,0.20189592242240906,22.039491653442383,0.22449171543121338,23.585071563720703,22.594223022460938,0.2508351504802704,20.536762237548828,24.464134216308594,0.09004341810941696,17.57715606689453,17.753461837768555,21.487138748168945,0.21015922725200653,100.0,0.3766957223415375,0.5959497094154358,3556,3588,0.44314607977867126,0,0,0.003151219803839922,0.0043801902793347836,25.283931732177734,0.0029621480498462915,0.23476237058639526,0.006252459716051817,0.2181243747472763,21.633758544921875,0.006864738650619984,0.2541483938694,0.005502723623067141,0.017469659447669983,24.363224029541016,0.0036616565193980932,0.28442496061325073,0.008837387897074223,0.2423570156097412,21.15555763244629,0.007663804106414318,0.27249860763549805,0.0035775566939264536,0.01677466742694378,28.104446411132812,0.0015472318045794964,0.08923567831516266,0.007100456394255161,0.0,20.865659713745117,0.008192834444344044,0.25022944808006287,26.134435653686523,0.0024353221524506807,0.18867911398410797,32.07854461669922,0.0006196486647240818,25.662851333618164,0.0027146567590534687,0.22956471145153046,22.56003189086914,0.005546218249946833,0.19593079388141632,21.960369110107422,0.006367415655404329,0.23472924530506134,25.053586959838867,0.0031235001515597105,0.2207261323928833,29.21309471130371,0.0011986448662355542,24.660205841064453,0.0034196320921182632,0.265655517578125,21.91261100769043,0.006437823176383972,0.2134590446949005,21.3776798248291,0.00728168711066246,0.25446105003356934,29.828920364379883,0.0010401790495961905,0.0521681047976017,29.807193756103516,0.0010453957365825772,29.832271575927734,0.0010393764823675156,0.0626663789153099
8389,154,16,3657,-1,0,24.10637664794922,0.21261638402938843,22.29060935974121,0.25737378001213074,24.20172882080078,21.56963348388672,0.24823516607284546,20.468658447265625,23.064682006835938,0.11748180538415909,17.830284118652344,17.9005126953125,21.025400161743164,0.15192994475364685,100.0,0.36128053069114685,0.7123931646347046,3657,3689,0.43449264764785767,0,0,0.0038847429677844048,0.003800381440669298,24.09189224243164,0.003897721879184246,0.24497246742248535,0.0059011853300035,0.1684865653514862,21.972902297973633,0.006349063944071531,0.18678905069828033,0.00696685491129756,0.016480546444654465,22.593839645385742,0.005503210239112377,0.2817936837673187,0.008977060206234455,0.19715020060539246,21.065101623535156,0.007825097069144249,0.21591174602508545,0.004937782417982817,0.01621619239449501,24.944915771484375,0.0032026423141360283,0.12452773004770279,0.007896963506937027,0.0,20.403919219970703,0.009111881256103516,0.1755787879228592,25.662803649902344,0.0027146867942065,0.1893056333065033,31.69356346130371,0.0006770859472453594,25.188207626342773,0.0030281636863946915,0.22438041865825653,23.248212814331055,0.004733462817966938,0.1388731300830841,22.6666259765625,0.005411745980381966,0.160945326089859,23.442398071289062,0.0045264773070812225,0.2224244922399521,27.683425903320312,0.0017047383589670062,23.044666290283203,0.004960591439157724,0.2619099020957947,21.777313232421875,0.006641538348048925,0.16584433615207672,21.268579483032227,0.007466927636414766,0.19344617426395416,26.26079750061035,0.0023654859978705645,0.08636827021837234,28.956127166748047,0.0012717079371213913,25.96234893798828,0.0025337596889585257,0.10036283731460571
8478,154,16,3746,-1,1,25.350860595703125,0.16293027997016907,22.94224739074707,0.18133853375911713,25.408069610595703,22.249534606933594,0.18989473581314087,20.875093460083008,23.069608688354492,0.10400263965129852,17.954914093017578,18.131711959838867,21.416561126708984,0.15608996152877808,100.0,0.3426148593425751,0.5292780995368958,3746,3778,0.43134406208992004,0,0,0.002916848985478282,0.0028786773327738047,25.34212875366211,0.00292272143997252,0.1899404078722,0.00507896626368165,0.1725931167602539,22.606613159179688,0.0054870471358299255,0.1974220871925354,0.00595726165920496,0.016014322638511658,23.555591583251953,0.0044100224040448666,0.21489320695400238,0.00817505456507206,0.1886352002620697,21.553638458251953,0.006992562208324671,0.20606523752212524,0.0049321833066642284,0.015375479124486446,24.781400680541992,0.0033255228772759438,0.10661247372627258,0.007216785568743944,0.0,20.795082092285156,0.008327060379087925,0.18187165260314941,27.542009353637695,0.0017611620714887977,0.12896907329559326,33.92961120605469,0.00040461233584210277,27.05564308166504,0.0019698620308190584,0.1551433801651001,24.02978515625,0.003953864332288504,0.14166630804538727,23.443347930908203,0.004525485448539257,0.16606250405311584,24.41368865966797,0.0036193542182445526,0.16745968163013458,28.83047866821289,0.0013090374413877726,24.006860733032227,0.003974787425249815,0.2000488042831421,22.305009841918945,0.0058816480450332165,0.16149403154850006,21.791818618774414,0.006619394291192293,0.1888306885957718,25.961673736572266,0.0025341520085930824,0.08015220612287521,29.510337829589844,0.001119350898079574,25.603809356689453,0.002751813968643546,0.09263144433498383
8570,154,16,3838,-1,1,25.074121475219727,0.1866999715566635,22.951778411865234,0.22496676445007324,24.563209533691406,22.00507926940918,0.2382715940475464,20.754615783691406,22.99429702758789,0.11567014455795288,17.68260955810547,17.75659942626953,21.234153747558594,0.1633564829826355,100.0,0.3628261983394623,0.6200399994850159,3838,3870,0.4350126087665558,0,0,0.0031087647657841444,0.0034968669060617685,25.15834617614746,0.0030490567442029715,0.20554009079933167,0.005067829508334398,0.1769537478685379,22.631526947021484,0.005455662962049246,0.19665062427520752,0.006302201189100742,0.017050573602318764,23.32677459716797,0.004648605361580849,0.2585649788379669,0.008405015803873539,0.20461544394493103,21.476276397705078,0.007118236739188433,0.21769404411315918,0.005018457770347595,0.016762543469667435,24.93268585205078,0.003211675677448511,0.1128627359867096,0.007526354398578405,0.0,20.612674713134766,0.008684255182743073,0.1887381374835968,26.901798248291016,0.0020408930722624063,0.17164850234985352,32.1473274230957,0.0006099122692830861,26.4569091796875,0.0022610442247241735,0.19504418969154358,23.8691349029541,0.004102857783436775,0.15833419561386108,23.290956497192383,0.004687101114541292,0.17945891618728638,23.98691177368164,0.003993087448179722,0.22932976484298706,27.436553955078125,0.0018044483149424195,23.63532066345215,0.0043298015370965,0.26292043924331665,22.14437484741211,0.006103268824517727,0.18293505907058716,21.673391342163086,0.006802380550652742,0.20971064269542694,26.006040573120117,0.0025083960499614477,0.09233427047729492,28.143535614013672,0.0015333688352257013,25.753795623779297,0.0026584004517644644,0.1044626459479332
8696,154,16,3964,-1,3,25.470895767211914,0.16610977053642273,23.118000030517578,0.2179166078567505,25.95587158203125,22.18667984008789,0.18558140099048615,20.825721740722656,23.09698486328125,0.1218315064907074,17.58022689819336,17.60579490661621,21.453811645507812,0.15592113137245178,100.0,0.3359467685222626,0.648664116859436,3964,3996,0.43666350841522217,0,0,0.0028373352251946926,0.002537539228796959,25.40086555480957,0.0028834575787186623,0.18316952884197235,0.004877530504018068,0.17235279083251953,22.78082275390625,0.005271301604807377,0.19175462424755096,0.006044106092303991,0.017457304522395134,23.67721939086914,0.004288229625672102,0.19824877381324768,0.008268523029983044,0.19395485520362854,21.637582778930664,0.006858701352030039,0.2076062262058258,0.0049011898227036,0.01735483482480049,25.250202178955078,0.0029852453153580427,0.12064088135957718,0.00715514924377203,0.0,20.832332611083984,0.008255942724645138,0.1769108921289444,27.36137580871582,0.0018359569367021322,0.13279108703136444,32.388362884521484,0.0005769840790890157,26.925800323486328,0.002029645023867488,0.1538739949464798,24.139326095581055,0.0038553837221115828,0.1427038609981537,23.56205177307129,0.004403466358780861,0.16333523392677307,24.38848876953125,0.0036404170095920563,0.16546213626861572,26.85439109802246,0.0020632927771657705,24.10826873779297,0.0038830514531582594,0.1897779107093811,22.369707107543945,0.005794681143015623,0.17390155792236328,21.91730308532715,0.006430871319025755,0.1979793906211853,26.24833869934082,0.0023722820915281773,0.0800800547003746,27.634733200073242,0.0017239578301087022,26.069473266601562,0.0024720244109630585,0.09104351699352264
8765,154,16,4033,-1,0,23.43775177001953,0.20283213257789612,20.47652816772461,0.23947162926197052,25.884313583374023,20.98995018005371,0.2525903880596161,19.013912200927734,22.847898483276367,0.12575078010559082,17.554365158081055,17.56238555908203,19.30441665649414,0.27465111017227173,100.0,0.4077588617801666,0.5872873663902283,4033,4065,0.4498005509376526,0,0,0.004531321115791798,0.002579697174951434,23.159114837646484,0.004831571131944656,0.23332349956035614,0.008960815146565437,0.2633360028266907,19.96996307373047,0.010069403797388077,0.303472101688385,0.007961690425872803,0.01756157912313938,21.881044387817383,0.006484785117208958,0.2847900390625,0.012548987753689289,0.30424046516418457,19.29515266418457,0.011762099340558052,0.3418117165565491,0.005190512631088495,0.01752917841076851,24.82506561279297,0.0032922562677413225,0.13234519958496094,0.011737039312720299,0.0,18.68293571472168,0.013542736880481243,0.31954121589660645,24.428760528564453,0.0036068155895918608,0.18768168985843658,33.407493591308594,0.0004563001566566527,23.881166458129883,0.00409151054918766,0.2253856360912323,20.886707305908203,0.008153221569955349,0.24720221757888794,20.28194236755371,0.009371429681777954,0.2922510802745819,22.521636962890625,0.005595469381660223,0.22954219579696655,27.537609100341797,0.0017629475332796574,22.0865421295166,0.006185087841004133,0.2736545205116272,19.945629119873047,0.010125980712473392,0.28429436683654785,19.41900062561035,0.011431412771344185,0.33280593156814575,25.862377166748047,0.002592760371044278,0.09894866496324539,28.07915687561035,0.0015562680782750249,25.603168487548828,0.0027522207237780094,0.11486796289682388
8891,154,16,4159,-1,2,25.30470848083496,0.15480898320674896,22.259740829467773,0.1948879510164261,25.465194702148438,22.151058197021484,0.19971182942390442,20.35700225830078,23.160188674926758,0.11573575437068939,17.53675079345703,17.746145248413086,20.907800674438477,0.13179980218410492,100.0,0.3608572483062744,0.5400694012641907,4159,4191,0.4222135543823242,0,0,0.0029480119701474905,0.0028410612139850855,25.280534744262695,0.0029644661117345095,0.17555661499500275,0.005943278316408396,0.14685788750648499,21.938247680664062,0.006399933714419603,0.16327038407325745,0.006093885749578476,0.017632950097322464,23.64652442932129,0.004318645689636469,0.2171477973461151,0.009210849180817604,0.173079714179039,21.046222686767578,0.007859189063310623,0.1843990981578827,0.004830377642065287,0.016802947968244553,25.245548248291016,0.002988444408401847,0.11896683275699615,0.008113720454275608,0.0,20.286319732666016,0.009361985139548779,0.15329574048519135,27.375680923461914,0.001829919288866222,0.12192146480083466,33.7428092956543,0.0004223953583277762,26.889965057373047,0.0020464614499360323,0.14518529176712036,23.19697380065918,0.00478963740170002,0.11815422773361206,22.623218536376953,0.005466108210384846,0.13986574113368988,24.47903060913086,0.003565307706594467,0.1683407723903656,28.071319580078125,0.0015590788098052144,24.118452072143555,0.003873958485201001,0.19671276211738586,21.774158477783203,0.006646363064646721,0.14738555252552032,21.28152847290039,0.007444701623171568,0.17122004926204681,26.326976776123047,0.0023297122679650784,0.08112189918756485,28.305187225341797,0.0014773433795198798,26.089155197143555,0.002460846211761236,0.09415596723556519
9091,154,16,4391,-1,2,22.797224044799805,0.17659446597099304,20.14815902709961,0.26628321409225464,25.484241485595703,20.929079055786133,0.21786507964134216,19.004213333129883,23.219526290893555,0.11019080877304077,18.054492950439453,18.267595291137695,19.323684692382812,0.18495674431324005,100.0,0.37522435188293457,0.709663987159729,4391,4423,0.47181612253189087,0,0,0.005251429975032806,0.0028286289889365435,22.499418258666992,0.005624169018119574,0.20142391324043274,0.009664608165621758,0.20952129364013672,19.67258644104004,0.010783041827380657,0.2403869926929474,0.008074064739048481,0.01565130613744259,21.606266021728516,0.006908335257321596,0.2407168745994568,0.012577051296830177,0.22380098700523376,19.161848068237305,0.01212872564792633,0.25245434045791626,0.004764830227941275,0.014901858754456043,24.941329956054688,0.00320528750307858,0.11682221293449402,0.011685074307024479,0.0,18.702205657958984,0.013482779264450073,0.22200986742973328,23.968120574951172,0.004010404925793409,0.1560937464237213,34.640113830566406,0.000343549094395712,23.396530151367188,0.004574536811560392,0.18286758661270142,20.820791244506836,0.008277916349470615,0.1869872659444809,20.2169246673584,0.009512782096862793,0.222330242395401,22.433021545410156,0.005710811819881201,0.18154124915599823,30.981876373291016,0.0007976500201039016,21.893184661865234,0.006466683000326157,0.21094362437725067,19.975040435791016,0.01005763653665781,0.19669491052627563,19.395076751708984,0.011494560167193413,0.2348867505788803,26.5865535736084,0.0021945456974208355,0.07013332843780518,31.614992141723633,0.000689447158947587,26.150915145874023,0.0024260992649942636,0.08170536160469055
9244,154,16,4544,-1,3,15.643863677978516,0.3403202295303345,14.607202529907227,0.39551016688346863,24.599212646484375,15.027788162231445,0.35202884674072266,14.085296630859375,22.296855926513672,0.08270350098609924,17.974796295166016,18.19984245300293,14.14344596862793,0.41378429532051086,100.0,0.5640924572944641,0.7011442184448242,4544,4576,0.4671418070793152,0,0,0.027265511453151703,0.003467995673418045,15.096668243408203,0.030926670879125595,0.3839679956436157,0.03461622819304466,0.43995335698127747,14.036035537719727,0.0394817516207695,0.49780988693237305,0.03142109513282776,0.015941176563501358,14.71049690246582,0.03380262106657028,0.3914812505245209,0.03903646022081375,0.4481115937232971,13.701065063476562,0.042647503316402435,0.49917834997177124,0.005892700981348753,0.01513616181910038,23.496313095092773,0.004470629617571831,0.07943853735923767,0.03851727023720741,0.0,13.521966934204102,0.044443003833293915,0.47434860467910767,15.808310508728027,0.026252394542098045,0.31441864371299744,33.10580825805664,0.0004891243297606707,15.19763469696045,0.030215973034501076,0.36394956707954407,14.826775550842285,0.032909590750932693,0.4085976779460907,14.210248947143555,0.03792933374643326,0.4706610441207886,15.367507934570312,0.029056895524263382,0.3222522735595703,29.992568969726562,0.001001712866127491,14.766036987304688,0.03337307646870613,0.3722926378250122,14.425052642822266,0.03609897196292877,0.4149201810359955,13.816065788269043,0.04153301566839218,0.4766615331172943,25.054065704345703,0.003123154630884528,0.05462849885225296,31.033977508544922,0.000788138248026371,24.58123016357422,0.003482388099655509,0.06334087997674942
10020,167,16,371,-1,3,24.15911865234375,0.17685724794864655,20.861757278442383,0.19749610126018524,26.151973724365234,21.795528411865234,0.20525076985359192,19.579986572265625,24.10590934753418,0.09034813195466995,17.859573364257812,18.010047912597656,20.24611473083496,0.1900196373462677,100.0,0.3759160041809082,0.5253729820251465,371,403,0.3861715793609619,0,0,0.0038378522731363773,0.0024255074094980955,23.919946670532227,0.0040551358833909035,0.20899926126003265,0.008200198411941528,0.20118027925491333,20.339481353759766,0.00924808718264103,0.2321590632200241,0.006613741163164377,0.01636977680027485,22.913402557373047,0.005112812388688326,0.22740991413593292,0.011015423573553562,0.2247903048992157,19.888280868530273,0.010260581970214844,0.24735218286514282,0.0038851615972816944,0.015812305733561516,26.882001876831055,0.002050216542556882,0.08780763298273087,0.009449062868952751,0.0,19.6246337890625,0.010902764275670052,0.2228844165802002,25.005300521850586,0.003158421954140067,0.15601393580436707,34.390167236328125,0.0003639011410996318,24.451053619384766,0.0035883483942598104,0.18665188550949097,21.1257266998291,0.007716623600572348,0.18842105567455292,20.51259994506836,0.008886687457561493,0.22236409783363342,24.002967834472656,0.003978353459388018,0.1759735643863678,28.744813919067383,0.001335114473477006,23.580299377441406,0.004385005682706833,0.2102924883365631,20.666332244873047,0.008577619679272175,0.20313847064971924,20.124210357666016,0.009718045592308044,0.23891746997833252,28.808258056640625,0.0013157521607354283,0.05739753693342209,29.486873626708984,0.0011254153214395046,28.712665557861328,0.0013450348051264882,0.0663473978638649
10387,167,16,738,-1,2,25.516170501708984,0.1907537579536438,22.387310028076172,0.2107946127653122,23.720909118652344,22.954044342041016,0.240231454372406,20.919384002685547,24.729034423828125,0.09724410623311996,17.693161010742188,18.123090744018555,21.962717056274414,0.25232768058776855,100.0,0.38126954436302185,0.5528755784034729,738,770,0.4360094666481018,0,0,0.0028079075273126364,0.004245308227837086,25.87242317199707,0.002586769638583064,0.2231089025735855,0.005771240219473839,0.27099794149398804,22.062179565429688,0.006219878792762756,0.321922242641449,0.005065189208835363,0.017009198665618896,24.9111385345459,0.003227649023756385,0.27091819047927856,0.008092106319963932,0.2851324677467346,21.621286392211914,0.006884485948830843,0.3274897336959839,0.0033658642787486315,0.015406036749482155,28.200090408325195,0.0015135303838178515,0.10230427980422974,0.006363973952829838,0.0,21.341238021850586,0.007343046832829714,0.30291807651519775,27.007057189941406,0.0019920230843126774,0.1785273551940918,29.994909286499023,0.0010011724662035704,26.686817169189453,0.0021444617304950953,0.2160155177116394,23.022560119628906,0.004985904786735773,0.24393686652183533,22.42798614501953,0.005717436783015728,0.2942616641521454,25.324771881103516,0.0029344246722757816,0.20431368052959442,26.54684066772461,0.0022147055715322495,25.163915634155273,0.003045150311663747,0.2445739209651947,22.21784210205078,0.006000894587486982,0.2555882930755615,21.781688690185547,0.006634850986301899,0.30787065625190735,28.829788208007812,0.0013092453591525555,0.06499157845973969,27.319660186767578,0.0018536774441599846,29.116914749145508,0.0012254866305738688,0.07625485956668854
10409,167,16,760,-1,0,19.85308074951172,0.3854927122592926,18.524185180664062,0.2522134780883789,22.66329002380371,19.100019454956055,0.3989904224872589,17.90006446838379,25.667930603027344,0.052946947515010834,17.67938995361328,17.799869537353516,18.451583862304688,0.3971492052078247,100.0,0.33607104420661926,0.7504766583442688,760,792,0.43769994378089905,0,0,0.010344083420932293,0.005415905732661486,19.545883178710938,0.011102265678346157,0.4558563530445099,0.014046929776668549,0.399918794631958,18.032546997070312,0.01573059894144535,0.47066253423690796,0.01230262964963913,0.01706322468817234,19.366579055786133,0.011570231057703495,0.4613599181175232,0.01621786132454872,0.41248619556427,17.896163940429688,0.016232432797551155,0.4712478518486023,0.0027114832773804665,0.016596373170614243,32.40070724487305,0.0005753462901338935,0.04582234472036362,0.014283726923167706,0.0,17.830106735229492,0.016481224447488785,0.4681186079978943,20.052244186401367,0.009880422614514828,0.3556343615055084,30.12411880493164,0.0009718252695165575,19.48809814453125,0.011250975541770458,0.42746758460998535,18.52213478088379,0.01405356451869011,0.3869730830192566,17.917076110839844,0.016154460608959198,0.4565439522266388,19.828929901123047,0.010401763953268528,0.35693633556365967,25.718725204467773,0.0026799561455845833,19.35926628112793,0.011589733883738518,0.4244402050971985,18.371427536010742,0.014549811370670795,0.39195066690444946,17.83697509765625,0.01645517721772194,0.45976752042770386,31.833282470703125,0.0006556498119607568,0.028549818322062492,26.844356536865234,0.002068066271021962,33.58174133300781,0.00043835496762767434,0.033250678330659866
10553,167,16,904,-1,0,26.402816772460938,0.2030002772808075,23.641454696655273,0.19527007639408112,25.224828720092773,23.706993103027344,0.2457207292318344,21.876853942871094,25.03365707397461,0.09086854010820389,18.08519172668457,18.027639389038086,23.148780822753906,0.2564792037010193,100.0,0.36634960770606995,0.5330156683921814,904,936,0.4241483211517334,0,0,0.002289382740855217,0.0030027360189706087,26.616161346435547,0.0021796361543238163,0.24064761400222778,0.004323690198361874,0.2613013684749603,23.218482971191406,0.004765973426401615,0.30968326330184937,0.004258931148797274,0.015541072934865952,25.98045539855957,0.002523216651752591,0.2796929180622101,0.006491044070571661,0.2844819724559784,22.839262008666992,0.0052008433267474174,0.3246200680732727,0.0031378655694425106,0.015748387202620506,29.216209411621094,0.001197785953991115,0.08922865986824036,0.00484308460727334,0.0,22.527301788330078,0.005588174797594547,0.30772486329078674,28.137910842895508,0.0015353560447692871,0.1961284577846527,33.784934997558594,0.0004183181736152619,27.677135467529297,0.0017072082264348865,0.2370978593826294,24.33889389038086,0.003682226175442338,0.24965108931064606,23.734752655029297,0.0042317952029407024,0.29966989159584045,26.606142044067383,0.0021846708841621876,0.21345064043998718,28.321269989013672,0.0014718816382810473,26.393442153930664,0.0022943306248635054,0.2552574872970581,23.535579681396484,0.004430390428751707,0.26046454906463623,23.065460205078125,0.004936897195875645,0.31256574392318726,30.175046920776367,0.0009604959632270038,0.05669717490673065,29.372283935546875,0.0011555042583495378,30.3128604888916,0.0009304946870543063,0.06706550717353821
10690,167,16,1041,-1,1,19.358673095703125,0.3082487881183624,16.297767639160156,0.4010719358921051,25.162189483642578,18.282222747802734,0.33301281929016113,15.724626541137695,22.642240524291992,0.100462906062603,17.83688735961914,18.167627334594727,15.863204956054688,0.4284718632698059,100.0,0.5368847846984863,0.7470353841781616,1041,1073,0.4560718238353729,0,0,0.01159131620079279,0.003046360332518816,18.892108917236328,0.012905925512313843,0.3510791063308716,0.023454349488019943,0.4381829798221588,15.736321449279785,0.026691189035773277,0.5146744251251221,0.01485175359994173,0.016455501317977905,18.354978561401367,0.0146050238981843,0.37543416023254395,0.02676316164433956,0.45924317836761475,15.447715759277344,0.02852519229054451,0.5320071578025818,0.005442221183329821,0.015248855575919151,24.052200317382812,0.003933507949113846,0.10271794348955154,0.025922652333974838,0.0,15.241726875305176,0.029910754412412643,0.5094583630561829,19.96282386779785,0.010085968300700188,0.2840130925178528,33.049110412597656,0.0004955517360940576,19.369890213012695,0.01156141608953476,0.3266846537590027,16.623939514160156,0.021757351234555244,0.4216581881046295,16.00897979736328,0.02506699226796627,0.501828670501709,19.07027816772461,0.012387173250317574,0.3097155690193176,28.368011474609375,0.0014561264542862773,18.517406463623047,0.014068872667849064,0.35577136278152466,16.164243698120117,0.024186648428440094,0.43988198041915894,15.571669578552246,0.027722541242837906,0.5222762227058411,25.19280433654785,0.0030249597039073706,0.07963008433580399,29.32868194580078,0.0011671640677377582,24.800704956054688,0.0033107739873230457,0.09245428442955017
10711,167,16,1062,-1,2,23.169254302978516,0.22125984728336334,18.845518112182617,0.23364940285682678,25.760498046875,21.38124656677246,0.25049155950546265,17.997371673583984,24.045469284057617,0.08534672111272812,17.927921295166016,17.94183349609375,18.380563735961914,0.30881404876708984,100.0,0.4206647574901581,0.5554289817810059,1062,1094,0.45660364627838135,0,0,0.004820304457098246,0.0026543017011135817,22.878950119018555,0.005153534933924675,0.2542557120323181,0.01304512657225132,0.3267667293548584,18.32832145690918,0.014694943092763424,0.3803948163986206,0.007275708019733429,0.016114169731736183,22.27975845336914,0.005915945395827293,0.2787868082523346,0.01585853099822998,0.34042930603027344,18.015342712402344,0.01579304225742817,0.38088086247444153,0.0039396085776388645,0.01606263965368271,26.830808639526367,0.0020745270885527134,0.08305811136960983,0.01451923418790102,0.0,17.759082794189453,0.01675296202301979,0.36450645327568054,24.48871421813965,0.003557366319000721,0.1992066353559494,33.26979064941406,0.0004709998320322484,23.944589614868164,0.0040321918204426765,0.23753777146339417,19.26607322692871,0.011841115541756153,0.29563388228416443,18.656057357788086,0.013626813888549805,0.34912723302841187,23.140478134155273,0.0048523517325520515,0.22021064162254333,28.029987335205078,0.0015739871887490153,22.711013793945312,0.005356715526431799,0.25711750984191895,18.723915100097656,0.013415548019111156,0.3101094663143158,18.1550235748291,0.015293175354599953,0.3640826940536499,27.722888946533203,0.001689318334683776,0.06396087259054184,28.8992977142334,0.0012884587049484253,27.567167282104492,0.0017509890021756291,0.07546509057283401
10735,167,16,1118,-1,0,24.707509994506836,0.1893797218799591,22.106822967529297,0.22841067612171173,24.695945739746094,21.973459243774414,0.21715988218784332,20.472431182861328,23.143003463745117,0.10833626985549927,17.953542709350586,17.94552993774414,20.88762664794922,0.1556137502193451,100.0,0.37803909182548523,0.6041985750198364,1118,1150,0.43285244703292847,0,0,0.0033825859427452087,0.003391607664525509,24.709293365478516,0.003381198039278388,0.22563278675079346,0.006156270392239094,0.16581496596336365,21.81412124633789,0.00658548716455698,0.1882798820734024,0.006348250899463892,0.01601937785744667,23.13329315185547,0.004860385786741972,0.2520526647567749,0.008969268761575222,0.18570560216903687,20.981550216674805,0.007977097295224667,0.20672252774238586,0.004849531687796116,0.016048958525061607,25.049358367919922,0.003126543015241623,0.1113683432340622,0.008151496760547161,0.0,20.26614761352539,0.009405573830008507,0.18665632605552673,26.657373428344727,0.0021590504329651594,0.15840667486190796,33.01869583129883,0.0004990344168618321,26.17184066772461,0.002414437709376216,0.1967942863702774,23.00975799560547,0.005000623408704996,0.1404709815979004,22.422208786010742,0.005725049413740635,0.16671091318130493,24.15534019470215,0.0038411912973970175,0.18949472904205322,30.625377655029297,0.0008658892475068569,23.666399002075195,0.004298929590731859,0.23225131630897522,21.72036361694336,0.006729202810674906,0.16645444929599762,21.155895233154297,0.007663205731660128,0.1995624601840973,26.521127700805664,0.0022278563119471073,0.08768370747566223,31.12741470336914,0.0007713627419434488,26.104917526245117,0.002451932290568948,0.10383033007383347
10902,167,16,1285,-1,3,25.032169342041016,0.1797601878643036,21.939678192138672,0.20567841827869415,24.5882511138916,22.3514347076416,0.21539726853370667,20.4346866607666,23.963926315307617,0.09719639271497726,17.545726776123047,17.67459487915039,21.21013832092285,0.20730720460414886,100.0,0.38690829277038574,0.5315947532653809,1285,1317,0.4474058151245117,0,0,0.003138940082862973,0.0034767615143209696,25.104677200317383,0.0030869678594172,0.20232552289962769,0.00639782240614295,0.2099994271993637,21.610755920410156,0.006901195738464594,0.23970665037631989,0.005819111596792936,0.017596539109945297,23.971588134765625,0.0040072002448141575,0.23581798374652863,0.009047559462487698,0.22654691338539124,21.051952362060547,0.0078488290309906,0.2499251663684845,0.004014278296381235,0.017082078382372856,26.981353759765625,0.002003847621381283,0.09585975110530853,0.007568089757114649,0.0,20.58865737915039,0.008732411079108715,0.24324800074100494,26.559446334838867,0.002208286663517356,0.1569189727306366,33.68918228149414,0.00042764353565871716,26.051576614379883,0.002482231706380844,0.182553231716156,22.70756721496582,0.005360969342291355,0.18831123411655426,22.11879539489746,0.006139326374977827,0.2192765474319458,24.718950271606445,0.0033736880868673325,0.1870632767677307,29.34644317626953,0.0011624005855992436,24.301715850830078,0.0037138862535357475,0.21776115894317627,21.814146041870117,0.0065854513086378574,0.2112562209367752,21.29439353942871,0.007422678638249636,0.2470085620880127,28.135374069213867,0.0015362536069005728,0.07175860553979874,29.9314022064209,0.0010159206576645374,27.91476821899414,0.0016163047403097153,0.08245798945426941
11307,167,16,1690,-1,0,25.62938690185547,0.17672251164913177,23.5843448638916,0.21160109341144562,24.568864822387695,22.43726348876953,0.20925405621528625,21.16859245300293,23.190139770507812,0.12787607312202454,17.631534576416016,17.576309204101562,21.8966007232666,0.2100227028131485,37.56810760498047,0.36643609404563904,0.5774570107460022,1690,1722,0.4359014630317688,0,0,0.002735654590651393,0.0034923155326396227,25.8182373046875,0.0026192450895905495,0.19711677730083466,0.004380923695862293,0.21036607027053833,23.187114715576172,0.0048005236312747,0.24043919146060944,0.005705239716917276,0.017252281308174133,24.05743408203125,0.003928771708160639,0.21889430284500122,0.007640834432095289,0.24530631303787231,22.058250427246094,0.0062255109660327435,0.265234112739563,0.004797181114554405,0.017473068088293076,25.456056594848633,0.00284704496152699,0.12459292262792587,0.006461598910391331,0.00017506087897345424,21.29083824157715,0.0074287583120167255,0.24373091757297516,27.91579246520996,0.0016159242950379848,0.15079954266548157,31.871795654296875,0.0006498611764982343,27.533662796020508,0.001764549408107996,0.17252254486083984,24.752857208251953,0.003347452264279127,0.18725627660751343,24.169157028198242,0.003828992135822773,0.2191765457391739,24.73771858215332,0.0033591410610824823,0.1782251000404358,27.445343017578125,0.001800802070647478,24.43832015991211,0.0035988858435302973,0.20048655569553375,22.842512130737305,0.005196952726691961,0.21361064910888672,22.397579193115234,0.005757606588304043,0.24654537439346313,26.34554672241211,0.002319772494956851,0.09736232459545135,28.12088966369629,0.0015413854271173477,26.126949310302734,0.002439524745568633,0.11060638725757599
11459,167,16,1842,-1,0,22.06661033630371,0.20775744318962097,18.828895568847656,0.2605103850364685,24.482830047607422,19.848052978515625,0.2515927851200104,17.553199768066406,21.815128326416016,0.12148921191692352,17.491458892822266,17.74941635131836,17.710506439208984,0.29204392433166504,100.0,0.4383247494697571,0.5943319201469421,1842,1874,0.4466940462589264,0,0,0.006213540211319923,0.0035621896386146545,21.790475845336914,0.006621440406888723,0.23639735579490662,0.013095146045088768,0.29304420948028564,18.31268310546875,0.014747951179742813,0.3402163088321686,0.010356065817177296,0.017817800864577293,20.358295440673828,0.00920810829848051,0.2804442346096039,0.01756628416478634,0.33070796728134155,17.50912094116211,0.017745478078722954,0.37201204895973206,0.006583958398550749,0.016790293157100677,22.998371124267578,0.005013753194361925,0.12316806614398956,0.016941403970122337,0.0,17.089027404785156,0.019547773525118828,0.34455519914627075,23.16204261779785,0.004828317556530237,0.18258050084114075,33.381534576416016,0.0004590359458234161,22.59596824645996,0.00550051499158144,0.2144523561000824,19.266429901123047,0.011840146034955978,0.2795410454273224,18.658061981201172,0.013620523735880852,0.33102816343307495,21.206178665161133,0.007574991788715124,0.20929957926273346,27.636661529541016,0.0017231927486136556,20.718463897705078,0.008475269190967083,0.24621963500976562,18.22739601135254,0.015040433965623379,0.305867075920105,17.668180465698242,0.017107320949435234,0.3608187735080719,24.25711441040039,0.0037522234488278627,0.08757802844047546,27.622756958007812,0.0017287193331867456,23.910964965820312,0.004063531756401062,0.10073386132717133
11462,167,16,1845,-1,3,24.165010452270508,0.17495419085025787,20.477724075317383,0.19099780917167664,25.10603904724121,21.230819702148438,0.24200984835624695,18.861539840698242,22.225505828857422,0.1195143312215805,17.49590301513672,17.58405113220215,19.327938079833984,0.2800326645374298,100.0,0.3967648446559906,0.4813879430294037,1845,1877,0.4436655640602112,0,0,0.0038326489739120007,0.0030860023107379675,24.036760330200195,0.0039475178346037865,0.20094572007656097,0.008958345279097557,0.27945664525032043,19.955848693847656,0.01010217983275652,0.32244595885276794,0.007532136980444193,0.01779957301914692,22.25298309326172,0.005952531937509775,0.2689732313156128,0.01299708429723978,0.3178730309009552,19.07568359375,0.01237176638096571,0.3591294586658478,0.005990311037749052,0.017441945150494576,23.738117218017578,0.004228520672768354,0.12495094537734985,0.011673643253743649,0.0,18.706457138061523,0.01346958801150322,0.3291875720024109,26.053449630737305,0.0024811606854200363,0.16322699189186096,33.54986572265625,0.0004415842704474926,25.536272048950195,0.0027949418872594833,0.19224463403224945,20.981931686401367,0.007976396940648556,0.26459312438964844,20.374176025390625,0.009174497798085213,0.3096116781234741,23.275663375854492,0.004703637212514877,0.19882094860076904,27.470064163208008,0.001790580223314464,22.88041114807129,0.005151800345629454,0.23429445922374725,19.822786331176758,0.010416491888463497,0.2918088734149933,19.29290771484375,0.011768179945647717,0.3418813645839691,25.083560943603516,0.0031020152382552624,0.0802227109670639,27.651248931884766,0.0017174143576994538,24.795124053955078,0.0033150308299809694,0.09416589140892029
11602,167,16,1985,-1,3,24.13945770263672,0.1430550515651703,20.65445899963379,0.20303253829479218,25.734790802001953,21.546775817871094,0.1910119503736496,19.204586029052734,23.134532928466797,0.10599620640277863,17.77398681640625,17.954757690429688,19.42576789855957,0.2520633935928345,100.0,0.4085969030857086,0.49690181016921997,1985,2017,0.45782485604286194,0,0,0.0038552661426365376,0.002670058747753501,23.938762664794922,0.004037605598568916,0.1632494032382965,0.008601101115345955,0.26279333233833313,20.19274139404297,0.009565896354615688,0.3030693531036377,0.007003618869930506,0.016695568338036537,22.586475372314453,0.005512550938874483,0.20606841146945953,0.012009957805275917,0.2825051546096802,19.42797088623047,0.011407827958464622,0.31428831815719604,0.004858998116105795,0.01601489633321762,25.026962280273438,0.0031427061185240746,0.10528045892715454,0.011413617059588432,0.0,18.80428695678711,0.01316955778747797,0.29339510202407837,25.405040740966797,0.0028806859627366066,0.11542616784572601,34.366031646728516,0.00036592927062883973,24.857749938964844,0.0032675713300704956,0.13413609564304352,20.991943359375,0.007958032190799713,0.24181167781352997,20.38987922668457,0.009141389280557632,0.2839866578578949,23.27450942993164,0.004704885184764862,0.150482639670372,27.561283111572266,0.0017533625941723585,22.874374389648438,0.0051589650101959705,0.17382164299488068,20.010028839111328,0.009976938366889954,0.25868189334869385,19.485586166381836,0.011257484555244446,0.301431268453598,26.165096282958984,0.0024181902408599854,0.06603417545557022,27.547740936279297,0.0017588385380804539,25.98663330078125,0.0025196289643645287,0.07585087418556213
11726,167,16,2141,-1,0,21.492191314697266,0.16820819675922394,18.275175094604492,0.2038569301366806,27.146697998046875,19.411300659179688,0.201311394572258,17.16302490234375,21.129398345947266,0.10058222711086273,18.263051986694336,18.37294578552246,17.129053115844727,0.2786499857902527,100.0,0.43906980752944946,0.4642927646636963,2141,2173,0.4453853368759155,0,0,0.007092202547937632,0.0019289918709546328,21.0311336517334,0.007886542938649654,0.19416669011116028,0.01487587857991457,0.2891156077384949,17.71506690979004,0.01692362129688263,0.3369911015033722,0.011451703496277332,0.014917460270226002,19.618366241455078,0.010918510146439075,0.22074510157108307,0.01921752840280533,0.31407225131988525,16.99980926513672,0.019953500479459763,0.3521498739719391,0.007710103876888752,0.014544728212058544,21.766155242919922,0.006658623926341534,0.0997663140296936,0.01936844363808632,0.0,16.507572174072266,0.022348206490278244,0.3274572789669037,23.050880432128906,0.00495349895209074,0.13847887516021729,34.21078872680664,0.00037924625212326646,22.473962783813477,0.005657230503857136,0.16342318058013916,19.08686065673828,0.01233996544033289,0.2628992199897766,18.47365951538086,0.014211315661668777,0.3114621043205261,20.699928283691406,0.00851152092218399,0.16449980437755585,30.083354949951172,0.0009809898911044002,20.145706176757812,0.009670063853263855,0.19335028529167175,17.907421112060547,0.016190413385629654,0.28468382358551025,17.310832977294922,0.018574485555291176,0.33468005061149597,23.204608917236328,0.004781223833560944,0.07525025308132172,31.338241577148438,0.0007348114158958197,22.673049926757812,0.00540374917909503,0.08601976931095123
11798,167,16,2213,-1,0,20.056461334228516,0.17064738273620605,22.385957717895508,0.27589723467826843,21.82081413269043,18.51274871826172,0.20814849436283112,19.892406463623047,21.198238372802734,0.10700774192810059,17.311695098876953,18.28571128845215,21.507844924926758,0.0685340017080307,21.735591888427734,0.14376263320446014,1.919116497039795,2213,2245,0.37560558319091797,0,0,0.00987083651125431,0.006575345061719418,19.838932037353516,0.010377835482358932,0.1930709183216095,0.005773036740720272,0.10119227319955826,22.346508026123047,0.005825715139508247,0.11499526351690292,0.014083974063396454,0.01857079565525055,18.730995178222656,0.01339369360357523,0.2234821617603302,0.01025084126740694,0.1440708488225937,20.43492889404297,0.009047054685652256,0.14839383959770203,0.007588851731270552,0.014839827083051205,21.88873291015625,0.006473317742347717,0.10693449527025223,0.007066682446748018,0.006705651059746742,21.473844528198242,0.007122226059436798,0.07815702259540558,21.136606216430664,0.007697318680584431,0.14303335547447205,22.002094268798828,0.006306531839072704,21.01753044128418,0.007911285385489464,0.16392862796783447,23.929790496826172,0.004045954905450344,0.07576657831668854,24.2786808013916,0.0037336372770369053,0.0863509327173233,19.47246742248535,0.01129154209047556,0.17265748977661133,21.389921188354492,0.007261192891746759,19.240299224853516,0.011911598034203053,0.19630111753940582,21.298324584960938,0.0074159614741802216,0.10722777247428894,21.273052215576172,0.007459244690835476,0.12334194034337997,23.52703285217285,0.004439116921275854,0.0753525123000145,29.524545669555664,0.0011156951077282429,23.053586959838867,0.004950413014739752,0.08661188185214996
11935,167,16,2350,-1,1,17.542282104492188,0.38486620783805847,15.81830883026123,0.31029802560806274,23.765380859375,16.71909523010254,0.4300464391708374,15.249527931213379,22.00044822692871,0.10197330266237259,17.883054733276367,18.061288833618164,15.312774658203125,0.3476157486438751,100.0,0.46578875184059143,0.6661775708198547,2350,2382,0.3666963279247284,0,0,0.01761050708591938,0.00420205807313323,17.06121826171875,0.019673345610499382,0.42540332674980164,0.02619202993810177,0.36314836144447327,15.260224342346191,0.02978363074362278,0.4084749221801758,0.021285824477672577,0.016281504184007645,16.564786911010742,0.022055719047784805,0.4732537269592285,0.029857076704502106,0.39257264137268066,14.945775985717773,0.03202007710933685,0.4368908405303955,0.006308923475444317,0.01562684029340744,23.11989974975586,0.004875397775322199,0.10110592842102051,0.02942541427910328,0.0,14.69129467010498,0.03395240381360054,0.39937323331832886,18.114810943603516,0.015435435809195042,0.35098105669021606,32.660118103027344,0.000541986315511167,17.513713836669922,0.017726734280586243,0.4001506567001343,16.20688819885254,0.02395031228661537,0.34385499358177185,15.59208869934082,0.027592508122324944,0.3949747383594513,17.352224349975586,0.01839829608798027,0.3850245177745819,28.16327667236328,0.0015264148823916912,16.779054641723633,0.020993972197175026,0.438315212726593,15.697433471679688,0.026931259781122208,0.36285674571990967,15.103731155395508,0.03087642230093479,0.415893018245697,24.53569221496582,0.0035190926864743233,0.07172791659832001,28.779905319213867,0.0013243708526715636,24.137794494628906,0.0038567427545785904,0.08085385710000992
11988,167,16,2435,-1,3,27.438385009765625,0.20373587310314178,25.32737922668457,0.19060789048671722,25.744556427001953,23.598697662353516,0.2659517824649811,22.77279281616211,24.286996841430664,0.113725945353508,17.7875919342041,17.812402725219727,24.51274871826172,0.2355823516845703,100.0,0.33760324120521545,0.5645914077758789,2435,2467,0.41943132877349854,0,0,0.0018036883557215333,0.0026640614960342646,27.769393920898438,0.0016713234363123775,0.2411801964044571,0.002932662609964609,0.2545579671859741,25.36452293395996,0.0029076882638037205,0.3036201298236847,0.004366468172520399,0.016643358394503593,26.059486389160156,0.0024777157232165337,0.3001294732093811,0.00528105441480875,0.26311585307121277,24.40308380126953,0.0036282038781791925,0.30060166120529175,0.0037264940328896046,0.01654854789376259,27.56002426147461,0.0017538703978061676,0.11639958620071411,0.003537733107805252,0.0,23.89126968383789,0.004081999883055687,0.28297170996665955,29.969871520996094,0.0010069614509120584,0.1865224689245224,35.40918731689453,0.0002877937804441899,29.517126083374023,0.001117602689191699,0.22536985576152802,26.690784454345703,0.002142505254596472,0.22459235787391663,26.11380386352539,0.002446920145303011,0.2727047801017761,27.38517951965332,0.0018259213538840413,0.2157445251941681,31.621170043945312,0.0006884668255224824,26.987714767456055,0.0020009144209325314,0.25889018177986145,25.24789810180664,0.0029868273995816708,0.23348644375801086,24.728853225708008,0.0033660049084573984,0.2831120193004608,29.306373596191406,0.0011731747072190046,0.07143567502498627,32.454158782958984,0.0005683085764758289,28.974872589111328,0.0012662309454753995,0.08459649980068207
11993,167,16,2440,-1,0,26.09439468383789,0.22224505245685577,25.125999450683594,0.2041429728269577,25.007570266723633,23.1868953704834,0.279269814491272,22.504352569580078,23.94056510925293,0.11497359722852707,18.072769165039062,18.076684951782227,23.875646591186523,0.252219557762146,100.0,0.3216590881347656,0.6346563100814819,2440,2472,0.4170856177806854,0,0,0.0024578794836997986,0.003156771417707205,26.28866195678711,0.0023503578267991543,0.2529671788215637,0.0030718499328941107,0.2542552649974823,24.94772720336914,0.003200570121407509,0.29889631271362305,0.004800767172127962,0.015585582703351974,25.028541564941406,0.003141564317047596,0.31137439608573914,0.005617777816951275,0.2800104320049286,23.958087921142578,0.004019677639007568,0.31781697273254395,0.0040359292179346085,0.015571537427604198,26.456573486328125,0.0022612204775214195,0.1211264356970787,0.0040967115201056,0.0,23.254167556762695,0.004726974759250879,0.3015032708644867,27.928192138671875,0.001611317042261362,0.2077537477016449,34.331459045410156,0.00036885382723994553,27.44133186340332,0.0018024652963504195,0.24352788925170898,26.538257598876953,0.0022190867457538843,0.23647187650203705,25.94915771484375,0.002541464753448963,0.28616371750831604,25.86503791809082,0.002591171767562628,0.2353999763727188,31.380992889404297,0.0007276135729625821,25.409282684326172,0.002877873368561268,0.2759065628051758,24.87737274169922,0.00325284106656909,0.2502152919769287,24.351932525634766,0.0036711886059492826,0.3005659580230713,28.483776092529297,0.0014178240671753883,0.07531354576349258,32.55939865112305,0.0005547023611143231,28.094968795776367,0.001550612156279385,0.08962979912757874
12131,167,16,2578,-1,2,26.591169357299805,0.11785173416137695,24.293489456176758,0.1808900088071823,26.292301177978516,22.695072174072266,0.16042542457580566,21.681049346923828,23.377216339111328,0.11098235845565796,17.633882522583008,17.884233474731445,22.543724060058594,0.09819440543651581,100.0,0.35790109634399414,0.5054189562797546,2578,2610,0.43374863266944885,0,0,0.0021922148298472166,0.002348389010876417,26.63903045654297,0.002168188104405999,0.1345350742340088,0.0037209263537079096,0.12483179569244385,24.07611656188965,0.003911904990673065,0.13976283371448517,0.005376415327191353,0.017242956906557083,24.496746063232422,0.003550793742761016,0.16796228289604187,0.006790397688746452,0.148204043507576,22.76363182067871,0.005292210262268782,0.15324953198432922,0.004594926722347736,0.016277093440294266,25.53203582763672,0.0027976708952337503,0.11070433259010315,0.005567083600908518,0.0,21.922243118286133,0.006423558108508587,0.11128296703100204,28.907907485961914,0.0012859066482633352,0.10098794102668762,33.965248107910156,0.0004013055295217782,28.471004486083984,0.0014219994191080332,0.11744051426649094,25.546749114990234,0.0027882084250450134,0.09592804312705994,24.9807186126709,0.003176348749548197,0.10871628671884537,25.39557647705078,0.0028869700618088245,0.1357092261314392,29.047134399414062,0.0012453364906832576,25.031354904174805,0.003139529377222061,0.15516863763332367,23.56195831298828,0.004403562750667334,0.11368108540773392,23.07567596435547,0.004925297573208809,0.13045309484004974,26.641536712646484,0.002166938269510865,0.08349543064832687,29.98784065246582,0.0010028040269389749,26.296655654907227,0.002346035558730364,0.09410014003515244
12293,167,16,2740,-1,0,24.429840087890625,0.21446220576763153,22.29800796508789,0.25516992807388306,23.675582885742188,21.967578887939453,0.24308063089847565,20.545894622802734,23.244747161865234,0.11907854676246643,17.75445556640625,17.799213409423828,21.099882125854492,0.18740639090538025,100.0,0.38289472460746765,0.6664232015609741,2740,2772,0.46564486622810364,0,0,0.0036059184931218624,0.0042898464016616344,24.558452606201172,0.0035006983671337366,0.2394970953464508,0.005891142878681421,0.21121789515018463,21.996469497680664,0.006314705591648817,0.23642559349536896,0.006356854923069477,0.016770826652646065,23.228763580322266,0.0047547053545713425,0.2706880271434784,0.008818823844194412,0.22996167838573456,21.154327392578125,0.007665974088013172,0.24728113412857056,0.00473723653703928,0.016598878428339958,25.35753631591797,0.0029123686254024506,0.11880829930305481,0.007762680761516094,0.0,20.478403091430664,0.008956938982009888,0.21662580966949463,26.377790451049805,0.002302613342180848,0.18330611288547516,31.315448760986328,0.0007386779179796576,25.946163177490234,0.0025432186666876078,0.21285513043403625,23.19805908203125,0.004788440186530352,0.18042156100273132,22.613618850708008,0.005478204227983952,0.20878809690475464,24.02927017211914,0.003954331390559673,0.21777653694152832,27.785648345947266,0.0016650805482640862,23.65873146057129,0.004306523595005274,0.2539585828781128,21.891231536865234,0.006469591520726681,0.19793958961963654,21.37619972229004,0.007284169550985098,0.228522390127182,26.395416259765625,0.0022932870779186487,0.08482863754034042,29.154407501220703,0.0012149522081017494,26.092090606689453,0.002459184965118766,0.0967792272567749
12657,167,16,3104,-1,0,25.77025604248047,0.14727535843849182,24.25494956970215,0.2289719432592392,25.772071838378906,22.339481353759766,0.1952533721923828,21.449853897094727,23.096458435058594,0.12557914853096008,17.400341033935547,17.480371475219727,22.640392303466797,0.1415058970451355,100.0,0.34480899572372437,0.6640544533729553,3104,3136,0.45907720923423767,0,0,0.0026483447290956974,0.0026472380850464106,25.769975662231445,0.002648515161126852,0.16636532545089722,0.003754092613235116,0.1503022015094757,23.80750846862793,0.004161493852734566,0.17448298633098602,0.005835148971527815,0.018195578828454018,24.052160263061523,0.003933544736355543,0.2122509926557541,0.007161672227084637,0.18895410001277924,22.59674835205078,0.005499524064362049,0.2077813744544983,0.004901784006506205,0.01786334626376629,25.36450958251953,0.002907697344198823,0.12893477082252502,0.005444534122943878,0.0,22.01891326904297,0.0062821549363434315,0.16789203882217407,28.210716247558594,0.0015098309377208352,0.12152177095413208,32.91852569580078,0.0005106784519739449,27.789649963378906,0.0016635468928143382,0.14383956789970398,25.700578689575195,0.002691175788640976,0.12681832909584045,25.105579376220703,0.0030863280408084393,0.14974576234817505,24.919017791748047,0.0032217970583587885,0.1678556650876999,27.42667007446289,0.0018085601041093469,24.63540267944336,0.0034392180386930704,0.19817781448364258,23.445659637451172,0.004523077979683876,0.16268286108970642,23.060253143310547,0.004942820407450199,0.19053378701210022,26.41797637939453,0.0022814059630036354,0.08996891230344772,27.495508193969727,0.001780119608156383,26.273591995239258,0.002358526922762394,0.10486578941345215
12838,167,16,3285,-1,1,24.59212875366211,0.20995862782001495,22.59964370727539,0.24355855584144592,24.284305572509766,21.887876510620117,0.244463711977005,20.635845184326172,23.291547775268555,0.10965999960899353,17.424901962280273,17.55431365966797,21.357715606689453,0.21617425978183746,100.0,0.37364479899406433,0.6518451571464539,3285,3317,0.42693278193473816,0,0,0.0034736592788249254,0.00372880301438272,24.641483306884766,0.0034344063606113195,0.2438148856163025,0.005495857447385788,0.2320658266544342,22.18320655822754,0.0060489424504339695,0.2645191550254822,0.006474590860307217,0.018092967569828033,23.290912628173828,0.004687149077653885,0.27197813987731934,0.008638046681880951,0.2633877992630005,21.3624210357666,0.007307317107915878,0.2837606966495514,0.0046864659525454044,0.017561789602041245,25.677288055419922,0.002705646911635995,0.10465752333402634,0.007315239403396845,0.0,20.736234664916992,0.008440661244094372,0.25102877616882324,26.200925827026367,0.002398321172222495,0.18374255299568176,30.771697998046875,0.0008372016600333154,25.786439895629883,0.0026384934317320585,0.21890470385551453,23.429061889648438,0.004540394991636276,0.20391139388084412,22.838233947753906,0.00520207267254591,0.23775628209114075,23.951221466064453,0.004026039969176054,0.22465798258781433,26.98943328857422,0.0020001225639134645,23.62738609313965,0.004337719641625881,0.2639847993850708,22.043943405151367,0.006246056407690048,0.23841236531734467,21.565702438354492,0.006973161827772856,0.2747017443180084,26.622323989868164,0.002176546026021242,0.08631749451160431,28.184444427490234,0.0015189929399639368,26.425020217895508,0.002277707913890481,0.09800151735544205
13084,167,16,3531,-1,3,22.21493148803711,0.18535253405570984,19.743297576904297,0.21814365684986115,24.523193359375,20.39809226989746,0.2119479924440384,18.60434341430664,22.465187072753906,0.10030677914619446,17.881200790405273,17.819480895996094,18.92302703857422,0.26179614663124084,100.0,0.42159566283226013,0.5174238681793213,3531,3563,0.465707391500473,0,0,0.00600491464138031,0.0035292343236505985,21.947856903076172,0.0063857887871563435,0.21393455564975739,0.010608899407088757,0.2818295955657959,19.231050491333008,0.011936994269490242,0.332105815410614,0.00912411604076624,0.016288457438349724,20.95722198486328,0.008021908812224865,0.23566511273384094,0.013790044002234936,0.28499409556388855,18.715356826782227,0.013442015275359154,0.32667508721351624,0.005668673198670149,0.016521599143743515,23.980493545532227,0.003998992498964071,0.10296636819839478,0.012814375571906567,0.0,18.301546096801758,0.014785818755626678,0.3107510209083557,24.06380844116211,0.003923006355762482,0.14841370284557343,32.880882263183594,0.0005151241202838719,23.519041061401367,0.004447295796126127,0.17354996502399445,20.820613861083984,0.008278253488242626,0.2625181972980499,20.209619522094727,0.00952879898250103,0.31078240275382996,21.998477935791016,0.006311788223683834,0.1729404628276825,27.23410415649414,0.0018905560718849301,21.554000854492188,0.0069919778034091,0.20172493159770966,19.639141082763672,0.010866410098969936,0.26588109135627747,19.114253997802734,0.012262376956641674,0.3132708966732025,25.031539916992188,0.0031393948011100292,0.0655568540096283,27.41866683959961,0.0018118961015716195,24.75782585144043,0.003343625459820032,0.07621967792510986
13085,167,16,3532,-1,0,22.542423248291016,0.17359659075737,19.63212776184082,0.20312662422657013,27.0212345123291,20.783050537109375,0.2153717279434204,18.632898330688477,22.589580535888672,0.09517355263233185,17.82102394104004,17.897916793823242,18.96425437927246,0.27838605642318726,100.0,0.42560988664627075,0.47726011276245117,3532,3564,0.4652896821498871,0,0,0.005568749271333218,0.0019855306018143892,22.132474899291992,0.0061200144700706005,0.2070443332195282,0.010883966460824013,0.2932504415512085,19.097551345825195,0.012309624813497066,0.3461081087589264,0.008350164629518986,0.01651572994887829,21.491134643554688,0.007093924563378096,0.2462395876646042,0.013699675910174847,0.3088056743144989,18.77275276184082,0.013265534304082394,0.3528948426246643,0.00550860958173871,0.01622588187456131,24.134353637695312,0.003859798889607191,0.09591606259346008,0.012693304568529129,0.0,18.342775344848633,0.014646119438111782,0.32870548963546753,24.312009811401367,0.003705093637108803,0.15136711299419403,35.08797073364258,0.0003098866727668792,23.739233016967773,0.004227433353662491,0.18064117431640625,20.671810150146484,0.00856680329889059,0.27098849415779114,20.06075668334961,0.009861079975962639,0.3216260075569153,22.398284912109375,0.005756670609116554,0.17624886333942413,27.430824279785156,0.0018068309873342514,21.96246910095215,0.006364339031279087,0.21091610193252563,19.710098266601562,0.010690308175981045,0.28628548979759216,19.187889099121094,0.012056216597557068,0.3390078842639923,25.275188446044922,0.0029681180603802204,0.06197302043437958,27.604618072509766,0.0017359545454382896,25.006315231323242,0.0031576817855238914,0.07314759492874146
13214,167,16,3661,-1,1,23.63785171508789,0.13842390477657318,19.607057571411133,0.1740015149116516,26.43634796142578,21.47164535522461,0.16733501851558685,18.549110412597656,23.300518035888672,0.07800296694040298,17.758377075195312,17.721372604370117,19.036266326904297,0.29790744185447693,100.0,0.40357881784439087,0.4311462938785553,3661,3693,0.4508587718009949,0,0,0.004327276721596718,0.0022717746905982494,23.331539154052734,0.004643507767468691,0.15934441983699799,0.010946976952254772,0.3073517084121704,19.062477111816406,0.012409444898366928,0.36076056957244873,0.007125831209123135,0.016755688935518265,22.48388671875,0.005644314922392368,0.18033435940742493,0.013966541737318039,0.32670149207115173,18.69448471069336,0.013506773859262466,0.3703024387359619,0.004676791373640299,0.016899067908525467,25.53394317626953,0.002796441549435258,0.07473361492156982,0.012484566308557987,0.0,18.41478729248047,0.014405269175767899,0.35280969738960266,25.331707000732422,0.002929742680862546,0.11798889189958572,33.82175827026367,0.0004147860745433718,24.792993545532227,0.0033166592475026846,0.1388145238161087,20.291566848754883,0.009350684471428394,0.28349581360816956,19.67835235595703,0.010768741369247437,0.33801308274269104,23.31576156616211,0.004660406615585089,0.14147238433361053,26.94059181213379,0.002022744854912162,22.953176498413086,0.005066201090812683,0.16397257149219513,19.46434211730957,0.011312690563499928,0.30062514543533325,18.945911407470703,0.012747027911245823,0.3558436632156372,26.510883331298828,0.002233118051663041,0.05295027792453766,27.088172912597656,0.001955161802470684,26.42850685119629,0.0022758806589990854,0.061139773577451706
13820,167,16,4299,-1,3,26.984424591064453,0.22014585137367249,25.92136573791504,0.21115680038928986,25.17569351196289,23.30484390258789,0.2722568213939667,22.812820434570312,24.039621353149414,0.11835068464279175,17.773115158081055,17.925569534301758,24.457914352416992,0.1538366973400116,100.0,0.2925664484500885,0.721739649772644,4299,4331,0.42848366498947144,0,0,0.00200243154540658,0.0030369015876203775,27.34408187866211,0.001843282370828092,0.25598636269569397,0.002557781059294939,0.16051490604877472,25.825613021850586,0.002614801749587059,0.19064132869243622,0.004672137554734945,0.016698919236660004,25.49464225769043,0.0028218626976013184,0.316950261592865,0.005232605151832104,0.19060643017292023,24.56847381591797,0.00349263078533113,0.2127636820077896,0.0039449166506528854,0.01612289994955063,26.83740234375,0.0020713810808956623,0.12433911859989166,0.0035826852545142174,0.0,23.836437225341797,0.0041338675655424595,0.18543268740177155,29.752168655395508,0.0010587251745164394,0.19647303223609924,33.94447326660156,0.00040322987479157746,29.35702896118164,0.0011595706455409527,0.2380564957857132,27.622474670410156,0.0017288303934037685,0.1293897032737732,27.049238204956055,0.0019727691542357206,0.15724070370197296,26.57746124267578,0.0021991454996168613,0.2267153412103653,28.978731155395508,0.0012651062570512295,26.302566528320312,0.0023428439162671566,0.2723137438297272,25.37468910217285,0.002900888444855809,0.15978258848190308,24.964733123779297,0.0031880629248917103,0.19280415773391724,28.20732879638672,0.0015110103413462639,0.07859331369400024,29.886547088623047,0.0010264680022373796,27.998188018798828,0.001585555262863636,0.09585154056549072
13871,167,16,4350,-1,2,24.68876075744629,0.14979971945285797,22.399288177490234,0.2058001309633255,25.615909576416016,21.80833625793457,0.19324466586112976,20.37802505493164,23.115365982055664,0.11993563920259476,17.756711959838867,17.853429794311523,20.867183685302734,0.1783284693956375,100.0,0.3950204849243164,0.5209859609603882,4350,4382,0.4219631552696228,0,0,0.003397221677005291,0.002744157798588276,24.562185287475586,0.003497692756354809,0.1663726419210434,0.0057553453370928764,0.18709692358970642,22.025842666625977,0.006272141356021166,0.20660683512687683,0.006594263948500156,0.01676211506128311,22.984336853027344,0.005029979627579451,0.2111789882183075,0.009166372008621693,0.22081288695335388,20.950637817382812,0.008034083060920238,0.23654292523860931,0.004880491178482771,0.016392948105931282,25.073314666748047,0.003109343582764268,0.12071292102336884,0.008189961314201355,0.0,20.245702743530273,0.009449955075979233,0.20344382524490356,25.61359405517578,0.0027456204406917095,0.13258792459964752,33.08686065673828,0.0004912626463919878,25.096981048583984,0.00309244473464787,0.1529339849948883,22.902498245239258,0.005125664174556732,0.16728654503822327,22.31935691833496,0.0058622513897717,0.19076818227767944,23.517261505126953,0.004449120257049799,0.1787988543510437,27.794490814208984,0.0016616939101368189,23.11762046813965,0.004877955187112093,0.20516295731067657,21.550329208374023,0.0069978912360966206,0.20180074870586395,21.052490234375,0.007847858592867851,0.2292432337999344,26.469676971435547,0.0022544069215655327,0.09337088465690613,28.58307647705078,0.0013857742305845022,26.219579696655273,0.002388042863458395,0.10615532100200653
13875,167,16,4354,-1,2,25.513477325439453,0.15649372339248657,23.499467849731445,0.193247988820076,26.500240325927734,22.203136444091797,0.21207645535469055,21.12195587158203,23.24814224243164,0.12143323570489883,17.908618927001953,17.89729881286621,21.842876434326172,0.1717986911535263,100.0,0.3542550206184387,0.5455052852630615,4354,4386,0.42471593618392944,0,0,0.0028096495661884546,0.0022385981865227222,25.379762649536133,0.002897503785789013,0.178012415766716,0.00446738488972187,0.18544597923755646,23.13311004638672,0.0048605878837406635,0.21283748745918274,0.006021249573677778,0.016185948625206947,23.509136199951172,0.00445745000615716,0.23534472286701202,0.007723329123109579,0.20914621651172638,21.948715209960938,0.006384523119777441,0.22584384679794312,0.004733537323772907,0.016228197142481804,25.27956771850586,0.00296512758359313,0.12700679898262024,0.006542032118886709,0.0,21.221393585205078,0.007548498921096325,0.19934353232383728,26.878437042236328,0.0020519003737717867,0.1334819495677948,33.07121658325195,0.0004930358263663948,26.398374557495117,0.002291725715622306,0.16062705218791962,24.478973388671875,0.0035653545055538416,0.15467287600040436,23.89385414123535,0.004079572390764952,0.18187573552131653,24.321592330932617,0.0036969261709600687,0.17866919934749603,28.69900131225586,0.0013492731377482414,23.91676902770996,0.004058103542774916,0.21456345915794373,22.76026153564453,0.0052963136695325375,0.18010184168815613,22.26559066772461,0.005935275461524725,0.21064142882823944,26.65133285522461,0.0021620555780828,0.09100763499736786,29.157974243164062,0.0012139551108703017,26.3677978515625,0.0023079169914126396,0.10467374324798584
14058,167,16,4537,-1,1,23.033220291137695,0.20322716236114502,16.613842010498047,0.23281912505626678,24.683425903320312,20.72393798828125,0.2390987128019333,15.956619262695312,22.633878707885742,0.10706029832363129,17.6369686126709,17.682659149169922,15.98264217376709,0.3173089623451233,33.47898864746094,0.4727206230163574,0.4925089180469513,4537,4569,0.4661957323551178,0,0,0.004973680712282658,0.0034013993572443724,22.826980590820312,0.005215570330619812,0.23359492421150208,0.02180800959467888,0.3240971565246582,16.084436416625977,0.02463521622121334,0.37031373381614685,0.00846459623426199,0.01723071001470089,21.477663040161133,0.007115963380783796,0.2675445079803467,0.02537103369832039,0.3406733274459839,15.73013687133789,0.02672922983765602,0.38378000259399414,0.005452705547213554,0.017050376161932945,24.355175018310547,0.0036684484221041203,0.10816706717014313,0.025219464674592018,0.0004488498088903725,15.371480941772461,0.02903032675385475,0.37091535329818726,24.24160385131836,0.003765647066757083,0.17681899666786194,32.164833068847656,0.000607459107413888,23.714557647705078,0.0042515224777162075,0.2103925198316574,16.859909057617188,0.020606735721230507,0.2988338768482208,16.252033233642578,0.02370264381170273,0.34860220551490784,22.456445693969727,0.005680094938725233,0.1965055763721466,28.25784683227539,0.0014935351209715009,21.98995590209961,0.006324181333184242,0.23016223311424255,16.4012508392334,0.022902078926563263,0.31259530782699585,15.815317153930664,0.026210077106952667,0.3659452497959137,25.85069465637207,0.002599744126200676,0.0692892074584961,29.578041076660156,0.0011020363308489323,25.481889724731445,0.0028301607817411423,0.0827629491686821
14141,167,16,4620,-1,0,21.96021842956543,0.17473256587982178,18.249305725097656,0.21777240931987762,25.446245193481445,19.922210693359375,0.2037808895111084,17.190250396728516,21.995420455932617,0.10808347910642624,17.581157684326172,17.81256103515625,17.196048736572266,0.25227653980255127,100.0,0.424903929233551,0.512521505355835,4620,4652,0.44281458854675293,0,0,0.006367637310177088,0.0028534852899610996,21.606304168701172,0.006908276583999395,0.19744962453842163,0.014964748173952103,0.26026973128318787,17.7015380859375,0.01697642169892788,0.29933929443359375,0.010180731303989887,0.017453569918870926,20.427839279174805,0.009061832912266254,0.22514156997203827,0.01909743621945381,0.28174877166748047,17.09864044189453,0.019504547119140625,0.3118588626384735,0.0063162329606711864,0.01654793694615364,23.240270614624023,0.004742124117910862,0.11054685711860657,0.019071945920586586,0.0,16.574569702148438,0.022006094455718994,0.29711878299713135,23.107498168945312,0.004889340605586767,0.15456059575080872,33.684120178222656,0.0004281424335204065,22.53702163696289,0.005575679242610931,0.18383702635765076,18.714908599853516,0.013443397358059883,0.24426884949207306,18.1019344329834,0.015481274574995041,0.2880018949508667,21.221031188964844,0.007549128495156765,0.1759016215801239,28.200551986694336,0.0015133687993511558,20.71721649169922,0.008477707393467426,0.2076723277568817,17.844898223876953,0.016425184905529022,0.25914233922958374,17.27077293395996,0.01874660700559616,0.303143173456192,24.543426513671875,0.0035128332674503326,0.07880087196826935,28.879186630249023,0.0012944383779540658,24.140743255615234,0.0038541248068213463,0.09271581470966339
14145,167,16,4624,-1,0,20.549917221069336,0.17395254969596863,17.15692901611328,0.2452150583267212,25.929378509521484,18.644777297973633,0.22213804721832275,16.083547592163086,21.083209991455078,0.11500047147274017,17.473379135131836,17.76546287536621,16.013263702392578,0.2653886377811432,100.0,0.4476785659790039,0.5477480292320251,4624,4656,0.4480363726615906,0,0,0.008810659870505333,0.002553067170083523,20.099559783935547,0.009773366153240204,0.19611677527427673,0.019244519993662834,0.2619744539260864,16.57868194580078,0.02198527567088604,0.30041489005088806,0.013662253506481647,0.017892135307192802,18.856725692749023,0.013011503964662552,0.24139225482940674,0.024640265852212906,0.28528892993927,15.861617088317871,0.02593213878571987,0.31610769033432007,0.0077925436198711395,0.016728369519114494,21.926137924194336,0.006417801603674889,0.11825873702764511,0.02504226565361023,0.0,15.39178466796875,0.028894923627376556,0.3070330023765564,21.55536460876465,0.006989780347794294,0.15627574920654297,34.61782455444336,0.0003453168028499931,20.962589263916016,0.008012005127966404,0.1790134459733963,17.62101936340332,0.017294105142354965,0.2504679560661316,17.004940032958984,0.019929945468902588,0.2904329299926758,19.68099021911621,0.010762200690805912,0.2008204162120819,28.772628784179688,0.0013265920570120215,19.131481170654297,0.012213831767439842,0.2287968546152115,16.637418746948242,0.021689925342798233,0.2679530382156372,16.0493221282959,0.024835210293531418,0.3085167706012726,23.069751739501953,0.004932021256536245,0.0879209041595459,28.889068603515625,0.0012914958642795682,22.602615356445312,0.005492101889103651,0.10116800665855408
14501,167,16,4980,-1,0,24.510385513305664,0.29505497217178345,25.021360397338867,0.24483981728553772,23.982030868530273,22.194622039794922,0.3291980028152466,22.249919891357422,24.30237579345703,0.09592638164758682,17.625247955322266,17.658933639526367,24.11696434020996,0.22776013612747192,100.0,0.3087072968482971,0.7931131720542908,4980,5012,0.4471589922904968,0,0,0.0035396593157202005,0.003997578751295805,24.597694396972656,0.0034692101180553436,0.34723058342933655,0.0031467624939978123,0.23941467702388763,24.71693229675293,0.0033752552699297667,0.2809995114803314,0.006033062469214201,0.017277279868721962,23.66210174560547,0.004303182940930128,0.3781200349330902,0.005956731736660004,0.26698121428489685,23.751354217529297,0.004215652123093605,0.3015040159225464,0.003713322337716818,0.01714378036558628,27.832805633544922,0.0016470981063321233,0.09661948680877686,0.0038752842228859663,0.0,23.495485305786133,0.004471481777727604,0.26903605461120605,25.51181983947754,0.002810722216963768,0.2631602883338928,32.184974670410156,0.0006046479102224112,25.01673126220703,0.003150118514895439,0.3187585771083832,26.001251220703125,0.0025111637078225613,0.2110980749130249,25.413734436035156,0.002874925034120679,0.25250008702278137,24.22812271118164,0.0037773549556732178,0.2860759496688843,28.66378402709961,0.0013602591352537274,23.820341110229492,0.004149215761572123,0.34223949909210205,24.567832946777344,0.0034931465052068233,0.232166588306427,24.116287231445312,0.0038758895825594664,0.2761894464492798,29.026233673095703,0.0012513442197814584,0.06226716563105583,29.951688766479492,0.0010111862793564796,28.899860382080078,0.00128829141613096,0.0732150673866272
14505,167,16,4984,-1,0,26.080406188964844,0.2460513859987259,23.416156768798828,0.22345221042633057,24.65709686279297,22.84058380126953,0.30848193168640137,21.32530975341797,23.726089477539062,0.12041203677654266,17.61563491821289,17.582481384277344,22.345659255981445,0.28245726227760315,100.0,0.35100266337394714,0.6366111636161804,4984,5016,0.43918195366859436,0,0,0.0024658096954226494,0.003422082867473364,26.347572326660156,0.0023186905309557915,0.2868193984031677,0.004553908482193947,0.28477591276168823,23.133941650390625,0.004859660752117634,0.33353179693222046,0.00519926194101572,0.017315562814474106,24.768762588500977,0.0033352153841406107,0.35199791193008423,0.007370028644800186,0.31451892852783203,22.288516998291016,0.005904026795178652,0.3568568229675293,0.004240247420966625,0.017448250204324722,26.559524536132812,0.0022082470823079348,0.12254884093999863,0.005826851818710566,0.0,21.72418212890625,0.006723291240632534,0.33255326747894287,28.33634376525879,0.0014667828800156713,0.23371542990207672,32.28873825073242,0.000590372656006366,27.954418182373047,0.001601615222170949,0.2819320261478424,24.270282745361328,0.003740862477570772,0.2661546766757965,23.684368133544922,0.0042811790481209755,0.3181871473789215,25.57503890991211,0.0027701042126864195,0.2762506604194641,28.579055786132812,0.001387057825922966,25.25364112854004,0.0029828809201717377,0.32426708936691284,22.953975677490234,0.005065270699560642,0.28285685181617737,22.451339721679688,0.0056867762468755245,0.3336019515991211,27.656888961791992,0.001715185702778399,0.0779641717672348,29.804594039916992,0.0010460213525220752,27.40373992919922,0.0018181343330070376,0.0903693214058876
14753,193,16,173,-1,1,21.504608154296875,0.23589637875556946,18.80611228942871,0.21649590134620667,24.96630096435547,20.145111083984375,0.29072102904319763,18.00259780883789,23.486743927001953,0.10870525985956192,17.87942123413086,17.778793334960938,18.321002960205078,0.37158137559890747,100.0,0.437998503446579,0.49428457021713257,173,205,0.4658057391643524,0,0,0.00707195233553648,0.0031869092490524054,21.152244567871094,0.007669651415199041,0.2785826623439789,0.013164028525352478,0.39568957686424255,18.27869415283203,0.014863829128444195,0.47008416056632996,0.009671389125287533,0.01629512757062912,20.628660202026367,0.00865235272794962,0.3318016827106476,0.015839453786611557,0.40769800543785095,18.017955780029297,0.015783540904521942,0.46817803382873535,0.004480491392314434,0.01667710393667221,25.843441009521484,0.0026040892116725445,0.11126650869846344,0.014719724655151367,0.0,17.699525833129883,0.016984298825263977,0.441416472196579,22.45064926147461,0.005687679164111614,0.22358810901641846,34.4020881652832,0.0003629036946222186,21.866275787353516,0.006506876088678837,0.2702098488807678,19.396484375,0.011490833014249802,0.3733045756816864,18.78173828125,0.01323811523616314,0.44779151678085327,21.45244789123535,0.007157397922128439,0.2621902823448181,30.47315788269043,0.0008967765024863183,20.904136657714844,0.008120570331811905,0.3158896565437317,18.82029914855957,0.013121096417307854,0.38133561611175537,18.227643966674805,0.015039575286209583,0.45257627964019775,27.143417358398438,0.0019304492743685842,0.08028317987918854,31.929609298706055,0.0006412673974409699,26.71868133544922,0.00212878524325788,0.09636896103620529
14813,193,16,233,-1,1,23.003246307373047,0.13938438892364502,20.638931274414062,0.1898190826177597,24.75383949279785,21.183921813964844,0.20565761625766754,19.458938598632812,22.75153160095215,0.11122457683086395,18.052492141723633,17.903980255126953,19.95154571533203,0.1376875936985016,100.0,0.363875150680542,0.5216599106788635,233,265,0.43495050072669983,0,0,0.005008126143366098,0.0033466939348727465,22.787065505981445,0.005263730883598328,0.16531191766262054,0.008631912060081959,0.15663449466228485,20.180622100830078,0.009592636488378048,0.18403783440589905,0.007613913621753454,0.015658525750041008,21.954326629638672,0.006376280914992094,0.2380087971687317,0.011326772160828114,0.1938582807779312,19.704267501831055,0.01070467010140419,0.21636895835399628,0.005306973587721586,0.016203247010707855,24.400188446044922,0.0036306234542280436,0.11842083185911179,0.01011219434440136,0.0,19.330066680908203,0.011667917482554913,0.16484200954437256,25.337833404541016,0.0029256106354296207,0.11998884379863739,34.848915100097656,0.00032742248731665313,24.78165054321289,0.0033253319561481476,0.14887523651123047,22.00560760498047,0.006301433313637972,0.14334896206855774,21.395261764526367,0.007252271752804518,0.17430759966373444,23.098421096801758,0.004899569787085056,0.16419126093387604,29.824726104736328,0.0010411841794848442,22.601774215698242,0.005493166856467724,0.2038530707359314,20.76598358154297,0.008383040316402912,0.16320262849330902,20.203632354736328,0.009541944600641727,0.19825196266174316,25.697120666503906,0.0026933199260383844,0.08443382382392883,30.867979049682617,0.0008188458159565926,25.255359649658203,0.002981700701639056,0.10313025861978531
14895,193,16,315,-1,3,23.141483306884766,0.16903086006641388,21.10780906677246,0.1995348036289215,25.99155044555664,21.02715492248535,0.2081734538078308,19.61312484741211,22.589672088623047,0.11030944436788559,17.875892639160156,17.72515106201172,20.18548011779785,0.13142657279968262,100.0,0.35261672735214233,0.5658687949180603,315,347,0.4538036286830902,0,0,0.004851225763559341,0.002516779350116849,22.831315994262695,0.0052103702910244465,0.20141932368278503,0.007748524192720652,0.1487162560224533,20.590576171875,0.008728555403649807,0.17463360726833344,0.007893768139183521,0.01630837842822075,21.805078506469727,0.006599212531000376,0.2333465814590454,0.010931695811450481,0.1747083067893982,19.994338989257812,0.01001304667443037,0.19205410778522491,0.005508492235094309,0.01688437908887863,24.25002098083496,0.003758356673642993,0.11314336210489273,0.009581908583641052,0.0,19.564002990722656,0.011056046932935715,0.15755945444107056,25.099390029907227,0.003090730868279934,0.1474251002073288,34.601253509521484,0.000346636661561206,24.54334259033203,0.0035128993913531303,0.18351233005523682,22.379287719726562,0.005781909916549921,0.12427905946969986,21.769521713256836,0.006653463002294302,0.1510106921195984,22.849529266357422,0.005188565235584974,0.17885074019432068,30.383146286010742,0.000915556971449405,22.33144760131836,0.0058459509164094925,0.21542611718177795,21.016008377075195,0.007914058864116669,0.14725840091705322,20.453250885009766,0.009008968248963356,0.17800436913967133,25.53682518005371,0.002794586820527911,0.072594054043293,30.70993423461914,0.0008491938351653516,25.094968795776367,0.0030938778072595596,0.08728518337011337
15009,193,16,429,-1,1,24.60666275024414,0.2015833556652069,22.760204315185547,0.22327616810798645,25.519086837768555,22.198623657226562,0.2506549060344696,20.86897850036621,23.394393920898438,0.10845870524644852,17.996204376220703,17.755260467529297,21.880077362060547,0.14740893244743347,100.0,0.33171790838241577,0.6730904579162598,429,461,0.445249080657959,0,0,0.00346205523237586,0.0028060239274054766,24.481861114501953,0.0035629833582788706,0.24335624277591705,0.0052963863126933575,0.16127721965312958,22.371700286865234,0.005792020820081234,0.18998216092586517,0.006027506664395332,0.015862785279750824,23.45401382446289,0.004514387343078852,0.2862015664577484,0.008186575956642628,0.20138078927993774,21.582624435424805,0.006946043111383915,0.22347204387187958,0.004576785024255514,0.016767721623182297,25.684345245361328,0.0027012559585273266,0.11215415596961975,0.006486230064183474,0.0,21.25859832763672,0.007484112400561571,0.17611399292945862,26.504749298095703,0.002236275002360344,0.18576094508171082,35.30654525756836,0.0002946765744127333,25.96025276184082,0.0025349825154989958,0.2308451235294342,24.05067253112793,0.003934892360121012,0.1366925835609436,23.44611167907715,0.004522606264799833,0.16756124794483185,24.322559356689453,0.003696102648973465,0.2153761088848114,29.590776443481445,0.0010988095309585333,23.876733779907227,0.004095686133950949,0.2664913833141327,22.526119232177734,0.00558969471603632,0.17269259691238403,22.001047134399414,0.006308053154498339,0.20839685201644897,26.911352157592773,0.002036408521234989,0.07648719102144241,30.328046798706055,0.0009272469906136394,26.561880111694336,0.0022070487029850483,0.09251178056001663
15375,193,16,827,-1,2,18.213119506835938,0.2449290156364441,16.76022720336914,0.23364853858947754,26.23993682861328,17.067277908325195,0.27917322516441345,15.837102890014648,21.40174102783203,0.10018004477024078,18.21108627319336,18.310955047607422,15.852970123291016,0.17325973510742188,100.0,0.3349301517009735,0.6976037621498108,827,859,0.4339843690395355,0,0,0.015089962631464005,0.0023768760729581118,17.683822631835938,0.017045821994543076,0.2792138159275055,0.02108517847955227,0.1924196183681488,16.184650421142578,0.024073272943496704,0.21922822296619415,0.01964591257274151,0.015097026713192463,16.915266036987305,0.020345740020275116,0.30886587500572205,0.026078928261995316,0.22798600792884827,15.55654525756836,0.027819253504276276,0.24379563331604004,0.007241454906761646,0.014753823168575764,22.156890869140625,0.006085705477744341,0.09626717865467072,0.025983821600675583,0.0,15.231491088867188,0.029981330037117004,0.20061129331588745,18.778911590576172,0.013246734626591206,0.21322891116142273,34.289894104003906,0.0003724008274730295,18.173744201660156,0.01522740162909031,0.24666644632816315,17.237398147583008,0.01889123022556305,0.17218945920467377,16.620088577270508,0.021776659414172173,0.1992776095867157,17.770092010498047,0.0167105570435524,0.24540485441684723,30.525501251220703,0.0008860333473421633,17.179424285888672,0.019145099446177483,0.2830244302749634,16.46541976928711,0.02256617322564125,0.19742260873317719,15.861167907714844,0.025934820994734764,0.2282043993473053,23.878725051879883,0.004093807656317949,0.06867364048957825,31.62020492553711,0.0006886200862936676,23.35576057434082,0.004617682658135891,0.07819065451622009
15457,193,16,909,-1,0,22.618515014648438,0.14559492468833923,18.9312801361084,0.1808294802904129,26.72067642211914,20.739864349365234,0.1790955811738968,17.97757911682129,22.524742126464844,0.09755467623472214,18.03523063659668,18.015316009521484,18.043216705322266,0.1589149534702301,100.0,0.34973272681236267,0.5170505046844482,909,941,0.3775554597377777,0,0,0.005472030956298113,0.0021278071217238903,22.22825050354004,0.005986527074128389,0.16579344868659973,0.012790041975677013,0.17723776400089264,18.39519691467285,0.01447039470076561,0.20502929389476776,0.008433611132204533,0.01572088710963726,21.359346389770508,0.0073124924674630165,0.1910572648048401,0.015930961817502975,0.20245260000228882,17.97529411315918,0.01593935303390026,0.22368177771568298,0.005591467022895813,0.01579313538968563,23.955602645874023,0.004021979868412018,0.09778783470392227,0.01569199562072754,0.0,17.42173957824707,0.01810614764690399,0.18565399944782257,24.290016174316406,0.003723904024809599,0.12387052178382874,35.25106430053711,0.0002984651946462691,23.715194702148438,0.004250894766300917,0.14174707233905792,19.447168350219727,0.01135751511901617,0.15567386150360107,18.832937240600586,0.013082967139780521,0.18263258039951324,22.615249633789062,0.005476146005094051,0.153408944606781,31.272342681884766,0.0007460464257746935,22.073383331298828,0.006203853990882635,0.17483261227607727,18.7074031829834,0.013466657139360905,0.17124146223068237,18.111589431762695,0.015446888282895088,0.2003878653049469,25.694435119628906,0.0026949867606163025,0.06485019624233246,31.886289596557617,0.0006476959097199142,25.21440315246582,0.0030099544674158096,0.07576688379049301
15533,193,16,985,-1,0,23.295578002929688,0.13788944482803345,22.38399314880371,0.1383015364408493,27.61235809326172,20.968217849731445,0.1738719642162323,20.40440559387207,23.119510650634766,0.07797861844301224,18.17925262451172,18.224714279174805,21.514057159423828,0.08334502577781677,100.0,0.22702185809612274,0.6091992259025574,985,1017,0.4209040403366089,0,0,0.004682116210460663,0.0017328636022284627,22.893878936767578,0.005135847721248865,0.1597568243741989,0.005775650031864643,0.10357294231653214,21.87360382080078,0.006495908834040165,0.12058773636817932,0.008001626469194889,0.015208096243441105,21.615955352783203,0.006892938166856766,0.1886872947216034,0.009110861457884312,0.13880550861358643,20.8487548828125,0.008224783465266228,0.14443087577819824,0.0048758345656096935,0.01504973042756319,24.8009090423584,0.0033106193877756596,0.07487580925226212,0.007056579925119877,0.0,20.892578125,0.008142207749187946,0.09712700545787811,24.595531463623047,0.0034709370229393244,0.11321870982646942,36.07662582397461,0.000246795651037246,24.015424728393555,0.003966958727687597,0.13572226464748383,23.18790054321289,0.004799657501280308,0.08319825679063797,22.579145431518555,0.005521859508007765,0.09685768187046051,22.94590950012207,0.00507468543946743,0.13220371305942535,30.71995735168457,0.0008472363115288317,22.422199249267578,0.005725062917917967,0.1556270718574524,21.979646682739258,0.006339213810861111,0.1001676470041275,21.432218551635742,0.0071908156387507915,0.11666547507047653,27.117168426513672,0.0019421527395024896,0.044476624578237534,31.091140747070312,0.0007778319413773715,26.734024047851562,0.002121279016137123,0.05193774774670601
15764,193,16,1248,-1,1,24.94918441772461,0.14146578311920166,21.519058227539062,0.19145017862319946,24.537389755249023,22.040586471557617,0.18721717596054077,19.903242111206055,23.10077667236328,0.10300590842962265,17.761381149291992,17.73750877380371,20.30813217163086,0.148003950715065,100.0,0.337542861700058,0.5671877861022949,1248,1280,0.42322126030921936,0,0,0.0031994979362934828,0.0035177203826606274,25.016151428222656,0.0031505406368523836,0.15985310077667236,0.007048460189253092,0.1627967655658722,21.17397117614746,0.007631377782672644,0.1880820095539093,0.006250882986932993,0.0167441014200449,23.33806037902832,0.00463654100894928,0.2037961333990097,0.010225293226540089,0.18602395057678223,20.34841537475586,0.009229080751538277,0.20712675154209137,0.004896913189440966,0.01683639921247959,25.14268684387207,0.0030600696336477995,0.10627923905849457,0.009315083734691143,0.0,19.68665313720703,0.010748174041509628,0.1776740998029709,26.83544158935547,0.0020723158959299326,0.11998589336872101,32.91409683227539,0.0005111995851621032,26.35920524597168,0.0023124876897782087,0.14455099403858185,22.374422073364258,0.0057883900590240955,0.13852068781852722,21.781383514404297,0.006635318975895643,0.17103208601474762,24.08400535583496,0.0039048059843480587,0.15867292881011963,28.6026554107666,0.0013795406557619572,23.672080993652344,0.00429330812767148,0.18884071707725525,21.071060180664062,0.007814369164407253,0.16139039397239685,20.539255142211914,0.008832315914332867,0.19531966745853424,26.146533966064453,0.0024285486433655024,0.08137214928865433,29.461355209350586,0.0011320470366626978,25.803730010986328,0.0026280104648321867,0.09824130684137344
15820,193,16,1304,-1,1,24.366348266601562,0.1960044950246811,23.711931228637695,0.2471497803926468,24.452035903930664,21.8776912689209,0.2541351616382599,21.469934463500977,23.232221603393555,0.11758696287870407,17.625843048095703,17.73300552368164,22.443519592285156,0.11102676391601562,100.0,0.33085837960243225,0.7469956874847412,1304,1336,0.4350194036960602,0,0,0.003659023204818368,0.0035875386092811823,24.353313446044922,0.003670021425932646,0.2199806571006775,0.0042540933936834335,0.12675251066684723,23.523332595825195,0.004442902281880379,0.13173307478427887,0.006489793304353952,0.01727490872144699,23.1600399017334,0.004830544348806143,0.28422093391418457,0.007128640078008175,0.1654101461172104,22.50493049621582,0.005617035087198019,0.16441071033477783,0.0047509209252893925,0.01685386337339878,25.392629623413086,0.002888930030167103,0.12024363875389099,0.005697025917470455,0.0,21.822040557861328,0.0065734912641346455,0.12528148293495178,25.940095901489258,0.002546773524954915,0.17067402601242065,30.781539916992188,0.0008353067096322775,25.512819290161133,0.0028100761119276285,0.20170146226882935,25.169174194335938,0.003041464602574706,0.09221877157688141,24.607372283935547,0.0034614887554198503,0.103621706366539,23.820226669311523,0.00414932519197464,0.22370286285877228,27.800979614257812,0.0016592128667980433,23.43670082092285,0.004532419145107269,0.2635691165924072,23.320514678955078,0.004655310418456793,0.13314223289489746,22.83653450012207,0.0052041104063391685,0.1489390879869461,26.515972137451172,0.002230502897873521,0.08819832652807236,29.639381408691406,0.0010865802178159356,26.186159133911133,0.002406490733847022,0.10031382739543915
15951,193,16,1435,-1,0,24.823993682861328,0.19461683928966522,22.93368148803711,0.22933994233608246,25.167713165283203,22.039583206176758,0.2224256694316864,20.905141830444336,23.05006980895996,0.116517573595047,17.822059631347656,17.778362274169922,21.555511474609375,0.19039295613765717,100.0,0.36807987093925476,0.6230711340904236,1435,1467,0.43772101402282715,0,0,0.0032930676825344563,0.003042486496269703,24.773447036743164,0.0033316186163574457,0.22446876764297485,0.005088993813842535,0.2232068032026291,22.586708068847656,0.005512257106602192,0.254485160112381,0.0062523288652300835,0.016511783003807068,23.303157806396484,0.004673951305449009,0.24764081835746765,0.008118688128888607,0.23747363686561584,21.659019470214844,0.006824927870184183,0.26118773221969604,0.004954421892762184,0.01667875610291958,25.015960693359375,0.0031506787054240704,0.11439082771539688,0.006989543791860342,0.0,20.934032440185547,0.008064858615398407,0.2202308624982834,26.628414154052734,0.002173495013266802,0.15533404052257538,32.9096565246582,0.0005117226392030716,26.14545440673828,0.002429152140393853,0.18410173058509827,24.013484954833984,0.003968728706240654,0.1885412484407425,23.434751510620117,0.0045344531536102295,0.22060906887054443,24.024627685546875,0.003958560526371002,0.1916295439004898,27.636335372924805,0.001723322900943458,23.66284942626953,0.004302443470805883,0.22317862510681152,22.385677337646484,0.005773407872766256,0.20223300158977509,21.91326332092285,0.0064368536695837975,0.23334276676177979,26.117572784423828,0.0024447974283248186,0.08974748849868774,28.556001663208008,0.0013944405363872647,25.8396053314209,0.002606390742585063,0.102898970246315
16012,193,16,1496,-1,1,25.41135597229004,0.14534200727939606,22.997303009033203,0.1903698891401291,25.038297653198242,22.418079376220703,0.182417631149292,21.004898071289062,23.415639877319336,0.10131588578224182,17.6653995513916,17.83208656311035,21.724889755249023,0.1778387725353241,100.0,0.34892794489860535,0.5455850958824158,1496,1528,0.43605494499206543,0,0,0.002876501064747572,0.0031345156021416187,25.471702575683594,0.002836806932464242,0.16215911507606506,0.005014988128095865,0.1809016466140747,22.663249969482422,0.005415954627096653,0.20247063040733337,0.005730495788156986,0.017118284478783607,24.002777099609375,0.003978529013693333,0.1969834417104721,0.00793433003127575,0.20406493544578552,21.813228607177734,0.006586841773241758,0.22076556086540222,0.00455445097759366,0.016473714262247086,25.65316390991211,0.002720718504860997,0.09946782141923904,0.006722195539623499,0.0,21.103410720825195,0.0077563803642988205,0.20528313517570496,27.714385986328125,0.001692627789452672,0.11131724715232849,32.68129348754883,0.0005393502651713789,27.281455993652344,0.0018700551008805633,0.1314171701669693,24.09484100341797,0.003895075526088476,0.15153823792934418,23.512361526489258,0.004454141482710838,0.17838865518569946,24.8363037109375,0.0032837477046996355,0.14754964411258698,27.612323760986328,0.0017328765243291855,24.53168487548828,0.0035223430022597313,0.17165020108222961,22.578922271728516,0.005522147286683321,0.18149185180664062,22.111244201660156,0.00615000631660223,0.20991957187652588,26.644744873046875,0.0021653377916663885,0.07492690533399582,28.3046932220459,0.0014775110175833106,26.437528610229492,0.0022711572237312794,0.08494208008050919
16070,193,16,1554,-1,3,25.37982177734375,0.1250271499156952,22.510297775268555,0.19513793289661407,25.461360931396484,22.310184478759766,0.16114260256290436,20.574953079223633,23.230728149414062,0.1000424399971962,17.789419174194336,17.734996795654297,21.193239212036133,0.10866348445415497,100.0,0.29350656270980835,0.6648502945899963,1554,1586,0.4122941195964813,0,0,0.002897462574765086,0.002843571361154318,25.367412567138672,0.002905753441154957,0.14166109263896942,0.0056100948713719845,0.12930364906787872,22.170612335205078,0.006066509522497654,0.14889894425868988,0.0058746435679495335,0.016636352986097336,23.747909545898438,0.004218996036797762,0.17542365193367004,0.008760012686252594,0.16123700141906738,21.243541717529297,0.007510100957006216,0.17639857530593872,0.004752554465085268,0.01684613525867462,25.388011932373047,0.002892003394663334,0.10416878014802933,0.007597592659294605,0.0,20.571762084960938,0.008766453713178635,0.12698012590408325,27.291507720947266,0.0018657316686585546,0.1061750203371048,34.348567962646484,0.0003674034960567951,26.78558349609375,0.002096243668347597,0.1246768981218338,23.409046173095703,0.004561368376016617,0.09890369325876236,22.82327651977539,0.005220023449510336,0.11698738485574722,24.505117416381836,0.0035439571365714073,0.14289993047714233,28.159990310668945,0.0015275697223842144,24.14069175720215,0.003854170674458146,0.16500726342201233,21.96821403503418,0.006355921737849712,0.13284938037395477,21.475934982299805,0.007118794601410627,0.1545591950416565,26.469526290893555,0.0022544863168150187,0.08205708861351013,28.401830673217773,0.0014448309084400535,26.23596954345703,0.002379048615694046,0.09540674835443497
16086,193,16,1570,-1,3,25.76248550415039,0.14565780758857727,23.449419021606445,0.18841980397701263,25.379545211791992,22.435466766357422,0.18193916976451874,21.19436264038086,23.467607498168945,0.10464455187320709,17.58648109436035,17.66788673400879,21.968297958374023,0.16065946221351624,100.0,0.3584749400615692,0.5256149768829346,1570,1602,0.4016261398792267,0,0,0.002653086557984352,0.002897646278142929,25.82451820373535,0.002615461591631174,0.16582068800926208,0.004519165959209204,0.1636180877685547,23.149185180664062,0.004842633847147226,0.18860894441604614,0.0057075973600149155,0.01743219792842865,24.085111618041992,0.0039038127288222313,0.19755500555038452,0.007595629431307316,0.1895158886909485,22.089061737060547,0.006181502714753151,0.20646148920059204,0.004500279203057289,0.017108481377363205,25.91666030883789,0.0025605554692447186,0.10477536916732788,0.006355800665915012,0.0,21.346818923950195,0.0073336162604391575,0.1902865469455719,27.618396759033203,0.001730455318465829,0.11909081041812897,33.399436950683594,0.0004571477766148746,27.152652740478516,0.001926348777487874,0.1391695737838745,24.387922286987305,0.003640891285613179,0.14371491968631744,23.80589485168457,0.004163040779531002,0.16995695233345032,24.814966201782227,0.003299921518191695,0.16342881321907043,27.690460205078125,0.001701977918855846,24.50290870666504,0.0035457590129226446,0.189069926738739,22.77410888671875,0.005279455333948135,0.16930198669433594,22.309053421020508,0.005876175593584776,0.19732728600502014,26.941364288330078,0.0020223839674144983,0.07971110939979553,28.42542839050293,0.001437001978047192,26.75214958190918,0.002112442860379815,0.09110192209482193
16224,193,16,1708,-1,1,25.033550262451172,0.19842824339866638,22.711124420166016,0.22118602693080902,24.964202880859375,22.07281494140625,0.2418016791343689,20.755435943603516,23.217247009277344,0.11056835949420929,17.748403549194336,18.018993377685547,21.248310089111328,0.17250311374664307,100.0,0.36030179262161255,0.6138910055160522,1708,1740,0.4367830157279968,0,0,0.0031379435677081347,0.0031884510535746813,25.0443172454834,0.0031301730778068304,0.22989365458488464,0.0053565786220133305,0.1894841343164444,22.348329544067383,0.0058232699520885944,0.2168867141008377,0.006204666569828987,0.01679421402513981,23.395606994628906,0.004575506318360567,0.27070167660713196,0.008403426967561245,0.20563960075378418,21.377897262573242,0.007281326223164797,0.22559566795825958,0.004767331760376692,0.015779772773385048,25.124217987060547,0.0030731104779988527,0.11530817300081253,0.0075018638744950294,0.0,20.6268310546875,0.008655996061861515,0.20123231410980225,26.896438598632812,0.0020434127654880285,0.17921006679534912,31.032907485961914,0.0007883324287831783,26.50430679321289,0.0022365024778991938,0.21306712925434113,23.6580753326416,0.004307175520807505,0.16065768897533417,23.095916748046875,0.004902394488453865,0.18923722207546234,24.089889526367188,0.0038995202630758286,0.21295195817947388,26.499500274658203,0.0022389793302863836,23.814300537109375,0.004154988098889589,0.2522137463092804,22.065336227416992,0.006215360015630722,0.17933624982833862,21.635719299316406,0.006861642934381962,0.20805004239082336,26.056367874145508,0.0024794950149953365,0.08337369561195374,27.099760055541992,0.0019499524496495724,25.91596794128418,0.0025609631557017565,0.09779092669487
16508,193,16,2024,-1,2,25.35501480102539,0.17323185503482819,22.998342514038086,0.21488504111766815,25.10916519165039,22.4593505859375,0.20927315950393677,20.997621536254883,23.41341781616211,0.10533954203128815,17.91238021850586,17.962635040283203,21.636783599853516,0.1852397918701172,33.548065185546875,0.3634074628353119,0.5913060903549194,2024,2056,0.4404338598251343,0,0,0.002914061537012458,0.0030837811063975096,25.39410400390625,0.0028879509773105383,0.1977378875017166,0.005013788118958473,0.2027493715286255,22.66559600830078,0.0054130288772284985,0.22815227508544922,0.0056762960739433765,0.01617193967103958,23.913047790527344,0.004061581566929817,0.23081208765506744,0.007947634905576706,0.22106511890888214,21.735260009765625,0.006706164684146643,0.2384948879480362,0.0045567830093204975,0.0159858800470829,25.530811309814453,0.002798460889607668,0.10467148572206497,0.006859961431473494,0.0004417672462295741,21.052757263183594,0.007847375236451626,0.2146170288324356,27.348678588867188,0.0018413332290947437,0.14884591102600098,31.06968879699707,0.0007816842407919466,26.98025131225586,0.0020043563563376665,0.17866158485412598,24.030473709106445,0.003953236620873213,0.1731116622686386,23.496334075927734,0.004470606334507465,0.20156241953372955,24.662267684936523,0.0034180092625319958,0.18287500739097595,28.34718894958496,0.0014631234807893634,24.296016693115234,0.003718760795891285,0.21758107841014862,22.504791259765625,0.005617211107164621,0.19332684576511383,22.0109920501709,0.006293626967817545,0.22530826926231384,26.699560165405273,0.0021381790284067392,0.07942918688058853,30.756107330322266,0.0008402134408243,26.31180191040039,0.002337865997105837,0.09202838689088821
16551,193,16,2067,-1,1,25.847393035888672,0.15019629895687103,23.187639236450195,0.195687398314476,26.327722549438477,22.636014938354492,0.18786421418190002,21.127410888671875,23.70915412902832,0.10443568229675293,18.077730178833008,18.14203453063965,21.790189743041992,0.14584702253341675,100.0,0.3717060983181,0.5264573097229004,2067,2099,0.43609848618507385,0,0,0.002601721091195941,0.002329312963411212,25.777992248535156,0.0026436299085617065,0.17637038230895996,0.004799943417310715,0.16723699867725372,22.880023956298828,0.005152258090674877,0.18851608037948608,0.005450026132166386,0.01556779257953167,24.09665870666504,0.003893447108566761,0.21778154373168945,0.0077136363834142685,0.1777474284172058,21.87628936767578,0.006491887848824263,0.1918247938156128,0.004256815183907747,0.01533898152410984,25.931419372558594,0.0025518664624542,0.10736794024705887,0.006621876265853643,0.0,21.168710708618164,0.00764062674716115,0.1687024086713791,27.583091735839844,0.0017445803387090564,0.1416243016719818,33.50213623046875,0.0004464637895580381,27.112388610839844,0.0019442907068878412,0.17350801825523376,24.09107208251953,0.003898458555340767,0.13457553088665009,23.505346298217773,0.004461340140551329,0.15692584216594696,24.872913360595703,0.0032561831176280975,0.16902239620685577,28.93568992614746,0.0012777062365785241,24.484813690185547,0.0035605640150606632,0.20911213755607605,22.627452850341797,0.005460780579596758,0.1579393893480301,22.109214782714844,0.006152881309390068,0.18304303288459778,27.05035972595215,0.0019722599536180496,0.08134628087282181,30.253681182861328,0.0009432610822841525,26.71504783630371,0.0021305675618350506,0.09504346549510956
16708,193,16,2224,-1,2,24.45212173461914,0.19736923277378082,21.52153968811035,0.22011294960975647,24.05165672302246,21.899555206298828,0.22641447186470032,20.035783767700195,23.551692962646484,0.09489869326353073,17.481325149536133,17.75301742553711,20.663301467895508,0.1994817554950714,100.0,0.3970937132835388,0.5543098449707031,2224,2256,0.4551125168800354,0,0,0.003587466897442937,0.00393400015309453,24.51714515686035,0.0035341542679816484,0.227584108710289,0.007044436410069466,0.20026302337646484,21.14130401611328,0.007688994985073805,0.2295275777578354,0.006457206793129444,0.017859432846307755,23.276233673095703,0.004703018348664045,0.2513541579246521,0.009917943738400936,0.23286445438861847,20.50973129272461,0.008892565965652466,0.2587876319885254,0.0044139837846159935,0.01677638106048107,25.999671936035156,0.002512076636776328,0.09434505552053452,0.008583605289459229,0.0,20.041824340820312,0.009904160164296627,0.23398207128047943,26.10882568359375,0.0024497266858816147,0.17763768136501312,32.19130325317383,0.0006037676357664168,25.63245964050293,0.0027337204664945602,0.21257571876049042,22.165002822875977,0.0060743470676243305,0.1842609941959381,21.568531036376953,0.006968624424189329,0.2188592255115509,24.046804428100586,0.003938397858291864,0.19915935397148132,28.059722900390625,0.001563247642479837,23.66147232055664,0.004303805995732546,0.23320914804935455,21.168777465820312,0.007640508934855461,0.2130773365497589,20.641845703125,0.008626117371022701,0.2513003945350647,27.091339111328125,0.0019537382759153843,0.07558409124612808,29.010202407836914,0.0012559716124087572,26.859037399291992,0.0020610869396477938,0.08487147837877274
16786,193,16,2302,-1,0,24.202342987060547,0.14326778054237366,22.1116943359375,0.21880905330181122,21.926616668701172,21.851415634155273,0.1869802474975586,20.45560646057129,23.2149600982666,0.1108141839504242,17.217910766601562,17.977487564086914,20.876855850219727,0.16246375441551208,22.871868133544922,0.367037832736969,0.5961484909057617,2302,2334,0.44302257895469666,0,0,0.003799845464527607,0.0064170947298407555,24.688800811767578,0.0033971916418522596,0.16507911682128906,0.0061493683606386185,0.16234970092773438,22.087974548339844,0.006183046847581863,0.18134254217147827,0.006529179867357016,0.01897618919610977,23.358983993530273,0.004614255856722593,0.20920413732528687,0.009004082530736923,0.18809419870376587,21.24832534790039,0.007501835469156504,0.20171992480754852,0.004769844003021717,0.015931297093629837,25.15316390991211,0.003052696818485856,0.11311610788106918,0.00817173719406128,0.005161941517144442,20.637489318847656,0.008634782396256924,0.18809741735458374,25.63629913330078,0.002731305779889226,0.126334547996521,23.17073631286621,0.0048186625353991985,26.179515838623047,0.0024101741146296263,0.1499386429786682,22.96567153930664,0.005051647312939167,0.13998039066791534,22.903697967529297,0.005124248564243317,0.1629796028137207,23.47053337097168,0.004497247282415628,0.1641240268945694,21.97314453125,0.006348709110170603,23.75469970703125,0.004212406929582357,0.19376984238624573,21.60548973083496,0.006909569259732962,0.16823479533195496,21.53270721435547,0.007026342675089836,0.19595664739608765,26.01140785217285,0.0025052966084331274,0.08001108467578888,27.6177978515625,0.001730694086290896,25.80959129333496,0.0026244663167744875,0.09167695045471191
16852,193,16,2400,-1,3,23.52893829345703,0.142784982919693,17.16190528869629,0.20242562890052795,26.99493408203125,20.785921096801758,0.18244566023349762,16.298763275146484,22.52867889404297,0.09894640743732452,18.01690673828125,18.195404052734375,16.466699600219727,0.3319564163684845,100.0,0.4478869140148163,0.45195701718330383,2400,2432,0.4449116289615631,0,0,0.004437173251062632,0.001997591694816947,23.176298141479492,0.004812493920326233,0.15951962769031525,0.019222484901547432,0.32714396715164185,16.5859432220459,0.021948544308543205,0.37178558111190796,0.00834464468061924,0.015787355601787567,21.426908493041992,0.007199612911790609,0.19532358646392822,0.023448970168828964,0.3478376269340515,16.075897216796875,0.024683700874447823,0.3857107162475586,0.005586402490735054,0.015151633881032467,23.85648536682129,0.004114828538149595,0.09991353750228882,0.022559531033039093,0.0,15.845220565795898,0.02603023126721382,0.38292431831359863,24.543834686279297,0.003512503346428275,0.12091358006000519,35.2449951171875,0.00029888260178267956,23.971908569335938,0.004006906878203154,0.138119637966156,17.249237060546875,0.018839798867702484,0.3134169578552246,16.63381004333496,0.021707963198423386,0.3634747862815857,22.606563568115234,0.005487109534442425,0.14926224946975708,30.67816925048828,0.0008554274099878967,22.076311111450195,0.006199676543474197,0.1699233204126358,16.802907943725586,0.020878974348306656,0.33184757828712463,16.198978424072266,0.023993974551558495,0.38192009925842285,25.750349044799805,0.0026605119928717613,0.06689479947090149,31.659400939941406,0.0006824327283538878,25.279998779296875,0.0029648321215063334,0.07835884392261505
16992,193,16,2540,-1,3,24.613414764404297,0.17522455751895905,21.813461303710938,0.20314227044582367,24.287391662597656,21.937589645385742,0.21325057744979858,20.096271514892578,23.002397537231445,0.11957608908414841,18.07089614868164,18.1323299407959,20.71216583251953,0.21612702310085297,100.0,0.39587637782096863,0.5131457448005676,2540,2572,0.45034897327423096,0,0,0.0034566749818623066,0.003726155264303088,24.665817260742188,0.0034152166917920113,0.19624632596969604,0.006586488336324692,0.23241329193115234,21.40810775756836,0.0072308494709432125,0.2618071436882019,0.006400899030268192,0.015592309646308422,23.021751403808594,0.004986835177987814,0.2294391244649887,0.009780767373740673,0.26085028052330017,20.47467803955078,0.008964630775153637,0.2866787314414978,0.0050091068260371685,0.015373297967016697,24.666584014892578,0.0034146157559007406,0.12207495421171188,0.008487572893500328,0.0,20.090686798095703,0.009793353267014027,0.24850603938102722,26.34111213684082,0.0023221431765705347,0.14592024683952332,31.856826782226562,0.0006521046161651611,25.88536834716797,0.002579072257503867,0.1689663827419281,22.652700424194336,0.005429127253592014,0.20308716595172882,22.05335807800293,0.006232528481632471,0.23643192648887634,23.90366554260254,0.004070366267114878,0.1926150768995285,29.711721420288086,0.0010686316527426243,23.43693733215332,0.004532171878963709,0.22209586203098297,21.390209197998047,0.007260709535330534,0.22921136021614075,20.821109771728516,0.008277307264506817,0.26474857330322266,26.249792098999023,0.002371486509218812,0.08874733000993729,31.198251724243164,0.0007588831358589232,25.81768226623535,0.00261957966722548,0.10295862704515457
17118,193,16,2666,-1,1,20.805652618408203,0.22644779086112976,18.91236114501953,0.23928649723529816,24.884920120239258,19.120580673217773,0.24563570320606232,17.713150024414062,22.028907775878906,0.11041233688592911,17.908855438232422,18.221803665161133,17.933067321777344,0.17176714539527893,33.47898864746094,0.29496869444847107,0.8112267851829529,2666,2698,0.4589878022670746,0,0,0.008306818082928658,0.0032471914310008287,20.416643142700195,0.009085221216082573,0.25356242060661316,0.012845883145928383,0.19674240052700043,18.41378402709961,0.014408601447939873,0.2191811203956604,0.012244527228176594,0.01618506945669651,19.341110229492188,0.01163828931748867,0.2700282335281372,0.016931090503931046,0.21441376209259033,17.66287612915039,0.01712822914123535,0.23202219605445862,0.0062677147798240185,0.015059812925755978,23.08469009399414,0.0049150846898555756,0.10973770916461945,0.016095081344246864,0.0004488498088903725,17.327768325805664,0.018502194434404373,0.1993878036737442,21.517372131347656,0.007051197811961174,0.1975647658109665,32.94916915893555,0.0005070877377875149,20.9377384185791,0.008057983592152596,0.22893959283828735,19.323339462280273,0.011686005629599094,0.17165526747703552,18.726266860961914,0.013408291153609753,0.19816596806049347,19.982154846191406,0.010041176341474056,0.22002945840358734,29.0159969329834,0.001254296861588955,19.433616638183594,0.011393004097044468,0.2537139356136322,18.291370391845703,0.014820505864918232,0.19056977331638336,17.718027114868164,0.016912085935473442,0.22033914923667908,24.243223190307617,0.0037642447277903557,0.08098506927490234,30.602436065673828,0.0008704754873178899,23.75775909423828,0.00420944020152092,0.09277236461639404
17683,193,16,3263,-1,2,25.316545486450195,0.17633548378944397,22.96448516845703,0.22448639571666718,25.60804557800293,22.32853126525879,0.2214333415031433,20.883638381958008,23.270145416259766,0.11209258437156677,18.063642501831055,18.025558471679688,21.38835906982422,0.17836636304855347,100.0,0.3661130368709564,0.6131614446640015,3263,3295,0.4339296817779541,0,0,0.0029399872291833162,0.0027491312939673662,25.273387908935547,0.0029693495016545057,0.19851939380168915,0.0050530266016721725,0.19335806369781494,22.54718780517578,0.005562642589211464,0.2203415036201477,0.005849880166351795,0.015618374571204185,23.61806869506836,0.0043470351956784725,0.24588999152183533,0.008158988319337368,0.2128547579050064,21.538496017456055,0.0070169828832149506,0.22952482104301453,0.004709618631750345,0.01575593464076519,25.214069366455078,0.003010185668244958,0.11397756636142731,0.007263805251568556,0.0,20.76688003540039,0.008381313644349575,0.20591691136360168,27.21685028076172,0.0018980824388563633,0.1596243977546692,32.27692413330078,0.0005919811083003879,26.77983283996582,0.002099021105095744,0.18689565360546112,23.791461944580078,0.004176898393779993,0.17188772559165955,23.21502685546875,0.0047697690315544605,0.20026670396327972,24.44242286682129,0.0035954874474555254,0.19580519199371338,28.288597106933594,0.0014829966239631176,24.066600799560547,0.003920485731214285,0.23060184717178345,22.239944458007812,0.00597043102607131,0.18445435166358948,21.7493839263916,0.006684388034045696,0.2129553258419037,26.270906448364258,0.0023599856067448854,0.08399998396635056,28.98501968383789,0.0012632759753614664,25.971010208129883,0.0025287100579589605,0.09643974155187607
17904,193,16,3484,-1,3,23.862548828125,0.17358914017677307,20.077545166015625,0.20405340194702148,24.343664169311523,21.511781692504883,0.19410832226276398,18.86186981201172,23.40742301940918,0.0938405841588974,17.801231384277344,17.989160537719727,19.057899475097656,0.22058619558811188,100.0,0.40036144852638245,0.5096729397773743,3484,3516,0.43331584334373474,0,0,0.0041090864688158035,0.003678185399621725,23.793041229248047,0.004175378940999508,0.19362734258174896,0.00982302613556385,0.230326846241951,19.62030601501465,0.010913639329373837,0.25668856501579285,0.007060281932353973,0.016591163352131844,22.522781372070312,0.00559399276971817,0.2108871042728424,0.012996100820600986,0.24506737291812897,19.00189971923828,0.012583747506141663,0.2605871856212616,0.004563075955957174,0.015888545662164688,25.496437072753906,0.002820695983245969,0.0915733352303505,0.012422533705830574,0.0,18.436420440673828,0.0143336933106184,0.2477998435497284,24.985557556152344,0.0031728120520710945,0.15554797649383545,30.89516830444336,0.0008137353579513729,24.515188217163086,0.0035357470624148846,0.18317826092243195,20.468948364257812,0.00897646602243185,0.21090063452720642,19.873291015625,0.010296061635017395,0.2378392368555069,23.100448608398438,0.004897282924503088,0.1821422427892685,27.587055206298828,0.0017429881263524294,22.690113067626953,0.005382559262216091,0.2142268717288971,19.6397647857666,0.010864846408367157,0.22882279753684998,19.093122482299805,0.01232218649238348,0.25828978419303894,26.41714859008789,0.0022818411234766245,0.07553228735923767,28.595197677612305,0.00138191191945225,26.16132354736328,0.0024202915374189615,0.08673743158578873
17948,193,16,3528,-1,3,25.487089157104492,0.16708935797214508,23.205034255981445,0.20365487039089203,24.845809936523438,22.302953720092773,0.20943458378314972,21.033977508544922,23.348358154296875,0.1011403426527977,17.502613067626953,17.464645385742188,21.813127517700195,0.15567675232887268,100.0,0.38156062364578247,0.53374183177948,3528,3560,0.4648292660713196,0,0,0.0028267742600291967,0.003276566741988063,25.594728469848633,0.0027575755957514048,0.18728233873844147,0.004780757240951061,0.17979028820991516,22.932167053222656,0.005090769380331039,0.20025897026062012,0.0058844322338700294,0.017772093415260315,23.91948890686035,0.004055561497807503,0.2276628166437149,0.007881379686295986,0.19895760715007782,21.912214279174805,0.006438409443944693,0.21485768258571625,0.004625560250133276,0.017928147688508034,25.88547134399414,0.002579008461907506,0.10013560205698013,0.006586993113160133,0.0,21.191650390625,0.007600376848131418,0.17933720350265503,27.051082611083984,0.001971932128071785,0.14414867758750916,32.64604949951172,0.0005437447689473629,26.592281341552734,0.002191653475165367,0.168839693069458,24.033756256103516,0.0039502475410699844,0.15330323576927185,23.466693878173828,0.004501224961131811,0.1783292442560196,24.609352111816406,0.0034599110949784517,0.181179016828537,27.482959747314453,0.0017852705204859376,24.29743194580078,0.003717547981068492,0.20865997672080994,22.54802703857422,0.005561569705605507,0.16920830309391022,22.09470558166504,0.006173471454530954,0.19488799571990967,26.902263641357422,0.0020406749099493027,0.07723663747310638,28.115020751953125,0.0015434692613780499,26.742446899414062,0.0021171681582927704,0.08905331045389175
18237,193,16,3817,-1,0,17.540679931640625,0.26794978976249695,17.63524055480957,0.3398718237876892,22.682544708251953,16.489154815673828,0.30264556407928467,16.539566040039062,21.341398239135742,0.12705875933170319,17.58633804321289,17.906816482543945,16.600690841674805,0.2649226188659668,33.10432815551758,0.4608423411846161,0.737501323223114,3817,3849,0.46144798398017883,0,0,0.017617005854845047,0.005391945596784353,17.100147247314453,0.019497783854603767,0.29681968688964844,0.01723756268620491,0.27785688638687134,17.090614318847656,0.019540634006261826,0.31329381465911865,0.022443192079663277,0.017432766035199165,16.34249496459961,0.023214027285575867,0.32801249623298645,0.022184183821082115,0.2985774576663971,16.370407104492188,0.023065311834216118,0.3255925476551056,0.007342777214944363,0.016192670911550522,22.23207664489746,0.005981255788356066,0.12959732115268707,0.021874140948057175,0.0004892910365015268,15.992183685302734,0.02516411803662777,0.30241721868515015,17.83820343017578,0.01645052619278431,0.2354743331670761,28.7430419921875,0.0013356594135984778,17.263994216918945,0.01877589151263237,0.26699069142341614,18.089157104492188,0.01552688516676426,0.2553454041481018,17.4857120513916,0.0178413987159729,0.29274341464042664,16.888362884521484,0.02047216333448887,0.26153430342674255,26.53749656677246,0.002219476504251361,16.330120086669922,0.023280268535017967,0.29311367869377136,17.076717376708984,0.019603263586759567,0.2772308588027954,16.5058536529541,0.022357052192091942,0.31475648283958435,23.46021270751953,0.00450794817879796,0.09047701954841614,28.15340232849121,0.001529888017103076,23.03983497619629,0.00496611138805747,0.10141010582447052
18302,193,16,3882,-1,1,24.905927658081055,0.15675462782382965,21.084468841552734,0.19132903218269348,20.893333435058594,22.750831604003906,0.1945715695619583,19.981897354125977,25.301816940307617,0.06410465389490128,16.883432388305664,17.680057525634766,20.45090103149414,0.1813567727804184,22.01849365234375,0.36165305972099304,0.5290402770042419,3882,3914,0.43098577857017517,0,0,0.00323152425698936,0.00814079400151968,26.06205177307129,0.0024762519169598818,0.1779201775789261,0.0077902828343212605,0.19044166803359985,21.031925201416016,0.007885106839239597,0.2181541621685028,0.005307829473167658,0.020495420321822166,25.27056884765625,0.0029712768737226725,0.21318557858467102,0.010041771456599236,0.21005091071128845,20.752294540405273,0.008409508503973484,0.22860129177570343,0.0029499756637960672,0.017060590907931328,31.08400535583496,0.0007791112875565886,0.06055908650159836,0.009013842791318893,0.006282760761678219,20.253036499023438,0.009434008970856667,0.21168282628059387,25.509090423583984,0.002812490565702319,0.15106821060180664,22.25920867919922,0.005944004748016596,26.325101852416992,0.0023307185620069504,0.1744086593389511,21.206605911254883,0.00757424533367157,0.18171250820159912,21.002971649169922,0.007937847636640072,0.21378447115421295,24.557762145996094,0.0035012552980333567,0.1652766466140747,21.009048461914062,0.007926749996840954,25.49687957763672,0.002820410067215562,0.1886518895626068,20.80927085876465,0.008299901150166988,0.18588051199913025,20.723670959472656,0.00846511498093605,0.21722353994846344,31.116756439208984,0.0007732579833827913,0.03412153571844101,27.052743911743164,0.0019711777567863464,32.29912185668945,0.0005889626918360591,0.0378110408782959
18426,193,16,4006,-1,1,22.158411026000977,0.18564262986183167,21.41728401184082,0.2548622190952301,25.748884201049805,20.467967987060547,0.23116397857666016,20.044185638427734,22.717998504638672,0.11209486424922943,17.80229377746582,17.840452194213867,20.758766174316406,0.11842464655637741,100.0,0.3741602599620819,0.6811578869819641,4006,4038,0.44318556785583496,0,0,0.006083576008677483,0.0026614079251885414,21.797945022583008,0.006610063835978508,0.2204640805721283,0.007215586956590414,0.14201168715953827,20.96327018737793,0.008010746911168098,0.16866065561771393,0.008978491649031639,0.01658710464835167,21.074636459350586,0.007807936053723097,0.25814682245254517,0.009898778051137924,0.1707369089126587,20.513442993164062,0.008884965442121029,0.189777210354805,0.005348107777535915,0.016442006453871727,24.387371063232422,0.003641354152932763,0.11831384897232056,0.008396987803280354,0.0,20.137287139892578,0.009688831865787506,0.14132697880268097,23.772506713867188,0.004195168614387512,0.15113458037376404,33.39093780517578,0.00045804292312823236,23.21471405029297,0.004770110826939344,0.18190614879131317,22.820520401000977,0.005223334766924381,0.11633719503879547,22.21904945373535,0.005999225191771984,0.14079400897026062,22.110103607177734,0.006151620764285326,0.19040241837501526,27.86974334716797,0.0016331477090716362,21.645143508911133,0.006846770644187927,0.22387874126434326,21.489221572875977,0.007097047287970781,0.14613811671733856,20.977764129638672,0.007984058000147343,0.17490164935588837,25.502805709838867,0.002816561609506607,0.08021374046802521,28.30096435546875,0.0014787802938371897,25.196517944335938,0.003022374352440238,0.09351345151662827
18482,193,16,4062,-1,1,21.664140701293945,0.2260522097349167,19.970535278320312,0.32448235154151917,23.816631317138672,20.039384841918945,0.2724512815475464,18.754119873046875,22.901805877685547,0.09437409788370132,17.473548889160156,17.57573890686035,19.299257278442383,0.2518593668937683,100.0,0.4413166046142578,0.7352597713470459,4062,4094,0.4842395484447479,0,0,0.006816884968429804,0.004152761306613684,21.41057014465332,0.007226749788969755,0.2595268189907074,0.010068075731396675,0.2416975349187851,19.479639053344727,0.011272912845015526,0.2807043790817261,0.00990972574800253,0.017891431227326393,20.61391830444336,0.008681769482791424,0.3041420876979828,0.013322574086487293,0.2728719413280487,18.974441528320312,0.01266355998814106,0.30702048540115356,0.005126481410115957,0.01747536100447178,24.912479400634766,0.003226653439924121,0.09826109558343887,0.01175098679959774,0.0,18.677778244018555,0.013558831065893173,0.2975137233734131,23.04278564453125,0.004962739534676075,0.2117214798927307,31.975852966308594,0.0006344750872813165,22.495975494384766,0.005628626327961683,0.24590125679969788,20.90041160583496,0.00812753476202488,0.2263968586921692,20.292285919189453,0.00934913381934166,0.26739054918289185,21.340133666992188,0.007344912737607956,0.24695658683776855,24.828126907348633,0.003289934480562806,20.98609733581543,0.007968754507601261,0.2794221043586731,19.783193588256836,0.010511888191103935,0.25650304555892944,19.322296142578125,0.011688817292451859,0.2989780902862549,25.348411560058594,0.002918495563790202,0.08331902325153351,25.25518798828125,0.002981817815452814,25.362932205200195,0.0029087539296597242,0.09450966119766235
18556,193,16,4136,-1,3,20.671205520629883,0.29734453558921814,17.4639835357666,0.2697748839855194,23.95303726196289,19.37488555908203,0.32819703221321106,16.67226219177246,23.32062530517578,0.07622765004634857,17.743669509887695,17.911521911621094,16.98468589782715,0.33674001693725586,100.0,0.4578102231025696,0.5892723202705383,4136,4168,0.4345764219760895,0,0,0.008568002842366695,0.004024356137961149,20.330598831176758,0.009267025627195835,0.34293922781944275,0.017930885776877403,0.35482800006866455,16.883037567138672,0.020497286692261696,0.4197571277618408,0.011548123322427273,0.016812531277537346,19.69068145751953,0.01073821447789669,0.3706573247909546,0.02151660993695259,0.36582568287849426,16.54273796081543,0.02216799184679985,0.4199866056442261,0.00465518981218338,0.01617513783276081,25.401718139648438,0.0028828904032707214,0.06997857987880707,0.020023105666041374,0.0,16.363204956054688,0.023103585466742516,0.4030068814754486,21.22252655029297,0.00754653150215745,0.2827533483505249,31.99846076965332,0.0006311811739578843,20.649749755859375,0.008610432036221027,0.33500954508781433,17.670589447021484,0.0170978344976902,0.3401239514350891,17.053390502929688,0.019708840176463127,0.4089505076408386,20.382713317871094,0.009156481362879276,0.30070024728775024,27.45145034790039,0.0017982706194743514,19.87647247314453,0.010288515128195286,0.3528052866458893,17.245882034301758,0.01885436475276947,0.34645187854766846,16.66705894470215,0.021542396396398544,0.4129084646701813,26.51840591430664,0.002229253528639674,0.052213385701179504,28.550996780395508,0.0013960478827357292,26.275596618652344,0.0023574389051645994,0.05839085578918457
18875,193,16,4487,-1,1,24.117204666137695,0.15005935728549957,20.991506576538086,0.2112039178609848,24.892730712890625,22.085466384887695,0.18993520736694336,19.887678146362305,23.933696746826172,0.09128455817699432,18.144243240356445,18.227460861206055,20.645519256591797,0.2519690692424774,100.0,0.40365925431251526,0.5232232809066772,4487,4519,0.4610099494457245,0,0,0.0038750702515244484,0.003241357859224081,24.009292602539062,0.003972564358264208,0.1683402955532074,0.007958835922181606,0.2649839520454407,20.564538955688477,0.008781046606600285,0.3067190945148468,0.006186621263623238,0.015331180766224861,23.2059326171875,0.00477976631373167,0.2115917205810547,0.01026200596243143,0.2829602062702179,20.2315731048584,0.009480753913521767,0.3226117193698883,0.004042316693812609,0.015040205791592598,26.28870391845703,0.0023503340780735016,0.09265733510255814,0.008618826977908611,0.0,20.02404022216797,0.009944800287485123,0.29881757497787476,25.598068237304688,0.002755454508587718,0.13494561612606049,34.457801818847656,0.0003582776989787817,25.052539825439453,0.003124251263216138,0.15748171508312225,21.721664428710938,0.006727189291268587,0.2437056303024292,21.121929168701172,0.007723373360931873,0.2894783020019531,24.172239303588867,0.003826274536550045,0.1550588458776474,31.31708335876465,0.0007384002674371004,23.663970947265625,0.004301332402974367,0.1804218590259552,21.055477142333984,0.007842461578547955,0.25713396072387695,20.481597900390625,0.008950356394052505,0.3055548667907715,28.174734115600586,0.0015223927330225706,0.056121911853551865,31.96908187866211,0.0006354651413857937,27.80194854736328,0.001658843131735921,0.06651415675878525
19047,193,16,4659,-1,1,26.56584930419922,0.14370152354240417,23.73857879638672,0.17162802815437317,25.555564880371094,22.889108657836914,0.18674792349338531,21.4304256439209,23.463844299316406,0.10711806267499924,18.049068450927734,18.07040786743164,22.057376861572266,0.1142452210187912,100.0,0.34510350227355957,0.49732333421707153,4659,4691,0.4253790080547333,0,0,0.002205032855272293,0.0027825539000332355,26.744468688964844,0.0021161832846701145,0.15921983122825623,0.004228067584335804,0.12569260597229004,23.453847885131836,0.004514559172093868,0.13948513567447662,0.005141491070389748,0.01567087322473526,24.53261947631836,0.0035215865354985,0.2027721256017685,0.00719378562644124,0.15787509083747864,22.28172492980957,0.0059132687747478485,0.16721457242965698,0.004504176788032055,0.015594065189361572,25.531461715698242,0.0027980401646345854,0.10728532075881958,0.006226764526218176,0.0,21.435897827148438,0.007184728980064392,0.12937016785144806,29.06389045715332,0.0012405406450852752,0.12062256038188934,34.35315704345703,0.0003670151927508414,28.617198944091797,0.0013749290956184268,0.14001253247261047,24.792917251586914,0.0033167169895023108,0.106171153485775,24.23128318786621,0.00377460615709424,0.1228407472372055,25.422405242919922,0.002869191812351346,0.16599105298519135,30.25954818725586,0.0009419879061169922,24.995325088500977,0.0031656846404075623,0.1916237324476242,23.04119110107422,0.00496456166729331,0.13450345396995544,22.518611907958984,0.005599369294941425,0.15369486808776855,26.7205810546875,0.0021278546191751957,0.07608373463153839,30.860431671142578,0.0008202703320421278,26.32826805114746,0.0023290212266147137,0.08752602338790894
19281,193,16,4893,-1,3,25.00092315673828,0.15153592824935913,22.48917007446289,0.2004781812429428,26.289644241333008,21.98307228088379,0.21078723669052124,20.63831329345703,22.986190795898438,0.10579147934913635,17.428241729736328,17.651931762695312,21.599796295166016,0.19070445001125336,100.0,0.3762786388397217,0.532791793346405,4893,4925,0.45332252979278564,0,0,0.003161606378853321,0.002349824644625187,24.832670211791992,0.0032864955719560385,0.17003075778484344,0.005637452472001314,0.20317640900611877,22.176332473754883,0.006058522034436464,0.23392434418201447,0.006334214936941862,0.018079062923789024,23.441593170166016,0.004527314566075802,0.2280747890472412,0.008633139543235302,0.23733337223529816,21.33176612854004,0.007359080482274294,0.26151877641677856,0.005027836188673973,0.017171448096632957,25.00369644165039,0.003159588435664773,0.1066087856888771,0.00691863801330328,0.0,20.978317260742188,0.007983043789863586,0.22341641783714294,27.042926788330078,0.0019756383262574673,0.13210278749465942,34.54758834838867,0.0003509468515403569,26.52554702758789,0.0022255906369537115,0.15439903736114502,23.594749450683594,0.004370439797639847,0.18999125063419342,23.00746726989746,0.005003263242542744,0.2274409681558609,24.360958099365234,0.003663570387288928,0.16626398265361786,27.524003982543945,0.001768477843143046,24.028398513793945,0.0039551230147480965,0.19273684918880463,22.1688232421875,0.006069008726626635,0.2090381383895874,21.69742774963379,0.006764833815395832,0.24478544294834137,26.2186336517334,0.0023885637056082487,0.06778528541326523,28.2150821685791,0.001508314860984683,25.979129791259766,0.0025239866226911545,0.08021625876426697
19374,206,16,5,-1,1,22.652286529541016,0.23372399806976318,20.364749908447266,0.23777909576892853,25.10397720336914,20.764352798461914,0.29389914870262146,19.121170043945312,22.45866584777832,0.12456375360488892,17.99653434753418,17.8525333404541,19.51573944091797,0.25187909603118896,100.0,0.44199249148368835,0.5379709005355835,5,37,0.46832215785980225,0,0,0.005429643206298351,0.003087467746809125,22.373233795166016,0.005789977498352528,0.28165721893310547,0.009194435551762581,0.24830035865306854,19.889009475708008,0.010258860886096954,0.2936413586139679,0.008386189118027687,0.01586158573627472,21.404937744140625,0.007236127741634846,0.3409433960914612,0.012242866680026054,0.28532883524894714,19.332517623901367,0.01166133675724268,0.3228275775909424,0.005677192937582731,0.016396332532167435,23.949005126953125,0.004028094932436943,0.13013124465942383,0.011179598979651928,0.0,18.89426040649414,0.012899535708129406,0.2973423898220062,24.42351531982422,0.0036111753433942795,0.22986140847206116,34.95342254638672,0.0003196376783307642,23.853595733642578,0.00411756569519639,0.2806271016597748,21.559457778930664,0.006983194965869188,0.23489393293857574,20.95256996154785,0.00803050771355629,0.2816351056098938,22.408401489257812,0.005743278190493584,0.27151402831077576,31.486309051513672,0.0007101813098415732,21.85912322998047,0.006517599802464247,0.32931286096572876,20.355525970458984,0.009213986806571484,0.2546076774597168,19.771259307861328,0.010540812276303768,0.3014815151691437,25.41159439086914,0.0028763427399098873,0.091681107878685,32.10526657104492,0.0006158477044664323,24.915903091430664,0.0032241109292954206,0.11011525988578796
19425,206,16,56,-1,0,19.99761962890625,0.32513371109962463,19.940841674804688,0.2838378846645355,23.756244659423828,18.79233169555664,0.36398547887802124,18.67828369140625,23.306472778320312,0.08528545498847961,17.911788940429688,18.083892822265625,18.780839920043945,0.1763528436422348,100.0,0.31486740708351135,0.9014521241188049,56,88,0.4408028721809387,0,0,0.010005485266447067,0.0042109061032533646,19.62694549560547,0.010896959342062473,0.392219215631485,0.010137147270143032,0.18809835612773895,19.440139770507812,0.011375905945897102,0.22485223412513733,0.013205869123339653,0.01617414318025112,18.945165634155273,0.01274921279400587,0.42460954189300537,0.01355725433677435,0.20491929352283478,18.76836395263672,0.013278950937092304,0.23301583528518677,0.00467038806527853,0.015545720234513283,25.232755661010742,0.002997260307893157,0.08370565623044968,0.013240857981145382,0.0,18.159360885620117,0.01527791190892458,0.2126765251159668,20.066085815429688,0.00984898954629898,0.2944975197315216,33.72378158569336,0.0004242500872351229,19.469619750976562,0.01129894983023405,0.36016398668289185,20.028621673583984,0.009934314526617527,0.1734461933374405,19.41946792602539,0.011430188082158566,0.2099691927433014,19.404996871948242,0.011468334123492241,0.3187119662761688,30.6162109375,0.0008677185396663845,18.827552795410156,0.013099197298288345,0.38749581575393677,19.375070571899414,0.011547633446753025,0.17881357669830322,18.78563690185547,0.013226242735981941,0.21728509664535522,26.97649383544922,0.0020060904789716005,0.05348671227693558,31.478199005126953,0.0007115085027180612,26.56540870666504,0.0022052570711821318,0.06271161139011383
19518,206,16,149,-1,1,22.829479217529297,0.20367160439491272,19.31962776184082,0.20399248600006104,25.88396453857422,20.840932846069336,0.2525518834590912,18.28807830810547,22.972639083862305,0.1014750599861145,18.03773307800293,18.01078224182129,18.502214431762695,0.2038453370332718,100.0,0.3143859803676605,0.648859977722168,149,181,0.4013441503047943,0,0,0.005212572868913412,0.0025799041613936424,22.504493713378906,0.005617599003016949,0.24301038682460785,0.011695998720824718,0.2177320122718811,18.82499122619629,0.013106931000947952,0.2565615773200989,0.00823961291462183,0.0157118309289217,21.493513107299805,0.007090040482580662,0.29025956988334656,0.014831739477813244,0.2402346134185791,18.297109603881836,0.014800931327044964,0.26833483576774597,0.00504355039447546,0.01580963283777237,24.701553344726562,0.0033872302155941725,0.10407137870788574,0.01411818154156208,0.0,17.880735397338867,0.01629020832479,0.24357916414737701,23.9975528717041,0.0039833164773881435,0.17632579803466797,36.408023834228516,0.00022866397921461612,23.409442901611328,0.004560955334454775,0.2154178023338318,19.93679428100586,0.010146601125597954,0.20190151035785675,19.322113037109375,0.011689302511513233,0.2427467405796051,22.60328483581543,0.005491253454238176,0.20363634824752808,32.033470153808594,0.0006261135567910969,22.048337936401367,0.006239737384021282,0.2459316998720169,19.217247009277344,0.011974995024502277,0.21245789527893066,18.622161865234375,0.01373358629643917,0.2546195685863495,26.748523712158203,0.0021142074838280678,0.06271746009588242,32.78147888183594,0.0005270503461360931,26.27385139465332,0.0023583853617310524,0.07531115412712097
19643,206,16,274,-1,2,22.591753005981445,0.15414798259735107,20.073068618774414,0.15289559960365295,27.639057159423828,20.304033279418945,0.20866066217422485,18.65341567993164,21.795780181884766,0.1162840873003006,18.125564575195312,18.17682647705078,18.936172485351562,0.11706140637397766,100.0,0.25498321652412415,0.5996300578117371,274,306,0.3647621273994446,0,0,0.005505853332579136,0.0017222425667569041,22.155292510986328,0.00608794717118144,0.18663948774337769,0.00983316358178854,0.13933208584785461,19.584922790527344,0.011002919636666775,0.1612941324710846,0.009323877282440662,0.015397261828184128,20.76263427734375,0.008389510214328766,0.2345242202281952,0.013635101728141308,0.17730411887168884,18.75249671936035,0.013327546417713165,0.18288664519786835,0.006613356526941061,0.015216590836644173,22.765621185302734,0.005289782304316759,0.12137964367866516,0.012775643728673458,0.0,18.314693450927734,0.014741127379238605,0.13546313345432281,24.69001579284668,0.003396240994334221,0.13959121704101562,37.079715728759766,0.00019589725707191974,24.102066040039062,0.0038886016700416803,0.16866718232631683,21.102693557739258,0.007757659535855055,0.11381008476018906,20.49262809753418,0.008927654474973679,0.13331039249897003,22.236988067626953,0.0059744929894804955,0.17629943788051605,31.28414535522461,0.000744021323043853,21.688228607177734,0.0067791808396577835,0.21068352460861206,19.80551528930664,0.01045799721032381,0.1364702731370926,19.220951080322266,0.011964785866439342,0.15597505867481232,24.517824172973633,0.0035336012952029705,0.08480716496706009,31.829917907714844,0.0006561578484252095,24.005224227905273,0.003976284991949797,0.10246362537145615
19766,206,16,397,-1,1,23.07390594482422,0.17332148551940918,22.60310935974121,0.15701816976070404,26.609024047851562,20.67667007446289,0.22262141108512878,20.296812057495117,22.107105255126953,0.12563687562942505,18.14541244506836,18.231595993041992,21.833040237426758,0.07276074588298798,36.46255874633789,0.16270196437835693,0.9650661945343018,397,429,0.4511365294456482,0,0,0.004927304573357105,0.0021832212805747986,22.71689224243164,0.0053494712337851524,0.20126491785049438,0.005491478368639946,0.09566595405340195,22.14248275756836,0.00610593194141984,0.11033119261264801,0.00855722650885582,0.015327051281929016,21.24029541015625,0.007515714969485998,0.24631339311599731,0.009339399635791779,0.15907292068004608,20.763782501220703,0.008387289941310883,0.1687837839126587,0.006155869923532009,0.01502589974552393,23.195512771606445,0.0047912499867379665,0.1292910873889923,0.006556862033903599,0.00022581062512472272,21.231548309326172,0.0075308699160814285,0.08590677380561829,24.974220275878906,0.0031811054795980453,0.14899398386478424,36.453365325927734,0.00022628910664934665,24.394128799438477,0.003635693108662963,0.1765085756778717,24.37552261352539,0.0036513027735054493,0.0738338828086853,23.787431716918945,0.004180774558335543,0.08751389384269714,22.70090103149414,0.005369205493479967,0.17981238663196564,31.104421615600586,0.0007754574762657285,22.163867950439453,0.006075936369597912,0.21158508956432343,22.264387130737305,0.005936922039836645,0.10715177655220032,21.717784881591797,0.006733204238116741,0.12664927542209625,25.313480377197266,0.0029420629143714905,0.075075663626194,31.738950729370117,0.0006700462545268238,24.825925827026367,0.0032916036434471607,0.08942287415266037
19921,206,16,552,-1,0,21.083288192749023,0.2417670339345932,17.92955207824707,0.24543456733226776,24.823287963867188,19.57089614868164,0.28784123063087463,17.158416748046875,22.224624633789062,0.11842238157987595,17.858396530151367,18.203889846801758,17.411243438720703,0.3174329996109009,100.0,0.44819846749305725,0.5476024150848389,552,584,0.4535742998123169,0,0,0.007792403921484947,0.003293602028861642,20.713726043701172,0.008484527468681335,0.28289252519607544,0.016108116135001183,0.3467901051044464,17.373327255249023,0.018309112638235092,0.40860873460769653,0.01103851106017828,0.016374213621020317,19.906497955322266,0.010217634961009026,0.3248509168624878,0.019237931817770004,0.3556739091873169,17.017698287963867,0.019871480762958527,0.40121832489967346,0.0059915268793702126,0.015122062526643276,23.38487434387207,0.0045868284069001675,0.12282729148864746,0.01814996264874935,0.0,16.789764404296875,0.020942263305187225,0.37144747376441956,22.383535385131836,0.005776258185505867,0.21801036596298218,32.985565185546875,0.0005028558080084622,21.812761306762695,0.006587550975382328,0.2596704661846161,18.579402923583984,0.013869461603462696,0.3215898275375366,17.96413230895996,0.015980372205376625,0.38260775804519653,21.06949234008789,0.007817191071808338,0.24630790948867798,30.188655853271484,0.0009574904106557369,20.5195255279541,0.008872528560459614,0.290897935628891,17.93827247619629,0.016075806692242622,0.3306185007095337,17.344268798828125,0.018432030454277992,0.3904821276664734,25.16777801513672,0.003042441327124834,0.07881578058004379,30.8566837310791,0.0008209781371988356,24.705432891845703,0.0033842050470411777,0.09253129363059998
20163,206,16,826,-1,2,23.687211990356445,0.19111327826976776,21.698745727539062,0.23275437951087952,23.035213470458984,21.333581924438477,0.2179645597934723,20.048582077026367,22.830821990966797,0.10606200993061066,17.2811336517334,17.710269927978516,20.47048568725586,0.22438295185565948,25.312898635864258,0.37336787581443787,0.6233915686607361,826,858,0.45090287923812866,0,0,0.004278373904526234,0.00497139897197485,23.79681396484375,0.004171754699200392,0.219909206032753,0.0067627811804413795,0.24119426310062408,21.436965942382812,0.007182961329817772,0.2720160484313965,0.007356004323810339,0.018701942637562752,22.5100040435791,0.005610475316643715,0.23942109942436218,0.009888755157589912,0.2581639289855957,20.635107040405273,0.008639519102871418,0.28146353363990784,0.005210962612181902,0.016942322254180908,24.67737579345703,0.0034061376936733723,0.10600070655345917,0.008973287418484688,0.0029424582608044147,20.043163299560547,0.009901106357574463,0.25610485672950745,25.023462295532227,0.0031452407129108906,0.16071811318397522,25.133899688720703,0.003066266654059291,25.006717681884766,0.003157390747219324,0.1885196566581726,22.422761917114258,0.005724320653825998,0.21339066326618195,22.11235809326172,0.006148430984467268,0.24752354621887207,22.970945358276367,0.005045514553785324,0.18683797121047974,23.89038848876953,0.004082829691469669,22.845298767089844,0.005193620454519987,0.21491235494613647,21.145097732543945,0.007682280149310827,0.2319716215133667,20.833799362182617,0.008253154344856739,0.2667941153049469,25.77672004699707,0.002644405933097005,0.08000214397907257,28.642141342163086,0.0013670548796653748,25.465408325195312,0.0028409219812601805,0.09150053560733795
20307,206,16,970,-1,2,25.481138229370117,0.21957328915596008,22.24580955505371,0.21254085004329681,25.56372833251953,22.126468658447266,0.2734259366989136,20.347610473632812,23.047523498535156,0.12223048508167267,17.36202621459961,17.42647933959961,21.12529945373535,0.25506317615509033,35.63117980957031,0.4074423015117645,0.5216464996337891,970,1002,0.4290297031402588,0,0,0.0028306511230766773,0.002777328249067068,25.468568801879883,0.0028388549108058214,0.2576114535331726,0.005962373688817024,0.2511047422885895,21.883563995361328,0.006481025367975235,0.2945300340652466,0.006128485314548016,0.018356820568442345,23.718971252441406,0.004247202072292566,0.30847176909446716,0.009230791591107845,0.2867954969406128,21.07691764831543,0.007803838234394789,0.32469236850738525,0.004957329481840134,0.018086399883031845,25.320262908935547,0.002937472192570567,0.1259607970714569,0.007717384025454521,0.0002734525769483298,20.52438735961914,0.008862604387104511,0.30316799879074097,27.358484268188477,0.0018371791811659932,0.19128745794296265,34.14089584350586,0.0003853989765048027,26.860210418701172,0.00206052977591753,0.22922229766845703,23.057266235351562,0.004946223460137844,0.23545095324516296,22.47576141357422,0.005654886830598116,0.2810050845146179,24.58664321899414,0.0034780490677803755,0.2241688370704651,28.78081512451172,0.0013240933185443282,24.19140625,0.0038094264455139637,0.2658781409263611,21.7784481048584,0.006639803294092417,0.26197656989097595,21.263063430786133,0.007476420607417822,0.3095170855522156,26.562040328979492,0.0022069679107517004,0.08083464950323105,29.103042602539062,0.0012294076150283217,26.275737762451172,0.00235736183822155,0.09388596564531326
20378,206,16,1041,-1,1,24.17401123046875,0.19386106729507446,21.586591720581055,0.22853627800941467,25.845230102539062,21.468338012695312,0.24220570921897888,19.84415054321289,22.796133041381836,0.10773637890815735,17.688329696655273,17.735851287841797,20.382173538208008,0.29583361744880676,100.0,0.415645569562912,0.5498344898223877,1041,1073,0.48651760816574097,0,0,0.0038247157353907824,0.002603018656373024,23.965665817260742,0.0040126689709723,0.22288234531879425,0.006939702667295933,0.3102680742740631,21.12198829650879,0.00772327184677124,0.3598446846008301,0.007131259888410568,0.017028136178851128,22.51140785217285,0.0056086634285748005,0.2664848566055298,0.010365374386310577,0.32776057720184326,20.26034927368164,0.009418142959475517,0.3706568777561188,0.0052527496591210365,0.01684282347559929,24.597129821777344,0.003469661111012101,0.1100211814045906,0.00915762223303318,0.0,19.76069450378418,0.010566486977040768,0.3479215204715729,25.555810928344727,0.0027823958080261946,0.17523975670337677,34.60178756713867,0.0003465941990725696,25.007068634033203,0.003157134633511305,0.20434686541557312,22.30083656311035,0.005887303967028856,0.2872549295425415,21.69658851623535,0.006766143254935741,0.3383481204509735,23.3411865234375,0.0046332040801644325,0.20816433429718018,28.867815017700195,0.0012978323502466083,22.88501739501953,0.005146338604390621,0.24033299088478088,21.047677993774414,0.007856558077037334,0.3066999316215515,20.511211395263672,0.00888952985405922,0.36103782057762146,25.770986557006836,0.002647899556905031,0.07391154021024704,29.2887020111084,0.0011779582127928734,25.41506576538086,0.0028740447014570236,0.08541565388441086
20402,206,16,1065,-1,1,5.5486626625061035,0.524698793888092,4.254574298858643,0.9803224802017212,21.5221004486084,5.472869396209717,0.5152790546417236,4.187872886657715,21.67514991760254,0.11426926404237747,17.571884155273438,17.78498077392578,4.177873134613037,0.5894052982330322,35.191654205322266,1.2201684713363647,0.803432047367096,1065,1097,0.4521174132823944,0,0,0.2786979377269745,0.007043526507914066,4.941842555999756,0.32049092650413513,0.5898573398590088,0.3754417300224304,0.6205233931541443,3.6419429779052734,0.43232035636901855,0.6938793659210205,0.2836045026779175,0.017490874975919724,4.8872504234313965,0.3245450556278229,0.5729192495346069,0.3812525272369385,0.6001001596450806,3.592914581298828,0.43722856044769287,0.665358304977417,0.006799627561122179,0.016653358936309814,22.77064323425293,0.00528366956859827,0.1180344969034195,0.3821313679218292,0.00030257596517913043,3.5568525791168213,0.44087424874305725,0.6588248014450073,5.465159893035889,0.28410834074020386,0.5047557353973389,27.4675350189209,0.001791622955352068,4.847333908081055,0.327541708946228,0.5741718411445618,4.289881706237793,0.3724018633365631,0.6037743091583252,3.6699538230895996,0.4295409619808197,0.680320680141449,5.367293357849121,0.2905833423137665,0.4950457215309143,26.236621856689453,0.0023786902893334627,4.750556468963623,0.33492252230644226,0.5607613921165466,4.208834648132324,0.3794167637825012,0.5898220539093018,3.589574098587036,0.43756499886512756,0.6624857187271118,23.57593536376953,0.004389413166791201,0.08787617087364197,27.418975830078125,0.0018117674626410007,23.200298309326172,0.00478597404435277,0.10107846558094025
20612,206,16,1275,-1,3,25.342384338378906,0.19551922380924225,23.082935333251953,0.20484720170497894,24.942428588867188,22.18337631225586,0.23326003551483154,20.90733528137207,22.97947120666504,0.11957351863384247,17.535226821899414,17.455638885498047,21.647846221923828,0.19920675456523895,100.0,0.34646132588386536,0.5912556052207947,1275,1307,0.4227496087551117,0,0,0.0029225475154817104,0.0032044772524386644,25.407323837280273,0.002879173494875431,0.22751645743846893,0.004917072132229805,0.22682709991931915,22.813560485839844,0.0052317120134830475,0.25285178422927856,0.006048707757145166,0.01763913407921791,23.70023536682129,0.004265565425157547,0.2616773545742035,0.00811458844691515,0.2469782829284668,21.78400421142578,0.006631313357502222,0.2701835334300995,0.005035618785768747,0.01796536147594452,25.162090301513672,0.003046427620574832,0.1197914406657219,0.00684250658378005,0.0,21.0263671875,0.007895199581980705,0.22795814275741577,27.275131225585938,0.00187278154771775,0.16648870706558228,31.197288513183594,0.0007590515306219459,26.894927978515625,0.0020441245287656784,0.19700926542282104,24.191951751708984,0.003808947280049324,0.19085539877414703,23.61398696899414,0.0043511237017810345,0.2177133560180664,24.496349334716797,0.0035511176101863384,0.20694467425346375,27.501083374023438,0.0017778368201106787,24.17490005493164,0.003823930397629738,0.24335792660713196,22.556684494018555,0.005550494883209467,0.21098829805850983,22.077409744262695,0.006198108196258545,0.24273112416267395,26.335342407226562,0.0023252302780747414,0.08841252326965332,28.47855567932129,0.0014195296680554748,26.082590103149414,0.0024645691737532616,0.10113150626420975
20692,206,16,1355,-1,3,19.517175674438477,0.2298918217420578,18.068435668945312,0.29464641213417053,24.603382110595703,18.305395126342773,0.2668858766555786,17.191274642944336,22.97021484375,0.11046041548252106,17.64168357849121,17.67160987854004,17.24540901184082,0.280103474855423,100.0,0.44043633341789246,0.668987512588501,1355,1387,0.43277740478515625,0,0,0.011175897903740406,0.0034646703861653805,19.07902717590332,0.012362240813672543,0.26278674602508545,0.015601146034896374,0.29891568422317505,17.553287506103516,0.017565935850143433,0.3416379690170288,0.014772720634937286,0.01721201464533806,18.417146682739258,0.014397445134818554,0.29197633266448975,0.019092924892902374,0.3127897381782532,17.12073516845703,0.019405575469136238,0.3438597619533539,0.005046367645263672,0.01709381490945816,24.958126068115234,0.0031929146498441696,0.11161643266677856,0.018856417387723923,0.0,16.62392807006836,0.02175740711390972,0.32074832916259766,19.88294219970703,0.010273202322423458,0.21312764286994934,31.75971031188965,0.0006668511778116226,19.299213409423828,0.011751102283596992,0.24903906881809235,18.402080535888672,0.014447472989559174,0.27880871295928955,17.79667854309082,0.01660856604576111,0.32279759645462036,19.134532928466797,0.01220525149255991,0.24990731477737427,27.658884048461914,0.0017143979202955961,18.595163345336914,0.013819228857755661,0.28807854652404785,17.86993980407715,0.016330748796463013,0.28870728611946106,17.299978256225586,0.018620964139699936,0.3311675786972046,26.00965118408203,0.0025063115172088146,0.08287487924098969,28.25080108642578,0.001495960052125156,25.748329162597656,0.0026617504190653563,0.09525325149297714
20805,206,16,1468,-1,0,26.100223541259766,0.1411113142967224,23.288211822509766,0.19705361127853394,26.019697189331055,22.58304786682129,0.17801345884799957,21.088830947875977,23.482250213623047,0.1045997217297554,17.523794174194336,17.530330657958984,22.01244354248047,0.17100326716899872,100.0,0.35597655177116394,0.553557813167572,1468,1500,0.43590691685676575,0,0,0.00245458260178566,0.0025005198549479246,26.112747192382812,0.0024475152604281902,0.16000214219093323,0.004690064582973719,0.18223395943641663,22.9796199798584,0.005035448353737593,0.2069144994020462,0.005516902077943087,0.017685629427433014,24.38327407836914,0.0036447911988943815,0.19457221031188965,0.007782462053000927,0.20559749007225037,22.037458419799805,0.006255388259887695,0.22720719873905182,0.004485129378736019,0.017659034579992294,26.093521118164062,0.0024583747144788504,0.10716558992862701,0.006291519850492477,0.0,21.39096450805664,0.007259446196258068,0.19991838932037354,28.06419563293457,0.001561637851409614,0.11628181487321854,34.01049041748047,0.00039714688318781555,27.5925350189209,0.0017407904379069805,0.13916635513305664,24.108089447021484,0.0038832093123346567,0.1565624475479126,23.534290313720703,0.004431706853210926,0.18437257409095764,25.20108413696289,0.0030191983096301556,0.15607158839702606,27.50675392150879,0.0017755166627466679,24.934226989746094,0.00321053434163332,0.1838497519493103,22.654897689819336,0.005426380317658186,0.18320874869823456,22.22115707397461,0.005996312014758587,0.21444332599639893,27.07472801208496,0.0019612242467701435,0.07635259628295898,27.582836151123047,0.0017446831334382296,27.001575469970703,0.0019945381209254265,0.08897845447063446
21079,206,16,1742,-1,2,24.957530975341797,0.1524042785167694,22.54576873779297,0.219464972615242,25.035322189331055,21.811979293823242,0.2102304846048355,20.363449096679688,22.726158142089844,0.13634571433067322,17.597457885742188,17.597854614257812,20.915842056274414,0.15138626098632812,100.0,0.39402762055397034,0.5569786429405212,1742,1774,0.43931451439857483,0,0,0.0031933544669300318,0.0031366634648293257,24.94568634033203,0.0032020758371800184,0.16528953611850739,0.005564459599554539,0.1605835109949112,22.180288314819336,0.006053010001778603,0.17490532994270325,0.006588737014681101,0.01738818921148777,23.073925018310547,0.004927282687276602,0.2264038771390915,0.00919718574732542,0.19721460342407227,21.006187438964844,0.007931974716484547,0.20687121152877808,0.005338067188858986,0.01738659292459488,24.578662872314453,0.0034844481851905584,0.13611151278018951,0.008098709397017956,0.0,20.294363021850586,0.009344665333628654,0.1710023730993271,26.8001651763916,0.002089217770844698,0.12915952503681183,32.68670654296875,0.0005386780248954892,26.330615997314453,0.002327762311324477,0.1424293965101242,23.54517364501953,0.004420614335685968,0.13458265364170074,22.968538284301758,0.005048312246799469,0.15056265890598297,23.705589294433594,0.004260308109223843,0.19303011894226074,26.678102493286133,0.002148769563063979,23.386455535888672,0.004585160408169031,0.21866677701473236,21.73447036743164,0.006707380060106516,0.17722854018211365,21.275188446044922,0.007455573417246342,0.20168183743953705,25.472454071044922,0.002836315194144845,0.10021227598190308,27.225875854492188,0.001894141547381878,25.25599479675293,0.002981264842674136,0.1122506856918335
21090,206,16,1753,-1,1,25.448558807373047,0.16417406499385834,23.65233612060547,0.2007351964712143,24.487125396728516,22.258808135986328,0.1963033676147461,21.230998992919922,22.952587127685547,0.1263066828250885,17.621185302734375,17.476924896240234,21.946884155273438,0.15353909134864807,100.0,0.35599908232688904,0.5638643503189087,1753,1785,0.4412674307823181,0,0,0.002851964673027396,0.0035586676094681025,25.617361068725586,0.0027432411443442106,0.18259501457214355,0.004312869161367416,0.168890580534935,23.334962844848633,0.004639848601073027,0.19085544347763062,0.005944553762674332,0.017293445765972137,23.768985748291016,0.004198570270091295,0.2137419432401657,0.007531825453042984,0.18334415555000305,22.17817497253418,0.006055952049791813,0.19664324820041656,0.005066888872534037,0.01787753216922283,25.091960906982422,0.003096020547673106,0.1237676665186882,0.006387217901647091,0.0,21.32540512084961,0.00736986706033349,0.1780865490436554,27.932292938232422,0.0016097951447591186,0.13731002807617188,31.234743118286133,0.000752533262129873,27.590312957763672,0.0017416815971955657,0.16025826334953308,24.922534942626953,0.0032191898208111525,0.13833686709403992,24.348491668701172,0.003674098290503025,0.15981408953666687,24.561250686645508,0.0034984454978257418,0.17550316452980042,26.805233001708984,0.0020867802668362856,24.299680709838867,0.0037156252656131983,0.20395158231258392,22.959688186645508,0.005058609880506992,0.1589818298816681,22.53866195678711,0.005573575384914875,0.18167230486869812,26.038816452026367,0.002489535603672266,0.08875580877065659,27.611759185791016,0.001733102253638208,25.84040641784668,0.0026059099473059177,0.09881237894296646
21258,206,16,1921,-1,1,25.28976821899414,0.14926865696907043,21.60379409790039,0.1913837045431137,25.25251579284668,22.03506088256836,0.1924392133951187,19.82067108154297,22.963266372680664,0.10424322634935379,17.604028701782227,17.87808609008789,20.19738006591797,0.15083396434783936,100.0,0.361844927072525,0.5289108157157898,1921,1953,0.4441303312778473,0,0,0.002958169672638178,0.002983653685078025,25.2955322265625,0.002954248571768403,0.17175890505313873,0.006912269629538059,0.17093616724014282,21.12283706665039,0.007721760775893927,0.19250790774822235,0.0062588416039943695,0.017361899837851524,23.41923713684082,0.004550679586827755,0.214115172624588,0.010421564802527428,0.19296519458293915,20.241485595703125,0.00945914164185524,0.20700609683990479,0.005054442677646875,0.01630014181137085,24.7829532623291,0.003324334742501378,0.10527419298887253,0.009555689990520477,0.0,19.575899124145508,0.011025797575712204,0.17316076159477234,27.11871910095215,0.0019414593698456883,0.12261611223220825,31.06654930114746,0.0007822493789717555,26.73705291748047,0.0021197993773967028,0.14552417397499084,22.263473510742188,0.00593817001208663,0.14885525405406952,21.663820266723633,0.006817386951297522,0.1731375753879547,23.977657318115234,0.004001607187092304,0.1668912172317505,26.149137496948242,0.002427093219012022,23.722410202026367,0.004243839997798204,0.19546660780906677,20.902860641479492,0.00812295638024807,0.17272035777568817,20.426105499267578,0.009065450169146061,0.19738465547561646,25.700910568237305,0.002690971130505204,0.07583344727754593,26.922454833984375,0.0020312087144702673,25.54010772705078,0.002792473416775465,0.08707702904939651
21398,206,16,2093,-1,3,23.970932006835938,0.17562347650527954,18.702510833740234,0.1955740600824356,26.813488006591797,21.37089729309082,0.23548394441604614,17.740676879882812,22.788890838623047,0.1071474552154541,18.029205322265625,18.121501922607422,17.869726181030273,0.26704642176628113,100.0,0.450345516204834,0.4342755675315857,2093,2125,0.4421013593673706,0,0,0.0040078070014715195,0.002082817954942584,23.661317825317383,0.00430395919829607,0.2006160020828247,0.013481834903359413,0.2758013904094696,18.15917205810547,0.015278572216629982,0.317415326833725,0.007293068803846836,0.01574271358549595,22.223468780517578,0.005993123631924391,0.25448164343833923,0.016824116930365562,0.2979058027267456,17.674095153808594,0.017084043473005295,0.32787206768989563,0.005261515732854605,0.015411674045026302,24.318038940429688,0.0036999532021582127,0.10730153322219849,0.01633155159652233,0.0,17.248247146606445,0.01884409971535206,0.3107938766479492,25.560531616210938,0.0027793736662715673,0.15421217679977417,35.44580841064453,0.0002853770856745541,24.998920440673828,0.0031630657613277435,0.1785506010055542,19.150135040283203,0.012161483988165855,0.26311299204826355,18.536489486694336,0.01400719489902258,0.30715668201446533,23.476654052734375,0.0044909147545695305,0.20038127899169922,31.11178207397461,0.0007741444278508425,22.956157684326172,0.0050627258606255054,0.22963112592697144,18.519330978393555,0.014062638394534588,0.2710976004600525,17.926986694335938,0.0161176398396492,0.316673219203949,26.06554412841797,0.002474261447787285,0.07336287200450897,32.18422317504883,0.0006047528004273772,25.58795738220215,0.002761877840384841,0.08485253155231476
21457,206,16,2152,-1,2,23.792213439941406,0.1593306064605713,16.74665641784668,0.18208274245262146,26.48996353149414,21.392131805419922,0.19817745685577393,16.11776351928711,23.150083541870117,0.09165628999471664,17.82002067565918,17.8811092376709,16.140199661254883,0.3045392334461212,100.0,0.4803421199321747,0.37906885147094727,2152,2184,0.4125691056251526,0,0,0.004176175221800804,0.002243900904431939,23.49357795715332,0.004473447799682617,0.18268193304538727,0.021151170134544373,0.314282089471817,16.196359634399414,0.024008452892303467,0.3621281385421753,0.0072574978694319725,0.016519539058208466,22.34140396118164,0.005832567811012268,0.2141445428133011,0.024446893483400345,0.3322244882583618,15.891180038452148,0.025756213814020157,0.3686811029911041,0.004841630347073078,0.016288794577121735,25.113750457763672,0.0030805279966443777,0.08913750946521759,0.024320926517248154,0.0,15.518720626831055,0.02806260623037815,0.35236501693725586,25.213603973388672,0.0030105069745332003,0.14166902005672455,34.84066390991211,0.0003280454548075795,24.65568733215332,0.003423193236812949,0.16581615805625916,16.877349853515625,0.020524146035313606,0.29611584544181824,16.26275634765625,0.023644184693694115,0.344278484582901,23.450855255126953,0.004517669323831797,0.15869314968585968,28.911819458007812,0.001284748432226479,22.997255325317383,0.005015041679143906,0.1848759949207306,16.496427536010742,0.022405633702874184,0.30335891246795654,15.90161418914795,0.025694407522678375,0.35141509771347046,26.838245391845703,0.0020709785167127848,0.054322220385074615,29.912282943725586,0.00102040299680084,26.51188087463379,0.0022326053585857153,0.062236666679382324
21568,206,16,2263,-1,1,22.075984954833984,0.11546461284160614,20.12422752380371,0.1807848960161209,27.174482345581055,20.184221267700195,0.1517036110162735,18.883323669433594,22.443151473999023,0.09043736755847931,18.231218338012695,18.069660186767578,19.35782241821289,0.09862415492534637,100.0,0.3410041928291321,0.5301544666290283,2263,2295,0.39318257570266724,0,0,0.006200142204761505,0.0019166901474818587,21.637306213378906,0.00685913534834981,0.13184279203414917,0.009718005545437336,0.1262599676847458,19.60043716430664,0.0109636802226305,0.14238005876541138,0.009584687650203705,0.015027201734483242,20.581222534179688,0.00874737836420536,0.15816855430603027,0.012932059355080128,0.14948700368404388,18.966754913330078,0.012685997411608696,0.1551213264465332,0.005697506945580244,0.015596753917634487,23.793909072875977,0.004174546338617802,0.08402490615844727,0.011593587696552277,0.0,18.736343383789062,0.013377216644585133,0.11462670564651489,23.232009887695312,0.004751153755933046,0.0902215838432312,36.53280258178711,0.00022218775120563805,22.637693405151367,0.0054479180835187435,0.1067698672413826,20.89510726928711,0.008137470111250877,0.10351578891277313,20.28421401977539,0.009366527199745178,0.11938052624464035,21.668521881103516,0.006810014136135578,0.1138363629579544,31.250038146972656,0.0007498877239413559,21.111276626586914,0.007742341607809067,0.13323000073432922,19.919780731201172,0.010186427272856236,0.11809035390615463,19.33524513244629,0.011654013767838478,0.1369686722755432,25.72696876525879,0.0026748734526336193,0.05257676914334297,31.498886108398438,0.0007081274525262415,25.261554718017578,0.0029774499125778675,0.06107831746339798
21737,206,16,2464,-1,1,21.506038665771484,0.12848041951656342,18.907623291015625,0.17016048729419708,27.82615852355957,19.27292823791504,0.1663091629743576,17.5274600982666,20.85483169555664,0.10585807263851166,18.37442398071289,18.253170013427734,17.496496200561523,0.09817627817392349,100.0,0.22764015197753906,0.7474976778030396,2464,2496,0.48156556487083435,0,0,0.007069621700793505,0.0016496209427714348,21.02182388305664,0.007903468795120716,0.14964886009693146,0.012859904207289219,0.12280488759279251,18.400876998901367,0.014451482333242893,0.13205605745315552,0.011822445318102837,0.014539775438606739,19.429277420043945,0.01140439510345459,0.17947731912136078,0.017670713365077972,0.15512990951538086,17.40622901916504,0.018170934170484543,0.15494391322135925,0.008213287219405174,0.014951441437005997,21.44078254699707,0.007176648359745741,0.1068170815706253,0.01779714599251747,0.0,16.875017166137695,0.020535167306661606,0.10634294152259827,23.07777214050293,0.004922919906675816,0.1009795218706131,36.81415557861328,0.00020824986859224737,22.480857849121094,0.005648253485560417,0.11949098110198975,19.79729461669922,0.01047781016677618,0.09732073545455933,19.184682846069336,0.012065122835338116,0.10749821364879608,20.595489501953125,0.008718691766262054,0.12627989053726196,30.946269989013672,0.000804217008408159,20.027751922607422,0.009936303831636906,0.149616539478302,18.393156051635742,0.014477196149528027,0.11835435032844543,17.79921531677246,0.01659887284040451,0.1311035305261612,23.13199806213379,0.004861835855990648,0.06833618879318237,31.401992797851562,0.0007241040584631264,22.597627639770508,0.005498410202562809,0.08031333982944489
21985,206,16,2712,-1,1,23.863933563232422,0.12436611950397491,24.822086334228516,0.11740507930517197,28.58091163635254,21.25751495361328,0.1764148622751236,21.58743667602539,22.95535659790039,0.10323698818683624,18.303674697875977,18.189579010009766,23.770671844482422,0.054224759340286255,100.0,0.09656105190515518,1.2158637046813965,2712,2744,0.4125863313674927,0,0,0.004107775166630745,0.001386465271934867,23.44243621826172,0.004526438191533089,0.14276337623596191,0.003294513560831547,0.06686701625585556,24.272653579711914,0.0037388212513178587,0.07718990743160248,0.007485981099307537,0.014778576791286469,21.962669372558594,0.006364043336361647,0.18819129467010498,0.006938352715224028,0.11631354689598083,22.46249008178711,0.005672194063663483,0.11860725283622742,0.00506365904584527,0.015171973966062069,24.548742294311523,0.0035085335839539766,0.1035671979188919,0.004196941386908293,0.0,23.149192810058594,0.00484262453392148,0.06298484653234482,25.343833923339844,0.0029215733520686626,0.11203494668006897,38.06608581542969,0.00015609593538101763,24.753400802612305,0.0033470317721366882,0.13049909472465515,26.15337562561035,0.0024247244000434875,0.05339280143380165,25.540239334106445,0.0027923895977437496,0.06300237029790878,23.252117156982422,0.004729208070784807,0.1389353722333908,30.77816390991211,0.0008359564235433936,22.734220504760742,0.005328170023858547,0.1602785885334015,23.679826736450195,0.004285657778382301,0.08218303322792053,23.16781234741211,0.004821904469281435,0.09504487365484238,26.187320709228516,0.0024058481212705374,0.06753101944923401,30.849262237548828,0.0008223824552260339,25.768430709838867,0.00264945812523365,0.07772758603096008
22079,206,16,2806,-1,3,21.302310943603516,0.1561259925365448,18.73165512084961,0.21591857075691223,25.92578125,19.631351470947266,0.1942288726568222,17.636011123657227,22.67766761779785,0.07540255784988403,18.149063110351562,18.124290466308594,17.7869873046875,0.19147948920726776,38.754634857177734,0.410604327917099,0.525855541229248,2806,2838,0.3805289566516876,0,0,0.0074091581627726555,0.002555182436481118,20.885269165039062,0.008155923336744308,0.18151170015335083,0.013391662389039993,0.1991126388311386,18.219036102294922,0.015069417655467987,0.21830971539020538,0.010885912925004959,0.01531418040394783,19.912023544311523,0.010204642079770565,0.20920725166797638,0.01723451167345047,0.22746485471725464,17.56020736694336,0.01753797009587288,0.2409646362066269,0.0053980047814548016,0.01540178433060646,24.135295867919922,0.0038589618634432554,0.06752662360668182,0.01664566993713379,0.0001332099927822128,17.17014503479004,0.019186047837138176,0.21519093215465546,22.200639724731445,0.0060247089713811874,0.14271044731140137,33.28643035888672,0.00046919932356104255,21.62449073791504,0.006879403255879879,0.16773176193237305,18.83882713317871,0.013065237551927567,0.18692602217197418,18.228124618530273,0.01503791380673647,0.2090979814529419,20.93328857421875,0.008066240698099136,0.16258519887924194,29.26507568359375,0.0011843843385577202,20.39767837524414,0.009124988690018654,0.19039303064346313,18.15467643737793,0.015294397249817848,0.20469141006469727,17.56535530090332,0.017517192289233208,0.22985289990901947,26.278295516967773,0.0023559744004160166,0.04284587875008583,30.82881736755371,0.0008262629853561521,25.86480140686035,0.0025913144927471876,0.04973207414150238
22332,206,16,3059,-1,0,25.81100845336914,0.19422119855880737,23.955867767333984,0.21327801048755646,25.88216781616211,22.465240478515625,0.2290038764476776,21.389577865600586,23.259685516357422,0.1176527887582779,17.80784797668457,17.838104248046875,22.159025192260742,0.19181036949157715,100.0,0.3443162739276886,0.6194247007369995,3059,3091,0.4087510406970978,0,0,0.0026236095000058413,0.0025809723883867264,25.80016326904297,0.0026301692705601454,0.21973009407520294,0.004021733533591032,0.20967188477516174,23.57811737060547,0.00438720965757966,0.23845146596431732,0.0056686000898480415,0.01656590774655342,23.987995147705078,0.003992091864347458,0.2534172534942627,0.007261765655130148,0.22058187425136566,22.365110397338867,0.005800813902169466,0.23930968344211578,0.004720974247902632,0.016450900584459305,25.351573944091797,0.0029163702856749296,0.11562023311853409,0.0060827168636024,0.0,21.537548065185547,0.007018519099801779,0.2229628562927246,27.76221466064453,0.0016740893479436636,0.166086807847023,31.795578002929688,0.0006613666191697121,27.375743865966797,0.0018298928625881672,0.19496206939220428,25.14453887939453,0.0030587653163820505,0.18730983138084412,24.56241798400879,0.003497504163533449,0.2175118625164032,24.650259017944336,0.003427474293857813,0.20277610421180725,27.64812469482422,0.0017186508048325777,24.329299926757812,0.0036903703585267067,0.23437434434890747,23.109615325927734,0.004886955954134464,0.19675631821155548,22.65029525756836,0.005432137753814459,0.22780399024486542,26.332744598388672,0.0023266200441867113,0.08988367021083832,28.699871063232422,0.0013490028213709593,26.060699462890625,0.002477022586390376,0.10048259794712067
22764,206,16,3523,-1,3,24.921653747558594,0.170114204287529,22.818103790283203,0.21945491433143616,25.495664596557617,21.96657943725586,0.22038859128952026,20.71292495727539,23.116107940673828,0.1084037497639656,17.738826751708984,17.754762649536133,21.308324813842773,0.18221893906593323,100.0,0.38021907210350037,0.5771802067756653,3523,3555,0.45011231303215027,0,0,0.0032198436092585325,0.00282119819894433,24.83970832824707,0.0032811735291033983,0.19073009490966797,0.005226246081292629,0.19542598724365234,22.4502010345459,0.0056882682256400585,0.22514931857585907,0.006358317565172911,0.0168312918394804,23.23572540283203,0.004747090861201286,0.23747587203979492,0.008486091159284115,0.22409673035144806,21.425334930419922,0.007202222477644682,0.24440942704677582,0.004879659507423639,0.016769640147686005,25.15638542175293,0.0030504323076456785,0.10944171994924545,0.007398910820484161,0.0,20.686843872070312,0.008537204936146736,0.20957225561141968,26.52656364440918,0.0022250704932957888,0.15624070167541504,33.88168716430664,0.00040910160169005394,26.012876510620117,0.0025044502690434456,0.18032538890838623,23.698726654052734,0.004267046228051186,0.17524927854537964,23.10651969909668,0.004890440963208675,0.20540666580200195,23.98043441772461,0.003999046981334686,0.2013615071773529,29.316669464111328,0.0011703965719789267,23.53182601928711,0.004434224218130112,0.22988012433052063,22.139297485351562,0.006110410671681166,0.1994795799255371,21.616043090820312,0.006892797537147999,0.22979918122291565,26.338958740234375,0.002323293825611472,0.08317772299051285,29.918825149536133,0.0010188671294599771,25.979148864746094,0.002523974981158972,0.09540733695030212
22889,206,16,3648,-1,0,22.96405601501465,0.19516822695732117,21.068899154663086,0.2732115387916565,24.331729888916016,20.81252670288086,0.223568856716156,19.54880142211914,23.38697052001953,0.09584763646125793,17.618629455566406,17.764881134033203,19.929311752319336,0.14767014980316162,100.0,0.39942654967308044,0.6840094327926636,3648,3680,0.43760955333709717,0,0,0.0050535243935883045,0.0036883072461932898,22.787206649780273,0.005263558588922024,0.2182541787624359,0.007818262092769146,0.15784120559692383,20.659923553466797,0.00859028846025467,0.1741178333759308,0.00829368270933628,0.017303619533777237,21.606767654418945,0.0069075389765203,0.2483280599117279,0.011094808578491211,0.1756541132926941,19.921833038330078,0.010181616060435772,0.1848340481519699,0.004584617912769318,0.016730615869164467,25.66069793701172,0.002716002520173788,0.09401226788759232,0.010164100676774979,0.0,19.307832717895508,0.01172780804336071,0.1659097671508789,23.8985595703125,0.004075156524777412,0.17528018355369568,32.634151458740234,0.0005452364566735923,23.355253219604492,0.004618220496922731,0.20328685641288757,21.63188934326172,0.0068676951341331005,0.1339293122291565,21.041593551635742,0.007867570966482162,0.15173523128032684,22.31976318359375,0.005861701909452677,0.20363102853298187,28.511478424072266,0.0014088094467297196,21.83973503112793,0.0065467627719044685,0.23709192872047424,20.59799575805664,0.008713659830391407,0.15227457880973816,20.059528350830078,0.009863869287073612,0.1709943264722824,26.922330856323242,0.0020312669221311808,0.07158021628856659,29.008779525756836,0.0012563831405714154,26.674644470214844,0.002150479704141617,0.08150084316730499
22986,206,16,3745,-1,1,23.886070251464844,0.17741648852825165,23.108196258544922,0.24614976346492767,24.31450843811035,21.438735961914062,0.2248360812664032,20.913007736206055,23.316146850585938,0.11323327571153641,17.368391036987305,17.552993774414062,21.72869873046875,0.16840000450611115,29.370262145996094,0.335134893655777,0.7344796657562256,3745,3777,0.4378777742385864,0,0,0.0040868897922337055,0.003702961141243577,23.823755264282227,0.004145955666899681,0.20097875595092773,0.004888553638011217,0.17536449432373047,22.835453033447266,0.0052054086700081825,0.19887042045593262,0.007180032320320606,0.018329935148358345,22.62436866760254,0.0054646627977490425,0.24919340014457703,0.008103999309241772,0.20053286850452423,21.862876892089844,0.006511969491839409,0.216879740357399,0.004659994505345821,0.01756712794303894,25.727930068969727,0.002674281597137451,0.11619692295789719,0.0067163011990487576,0.0011560427956283092,21.208049774169922,0.007571725640445948,0.1945071816444397,24.917335510253906,0.003223045729100704,0.1516830027103424,28.70880889892578,0.0013462298084050417,24.544719696044922,0.003511786460876465,0.17798872292041779,24.055803298950195,0.003930245526134968,0.15760087966918945,23.600543975830078,0.004364611580967903,0.1817130446434021,23.128082275390625,0.004866220988333225,0.19426631927490234,25.774837493896484,0.0026455523911863565,22.833404541015625,0.005207862704992294,0.23166082799434662,22.48241424560547,0.005646232981234789,0.18095962703227997,22.102294921875,0.006162695121020079,0.21068596839904785,26.816394805908203,0.002081424929201603,0.08045565336942673,28.74435806274414,0.001335254986770451,26.583242416381836,0.002196220215409994,0.09472184628248215
23613,206,16,4404,-1,3,24.052570343017578,0.26009103655815125,22.975454330444336,0.2943553030490875,24.452556610107422,21.517196655273438,0.2931351959705353,20.92901611328125,23.09322738647461,0.11766181141138077,17.577924728393555,17.65851593017578,21.556320190429688,0.15617461502552032,100.0,0.35624369978904724,0.826275110244751,4404,4436,0.43521374464035034,0,0,0.0039331745356321335,0.0035871064756065607,23.99417495727539,0.003986416384577751,0.29767081141471863,0.005040280055254698,0.1791536659002304,22.72262191772461,0.005342420190572739,0.2042226642370224,0.007051482796669006,0.01746656559407711,22.636701583862305,0.005449163261801004,0.32923030853271484,0.00807417742908001,0.19856441020965576,21.71631622314453,0.006735478527843952,0.2158452719449997,0.004905431531369686,0.017145434394478798,25.196548461914062,0.003022354794666171,0.11844831705093384,0.006988243665546179,0.0,20.934839248657227,0.008063358254730701,0.18286766111850739,25.460678100585938,0.0028440181631594896,0.22203156352043152,32.652137756347656,0.0005429830634966493,24.951187133789062,0.003198023419827223,0.2636520564556122,24.040790557861328,0.003943855408579111,0.13773074746131897,23.465864181518555,0.004502083174884319,0.16099053621292114,23.370235443115234,0.004602319560945034,0.2523067891597748,28.493934631347656,0.001414512051269412,22.93047332763672,0.0050927517004311085,0.29883041977882385,22.44729232788086,0.005692075937986374,0.1627444475889206,21.96385955810547,0.006362299434840679,0.19152410328388214,26.252939224243164,0.002369769150391221,0.08711959421634674,28.70281982421875,0.001348087564110756,25.97403335571289,0.0025269510224461555,0.09972245246171951
23951,206,16,4774,-1,0,25.212648391723633,0.15750083327293396,22.803430557250977,0.21212831139564514,24.677331924438477,22.163780212402344,0.19172067940235138,20.758548736572266,23.060932159423828,0.1123998761177063,17.705629348754883,17.90346908569336,21.390792846679688,0.12292740494012833,100.0,0.32557377219200134,0.6515522003173828,4774,4806,0.418051540851593,0,0,0.003011170541867614,0.0034061747137457132,25.301189422607422,0.0029504005797207355,0.17281681299209595,0.005243931896984577,0.13559094071388245,22.4891300201416,0.0056375060230493546,0.15139764547348022,0.006076060235500336,0.01696043647825718,23.563955307006836,0.004401540383696556,0.2075963318347931,0.008397411555051804,0.17252413928508759,21.43250274658203,0.007190346717834473,0.18061207234859467,0.004942046012729406,0.016205154359340668,24.935951232910156,0.003209260292351246,0.11262357234954834,0.007259734440594912,0.0,20.769311904907227,0.008376617915928364,0.13947543501853943,27.526941299438477,0.0017672828398644924,0.13303710520267487,33.875091552734375,0.00040972340502776206,27.041826248168945,0.001976138213649392,0.15090401470661163,23.713050842285156,0.004252998623996973,0.10973294824361801,23.128511428833008,0.004865738097578287,0.12646342813968658,24.57003402709961,0.0034913758281618357,0.17455004155635834,30.12065887451172,0.0009725998970679939,24.112937927246094,0.0038788795936852694,0.20045287907123566,22.14346694946289,0.006104545667767525,0.14407606422901154,21.59942626953125,0.006919222883880138,0.1651528775691986,26.213401794433594,0.0023914410267025232,0.08402249217033386,30.757083892822266,0.0008400243241339922,25.80024528503418,0.002630120376124978,0.09657815098762512
24038,206,16,4861,-1,3,23.910907745361328,0.17252223193645477,20.836668014526367,0.22045555710792542,24.938058853149414,21.21733856201172,0.20708131790161133,19.262836456298828,23.006589889526367,0.1077604666352272,17.864601135253906,18.095691680908203,19.466854095458984,0.18112081289291382,100.0,0.3872818648815155,0.569238007068634,4861,4893,0.4242539405822754,0,0,0.0040635839104652405,0.0032077033538371325,23.77241325378418,0.004195258021354675,0.19361290335655212,0.008247706107795238,0.196823388338089,20.409740447998047,0.009099678136408329,0.2197258174419403,0.0075555527582764626,0.016350839287042618,22.074378967285156,0.006202432792633772,0.22478167712688446,0.011849946342408657,0.21717211604118347,19.473712921142578,0.011288302950561047,0.23322634398937225,0.005004274658858776,0.015503538772463799,24.699283599853516,0.0033890027552843094,0.10788434743881226,0.011306148022413254,0.0,18.845375061035156,0.013045555911958218,0.20719580352306366,25.135330200195312,0.003065257566049695,0.1535555124282837,34.06062698364258,0.0003925884375348687,24.58865737915039,0.003476437646895647,0.1766979694366455,21.331300735473633,0.007359866052865982,0.1747974455356598,20.72809600830078,0.008456496521830559,0.2011105716228485,23.028545379638672,0.004979040008038282,0.17389370501041412,30.234556198120117,0.0009474242106080055,22.518672943115234,0.005599288735538721,0.1981908529996872,20.15758514404297,0.009643656201660633,0.19196783006191254,19.5787410736084,0.011018587276339531,0.21881777048110962,26.22262191772461,0.0023863702081143856,0.08142568171024323,31.56035614013672,0.0006981753394939005,25.77395248413086,0.0026460925582796335,0.09179939329624176
24061,206,16,4884,-1,2,24.06490707397461,0.1698356568813324,21.21202278137207,0.19160936772823334,24.065196990966797,21.514204025268555,0.2265169322490692,19.702302932739258,22.825485229492188,0.11456797271966934,17.600032806396484,17.488086700439453,20.212890625,0.15156953036785126,100.0,0.37056148052215576,0.5170784592628479,4884,4916,0.4401130974292755,0,0,0.003922015894204378,0.003921755589544773,24.064863204956055,0.003922055941075087,0.1920536458492279,0.007564803585410118,0.16759496927261353,20.882587432861328,0.008160960860550404,0.18765033781528473,0.007056342903524637,0.017377877607941628,22.62138557434082,0.005468415096402168,0.2488374561071396,0.01070951297879219,0.19557014107704163,20.116104125976562,0.009736203588545322,0.21099063754081726,0.005217367317527533,0.017831645905971527,24.84562110900879,0.0032767094671726227,0.11617421358823776,0.009521624073386192,0.0,19.59140968322754,0.010986491106450558,0.1717562973499298,25.80325698852539,0.0026282966136932373,0.14617908000946045,32.67819595336914,0.0005397347267717123,25.302350997924805,0.002949613844975829,0.17103058099746704,21.95211410522461,0.006379531230777502,0.14969423413276672,21.365238189697266,0.007302582263946533,0.1731129288673401,23.68454360961914,0.004281003959476948,0.20137226581573486,28.941402435302734,0.0012760269455611706,23.239185333251953,0.004743307828903198,0.2346295863389969,20.903968811035156,0.008120879530906677,0.1846456527709961,20.358444213867188,0.009207798168063164,0.21103999018669128,26.48298454284668,0.002247510477900505,0.09428207576274872,29.41390037536621,0.0011444847332313657,26.16686248779297,0.0024172067642211914,0.10969105362892151
24079,206,16,4902,-1,0,22.248573303222656,0.2732407748699188,20.021045684814453,0.2810605466365814,23.598642349243164,20.427108764648438,0.2910480499267578,18.8033504486084,23.41748046875,0.09918858110904694,17.495954513549805,17.835338592529297,19.257667541503906,0.2647707462310791,100.0,0.4107760488986969,0.6842184662818909,4902,4934,0.4416334629058838,0,0,0.005958579480648041,0.004366523586213589,22.073623657226562,0.006203510798513889,0.31241968274116516,0.00995166040956974,0.2707775831222534,19.55961036682129,0.011067232117056847,0.31025195121765137,0.009063364006578922,0.017799362540245056,21.124183654785156,0.007719364017248154,0.3304317593574524,0.013172400183975697,0.2859545350074768,19.004226684570312,0.012577011249959469,0.317962110042572,0.004552521277219057,0.01646137796342373,25.653688430786133,0.002720389747992158,0.09656066447496414,0.011864060536026955,0.0,18.636186599731445,0.01368930097669363,0.30900514125823975,22.995811462402344,0.005016709677875042,0.25201407074928284,30.960559844970703,0.0008015750790946186,22.467853546142578,0.005665191914886236,0.295766681432724,20.319332122802734,0.009291095659136772,0.2504301071166992,19.718162536621094,0.010670473799109459,0.29363206028938293,21.808385848999023,0.0065941899083554745,0.26658883690834045,28.425533294677734,0.0014369669370353222,21.31496238708496,0.007387608755379915,0.3131196200847626,19.648944854736328,0.01084190420806408,0.2666955292224884,19.07767105102539,0.012366106733679771,0.3108372092247009,27.17681121826172,0.001915662200190127,0.07111256569623947,30.072710037231445,0.0009833977092057467,26.863252639770508,0.0020590873900800943,0.0806954875588417
24133,206,16,4956,-1,2,24.851224899291992,0.1320057213306427,21.76143455505371,0.20599880814552307,24.96579933166504,21.99306869506836,0.1864151507616043,20.135305404663086,23.043153762817383,0.11069799214601517,17.83848762512207,17.807653427124023,20.636367797851562,0.15051965415477753,100.0,0.3989386260509491,0.5163671374320984,4956,4988,0.4467959403991699,0,0,0.003272484987974167,0.0031872789841145277,24.8338623046875,0.0032855933532118797,0.1521751880645752,0.006665867753326893,0.16623413562774658,21.443660736083984,0.007171895820647478,0.19444639980793,0.0063196513801813126,0.016449445858597755,23.222816467285156,0.004761221818625927,0.20391800999641418,0.00969325378537178,0.18736377358436584,20.640954971313477,0.00862788874655962,0.20683744549751282,0.004962320439517498,0.016566650941967964,24.979774475097656,0.003177038859575987,0.11452008038759232,0.008637003600597382,0.0,20.014888763427734,0.009965773671865463,0.17983722686767578,26.76084327697754,0.002108219778165221,0.11443083733320236,33.795310974121094,0.0004173197958152741,26.25552749633789,0.0023683581966906786,0.1361745297908783,22.769460678100586,0.005285107530653477,0.13802608847618103,22.18512725830078,0.00604626489803195,0.16730938851833344,24.00252914428711,0.00397875439375639,0.16409286856651306,29.270952224731445,0.001182782230898738,23.556692123413086,0.004408903885632753,0.1929546594619751,21.427352905273438,0.007198875304311514,0.16874226927757263,20.88792610168457,0.008150937035679817,0.20085877180099487,26.154155731201172,0.002424289006739855,0.08432863652706146,29.99871063232422,0.00100029690656811,25.77842903137207,0.002643364481627941,0.09802263975143433
24167,284,16,9,-1,1,23.37139129638672,0.12109377235174179,20.300615310668945,0.13903580605983734,27.385223388671875,21.147001266479492,0.1609049290418625,19.134231567382812,22.542911529541016,0.09293804317712784,18.0838565826416,18.202516555786133,19.514755249023438,0.13103297352790833,100.0,0.36532169580459595,0.38058459758758545,9,41,0.4572048485279083,0,0,0.004601092543452978,0.0018259038915857673,22.98600959777832,0.005028044804930687,0.13832511007785797,0.00933121982961893,0.15790535509586334,19.81764030456543,0.010428842157125473,0.17523536086082458,0.007678915746510029,0.015545847825706005,21.891887664794922,0.006468618288636208,0.17272143065929413,0.012206098064780235,0.19205953180789948,19.317724227905273,0.011701125651597977,0.20096807181835175,0.005568125285208225,0.015126846730709076,23.874755859375,0.004097552504390478,0.09180814772844315,0.011182132177054882,0.0,18.893274307250977,0.012902460992336273,0.15016259253025055,25.485898971557617,0.002827548421919346,0.10838648676872253,36.16717529296875,0.000241703208303079,24.914203643798828,0.0032253710087388754,0.12577660381793976,21.32137107849121,0.007376716937869787,0.1359824687242508,20.714271545410156,0.008483458310365677,0.15372119843959808,23.2167911529541,0.004767831414937973,0.13374483585357666,31.123952865600586,0.0007719775312580168,22.69009780883789,0.005382578354328871,0.15600351989269257,20.32220458984375,0.009284949861466885,0.15837103128433228,19.743057250976562,0.010609488002955914,0.1792045384645462,25.37343978881836,0.002901724772527814,0.06457599252462387,31.750593185424805,0.0006682528182864189,24.887405395507812,0.003245336003601551,0.0747426375746727
24321,284,16,163,-1,3,22.291576385498047,0.17137661576271057,18.220827102661133,0.2246413677930832,22.342891693115234,20.5953311920166,0.2016720324754715,17.32398796081543,23.53741455078125,0.0649799257516861,17.76532554626465,17.592546463012695,17.622447967529297,0.2255762815475464,100.0,0.3961772620677948,0.5670223832130432,163,195,0.41655391454696655,0,0,0.005899869371205568,0.005830567330121994,22.283735275268555,0.005910531152039766,0.18726538121700287,0.015063205733895302,0.23615196347236633,17.76723289489746,0.016721557825803757,0.26135456562042236,0.008719007484614849,0.016728907823562622,21.25708770751953,0.007486715447157621,0.21672260761260986,0.01851831190288067,0.2520475685596466,17.2679443359375,0.018758824095129967,0.2723747193813324,0.004428521730005741,0.017407862469553947,26.140899658203125,0.0024317000061273575,0.06011495739221573,0.017288420349359512,0.0,17.00096893310547,0.01994817703962326,0.25279754400253296,22.853870391845703,0.005183380097150803,0.15798482298851013,30.358074188232422,0.0009208578849211335,22.336503982543945,0.0058391522616147995,0.18105772137641907,18.274234771728516,0.014879098162055016,0.22711069881916046,17.671939849853516,0.017092522233724594,0.2560931146144867,21.737585067749023,0.006702572572976351,0.16901347041130066,28.553171157836914,0.0013953488087281585,21.238361358642578,0.0075190686620771885,0.1915288120508194,17.801820755004883,0.016588915139436722,0.23566968739032745,17.21733856201172,0.018978683277964592,0.2636188566684723,27.540443420410156,0.0017617970006540418,0.03515121340751648,29.173656463623047,0.0012095797574147582,27.33591079711914,0.001846753410063684,0.040186990052461624
24326,284,16,168,-1,0,21.76313018798828,0.19352638721466064,18.46824836730957,0.21466536819934845,24.591524124145508,20.085445404052734,0.2277892529964447,17.465946197509766,22.725540161132812,0.08911340683698654,17.767440795898438,17.70799446105957,17.6352596282959,0.29810360074043274,100.0,0.4587901532649994,0.46789446473121643,168,200,0.4316791594028473,0,0,0.00666326517239213,0.003474142635241151,21.454572677612305,0.007153899874538183,0.21995708346366882,0.014229033142328262,0.3046444058418274,17.925838470458984,0.01612189970910549,0.35157814621925354,0.009805177338421345,0.01672075316309929,20.58426856994629,0.008741243742406368,0.25458043813705444,0.01792277954518795,0.31769439578056335,17.433568954467773,0.018056901171803474,0.3556635081768036,0.0053388322703540325,0.01695120707154274,24.494888305664062,0.0035523134283721447,0.087556853890419,0.01723749376833439,0.0,17.01378059387207,0.019889414310455322,0.34678301215171814,22.76433563232422,0.005291351117193699,0.16672813892364502,33.51708221435547,0.0004449302505236119,22.191822052001953,0.006036954466253519,0.1971619725227356,18.770544052124023,0.013272282667458057,0.287809282541275,18.155811309814453,0.015290402807295322,0.3356083631515503,21.329322814941406,0.0073632230050861835,0.19600987434387207,29.434555053710938,0.0011390546569600701,20.798355102539062,0.008320788852870464,0.2271966189146042,18.105764389038086,0.015467623248696327,0.2988090217113495,17.516992568969727,0.01771334931254387,0.34576600790023804,25.803409576416016,0.0026282044127583504,0.05437580496072769,30.259523391723633,0.0009419931448064744,25.394596099853516,0.0028876212891191244,0.06142675131559372
24673,284,16,515,-1,3,25.656673431396484,0.12463793158531189,23.664981842041016,0.1917789876461029,25.737974166870117,22.66971778869629,0.18168091773986816,21.49799346923828,23.689769744873047,0.11561055481433868,17.912431716918945,17.90338706970215,22.476490020751953,0.12971541285514832,100.0,0.357753723859787,0.5360642671585083,515,547,0.44137370586395264,0,0,0.0027185208164155483,0.002668102504685521,25.64430046081543,0.0027262773364782333,0.14573487639427185,0.0043003312312066555,0.16300570964813232,23.348024368286133,0.004625915549695492,0.18857049942016602,0.005407894030213356,0.016171740368008614,24.257469177246094,0.0037519175093621016,0.20436635613441467,0.007082730531692505,0.18551364541053772,22.460996627807617,0.0056741442531347275,0.2036893218755722,0.004275856539607048,0.01620546355843544,26.125152587890625,0.002440533135086298,0.11852454394102097,0.005653940606862307,0.0,21.855010986328125,0.006523777265101671,0.15175378322601318,27.485843658447266,0.0017840859945863485,0.10733471810817719,35.4239501953125,0.0002868172014132142,26.958467483520508,0.0020144348964095116,0.1272815465927124,24.6566219329834,0.00342245539650321,0.13621395826339722,24.071483612060547,0.003916079644113779,0.16261950135231018,25.18582534790039,0.0030298244673758745,0.14017514884471893,30.01275634765625,0.0009970671962946653,24.759214401245117,0.003342556534335017,0.16781139373779297,23.26226806640625,0.00471816910430789,0.1492207646369934,22.757221221923828,0.005300026386976242,0.1771562695503235,27.2969970703125,0.0018633757717907429,0.07172524929046631,30.337114334106445,0.0009253129828721285,26.973026275634766,0.0020076932851225138,0.08407974988222122
24696,284,16,538,-1,2,23.958206176757812,0.14627793431282043,20.990859985351562,0.22254088521003723,25.733192443847656,21.647502899169922,0.2081870287656784,19.671499252319336,23.087236404418945,0.1069786548614502,17.863117218017578,17.71137237548828,20.17237663269043,0.20364150404930115,100.0,0.41625967621803284,0.5346203446388245,538,570,0.42791953682899475,0,0,0.004019568674266338,0.002671042224392295,23.739643096923828,0.004227034747600555,0.16598977148532867,0.007960017770528793,0.2161598950624466,20.55526351928711,0.00879981741309166,0.24934770166873932,0.006843047682195902,0.01635642722249031,22.692623138427734,0.005379450973123312,0.22851543128490448,0.010785742662847042,0.24564695358276367,20.052783966064453,0.009879199787974358,0.2709502875804901,0.004912205506116152,0.01693802699446678,25.139835357666016,0.0030620789621025324,0.11073741316795349,0.009610864333808422,0.0,19.55089569091797,0.011089459992945194,0.239299014210701,25.753559112548828,0.0026585448067635298,0.12531638145446777,34.2489013671875,0.00037593263550661504,25.214746475219727,0.0030097155831754208,0.14694052934646606,21.84340476989746,0.006541233975440264,0.2066861242055893,21.237058639526367,0.007521321531385183,0.24512475728988647,23.6184139251709,0.00434668967500329,0.1709902584552765,29.41397476196289,0.001144465641118586,23.15213966369629,0.004839339293539524,0.19760434329509735,20.857059478759766,0.008209072053432465,0.22329463064670563,20.30072021484375,0.009331000037491322,0.26190805435180664,26.44129180908203,0.0022691895719617605,0.07611662149429321,30.369277954101562,0.0009184854570776224,26.06075668334961,0.002476990222930908,0.08883106708526611
24789,284,16,631,-1,3,28.084001541137695,0.17705954611301422,27.502147674560547,0.15324969589710236,26.30697250366211,23.919330596923828,0.2649695575237274,23.58213233947754,24.444698333740234,0.13479265570640564,17.74746322631836,17.86277961730957,25.976436614990234,0.1303056925535202,100.0,0.2470846176147461,0.6202316284179688,631,663,0.43747833371162415,0,0,0.00155453325714916,0.0023404685780406,28.435659408569336,0.0014336202293634415,0.20418953895568848,0.0017774003790691495,0.14684531092643738,27.42975616455078,0.0018072761595249176,0.1663733720779419,0.004055711906403303,0.016797849908471107,26.78736686706543,0.002095383359119296,0.29216551780700684,0.004383155144751072,0.189127579331398,26.01529884338379,0.0025030546821653843,0.20205046236515045,0.00359360221773386,0.016357693821191788,27.878400802612305,0.0016298959963023663,0.13983482122421265,0.002525551710277796,0.0,25.354957580566406,0.002914098324254155,0.15167288482189178,31.037803649902344,0.0007874441798776388,0.1545197069644928,34.384132385253906,0.00036440714029595256,30.692920684814453,0.0008525268058292568,0.182029128074646,29.620941162109375,0.0010912040015682578,0.11007653176784515,29.05047607421875,0.0012443781597539783,0.13131070137023926,27.589845657348633,0.0017418689094483852,0.20444706082344055,29.178531646728516,0.0012082227040082216,27.389827728271484,0.0018239683704450727,0.24139894545078278,26.79571533203125,0.002091358881443739,0.14221103489398956,26.449798583984375,0.002264750190079212,0.16670463979244232,28.844221115112305,0.001304902252741158,0.0886615738272667,30.241086959838867,0.0009460008004680276,28.664236068725586,0.0013601178070530295,0.10498034954071045
24826,284,16,668,-1,0,25.861698150634766,0.1413414478302002,23.830142974853516,0.20982395112514496,25.69940757751465,22.55233383178711,0.1862037628889084,21.443038940429688,23.492473602294922,0.11560872942209244,17.8592529296875,17.81635093688965,22.27088737487793,0.1678028255701065,100.0,0.36172494292259216,0.5800649523735046,668,700,0.4246223568916321,0,0,0.0025931671261787415,0.0026919024530798197,25.887210845947266,0.0025779770221561193,0.1581900715827942,0.004139861557632685,0.1803055852651596,23.552539825439453,0.004413124173879623,0.20323555171489716,0.005556059069931507,0.016370978206396103,24.0980224609375,0.003892225679010153,0.19557735323905945,0.007172924932092428,0.2056245654821396,22.42580223083496,0.00572031456977129,0.21750661730766296,0.004474584013223648,0.01653350703418255,25.81804084777832,0.002619365695863962,0.11206525564193726,0.005928042810410261,0.0,21.6494083404541,0.006840049289166927,0.19144654273986816,27.776460647583008,0.001668606884777546,0.12020039558410645,32.384151458740234,0.0005775439203716815,27.36018180847168,0.0018364625284448266,0.13779529929161072,24.99777603149414,0.003163897432386875,0.1542496532201767,24.42083168029785,0.0036134072579443455,0.1766425520181656,24.867046356201172,0.003260585479438305,0.1642557680606842,28.26458168029785,0.0014912198530510068,24.518814086914062,0.0035327959340065718,0.18892553448677063,23.192546844482422,0.00479452358558774,0.17924118041992188,22.702239990234375,0.005367548204958439,0.20348584651947021,26.826068878173828,0.0020767932292073965,0.08290712535381317,29.548885345458984,0.0011094596702605486,26.525501251220703,0.002225613920018077,0.09459924697875977
24922,284,16,764,-1,0,25.291879653930664,0.14155906438827515,22.62291145324707,0.2043849527835846,26.11320686340332,22.23273277282715,0.1933373361825943,20.59558868408203,23.191423416137695,0.11369659751653671,17.735143661499023,17.83205795288086,21.269588470458984,0.14168791472911835,100.0,0.3332683742046356,0.6132743954658508,764,796,0.4198431074619293,0,0,0.002956733573228121,0.0024472561199218035,25.17824935913086,0.0030351148452609777,0.15927660465240479,0.005466492380946875,0.14105327427387238,22.223526000976562,0.005993046797811985,0.156690776348114,0.005980353336781263,0.016845567151904106,23.656455993652344,0.004308782052248716,0.20902831852436066,0.008718486875295639,0.18307961523532867,21.256526947021484,0.007487679831683636,0.18897745013237,0.0047957636415958405,0.016473812982439995,25.230030059814453,0.0029991413466632366,0.1122218668460846,0.007465193513780832,0.0,20.648109436035156,0.008613686077296734,0.16063186526298523,27.19677734375,0.0019068758701905608,0.12403786182403564,33.10240936279297,0.0004895072779618204,26.72654914855957,0.0021249325945973396,0.14565809071063995,23.627355575561523,0.004337750840932131,0.12110686302185059,23.037109375,0.004969232715666294,0.13764487206935883,24.441041946411133,0.0035966297145932913,0.16442415118217468,28.640682220458984,0.0013675140216946602,24.045513153076172,0.003939569927752018,0.19347798824310303,22.060211181640625,0.0062227011658251286,0.15440085530281067,21.553220748901367,0.006993234157562256,0.1739281564950943,26.321374893188477,0.002332719275727868,0.07913269102573395,29.318552017211914,0.0011698896996676922,26.000469207763672,0.0025116160977631807,0.09245352447032928
25075,284,16,917,-1,1,24.305103302001953,0.19974753260612488,22.462186813354492,0.25310370326042175,24.53263282775879,21.586626052856445,0.2065916657447815,20.587873458862305,23.377016067504883,0.09843985736370087,17.42500877380371,17.714393615722656,21.263504028320312,0.1777646541595459,100.0,0.386572927236557,0.6547372937202454,917,949,0.42603710293769836,0,0,0.0037109905388206244,0.003521575126796961,24.271133422851562,0.0037401316221803427,0.2308882772922516,0.005672589410096407,0.19746392965316772,22.104310989379883,0.00615983409807086,0.22659754753112793,0.006939648650586605,0.018092522397637367,22.820117950439453,0.0052238223142921925,0.23434007167816162,0.008733992464840412,0.21798044443130493,21.280776977539062,0.007445991039276123,0.24408088624477386,0.004595136735588312,0.016926249489188194,25.68951416015625,0.002698042895644903,0.10386789590120316,0.007475664373487234,0.0,20.64202308654785,0.008625767193734646,0.21035254001617432,25.759536743164062,0.0026548884343355894,0.16819992661476135,32.026981353759766,0.0006270499434322119,25.27702522277832,0.002966863103210926,0.20426811277866364,23.306100845336914,0.0046707866713404655,0.17343707382678986,22.72329330444336,0.005341591779142618,0.20644605159759521,23.623001098632812,0.004342100583016872,0.1766781359910965,27.74526596069336,0.0016806350322440267,23.23164176940918,0.0047515565529465675,0.21362005174160004,21.991453170776367,0.006322001572698355,0.18508896231651306,21.475658416748047,0.007119250018149614,0.2212510108947754,26.797094345092773,0.002090694149956107,0.07629607617855072,29.54193878173828,0.001111235935240984,26.49484634399414,0.002241379814222455,0.09087297320365906
25100,284,16,942,-1,2,24.762733459472656,0.1754121482372284,21.655654907226562,0.21158933639526367,24.581201553344727,22.202239990234375,0.21566447615623474,20.081674575805664,23.78135871887207,0.09414639323949814,17.604759216308594,17.568071365356445,20.76214599609375,0.1954108476638794,100.0,0.38577601313591003,0.5484771728515625,942,974,0.4301394522190094,0,0,0.0033398489467799664,0.0034824118483811617,24.791345596313477,0.0033179158344864845,0.200880765914917,0.006830217782407999,0.2004145383834839,21.246774673461914,0.00750451534986496,0.22613461315631866,0.006022493354976177,0.017358971759676933,23.68716812133789,0.004278420004993677,0.2373328059911728,0.009813698939979076,0.22354021668434143,20.603717803955078,0.008702180348336697,0.24330878257751465,0.004186625126749277,0.01750624179840088,26.701032638549805,0.00213745329529047,0.08653359860181808,0.008390454575419426,0.0,20.140666961669922,0.009681293740868568,0.22477400302886963,26.166820526123047,0.002417229115962982,0.15898127853870392,32.51837158203125,0.000559967418666929,25.681602478027344,0.0027029619086533785,0.1910528540611267,22.211349487304688,0.006009870208799839,0.18534797430038452,21.614444732666016,0.006895339582115412,0.2148439735174179,24.403919219970703,0.0036275042220950127,0.19337311387062073,28.01931381225586,0.0015778603265061975,24.04191780090332,0.003942833747714758,0.22917483747005463,21.300447463989258,0.007412340026348829,0.20840907096862793,20.775455474853516,0.008364780806005001,0.24070724844932556,27.671308517456055,0.0017094997456297278,0.07145581394433975,28.93416976928711,0.0012781540863215923,27.505910873413086,0.0017758607864379883,0.08214565366506577
25196,284,16,1038,-1,2,24.247512817382812,0.19524970650672913,22.968351364135742,0.26536044478416443,23.913698196411133,21.71251678466797,0.24662384390830994,20.85721206665039,23.165863037109375,0.11421428620815277,17.582624435424805,17.58692169189453,21.621978759765625,0.17385907471179962,100.0,0.3534986972808838,0.7506688237190247,1038,1070,0.4424738585948944,0,0,0.0037605271209031343,0.004060974344611168,24.301225662231445,0.0037143041845411062,0.22283367812633514,0.005048530176281929,0.18239980936050415,22.63494110107422,0.005451376084238291,0.20352515578269958,0.0067413742654025555,0.01744767650961876,22.929195404052734,0.005094250664114952,0.2722952365875244,0.00820878054946661,0.2057824283838272,21.66965675354004,0.006808229722082615,0.21063923835754395,0.004824071656912565,0.017430424690246582,25.39909553527832,0.0028846326749771833,0.10854007303714752,0.006883387919515371,0.0,21.000499725341797,0.00794237107038498,0.1968623697757721,25.895793914794922,0.002572887809947133,0.16645431518554688,31.691064834594727,0.0006774754147045314,25.429527282714844,0.002864489797502756,0.2005472034215927,24.065261840820312,0.00392169551923871,0.1615835577249527,23.483154296875,0.004484196193516254,0.18348346650600433,23.592140197753906,0.0043730661273002625,0.21538974344730377,27.502120971679688,0.0017774115549400449,23.21263313293457,0.004772397689521313,0.25571751594543457,22.47475814819336,0.005656192544847727,0.17882291972637177,21.991975784301758,0.006321244407445192,0.20051930844783783,26.427902221679688,0.0022761966101825237,0.0809527188539505,28.7531681060791,0.001332548912614584,26.15938377380371,0.00242137280292809,0.09200146794319153
25374,284,16,1216,-1,0,25.503910064697266,0.1901959776878357,22.318153381347656,0.19567297399044037,25.206981658935547,22.163694381713867,0.23116996884346008,20.3500919342041,22.948719024658203,0.12472479790449142,17.327720642089844,17.50290298461914,21.032482147216797,0.21231918036937714,100.0,0.368038147687912,0.5316649079322815,1216,1248,0.4346666932106018,0,0,0.0028158482164144516,0.0030151025857776403,25.55144500732422,0.002785193733870983,0.2132372111082077,0.005863874685019255,0.22346410155296326,21.94052505493164,0.0063965762965381145,0.25764787197113037,0.0060761780478060246,0.01850239560008049,23.804420471191406,0.004164452664554119,0.24954918026924133,0.009225521236658096,0.24936749041080475,21.013153076171875,0.007919264025986195,0.27509284019470215,0.005071406718343496,0.017770910635590553,25.061744689941406,0.0031176365446299314,0.12422659248113632,0.007884099148213863,0.0,20.41100311279297,0.00909703690558672,0.2508448362350464,27.63567352294922,0.0017235849518328905,0.16399496793746948,32.915958404541016,0.0005109802586957812,27.189350128173828,0.0019101396901533008,0.191691055893898,23.191394805908203,0.0047957939095795155,0.20522986352443695,22.604629516601562,0.005489554721862078,0.24073220789432526,24.575748443603516,0.0034867869690060616,0.2030985951423645,27.57400131225586,0.0017482350813224912,24.2547607421875,0.0037542565260082483,0.23604236543178558,21.747095108032227,0.006687908433377743,0.22454704344272614,21.259801864624023,0.007482035551220179,0.2602265477180481,26.109546661376953,0.0024493192322552204,0.09729263186454773,28.164196014404297,0.001526090782135725,25.86473274230957,0.002591354539617896,0.11111278831958771
25459,284,16,1301,-1,1,24.6970157623291,0.16160431504249573,21.85301971435547,0.20900137722492218,24.744874954223633,21.769906997680664,0.20083586871623993,20.033235549926758,23.191797256469727,0.09953851997852325,17.243648529052734,17.437408447265625,20.747892379760742,0.170259490609169,100.0,0.3674447238445282,0.5687968134880066,1301,1333,0.42499664425849915,0,0,0.0033907711040228605,0.0033536094706505537,24.689701080322266,0.003396488493308425,0.18460118770599365,0.0065267677418887615,0.18369582295417786,21.412151336669922,0.007224119734019041,0.20812803506851196,0.006652874406427145,0.018864063546061516,23.210966110229492,0.004774230532348156,0.22119855880737305,0.009923763573169708,0.20789320766925812,20.63337516784668,0.008642963133752346,0.22303541004657745,0.004795347806066275,0.01804094761610031,25.594745635986328,0.0027575630228966475,0.09761741757392883,0.008418033830821514,0.0,20.126415252685547,0.00971311703324318,0.19863873720169067,26.24404525756836,0.002374628558754921,0.14130915701389313,31.69807243347168,0.0006763834971934557,25.79071807861328,0.0026358971372246742,0.1661609262228012,22.573097229003906,0.0055295564234256744,0.1595555543899536,21.978382110595703,0.006341057829558849,0.18471524119377136,23.852279663085938,0.0041188127361238,0.18167318403720856,26.23587417602539,0.0023790996056050062,23.578857421875,0.004386460408568382,0.21365082263946533,21.341449737548828,0.007342685014009476,0.18213969469070435,20.87558937072754,0.008174119517207146,0.20875310897827148,26.53958511352539,0.002218408277258277,0.07398217916488647,27.0339412689209,0.0019797298591583967,26.468286514282227,0.002255128463730216,0.08538399636745453
25548,284,16,1390,-1,2,21.781150817871094,0.32780343294143677,19.47123146057129,0.30898964405059814,23.52290153503418,20.283035278320312,0.3426513969898224,18.489120483398438,24.227907180786133,0.0756533145904541,17.253711700439453,17.614456176757812,19.021350860595703,0.3149160146713257,100.0,0.3966808319091797,0.7789376974105835,1390,1422,0.43564242124557495,0,0,0.006635670084506273,0.0044433437287807465,21.56583595275879,0.006972951348870993,0.37835270166397095,0.01129476074129343,0.3204004466533661,18.96628189086914,0.012687376700341702,0.36844033002853394,0.009369070641696453,0.018820401281118393,21.015480041503906,0.007915019989013672,0.3914627134799957,0.014160805381834507,0.34030747413635254,18.65584373474121,0.013627483509480953,0.37928518652915955,0.00377754052169621,0.017320265993475914,27.71075439453125,0.001694044447503984,0.06417825818061829,0.012527517974376678,0.0,18.399869918823242,0.014454827643930912,0.36745983362197876,22.305442810058594,0.005881063640117645,0.3049358129501343,30.911901473999023,0.0008106062887236476,21.76451873779297,0.006661134772002697,0.3588479459285736,19.709627151489258,0.01069147139787674,0.30483460426330566,19.09831428527832,0.012307467870414257,0.35514935851097107,21.544811248779297,0.007006786298006773,0.31462153792381287,27.077869415283203,0.001959805376827717,21.08839225769043,0.007783244829624891,0.37302130460739136,19.283710479736328,0.011793126352131367,0.31614866852760315,18.730865478515625,0.013394101522862911,0.36819007992744446,28.599641799926758,0.0013804987538605928,0.04661960154771805,28.44760513305664,0.0014296830631792545,28.623512268066406,0.001372931874357164,0.05166904628276825
25564,284,16,1406,-1,2,25.418197631835938,0.15153513848781586,23.300796508789062,0.22588829696178436,24.39221954345703,22.205636978149414,0.19938206672668457,20.956539154052734,23.127056121826172,0.10955601185560226,17.301240921020508,17.523677825927734,21.710874557495117,0.16236437857151031,100.0,0.33860597014427185,0.6671125888824463,1406,1438,0.4459233283996582,0,0,0.002871973207220435,0.0036372928880155087,25.599994659423828,0.0027542319148778915,0.17432720959186554,0.004676496610045433,0.17147348821163177,23.006298065185547,0.005004609934985638,0.1940465271472931,0.00601778132840991,0.01861554943025112,23.893756866455078,0.004079664126038551,0.21980920433998108,0.008023169822990894,0.20582354068756104,21.8839111328125,0.006480506155639887,0.22124581038951874,0.00486737210303545,0.01768610253930092,25.38312530517578,0.0028952599968761206,0.11068979650735855,0.006743921432644129,0.0,21.089397430419922,0.007781447842717171,0.18881189823150635,27.528377532958984,0.0017666990170255303,0.12263709306716919,30.783557891845703,0.000834918930195272,27.189556121826172,0.0019100495846942067,0.14566463232040405,24.27035903930664,0.0037407996132969856,0.1506192982196808,23.699750900268555,0.004266040399670601,0.1736975759267807,24.584274291992188,0.0034799459390342236,0.1649632602930069,26.66396141052246,0.002155777532607317,24.337200164794922,0.003683664370328188,0.19360297918319702,22.513103485107422,0.005606473423540592,0.17565739154815674,22.05750274658203,0.0062265838496387005,0.20283371210098267,26.318134307861328,0.002334460150450468,0.07857214659452438,28.19883155822754,0.0015139690367504954,26.089431762695312,0.002460689749568701,0.09017721563577652
25628,284,16,1470,-1,2,25.81536102294922,0.14459925889968872,23.407896041870117,0.21433444321155548,24.812923431396484,22.40473175048828,0.17935654520988464,21.135498046875,23.364763259887695,0.10242676734924316,17.494586944580078,17.680496215820312,21.968692779541016,0.1452631950378418,100.0,0.3352082669734955,0.6394068002700806,1470,1502,0.4354500472545624,0,0,0.0026209824718534946,0.0033014731016010046,25.99239158630371,0.002516291569918394,0.16455484926700592,0.0045625814236700535,0.16564017534255981,23.10600471496582,0.004891019780188799,0.18900582194328308,0.0057481322437524796,0.01780497469007969,24.09689712524414,0.0038932336028665304,0.19657239317893982,0.007699284236878157,0.18129023909568787,22.013330459594727,0.006290235091000795,0.19566768407821655,0.004608119372278452,0.017058877274394035,25.698253631591797,0.002692617941647768,0.10121143609285355,0.006355223245918751,0.0,21.34721565246582,0.00733294989913702,0.17097944021224976,27.961833953857422,0.00159888353664428,0.11531995236873627,32.51891326904297,0.0005598978605121374,27.548015594482422,0.0017587273614481091,0.13590183854103088,24.393035888671875,0.003636607201769948,0.13085615634918213,23.82756233215332,0.004142322577536106,0.15590620040893555,24.860538482666016,0.003265474224463105,0.15196172893047333,27.19478988647461,0.0019077486358582973,24.591257095336914,0.003474355209618807,0.17593932151794434,22.68701171875,0.005386405158787966,0.15160122513771057,22.250526428222656,0.005955900531262159,0.1773482710123062,26.624465942382812,0.002175472676753998,0.07399669289588928,27.651031494140625,0.0017175002722069621,26.486038208007812,0.002245929790660739,0.08245553821325302
25796,284,16,1670,-1,3,24.626575469970703,0.14341595768928528,22.035743713378906,0.18500320613384247,25.84322738647461,21.950305938720703,0.2004699558019638,20.402528762817383,23.299901962280273,0.11084359884262085,17.993789672851562,18.164478302001953,21.026329040527344,0.19116723537445068,100.0,0.37219366431236267,0.49706166982650757,1670,1702,0.4487702250480652,0,0,0.003446216695010662,0.0026042184326797724,24.46632194519043,0.0035757548175752163,0.160345658659935,0.006257857196033001,0.19927234947681427,21.631988525390625,0.006867538671940565,0.2286502718925476,0.0063821845687925816,0.01587161421775818,23.078344345092773,0.004922273103147745,0.22138316929340363,0.009114800952374935,0.23567521572113037,20.882129669189453,0.008161819539964199,0.26190662384033203,0.004677456803619862,0.015259918756783009,25.157878875732422,0.003049385268241167,0.1118873655796051,0.007895270362496376,0.0,20.40485191345215,0.009109927341341972,0.21878251433372498,26.522865295410156,0.002226965269073844,0.11799806356430054,36.275413513183594,0.000235753643210046,25.963125228881836,0.002533305436372757,0.13489870727062225,22.89884376525879,0.005129980854690075,0.1799934208393097,22.298667907714844,0.005890246015042067,0.2119295299053192,24.23130989074707,0.0037745849695056677,0.15585803985595703,32.00383758544922,0.0006304004928097129,23.707630157470703,0.004258305765688419,0.1800018697977066,21.67478370666504,0.006800201255828142,0.20561155676841736,21.10122299194336,0.007760291453450918,0.24009005725383759,26.61151695251465,0.0021819686517119408,0.07270826399326324,32.40869140625,0.0005742897628806531,26.14518165588379,0.0024293039459735155,0.08467508852481842
25801,284,16,1675,-1,0,24.837284088134766,0.13930578529834747,21.286256790161133,0.14926974475383759,25.99077606201172,22.22064781188965,0.19286684691905975,19.997726440429688,23.46208953857422,0.10377232730388641,18.01919174194336,18.097959518432617,20.81934928894043,0.1754636913537979,100.0,0.38367801904678345,0.3890495002269745,1675,1707,0.44551512598991394,0,0,0.0032830045092850924,0.0025172263849526644,24.68416976928711,0.0034008165821433067,0.16101492941379547,0.0074365995824337006,0.2022765427827835,20.867738723754883,0.008188907988369465,0.23309607803821564,0.005997015163302422,0.015779053792357445,23.47551727294922,0.004492086824029684,0.21181923151016235,0.010005234740674496,0.22232915461063385,20.38446807861328,0.009152780286967754,0.24848493933677673,0.004505999851971865,0.015495448373258114,25.504730224609375,0.0028153154999017715,0.106034055352211,0.008280660957098007,0.0,20.1978702545166,0.009554608725011349,0.20511625707149506,26.873559951782227,0.0020542058628052473,0.1212986409664154,36.70313262939453,0.0002136421244358644,26.312728881835938,0.002337369369342923,0.1447814404964447,22.081588745117188,0.006192146334797144,0.17789272964000702,21.476667404174805,0.007117597386240959,0.21087022125720978,24.6854248046875,0.0033998333383351564,0.14935189485549927,31.795394897460938,0.0006613947916775942,24.178081512451172,0.0038211315404623747,0.17472416162490845,21.185062408447266,0.007611911743879318,0.18878675997257233,20.608348846435547,0.00869290716946125,0.22405613958835602,27.161582946777344,0.0019223905401304364,0.06458265334367752,32.402042388916016,0.0005751696298830211,26.716909408569336,0.002129655098542571,0.07530838996171951
25870,284,16,1744,-1,1,23.67013168334961,0.13409757614135742,19.74911880493164,0.1255011111497879,27.291996002197266,21.360082626342773,0.18940840661525726,18.743846893310547,22.39508056640625,0.10502123087644577,18.30759620666504,18.207080841064453,18.994075775146484,0.1425483226776123,100.0,0.383094847202301,0.3275980055332184,1744,1776,0.3826776146888733,0,0,0.004295233637094498,0.0018655227031558752,23.307727813720703,0.004669035319238901,0.1538240909576416,0.010594688355922699,0.16630029678344727,19.234846115112305,0.011926564387977123,0.1876125931739807,0.007311253342777491,0.014765235595405102,22.101032257080078,0.006164486054331064,0.2028791606426239,0.013354117050766945,0.19632673263549805,18.812467575073242,0.013144783675670624,0.20767705142498016,0.0057609230279922485,0.015110954642295837,23.6426944732666,0.004322456661611795,0.10288821160793304,0.012606441043317318,0.0,18.372594833374023,0.014545893296599388,0.16020457446575165,26.083606719970703,0.002463991753757,0.11292915046215057,37.080169677734375,0.00019587689894251525,25.508407592773438,0.0028129322454333305,0.1330055296421051,20.56338882446289,0.008783374913036823,0.14822132885456085,19.949697494506836,0.01011650264263153,0.16744323074817657,23.563499450683594,0.004402001854032278,0.1466638594865799,31.88607406616211,0.0006477278075180948,23.0280704498291,0.004979582503437996,0.17071983218193054,19.68512725830078,0.01075194776058197,0.16855797171592712,19.094955444335938,0.0123169906437397,0.1893976330757141,25.518260955810547,0.002806558972224593,0.06674008071422577,32.32101058959961,0.0005860017263330519,25.01940155029297,0.0031481829937547445,0.07687519490718842
25910,284,16,1784,-1,1,21.738513946533203,0.14494048058986664,18.168292999267578,0.16379185020923615,27.09992218017578,19.62137222290039,0.18047843873500824,17.128036499023438,21.423599243164062,0.08867242187261581,18.265609741210938,18.322561264038086,17.293787002563477,0.16538189351558685,38.754634857177734,0.38232240080833435,0.42841291427612305,1784,1816,0.3472302258014679,0,0,0.006701136939227581,0.0019498801557347178,21.28888702392578,0.007432099897414446,0.16739524900913239,0.015246519818902016,0.17922745645046234,17.631933212280273,0.017250701785087585,0.20490849018096924,0.01091095618903637,0.014908678829669952,19.873348236083984,0.010295921005308628,0.19538283348083496,0.019372977316379547,0.21132829785346985,16.98470115661621,0.020023033022880554,0.23024776577949524,0.007205101661384106,0.01471445057541132,22.18257713317871,0.006049817893654108,0.08792806416749954,0.018647531047463417,0.0001332099927822128,16.67644691467285,0.021495888009667397,0.18900412321090698,23.538331985473633,0.004427582956850529,0.11750803887844086,34.5986213684082,0.0003468471404630691,22.96245574951172,0.005055388901382685,0.13855546712875366,18.789657592773438,0.013214001432061195,0.1597648411989212,18.179733276367188,0.015206416137516499,0.18415658175945282,21.091514587402344,0.007777655962854624,0.15082231163978577,29.59562110900879,0.0010975846089422703,20.55253028869629,0.008805359713733196,0.17605477571487427,17.759973526000977,0.016749529168009758,0.1836746335029602,17.170856475830078,0.019182905554771423,0.20999370515346527,23.579395294189453,0.004385918844491243,0.06342591345310211,30.3566837310791,0.000921152881346643,23.081266403198242,0.004918959923088551,0.07403251528739929
25962,284,16,1836,-1,1,24.56857681274414,0.08461220562458038,25.16115951538086,0.06192218139767647,28.687026977539062,21.35686683654785,0.13887912034988403,21.240859985351562,22.195556640625,0.09300345182418823,17.74285888671875,17.92793846130371,25.097997665405273,0.02309097722172737,100.0,0.05160064622759819,1.2000272274017334,1836,1868,0.3607958257198334,0,0,0.0034925490617752075,0.0013529983116313815,24.17742156982422,0.003821710590273142,0.0980590283870697,0.003047081409022212,0.039102938026189804,24.73722267150879,0.0033595252316445112,0.04396564140915871,0.0073166703805327415,0.0168156735599041,22.324520111083984,0.005855286028236151,0.1464872807264328,0.007514739874750376,0.10225940495729446,22.051877975463867,0.006234652362763882,0.10260277986526489,0.006031767465174198,0.01611410453915596,23.48659896850586,0.004480639006942511,0.09268456697463989,0.003091721097007394,0.0,24.476518630981445,0.0035673705860972404,0.02632727101445198,27.242773056030273,0.0018867866601794958,0.06971334666013718,36.94710922241211,0.00020197111007291824,26.68372344970703,0.0021459890995174646,0.0817243754863739,25.89718246459961,0.002572063822299242,0.02665962651371956,25.299121856689453,0.002951806178316474,0.030418746173381805,23.75037384033203,0.004216602537781,0.10688690096139908,28.863731384277344,0.0012990540126338601,23.311059951782227,0.004665456246584654,0.12431897222995758,22.818565368652344,0.005225691013038158,0.07736615836620331,22.32161521911621,0.005859202239662409,0.08916200697422028,25.085681915283203,0.0031005009077489376,0.0645810142159462,29.59088897705078,0.001098781474865973,24.674419403076172,0.003408457851037383,0.07460024952888489
26195,284,16,2101,-1,3,18.504064559936523,0.33483707904815674,14.506841659545898,0.3202325999736786,23.042461395263672,17.338333129882812,0.357563853263855,13.972366333007812,21.574081420898438,0.09428174793720245,17.755762100219727,18.111589431762695,13.972233772277832,0.4465163052082062,33.51478958129883,0.6287065744400024,0.5093514323234558,2101,2133,0.42603546380996704,0,0,0.014112159609794617,0.004963109269738197,18.09116554260254,0.015519707463681698,0.3737943768501282,0.03542548790574074,0.4615304470062256,13.970298767089844,0.04008391499519348,0.5162345170974731,0.018457239493727684,0.016765784472227097,17.277530670166016,0.018717464059591293,0.3957606256008148,0.040064841508865356,0.4642271399497986,13.588970184326172,0.04376259073615074,0.5178244709968567,0.006959718186408281,0.015446886420249939,22.476442337036133,0.005654000211507082,0.09119158983230591,0.04006607085466385,0.0004451653512660414,13.357192039489746,0.04616159573197365,0.5078124403953552,18.969850540161133,0.012676957994699478,0.30639225244522095,30.577930450439453,0.0008754006121307611,18.38854217529297,0.014492581598460674,0.348380446434021,14.614845275878906,0.03455536440014839,0.4447380006313324,14.001216888427734,0.03979957476258278,0.5057406425476074,18.057472229003906,0.015640579164028168,0.3154018223285675,27.960956573486328,0.0015992068219929934,17.495609283447266,0.017800789326429367,0.36042463779449463,14.215444564819336,0.037883974611759186,0.4469228684902191,13.609586715698242,0.043555330485105515,0.5092871785163879,24.217166900634766,0.0037868961226195097,0.058162838220596313,30.25656509399414,0.0009426354081369936,23.742273330688477,0.0042244745418429375,0.06562183052301407
26906,284,16,2844,-1,0,26.363189697265625,0.11063672602176666,22.67503547668457,0.1423974484205246,25.88105010986328,22.513456344604492,0.1658000946044922,20.580413818359375,22.966907501220703,0.12181757390499115,17.859167098999023,17.75750732421875,21.915477752685547,0.11912114173173904,100.0,0.16738128662109375,0.8507369756698608,2844,2876,0.42747196555137634,0,0,0.0023103682324290276,0.002581636654213071,26.44235610961914,0.0022686347365379333,0.12371084094047546,0.005401277448982,0.1336735486984253,22.279151916503906,0.00591677101328969,0.149265855550766,0.005606017075479031,0.01637130416929722,24.034229278564453,0.003949819132685661,0.17786625027656555,0.008749004453420639,0.16625238955020905,21.16851043701172,0.00764097785577178,0.17407098412513733,0.005050209350883961,0.016759049147367477,24.882705688476562,0.003248849418014288,0.12136253714561462,0.006433573551476002,0.0,21.29399871826172,0.007423353847116232,0.13849197328090668,29.043188095092773,0.0012464683968573809,0.08578033000230789,33.03834533691406,0.0004967816057614982,28.658851623535156,0.0013618047814816236,0.10121230781078339,23.664791107177734,0.004300519358366728,0.11110322177410126,23.081972122192383,0.004918162245303392,0.12796851992607117,25.332836151123047,0.0029289787635207176,0.13481751084327698,28.316238403320312,0.0014735893346369267,25.012920379638672,0.0031528847757726908,0.15787284076213837,22.16547393798828,0.006073689088225365,0.1458922028541565,21.66855812072754,0.006809953600168228,0.16771426796913147,26.510963439941406,0.0022330768406391144,0.08791143447160721,29.42095947265625,0.001142625929787755,26.196369171142578,0.0024008385371416807,0.10291582345962524
26972,284,16,2910,-1,2,25.558271408081055,0.15403586626052856,22.573013305664062,0.19588534533977509,25.716705322265625,22.212478637695312,0.18838045001029968,20.541345596313477,23.308040618896484,0.10658522695302963,17.64899444580078,17.828250885009766,21.092681884765625,0.18498632311820984,100.0,0.3626963794231415,0.5400807857513428,2910,2942,0.4406479299068451,0,0,0.00278082094155252,0.002681201556697488,25.534400939941406,0.002796146785840392,0.17125055193901062,0.005529662594199181,0.19782009720802307,22.18805694580078,0.006042188033461571,0.21948982775211334,0.006008307449519634,0.01718307100236416,23.676326751708984,0.004289113450795412,0.2024451047182083,0.008828063495457172,0.22623026371002197,21.173582077026367,0.007632062770426273,0.2390148639678955,0.004668698646128178,0.01648826152086258,25.451087951660156,0.0028503043577075005,0.10092711448669434,0.007775560487061739,0.0,20.471202850341797,0.008971801027655602,0.2125721275806427,27.369712829589844,0.001832435606047511,0.1398681104183197,33.67264938354492,0.00042927448521368206,26.886051177978516,0.0020483063999563456,0.16283296048641205,23.332273483276367,0.004642721731215715,0.1763419508934021,22.74091339111328,0.0053199646063148975,0.20329181849956512,24.588823318481445,0.0034763040021061897,0.17351070046424866,28.07361602783203,0.0015582555206492543,24.234989166259766,0.0037713884375989437,0.200657457113266,21.864221572875977,0.006509953644126654,0.20307445526123047,21.37386703491211,0.007288080174475908,0.2333797812461853,26.62152862548828,0.0021769439335912466,0.08825351297855377,28.37275505065918,0.0014545359881594777,26.4052791595459,0.0022880840115249157,0.10012559592723846
26980,284,16,2918,-1,2,21.679458618164062,0.16022096574306488,19.42985725402832,0.21749816834926605,20.93376350402832,19.72023582458496,0.19610051810741425,18.064682006835938,22.111038208007812,0.10045015066862106,17.102149963378906,17.856456756591797,18.125579833984375,0.16522394120693207,22.451417922973633,0.39155513048171997,0.5554726719856262,2918,2950,0.44467073678970337,0,0,0.006792881526052952,0.008065357804298401,21.806459426879883,0.006597116123884916,0.17302611470222473,0.011402874253690243,0.1614793837070465,19.181703567504883,0.012073402293026447,0.17217843234539032,0.010665385983884335,0.019488796591758728,20.311466217041016,0.009307938627898693,0.2074832022190094,0.015614637173712254,0.18522924184799194,18.24192237854004,0.014990207739174366,0.19390325248241425,0.006150299683213234,0.016381526365876198,23.394887924194336,0.004576266277581453,0.09957057982683182,0.01539720967411995,0.005686675198376179,17.723411560058594,0.01689113676548004,0.18521404266357422,22.46750831604004,0.00566564267501235,0.1377100795507431,22.675962448120117,0.005400124937295914,22.436309814453125,0.00570649141445756,0.15551355481147766,19.817766189575195,0.010428537614643574,0.14333195984363556,19.496234893798828,0.011229916475713253,0.15919750928878784,20.76251792907715,0.008389739319682121,0.17336691915988922,21.71798324584961,0.006732896436005831,20.632532119750977,0.008644637651741505,0.19584332406520844,18.722747802734375,0.013419157825410366,0.17050683498382568,18.392663955688477,0.01447883527725935,0.1890978068113327,24.776721954345703,0.0033291075378656387,0.07358355820178986,27.908527374267578,0.001618628273718059,24.44632339477539,0.00359225831925869,0.08322420716285706
27019,284,16,2957,-1,1,24.18307876586914,0.19886928796768188,20.737167358398438,0.2193223237991333,24.80948257446289,21.551225662231445,0.23204834759235382,19.384958267211914,23.104808807373047,0.1050550639629364,17.28962516784668,17.4235897064209,19.8154354095459,0.24451935291290283,100.0,0.4058665335178375,0.5403804183006287,2957,2989,0.45364901423454285,0,0,0.003816736862063408,0.0033040903508663177,24.094249725341797,0.003895605681464076,0.22346171736717224,0.008438852615654469,0.24922068417072296,20.35147476196289,0.00922258198261261,0.28296181559562683,0.006996447220444679,0.018665408715605736,22.838945388793945,0.0052012233063578606,0.25342077016830444,0.011521371081471443,0.2710503339767456,19.736948013305664,0.010624420829117298,0.29976552724838257,0.004892368335276842,0.018098436295986176,25.43532943725586,0.0028606660198420286,0.10405181348323822,0.010434135794639587,0.0,19.19395637512207,0.012039387598633766,0.2837611734867096,25.58913230895996,0.0027611288242042065,0.17664262652397156,30.752605438232422,0.0008408906869590282,25.14768409729004,0.0030565501656383276,0.20593777298927307,21.32006072998047,0.0073789386078715324,0.23324009776115417,20.728614807128906,0.008455486036837101,0.27178412675857544,23.630189895629883,0.004334920085966587,0.20694711804389954,27.131763458251953,0.0019356366246938705,23.27528953552246,0.004704040475189686,0.2385023534297943,20.378713607788086,0.009164917282760143,0.2509124279022217,19.862285614013672,0.010322179645299911,0.2888762354850769,26.71649932861328,0.0021298557985574007,0.0806761234998703,28.45279884338379,0.0014279736205935478,26.5017147064209,0.0022378377616405487,0.0915013775229454
27120,284,16,3058,-1,2,22.1463680267334,0.1409331113100052,18.985755920410156,0.194162055850029,25.681230545043945,19.711606979370117,0.18671616911888123,17.686384201049805,21.380794525146484,0.11119235306978226,17.707401275634766,17.784818649291992,17.82643699645996,0.20876052975654602,35.36793518066406,0.4028145372867584,0.4820135235786438,3058,3090,0.4487314522266388,0,0,0.006100468337535858,0.002703192410990596,21.789369583129883,0.006623126566410065,0.1615767925977707,0.012630617246031761,0.22996440529823303,18.494497299194336,0.01414328534156084,0.2606889009475708,0.010686596855521202,0.016953524202108383,20.12224006652832,0.009722454473376274,0.2056255042552948,0.017035771161317825,0.25813189148902893,17.671863555908203,0.01709282584488392,0.28343233466148376,0.0072764684446156025,0.016653986647725105,22.340505599975586,0.005833773873746395,0.11480750888586044,0.016495155170559883,0.0002905403380282223,17.215167999267578,0.018988171592354774,0.24031201004981995,23.525196075439453,0.004440997261554003,0.1214054524898529,33.408607482910156,0.0004561833047773689,22.96360969543457,0.005054045002907515,0.14308078587055206,19.70330810546875,0.01070703286677599,0.20862682163715363,19.111244201660156,0.012270876206457615,0.24181482195854187,20.96014976501465,0.008016507141292095,0.15974664688110352,27.380170822143555,0.0018280288204550743,20.472763061523438,0.008968581445515156,0.18579719960689545,18.461891174316406,0.014249869622290134,0.23123694956302643,17.920257568359375,0.016142627224326134,0.2658300995826721,23.56043243408203,0.00440510967746377,0.08363930881023407,27.66798210144043,0.0017108103493228555,23.169878005981445,0.004819617141038179,0.09535832703113556
27207,284,16,3145,-1,1,25.69770050048828,0.15874916315078735,23.191944122314453,0.18695645034313202,25.46541404724121,22.326839447021484,0.19914202392101288,20.954986572265625,23.28458595275879,0.11574792116880417,17.496183395385742,17.76901626586914,21.76844024658203,0.11913225799798965,100.0,0.3294888436794281,0.5674135684967041,3145,3177,0.4332791268825531,0,0,0.002692959737032652,0.0028409173246473074,25.734567642211914,0.0026701970491558313,0.17995117604732513,0.004795189015567303,0.1446172446012497,22.809284210205078,0.005236868746578693,0.1656164675951004,0.005852159112691879,0.01779843308031559,23.963932037353516,0.004014270845800638,0.21821579337120056,0.008026043884456158,0.1709458976984024,21.763856887817383,0.00666215131059289,0.18545988202095032,0.004693984519690275,0.016714686527848244,25.459718704223633,0.002844646107405424,0.11689241230487823,0.006655121222138405,0.0,21.146963119506836,0.007678986061364412,0.13881182670593262,27.68802833557129,0.0017029306618496776,0.13445426523685455,32.22461700439453,0.0005991538637317717,27.275218963623047,0.001872742548584938,0.15638276934623718,24.07170867919922,0.003915878944098949,0.11988495290279388,23.49079132080078,0.004476316273212433,0.14044423401355743,24.733715057373047,0.0033622386399656534,0.17135563492774963,27.647390365600586,0.0017189413774758577,24.418853759765625,0.003615053603425622,0.1985120326280594,22.453096389770508,0.0056844777427613735,0.14595092833042145,21.969263076782227,0.006354385521262884,0.16916516423225403,26.56147003173828,0.0022072577849030495,0.0884542316198349,28.671846389770508,0.0013577366480603814,26.311643600463867,0.0023379535414278507,0.10135594010353088
27341,284,16,3279,-1,3,25.10116958618164,0.14283813536167145,21.90329360961914,0.18762660026550293,25.38091468811035,21.924856185913086,0.1854238361120224,20.012311935424805,22.710264205932617,0.11711744219064713,17.464702606201172,17.50418472290039,20.52974510192871,0.1436711549758911,100.0,0.3715358376502991,0.5050026774406433,3279,3311,0.433811753988266,0,0,0.003089463571086526,0.002896732883527875,25.05968475341797,0.0031191143207252026,0.1665630340576172,0.006451650522649288,0.15135996043682098,21.546791076660156,0.007003594655543566,0.17804789543151855,0.006419696845114231,0.01792791858315468,23.326217651367188,0.004649201408028603,0.19825881719589233,0.00997169315814972,0.19030439853668213,20.56399154663086,0.008782151155173779,0.20762498676776886,0.005357641261070967,0.017765669152140617,24.623430252075195,0.00344871380366385,0.12063255161046982,0.00885167345404625,0.0,19.908267974853516,0.01021346915513277,0.1694844514131546,27.15927505493164,0.0019234128994867206,0.12011437118053436,33.18245315551758,0.00048056780360639095,26.684940338134766,0.0021453890949487686,0.14294177293777466,22.72480010986328,0.005339741241186857,0.12817223370075226,22.14350128173828,0.006104497704654932,0.15437960624694824,24.09954071044922,0.0038908624555915594,0.16404271125793457,27.981678009033203,0.0015915948897600174,23.721637725830078,0.004244596231728792,0.19036471843719482,21.246166229248047,0.007505565881729126,0.1612502634525299,20.729990005493164,0.008452811278402805,0.1872781664133072,25.714035034179688,0.00268285209313035,0.09117045253515244,28.928176879882812,0.0012799184769392014,25.377986907958984,0.002898687729611993,0.10566452145576477
27488,284,16,3458,-1,2,25.743844985961914,0.14156730473041534,23.908771514892578,0.22458522021770477,25.640262603759766,22.42691421508789,0.1740959882736206,21.377046585083008,23.29798126220703,0.10570190846920013,18.035871505737305,18.076641082763672,21.99945068359375,0.14066478610038757,100.0,0.34111958742141724,0.6583768129348755,3458,3490,0.4302999675273895,0,0,0.0026644994504749775,0.002728812862187624,25.76000213623047,0.0026546050794422626,0.16173483431339264,0.004065582994371653,0.1454918086528778,23.536434173583984,0.004429520573467016,0.16501307487487793,0.005718845874071121,0.015718568116426468,23.78779411315918,0.004180427175015211,0.1932104527950287,0.0072827511467039585,0.18571753799915314,22.224367141723633,0.005991883110255003,0.1991329789161682,0.004679524339735508,0.015571700409054756,25.223283767700195,0.0030038044787943363,0.10810583084821701,0.006310373079031706,0.0,21.377971649169922,0.007281199563294649,0.16220587491989136,27.70800018310547,0.0016951179131865501,0.12255103141069412,34.330326080322266,0.00036894969525747,27.21442222595215,0.0018991436809301376,0.14610469341278076,24.812162399291992,0.0033020530827343464,0.12589968740940094,24.221744537353516,0.003782906336709857,0.14722004532814026,24.891616821289062,0.003242188598960638,0.1513829380273819,30.457904815673828,0.000899932230822742,24.433917999267578,0.003602535929530859,0.18055951595306396,23.064586639404297,0.004937889985740185,0.1587338149547577,22.534271240234375,0.00557921314612031,0.1834569275379181,26.74078369140625,0.002117978408932686,0.08153154700994492,30.894832611083984,0.0008137987460941076,26.347702026367188,0.0023186213802546263,0.09473100304603577
27579,284,16,3549,-1,1,26.137649536132812,0.16653499007225037,23.949432373046875,0.20436029136180878,25.73812484741211,22.606365203857422,0.2054402381181717,21.46920394897461,23.31810760498047,0.11578771471977234,17.933067321777344,18.178510665893555,22.28473663330078,0.11342635005712509,100.0,0.318550169467926,0.6415325403213501,3549,3581,0.43815985321998596,0,0,0.0024335214402526617,0.002668010303750634,26.202510833740234,0.0023974464274942875,0.19136421382427216,0.004027697257697582,0.13614991307258606,23.730070114135742,0.004236359614878893,0.1516263782978058,0.005487360060214996,0.016095079481601715,24.139301300048828,0.0038554032798856497,0.22683149576187134,0.007129836827516556,0.1579739898443222,22.418903350830078,0.0057294066064059734,0.16320298612117767,0.004657890647649765,0.015210692770779133,25.179298400878906,0.0030343823600560427,0.1148560494184494,0.00590916583314538,0.0,21.663257598876953,0.006818268448114395,0.13169991970062256,28.690895080566406,0.0013517941115424037,0.1389274299144745,34.31338882446289,0.00037039173184894025,28.231048583984375,0.0015027790796011686,0.16290301084518433,25.08639907836914,0.0030999884475022554,0.10859671235084534,24.50727653503418,0.003542192978784442,0.12627337872982025,25.31612205505371,0.0029402750078588724,0.17720621824264526,29.566211700439453,0.00110504194162786,24.917911529541016,0.003222618717700243,0.20873743295669556,23.236324310302734,0.00474643474444747,0.13328590989112854,22.727439880371094,0.005336495116353035,0.15423382818698883,26.680200576782227,0.0021477320697158575,0.08378681540489197,30.543628692626953,0.0008823428652249277,26.303377151489258,0.0023424073588103056,0.09665755927562714
27926,284,16,3896,-1,0,26.492631912231445,0.1314745843410492,24.40707015991211,0.18451182544231415,25.42595863342285,23.007497787475586,0.18218599259853363,21.88048553466797,23.562776565551758,0.10915939509868622,17.802623748779297,17.676937103271484,22.880441665649414,0.12993226945400238,100.0,0.33464527130126953,0.5513653755187988,3896,3928,0.4445216953754425,0,0,0.002242524176836014,0.0028668444138020277,26.682743072509766,0.0021464747842401266,0.1455954611301422,0.0036248748656362295,0.143712118268013,24.203083038330078,0.0037991958670318127,0.16145062446594238,0.005003225989639759,0.016585851088166237,24.919710159301758,0.0032212838996201754,0.19357861578464508,0.006485618185251951,0.17694295942783356,23.080047607421875,0.004920340608805418,0.18239040672779083,0.004402731545269489,0.01707286387681961,26.102176666259766,0.002453480614349246,0.10520979762077332,0.005151763092726469,0.0,22.25896453857422,0.005944341886788607,0.14886173605918884,28.912132263183594,0.001284656347706914,0.1110808253288269,34.01148986816406,0.0003970555553678423,28.473417282104492,0.0014212101232260466,0.13127504289150238,25.66459846496582,0.002713564783334732,0.1205269917845726,25.096113204956055,0.0030930624343454838,0.13835038244724274,25.674287796020508,0.0027075179386883974,0.15885932743549347,28.113483428955078,0.0015440151328220963,25.396255493164062,0.0028865186031907797,0.18132330477237701,23.77490997314453,0.0041928477585315704,0.1433318704366684,23.355405807495117,0.00461805984377861,0.16178147494792938,27.09154510498047,0.001953643513843417,0.07943005859851837,28.50598907470703,0.0014105919981375337,26.909687042236328,0.0020371899008750916,0.08914791792631149
29053,310,16,35,-1,3,23.351762771606445,0.2088594138622284,20.639190673828125,0.2279701679944992,24.9248104095459,21.39608383178711,0.229677215218544,19.421274185180664,23.169776916503906,0.10548871755599976,17.817922592163086,17.7993221282959,19.97186851501465,0.16776417195796967,100.0,0.39679089188575745,0.5745347738265991,35,67,0.44910407066345215,0,0,0.0046219369396567345,0.0032175034284591675,23.153339385986328,0.0048380037769675255,0.24316158890724182,0.008631391450762749,0.19379600882530212,20.174175262451172,0.009606888517737389,0.22713589668273926,0.007250896655023098,0.01652752049267292,22.347993850708008,0.005823723506182432,0.25961780548095703,0.011425433680415154,0.2210724949836731,19.727636337280273,0.010647221468389034,0.24857346713542938,0.004819727037101984,0.01659845933318138,25.2177791595459,0.0030076142866164446,0.10826204717159271,0.01006498746573925,0.0,19.35038948059082,0.011613447219133377,0.19826869666576385,25.21503448486328,0.0030095151159912348,0.17974495887756348,35.69151306152344,0.0002696800511330366,24.6457576751709,0.003431027987971902,0.21360927820205688,21.611177444458008,0.006900524254888296,0.17454691231250763,21.004322052001953,0.007935386151075363,0.20899298787117004,23.406116485595703,0.004564449656754732,0.19629231095314026,32.107303619384766,0.0006155592272989452,22.863441467285156,0.005171970464289188,0.23365497589111328,20.66239356994629,0.008585402742028236,0.18346594274044037,20.082229614257812,0.009812436066567898,0.21954381465911865,26.68310546875,0.002146295737475157,0.0754111260175705,32.515464782714844,0.0005603426834568381,26.215497970581055,0.0023902885150164366,0.09150015562772751
29409,310,16,423,-1,2,24.412670135498047,0.20066393911838531,21.800010681152344,0.20364275574684143,24.525854110717773,21.80284309387207,0.22155392169952393,20.060922622680664,22.91799545288086,0.111953966319561,17.888090133666992,17.83505630493164,20.645273208618164,0.17179730534553528,100.0,0.327608197927475,0.6216045618057251,423,455,0.4286092519760132,0,0,0.0036202040500938892,0.003527074819430709,24.39551544189453,0.0036345317494124174,0.2267061471939087,0.006606921087950468,0.19062615931034088,21.401538848876953,0.007241793442517519,0.21841534972190857,0.0066026137210428715,0.016262639313936234,22.910308837890625,0.005116456188261509,0.24609242379665375,0.009860698133707047,0.20946624875068665,20.512107849121094,0.008887698873877525,0.2263736128807068,0.00510740652680397,0.016462452709674835,24.735992431640625,0.0033604770433157682,0.11207906901836395,0.008619316853582859,0.0,20.023794174194336,0.009945365600287914,0.20101028680801392,26.40865707397461,0.002286305418238044,0.17381680011749268,32.87173843383789,0.0005162096349522471,25.91992950439453,0.0025586276315152645,0.20269814133644104,22.633665084838867,0.0054529765620827675,0.17104993760585785,22.035619735717773,0.006258037406951189,0.2006828784942627,23.81320571899414,0.004156038630753756,0.20021390914916992,29.485586166381836,0.0011257489677518606,23.351478576660156,0.004622237291187048,0.23308604955673218,21.26666259765625,0.007470224518328905,0.18823108077049255,20.7056884765625,0.008500241674482822,0.21812964975833893,26.077091217041016,0.0024676911998540163,0.08348416537046432,30.3769588470459,0.0009168623946607113,25.676273345947266,0.0027062802109867334,0.09620092809200287
29498,310,16,512,-1,3,25.822601318359375,0.1577678918838501,23.508169174194336,0.1987481415271759,25.83740234375,22.38482666015625,0.20306622982025146,21.27274513244629,23.247949600219727,0.11048515141010284,17.563037872314453,17.720422744750977,22.113487243652344,0.1368013322353363,100.0,0.3563408851623535,0.5577472448348999,512,544,0.43699270486831665,0,0,0.002616615267470479,0.002607713220641017,25.820329666137695,0.0026179852429777384,0.17829808592796326,0.004458442330360413,0.14668840169906616,23.277223587036133,0.004701947793364525,0.1696593463420868,0.005774538032710552,0.017526546493172646,24.015886306762695,0.003966536372900009,0.2201172411441803,0.00745977321639657,0.18542322516441345,22.260305404663086,0.00594250438734889,0.20457963645458221,0.004733745474368334,0.01690276898443699,25.433929443359375,0.0028615877963602543,0.11414822936058044,0.0061468337662518024,0.0,21.492006301879883,0.0070925005711615086,0.1628277748823166,28.14200210571289,0.0015339102828875184,0.1336599588394165,33.9824104309082,0.0003997228341177106,27.674102783203125,0.001708400552161038,0.1543753296136856,24.791872024536133,0.003317513968795538,0.12843668460845947,24.214494705200195,0.0037892283871769905,0.1525244414806366,25.124767303466797,0.0030727232806384563,0.16971617937088013,29.697065353393555,0.0010722439037635922,24.710205078125,0.0033804895356297493,0.19598813354969025,23.074657440185547,0.004926452878862619,0.15303906798362732,22.563554763793945,0.0055417208932340145,0.1817895472049713,26.833553314208984,0.0020732174161821604,0.08345599472522736,30.462860107421875,0.0008989056223072112,26.470691680908203,0.0022538809571415186,0.09788819402456284
29560,310,16,574,-1,1,24.659345626831055,0.16463764011859894,22.773149490356445,0.1821058839559555,24.61521339416504,21.688974380493164,0.2024131715297699,20.47970962524414,22.874860763549805,0.11418306827545166,17.36995506286621,17.395097732543945,20.95975685119629,0.14213776588439941,100.0,0.3697134554386139,0.4925595223903656,574,606,0.434731662273407,0,0,0.0034203112591058016,0.003455242607742548,24.666173934936523,0.0034149372950196266,0.18024539947509766,0.005280620884150267,0.14764374494552612,22.4224853515625,0.00572468526661396,0.16356249153614044,0.006778019480407238,0.018323330208659172,23.008724212646484,0.005001817364245653,0.21423596143722534,0.00895424373447895,0.18230631947517395,21.247074127197266,0.007503997068852186,0.18952244520187378,0.005158387590199709,0.01821756549179554,25.01788330078125,0.0031492833513766527,0.10910336673259735,0.008017228916287422,0.0,20.33827781677246,0.009250648319721222,0.1610320508480072,26.287736892700195,0.0023508586455136538,0.13891085982322693,32.10783386230469,0.000615484023001045,25.82056999206543,0.002617839490994811,0.15637598931789398,23.609413146972656,0.004355708137154579,0.12395903468132019,23.029678344726562,0.004977740813046694,0.13965889811515808,23.68837547302246,0.004277227446436882,0.1732252836227417,27.707714080810547,0.001695229671895504,23.302688598632812,0.0046744579449296,0.19756647944450378,21.918426513671875,0.006429210305213928,0.15689434111118317,21.43054962158203,0.0071935816667973995,0.17680814862251282,25.974361419677734,0.002526758471503854,0.09172706305980682,28.102298736572266,0.0015479980502277613,25.722970962524414,0.002677337499335408,0.10216991603374481
29578,310,16,592,-1,3,25.511343002319336,0.15699799358844757,23.101720809936523,0.1923387050628662,24.44135856628418,22.1480655670166,0.2211666852235794,20.77165412902832,22.918712615966797,0.12721306085586548,17.25127410888672,17.266036987304688,21.532215118408203,0.1827424317598343,100.0,0.36442410945892334,0.5277881026268005,592,624,0.4363643527030945,0,0,0.0028110311832278967,0.0035963691771030426,25.70214080810547,0.0026902102399617434,0.1747366487979889,0.0048958491533994675,0.18907520174980164,22.766956329345703,0.005288159474730492,0.20951510965824127,0.00609808461740613,0.01883096806704998,23.830860137939453,0.004139179363846779,0.23292845487594604,0.008372105658054352,0.22675777971744537,21.680622100830078,0.006791065912693739,0.24201364815235138,0.005106563679873943,0.018767066299915314,25.22163200378418,0.003004947677254677,0.12666983902454376,0.00702713755890727,0.0,20.910737991333008,0.008108235895633698,0.21156001091003418,27.73958396911621,0.0016828355146571994,0.1327231526374817,31.761905670166016,0.0006665145047008991,27.353727340698242,0.0018391924677416682,0.1489269882440567,24.10834503173828,0.0038829820696264505,0.1621028184890747,23.522533416748047,0.004443719983100891,0.18714825809001923,24.615398406982422,0.0034550968557596207,0.18700416386127472,28.224327087402344,0.0015051066875457764,24.2537899017334,0.0037550954148173332,0.210781991481781,22.42410659790039,0.00572254927828908,0.19523203372955322,21.91968536376953,0.006427345797419548,0.22347675263881683,26.341352462768555,0.0023220141883939505,0.08716519922018051,29.386890411376953,0.0011516246013343334,26.016998291015625,0.0025020744651556015,0.09853861480951309
30218,310,16,1232,-1,3,25.952451705932617,0.17117097973823547,23.494754791259766,0.20958232879638672,25.239200592041016,22.329368591308594,0.2174946665763855,21.040931701660156,22.99350357055664,0.11682309210300446,17.369823455810547,17.47062110900879,21.765125274658203,0.1620837301015854,100.0,0.35568878054618835,0.5892295241355896,1232,1264,0.4484521150588989,0,0,0.0025395387783646584,0.0029928155709058046,26.073375701904297,0.002469804137945175,0.18951785564422607,0.004472235683351755,0.17512202262878418,23.171899795532227,0.0048173703253269196,0.19398219883441925,0.005848752334713936,0.01832388900220394,24.05662727355957,0.003929500002413988,0.23894453048706055,0.007868770509958267,0.2102758288383484,22.00181770324707,0.0063069346360862255,0.2209288626909256,0.005019376985728741,0.01790350116789341,25.175262451171875,0.0030372042674571276,0.11535647511482239,0.006660203915089369,0.0,21.143646240234375,0.007684851065278053,0.1868908554315567,28.220746994018555,0.0015063479077070951,0.1475931704044342,31.612241744995117,0.0006898838910274208,27.872913360595703,0.001631957828067243,0.17104804515838623,24.535160064697266,0.003519524121657014,0.14747659862041473,23.96784782409668,0.004010654985904694,0.17185427248477936,24.744522094726562,0.0033538828138262033,0.18775568902492523,26.65398406982422,0.0021607361268252134,24.513107299804688,0.0035374434664845467,0.21723413467407227,22.671222686767578,0.005406019743531942,0.17249834537506104,22.25436782836914,0.005950635764747858,0.19854263961315155,26.132776260375977,0.0024362532421946526,0.08200085163116455,27.550954818725586,0.0017575375968590379,25.950515747070312,0.0025406708009541035,0.09302699565887451
30390,310,16,1404,-1,3,25.542388916015625,0.15584467351436615,22.215572357177734,0.20775137841701508,24.917343139648438,22.246131896972656,0.20612038671970367,20.312973022460938,23.084732055664062,0.10716476291418076,17.438514709472656,17.503616333007812,20.96300506591797,0.18928229808807373,100.0,0.359621524810791,0.5776944756507874,1404,1436,0.4356929659843445,0,0,0.002791009610518813,0.0032230408396571875,25.647064208984375,0.002724543446674943,0.17384284734725952,0.006004030816257,0.20292973518371582,21.80535888671875,0.0065987869165837765,0.22985322773456573,0.005961928516626358,0.018036343157291412,23.86758041381836,0.004104326479136944,0.21892625093460083,0.009304707869887352,0.23051856458187103,20.940715789794922,0.008052458055317402,0.2530043423175812,0.004915039520710707,0.01776799187064171,25.319984436035156,0.0029376617167145014,0.10460729151964188,0.008011233061552048,0.0,20.341527938842773,0.009243730455636978,0.22353070974349976,27.64396858215332,0.0017202961025759578,0.1277114599943161,31.864349365234375,0.0006509760278277099,27.247333526611328,0.0018848067848011851,0.14930841326713562,22.941757202148438,0.005079539958387613,0.17516545951366425,22.357290267944336,0.005811270792037249,0.20706422626972198,24.623573303222656,0.003448599949479103,0.17315790057182312,26.87394905090332,0.002054022392258048,24.361454010009766,0.00366315059363842,0.19750738143920898,21.644868850708008,0.006847201846539974,0.200823113322258,21.17127227783203,0.007636120077222586,0.23459801077842712,26.29228973388672,0.002348394365981221,0.0816749632358551,27.323007583618164,0.00185224914457649,26.15337562561035,0.0024247244000434875,0.09058384597301483
30408,310,16,1422,-1,1,23.54316520690918,0.1938740313053131,21.314498901367188,0.2631824016571045,24.03047752380371,21.24008560180664,0.22281229496002197,19.73447036743164,23.099090576171875,0.10556530952453613,17.32967758178711,17.48511505126953,20.333465576171875,0.21010452508926392,100.0,0.4006640613079071,0.6568654775619507,1422,1454,0.4316284656524658,0,0,0.004422659520059824,0.003953231498599052,23.472822189331055,0.004494878929108381,0.2258944809436798,0.0073883975856006145,0.2357078641653061,20.916154861450195,0.008098128251731396,0.27414950728416443,0.007516080047935247,0.018494058400392532,22.345430374145508,0.005827160086482763,0.24883681535720825,0.010630481876432896,0.24994401633739471,20.20612335205078,0.00953647680580616,0.27488768100738525,0.004898812621831894,0.01784384623169899,25.36514663696289,0.002907269634306431,0.10814201831817627,0.009260904975235462,0.0,19.711986541748047,0.010685659013688564,0.2509268522262573,24.774070739746094,0.00333114224486053,0.16539230942726135,30.52196502685547,0.0008867547148838639,24.309537887573242,0.003707202384248376,0.19816921651363373,22.065372467041016,0.006215312518179417,0.20716938376426697,21.482112884521484,0.007108675315976143,0.24720019102096558,22.988183975219727,0.005025526974350214,0.18900960683822632,26.530712127685547,0.002222945913672447,22.630706787109375,0.005456693470478058,0.22489285469055176,20.925159454345703,0.008081353269517422,0.21878959238529205,20.428077697753906,0.009061336517333984,0.2577783763408661,26.219022750854492,0.0023883492685854435,0.0775543600320816,27.301055908203125,0.0018616352463141084,26.074119567871094,0.0024693822488188744,0.09121326357126236
30619,310,16,1633,-1,0,25.35587501525879,0.1759365051984787,23.918888092041016,0.22185635566711426,24.356891632080078,22.172828674316406,0.2329384684562683,21.27150535583496,22.92597770690918,0.12278899550437927,17.427412033081055,17.593006134033203,22.075176239013672,0.15614286065101624,100.0,0.32937631011009216,0.6735650300979614,1633,1665,0.45139336585998535,0,0,0.0029134827200323343,0.0036669995170086622,25.532211303710938,0.0027975572738796473,0.1958213597536087,0.004056124482303858,0.16099736094474792,23.56481170654297,0.004400670528411865,0.1824248880147934,0.006063414737582207,0.0180825162678957,23.752723693847656,0.0042143226601183414,0.2501339018344879,0.007461901754140854,0.19793161749839783,22.260656356811523,0.005942024290561676,0.2096206545829773,0.005098029505461454,0.017406024038791656,24.942407608032227,0.0032044919207692146,0.1186765730381012,0.006201296113431454,0.0,21.453697204589844,0.007155342027544975,0.17707017064094543,27.631532669067383,0.0017252292018383741,0.16027560830116272,31.196468353271484,0.0007591949542984366,27.272653579711914,0.0018738500075414777,0.1886640191078186,25.341989517211914,0.0029228120110929012,0.13812172412872314,24.77513313293457,0.0033303252421319485,0.15845614671707153,24.397985458374023,0.003632464911788702,0.2075544148683548,26.660375595092773,0.0021575584542006254,24.13483428955078,0.0038593739736825228,0.2409202605485916,23.038414001464844,0.0049677384085953236,0.16524146497249603,22.63650894165039,0.005449406336992979,0.18821364641189575,25.935514450073242,0.0025494624860584736,0.08314278721809387,27.380352020263672,0.0018279526848345995,25.750425338745117,0.0026604640297591686,0.09512537717819214
30712,310,16,1726,-1,1,25.043922424316406,0.16338062286376953,22.818607330322266,0.2359561026096344,24.906631469726562,22.085254669189453,0.19911953806877136,20.82610321044922,23.110626220703125,0.10463982820510864,17.48916244506836,17.50878143310547,21.60283660888672,0.14216870069503784,100.0,0.3563149571418762,0.6622121930122375,1726,1758,0.4202602803707123,0,0,0.0031304587610065937,0.0032309999223798513,25.065433502197266,0.0031149908900260925,0.1878465861082077,0.005225637927651405,0.16380463540554047,22.49953269958496,0.005624019540846348,0.18871372938156128,0.006186923012137413,0.017827222123742104,23.569316864013672,0.004396108444780111,0.2158069610595703,0.00826779194176197,0.19595053791999817,21.665374755859375,0.006814945954829454,0.21129105985164642,0.004885818809270859,0.017746878787875175,25.365259170532227,0.0029071944300085306,0.09883564710617065,0.006913794670253992,0.0,20.98135757446289,0.007977455854415894,0.16451039910316467,26.83901023864746,0.002070613903924823,0.1361442506313324,31.763870239257812,0.0006662129308097064,26.407955169677734,0.0022866756189614534,0.15860873460769653,23.902111053466797,0.004071822855621576,0.1326839178800583,23.31917953491211,0.004656739998608828,0.15347826480865479,24.229028701782227,0.0037765672896057367,0.17250299453735352,26.606294631958008,0.0021845928858965635,23.956134796142578,0.004021486733108759,0.20029182732105255,22.374074935913086,0.005788851995021105,0.16087883710861206,21.938644409179688,0.006399345584213734,0.18553321063518524,26.373668670654297,0.002304800320416689,0.07325002551078796,27.512025833129883,0.001773362746462226,26.22227668762207,0.00238655973225832,0.08240440487861633
30868,310,16,1882,-1,1,25.446163177490234,0.12827564775943756,22.19821548461914,0.1918209344148636,25.12129020690918,22.105676651000977,0.17116716504096985,20.305370330810547,23.02950096130371,0.10069464147090912,17.503215789794922,17.50618553161621,20.878807067871094,0.14657855033874512,100.0,0.34554868936538696,0.5551198720932007,1882,1914,0.44085219502449036,0,0,0.0028535393066704273,0.003075182670727372,25.498371124267578,0.0028194403275847435,0.13889893889427185,0.006028075236827135,0.15702563524246216,21.77338409423828,0.006647550500929356,0.17581506073474884,0.006157895550131798,0.017769627273082733,23.593721389770508,0.004371474962681532,0.1798534244298935,0.009321007877588272,0.1844179630279541,20.905359268188477,0.008118282072246075,0.1957109123468399,0.004977943375706673,0.017757484689354897,25.211654663085938,0.0030118597205728292,0.0945424735546112,0.00816806685179472,0.0,20.257328033447266,0.009424692019820213,0.16860957443714142,27.289743423461914,0.0018664904637262225,0.10542723536491394,32.67877960205078,0.0005396621418185532,26.839000701904297,0.0020706180948764086,0.12022562325000763,22.93238067626953,0.005090515594929457,0.1337461620569229,22.333084106445312,0.005843753460794687,0.1536298394203186,24.25344467163086,0.0037553953006863594,0.13912634551525116,27.057153701782227,0.001969176810234785,23.946739196777344,0.004030198324471712,0.15710331499576569,21.56584930419922,0.006972928531467915,0.15916450321674347,21.091419219970703,0.007777826394885778,0.18233942985534668,26.11937713623047,0.0024437815882265568,0.06825924664735794,27.865398406982422,0.0016347835771739483,25.903640747070312,0.0025682426057755947,0.07715637981891632
30876,310,16,1890,-1,1,24.60965347290039,0.14778316020965576,21.962467193603516,0.24684667587280273,24.251697540283203,21.735977172851562,0.19429579377174377,20.16503143310547,23.10504913330078,0.10860413312911987,17.421672821044922,17.642078399658203,20.925273895263672,0.1638498157262802,100.0,0.3515947759151459,0.7020772099494934,1890,1922,0.4372848868370056,0,0,0.0034596698824316263,0.003756906371563673,24.667438507080078,0.003413941478356719,0.1643252670764923,0.0063643427565693855,0.17703746259212494,21.566120147705078,0.006972496397793293,0.20102261006832123,0.006705053150653839,0.01810642145574093,23.05307388305664,0.004950996953994036,0.2115727663040161,0.009627130813896656,0.2139192670583725,20.759763717651367,0.008395056240260601,0.2293301224708557,0.004892097320407629,0.017210448160767555,25.233182907104492,0.002996966242790222,0.104769766330719,0.008081139996647835,0.0,20.303794860839844,0.009324392303824425,0.19120699167251587,26.022987365722656,0.002498626708984375,0.12845858931541443,31.117576599121094,0.0007731118821538985,25.5844783782959,0.0027640906628221273,0.14866766333580017,22.725811004638672,0.005338495131582022,0.1561639904975891,22.141727447509766,0.006106988061219454,0.18292590975761414,23.598026275634766,0.0043671405874192715,0.17065638303756714,26.770763397216797,0.0021034087985754013,23.264808654785156,0.004715407267212868,0.1999649554491043,21.46074676513672,0.007143734022974968,0.18161797523498535,20.98200798034668,0.007976256310939789,0.20918262004852295,26.106557846069336,0.0024510049261152744,0.08302377909421921,27.145484924316406,0.001929529127664864,25.96668243408203,0.0025312320794910192,0.09382249414920807
31225,310,16,2271,-1,2,24.820091247558594,0.18886594474315643,23.323619842529297,0.26765942573547363,24.37293243408203,22.130943298339844,0.22827917337417603,21.22899055480957,23.132450103759766,0.11883370578289032,18.048002243041992,17.965314865112305,21.996719360351562,0.16628849506378174,100.0,0.36277857422828674,0.7378038167953491,2271,2303,0.425353467464447,0,0,0.0032960271928459406,0.0036534799728542566,24.89316177368164,0.0032410346902906895,0.21377164125442505,0.0046519809402525425,0.19602027535438538,23.10811996459961,0.004888640251010656,0.21923798322677612,0.006122177932411432,0.015674719586968422,23.323081970214844,0.0046525560319423676,0.2482539266347885,0.007535307202488184,0.2203112542629242,22.025306701660156,0.006272915285080671,0.23951184749603271,0.004861328285187483,0.015976017341017723,25.014995574951172,0.003151377197355032,0.11960720270872116,0.006314340513199568,0.0,21.375240325927734,0.007285777945071459,0.19207116961479187,26.758136749267578,0.0021095334086567163,0.17627952992916107,34.1171760559082,0.00038750964449718595,26.244352340698242,0.002374460222199559,0.20446352660655975,24.61957550048828,0.003451775526627898,0.15705636143684387,24.037782669067383,0.003946586977690458,0.1815861612558365,24.205829620361328,0.0037967937532812357,0.20989710092544556,30.226125717163086,0.000949264969676733,23.73159408569336,0.004234875086694956,0.24004018306732178,22.816879272460938,0.005227715242654085,0.18050862848758698,22.295124053955078,0.005895049776881933,0.2070872038602829,26.418485641479492,0.0022811386734247208,0.08353403955698013,30.948293685913086,0.0008038422674871981,26.006004333496094,0.002508415374904871,0.09482315182685852
31520,310,16,2566,-1,1,23.21810531616211,0.17489498853683472,18.13849639892578,0.1646689474582672,26.12139129638672,20.926025390625,0.21440118551254272,17.21747589111328,22.505714416503906,0.09327024966478348,18.21712875366211,18.315948486328125,17.409263610839844,0.31569811701774597,100.0,0.42695045471191406,0.38568630814552307,2566,2598,0.4338657855987549,0,0,0.004766390658915043,0.002442647237330675,22.904003143310547,0.005123889073729515,0.2018474042415619,0.015351482667028904,0.3121069371700287,17.568456649780273,0.017504682764410973,0.3586670160293579,0.008079742081463337,0.015076035633683205,21.546916961669922,0.007003388833254576,0.23509645462036133,0.01897808536887169,0.33120131492614746,17.060094833374023,0.01967843621969223,0.3712674379348755,0.005616019479930401,0.01473686471581459,23.75428009033203,0.0042128125205636024,0.09256744384765625,0.018158238381147385,0.0,16.787784576416016,0.02095181494951248,0.36462366580963135,24.767244338989258,0.0033363820984959602,0.1639462262392044,34.290767669677734,0.0003723261470440775,24.21087074279785,0.0037923904601484537,0.19196532666683197,18.48459243774414,0.014175577089190483,0.3005654215812683,17.869020462036133,0.016334207728505135,0.3488873541355133,22.937152862548828,0.005084926728159189,0.1781281679868698,29.70185089111328,0.0010710632195696235,22.43939208984375,0.005702444352209568,0.2050933539867401,17.895885467529297,0.016233475878834724,0.31185418367385864,17.302040100097656,0.018612124025821686,0.36016491055488586,25.903120040893555,0.002568549709394574,0.054624397307634354,30.754161834716797,0.000840589462313801,25.475404739379883,0.00283438921906054,0.061934761703014374
31616,310,16,2662,-1,1,23.573806762695312,0.1571654975414276,20.605899810791016,0.18145030736923218,25.47964859008789,21.155393600463867,0.1957128942012787,19.059066772460938,23.172588348388672,0.1002611294388771,17.937597274780273,18.00106430053711,19.508588790893555,0.17176656424999237,100.0,0.3206068277359009,0.5659589767456055,2662,2694,0.38424623012542725,0,0,0.004391564521938562,0.002831622026860714,23.342731475830078,0.0046315561048686504,0.18062494695186615,0.008697811514139175,0.18362276256084442,20.095951080322266,0.009781489148736,0.21308207511901855,0.007664092350751162,0.01607830449938774,21.958881378173828,0.006369598209857941,0.21457833051681519,0.012419193983078003,0.2164357453584671,19.23451805114746,0.011927471496164799,0.2397332489490509,0.004816606640815735,0.015845047309994698,25.05855941772461,0.0031199236400425434,0.10136224329471588,0.0111980140209198,0.0,18.88711166381836,0.012920785695314407,0.20100319385528564,24.545146942138672,0.0035114397760480642,0.1409958004951477,33.61167526245117,0.00043534388532862067,23.99605941772461,0.003984685521572828,0.1649918258190155,20.79983139038086,0.008317959494888783,0.16938631236553192,20.187685012817383,0.00957704707980156,0.19909927248954773,23.044431686401367,0.004960860591381788,0.1653733253479004,29.378576278686523,0.0011538317194208503,22.559764862060547,0.00554655771702528,0.19069595634937286,19.96415901184082,0.01008287351578474,0.18331317603588104,19.388273239135742,0.011512580327689648,0.21446827054023743,27.092529296875,0.0019532025326043367,0.05465373769402504,31.00736427307129,0.0007929828716441989,26.712743759155273,0.0021316977217793465,0.06316088140010834
31647,310,16,2693,-1,0,23.44788360595703,0.09695428609848022,23.381988525390625,0.14187641441822052,25.800657272338867,20.785911560058594,0.13730791211128235,20.543947219848633,22.62566375732422,0.08561047911643982,18.11845588684082,18.088420867919922,21.879045486450195,0.06389981508255005,100.0,0.14902590215206146,0.9520251750946045,2693,2725,0.44651079177856445,0,0,0.004520761780440807,0.0026298698503524065,23.177043914794922,0.004811667837202549,0.1065259501338005,0.004589876160025597,0.08074226975440979,22.87376594543457,0.005159687716513872,0.09083329141139984,0.00834466703236103,0.015422491356730461,21.393165588378906,0.007255771663039923,0.14121590554714203,0.008822775445878506,0.1114957332611084,21.102800369262695,0.0077574653550982475,0.11157971620559692,0.005463031120598316,0.015529518947005272,24.073413848876953,0.003914339933544397,0.08138726651668549,0.006487768143415451,0.0,21.257568359375,0.007485886570066214,0.07297762483358383,24.580341339111328,0.003483099862933159,0.08827345073223114,35.029659271240234,0.0003140754415653646,24.011394500732422,0.0039706421084702015,0.10154376178979874,24.1392822265625,0.0038554200436919928,0.06511583924293518,23.532466888427734,0.004433568567037582,0.073341004550457,22.50530433654785,0.005616549868136644,0.11120940744876862,28.877426147460938,0.0012949634110555053,22.019428253173828,0.006281410343945026,0.1260095238685608,22.186182022094727,0.006044798996299505,0.08304253220558167,21.67803955078125,0.006795105058699846,0.09349723905324936,25.936519622802734,0.002548872958868742,0.04619740694761276,29.525848388671875,0.0011153611121699214,25.57612419128418,0.002769413171336055,0.051737911999225616
31661,310,16,2707,-1,2,21.98420524597168,0.18447309732437134,18.01947021484375,0.19760584831237793,24.76025390625,19.9903507232666,0.2291102558374405,16.994613647460938,22.19379234313965,0.11601938307285309,18.029497146606445,17.985347747802734,17.12877082824707,0.21710893511772156,100.0,0.36708757281303406,0.5383071303367615,2707,2739,0.4549565315246582,0,0,0.0063325632363557816,0.00334175699390471,21.679584503173828,0.0067926873452961445,0.2027994990348816,0.015778033062815666,0.2154029756784439,17.46369171142578,0.017932092770934105,0.24217629432678223,0.010022245347499847,0.015741651877760887,20.389427185058594,0.009142336435616016,0.24706950783729553,0.0199773870408535,0.2598769962787628,16.840665817260742,0.020698247477412224,0.28181299567222595,0.006034218706190586,0.015902496874332428,23.452438354492188,0.004516022279858589,0.11533081531524658,0.01936970092356205,0.0,16.507293701171875,0.022349653765559196,0.24832381308078766,22.9481143951416,0.005072108935564756,0.1617448329925537,34.38736343383789,0.00036413597990758717,22.368408203125,0.005796412006020546,0.18358123302459717,18.17608642578125,0.015219188295304775,0.1988944262266159,17.56140899658203,0.017533112317323685,0.22822925448417664,21.408845901489258,0.007229620590806007,0.19182652235031128,28.295793533325195,0.0014805423561483622,20.90760040283203,0.008114093914628029,0.21896648406982422,17.54776382446289,0.017588291317224503,0.22360143065452576,16.966325759887695,0.020107941702008247,0.25584676861763,25.246009826660156,0.0029881270602345467,0.07277992367744446,28.880828857421875,0.0012939483858644962,24.882810592651367,0.003248770022764802,0.08331511914730072
31687,310,16,2733,-1,0,22.49515151977539,0.19928085803985596,19.16225242614746,0.25459250807762146,23.67363166809082,20.517026901245117,0.24502050876617432,18.09874725341797,23.476335525512695,0.09851818531751633,17.840301513671875,17.87593650817871,18.486692428588867,0.23804348707199097,100.0,0.376863569021225,0.6755561828613281,2733,2765,0.38842713832855225,0,0,0.005629695486277342,0.004291774705052376,22.33919906616211,0.005835529882460833,0.2236587107181549,0.01212759967893362,0.24418789148330688,18.709177017211914,0.013461153954267502,0.2789459526538849,0.008877632208168507,0.01644257828593254,21.1273193359375,0.007713794242590666,0.2701713740825653,0.0154926348477602,0.2727165222167969,18.129613876342773,0.015382922254502773,0.30374881625175476,0.004491242580115795,0.01630820892751217,25.7296085357666,0.0026732475962489843,0.09843634068965912,0.014168724417686462,0.0,17.865215301513672,0.01634852960705757,0.2747059762477875,23.090473175048828,0.004908544942736626,0.1751590222120285,32.65732192993164,0.0005423353868536651,22.533447265625,0.005580270197242498,0.20080368220806122,19.379226684570312,0.011536587961018085,0.220461905002594,18.770986557006836,0.01327093318104744,0.2523339092731476,21.996578216552734,0.006314544938504696,0.20106402039527893,27.875896453857422,0.001630836515687406,21.52728843688965,0.007035115733742714,0.23226982355117798,18.8524169921875,0.013024414889514446,0.23775462806224823,18.28997802734375,0.014825256541371346,0.272414892911911,28.075246810913086,0.0015576696023344994,0.05511879920959473,29.009170532226562,0.001256269752047956,27.947853088378906,0.0016040386399254203,0.06344261020421982
31951,310,16,3029,-1,1,18.4537296295166,0.22119486331939697,17.671092987060547,0.25018125772476196,26.13125991821289,17.424028396606445,0.25859639048576355,16.772249221801758,22.089942932128906,0.10437999665737152,18.127273559570312,18.066951751708984,16.852039337158203,0.2084818035364151,100.0,0.4069659411907196,0.6147474050521851,3029,3061,0.38058704137802124,0,0,0.014276675879955292,0.00243710377253592,17.932241439819336,0.016098149120807648,0.253478080034256,0.017095845192670822,0.22347013652324677,17.125019073486328,0.01938643679022789,0.25167885422706604,0.01809661090373993,0.015391205437481403,17.325273513793945,0.018512824550271034,0.2866472005844116,0.02102690003812313,0.24503925442695618,16.57161521911621,0.022021066397428513,0.2650814354419708,0.006180244032293558,0.015606483444571495,23.251340866088867,0.004730053711682558,0.10659313201904297,0.020644111558794975,0.0,16.230560302734375,0.02382013015449047,0.23972153663635254,18.83978271484375,0.013062361627817154,0.20505979657173157,35.29923629760742,0.00029517276561819017,18.231409072875977,0.015026545152068138,0.23901674151420593,18.027027130126953,0.01575060747563839,0.20524632930755615,17.410715103149414,0.018152162432670593,0.23595868051052094,18.11318588256836,0.015441221185028553,0.22890380024909973,30.61570930480957,0.000867819064296782,17.524372100830078,0.017683282494544983,0.2658722996711731,17.358482360839844,0.01837179809808731,0.21778488159179688,16.760168075561523,0.021085470914840698,0.24930821359157562,24.83261489868164,0.003286537481471896,0.07017599791288376,31.051055908203125,0.0007850449765101075,24.351703643798828,0.0036713825538754463,0.08103848993778229
32116,310,16,3194,-1,2,22.46029281616211,0.15786200761795044,17.59016227722168,0.19975118339061737,25.817659378051758,20.479080200195312,0.20541171729564667,16.735187530517578,23.253368377685547,0.08704815804958344,18.17838478088379,18.1304874420166,17.067161560058594,0.24875043332576752,100.0,0.39549002051353455,0.5050726532936096,3194,3226,0.42889025807380676,0,0,0.005675060674548149,0.002619595266878605,22.114686965942383,0.006145132705569267,0.1788490116596222,0.01741741970181465,0.25021952390670776,17.030731201171875,0.01981194317340851,0.290679395198822,0.008955540135502815,0.015211133286356926,20.97282600402832,0.007993141189217567,0.2206716686487198,0.02120710164308548,0.2752383053302765,16.550811767578125,0.022126810625195503,0.3056320250034332,0.004727842751890421,0.015379820950329304,25.101715087890625,0.0030890770722180605,0.08247871696949005,0.01964644156396389,0.0,16.445682525634766,0.022668970748782158,0.29201313853263855,23.188905715942383,0.004798543639481068,0.14776965975761414,35.50796890258789,0.0002813216997310519,22.60150718688965,0.005493501666933298,0.17281687259674072,17.617801666259766,0.017306925728917122,0.2446744590997696,17.001680374145508,0.01994490809738636,0.29013559222221375,22.078550338745117,0.006196483038365841,0.16673673689365387,30.886707305908203,0.0008153221569955349,21.533937454223633,0.007024354301393032,0.19402575492858887,17.252243041992188,0.018826769664883614,0.2531161904335022,16.654571533203125,0.02160443179309368,0.2968849241733551,27.403366088867188,0.0018182911444455385,0.049360163509845734,31.04427146911621,0.000786272285040468,27.039794921875,0.001977063249796629,0.05634187161922455
32194,310,16,3272,-1,0,22.878097534179688,0.17830829322338104,20.622814178466797,0.15042440593242645,27.11361312866211,20.939990997314453,0.21416354179382324,19.273208618164062,22.571487426757812,0.11124067008495331,18.104631423950195,18.164505004882812,19.720550537109375,0.12957170605659485,100.0,0.22693422436714172,0.6628546714782715,3272,3304,0.39383751153945923,0,0,0.005154543090611696,0.0019437420414760709,22.48065948486328,0.005648512858897448,0.2015935629606247,0.008664007298648357,0.15370352566242218,20.136594772338867,0.00969037227332592,0.1700925976037979,0.008053802885115147,0.015471655875444412,21.603588104248047,0.0069125946611166,0.23027309775352478,0.011821676976978779,0.1937142014503479,19.505006790161133,0.01120725553482771,0.20384645462036133,0.00553160673007369,0.015259820967912674,23.94161033630371,0.0040349592454731464,0.11110284179449081,0.010664609260857105,0.0,19.099071502685547,0.012305318377912045,0.14644762873649597,24.763206481933594,0.0033394841011613607,0.14627230167388916,35.40662384033203,0.0002879636303987354,24.19194984436035,0.003808948677033186,0.16914068162441254,21.623628616333008,0.006880772765725851,0.13055652379989624,21.017074584960938,0.007912114262580872,0.1469617635011673,22.63614273071289,0.0054498654790222645,0.17772099375724792,29.207260131835938,0.001200256054289639,22.144105911254883,0.006103650201112032,0.2036912739276886,20.408018112182617,0.009103288874030113,0.1602194458246231,19.848453521728516,0.010355107486248016,0.18186470866203308,25.12240219116211,0.0030743975657969713,0.08054280281066895,29.939739227294922,0.0010139725636690855,24.696226119995117,0.0033913864754140377,0.09195603430271149
32414,310,16,3524,-1,2,23.56774139404297,0.3395165801048279,20.209882736206055,0.26203617453575134,23.298057556152344,21.68198013305664,0.36672794818878174,19.169994354248047,25.22513198852539,0.055342257022857666,17.400718688964844,17.573286056518555,19.92811393737793,0.32163897156715393,100.0,0.38117843866348267,0.6874370574951172,3524,3556,0.4556143283843994,0,0,0.004397703800350428,0.004679445177316666,23.610759735107422,0.004354359116405249,0.399989515542984,0.009528222493827343,0.3249177932739258,19.738027572631836,0.010621782392263412,0.38483792543411255,0.006788937374949455,0.018194003030657768,22.98059844970703,0.0050343116745352745,0.4193214476108551,0.012106001377105713,0.3458029627799988,19.46445083618164,0.011312402784824371,0.3962201476097107,0.003002527402713895,0.017485231161117554,31.110239028930664,0.000774419168010354,0.051136985421180725,0.010166903026401997,0.0,19.30663299560547,0.01173104252666235,0.38643136620521545,24.094375610351562,0.0038954929914325476,0.3213098645210266,31.710107803344727,0.0006745114806108177,23.574337005615234,0.004391028545796871,0.38262468576431274,20.25447654724121,0.009430883452296257,0.31727319955825806,19.64446449279785,0.010853097774088383,0.3822890818119049,23.500179290771484,0.004466651007533073,0.331407368183136,28.5452823638916,0.0013978865463286638,23.063814163208008,0.0049387686885893345,0.39468181133270264,19.970783233642578,0.010067501105368137,0.3257632851600647,19.416824340820312,0.011437149718403816,0.3919421136379242,31.989273071289062,0.0006325176218524575,0.02869890257716179,29.59395980834961,0.0010980047518387437,32.51111602783203,0.0005609042709693313,0.03539128601551056
32805,310,16,3915,-1,1,26.475452423095703,0.14490455389022827,24.651416778564453,0.19613416492938995,24.80289649963379,22.878284454345703,0.20090840756893158,21.872486114501953,23.58481216430664,0.11656572669744492,17.62311553955078,17.7745304107666,22.785045623779297,0.13484452664852142,100.0,0.3462654650211334,0.5664271712303162,3915,3947,0.4327230453491211,0,0,0.0022514110896736383,0.003309104358777404,26.8012638092041,0.00208868901245296,0.1642393171787262,0.003426559269428253,0.14369156956672668,24.397783279418945,0.0036326348781585693,0.16353344917297363,0.005154323298484087,0.01728576049208641,24.830751419067383,0.003287948202341795,0.21531730890274048,0.006497577764093876,0.1747760772705078,23.084991455078125,0.004914744757115841,0.1872902512550354,0.004380450583994389,0.016693485900759697,26.044750213623047,0.002486137207597494,0.117701455950737,0.005266179330646992,0.0,22.163564682006836,0.006076360121369362,0.15539449453353882,28.78411865234375,0.0013230866752564907,0.1191481351852417,30.794992446899414,0.0008327234536409378,28.543291091918945,0.001398527412675321,0.14182794094085693,25.899267196655273,0.0025708305183798075,0.11980666220188141,25.352060317993164,0.0029160426929593086,0.14026856422424316,25.46184730529785,0.002843252383172512,0.1648019552230835,26.275413513183594,0.0023575376253575087,25.349180221557617,0.0029179775156080723,0.19126763939857483,23.772974014282227,0.004194716922938824,0.14709770679473877,23.414735794067383,0.004555399529635906,0.17030708491802216,26.92613410949707,0.0020294892601668835,0.08740176260471344,27.317424774169922,0.0018546314677223563,26.86894416809082,0.0020563905127346516,0.09966893494129181
32828,310,16,3938,-1,0,25.70630645751953,0.16485720872879028,22.860774993896484,0.17877154052257538,24.512136459350586,22.518178939819336,0.21514850854873657,20.8992919921875,23.150102615356445,0.11694470047950745,17.692340850830078,17.84699821472168,21.487531661987305,0.20510883629322052,100.0,0.35738667845726013,0.5002188086509705,3938,3970,0.4292823076248169,0,0,0.002687630243599415,0.0035382332280278206,25.92308807373047,0.0025567682459950447,0.18595117330551147,0.00517514580860734,0.21846351027488708,22.541362762451172,0.0055701094679534435,0.25093406438827515,0.005599924363195896,0.01701240986585617,24.15199089050293,0.003844157326966524,0.235270157456398,0.008129633031785488,0.24797727167606354,21.60365104675293,0.006912498269230127,0.2738831341266632,0.004841608926653862,0.016417240723967552,25.141733169555664,0.0030607429798692465,0.11811408400535583,0.007099816109985113,0.0,20.866050720214844,0.008192095905542374,0.2408723086118698,28.172985076904297,0.0015230062417685986,0.1309511363506317,29.521549224853516,0.0011164650786668062,27.998197555541992,0.001585551188327372,0.15309874713420868,23.882125854492188,0.0040906015783548355,0.19076694548130035,23.294294357299805,0.004683500621467829,0.22338560223579407,24.882600784301758,0.0032489278819411993,0.18293160200119019,26.408889770507812,0.0022861841134727,24.68899154663086,0.003397042164579034,0.21142089366912842,22.304094314575195,0.005882889032363892,0.2144317328929901,21.83160972595215,0.006559023633599281,0.2511429786682129,26.260969161987305,0.002365392167121172,0.0850403681397438,28.461204528808594,0.0014252124819904566,26.003204345703125,0.0025100347120314837,0.09768535941839218
32871,310,16,3981,-1,3,25.096961975097656,0.16620981693267822,22.47062873840332,0.19434137642383575,24.864051818847656,22.195594787597656,0.2021280825138092,20.578449249267578,23.34270477294922,0.11029689759016037,17.665775299072266,17.763683319091797,21.252164840698242,0.16526779532432556,100.0,0.346614271402359,0.560684859752655,3981,4013,0.4240811765193939,0,0,0.0030924584716558456,0.003262833459302783,25.133930206298828,0.003066247096285224,0.18840309977531433,0.005661575589329004,0.17677488923072815,22.079906463623047,0.006194543559104204,0.19559308886528015,0.006031712517142296,0.017116794362664223,23.638818740844727,0.004326316062361002,0.22159627079963684,0.008752964437007904,0.19991862773895264,21.23871612548828,0.007518450263887644,0.21029675006866455,0.004631583113223314,0.016735229641199112,25.576011657714844,0.0027694834861904383,0.10927596688270569,0.007495206315070391,0.0,20.630685806274414,0.008648314513266087,0.18796512484550476,26.976049423217773,0.002006297465413809,0.13091659545898438,31.577022552490234,0.0006955010467208922,26.56009292602539,0.002207958372309804,0.15452182292938232,23.279369354248047,0.004699626937508583,0.14201535284519196,22.701114654541016,0.0053689382039010525,0.1634313464164734,24.365314483642578,0.0036598932929337025,0.18199676275253296,26.97272491455078,0.0020078320521861315,24.07373046875,0.003914056345820427,0.2135877013206482,21.930448532104492,0.006411436945199966,0.17614832520484924,21.469730377197266,0.007128971163183451,0.19842055439949036,26.51534652709961,0.002230824902653694,0.08296443521976471,27.456031799316406,0.001796374679543078,26.387136459350586,0.002297663362696767,0.09446532279253006
32880,310,16,3990,-1,0,25.920228958129883,0.19362497329711914,23.084543228149414,0.19077730178833008,25.142011642456055,22.49361801147461,0.242012619972229,20.931833267211914,23.161949157714844,0.12799443304538727,17.650407791137695,17.708608627319336,21.613433837890625,0.2057972252368927,100.0,0.3535979390144348,0.5395317077636719,3990,4022,0.42305508255958557,0,0,0.0025584506802260876,0.0030605460051447153,26.05337142944336,0.002481205388903618,0.22432178258895874,0.004915253259241581,0.22128057479858398,22.70780372619629,0.005360676907002926,0.25812482833862305,0.005631685256958008,0.01717747561633587,24.139293670654297,0.0038554100319743156,0.27412039041519165,0.008068942464888096,0.23737597465515137,21.696231842041016,0.006766698323190212,0.26698485016822815,0.004828420002013445,0.016948815435171127,25.281593322753906,0.0029637436382472515,0.13364511728286743,0.0068969433195889,0.0,20.991954803466797,0.007958011701703072,0.243684321641922,28.384498596191406,0.0014506086008623242,0.17013558745384216,33.30424880981445,0.00046727806329727173,27.95367431640625,0.0016018901951611042,0.20135726034641266,24.078371047973633,0.00390987703576684,0.19436001777648926,23.497573852539062,0.004469332285225391,0.2311604619026184,24.909679412841797,0.003228731220588088,0.21228903532028198,27.047407150268555,0.0019736001268029213,24.657419204711914,0.0034218281507492065,0.25334984064102173,22.397472381591797,0.005757749546319246,0.2176540493965149,21.952592849731445,0.006378826219588518,0.2572269141674042,26.28738784790039,0.0023510472383350134,0.08682592213153839,27.515623092651367,0.0017718941671773791,26.125839233398438,0.002440147800371051,0.10219839960336685
33235,310,16,4345,-1,3,25.67521858215332,0.16058054566383362,23.605998992919922,0.19461596012115479,25.014053344726562,22.442733764648438,0.1883241981267929,21.197689056396484,23.409770965576172,0.11130551993846893,17.649381637573242,17.62438201904297,22.150787353515625,0.1272328644990921,100.0,0.3313849866390228,0.5872805714607239,4345,4377,0.4331109821796417,0,0,0.0027069379575550556,0.0031520617194473743,25.7864990234375,0.0026384571101516485,0.1835576891899109,0.004359132144600153,0.1424730271100998,23.330413818359375,0.004644709639251232,0.15912127494812012,0.005698057357221842,0.017181523144245148,24.054561614990234,0.003931370563805103,0.20872393250465393,0.007589816115796566,0.16735996305942535,22.18325424194336,0.006048873998224735,0.1759524941444397,0.004560608882457018,0.017280712723731995,25.84414291381836,0.0026036701165139675,0.11206001788377762,0.006094262003898621,0.0,21.52931022644043,0.007031839340925217,0.14659973978996277,27.58083724975586,0.0017454854678362608,0.13773232698440552,33.125999450683594,0.00048685562796890736,27.123950958251953,0.001939120702445507,0.1601114273071289,24.633914947509766,0.0034403963945806026,0.11369304358959198,24.062419891357422,0.003924263641238213,0.13034923374652863,24.786712646484375,0.0033214574214071035,0.16965582966804504,27.9598388671875,0.001599617418833077,24.453466415405273,0.0035863560624420643,0.197828009724617,22.913543701171875,0.005112642887979746,0.14360804855823517,22.46952247619629,0.005663017276674509,0.16531144082546234,26.86123275756836,0.0020600445568561554,0.08715362846851349,28.3403377532959,0.001465434324927628,26.67253875732422,0.0021515232510864735,0.09841709583997726
33364,310,16,4474,-1,0,26.149795532226562,0.15709111094474792,24.237977981567383,0.2094351053237915,25.45701026916504,22.717697143554688,0.206293985247612,21.692886352539062,23.52375030517578,0.11781934648752213,17.796897888183594,17.820926666259766,22.610671997070312,0.16937005519866943,100.0,0.3435545563697815,0.6096123456954956,4474,4506,0.4501533806324005,0,0,0.002426725812256336,0.0028464205097407103,26.26691436767578,0.0023621574509888887,0.1820470094680786,0.003768791211768985,0.1788792908191681,24.03489875793457,0.0039492095820605755,0.20307518541812897,0.005348477978259325,0.016607729718089104,24.417373657226562,0.0036162857431918383,0.2281692922115326,0.006771912798285484,0.21656817197799683,22.839109420776367,0.005201026797294617,0.2343202531337738,0.004442476201802492,0.016516096889972687,25.87540054321289,0.002584996400400996,0.1168140172958374,0.005481922533363104,0.0,21.989192962646484,0.006325295194983482,0.19436070322990417,28.380659103393555,0.0014518917305395007,0.12585799396038055,33.88938522338867,0.00040837726555764675,27.92518424987793,0.0016124325338751078,0.15344564616680145,25.60610580444336,0.0027503608725965023,0.15376681089401245,25.038955688476562,0.003134040394797921,0.18049052357673645,25.245723724365234,0.0029883231036365032,0.17816223204135895,28.104564666748047,0.001547189080156386,24.93490219116211,0.0032100360840559006,0.2129068672657013,23.609272003173828,0.004355850629508495,0.18072514235973358,23.16983413696289,0.0048196627758443356,0.20940642058849335,26.90147590637207,0.0020410434808582067,0.08415831625461578,28.83495330810547,0.0013076899340376258,26.66781234741211,0.002153867157176137,0.09599180519580841
33398,310,16,4508,-1,2,24.717742919921875,0.17542845010757446,21.82920265197754,0.22031481564044952,23.457517623901367,21.879287719726562,0.2184087038040161,20.096267700195312,23.131389617919922,0.1178654283285141,17.37177276611328,17.418949127197266,20.537315368652344,0.23765088617801666,100.0,0.40649136900901794,0.5419913530349731,4508,4540,0.4348101019859314,0,0,0.003374626161530614,0.0045107449404895306,24.948719024658203,0.003199838800355792,0.19980239868164062,0.006562657188624144,0.2472105324268341,21.520496368408203,0.007046127691864967,0.285786509513855,0.006487410049885511,0.018315669149160385,23.308992385864258,0.004667678847908974,0.23602622747421265,0.009780775755643845,0.27786117792129517,20.640960693359375,0.008627880364656448,0.3076429069042206,0.004862516187131405,0.018117781728506088,25.492515563964844,0.002823245245963335,0.11534920334815979,0.008836260996758938,0.0,19.915836334228516,0.010195685550570488,0.27653801441192627,26.374637603759766,0.00230428553186357,0.15084318816661835,27.74091339111328,0.0016823206096887589,26.197938919067383,0.002399972639977932,0.17478147149085999,22.588542938232422,0.005509926471859217,0.21988533437252045,22.015295028686523,0.006287392694503069,0.2588772773742676,23.93294906616211,0.004043013788759708,0.1893867552280426,25.933792114257812,0.0025504729710519314,23.693042755126953,0.004272635094821453,0.2158694863319397,21.29723358154297,0.007417826913297176,0.24312278628349304,20.804798126220703,0.008308449760079384,0.2842547595500946,26.38838005065918,0.0022970049176365137,0.08727168291807175,28.003570556640625,0.0015835902886465192,26.1856689453125,0.002406761050224304,0.09863973408937454
33556,310,16,4666,-1,0,24.328693389892578,0.18127913773059845,21.955469131469727,0.2180446833372116,25.472944259643555,21.663558959960938,0.21421359479427338,20.121936798095703,23.071056365966797,0.1127377524971962,17.8607177734375,17.752071380615234,20.768688201904297,0.2296903282403946,100.0,0.3729963004589081,0.5845760107040405,4666,4698,0.4473213255405426,0,0,0.0036908856127411127,0.002835995750501752,24.176631927490234,0.003822406753897667,0.2019340693950653,0.006374604534357786,0.23471111059188843,21.486709594726562,0.007101159542798996,0.264595627784729,0.006817797664552927,0.01636546291410923,22.71733283996582,0.00534892687574029,0.233123779296875,0.009723139926791191,0.25796815752983093,20.661739349365234,0.008586693555116653,0.27696505188941956,0.0049305385909974575,0.016780035570263863,25.075836181640625,0.003107538679614663,0.10954268276691437,0.00837782584130764,0.0,20.147207260131836,0.009666722267866135,0.26408475637435913,25.488933563232422,0.0028255744837224483,0.16299176216125488,32.183929443359375,0.0006047930801287293,24.993200302124023,0.003167233197018504,0.18875423073768616,22.647724151611328,0.005435349885374308,0.21220047771930695,22.04897117614746,0.006238826084882021,0.24573391675949097,23.293781280517578,0.004684055224061012,0.19040066003799438,27.110450744628906,0.0019451584666967392,22.9196834564209,0.005105424206703901,0.2190188467502594,21.39684295654297,0.007249630056321621,0.23070235550403595,20.912372589111328,0.008105181157588959,0.2628474831581116,26.085269927978516,0.0024630494881421328,0.07655655592679977,27.73235511779785,0.0016856386791914701,25.879343032836914,0.0025826513301581144,0.08654946833848953
33721,310,16,4831,-1,1,26.74738311767578,0.16281163692474365,24.164222717285156,0.18697808682918549,24.951181411743164,23.01790428161621,0.2237568199634552,21.73388671875,23.659496307373047,0.11676765978336334,17.518232345581055,17.65576171875,22.845966339111328,0.19815616309642792,100.0,0.36893412470817566,0.5068061351776123,4831,4863,0.43789228796958923,0,0,0.0021147634834051132,0.0031980264466255903,27.103870391845703,0.0019481078488752246,0.19155091047286987,0.003833343042060733,0.21982914209365845,23.930156707763672,0.0040456135757267475,0.2576064467430115,0.004991253837943077,0.017708297818899155,25.178720474243164,0.003034785622730851,0.25255370140075684,0.006708283443003893,0.24030736088752747,22.925697326660156,0.005098357331007719,0.2684698700904846,0.004305766895413399,0.017156312242150307,26.328754425048828,0.002328759990632534,0.12105519324541092,0.005192822311073542,0.0,22.2244873046875,0.005991718266159296,0.2391190528869629,29.31199073791504,0.0011716581648215652,0.1477673500776291,33.52091979980469,0.00044453723239712417,28.91596221923828,0.0012835230445489287,0.18119391798973083,25.20220184326172,0.003018421120941639,0.19322632253170013,24.621482849121094,0.0034502593334764242,0.2342919558286667,25.89499282836914,0.002573362085968256,0.18889737129211426,26.852561950683594,0.002064162166789174,25.764755249023438,0.0026517007499933243,0.22656051814556122,23.482379913330078,0.004484996199607849,0.20803138613700867,23.111183166503906,0.004885192960500717,0.2502046823501587,27.26421356201172,0.0018774946220219135,0.08110659569501877,27.2091007232666,0.0019014726858586073,27.272754669189453,0.0018738056533038616,0.09470905363559723
33861,310,16,5003,-1,2,24.265365600585938,0.1592283695936203,21.60788345336914,0.20086084306240082,24.927692413330078,21.868589401245117,0.19566453993320465,20.0788516998291,23.686569213867188,0.10179361701011658,18.028854370117188,18.50335693359375,20.41931915283203,0.14002780616283417,100.0,0.3630405068397522,0.5532739162445068,5003,5035,0.43097439408302307,0,0,0.0037451002281159163,0.003215368837118149,24.171871185302734,0.0038265972398221493,0.19083216786384583,0.006905765738338232,0.1451781690120697,21.149246215820312,0.007674945518374443,0.1744137853384018,0.006503411568701267,0.015743978321552277,22.939836502075195,0.005081786308437586,0.22419509291648865,0.009820075705647469,0.1723267287015915,20.393024444580078,0.00913477037101984,0.19306664168834686,0.004279009532183409,0.01411446649581194,25.581695556640625,0.0027658622711896896,0.10307875275611877,0.00907963141798973,0.0,19.797840118408203,0.010476497933268547,0.16855719685554504,25.834861755371094,0.002609238727018237,0.14526237547397614,33.50178146362305,0.00044650028576143086,25.313623428344727,0.002941967686638236,0.1773907095193863,22.334497451782227,0.005841851234436035,0.12999673187732697,21.727983474731445,0.0067174057476222515,0.15759894251823425,23.76203155517578,0.004205299075692892,0.1745489239692688,29.470617294311523,0.001129635376855731,23.298954010009766,0.004678478464484215,0.21128502488136292,21.162397384643555,0.007651739753782749,0.1454678326845169,20.605546951293945,0.008698518387973309,0.17553406953811646,26.607410430908203,0.002184032229706645,0.07205808162689209,30.55340576171875,0.0008803584496490657,26.22585105895996,0.002384597435593605,0.0856480523943901
34011,323,16,133,-1,1,18.249462127685547,0.2562443017959595,17.505184173583984,0.3157723844051361,24.904726028442383,17.043725967407227,0.30609190464019775,16.408981323242188,21.420604705810547,0.11508316546678543,18.09598731994629,18.08928680419922,16.3654727935791,0.17824329435825348,100.0,0.38481375575065613,0.8205849528312683,133,165,0.4627624452114105,0,0,0.014964215457439423,0.0032324176281690598,17.754901885986328,0.016769105568528175,0.28147193789482117,0.017761580646038055,0.18692243099212646,16.96706199645996,0.02010452374815941,0.20633068680763245,0.0197527427226305,0.01550248358398676,16.90228843688965,0.020406628027558327,0.3326854705810547,0.022861354053020477,0.21984584629535675,16.189638137817383,0.024045636877417564,0.23529016971588135,0.007210069335997105,0.015526422299444675,22.268991470336914,0.00593063049018383,0.11169321835041046,0.02309153974056244,0.0,15.743993759155273,0.026644080877304077,0.1994730532169342,18.577747344970703,0.013874753378331661,0.22911472618579865,33.896820068359375,0.0004076786572113633,17.973316192626953,0.015946611762046814,0.25936734676361084,17.871234893798828,0.016325870528817177,0.15851275622844696,17.25855255126953,0.0187994297593832,0.1786835938692093,17.62127113342285,0.01729310303926468,0.2698066830635071,30.17473030090332,0.0009605659870430827,17.032075881958008,0.019805802032351494,0.3049190044403076,17.007831573486328,0.019916679710149765,0.1822933405637741,16.411300659179688,0.022849148139357567,0.20580148696899414,23.8649959564209,0.0041067712008953094,0.08483541756868362,30.275346755981445,0.0009385671583004296,23.377914428710938,0.004594186786562204,0.09428364038467407
34222,323,16,344,-1,0,21.657617568969727,0.23258543014526367,18.698284149169922,0.22985835373401642,24.85731315612793,20.03089714050293,0.27412179112434387,17.747941970825195,22.382076263427734,0.11802875995635986,18.03498077392578,17.98032569885254,17.885448455810547,0.24271851778030396,34.79906463623047,0.434851735830307,0.5285901427268982,344,376,0.4632561504840851,0,0,0.0068271346390247345,0.0032678982242941856,21.322553634643555,0.007374709937721491,0.2695618271827698,0.013494962826371193,0.2564496695995331,18.182846069335938,0.015195521526038647,0.29443955421447754,0.009929112158715725,0.015721788629889488,20.43931007385254,0.009037931449711323,0.30579665303230286,0.01679600030183792,0.27886059880256653,17.677431106567383,0.017070917412638664,0.3075892925262451,0.005778199527412653,0.01592089608311653,23.749156951904297,0.004217785317450762,0.1197327971458435,0.01627253368496895,0.0003312027838546783,17.275772094726562,0.018725046887993813,0.2845536172389984,22.777374267578125,0.00527549022808671,0.20478755235671997,31.504995346069336,0.000707132276147604,22.23421287536621,0.005978314206004143,0.24075725674629211,19.36016845703125,0.011587326414883137,0.23274663090705872,18.754711151123047,0.013320758007466793,0.27233806252479553,21.1540584564209,0.007666450459510088,0.24058407545089722,28.22282600402832,0.0015056277625262737,20.647815704345703,0.008614269085228443,0.2803073227405548,18.46000862121582,0.014256047084927559,0.25026312470436096,17.88302993774414,0.016281597316265106,0.29162585735321045,25.042388916015625,0.0031315628439188004,0.07261871546506882,30.405742645263672,0.0009108055965043604,24.592681884765625,0.0034732180647552013,0.08460995554924011
34341,323,16,463,-1,3,22.610397338867188,0.18418458104133606,19.744037628173828,0.2129363864660263,24.961223602294922,20.758047103881836,0.23453587293624878,18.612520217895508,22.999422073364258,0.10885372012853622,17.695539474487305,18.18260955810547,18.89695167541504,0.20950064063072205,100.0,0.4170716404914856,0.5105510950088501,463,495,0.44336646795272827,0,0,0.0054822685196995735,0.0031906405929476023,22.3397216796875,0.005834826733916998,0.21464985609054565,0.01060708798468113,0.22502142190933228,19.208585739135742,0.011998898349702358,0.26785728335380554,0.008398376405239105,0.01699989289045334,21.502695083618164,0.007075065281242132,0.25968313217163086,0.013764108531177044,0.2512422204017639,18.686491012573242,0.013531655073165894,0.28416046500205994,0.005012540612369776,0.015196343883872032,24.627098083496094,0.0034458008594810963,0.11129696667194366,0.012891538441181183,0.0,18.27547264099121,0.014874854125082493,0.2454565316438675,24.01671600341797,0.003965777810662985,0.1566840559244156,30.506696701049805,0.0008898777887225151,23.527156829833984,0.004438992589712143,0.18270836770534515,20.32575225830078,0.00927736982703209,0.20452380180358887,19.71422004699707,0.010680168867111206,0.246196448802948,22.358013153076172,0.00581030547618866,0.19714663922786713,26.970674514770508,0.0020087817683815956,21.941490173339844,0.006395155098289251,0.22780251502990723,19.45546531677246,0.011335833929479122,0.23121106624603271,18.900463104248047,0.012881124392151833,0.2720359265804291,25.788028717041016,0.0026375283487141132,0.08112569153308868,28.906753540039062,0.0012862479779869318,25.458541870117188,0.002845417708158493,0.09422940760850906
34509,323,16,631,-1,3,19.904052734375,0.22097888588905334,17.32819175720215,0.2666451632976532,24.40721321105957,18.300621032714844,0.258483350276947,16.32754135131836,21.46038818359375,0.10808335244655609,17.960229873657227,18.30213165283203,16.29408073425293,0.19624608755111694,34.50343322753906,0.3873068690299988,0.6884596943855286,631,663,0.4847082793712616,0,0,0.010223384015262127,0.0036247556563466787,19.492895126342773,0.011238557286560535,0.24903595447540283,0.01850038766860962,0.2053319215774536,16.776456832885742,0.02100653015077114,0.226584792137146,0.014788970351219177,0.015994733199477196,18.355440139770508,0.014603468589484692,0.2819327414035797,0.023294100537896156,0.24404406547546387,16.10098648071289,0.024541517719626427,0.25826171040534973,0.007144328206777573,0.014783823862671852,22.240970611572266,0.0059690214693546295,0.1097395271062851,0.02347426861524582,0.0003545331710483879,15.681354522705078,0.027031147852540016,0.218043252825737,20.429670333862305,0.009058013558387756,0.19645480811595917,29.92547035217285,0.0010173096088692546,19.873716354370117,0.010295046493411064,0.22456684708595276,17.56833267211914,0.017505187541246414,0.19111686944961548,16.961929321289062,0.02012830786406994,0.21488535404205322,19.060420989990234,0.012415319681167603,0.22268298268318176,27.367341995239258,0.0018334363121539354,18.52530860900879,0.014043302275240421,0.2538927495479584,16.746456146240234,0.02115214429795742,0.21380802989006042,16.159759521484375,0.02421163022518158,0.23940113186836243,23.456451416015625,0.004511851351708174,0.07842527329921722,29.973857879638672,0.0010060382774099708,22.966049194335938,0.005051207263022661,0.08988300710916519
34546,323,16,668,-1,0,17.77028465270996,0.33910107612609863,15.843027114868164,0.36007213592529297,23.87371063232422,16.879920959472656,0.36603376269340515,15.283422470092773,22.427549362182617,0.10088114440441132,17.739055633544922,18.093679428100586,15.314949989318848,0.34457239508628845,100.0,0.48825809359550476,0.7374626994132996,668,700,0.46811118721961975,0,0,0.016709811985492706,0.004098537378013134,17.293209075927734,0.018650008365511894,0.3877955377101898,0.026043377816677094,0.3486897945404053,15.270987510681152,0.02970989979803562,0.3979938328266144,0.020511992275714874,0.01683039776980877,16.761625289916992,0.02107839100062847,0.41339626908302307,0.029624955728650093,0.3756842315196991,14.968484878540039,0.0318530909717083,0.4175592362880707,0.00571801234036684,0.015510724857449532,23.755693435668945,0.0042114416137337685,0.10003050416707993,0.029410677030682564,0.0,14.693470001220703,0.03393539786338806,0.3967088460922241,18.049179077148438,0.015670474618673325,0.3202184736728668,32.07929611206055,0.0006195416208356619,17.450653076171875,0.017986001446843147,0.37188664078712463,16.086275100708008,0.024624790996313095,0.33425265550613403,15.469717025756836,0.028381038457155228,0.3857097029685974,17.40738296508789,0.01816609501838684,0.3371945917606354,29.474056243896484,0.001128741423599422,16.82203483581543,0.020787229761481285,0.3926001191139221,15.666947364807129,0.02712097205221653,0.35610878467559814,15.064647674560547,0.03115554340183735,0.41021203994750977,25.018720626831055,0.0031486765947192907,0.07144597172737122,30.40271759033203,0.0009114405256696045,24.568180084228516,0.0034928671084344387,0.0818088948726654
34678,323,16,832,-1,0,25.882471084594727,0.13930435478687286,23.433307647705078,0.18693123757839203,26.557369232177734,22.456745147705078,0.17847688496112823,21.189682006835938,23.177078247070312,0.11887248605489731,17.970073699951172,18.087350845336914,21.989334106445312,0.1162591427564621,100.0,0.3136858642101288,0.595918595790863,832,864,0.42602086067199707,0,0,0.002580791711807251,0.0022093425504863262,25.787355422973633,0.0026379378978163004,0.15415722131729126,0.004535959102213383,0.12216270714998245,23.165796279907227,0.004824148025363684,0.1327281892299652,0.005679698195308447,0.015958523377776146,23.873918533325195,0.00409834086894989,0.1909068375825882,0.007603817619383335,0.16614767909049988,21.969802856445312,0.006353598553687334,0.1736392080783844,0.004811631515622139,0.015533346682786942,25.000194549560547,0.003162136534228921,0.12103225290775299,0.006325090304017067,0.0,21.367855072021484,0.007298181299120188,0.1317480355501175,28.13239288330078,0.0015373073983937502,0.11145344376564026,35.8515625,0.00025992243899963796,27.609939575195312,0.0017338282195851207,0.1274067759513855,24.632474899291992,0.0034415372647345066,0.09974093735218048,24.054229736328125,0.003931669984012842,0.1142151802778244,24.934246063232422,0.0032105206046253443,0.15145814418792725,30.659805297851562,0.0008590520010329783,24.47054100036621,0.0035722849424928427,0.17281796038150787,22.813980102539062,0.005231209099292755,0.1332707703113556,22.277942657470703,0.005918422248214483,0.1523113250732422,26.381824493408203,0.0023004754912108183,0.08193540573120117,31.152917861938477,0.0007668461184948683,25.957792282104492,0.002536418382078409,0.09361043572425842
34748,323,16,902,-1,2,25.533668518066406,0.1497800201177597,23.31927490234375,0.19779598712921143,24.68592071533203,22.557861328125,0.1717720925807953,21.23467254638672,23.345840454101562,0.11339166760444641,17.889022827148438,17.98651885986328,21.929946899414062,0.13074563443660736,100.0,0.3541489541530609,0.5585107207298279,902,934,0.4418331980705261,0,0,0.0027966175694018602,0.00339944357983768,25.680133819580078,0.0027038753032684326,0.17374199628829956,0.004656638018786907,0.15018583834171295,23.107330322265625,0.004889529198408127,0.16841980814933777,0.005548990331590176,0.016259144991636276,24.087936401367188,0.003901274176314473,0.19038282334804535,0.007525457069277763,0.1678514927625656,22.081005096435547,0.0061929780058562756,0.18047675490379333,0.004628242924809456,0.01589820347726345,25.384410858154297,0.0028944031801074743,0.11694779992103577,0.006412174552679062,0.0,21.308467864990234,0.007398662623018026,0.15386322140693665,27.90032196044922,0.0016216901130974293,0.1244930773973465,32.147743225097656,0.0006098541198298335,27.50225257873535,0.0017773571889847517,0.1469462811946869,24.61177635192871,0.0034579799976199865,0.1174626424908638,24.049514770507812,0.003935940098017454,0.1399880051612854,24.908578872680664,0.0032295507844537497,0.15121909976005554,28.84929656982422,0.0013033775612711906,24.527320861816406,0.0035258850548416376,0.17921417951583862,22.865859985351562,0.005169087555259466,0.1420920342206955,22.351680755615234,0.005818779114633799,0.16831539571285248,26.490135192871094,0.002243812894448638,0.08182407915592194,30.081615447998047,0.0009813831420615315,26.129606246948242,0.002438032766804099,0.0959780365228653
34752,323,16,906,-1,2,25.192338943481445,0.16748349368572235,22.849702835083008,0.21661022305488586,24.60674476623535,22.343791961669922,0.20883852243423462,20.932518005371094,23.26986312866211,0.12208983302116394,17.96236228942871,18.0858211517334,21.507553100585938,0.125285342335701,100.0,0.38223928213119507,0.5666875243186951,906,938,0.43783190846443176,0,0,0.0030252845026552677,0.003461988875642419,25.289875030517578,0.002958098892122507,0.19133511185646057,0.005188358016312122,0.1440936028957367,22.594364166259766,0.005502547603100538,0.16074438393115997,0.0058293589390814304,0.01598687842488289,23.699115753173828,0.004266663454473019,0.23432758450508118,0.008067674934864044,0.17717260122299194,21.634098052978516,0.00686420826241374,0.19076499342918396,0.00470992224290967,0.015538820996880531,25.1656436920166,0.0030439377296715975,0.12321251630783081,0.007067155092954636,0.0,20.886075973510742,0.008154409937560558,0.1485142707824707,27.418926239013672,0.0018117889994755387,0.14265218377113342,32.37202453613281,0.000579158600885421,26.98660659790039,0.0020014247857034206,0.17063786089420319,24.118940353393555,0.003873522160574794,0.11543849110603333,23.55485725402832,0.004410770256072283,0.13741421699523926,24.514894485473633,0.0035359871108084917,0.187260240316391,29.242809295654297,0.0011904715793207288,24.092880249023438,0.0038968357257544994,0.22204963862895966,22.480497360229492,0.005648722406476736,0.1405341923236847,21.9566650390625,0.006372847128659487,0.1657373309135437,26.38479232788086,0.0022989048156887293,0.08924084901809692,30.368616104125977,0.0009186252136714756,26.00109100341797,0.0025112556759268045,0.10274054110050201
34786,323,16,940,-1,0,25.35407257080078,0.17486295104026794,22.58140754699707,0.2038973867893219,25.56118392944336,22.209026336669922,0.22250545024871826,20.596921920776367,23.279552459716797,0.12245821952819824,17.78228759765625,17.95305061340332,21.1174373626709,0.204665869474411,100.0,0.3905057907104492,0.5221366286277771,940,972,0.43608683347702026,0,0,0.002914693672209978,0.002778955502435565,25.32306671142578,0.0029355764854699373,0.19341318309307098,0.005518986377865076,0.22259190678596497,22.178855895996094,0.00605500815436244,0.251784086227417,0.006013085134327412,0.016663694754242897,23.590686798095703,0.004374529700726271,0.24106884002685547,0.008715814910829067,0.25191497802734375,21.1976261138916,0.007589924149215221,0.2744898796081543,0.004699425771832466,0.016021203249692917,25.290584564208984,0.0029576141387224197,0.12561503052711487,0.007731371559202671,0.0,20.495956420898438,0.008920813910663128,0.23871630430221558,27.11677360534668,0.001942329341545701,0.1517849862575531,32.062538146972656,0.0006219370407052338,26.684782028198242,0.002145466860383749,0.1732541173696518,23.38839340209961,0.004583114758133888,0.2030358910560608,22.796405792236328,0.005252419970929623,0.23625698685646057,24.36730194091797,0.003658220637589693,0.20517456531524658,28.738554000854492,0.00133704103063792,23.962793350219727,0.00401532556861639,0.23739391565322876,21.9473876953125,0.0063864742405712605,0.22221225500106812,21.407299041748047,0.007232195697724819,0.25968295335769653,26.381839752197266,0.0023004671093076468,0.09719611704349518,30.423675537109375,0.0009070528903976083,25.994901657104492,0.0025148382410407066,0.11202859878540039
34787,323,16,941,-1,1,24.920318603515625,0.19565650820732117,22.061199188232422,0.22730107605457306,25.52157974243164,22.007749557495117,0.23321984708309174,20.25933265686035,23.22870635986328,0.129234179854393,17.876100540161133,17.886032104492188,20.743671417236328,0.2188168317079544,100.0,0.38654446601867676,0.5880334377288818,941,973,0.43704861402511597,0,0,0.003220832673832774,0.002804414601996541,24.83478355407715,0.003284896956756711,0.21987397968769073,0.006221286021173,0.23424527049064636,21.63656234741211,0.0068603139370679855,0.26316988468170166,0.00629832549020648,0.01630760170519352,23.225357055664062,0.004758437164127827,0.25785931944847107,0.009420346468687057,0.2604047358036041,20.754711151123047,0.008404831402003765,0.28337037563323975,0.004754768218845129,0.0162703488022089,25.253265380859375,0.0029831405263394117,0.13116036355495453,0.008426226675510406,0.0,20.1221923828125,0.009722569026052952,0.2481411248445511,26.569915771484375,0.002202969277277589,0.17072369158267975,32.444313049316406,0.0005695980507880449,26.100799560546875,0.002454256871715188,0.1979888379573822,22.7312068939209,0.005331867840141058,0.20695677399635315,22.134899139404297,0.0061166007071733475,0.23711548745632172,24.0786075592041,0.0039096614345908165,0.20551326870918274,29.15644645690918,0.0012143823551014066,23.640823364257812,0.004324320238083601,0.23888811469078064,21.458660125732422,0.007147171068936586,0.24042822420597076,20.91129493713379,0.00810718908905983,0.2742326259613037,26.35225486755371,0.0023161915596574545,0.099994957447052,30.179916381835938,0.0009594195289537311,25.977514266967773,0.0025249256286770105,0.11384440958499908
35415,323,16,1601,-1,3,24.46540069580078,0.15664704144001007,21.810426712036133,0.21340036392211914,24.987560272216797,21.81785774230957,0.20106413960456848,20.131389617919922,23.00990867614746,0.11201704293489456,18.084636688232422,18.13864517211914,20.527530670166016,0.2284887582063675,100.0,0.3752404749393463,0.5687029361724854,1601,1633,0.4426693618297577,0,0,0.003576514543965459,0.0031713491771370173,24.390363693237305,0.003638847731053829,0.17462903261184692,0.006591094192117453,0.2387508600950241,21.42888641357422,0.007196338381618261,0.2674805521965027,0.006579823326319456,0.015543055720627308,22.839242935180664,0.005200864747166634,0.21683183312416077,0.009701996110379696,0.26269760727882385,20.565231323242188,0.008779646828770638,0.28836673498153687,0.005000449251383543,0.015350958332419395,24.674922943115234,0.0034080634359270334,0.1119578555226326,0.008856193162500858,0.0,19.906051635742188,0.010218684561550617,0.2638992965221405,26.269344329833984,0.0023608345072716475,0.13651324808597565,33.163780212402344,0.0004826387739740312,25.76788902282715,0.002649787813425064,0.15716542303562164,22.838991165161133,0.005201166961342096,0.21392899751663208,22.24594497680664,0.00596218416467309,0.24532407522201538,23.656970977783203,0.004308270290493965,0.1720343977212906,29.58275604248047,0.0011008402798324823,23.186031341552734,0.004801720846444368,0.19794303178787231,21.432472229003906,0.007190397009253502,0.23623760044574738,20.88579559326172,0.008154934272170067,0.27247512340545654,25.895814895629883,0.0025728740729391575,0.0806642547249794,30.59442138671875,0.000872083764988929,25.475181579589844,0.002834534039720893,0.09156946837902069
35721,323,16,1939,-1,0,22.925411224365234,0.15958616137504578,22.035194396972656,0.18966959416866302,26.915266036987305,20.282861709594727,0.19119524955749512,19.764785766601562,21.3826847076416,0.12443475425243378,18.27973175048828,18.427108764648438,20.14025115966797,0.09209742397069931,100.0,0.24457259476184845,0.7755144834518433,1939,1971,0.4472142159938812,0,0,0.0050986954011023045,0.0020345745142549276,22.541372299194336,0.005570097826421261,0.18148154020309448,0.006258650682866573,0.11509984731674194,21.53976058959961,0.007014942355453968,0.12968090176582336,0.009369445964694023,0.014860277064144611,20.693208694458008,0.008524701930582523,0.20386096835136414,0.010556534864008427,0.14617063105106354,20.033462524414062,0.00992324948310852,0.15085852146148682,0.007273302413523197,0.014364452101290226,22.08846092224121,0.006182356737554073,0.1258826106786728,0.009682218544185162,0.0,19.51877212524414,0.011171790771186352,0.1062542200088501,24.830730438232422,0.003287963103502989,0.13121411204338074,35.43553161621094,0.0002860532549675554,24.259925842285156,0.00374979549087584,0.15531374514102936,23.517574310302734,0.00444879662245512,0.0883168876171112,22.923049926757812,0.005101465620100498,0.10260544717311859,21.69236946105957,0.006772720720618963,0.16471648216247559,30.593164443969727,0.000872335396707058,21.146121978759766,0.007680471986532211,0.19089831411838531,21.019859313964844,0.007907042279839516,0.11478398740291595,20.459793090820312,0.00899540912359953,0.13193942606449127,23.36429214477539,0.004608621820807457,0.0885506123304367,30.85088348388672,0.0008220755262300372,22.847349166870117,0.00519116735085845,0.10254813730716705
35940,323,16,2158,-1,3,24.004600524902344,0.15965068340301514,20.22509765625,0.21811364591121674,24.86139678955078,21.33365821838379,0.1845797300338745,18.796194076538086,22.596012115478516,0.10453994572162628,17.588699340820312,17.801721572875977,18.99964141845703,0.1991247981786728,100.0,0.3883140981197357,0.5616938471794128,2158,2190,0.4517636001110077,0,0,0.0039768582209944725,0.0032648274209350348,23.88658905029297,0.004086400847882032,0.18759170174598694,0.009494896046817303,0.21370892226696014,19.69902229309082,0.010717608965933323,0.2552345097064972,0.00735587440431118,0.01742328144609928,22.360450744628906,0.005807042121887207,0.20591194927692413,0.013194127008318901,0.23350569605827332,18.966106414794922,0.012687891721725464,0.26116031408309937,0.005500459112226963,0.016589287668466568,24.208471298217773,0.003794485703110695,0.10791804641485214,0.012590299360454082,0.0,18.378162384033203,0.014527268707752228,0.23573534190654755,25.739578247070312,0.002667117863893509,0.13556067645549774,33.42987823486328,0.0004539544752333313,25.217792510986328,0.0030076042748987675,0.1664983630180359,20.83002281188965,0.008260337635874748,0.1905876100063324,20.21877098083496,0.009508742019534111,0.22969120740890503,23.137723922729492,0.004855428356677294,0.1504622995853424,28.75690269470215,0.001331403967924416,22.67800521850586,0.005397585686296225,0.17945171892642975,19.69955062866211,0.010716305114328861,0.20902809500694275,19.140304565429688,0.012189039029181004,0.24809487164020538,25.361330032348633,0.002909826347604394,0.07736007869243622,29.263835906982422,0.0011847222922369838,24.98225212097168,0.0031752269715070724,0.09146754443645477
36071,323,16,2289,-1,2,25.121610641479492,0.17072561383247375,19.71686363220215,0.20672988891601562,24.778091430664062,22.0826358795166,0.2143787294626236,18.52272605895996,22.93661117553711,0.11926114559173584,17.524681091308594,17.406784057617188,18.854816436767578,0.20829160511493683,100.0,0.36410021781921387,0.5677829384803772,2289,2321,0.43311718106269836,0,0,0.003074957523494959,0.0033280588686466217,25.176956176757812,0.0030360191594809294,0.19267301261425018,0.010673665441572666,0.22478869557380676,19.33742332458496,0.011648168787360191,0.24101659655570984,0.006190651562064886,0.017682023346424103,23.543079376220703,0.0044227479957044125,0.2393365055322647,0.014051651582121849,0.24523967504501343,18.710615158081055,0.013456704095005989,0.2562176585197449,0.005085563752800226,0.018168609589338303,25.12467384338379,0.003072787309065461,0.11699683964252472,0.013017228804528713,0.0,18.23333740234375,0.015019876882433891,0.22411154210567474,27.145366668701172,0.0019295826787129045,0.13778796792030334,31.735042572021484,0.0006706498679704964,26.729957580566406,0.0021232645958662033,0.16355392336845398,20.286075592041016,0.009362513199448586,0.19844329357147217,19.69092559814453,0.010737606324255466,0.21798531711101532,24.319047927856445,0.0036990938242524862,0.18056970834732056,27.990503311157227,0.0015883635496720672,23.95361328125,0.00402382155880332,0.21675047278404236,19.41980743408203,0.011429290287196636,0.22768068313598633,18.86224937438965,0.012994964607059956,0.24730676412582397,26.26006317138672,0.0023658846039325,0.0856575071811676,28.85776710510254,0.0013008384266868234,25.96924591064453,0.0025297377724200487,0.09856210649013519
36218,323,16,2436,-1,1,26.036758422851562,0.17026470601558685,23.096675872802734,0.20226359367370605,25.28954315185547,22.549598693847656,0.2129656821489334,20.95147705078125,23.347063064575195,0.12191691994667053,17.50814437866211,17.529775619506836,21.851150512695312,0.15976999700069427,100.0,0.36979469656944275,0.5469618439674377,2436,2468,0.4438098073005676,0,0,0.0024907165206968784,0.0029583247378468513,26.164043426513672,0.0024187767412513494,0.18451175093650818,0.004901539068669081,0.1801106184720993,22.864456176757812,0.005170763004571199,0.1972174197435379,0.005559556186199188,0.017749477177858353,24.336585998535156,0.0036841845139861107,0.22317951917648315,0.008032531477510929,0.2034803181886673,21.86375617980957,0.006510648410767317,0.21166612207889557,0.0046269395388662815,0.01766129769384861,25.814247131347656,0.0026216537225991488,0.11419788748025894,0.006529577076435089,0.0,21.229671478271484,0.0075341276824474335,0.18204814195632935,28.1444149017334,0.001533058239147067,0.14211918413639069,31.56822967529297,0.0006969108362682164,27.794483184814453,0.0016616962384432554,0.16048799455165863,24.07260513305664,0.0039150710217654705,0.14731493592262268,23.496742248535156,0.004470188170671463,0.16914662718772888,25.032875061035156,0.0031384299509227276,0.18507549166679382,27.261981964111328,0.0018784598214551806,24.77259635925293,0.003332271473482251,0.20736268162727356,22.514705657958984,0.005604403093457222,0.17547579109668732,22.040725708007812,0.006250686012208462,0.1994449645280838,26.857330322265625,0.0020618971902877092,0.08267916738986969,28.342018127441406,0.001464867265895009,26.668052673339844,0.002153747947886586,0.09202985465526581
36284,323,16,2502,-1,3,25.031116485595703,0.14414404332637787,21.552370071411133,0.17052026093006134,25.74854850769043,22.238361358642578,0.18604688346385956,20.11578369140625,23.81231117248535,0.09351985156536102,17.73611831665039,17.747220993041992,20.690624237060547,0.1758662313222885,100.0,0.37509670853614807,0.4546034634113312,2502,2534,0.4446094036102295,0,0,0.0031397035345435143,0.0026616142131388187,24.930545806884766,0.00321325589902699,0.1633463203907013,0.006994602270424366,0.18377847969532013,21.21892738342285,0.007552789524197578,0.20300394296646118,0.005972604732960463,0.01684178225696087,23.66489028930664,0.0043004234321415424,0.19485090672969818,0.0097369235008955,0.20315514504909515,20.655736923217773,0.008598573505878448,0.21428550779819489,0.004156895447522402,0.01679878681898117,26.55217170715332,0.002211988903582096,0.086255744099617,0.008529775775969028,0.0,20.06914520263672,0.009842049330472946,0.2014426290988922,26.303466796875,0.0023423577658832073,0.12328529357910156,32.79636764526367,0.0005252466071397066,25.813817977905273,0.002621913095936179,0.14419353008270264,22.16119956970215,0.0060796719044446945,0.17157840728759766,21.571701049804688,0.006963537074625492,0.19542990624904633,24.36048698425293,0.003663963871076703,0.15825851261615753,27.768226623535156,0.001671773730777204,24.0115966796875,0.003970454912632704,0.18112897872924805,21.26369857788086,0.0074753244407474995,0.19070345163345337,20.748384475708008,0.008417082950472832,0.21666960418224335,27.477205276489258,0.0017876382917165756,0.07167017459869385,28.551494598388672,0.0013958883937448263,27.33319854736328,0.0018479075515642762,0.08054879307746887
36317,323,16,2535,-1,0,25.214740753173828,0.15186303853988647,21.384191513061523,0.18839804828166962,25.06273651123047,22.30594825744629,0.19061537086963654,19.867538452148438,23.670454025268555,0.10622736811637878,17.700773239135742,17.743547439575195,20.544260025024414,0.22766947746276855,100.0,0.39376482367515564,0.47845321893692017,2535,2567,0.46083325147628784,0,0,0.0030097193084657192,0.003116925247013569,25.23860740661621,0.0029932260513305664,0.16985984146595,0.007270776201039553,0.23804879188537598,20.941696166992188,0.008050643838942051,0.26835915446281433,0.005880378186702728,0.016979413107037544,23.795690536499023,0.004172835033386946,0.20104274153709412,0.010309700854122639,0.2677841782569885,20.31710433959961,0.009295862168073654,0.29116639494895935,0.004294914659112692,0.016812998801469803,26.254249572753906,0.0023690557572990656,0.10501229017972946,0.008822139352560043,0.0,19.92278289794922,0.010179391130805016,0.26244547963142395,26.6561222076416,0.0021596725564450026,0.13644349575042725,32.64984893798828,0.0005432690377347171,26.182804107666016,0.002408350119367242,0.1566074937582016,21.86231803894043,0.006512808613479137,0.22272241115570068,21.263805389404297,0.0074751414358615875,0.2555479109287262,24.487550735473633,0.003558320226147771,0.16651511192321777,27.49053955078125,0.0017821583896875381,24.16622543334961,0.0038315758574754,0.18883435428142548,20.995101928710938,0.007952244952321053,0.24206843972206116,20.482868194580078,0.008947735652327538,0.27796056866645813,27.223012924194336,0.0018953908002004027,0.08519021421670914,28.498111724853516,0.001413152553141117,27.056259155273438,0.001969581237062812,0.09627296775579453
36548,323,16,2766,-1,3,25.57110595703125,0.33535516262054443,23.428335189819336,0.2398337423801422,23.4904842376709,22.940841674804688,0.388133704662323,21.49663734436035,24.318134307861328,0.10583081841468811,17.523977279663086,17.366912841796875,22.716686248779297,0.29729560017585754,100.0,0.34024637937545776,0.7048825621604919,2766,2798,0.46969592571258545,0,0,0.0027726152911782265,0.004476635251194239,26.002471923828125,0.0025104584638029337,0.39782825112342834,0.004541157279163599,0.2992188632488251,23.232158660888672,0.004750988446176052,0.3487216830253601,0.005080609582364559,0.017684893682599068,25.02864646911621,0.0031414886470884085,0.4516320824623108,0.007084944285452366,0.31727054715156555,22.592174530029297,0.005505318287760019,0.36090368032455444,0.0036998712457716465,0.018336178734898567,28.391918182373047,0.001448131981305778,0.10844148695468903,0.005349725019186735,0.0,22.095205307006836,0.006172759924083948,0.34812402725219727,27.309839248657227,0.0018578731687739491,0.31265658140182495,32.29180908203125,0.0005899553070776165,26.876243591308594,0.0020529376342892647,0.37950560450553894,24.089134216308594,0.0039001984987407923,0.28607216477394104,23.50344467163086,0.004463294520974159,0.34099963307380676,25.648223876953125,0.00272381491959095,0.3418402075767517,27.653804779052734,0.0017164048040285707,25.40788459777832,0.0028788011986762285,0.41027843952178955,23.167936325073242,0.00482177035883069,0.29590731859207153,22.71613311767578,0.005350405350327492,0.3497564494609833,29.541030883789062,0.001111467950977385,0.060705363750457764,28.76883316040039,0.0013277512043714523,29.673032760620117,0.0010781936580315232,0.07029271870851517
36640,323,16,2858,-1,3,25.768714904785156,0.18708543479442596,22.11770248413086,0.18837206065654755,24.76188850402832,22.693382263183594,0.22569750249385834,20.466064453125,24.168010711669922,0.10185938328504562,17.49031639099121,17.536197662353516,21.415245056152344,0.2040620744228363,100.0,0.3874053955078125,0.4862401485443115,2858,2890,0.4310360252857208,0,0,0.0026492851320654154,0.0033404980786144733,25.946632385253906,0.0025429443921893835,0.21934911608695984,0.006140869110822678,0.20815590023994446,21.772850036621094,0.006648367270827293,0.24544167518615723,0.005378508009016514,0.017822491005063057,24.60416030883789,0.0034640489611774683,0.2558286488056183,0.008982423692941666,0.2367648035287857,21.23355484008789,0.007527395151555538,0.26503923535346985,0.003830001689493656,0.017635196447372437,27.67989158630371,0.001706125563941896,0.10470572113990784,0.0072189755737781525,0.0,20.793766021728516,0.008329587057232857,0.2435670793056488,27.244510650634766,0.0018860317068174481,0.17284734547138214,32.36201477050781,0.0005804949905723333,26.805017471313477,0.002086883643642068,0.2075291872024536,22.65028953552246,0.005432141944766045,0.19353896379470825,22.055957794189453,0.006228798069059849,0.2345285415649414,25.296024322509766,0.002953911665827036,0.20262178778648376,27.161136627197266,0.0019225889118388295,25.068798065185547,0.003112576901912689,0.24345383048057556,21.812702178955078,0.006587638985365629,0.20892846584320068,21.33444595336914,0.007354539819061756,0.2507595717906952,28.560693740844727,0.0013929345877841115,0.06939344853162766,28.16387176513672,0.001526205101981759,28.62509536743164,0.0013724315213039517,0.08383434265851974
36698,323,16,2916,-1,1,25.004669189453125,0.16344472765922546,23.358543395996094,0.22284440696239471,23.716936111450195,22.097566604614258,0.1935575008392334,21.15021514892578,23.114187240600586,0.11068079620599747,17.515714645385742,17.550840377807617,21.895904541015625,0.12094032764434814,100.0,0.3514014780521393,0.6341589689254761,2916,2948,0.4316888451576233,0,0,0.0031588810961693525,0.004249192774295807,25.24163246154785,0.0029911408200860023,0.19234950840473175,0.004614723846316338,0.13765177130699158,23.10207176208496,0.004895453341305256,0.1581951379776001,0.00616940762847662,0.017718566581606865,23.572769165039062,0.004392615053802729,0.21480922400951385,0.007673234678804874,0.16275203227996826,22.043617248535156,0.006246522534638643,0.17486442625522614,0.0048818145878612995,0.017575835809111595,25.33297348022461,0.0029288888908922672,0.11359663307666779,0.00646263686940074,0.0,21.274423599243164,0.007456888444721699,0.1433398425579071,27.08621597290039,0.0019560439977794886,0.1414034515619278,31.62921142578125,0.0006871933001093566,26.673086166381836,0.0021512522362172604,0.16853155195713043,24.50300407409668,0.0035456810146570206,0.11876475811004639,23.942358016967773,0.004034262150526047,0.13916760683059692,24.284486770629883,0.00372864818200469,0.16823403537273407,26.321401596069336,0.0023327055387198925,24.041282653808594,0.003943408373743296,0.19994685053825378,22.709543228149414,0.005358532071113586,0.1299765408039093,22.304622650146484,0.005882172845304012,0.15329019725322723,26.28636360168457,0.0023516016080975533,0.07900917530059814,26.974611282348633,0.002006961265578866,26.189529418945312,0.002404623432084918,0.09379911422729492
36852,323,16,3070,-1,3,25.052719116210938,0.1650477945804596,22.102815628051758,0.21355652809143066,25.546770095825195,21.905424118041992,0.21364746987819672,20.202444076538086,22.884836196899414,0.11650809645652771,17.64095115661621,17.6519832611084,20.860918045043945,0.16537171602249146,100.0,0.358999639749527,0.5948655605316162,3070,3102,0.4225586950778961,0,0,0.003124123439192772,0.002788195153698325,24.981462478637695,0.0031758046243339777,0.18692171573638916,0.006161954719573259,0.1877640336751938,21.750778198242188,0.006682243198156357,0.2080078423023224,0.0064484840258955956,0.01721492037177086,23.194732666015625,0.004792109131813049,0.23379075527191162,0.009544553235173225,0.21294310688972473,20.7735538482666,0.008368443697690964,0.2235042005777359,0.00514655327424407,0.017171241343021393,24.8193359375,0.003296601353213191,0.11791093647480011,0.008201783522963524,0.0,20.239437103271484,0.009463596157729626,0.1838127225637436,27.137346267700195,0.0019331492949277163,0.1430010348558426,32.077415466308594,0.0006198096089065075,26.705610275268555,0.0021352015901356936,0.16482111811637878,22.92732048034668,0.00509645277634263,0.16633792221546173,22.353126525878906,0.005816844291985035,0.19044694304466248,24.056800842285156,0.003929342608898878,0.17768216133117676,27.244434356689453,0.0018860657000914216,23.72256088256836,0.0042436933144927025,0.205474391579628,21.44527244567871,0.007169235032051802,0.18846748769283295,20.968242645263672,0.008001580834388733,0.20928193628787994,25.82050323486328,0.002617879072204232,0.0842650830745697,27.410369873046875,0.0018153621349483728,25.6203670501709,0.002741343341767788,0.09748238325119019
37426,323,16,3644,-1,1,24.932241439819336,0.14848707616329193,23.057674407958984,0.22668753564357758,25.50222396850586,21.929668426513672,0.17498397827148438,20.852344512939453,23.259090423583984,0.10113899409770966,17.617446899414062,17.65179443359375,21.650318145751953,0.13976432383060455,100.0,0.34772351384162903,0.651918888092041,3644,3676,0.43122923374176025,0,0,0.003212003270164132,0.002816940890625119,24.850828170776367,0.003272782312706113,0.1741817593574524,0.004945756401866674,0.1458980292081833,22.689359664916992,0.005383491516113281,0.16923236846923828,0.006412585731595755,0.017308330163359642,23.24559211730957,0.004736317787319422,0.19332800805568695,0.008217993192374706,0.1695185750722885,21.603832244873047,0.0069122095592319965,0.18689796328544617,0.004721618257462978,0.017171984538435936,25.518848419189453,0.002806176897138357,0.10339629650115967,0.006838616449385881,0.0,21.028841018676758,0.007890711538493633,0.16515770554542542,26.515466690063477,0.0022307634353637695,0.1274428516626358,31.849609375,0.0006531893159262836,26.066940307617188,0.0024734672624617815,0.1533874273300171,23.924819946289062,0.004050586838275194,0.12807708978652954,23.34891128540039,0.004624970722943544,0.15222765505313873,23.974075317382812,0.004004909191280603,0.1555919051170349,25.985797882080078,0.0025201132521033287,23.733169555664062,0.004233338870108128,0.18326757848262787,22.251569747924805,0.005954468157142401,0.14900782704353333,21.841930389404297,0.006543449591845274,0.17743337154388428,26.363706588745117,0.0023100925609469414,0.0699843168258667,26.478357315063477,0.0022499056067317724,26.346332550048828,0.002319352002814412,0.08173446357250214
37476,323,16,3694,-1,3,25.223596572875977,0.15918345749378204,22.25254249572754,0.21279989182949066,22.858566284179688,22.02141571044922,0.18895390629768372,20.415250778198242,23.027238845825195,0.11299161612987518,16.99020004272461,17.46100616455078,20.79013442993164,0.18761935830116272,23.402250289916992,0.3834666311740875,0.5549371838569641,3694,3726,0.4264316260814667,0,0,0.003003588877618313,0.005177775863558054,25.736352920532227,0.002669098787009716,0.18087756633758545,0.005953137297183275,0.19701795279979706,22.19518280029297,0.006032282952219248,0.22107380628585815,0.006278537213802338,0.019997702911496162,23.800830841064453,0.004167896695435047,0.20698504149913788,0.009088137187063694,0.21747887134552002,21.247966766357422,0.007502454798668623,0.23405659198760986,0.004980537109076977,0.017943179234862328,25.248687744140625,0.0029862849041819572,0.11622661352157593,0.00833655521273613,0.004568515345454216,20.498178482055664,0.008916253224015236,0.21652421355247498,26.71471405029297,0.0021307317074388266,0.12800879776477814,24.0497989654541,0.003935681190341711,27.32113265991211,0.0018530472880229354,0.15070833265781403,23.023849487304688,0.004984426312148571,0.17044642567634583,22.835247039794922,0.005205653607845306,0.1978282630443573,23.965805053710938,0.004012541379779577,0.16725818812847137,22.200353622436523,0.006025105249136686,24.314563751220703,0.0037029164377599955,0.1944403201341629,21.598318099975586,0.006920991465449333,0.19245460629463196,21.472082138061523,0.007125116419047117,0.22169969975948334,26.071056365966797,0.0024711221922188997,0.0860840305685997,26.474266052246094,0.002252025995403528,26.01222038269043,0.002504829317331314,0.09888256341218948
37688,323,16,3938,-1,2,25.774768829345703,0.19287970662117004,23.683101654052734,0.21261350810527802,25.918842315673828,22.193906784057617,0.24145975708961487,21.120203018188477,22.897472381591797,0.13879309594631195,17.471424102783203,17.444692611694336,21.840389251708984,0.1970369815826416,100.0,0.3461197018623352,0.6142774224281311,3938,3970,0.4306045472621918,0,0,0.0026455943007022142,0.002559269079938531,25.753021240234375,0.002658874960616231,0.21711766719818115,0.004282426089048386,0.2125052511692047,23.31439971923828,0.004661867395043373,0.2402612566947937,0.006034056656062603,0.017900189384818077,23.758731842041016,0.004208497703075409,0.263733446598053,0.007726448122411966,0.2403770536184311,22.076311111450195,0.006199676543474197,0.26309728622436523,0.005131599958986044,0.018010709434747696,25.01662254333496,0.0031501981429755688,0.14273616671562195,0.006545773707330227,0.0,21.218910217285156,0.007552816066890955,0.2286844700574875,27.97489356994629,0.0015940823359414935,0.16361181437969208,32.695045471191406,0.000537644955329597,27.553245544433594,0.001756611280143261,0.19020196795463562,24.827415466308594,0.0032904725521802902,0.17780660092830658,24.243249893188477,0.0037642205134034157,0.20538781583309174,24.619205474853516,0.0034520698245614767,0.20558452606201172,27.960315704345703,0.0015994419809430838,24.2746639251709,0.003737089689821005,0.2369135618209839,22.85067367553711,0.0051871975883841515,0.2059445083141327,22.38512420654297,0.005774142220616341,0.23667454719543457,26.102712631225586,0.002453177934512496,0.09588582813739777,28.715290069580078,0.0013442218769341707,25.81071662902832,0.0026237862184643745,0.10721541196107864
37813,323,16,4063,-1,3,26.17461395263672,0.14059677720069885,23.877466201782227,0.1598598062992096,26.772157669067383,22.447856903076172,0.17972292006015778,21.34616470336914,23.150556564331055,0.11500035971403122,17.44510269165039,17.495033264160156,22.25471305847168,0.11111374199390411,100.0,0.32846951484680176,0.486680805683136,4063,4095,0.43184468150138855,0,0,0.0024128963705152273,0.0021027338225394487,26.089569091796875,0.002460613613948226,0.1596492975950241,0.004094995558261871,0.12424158304929733,23.586397171020508,0.004378851503133774,0.1396942138671875,0.005691336467862129,0.01800900511443615,24.20638084411621,0.003796311328187585,0.19175776839256287,0.007334719877690077,0.15224942564964294,22.410137176513672,0.0057409824803471565,0.1576838195323944,0.0048411027528345585,0.017803145572543144,25.456214904785156,0.0028469422832131386,0.11623843759298325,0.005950161721557379,0.0,21.63323402404785,0.00686557125300169,0.12589620053768158,28.43476104736328,0.0014339173212647438,0.1201104074716568,33.6746711730957,0.0004290747456252575,27.99010467529297,0.0015885084867477417,0.13809894025325775,24.970516204833984,0.003183819819241762,0.09175559133291245,24.421859741210938,0.003612552070990205,0.10362856090068817,25.145885467529297,0.00305781583301723,0.1543012410402298,27.635080337524414,0.0017238208092749119,24.86376953125,0.0032630455680191517,0.17806074023246765,23.08758544921875,0.004911808762699366,0.12246726453304291,22.653881072998047,0.005427652969956398,0.1397867500782013,26.568893432617188,0.002203487791121006,0.08287164568901062,28.111478805541992,0.0015447288751602173,26.373600006103516,0.0023048354778438807,0.09391454607248306
38078,323,16,4328,-1,0,24.419404983520508,0.1769745945930481,21.389850616455078,0.24412046372890472,25.48674774169922,21.515350341796875,0.2171381562948227,19.73931121826172,23.160093307495117,0.10232456773519516,17.49527359008789,17.654850006103516,20.268184661865234,0.17900902032852173,100.0,0.4026576578617096,0.6062729954719543,4328,4360,0.4259530305862427,0,0,0.003614594228565693,0.0028269952163100243,24.276206970214844,0.003735763020813465,0.203127920627594,0.007261308375746012,0.18302558362483978,20.966920852661133,0.008004019036889076,0.213907390832901,0.007054478395730257,0.017802158370614052,22.67526626586914,0.005400990601629019,0.24195897579193115,0.01061863824725151,0.2070578932762146,20.20961570739746,0.009528807364404202,0.23375113308429718,0.0048304833471775055,0.01715990900993347,25.325918197631836,0.0029336491134017706,0.10353256016969681,0.009401161223649979,0.0,19.646705627441406,0.010847493074834347,0.21520695090293884,25.768461227416992,0.0026494397316128016,0.1489594727754593,30.555435180664062,0.0008799469214864075,25.34368896484375,0.002921669278293848,0.17847365140914917,22.05164909362793,0.0062349820509552956,0.16056732833385468,21.475427627563477,0.007119630929082632,0.19605673849582672,23.41275405883789,0.004557478707283735,0.1837754249572754,25.963397979736328,0.002533147344365716,23.12567901611328,0.004868913907557726,0.21564356982707977,20.850299835205078,0.00822185818105936,0.1845860481262207,20.37860107421875,0.00916515663266182,0.22124986350536346,26.227985382080078,0.0023834258317947388,0.0790332555770874,26.70159339904785,0.002137178787961602,26.159496307373047,0.002421310171484947,0.09177901595830917
38163,323,16,4413,-1,1,26.567615509033203,0.1401633471250534,24.00834083557129,0.19399063289165497,25.572423934936523,22.803401947021484,0.18054693937301636,21.499374389648438,23.433605194091797,0.10855033248662949,17.44320297241211,17.387731552124023,22.573123931884766,0.1513180434703827,100.0,0.36697033047676086,0.5286275744438171,4413,4445,0.42468807101249695,0,0,0.002204136224463582,0.0027717729099094868,26.743186950683594,0.0021168075036257505,0.158181831240654,0.003973433282226324,0.16190750896930695,23.77239227294922,0.004195279907435179,0.18409952521324158,0.005243966821581125,0.018016880378127098,24.842716217041016,0.0032789036631584167,0.19312679767608643,0.007080479059368372,0.1780725121498108,22.64712142944336,0.005436107516288757,0.1904892772436142,0.004535650834441185,0.018248485401272774,26.151123046875,0.0024259837809950113,0.10746891796588898,0.0055295261554419994,0.0,21.951641082763672,0.006380222737789154,0.17535385489463806,28.78797149658203,0.0013219137908890843,0.11834932863712311,32.56504821777344,0.0005539812264032662,28.41620445251465,0.0014400571817532182,0.13583818078041077,25.133983612060547,0.0030662084463983774,0.13558675348758698,24.572669982910156,0.0034892582334578037,0.15695792436599731,25.545928955078125,0.002788734156638384,0.1509942263364792,26.66400146484375,0.0021557575091719627,25.39686393737793,0.002886115340515971,0.1752219796180725,23.337879180908203,0.004636733792722225,0.15558217465877533,22.95342445373535,0.005065911915153265,0.17955255508422852,27.031661987304688,0.0019807685166597366,0.08118212223052979,27.24698829650879,0.0018849567277356982,26.999465942382812,0.0019955087918788195,0.09102741628885269
38358,323,16,4608,-1,0,23.6301212310791,0.21253140270709991,20.387632369995117,0.2343633621931076,23.950502395629883,21.31645393371582,0.24115800857543945,19.106761932373047,23.017770767211914,0.10229404270648956,17.571550369262695,17.69390106201172,19.542524337768555,0.1778324842453003,100.0,0.3702491223812103,0.6329882740974426,4608,4640,0.46107175946235657,0,0,0.004334988538175821,0.004026704467833042,23.582862854003906,0.004382417071610689,0.25421851873397827,0.009146120399236679,0.18957896530628204,19.925979614257812,0.010171899572014809,0.22597797214984894,0.007385070435702801,0.01749221794307232,22.343219757080078,0.005830125417560339,0.28746503591537476,0.012283544056117535,0.21655629575252533,19.33730697631836,0.011648484505712986,0.2482752501964569,0.004991408437490463,0.017006302252411842,25.026607513427734,0.0031429631635546684,0.10535024106502533,0.01111085806041956,0.0,18.92104721069336,0.012820219621062279,0.21520891785621643,25.311874389648438,0.0029431497678160667,0.1880270540714264,30.64767837524414,0.0008614541729912162,24.863283157348633,0.003263410646468401,0.23355671763420105,21.10842514038086,0.007747427094727755,0.16833046078681946,20.506736755371094,0.008898695930838585,0.20925432443618774,23.015708923339844,0.0049937753938138485,0.21499788761138916,25.948177337646484,0.0025420403108000755,22.699478149414062,0.00537096569314599,0.26813027262687683,20.05365562438965,0.009877213276922703,0.19207513332366943,19.5388126373291,0.011120358482003212,0.23434674739837646,25.971298217773438,0.002528543584048748,0.07757449150085449,27.216176986694336,0.0018983769696205854,25.807893753051758,0.00262549240142107,0.09194766730070114
38370,323,16,4620,-1,0,22.958585739135742,0.1751851886510849,21.843597412109375,0.2554226815700531,25.260696411132812,20.284650802612305,0.21695339679718018,19.639747619628906,21.668968200683594,0.11672481149435043,17.606794357299805,17.844249725341797,19.763124465942383,0.13779431581497192,100.0,0.34997230768203735,0.7298368215560913,4620,4652,0.4509272277355194,0,0,0.005059892311692238,0.002978038974106312,22.692033767700195,0.005380177870392799,0.1954519897699356,0.006540942937135696,0.13644011318683624,21.38235092163086,0.007273862138390541,0.1523347944021225,0.009365586563944817,0.017350848764181137,20.895313262939453,0.008137083612382412,0.23892033100128174,0.01086488738656044,0.16793771088123322,19.97446632385254,0.010058966465294361,0.17956626415252686,0.006809311453253031,0.016427630558609962,22.733078002929688,0.005329570733010769,0.12080589681863785,0.01056057121604681,0.0,19.141647338867188,0.012185274623334408,0.15559333562850952,24.55801773071289,0.003501049941405654,0.1499929279088974,30.60584259033203,0.0008697927696630359,24.082834243774414,0.0039058588445186615,0.17141419649124146,23.038314819335938,0.00496784970164299,0.11746567487716675,22.45110321044922,0.0056870863772928715,0.13363219797611237,21.671737670898438,0.006804968696087599,0.19228307902812958,25.910423278808594,0.002564235357567668,21.274131774902344,0.007457389030605555,0.22160950303077698,20.75444221496582,0.008405350148677826,0.14902722835540771,20.29364585876465,0.009346209466457367,0.17081917822360992,23.641963958740234,0.004323185887187719,0.09694057703018188,26.431865692138672,0.002274120692163706,23.336294174194336,0.004638426471501589,0.10898488014936447
38518,323,16,4800,-1,1,24.080364227294922,0.14517737925052643,19.244152069091797,0.19594427943229675,26.09189224243164,21.283615112304688,0.17720288038253784,18.005239486694336,22.738033294677734,0.10294643044471741,17.828052520751953,18.102413177490234,18.230283737182617,0.25541895627975464,100.0,0.41775116324424744,0.4690454304218292,4800,4832,0.43549081683158875,0,0,0.003908080980181694,0.002459295792505145,23.8394775390625,0.004130971152335405,0.16132581233978271,0.011901041492819786,0.25730031728744507,18.712322235107422,0.013451410457491875,0.2905268669128418,0.007441126741468906,0.016489019617438316,22.183059692382812,0.006049144081771374,0.19062615931034088,0.015829818323254585,0.2846416234970093,17.988313674926758,0.01589163765311241,0.3110911250114441,0.005323493853211403,0.01547956932336092,24.2469425201416,0.0037610207218676805,0.10016557574272156,0.015030434355139732,0.0,17.608806610107422,0.017342809587717056,0.29346543550491333,25.30858039855957,0.002945383545011282,0.1176743134856224,32.79067611694336,0.0005259356694296002,24.7917537689209,0.003317606169730425,0.134221151471138,19.46416473388672,0.011313152499496937,0.2502366006374359,18.85578727722168,0.013014312833547592,0.28814977407455444,23.191104888916016,0.004796115215867758,0.15241847932338715,28.7160701751709,0.0013439805479720235,22.735000610351562,0.0053272126242518425,0.174826517701149,18.742252349853516,0.013359027914702892,0.26623404026031494,18.164844512939453,0.015258626081049442,0.30322134494781494,25.807292938232422,0.00262585561722517,0.07553741335868835,29.695690155029297,0.0010725833708420396,25.42902374267578,0.002864820882678032,0.08706177026033401
38564,323,16,4846,-1,3,21.584102630615234,0.1889554262161255,19.140377044677734,0.24768809974193573,24.90502166748047,19.58224105834961,0.23430287837982178,17.821430206298828,21.927547454833984,0.11468550562858582,18.01769256591797,18.042922973632812,17.99064826965332,0.2189965844154358,100.0,0.40389642119407654,0.6132465600967407,4846,4878,0.4330167770385742,0,0,0.006943678483366966,0.0032321971375495195,21.24089813232422,0.00751467514783144,0.21616016328334808,0.012188836932182312,0.21356487274169922,18.615774154663086,0.013753795064985752,0.24155722558498383,0.01100971456617117,0.015784502029418945,19.882125854492188,0.010275132022798061,0.2556493580341339,0.01651417650282383,0.25373220443725586,17.785964965820312,0.01664959453046322,0.27297836542129517,0.006415719632059336,0.015693066641688347,23.02035903930664,0.004988435190171003,0.11304231733083725,0.01588309183716774,0.0,17.369171142578125,0.018326645717024803,0.25137901306152344,22.571800231933594,0.005531206727027893,0.16360358893871307,33.19477462768555,0.0004792067047674209,22.000782012939453,0.006308437325060368,0.19223299622535706,19.597871780395508,0.010970160365104675,0.20147623121738434,18.988534927368164,0.012622534297406673,0.23155811429023743,20.892242431640625,0.008142834529280663,0.19965724647045135,29.902095794677734,0.001022799639031291,20.344114303588867,0.009238225407898426,0.23103633522987366,18.62681007385254,0.013718889094889164,0.22388356924057007,18.04698371887207,0.015678396448493004,0.2555992007255554,24.68184471130371,0.0034026363864541054,0.07920708507299423,30.204715728759766,0.0009539563907310367,24.2258243560791,0.0037793561350554228,0.08720749616622925
38728,323,16,5010,-1,3,25.43208885192871,0.16281984746456146,22.16520118713379,0.2110893726348877,25.477462768554688,22.340524673461914,0.19725096225738525,20.369070053100586,23.294052124023438,0.11402847617864609,17.898466110229492,18.023996353149414,20.756921768188477,0.20881012082099915,100.0,0.37066784501075745,0.5694839358329773,5010,5042,0.39984840154647827,0,0,0.002862800844013691,0.0028330476488918066,25.42514991760254,0.0028673780616372824,0.18323034048080444,0.006074073724448681,0.21692591905593872,21.776264190673828,0.006643146276473999,0.24625250697135925,0.005833747331053019,0.016223834827542305,23.731189727783203,0.004235272295773029,0.21176519989967346,0.009185290895402431,0.2487134337425232,20.874977111816406,0.008175275288522243,0.2689802944660187,0.004683762788772583,0.01576160080730915,25.258596420288086,0.0029794792644679546,0.11183925718069077,0.008400552906095982,0.0,20.13544273376465,0.009692945517599583,0.23822619020938873,27.304847717285156,0.0018600098555907607,0.13737718760967255,33.909305572509766,0.0004065084212925285,26.811805725097656,0.0020836256444454193,0.15605971217155457,22.662845611572266,0.005416460335254669,0.1973670870065689,22.070877075195312,0.006207436788827181,0.22656410932540894,24.700252532958984,0.0033882439602166414,0.1691894382238388,29.274906158447266,0.0011817060876637697,24.285579681396484,0.0037277110386639833,0.1919819414615631,21.477352142333984,0.00711647467687726,0.23148739337921143,20.941801071166992,0.008050445467233658,0.2634493410587311,26.626907348632812,0.002174250315874815,0.08551868051290512,29.788162231445312,0.0010499865747988224,26.294475555419922,0.0023472141474485397,0.09509960561990738
