index,episode,map,start,action,tics_since_decision,psnr_dec,lpips_dec,copy_psnr_dec,latent_mse,hud_psnr_dec,psnr_raw,lpips_raw,copy_psnr_raw,vae_psnr,vae_lpips,hud_psnr_raw,hud_vae_psnr,persist_psnr_raw,persist_lpips_raw,persist_hud_psnr_raw,copy_latent_mse,latent_mse_ratio,start_tic,scored_tic,context_motion,dup_latent,dup_raw,mse_dec,hud_mse_dec,scene_psnr_dec,scene_mse_dec,scene_lpips_dec,copy_mse_dec,copy_lpips_dec,scene_copy_psnr_dec,scene_copy_mse_dec,scene_copy_lpips_dec,mse_raw,hud_mse_raw,scene_psnr_raw,scene_mse_raw,scene_lpips_raw,copy_mse_raw,copy_lpips_raw,scene_copy_psnr_raw,scene_copy_mse_raw,scene_copy_lpips_raw,vae_mse,hud_vae_mse,scene_vae_psnr,scene_vae_mse,scene_vae_lpips,persist_mse_raw,persist_hud_mse_raw,scene_persist_psnr_raw,scene_persist_mse_raw,scene_persist_lpips_raw,psnr_dec_tuned,mse_dec_tuned,lpips_dec_tuned,hud_psnr_dec_tuned,hud_mse_dec_tuned,scene_psnr_dec_tuned,scene_mse_dec_tuned,scene_lpips_dec_tuned,copy_psnr_dec_tuned,copy_mse_dec_tuned,copy_lpips_dec_tuned,scene_copy_psnr_dec_tuned,scene_copy_mse_dec_tuned,scene_copy_lpips_dec_tuned,psnr_raw_tuned,mse_raw_tuned,lpips_raw_tuned,hud_psnr_raw_tuned,hud_mse_raw_tuned,scene_psnr_raw_tuned,scene_mse_raw_tuned,scene_lpips_raw_tuned,copy_psnr_raw_tuned,copy_mse_raw_tuned,copy_lpips_raw_tuned,scene_copy_psnr_raw_tuned,scene_copy_mse_raw_tuned,scene_copy_lpips_raw_tuned,vae_psnr_tuned,vae_mse_tuned,vae_lpips_tuned,hud_vae_psnr_tuned,hud_vae_mse_tuned,scene_vae_psnr_tuned,scene_vae_mse_tuned,scene_vae_lpips_tuned
896,6000,2,896,-1,0,23.003890991210938,0.10168801993131638,21.37897491455078,0.05674883350729942,30.024127960205078,21.934490203857422,0.11548258364200592,20.661968231201172,26.663930892944336,0.037011291831731796,20.389053344726562,20.35396957397461,21.288047790527344,0.1090850681066513,100.0,0.10368197411298752,0.5473355650901794,896,928,0.2342665046453476,0,0,0.005007386673241854,0.0009944600751623511,22.498960494995117,0.005624760407954454,0.11814343184232712,0.007279518060386181,0.11063650995492935,20.82155990600586,0.008276448585093021,0.12877157330513,0.006405471824109554,0.009143125265836716,22.22987174987793,0.005984294228255749,0.12837812304496765,0.008586241863667965,0.1247059777379036,20.706872940063477,0.008497924543917179,0.13798180222511292,0.002155792433768511,0.009217288345098495,29.70856475830078,0.0010694083757698536,0.035711172968149185,0.007433533668518066,0.0,20.666568756103516,0.008577154949307442,0.12741762399673462,23.879894256591797,0.0040927063673734665,0.08909435570240021,38.16187286376953,0.00015269071445800364,23.280075073242188,0.004698862321674824,0.1042066365480423,21.90021514892578,0.0064562237821519375,0.10292605310678482,21.283958435058594,0.007440537679940462,0.12202725559473038,23.291473388671875,0.004686542320996523,0.09321903437376022,34.896522521972656,0.0003238528151996434,22.710193634033203,0.005357725545763969,0.10903066396713257,21.54271125793457,0.007010174915194511,0.11079124361276627,20.94011688232422,0.008053569123148918,0.12976357340812683,31.8137264251709,0.0006586084491573274,0.019780034199357033,36.33917236328125,0.0002323180960956961,31.401464462280273,0.0007241915445774794,0.023184776306152344
4194,6000,2,4290,-1,1,25.063247680664062,0.08824653923511505,21.116138458251953,0.042208585888147354,32.58498764038086,23.187179565429688,0.10882167518138885,20.31329917907715,26.330995559692383,0.039273347705602646,20.56840705871582,20.654216766357422,20.859909057617188,0.11433614045381546,36.46255874633789,0.11135699599981308,0.3790384829044342,4290,4322,0.2760404050350189,0,0,0.0031165576074272394,0.0005514438380487263,24.54545783996582,0.003511190414428711,0.10072292387485504,0.00773368077352643,0.11837269365787506,20.560806274414062,0.008788597770035267,0.13620160520076752,0.0048004500567913055,0.008773226290941238,23.77863311767578,0.004189253784716129,0.11754412949085236,0.009304014034569263,0.1282966136932373,20.27922821044922,0.009377283975481987,0.1429106891155243,0.002327557187527418,0.008601583540439606,28.65719985961914,0.001362322480417788,0.04007059335708618,0.008203687146306038,0.00022581062512472272,20.2544002532959,0.009431052021682262,0.13280870020389557,26.203617095947266,0.0023968354798853397,0.07889149338006973,39.95817947387695,0.00010096761980094016,25.60660171508789,0.0027500458527356386,0.09070159494876862,21.54311752319336,0.007009520195424557,0.11225642263889313,20.942340850830078,0.00804944895207882,0.12992918491363525,25.14054298400879,0.003061580238863826,0.08942820876836777,36.16459655761719,0.00024184666108340025,24.565048217773438,0.0034953858703374863,0.10253490507602692,21.138036727905273,0.007694781757891178,0.11685152351856232,20.544876098632812,0.00882088765501976,0.13477280735969543,31.14934730529785,0.0007674770313315094,0.02121758833527565,37.485877990722656,0.00017840723739936948,30.66460609436035,0.0008581031579524279,0.024847831577062607
4754,6000,2,4850,-1,1,25.612396240234375,0.13953417539596558,24.017179489135742,0.03519177436828613,31.844867706298828,23.65852165222168,0.1630885899066925,22.746295928955078,25.34148406982422,0.08649225533008575,20.509254455566406,20.508209228515625,23.581951141357422,0.19243291020393372,100.0,0.08391415327787399,0.41937828063964844,4850,4882,0.24485349655151367,0,0,0.002746378071606159,0.0006539026508107781,25.131025314331055,0.0030682971701025963,0.1656801402568817,0.003965356387197971,0.19691452383995056,23.497230529785156,0.00446968711912632,0.23382148146629333,0.004306733142584562,0.008893540129065514,24.435684204101562,0.003601070260629058,0.18949581682682037,0.005313375499099493,0.20680570602416992,23.210384368896484,0.004774870816618204,0.2412741333246231,0.002923153806477785,0.008895679377019405,26.980365753173828,0.0020043037366122007,0.09556582570075989,0.004383339546620846,0.0,22.960472106933594,0.005057699047029018,0.23044002056121826,29.366920471191406,0.0011569325579330325,0.1068674772977829,39.2764778137207,0.00011812779848696664,28.80497169494629,0.001316748675890267,0.12922056019306183,25.96986961364746,0.0025293740909546614,0.17436115443706512,25.360715866088867,0.0029102382250130177,0.20968011021614075,26.649784088134766,0.002162825781852007,0.119837686419487,35.549617767333984,0.0002786366967484355,26.103553771972656,0.0024527013301849365,0.14434805512428284,24.51496124267578,0.0035359319299459457,0.18267717957496643,23.922422409057617,0.0040528238750994205,0.21947818994522095,29.257404327392578,0.0011864779517054558,0.04662414640188217,37.60523986816406,0.0001735706755425781,28.721473693847656,0.0013423097552731633,0.05638765171170235
5063,6001,3,61,-1,1,26.388267517089844,0.2180042266845703,26.16447639465332,0.059520650655031204,28.637557983398438,24.47835922241211,0.239993155002594,24.30594253540039,26.67344856262207,0.0779581367969513,20.193178176879883,20.49390983581543,25.82332992553711,0.1620214581489563,100.0,0.09703347831964493,0.6134032607078552,61,93,0.20674526691436768,0,0,0.0022970647551119328,0.0013684986624866724,26.12624168395996,0.0024399212561547756,0.266103059053421,0.0024185350630432367,0.1629544496536255,25.632118225097656,0.0027339356020092964,0.19731007516384125,0.0035658576525747776,0.009564938955008984,25.779155731201172,0.0026429223362356424,0.2878146469593048,0.003710273653268814,0.18298226594924927,25.36220932006836,0.0029092361219227314,0.21382620930671692,0.002151074120774865,0.008925016969442368,29.550962448120117,0.0011089291656389832,0.0857999324798584,0.0026161756832152605,0.0,25.201852798461914,0.0030186644289642572,0.1943887621164322,28.992053985595703,0.0012612309074029326,0.1992947906255722,30.36972427368164,0.0009183909860439599,28.81412696838379,0.0013139754300937057,0.24564585089683533,27.912193298339844,0.0016172640025615692,0.14710862934589386,27.30292320251465,0.0018608347745612264,0.17777840793132782,27.313613891601562,0.001856259535998106,0.20253464579582214,29.51089096069336,0.0011192086385563016,27.05610466003418,0.0019696520175784826,0.24664846062660217,26.611801147460938,0.0021818254608660936,0.15930841863155365,26.0445499420166,0.002486250828951597,0.19203633069992065,31.62787437438965,0.0006874047685414553,0.045755766332149506,36.88396453857422,0.00020492917974479496,31.182552337646484,0.000761631759814918,0.0549885518848896
7567,6001,3,2725,-1,0,21.980167388916016,0.1590428650379181,22.578914642333984,0.05232011154294014,32.44211196899414,20.920013427734375,0.16451996564865112,21.42055320739746,25.626087188720703,0.05641549825668335,20.28622817993164,20.2952880859375,22.28935432434082,0.1028050035238266,100.0,0.07363121956586838,0.7105696797370911,2725,2757,0.1999083310365677,0,0,0.006338456645607948,0.0005698871100321412,21.41106414794922,0.007225929293781519,0.18524561822414398,0.005522156599909067,0.11073397099971771,21.988489151000977,0.006326317321509123,0.12727800011634827,0.008090931922197342,0.009362181648612022,21.02628517150879,0.00789535604417324,0.186485156416893,0.007210159674286842,0.12070062011480331,21.614511489868164,0.0068952348083257675,0.1343076229095459,0.0027377335354685783,0.009342674165964127,27.640705108642578,0.0017215886618942022,0.05957423150539398,0.005902889650315046,0.0,21.667877197265625,0.006811026483774185,0.11858169734477997,22.953205108642578,0.005066168028861284,0.14216741919517517,38.45827102661133,0.0001426175731467083,22.34805679321289,0.00582363735884428,0.16686169803142548,23.41264533996582,0.004557591862976551,0.09375156462192535,22.794981002807617,0.005254142917692661,0.10791405290365219,22.305538177490234,0.005880935117602348,0.1486675888299942,34.122779846191406,0.0003870096988976002,21.722333908081055,0.006726154126226902,0.174540713429451,22.724580764770508,0.0053400094620883465,0.10107444226741791,22.133392333984375,0.006118721328675747,0.11619660258293152,30.400463104248047,0.0009119142778217793,0.029166368767619133,35.535736083984375,0.00027952881646342576,29.9602108001709,0.001009204308502376,0.03453691303730011
9581,6001,3,4803,-1,2,29.62728500366211,0.06241150572896004,34.30679702758789,0.022159771993756294,30.76658058166504,25.939062118530273,0.07890556007623672,26.776851654052734,27.044103622436523,0.04604583978652954,20.247650146484375,20.257225036621094,34.89642333984375,0.015342301689088345,100.0,0.009326796047389507,2.3759255409240723,4803,4835,0.055459003895521164,0,0,0.0010896113235503435,0.000838189444039017,29.475786209106445,0.0011282915947958827,0.07399658113718033,0.00037095448351465166,0.020067701116204262,33.96686935424805,0.00040115579031407833,0.024436136707663536,0.0025473812129348516,0.009445717558264732,28.279523849487305,0.0014860988594591618,0.08949083834886551,0.0021004616282880306,0.04807538911700249,30.098793029785156,0.000977508956566453,0.05123789981007576,0.001975103048607707,0.009424916468560696,30.814571380615234,0.0008289780816994607,0.04924200847744942,0.00032386017846874893,0.0,34.27494812011719,0.00037368483026511967,0.01926940120756626,32.53944778442383,0.0005572568043135107,0.048908933997154236,34.8171272277832,0.000329827715177089,32.27497863769531,0.0005922458949498832,0.059287961572408676,37.7420539855957,0.00016818784934002906,0.012236690148711205,37.17512512207031,0.00019164057448506355,0.015579846687614918,29.867868423461914,0.0010308922501280904,0.06325188279151917,32.35737609863281,0.0005811153678223491,29.585723876953125,0.0011000887025147676,0.07603054493665695,31.816396713256836,0.0006582039641216397,0.029266292229294777,31.453187942504883,0.0007156181382015347,0.03573814406991005,32.734519958496094,0.000532780191861093,0.02513330988585949,35.39055252075195,0.00028903124621137977,32.43912124633789,0.0005702800117433071,0.03064781241118908
9666,6001,3,4888,-1,3,29.7598934173584,0.07034343481063843,41.32413864135742,0.02102319709956646,30.650318145751953,25.888490676879883,0.08310778439044952,27.000215530395508,27.01906967163086,0.04870402812957764,20.11488914489746,20.2391414642334,43.66260528564453,0.002907834015786648,100.0,0.0017519214889034629,12.000079154968262,4888,4920,0.0505048930644989,0,0,0.0010568437865003943,0.0008609306532889605,29.637767791748047,0.001086984295397997,0.08286828547716141,7.37201698939316e-05,0.005778810009360313,40.837440490722656,8.246243669418618e-05,0.0073432400822639465,0.0025772161316126585,0.009738928638398647,28.310861587524414,0.0014754142612218857,0.09341751039028168,0.001995163969695568,0.048378560692071915,30.704002380371094,0.0008503542048856616,0.050619348883628845,0.001986520132049918,0.009464242495596409,30.77741241455078,0.0008361014188267291,0.051648739725351334,4.302685920265503e-05,0.0,43.04112243652344,4.9646372644929215e-05,0.003558522555977106,32.69389343261719,0.0005377877969294786,0.051042165607213974,33.32585906982422,0.0004649584006983787,32.604339599609375,0.0005489923642016947,0.06083352118730545,46.20482635498047,2.3961683837114833e-05,0.003115909406915307,45.631900787353516,2.734072768362239e-05,0.0039093815721571445,29.929868698120117,0.001016279449686408,0.061097651720047,31.37596321105957,0.0007284565945155919,29.744646072387695,0.0010605599964037538,0.07246024161577225,32.60910415649414,0.0005483900313265622,0.02657577581703663,32.30044937133789,0.0005887830629944801,0.03142157196998596,32.707618713378906,0.0005360908107832074,0.025837361812591553,35.435951232910156,0.0002860254026018083,32.4066276550293,0.0005745624075643718,0.030670762062072754
10346,6002,4,626,-1,2,28.549293518066406,0.1917717456817627,22.850074768066406,0.05464984104037285,29.147920608520508,25.78312873840332,0.20700784027576447,21.94089698791504,27.743080139160156,0.048308469355106354,20.052440643310547,20.168514251708984,22.901823043823242,0.2586575448513031,100.0,0.1342410445213318,0.4071023166179657,626,658,0.24777668714523315,0,0,0.001396594918332994,0.0012167689856141806,28.464107513427734,0.001424260321073234,0.2262195497751236,0.0051879119127988815,0.26355406641960144,22.340795516967773,0.00583338038995862,0.32380348443984985,0.0026405060198158026,0.00987998303025961,28.162349700927734,0.0015267402632161975,0.2412751317024231,0.006396027281880379,0.2753637433052063,22.301151275634766,0.005886876489967108,0.3324922025203705,0.0016814816044643521,0.009619412943720818,33.36995315551758,0.00046026139170862734,0.0496860146522522,0.005126461386680603,0.0,22.280345916748047,0.0059151481837034225,0.31942370533943176,30.326499938964844,0.0009275773772969842,0.17451347410678864,33.32884979248047,0.00046463869512081146,30.00522232055664,0.0009987987577915192,0.210386723279953,23.327228546142578,0.0046481178142130375,0.25024527311325073,22.713441848754883,0.005353722255676985,0.310574471950531,29.194032669067383,0.0012039178982377052,0.1855362355709076,31.849393844604492,0.0006532217375934124,28.898681640625,0.001288640545681119,0.22313794493675232,23.073396682739258,0.004927884321659803,0.2595908045768738,22.478309631347656,0.005651571322232485,0.3209969103336334,35.07241439819336,0.00031099881744012237,0.029545549303293228,36.474937438964844,0.00022516780882142484,34.891822814941406,0.00032420363277196884,0.03576947748661041
11741,6002,4,2021,-1,1,27.550661087036133,0.11068949103355408,22.282989501953125,0.04572835564613342,28.447235107421875,25.02423858642578,0.12738102674484253,21.403804779052734,27.207225799560547,0.03911668807268143,19.76209259033203,20.041893005371094,22.21709442138672,0.2625179886817932,100.0,0.13660390675067902,0.3347514569759369,2021,2053,0.24850770831108093,0,0,0.0017576568061485887,0.0014298046007752419,27.42778778076172,0.0018080956069752574,0.1329195201396942,0.00591154582798481,0.2695399224758148,21.719816207885742,0.006730050314217806,0.3263413608074188,0.0031446784269064665,0.010563087649643421,26.982357025146484,0.0020033845212310553,0.1467355638742447,0.00723801925778389,0.2702571749687195,21.660171508789062,0.006823122501373291,0.3223530352115631,0.0019022931810468435,0.009904003702104092,31.731088638305664,0.0006712608737871051,0.04215502738952637,0.006001926027238369,0.0,21.595613479614258,0.006925300229340792,0.3186849057674408,29.60146141052246,0.0010961091611534357,0.10286487638950348,33.48773193359375,0.0004479475610423833,29.22332000732422,0.0011958263348788023,0.12426330149173737,22.746875762939453,0.005312665365636349,0.25795215368270874,22.131126403808594,0.006121916696429253,0.314603328704834,28.269655227661133,0.0014894793275743723,0.10638438165187836,30.887680053710938,0.0008151395595632493,27.97723388671875,0.0015932240057736635,0.12759417295455933,22.431400299072266,0.005712946876883507,0.2581031322479248,21.84562873840332,0.006537884008139372,0.31401121616363525,33.42500305175781,0.000454464228823781,0.021084502339363098,34.45002365112305,0.00035892013693228364,33.28676223754883,0.0004691632930189371,0.025985606014728546
12008,6002,4,2288,-1,0,28.174283981323242,0.10675317049026489,22.375743865966797,0.04635629057884216,28.477340698242188,25.43471336364746,0.12500213086605072,21.45319366455078,27.38582420349121,0.034831006079912186,19.86452293395996,19.929677963256836,22.35734748840332,0.24671626091003418,100.0,0.13817058503627777,0.33550041913986206,2288,2320,0.2340688854455948,0,0,0.0015225507086142898,0.00141992699354887,28.129480361938477,0.0015383390709757805,0.1260317713022232,0.005786629393696785,0.251997709274292,21.816036224365234,0.006582583766430616,0.30344316363334656,0.0028610725421458483,0.010316865518689156,27.659820556640625,0.0017140276031568646,0.14450111985206604,0.007156172301620245,0.2566641569137573,21.756893157958984,0.006672842428088188,0.3043685257434845,0.0018256505718454719,0.010163243860006332,32.65245056152344,0.0005429440643638372,0.03452621027827263,0.0058111934922635555,0.0,21.735868453979492,0.0067052231170237064,0.2972651422023773,29.889307022094727,0.0010258159600198269,0.09938842058181763,31.649188995361328,0.0006840397254563868,29.67221450805664,0.001078396919183433,0.11979794502258301,22.794967651367188,0.005254160147160292,0.24583223462104797,22.180843353271484,0.006052233744412661,0.296112596988678,28.716812133789062,0.0013437512097880244,0.10559237748384476,30.123804092407227,0.0009718957589939237,28.535743713378906,0.001400959794409573,0.12851667404174805,22.523672103881836,0.0055928477086126804,0.24582163989543915,21.934194564819336,0.006405906286090612,0.2964108884334564,34.48928451538086,0.00035568990278989077,0.01752975769340992,35.230438232421875,0.0002998861309606582,34.385704040527344,0.00036427509621717036,0.02233288437128067
12722,6002,4,3002,-1,2,25.131845474243164,0.11375631392002106,24.34697723388672,0.05604422837495804,28.38700294494629,23.209774017333984,0.1297222375869751,22.68981170654297,26.067407608032227,0.049842528998851776,19.969114303588867,20.210613250732422,23.762165069580078,0.066656693816185,36.46255874633789,0.07276308536529541,0.7702288627624512,3002,3034,0.3377246558666229,0,0,0.0030677171889692545,0.0014497720403596759,24.79302978515625,0.0033166317734867334,0.13195747137069702,0.00367538258433342,0.07351616770029068,23.817882537841797,0.004151563625782728,0.08587123453617096,0.004775541368871927,0.01007137168198824,24.022174835205078,0.003960798028856516,0.1461130827665329,0.00538293132558465,0.08518096059560776,23.252376556396484,0.004728923086076975,0.09273373335599899,0.002473200438544154,0.00952661968767643,28.57592010498047,0.0013880592305213213,0.051147617399692535,0.004205171950161457,0.00022581062512472272,23.171890258789062,0.004817381501197815,0.07751037925481796,26.37397575378418,0.002304637571796775,0.10436847805976868,31.76230239868164,0.0006664536776952446,25.923261642456055,0.0025566655676811934,0.1232614815235138,25.106372833251953,0.0030857648234814405,0.06276537477970123,24.53240203857422,0.003521760692819953,0.07318411767482758,25.154399871826172,0.003051827196031809,0.10931681841611862,29.60626220703125,0.0010948986746370792,24.745803833007812,0.003352893516421318,0.1284429430961609,24.169143676757812,0.0038290019147098064,0.06739605963230133,23.6446475982666,0.004320512991398573,0.07820142060518265,30.570377349853516,0.0008769243722781539,0.028015248477458954,33.71403503417969,0.0004252033540979028,30.23916244506836,0.0009464198374189436,0.032470330595970154
17163,6003,5,2370,-1,2,23.768217086791992,0.2229689061641693,20.187637329101562,0.0709887370467186,28.301250457763672,22.45541000366211,0.23905426263809204,19.583240509033203,26.358074188232422,0.05703724920749664,19.9671573638916,20.470626831054688,20.005970001220703,0.28587788343429565,100.0,0.150908961892128,0.4704076945781708,2370,2402,0.3294444978237152,0,0,0.004199314396828413,0.0014786822721362114,23.355579376220703,0.0046178731136024,0.25728434324264526,0.009577148593962193,0.29789793491363525,19.596389770507812,0.010973897762596607,0.34473294019699097,0.005681447684764862,0.010075910948216915,23.005634307861328,0.005005376413464546,0.26900985836982727,0.011007175780832767,0.3043653666973114,19.459566116333008,0.011325136758387089,0.34551817178726196,0.0023130900226533413,0.00897299312055111,28.899192810058594,0.001288489205762744,0.05966765433549881,0.009986263699829578,0.0,19.384490966796875,0.01152261346578598,0.33041080832481384,25.110578536987305,0.0030827783048152924,0.19570627808570862,31.98350715637207,0.0006333584315143526,24.609725952148438,0.003459612140432,0.22603653371334076,20.567607879638672,0.008774843998253345,0.27796924114227295,19.950658798217773,0.010114261880517006,0.32327064871788025,24.192983627319336,0.003808040637522936,0.2030496597290039,29.869901657104492,0.001030409475788474,23.731088638305664,0.004235368687659502,0.23469696938991547,20.213605880737305,0.009520057588815689,0.28779375553131104,19.6206111907959,0.010912865400314331,0.3336545526981354,30.750749588012695,0.0008412504685111344,0.03693942353129387,33.34739685058594,0.00046265829587355256,30.460012435913086,0.0008994953823275864,0.042985811829566956
18967,6003,5,4238,-1,0,24.977184295654297,0.13759200274944305,21.503103256225586,0.0856562927365303,29.131267547607422,23.274215698242188,0.15148697793483734,20.646595001220703,26.932083129882812,0.04110759496688843,20.032634735107422,20.318466186523438,21.166095733642578,0.2687741816043854,100.0,0.166809543967247,0.513497531414032,4238,4270,0.24379383027553558,0,0,0.003178936429321766,0.001221443759277463,24.58409881591797,0.0034800891298800707,0.1612682044506073,0.007074400782585144,0.2665139436721802,20.937585830688477,0.00805826298892498,0.311134934425354,0.004705204628407955,0.009925137273967266,24.086973190307617,0.0039021382108330727,0.1730412244796753,0.008616691455245018,0.2760029435157776,20.716014862060547,0.008480058051645756,0.3172430694103241,0.002026710659265518,0.009292950853705406,30.415184020996094,0.0009088278166018426,0.04119408130645752,0.007645231205970049,0.0,20.544614791870117,0.00882142037153244,0.3149625360965729,25.9560489654541,0.0025374358519911766,0.12862004339694977,37.7338981628418,0.00016850404790602624,25.373193740844727,0.002901886822655797,0.1521187722682953,21.869962692260742,0.006501354277133942,0.25758686661720276,21.252197265625,0.0074951485730707645,0.30179911851882935,25.100862503051758,0.0030896817333996296,0.13248766958713531,34.71338653564453,0.00033780140802264214,24.54315948486328,0.0035130479373037815,0.1577533632516861,21.504234313964844,0.0070725600235164165,0.26379844546318054,20.900094985961914,0.008128129877150059,0.3087250590324402,32.14347457885742,0.0006104538915678859,0.022117646411061287,36.77383804321289,0.0002101920690620318,31.72609519958496,0.0006720327073708177,0.025822602212429047
21234,6004,2,1471,-1,3,28.609235763549805,0.07942963391542435,24.982940673828125,0.033437587320804596,32.943763732910156,25.747621536254883,0.09904047101736069,23.600080490112305,27.517030715942383,0.048588912934064865,20.565616607666016,20.443767547607422,25.046913146972656,0.15762251615524292,100.0,0.09485330432653427,0.3525189459323883,1471,1503,0.2153896689414978,0,0,0.0013774522813037038,0.000507719349116087,28.20661735534668,0.0015112573746591806,0.09337879717350006,0.0031747252214699984,0.16332592070102692,24.459781646728516,0.003581143682822585,0.19578750431537628,0.002662183251231909,0.00877886451780796,27.641799926757812,0.001721155596897006,0.10935138165950775,0.00436507910490036,0.17196592688560486,24.358257293701172,0.0036658463068306446,0.20190924406051636,0.0017713193083181977,0.009028657339513302,31.838876724243164,0.0006548055098392069,0.05140819028019905,0.0031283018179237843,0.0,24.425434112548828,0.003609578823670745,0.190962553024292,30.500452041625977,0.000891157949808985,0.06618472188711166,39.43563461303711,0.00011387719860067591,29.95360565185547,0.0010107397101819515,0.07704710960388184,25.87959098815918,0.002582503715530038,0.14495117962360382,25.270158767700195,0.0029715572018176317,0.17506591975688934,29.05953598022461,0.0012417848920449615,0.07767606526613235,35.2593994140625,0.0002978928678203374,28.579238891601562,0.0013869989197701216,0.09036333858966827,25.321094512939453,0.0029369094409048557,0.1562265306711197,24.742746353149414,0.0033552527893334627,0.1896567940711975,33.781246185302734,0.0004186735604889691,0.025416940450668335,36.70357131958008,0.0002136204857379198,33.46575164794922,0.0004502201918512583,0.0314427949488163
22851,6004,2,3088,-1,0,27.757667541503906,0.1320401281118393,24.126970291137695,0.0863315686583519,30.768129348754883,25.427810668945312,0.13509203493595123,22.984487533569336,28.21676254272461,0.034412626177072525,20.338275909423828,20.313508987426758,24.174156188964844,0.2682357728481293,100.0,0.1832386553287506,0.4711427688598633,3088,3120,0.260755330324173,0,0,0.0016758431447669864,0.0008378899656236172,27.435808181762695,0.0018047591438516974,0.16085895895957947,0.0038663658779114485,0.26955223083496094,23.60173988342285,0.004363412037491798,0.32558000087738037,0.0028656208887696266,0.009250657632946968,27.25078773498535,0.0018833075882866979,0.15914997458457947,0.005029807798564434,0.2768547832965851,23.568994522094727,0.004396434873342514,0.3274846076965332,0.001507731038145721,0.009303560480475426,35.10924530029297,0.00030837254598736763,0.03376273438334465,0.0038245851173996925,0.0,23.552677154541016,0.004412982612848282,0.324964314699173,28.657394409179688,0.0013622622936964035,0.126952663064003,37.40245819091797,0.0001818672171793878,28.113916397094727,0.0015438615810126066,0.15738558769226074,24.559030532836914,0.003500232007354498,0.26119932532310486,23.949472427368164,0.00402765953913331,0.31850671768188477,28.103321075439453,0.0015476335538551211,0.12880121171474457,34.32703399658203,0.0003692298196256161,27.622238159179688,0.0017289264360442758,0.15996462106704712,24.342151641845703,0.0036794671323150396,0.2655389904975891,23.7601375579834,0.0042071351781487465,0.3227304518222809,36.53668975830078,0.00022198869555722922,0.016176773235201836,35.82615661621094,0.0002614474797155708,36.657108306884766,0.00021591813128907233,0.020271316170692444
23068,6004,2,3305,-1,1,25.4537353515625,0.14825712144374847,22.304317474365234,0.04548000916838646,31.006343841552734,23.78720474243164,0.16032955050468445,21.424598693847656,26.463672637939453,0.053635988384485245,20.364274978637695,20.282917022705078,22.185199737548828,0.1277378350496292,100.0,0.09854551404714584,0.4615127146244049,3305,3337,0.24170748889446259,0,0,0.002848569070920348,0.0007931690197438002,24.996559143066406,0.0031647842843085527,0.17317774891853333,0.005882584489881992,0.12959514558315277,21.74924659729004,0.006684599444270134,0.1500338762998581,0.004180993419140577,0.009195443242788315,24.67304229736328,0.0034095400478690863,0.18094459176063538,0.0072034443728625774,0.13948816061019897,21.620330810546875,0.006885997485369444,0.15585187077522278,0.0022575254552066326,0.009369324892759323,29.342700958251953,0.0011634024558588862,0.056715093553066254,0.00604616804048419,0.0,21.563718795776367,0.006976347882300615,0.14971470832824707,27.44379997253418,0.0018014417728409171,0.11997497081756592,37.61509704589844,0.00017317707533948123,26.878345489501953,0.0020519441459327936,0.14236651360988617,23.022974014282227,0.004985428880900145,0.11387301236391068,22.409526824951172,0.005741790868341923,0.13250502943992615,26.259788513183594,0.002366035245358944,0.1279962658882141,34.2181510925293,0.0003786038141697645,25.731971740722656,0.0026717938017100096,0.15120719373226166,22.540796279907227,0.0055708372965455055,0.12247740477323532,21.944732666015625,0.006390382070094347,0.14295774698257446,31.3716983795166,0.0007291722577065229,0.033905208110809326,35.74677276611328,0.0002662705082911998,30.966995239257812,0.0008003878756426275,0.040667109191417694
25613,6005,3,990,-1,2,26.33898162841797,0.09296640753746033,23.090740203857422,0.03059009648859501,31.312171936035156,24.195697784423828,0.11767525970935822,21.954622268676758,26.5999698638916,0.039140861481428146,20.423248291015625,20.50670623779297,22.847484588623047,0.07056475430727005,100.0,0.05911828204989433,0.5174388885498047,990,1022,0.25122562050819397,0,0,0.002323281252756715,0.0007392357219941914,25.905773162841797,0.002566980430856347,0.11185251176357269,0.004908242728561163,0.07237452268600464,22.521141052246094,0.005596107337623835,0.0857054591178894,0.0038056629709899426,0.009071423672139645,25.235240936279297,0.0029955455102026463,0.1348259598016739,0.006375847849994898,0.08926431089639664,22.20635986328125,0.0060167801566421986,0.09955291450023651,0.00218777684494853,0.008898758329451084,29.372982025146484,0.0011553185759112239,0.03940530866384506,0.0051910062320530415,0.0,22.22600555419922,0.005989622790366411,0.08433131873607635,28.447093963623047,0.0014298505848273635,0.07963436096906662,38.08021926879883,0.00015558875747956336,27.889087677001953,0.0016258908435702324,0.09714221954345703,23.745136260986328,0.004221691749989986,0.06444168835878372,23.12798500061035,0.004866330418735743,0.07577431201934814,26.977230072021484,0.002005751011893153,0.08667410165071487,32.7415885925293,0.0005319138872437179,26.51209259033203,0.0022324949968606234,0.10587607324123383,23.156314849853516,0.004834690131247044,0.07685431092977524,22.585020065307617,0.0055143944919109344,0.09087695181369781,31.7515869140625,0.0006680998485535383,0.021208778023719788,33.7464714050293,0.0004220393893774599,31.512229919433594,0.0007059553172439337,0.025580735877156258
25894,6005,3,1303,-1,1,24.749126434326172,0.13150106370449066,24.425905227661133,0.055844392627477646,26.909229278564453,23.0687313079834,0.13799461722373962,22.858078002929688,25.818164825439453,0.05622982233762741,19.927490234375,20.19564437866211,23.67854118347168,0.09262605011463165,30.059289932250977,0.07197374850511551,0.7758994698524475,1303,1335,0.2204236388206482,0,0,0.0033503291197121143,0.002037403406575322,24.49488067626953,0.0035523176193237305,0.15028980374336243,0.003609188599511981,0.10231173038482666,24.080184936523438,0.003908240702003241,0.11775067448616028,0.004933181684464216,0.01016835868358612,23.842845916748047,0.004127769730985165,0.15439030528068542,0.005178359802812338,0.1125076413154602,23.567598342895508,0.004397847224026918,0.12518659234046936,0.002619289793074131,0.00955951027572155,28.09230613708496,0.0015515636187046766,0.05834047868847847,0.004286924377083778,0.000986440689302981,23.19239616394043,0.004794691223651171,0.10653761029243469,26.60440444946289,0.0021855446975678205,0.10936737060546875,29.814512252807617,0.0010436351876705885,26.268632888793945,0.002361222868785262,0.1263165920972824,25.724470138549805,0.002676413394510746,0.0817069560289383,25.318782806396484,0.0029384733643382788,0.09441457688808441,25.1289005279541,0.003069799393415451,0.11154036223888397,28.91963768005371,0.0012824379373341799,24.756328582763672,0.0033447779715061188,0.12952402234077454,24.51634407043457,0.0035348061937838793,0.09025629609823227,24.09296417236328,0.0038967591244727373,0.10484755039215088,30.224626541137695,0.000949592562392354,0.028071632608771324,35.64969253540039,0.00027228944236412644,29.772445678710938,0.0010537930065765977,0.032686732709407806
28068,6005,3,3605,-1,2,21.378684997558594,0.14416244626045227,18.555763244628906,0.09031447768211365,32.42692947387695,20.57583999633789,0.15922823548316956,18.13396453857422,26.31740951538086,0.03448893129825592,20.543794631958008,20.559341430664062,18.47831916809082,0.19642166793346405,33.61024475097656,0.15970508754253387,0.5655078291893005,3605,3637,0.1587422639131546,0,0,0.007280007470399141,0.0005718829925172031,20.802932739257812,0.008312026038765907,0.174556165933609,0.013945162296295166,0.19295629858970642,17.97100257873535,0.015955112874507904,0.22684286534786224,0.008758220821619034,0.008823089301586151,20.580791473388672,0.008748240768909454,0.18107543885707855,0.015367512591183186,0.20641811192035675,17.86474609375,0.016350289806723595,0.23387420177459717,0.0023348508402705193,0.008791554719209671,28.724056243896484,0.0013415119610726833,0.031102946028113365,0.014196065254509449,0.000435487600043416,17.8746395111084,0.01631307788193226,0.23083552718162537,21.939598083496094,0.006397943012416363,0.1330261379480362,38.54576110839844,0.00013977321214042604,21.330785751342773,0.007360739167779684,0.16088010370731354,18.776153564453125,0.013255150057375431,0.1906510293483734,18.17317771911621,0.015229382552206516,0.22507278621196747,21.560943603515625,0.006980807986110449,0.1383187174797058,35.5604248046875,0.00027794428751803935,20.96257972717285,0.008012019097805023,0.1647152602672577,18.593841552734375,0.013823435641825199,0.19826184213161469,17.996843338012695,0.015860455110669136,0.23296983540058136,31.76197052001953,0.0006665044347755611,0.014927906915545464,37.41086196899414,0.0001815155555959791,31.30112648010254,0.0007411181577481329,0.017984716221690178
28245,6005,3,3782,-1,3,26.18962287902832,0.07655361294746399,23.01947021484375,0.024127710610628128,31.009939193725586,23.870723724365234,0.09719836711883545,21.89256477355957,25.66707992553711,0.039226219058036804,20.357757568359375,20.437053680419922,22.828311920166016,0.08627421408891678,100.0,0.06766897439956665,0.3565549850463867,3782,3814,0.15731142461299896,0,0,0.002404572209343314,0.0007925124373286963,25.76331329345703,0.002652581315487623,0.08866223692893982,0.004989454988390207,0.09246596693992615,22.44432258605957,0.0056959716603159904,0.10898929089307785,0.00410135742276907,0.009209253825247288,24.79447364807129,0.003315527457743883,0.10687527805566788,0.006467608734965324,0.10131736099720001,22.156845092773438,0.006085770204663277,0.11338599026203156,0.0027120134327560663,0.009042627178132534,27.599319458007812,0.0017380730714648962,0.039472803473472595,0.005213974975049496,0.0,22.206832885742188,0.006016124505549669,0.10507266968488693,28.883075714111328,0.0012932798126712441,0.06261063367128372,37.956207275390625,0.0001600956020411104,28.33387565612793,0.001467615831643343,0.07482276856899261,24.075515747070312,0.003912447486072779,0.07888426631689072,23.459487915039062,0.00450870068743825,0.09451930224895477,26.912147521972656,0.0020360350608825684,0.06960082799196243,34.92718505859375,0.0003215745964553207,26.38310432434082,0.002299798186868429,0.08342947065830231,23.337509155273438,0.004637128207832575,0.08322450518608093,22.741945266723633,0.005318703129887581,0.10124221444129944,30.325592041015625,0.0009277716162614524,0.020434079691767693,36.832393646240234,0.00020737726299557835,29.83551025390625,0.0010386015055701137,0.025133421644568443
30237,6006,4,935,-1,3,29.009910583496094,0.0842871367931366,24.84618377685547,0.039846885949373245,27.21088409423828,26.081783294677734,0.09111572057008743,23.270938873291016,27.634967803955078,0.025362666696310043,19.754125595092773,19.660131454467773,24.876937866210938,0.1573060303926468,100.0,0.10241382569074631,0.38907721638679504,935,967,0.21365243196487427,0,0,0.0012560560135170817,0.001900691888295114,29.36711311340332,0.0011568812187761068,0.10059396922588348,0.0032762845512479544,0.16546693444252014,24.312040328979492,0.003705064533278346,0.1965378224849701,0.0024650266859680414,0.010582482442259789,29.149993896484375,0.0012161873746663332,0.1050538420677185,0.004708754364401102,0.1719793677330017,24.234533309936523,0.0037717828527092934,0.19796603918075562,0.001723865163512528,0.01081401389092207,34.87608337402344,0.0003253807662986219,0.021570736542344093,0.0032531663309782743,0.0,24.25545883178711,0.0037536530289798975,0.18921810388565063,30.747512817382812,0.0008418770739808679,0.07149980962276459,31.8428955078125,0.0006541999173350632,30.601062774658203,0.0008707504603080451,0.08765439689159393,25.25140953063965,0.002984413178637624,0.15726891160011292,24.637435913085938,0.0034376089461147785,0.1888904869556427,29.92742919921875,0.001016850583255291,0.07316793501377106,30.703489303588867,0.0008504545548930764,29.81945037841797,0.0010424499632790685,0.0904264971613884,25.01885986328125,0.003148576244711876,0.15871049463748932,24.44611358642578,0.0035924341063946486,0.19124388694763184,36.717559814453125,0.0002129334316123277,0.011338209733366966,35.7207145690918,0.00026787284878082573,36.89346694946289,0.00020448121358640492,0.014113289304077625
30604,6006,4,1302,-1,2,26.837575912475586,0.07924848049879074,24.629934310913086,0.038028281182050705,30.16686248779297,24.543750762939453,0.09147302806377411,23.17854118347168,26.707799911499023,0.03293044865131378,19.867074966430664,19.771404266357422,24.6265869140625,0.07627274841070175,100.0,0.0687602087855339,0.553056538105011,1302,1334,0.2225845754146576,0,0,0.002071298658847809,0.0009623076184652746,26.49381446838379,0.0022419127635657787,0.10063961148262024,0.0034435517154634,0.0739201158285141,24.107391357421875,0.0038838356267660856,0.09183753281831741,0.0035125711001455784,0.010310803540050983,26.078855514526367,0.0024666893295943737,0.11006820201873779,0.004810010083019733,0.08602248877286911,24.05919647216797,0.00392717681825161,0.10215964168310165,0.0021341268438845873,0.01054045744240284,30.752840042114258,0.0008408453431911767,0.03471987321972847,0.003446208080276847,0.0,24.005107879638672,0.003976393956691027,0.09512411057949066,28.667142868041992,0.0013592076720669866,0.06495692580938339,34.62078857421875,0.0003450811782386154,28.19522476196289,0.0015152271371334791,0.08462721109390259,25.68410873413086,0.002701402409002185,0.06720874458551407,25.074756622314453,0.0031083107460290194,0.08304418623447418,27.45132064819336,0.00179832405410707,0.07502346485853195,32.270450592041016,0.0005928637110628188,27.025068283081055,0.0019837794825434685,0.09673754125833511,25.066041946411133,0.003114553866907954,0.07492478936910629,24.49823570251465,0.0035495758056640625,0.09343497455120087,32.819671630859375,0.0005224359920248389,0.01845238357782364,35.537418365478516,0.00027942046290263534,32.519493103027344,0.0005598230636678636,0.024486102163791656
31088,6006,4,1786,-1,2,26.031307220458984,0.08590090274810791,18.362947463989258,0.05213161185383797,30.179548263549805,24.14718246459961,0.09578073024749756,17.966449737548828,27.27410316467285,0.03329391032457352,19.854175567626953,19.838186264038086,18.362159729003906,0.28491753339767456,100.0,0.17732374370098114,0.2939911484718323,1786,1818,0.2953086197376251,0,0,0.0024938429705798626,0.0009595008450560272,25.638540267944336,0.002729895757511258,0.1036495640873909,0.014578246511518955,0.2869252562522888,17.766172409057617,0.01672564260661602,0.3495579659938812,0.0038484151009470224,0.010341474786400795,25.45233917236328,0.0028494829311966896,0.10899370908737183,0.015971839427947998,0.2973628342151642,17.74287223815918,0.01681561954319477,0.3562432825565338,0.0018732243916019797,0.010379618033766747,32.48298645019531,0.0005645484779961407,0.03403099626302719,0.01458088681101799,0.0,17.740680694580078,0.01682410016655922,0.3469890356063843,27.043289184570312,0.001975473016500473,0.08126890659332275,32.53830337524414,0.0005574036622419953,26.58835220336914,0.0021936374250799417,0.09776513278484344,18.554676055908203,0.013948661275207996,0.2789415121078491,17.935081481933594,0.016087627038359642,0.3397049605846405,26.377403259277344,0.0023028177674859762,0.0867283046245575,30.95290184020996,0.0008029892342165112,25.96268653869629,0.0025335608515888453,0.10432921350002289,18.438051223754883,0.014328304678201675,0.28356218338012695,17.829692840576172,0.016482794657349586,0.3465392589569092,34.183258056640625,0.0003816578828264028,0.017472174018621445,35.062557220458984,0.0003117053711321205,34.06249237060547,0.00039241983904503286,0.021818898618221283
34752,6007,5,306,-1,2,23.942768096923828,0.11004503816366196,21.866973876953125,0.0652545690536499,29.091087341308594,22.393150329589844,0.1140330508351326,20.90287971496582,25.958999633789062,0.037786319851875305,19.777353286743164,19.893781661987305,21.563053131103516,0.20609599351882935,100.0,0.15457534790039062,0.4221538007259369,306,338,0.24509382247924805,0,0,0.004033881239593029,0.0012327966978773475,23.50196075439453,0.004464817699044943,0.13176867365837097,0.006505826488137245,0.20885571837425232,21.323894500732422,0.007372425869107246,0.24323499202728271,0.005763483699411154,0.010526034981012344,22.983644485473633,0.005030783824622631,0.12858690321445465,0.008122921921312809,0.2197774350643158,21.053220748901367,0.007846537046134472,0.2516615688800812,0.0025357119739055634,0.010247591882944107,28.699016571044922,0.001349268713966012,0.03721039742231369,0.0069774179719388485,0.0,20.941574096679688,0.008050866425037384,0.24224480986595154,25.312255859375,0.0029428929556161165,0.09174145758152008,34.38987350463867,0.00036392585025168955,24.762981414794922,0.003339656861498952,0.11156876385211945,22.47299575805664,0.005658487789332867,0.20363961160182953,21.858081817626953,0.0065191639587283134,0.24050785601139069,24.347620010375977,0.0036748365964740515,0.09241215139627457,32.38986587524414,0.000576784077566117,23.8179931640625,0.004151459783315659,0.11168663948774338,21.895164489746094,0.006463732570409775,0.20801836252212524,21.29522705078125,0.007421255111694336,0.2460303008556366,30.767629623413086,0.0008379866485483944,0.018444087356328964,36.23611068725586,0.00023789690749254078,30.313732147216797,0.0009303080732934177,0.022216135635972023
34758,6007,5,312,-1,0,24.127721786499023,0.09938673675060272,21.80942153930664,0.0406399741768837,29.726032257080078,22.410675048828125,0.10661063343286514,20.84323501586914,25.547142028808594,0.043380044400691986,19.852006912231445,19.99159049987793,21.398324966430664,0.10872683674097061,35.63117980957031,0.09327464550733566,0.43570226430892944,312,344,0.22556090354919434,0,0,0.003865697653964162,0.0010651160264387727,23.66879653930664,0.004296556580811739,0.11985579133033752,0.006592622026801109,0.12016022205352783,21.24249267578125,0.007511917967349291,0.14120452105998993,0.005740275140851736,0.010346639901399612,22.98293685913086,0.005031603388488293,0.12106020003557205,0.008235250599682331,0.1287015676498413,20.991031646728516,0.007959702983498573,0.1445315182209015,0.0027879555709660053,0.010019385255873203,27.75874137878418,0.0016754278913140297,0.04412947967648506,0.007247153669595718,0.0002734525769483298,20.798749923706055,0.008320030756294727,0.12737414240837097,25.5892391204834,0.002761062467470765,0.08760252594947815,32.484596252441406,0.0005643392796628177,25.087757110595703,0.0030990198720246553,0.10827832669019699,22.49354362487793,0.005631778854876757,0.10391116142272949,21.903154373168945,0.006451853085309267,0.12324492633342743,24.41156005859375,0.0036211295519024134,0.08990606665611267,31.336668014526367,0.0007350779487751424,23.90924644470215,0.004065137356519699,0.10956630855798721,21.877574920654297,0.006489967927336693,0.10923812538385391,21.296817779541016,0.007418532390147448,0.12897202372550964,30.07601547241211,0.000982649507932365,0.020899470895528793,36.51321029663086,0.00022319224081002176,29.588090896606445,0.001099489047192037,0.0248941108584404
35227,6007,5,781,-1,1,22.907636642456055,0.12837623059749603,20.27956771850586,0.06647597998380661,30.002309799194336,21.729190826416016,0.1440734714269638,19.627859115600586,26.289901733398438,0.06164064258337021,19.90834617614746,19.994895935058594,20.10062026977539,0.21225735545158386,100.0,0.12314003705978394,0.5398405194282532,781,813,0.27460065484046936,0,0,0.005119603127241135,0.0009994683787226677,22.40070343017578,0.005753470119088888,0.15328320860862732,0.009376557543873787,0.22207088768482208,19.695049285888672,0.010727416723966599,0.27252233028411865,0.006715541705489159,0.01021328754723072,22.0919246673584,0.006177426781505346,0.1670050173997879,0.010894667357206345,0.23213811218738556,19.58070182800293,0.011013614945113659,0.27869361639022827,0.002349686110392213,0.010011758655309677,29.314781188964844,0.0011709057725965977,0.06538796424865723,0.009770979173481464,0.0,19.47913932800293,0.011274207383394241,0.26162463426589966,23.790847778320312,0.004177488386631012,0.10784032940864563,37.30104446411133,0.0001861641212599352,23.195249557495117,0.004791538696736097,0.12983450293540955,20.644023895263672,0.008621794171631336,0.20072588324546814,20.025836944580078,0.009940684773027897,0.24700593948364258,23.149898529052734,0.004841838032007217,0.11728116124868393,33.199520111083984,0.0004786830395460129,22.586044311523438,0.005513092968612909,0.14165616035461426,20.342830657958984,0.009240956045687199,0.21289639174938202,19.74297332763672,0.01060968916863203,0.2624749541282654,31.268348693847656,0.0007467328105121851,0.0354255810379982,34.725894927978516,0.0003368299512658268,30.916250228881836,0.0008097948157228529,0.042386218905448914
48895,6010,4,295,-1,3,28.15500259399414,0.0919710099697113,20.8645076751709,0.06329228729009628,30.031354904174805,25.600692749023438,0.10875851660966873,20.288469314575195,27.800392150878906,0.03602456673979759,20.332929611206055,20.28692054748535,20.82109832763672,0.23140521347522736,34.79906463623047,0.19044135510921478,0.33234527707099915,295,327,0.31748631596565247,0,0,0.0015293254982680082,0.000992806744761765,27.92671012878418,0.0016118668718263507,0.11270434409379959,0.008195008151233196,0.22870776057243347,20.329113006591797,0.009270193055272102,0.2737898528575897,0.0027537893038243055,0.009262049570679665,27.563377380371094,0.001752518117427826,0.1225372850894928,0.009357355535030365,0.23936159908771515,20.295421600341797,0.00934238638728857,0.27795296907424927,0.0016594368498772383,0.009360693395137787,33.23646926879883,0.0004746279737446457,0.03450215980410576,0.00827732589095831,0.0003312027838546783,20.22285270690918,0.00949980691075325,0.27492010593414307,29.22124481201172,0.001196398283354938,0.08099953085184097,33.88714599609375,0.00040858774445950985,28.802165985107422,0.0013175997883081436,0.09916254132986069,21.10976791381836,0.007745032198727131,0.22441790997982025,20.515077590942383,0.00888162013143301,0.26742756366729736,28.368694305419922,0.0014558973489329219,0.08942732214927673,32.36654281616211,0.0005798902711831033,27.984207153320312,0.0015906676417216659,0.10897029936313629,20.946645736694336,0.008041469380259514,0.23005074262619019,20.36200714111328,0.009200243279337883,0.27367863059043884,34.950660705566406,0.0003198410850018263,0.017284657806158066,36.69281005859375,0.00021415046649053693,34.73530197143555,0.0003361011913511902,0.021133162081241608
52833,6010,4,4233,-1,1,19.147340774536133,0.2604347765445709,13.782572746276855,0.16598396003246307,27.278892517089844,18.666080474853516,0.27129054069519043,13.63576889038086,26.87412452697754,0.029329635202884674,19.364606857299805,19.551586151123047,13.733020782470703,0.3541286587715149,100.0,0.36269351840019226,0.45764246582984924,4233,4265,0.3606090843677521,0,0,0.01216930616647005,0.0018711595330387354,18.615825653076172,0.013753636740148067,0.2983916401863098,0.041854552924633026,0.3580799698829651,13.176279067993164,0.04812515527009964,0.4159489870071411,0.01359539944678545,0.011575491167604923,18.567930221557617,0.013906153850257397,0.3068447411060333,0.0432935506105423,0.36035314202308655,13.170669555664062,0.04818735644221306,0.4119589328765869,0.0020539385732263327,0.01108770351856947,31.777477264404297,0.0006641288637183607,0.0278921015560627,0.04233483597636223,0.0,13.111542701721191,0.04884788393974304,0.4109511077404022,19.44065284729004,0.01137456577271223,0.25072887539863586,30.924341201782227,0.0008082874701358378,18.860515594482422,0.01300014741718769,0.29037028551101685,13.834817886352539,0.04135407507419586,0.34742653369903564,13.21475887298584,0.047700632363557816,0.4045555591583252,19.27535629272461,0.011815841309726238,0.2541523575782776,28.884735107421875,0.0012927852803841233,18.717697143554688,0.01343477237969637,0.29358577728271484,13.774482727050781,0.041932594031095505,0.3506905436515808,13.161083221435547,0.048293840140104294,0.4069446921348572,33.20576858520508,0.0004779947630595416,0.01646406389772892,32.55374526977539,0.0005554250674322248,33.31537628173828,0.0004660824197344482,0.01919584348797798
54922,6011,5,1171,-1,1,23.60628318786621,0.10857543349266052,22.722999572753906,0.0714382454752922,30.70140838623047,22.20812225341797,0.11233270168304443,21.5584774017334,25.957275390625,0.042505182325839996,20.357784271240234,20.488182067871094,22.196475982666016,0.12359955161809921,100.0,0.10733520239591599,0.6655621528625488,1171,1203,0.22186943888664246,0,0,0.004358848091214895,0.0008508624159730971,23.099336624145508,0.004898537881672382,0.12475737929344177,0.005341954529285431,0.12898240983486176,22.153120040893555,0.006090990733355284,0.14740853011608124,0.006014334969222546,0.009209191426634789,22.578392028808594,0.005522818770259619,0.12361151725053787,0.006984775420278311,0.13854464888572693,21.750823974609375,0.006682171020656824,0.15244634449481964,0.002536719897761941,0.008936798200011253,28.090824127197266,0.00155209272634238,0.04088183492422104,0.00603048549965024,0.0,21.574996948242188,0.006958251819014549,0.14038078486919403,24.810007095336914,0.0033036910463124514,0.09718070924282074,37.947994232177734,0.00016039861657191068,24.216732025146484,0.0037872749380767345,0.11194135248661041,23.519716262817383,0.004446604289114475,0.12161345034837723,22.90314483642578,0.005124902352690697,0.13851244747638702,23.807090759277344,0.004161892458796501,0.09722009301185608,34.22382354736328,0.0003781096020247787,23.238542556762695,0.004744012840092182,0.11220397800207138,22.74066925048828,0.005320264957845211,0.12554435431957245,22.1483154296875,0.006097731646150351,0.14283232390880585,30.308809280395508,0.0009313629707321525,0.021577363833785057,35.882102966308594,0.0002581009466666728,29.85084342956543,0.0010349417570978403,0.024906525388360023
55443,6011,5,1724,-1,3,24.34309959411621,0.1585385501384735,22.768089294433594,0.0868840366601944,30.10694122314453,22.675092697143555,0.1696896106004715,21.530284881591797,26.188823699951172,0.05357910692691803,19.981298446655273,20.157758712768555,22.175621032714844,0.2351309061050415,100.0,0.15813694894313812,0.5494227409362793,1724,1756,0.29565301537513733,0,0,0.0036786647979170084,0.000975676579400897,23.877981185913086,0.004094508942216635,0.17970210313796997,0.005286780185997486,0.23883160948753357,22.206945419311523,0.006015967112034559,0.2710133194923401,0.00540120666846633,0.01004315447062254,23.29099464416504,0.004687061067670584,0.18656978011131287,0.007030260283499956,0.2552028298377991,21.805599212646484,0.006598422769457102,0.2830522060394287,0.002405013656243682,0.009643261320888996,28.889266967773438,0.0012914370745420456,0.05562223866581917,0.006059516221284866,0.0,21.55414390563965,0.006991749629378319,0.26730769872665405,25.456865310668945,0.0028465166687965393,0.1418537199497223,33.512752532958984,0.00044537411304190755,24.926944732666016,0.0032159232068806887,0.16097654402256012,23.370798110961914,0.004601721186190844,0.22447948157787323,22.755725860595703,0.005301849916577339,0.2551647126674652,24.330059051513672,0.0036897265817970037,0.1480509638786316,31.397296905517578,0.0007248872425407171,23.82386016845703,0.00414585554972291,0.16696709394454956,22.623472213745117,0.005465789698064327,0.23297105729579926,22.037494659423828,0.006255336571484804,0.264016330242157,30.619434356689453,0.0008670745883136988,0.02753886580467224,34.762107849121094,0.0003340330731589347,30.226966857910156,0.0009490810916759074,0.03185328468680382
56748,6011,5,3061,-1,3,26.264484405517578,0.12087277323007584,21.498138427734375,0.053633976727724075,28.792522430419922,24.087581634521484,0.12762510776519775,20.686458587646484,26.49110984802246,0.05210820212960243,19.928253173828125,20.16185760498047,21.27910614013672,0.2329358458518982,100.0,0.11873342841863632,0.4517175853252411,3061,3093,0.2320622354745865,0,0,0.002363478299230337,0.0013205285649746656,25.979223251342773,0.002523932373151183,0.14590498805046082,0.00708249444141984,0.23195718228816986,20.941726684570312,0.008050581440329552,0.2806641161441803,0.0039015926886349916,0.01016657892614603,25.319852828979492,0.002937748795375228,0.15046679973602295,0.008537962101399899,0.2396657019853592,20.748611450195312,0.008416643366217613,0.28232207894325256,0.0022433081176131964,0.0096341697499156,29.561460494995117,0.0011062521953135729,0.055501539260149,0.007448853924870491,0.0,20.65762710571289,0.008594831451773643,0.280417799949646,28.278732299804688,0.0014863695250824094,0.1013437956571579,33.33013153076172,0.0004645011213142425,27.842092514038086,0.0016435801517218351,0.12473750114440918,22.013826370239258,0.006289519369602203,0.22544445097446442,21.397796630859375,0.007248037960380316,0.2721472978591919,26.85308265686035,0.0020639149006456137,0.10353758931159973,31.453414916992188,0.0007155808852985501,26.437158584594727,0.0022713509388267994,0.12729421257972717,21.59062957763672,0.006933255586773157,0.22795164585113525,20.990140914916992,0.007961337454617023,0.2730957865715027,31.627643585205078,0.0006874417304061353,0.029376588761806488,35.85850143432617,0.0002595073019620031,31.230449676513672,0.0007532777381129563,0.035103607922792435
60167,6012,2,1595,-1,0,22.05402183532715,0.13287757337093353,21.240995407104492,0.07214178144931793,30.708723068237305,21.059019088745117,0.14842094480991364,20.401500701904297,24.299453735351562,0.057891279458999634,20.39638328552246,20.4940185546875,20.933752059936523,0.3618221580982208,100.0,0.14602060616016388,0.49405205249786377,1595,1627,0.3046489655971527,0,0,0.006231577135622501,0.0008494300418533385,21.51219940185547,0.007059600204229355,0.15418216586112976,0.007514508906751871,0.360277384519577,20.67203712463379,0.008566358126699924,0.4221019446849823,0.007836065255105495,0.009127708151936531,21.170574188232422,0.007637351285666227,0.16593031585216522,0.00911695510149002,0.3674370050430298,20.402511596679688,0.009114832617342472,0.42615705728530884,0.0037158187478780746,0.008924799039959908,25.354454040527344,0.002914437325671315,0.0602676086127758,0.008065378293395042,0.0,20.312273025512695,0.009306206367909908,0.42507150769233704,24.726266860961914,0.003368010511621833,0.11266517639160156,38.5424690246582,0.00013987925194669515,24.128904342651367,0.003864646190777421,0.13339656591415405,23.048246383666992,0.00495650339871645,0.34294360876083374,22.433391571044922,0.005710325203835964,0.40464866161346436,23.132970809936523,0.004860749002546072,0.12292098999023438,34.68455505371094,0.00034005127963609993,22.552188873291016,0.005556240677833557,0.14502505958080292,21.925859451293945,0.006418213248252869,0.351486474275589,21.326034545898438,0.007368798367679119,0.4144679605960846,27.819002151489258,0.0016523425001651049,0.03743615001440048,36.39625549316406,0.0002292843273608014,27.27862548828125,0.0018712745513767004,0.043632622808218
60450,6012,2,1910,-1,3,26.44525909423828,0.10512992739677429,22.074861526489258,0.05150782689452171,31.628114700317383,24.52349090576172,0.11828027665615082,21.325702667236328,27.646474838256836,0.04870317876338959,20.630207061767578,20.592323303222656,22.05289077758789,0.22648394107818604,100.0,0.16259196400642395,0.31679195165634155,1910,1942,0.2344895303249359,0,0,0.002267118776217103,0.0006873669917695224,26.00299072265625,0.002510157646611333,0.12493429332971573,0.006201745942234993,0.23552396893501282,21.520771026611328,0.00704567926004529,0.2738838195800781,0.003528992645442486,0.008649266324937344,25.620500564575195,0.0027412583585828543,0.13350863754749298,0.0073693604208528996,0.23190420866012573,21.460302352905273,0.007144467439502478,0.2662728726863861,0.001719303079880774,0.008725050836801529,31.928062438964844,0.0006414956878870726,0.04901178553700447,0.006233198568224907,0.0,21.431411743164062,0.007192152086645365,0.26851317286491394,27.491008758544922,0.001781965373083949,0.09371179342269897,36.176063537597656,0.00024120899615809321,26.948627471923828,0.0020190048962831497,0.11241570115089417,22.57509994506836,0.0055270069278776646,0.2221144735813141,21.961450576782227,0.00636582775041461,0.2640989124774933,26.758119583129883,0.002109541092067957,0.10338953882455826,34.0498046875,0.00039356775232590735,26.24604034423828,0.0023735370486974716,0.12321384996175766,22.29046630859375,0.005901378113776445,0.22048038244247437,21.687944412231445,0.006779623217880726,0.26209190487861633,34.165771484375,0.000383197795599699,0.025070734322071075,37.135231018066406,0.00019340927246958017,33.846858978271484,0.00041239598067477345,0.03005211241543293
61832,6012,2,3324,-1,3,27.553377151489258,0.10170624405145645,23.605222702026367,0.03744906932115555,30.301044464111328,25.26857566833496,0.10778271406888962,22.5887451171875,27.405479431152344,0.041855596005916595,20.53316879272461,20.431278228759766,23.597618103027344,0.14442051947116852,100.0,0.0961855798959732,0.3893418312072754,3324,3356,0.22203631699085236,0,0,0.0017565570306032896,0.000933030154556036,27.250911712646484,0.0018832534551620483,0.12004829943180084,0.004359912127256393,0.15040750801563263,23.088796615600586,0.00491044158115983,0.1815088540315628,0.002972641261294484,0.008844703435897827,26.84187889099121,0.0020692471880465746,0.12323051691055298,0.005509670358151197,0.15820983052253723,22.996944427490234,0.005015398841351271,0.18575051426887512,0.0018174066208302975,0.009054661728441715,31.52437973022461,0.000703982834238559,0.04327234625816345,0.004367554560303688,0.0,22.976139068603516,0.005039486102759838,0.17632260918617249,29.476970672607422,0.001127984025515616,0.07910054922103882,38.69908142089844,0.00013492495054379106,28.92531394958496,0.0012807623716071248,0.09463637322187424,24.384061813354492,0.00364412902854383,0.13748744130134583,23.772279739379883,0.004195386543869972,0.1686471849679947,28.33879280090332,0.0014659557491540909,0.08235281705856323,34.60189437866211,0.00034658555523492396,27.85641860961914,0.0016381664900109172,0.09947018325328827,23.922264099121094,0.004052972421050072,0.1456456482410431,23.336524963378906,0.004638178274035454,0.1774374544620514,33.70344543457031,0.00042624137131497264,0.0251455120742321,35.95558166503906,0.00025377096608281136,33.4411735534668,0.0004527752462308854,0.030266907066106796
63615,6013,3,80,-1,0,26.287818908691406,0.15673097968101501,25.65812110900879,0.03667693957686424,28.60202980041504,24.29561996459961,0.1821199655532837,23.90699577331543,26.214942932128906,0.06221871078014374,20.1040096282959,20.31122589111328,25.285079956054688,0.15059968829154968,100.0,0.07141925394535065,0.5135441422462463,80,112,0.2082495391368866,0,0,0.002350814174860716,0.0013797390274703503,26.020233154296875,0.0025002104230225086,0.18944668769836426,0.0027176153380423784,0.15782900154590607,25.14095687866211,0.003061288734897971,0.1988929659128189,0.0037191021256148815,0.009763354435563087,25.545177459716797,0.0027892172802239656,0.2133570909500122,0.0040672458708286285,0.1727447807788849,24.832855224609375,0.003286355175077915,0.2100452333688736,0.0023905944544821978,0.009308450855314732,28.7735538482666,0.0013263090513646603,0.06607376039028168,0.002961365971714258,0.0,24.66360092163086,0.0034169608261436224,0.19042935967445374,29.536048889160156,0.0011127437464892864,0.1371731162071228,31.394731521606445,0.0007253152434714139,29.30943489074707,0.0011723481584340334,0.16650664806365967,27.544891357421875,0.0017599931452423334,0.1451367735862732,26.944175720214844,0.0020210761576890945,0.18576955795288086,27.420482635498047,0.0018111388199031353,0.14444294571876526,30.25125503540039,0.0009437882690690458,27.11174774169922,0.001944577437825501,0.17367105185985565,26.158599853515625,0.0024218095932155848,0.15255248546600342,25.583648681640625,0.0027646187227219343,0.19484053552150726,30.949264526367188,0.0008036622893996537,0.03852143511176109,37.025638580322266,0.00019835183047689497,30.473108291625977,0.0008967870380729437,0.04738619923591614
64416,6013,3,945,-1,0,27.340152740478516,0.08138912916183472,24.64456558227539,0.027149081230163574,30.53571319580078,24.73478126525879,0.09034129977226257,23.126123428344727,26.44028663635254,0.045089129358530045,20.330326080322266,20.413898468017578,24.171688079833984,0.08575417101383209,100.0,0.06396611779928207,0.4244290888309479,945,977,0.17696742713451385,0,0,0.0018449515337124467,0.0008839522488415241,27.005369186401367,0.001992797711864114,0.09638005495071411,0.003431970253586769,0.08529189974069595,24.09912109375,0.0038912391755729914,0.1002688854932785,0.0033614144194871187,0.009267603047192097,26.103435516357422,0.0024527697823941708,0.10141193866729736,0.004868417512625456,0.10281655192375183,23.758865356445312,0.0042083668522536755,0.11550362408161163,0.0022697148378938437,0.0090909693390131,29.135364532470703,0.0012202910147607327,0.04675977677106857,0.0038267597556114197,0.0,23.550209045410156,0.004415492061525583,0.1010248064994812,30.130918502807617,0.0009703052346594632,0.0720512717962265,34.19978713989258,0.00038020825013518333,29.742481231689453,0.0010610894532874227,0.08542975783348083,25.655193328857422,0.002719447948038578,0.07461600005626678,25.043346405029297,0.0031308713369071484,0.0880935788154602,28.058950424194336,0.0015635256422683597,0.07347197830677032,32.548194885253906,0.0005561355501413345,27.64848518371582,0.001718508661724627,0.08734756708145142,24.760120391845703,0.0033418587408959866,0.08577515929937363,24.17689323425293,0.0038221764843910933,0.10084890574216843,31.658615112304688,0.0006825562450103462,0.026378238573670387,36.67831039428711,0.0002148667845176533,31.223358154296875,0.0007545085391029716,0.03149840608239174
65302,6013,3,1831,-1,2,24.904407501220703,0.10603281855583191,23.025527954101562,0.04057202488183975,30.825477600097656,22.865419387817383,0.12395955622196198,21.675682067871094,25.485563278198242,0.05752529948949814,20.084314346313477,20.206823348999023,22.206056594848633,0.12184454500675201,100.0,0.08336879312992096,0.4866572320461273,1831,1863,0.22242604196071625,0,0,0.0032326537184417248,0.0008268986130133271,24.433635711669922,0.003602770157158375,0.12137780338525772,0.004982500337064266,0.1279665231704712,22.455141067504883,0.005681798793375492,0.1483750343322754,0.005169614218175411,0.009807731956243515,23.5104923248291,0.004456057213246822,0.13730566203594208,0.0067987944930791855,0.14251664280891418,21.95612907409668,0.006373633164912462,0.15847525000572205,0.0028277684468775988,0.009534932672977448,27.457183837890625,0.001795897027477622,0.06072460860013962,0.006017198786139488,0.0,21.584577560424805,0.006942921783775091,0.13995487987995148,26.93790626525879,0.0020239949226379395,0.08502813428640366,36.90040969848633,0.000204154581297189,26.375232696533203,0.002303970279172063,0.09759357571601868,23.917715072631836,0.004057218786329031,0.11089764535427094,23.304447174072266,0.0046725645661354065,0.12829861044883728,25.130821228027344,0.0030684431549161673,0.09640917927026749,33.20276641845703,0.0004783253825735301,24.60055923461914,0.0034669230226427317,0.1103639230132103,22.916963577270508,0.005108621437102556,0.11854637414216995,22.330371856689453,0.005847401451319456,0.13635925948619843,29.55970001220703,0.001106700045056641,0.027995692566037178,35.02271270751953,0.0003145783848594874,29.106021881103516,0.0012285648845136166,0.03266347199678421
66694,6013,3,3287,-1,0,26.040973663330078,0.12202207744121552,21.200429916381836,0.03676968440413475,31.47333526611328,24.023435592651367,0.1371869444847107,20.500045776367188,26.390573501586914,0.05760321021080017,20.500747680664062,20.553565979003906,21.006061553955078,0.15474708378314972,100.0,0.10338320583105087,0.3556639850139618,3287,3319,0.20872202515602112,0,0,0.0024882990401238203,0.000712305773049593,25.588502883911133,0.0027615290600806475,0.13966941833496094,0.007585025392472744,0.16464674472808838,20.63337516784668,0.008642963133752346,0.1840474009513855,0.003959648311138153,0.008910978212952614,24.951343536376953,0.0031979053746908903,0.15086320042610168,0.008912417106330395,0.17107141017913818,20.493030548095703,0.008926823735237122,0.18293282389640808,0.0022958461195230484,0.008803261443972588,28.8782901763916,0.0012947052018716931,0.06042089685797691,0.007932202890515327,0.0,20.38458251953125,0.009152541868388653,0.17222359776496887,28.047927856445312,0.0015674983151257038,0.11288753896951675,37.061920166015625,0.0001967016578419134,27.499731063842773,0.0017783900257200003,0.1302635222673416,21.748615264892578,0.00668557221069932,0.14922486245632172,21.133243560791016,0.007703279610723257,0.16652214527130127,26.552640914916992,0.002211750252172351,0.11706849187612534,34.177005767822266,0.00038220788701437414,26.032394409179688,0.0024932182859629393,0.13601182401180267,21.336585998535156,0.007350915111601353,0.1554446965456009,20.732900619506836,0.008447146974503994,0.1739075928926468,31.07935905456543,0.0007799453451298177,0.03335830569267273,36.11795425415039,0.0002444581186864525,30.643274307250977,0.0008623279281891882,0.03873259946703911
68927,6014,4,674,-1,2,21.913436889648438,0.1750207245349884,17.55872344970703,0.09046220034360886,30.684404373168945,20.99672508239746,0.18982507288455963,17.24001121520996,26.598615646362305,0.03412417322397232,20.16799545288086,20.160762786865234,17.487314224243164,0.34537312388420105,35.134666442871094,0.21933524310588837,0.4124380648136139,674,706,0.23380722105503082,0,0,0.006436597090214491,0.0008542000432498753,21.36949348449707,0.007295427843928337,0.20392757654190063,0.017543956637382507,0.346099853515625,16.984050750732422,0.020026030018925667,0.3949083983898163,0.007949271239340305,0.009620564058423042,21.139524459838867,0.00769214890897274,0.21766947209835052,0.01887986809015274,0.3475976288318634,16.912139892578125,0.020360387861728668,0.39165645837783813,0.002188459737226367,0.009636597707867622,29.81885528564453,0.0010425926884636283,0.03206242620944977,0.017834816128015518,0.00030657282331958413,16.87579917907715,0.020531469956040382,0.39422985911369324,22.515724182128906,0.005603090859949589,0.1692524552345276,37.725990295410156,0.00016881113697309047,21.911725997924805,0.006439134478569031,0.1999388337135315,17.671619415283203,0.01709378883242607,0.3375948667526245,17.06200408935547,0.019669778645038605,0.3854779005050659,22.179309844970703,0.006054368801414967,0.17066797614097595,35.08207321166992,0.0003103077760897577,21.58761215209961,0.006938071455806494,0.20146948099136353,17.558706283569336,0.017544036731123924,0.3423686623573303,16.95314598083496,0.020169047638773918,0.3902510404586792,32.90316390991211,0.0005124880117364228,0.017631541937589645,37.20316696166992,0.0001904072123579681,32.50233459472656,0.0005620389129035175,0.02122657559812069
70155,6014,4,1934,-1,1,30.802648544311523,0.06566156446933746,24.875240325927734,0.0427016019821167,30.112123489379883,26.8844051361084,0.07433462142944336,23.534706115722656,28.217199325561523,0.031221847981214523,20.10955810546875,20.145160675048828,25.02683448791504,0.2496051788330078,100.0,0.16364622116088867,0.26093852519989014,1934,1966,0.27106717228889465,0,0,0.0008312568534165621,0.0009745127754285932,30.919349670410156,0.0008092175121419132,0.08027026802301407,0.003254438517615199,0.24182236194610596,24.42510223388672,0.0036098563577979803,0.298809289932251,0.002049083122983575,0.00975088868290186,30.633907318115234,0.000864190049469471,0.08281747251749039,0.004431284498423338,0.25526803731918335,24.38800048828125,0.003640824928879738,0.30614373087882996,0.001507578999735415,0.009671282023191452,35.99246597290039,0.00025162467500194907,0.027978617697954178,0.003142798785120249,0.0,24.40535545349121,0.0036263063084334135,0.30943289399147034,32.17809295654297,0.0006056067650206387,0.05668193846940994,33.091129302978516,0.0004907803959213197,32.05322265625,0.0006232723826542497,0.07011227309703827,25.31724739074707,0.0029395141173154116,0.23841243982315063,24.70897674560547,0.0033814450725913048,0.2962203025817871,31.36511993408203,0.0007302779122255743,0.05955269932746887,31.964275360107422,0.0006361689302138984,31.27985954284668,0.0007447561365552247,0.07407210767269135,25.112571716308594,0.0030813629273325205,0.24413850903511047,24.53256607055664,0.0035216279793530703,0.3031715750694275,37.658164978027344,0.00017146820027846843,0.013865969143807888,36.33432388305664,0.00023257735301740468,37.90306091308594,0.0001620667753741145,0.01756538450717926
76030,6015,5,2800,-1,0,25.84355354309082,0.1140032559633255,20.411224365234375,0.05952581763267517,31.926023483276367,23.778636932373047,0.12096786499023438,19.767383575439453,26.471778869628906,0.05022170767188072,20.265541076660156,20.3072509765625,20.1697998046875,0.3505391776561737,100.0,0.21513977646827698,0.27668440341949463,2800,2832,0.34276914596557617,0,0,0.0026040230877697468,0.0006417970289476216,25.367185592651367,0.002905904082581401,0.13078393042087555,0.009096567519009113,0.35069242119789124,19.839237213134766,0.010377109050750732,0.39799851179122925,0.004189252853393555,0.009406885132193565,24.702436447143555,0.003386540338397026,0.13220900297164917,0.010550226084887981,0.354500412940979,19.67300796508789,0.01078199315816164,0.39560848474502563,0.0022533161100000143,0.009316977113485336,29.330785751342773,0.001166599104180932,0.05145491659641266,0.009616568684577942,0.0,19.54831886291504,0.011096041649580002,0.39513397216796875,27.0595760345459,0.001968078315258026,0.09791839122772217,38.84798049926758,0.00013037728786002845,26.47662925720215,0.002250801771879196,0.1111680194735527,20.763559341430664,0.00838772114366293,0.3403662443161011,20.148345947265625,0.009664188139140606,0.38548776507377625,25.877439498901367,0.002583782421424985,0.09872947633266449,34.861045837402344,0.0003265092382207513,25.32975959777832,0.0029310553800314665,0.11212519556283951,20.416934967041016,0.009084616787731647,0.34171777963638306,19.813827514648438,0.010438002645969391,0.3863318860530853,31.38059425354004,0.0007276805699802935,0.027833880856633186,35.75828552246094,0.00026556552620604634,30.975753784179688,0.000798775174189359,0.032044000923633575
82308,6016,2,4392,-1,2,25.722755432128906,0.07589158415794373,18.561786651611328,0.03656725957989693,31.74668312072754,23.820484161376953,0.09335893392562866,18.160741806030273,26.763778686523438,0.03958941623568535,20.456478118896484,20.553115844726562,18.497407913208008,0.29513877630233765,100.0,0.15681667625904083,0.23318476974964142,4392,4424,0.247025266289711,0,0,0.0026774683501571417,0.0006688545690849423,25.248395919799805,0.002986485604196787,0.08970670402050018,0.013925842009484768,0.2953529357910156,17.96044158935547,0.015993956476449966,0.34784290194511414,0.0041490779258310795,0.00900227390229702,24.682104110717773,0.0034024319611489773,0.1029917448759079,0.015273052267730236,0.30313000082969666,17.884140014648438,0.016277438029646873,0.3515782654285431,0.0021067943889647722,0.008804166689515114,29.680145263671875,0.0010764296166598797,0.04006045311689377,0.014133814722299576,0.0,17.87592887878418,0.016308246180415154,0.3499125838279724,26.952550888061523,0.002017182530835271,0.06672000885009766,39.812679290771484,0.00010440767073305324,26.36114501953125,0.002311455551534891,0.07949810475111008,18.788434982299805,0.013217724859714508,0.29228833317756653,18.16886329650879,0.015244523994624615,0.34610629081726074,26.035903930664062,0.002491205930709839,0.07316508144140244,35.8936767578125,0.00025741406716406345,25.47467803955078,0.002834866289049387,0.08717185258865356,18.618553161621094,0.013745000585913658,0.29590004682540894,18.00522232055664,0.01582988351583481,0.3502451181411743,32.3189697265625,0.0005862773978151381,0.020611975342035294,37.15753173828125,0.0001924185489770025,31.89182472229004,0.0006468710489571095,0.024594103917479515
82785,6016,2,4869,-1,3,28.25843048095703,0.08459886163473129,24.527711868286133,0.03548326715826988,31.814250946044922,25.57386589050293,0.10102927684783936,23.329954147338867,27.851558685302734,0.040310557931661606,20.490962982177734,20.504514694213867,24.533096313476562,0.17045558989048004,100.0,0.13725903630256653,0.2585131525993347,4869,4901,0.2444261759519577,0,0,0.0014933341881260276,0.0006585290539078414,27.90011978149414,0.001621765666641295,0.10074189305305481,0.00352556724101305,0.17406302690505981,24.019309997558594,0.003963409457355738,0.20845957100391388,0.002770852530375123,0.008931071497499943,27.39183235168457,0.001823126687668264,0.11319256573915482,0.00464520463719964,0.18405276536941528,23.958396911621094,0.004019392654299736,0.21222209930419922,0.0016400015447288752,0.008903248235583305,32.8184814453125,0.0005225789500400424,0.04092076048254967,0.003521198173984885,0.0,23.911617279052734,0.0040629212744534016,0.20471182465553284,29.664142608642578,0.0010804032208397985,0.07924163341522217,39.13732147216797,0.00012197413161629811,29.10853385925293,0.0012278539361432195,0.0948343575000763,25.221071243286133,0.003005335107445717,0.16754600405693054,24.61151123046875,0.003458190942183137,0.20267021656036377,28.654518127441406,0.0013631643960252404,0.0846194475889206,35.522125244140625,0.00028040612232871354,28.15381622314453,0.0015297426143661141,0.10147714614868164,24.829166412353516,0.0032891479786485434,0.17123262584209442,24.242042541503906,0.0037652652245014906,0.2064266800880432,34.85689926147461,0.0003268212894909084,0.021814825013279915,37.13204574584961,0.00019355090626049787,34.592647552490234,0.0003473244432825595,0.026185311377048492
84237,6017,3,1358,-1,3,25.42801856994629,0.05908675491809845,18.169940948486328,0.049338724464178085,31.4641170501709,23.524749755859375,0.07120172679424286,17.753393173217773,27.007883071899414,0.027725499123334885,20.439443588256836,20.547836303710938,18.060129165649414,0.131154865026474,100.0,0.14427506923675537,0.3419767916202545,1358,1390,0.19035843014717102,0,0,0.0028654851485043764,0.000713819230441004,24.95323944091797,0.0031965109519660473,0.0726618617773056,0.015240736305713654,0.13210010528564453,17.582429885864258,0.017448464408516884,0.15014785528182983,0.004441453609615564,0.009037654846906662,24.277856826782227,0.0037343460135161877,0.0792807787656784,0.016774935647845268,0.14548304677009583,17.45258903503418,0.017977984622120857,0.158940389752388,0.001991644036024809,0.00881488062441349,30.25988006591797,0.0009419152629561722,0.02742943726480007,0.015631014481186867,0.0,17.438650131225586,0.018035786226391792,0.14761096239089966,26.19614028930664,0.002400966128334403,0.0524478554725647,38.180259704589844,0.00015204567171167582,25.611486434936523,0.0027469538617879152,0.06636155396699905,18.24505615234375,0.014979397878050804,0.12909473478794098,17.626840591430664,0.01727093569934368,0.1453709900379181,25.485017776489258,0.00282812281511724,0.05301941931247711,34.63597869873047,0.0003438764833845198,24.934524536132812,0.003210314316675067,0.06493785977363586,18.111896514892578,0.015445800498127937,0.13352492451667786,17.4997501373291,0.017783822491765022,0.1507423371076584,33.24993896484375,0.00047315802657976747,0.012853749096393585,35.95050811767578,0.0002540677087381482,32.95108413696289,0.0005068642203696072,0.015910973772406578
86480,6017,3,3729,-1,3,24.786460876464844,0.10889455676078796,21.894092559814453,0.04155440255999565,29.724872589111328,23.105772018432617,0.11647569388151169,20.99363136291504,26.221324920654297,0.041438233107328415,19.811798095703125,20.00505828857422,21.667598724365234,0.2455299198627472,100.0,0.10877394676208496,0.3820253312587738,3729,3761,0.19121341407299042,0,0,0.0033216525334864855,0.0010654005454853177,24.35479736328125,0.003668768098577857,0.1284661740064621,0.006465333979576826,0.2531512379646301,21.316518783569336,0.007384961936622858,0.29426053166389465,0.004891283344477415,0.010442879050970078,23.939207077026367,0.0040371916256845,0.13246916234493256,0.007954942062497139,0.2596029043197632,21.17445945739746,0.007630520034581423,0.2962634563446045,0.0023870833683758974,0.00998835638165474,29.144752502441406,0.0012176571181043983,0.04271990433335304,0.006811459083110094,0.0,21.04612159729004,0.007859375327825546,0.28722959756851196,26.400718688964844,0.002290488686412573,0.09755512326955795,34.630531311035156,0.00034430777304805815,25.867168426513672,0.002589900977909565,0.11666622757911682,22.43608856201172,0.005706778261810541,0.23726597428321838,21.818763732910156,0.006578450556844473,0.27764734625816345,25.349151611328125,0.002917996607720852,0.10239963978528976,32.10538864135742,0.0006158303003758192,24.851634979248047,0.0032721757888793945,0.12141604721546173,21.984760284423828,0.006331753917038441,0.24471384286880493,21.391876220703125,0.0072579216212034225,0.2858758568763733,31.387981414794922,0.0007264435407705605,0.021421652287244797,35.06626892089844,0.0003114391292911023,31.022132873535156,0.0007902903598733246,0.025558078661561012
88245,6018,4,623,-1,3,21.198949813842773,0.14013643562793732,19.017093658447266,0.08413495868444443,29.289419174194336,20.351959228515625,0.1426384449005127,18.485851287841797,26.14746856689453,0.03782333806157112,20.222152709960938,20.36153793334961,18.785560607910156,0.3227454721927643,100.0,0.22007636725902557,0.38229891657829285,623,655,0.29490140080451965,0,0,0.007587611675262451,0.0011777637992054224,20.668296813964844,0.008573741652071476,0.16342204809188843,0.012539802119135857,0.3175371289253235,18.427860260009766,0.01436197105795145,0.3760368824005127,0.009221554733812809,0.009501336142420769,20.372278213500977,0.009178511798381805,0.16223083436489105,0.014171471819281578,0.32827651500701904,18.264759063720703,0.014911594800651073,0.38514429330825806,0.002428024774417281,0.009201235137879848,28.5823917388916,0.001385992392897606,0.037855327129364014,0.013226465322077274,0.0,18.16408348083496,0.015261305496096611,0.38353657722473145,21.761009216308594,0.006666520610451698,0.1326904594898224,33.75947570800781,0.0004207777383271605,21.176233291625977,0.007627404294908047,0.15578986704349518,19.276748657226562,0.011812047101557255,0.3107094466686249,18.657804489135742,0.01362132839858532,0.3704318106174469,21.286489486694336,0.0074362014420330524,0.13510169088840485,31.744728088378906,0.0006691557355225086,20.717432022094727,0.008477285504341125,0.15957218408584595,18.983949661254883,0.012635869905352592,0.3200007975101471,18.377613067626953,0.014529100619256496,0.38111382722854614,30.519363403320312,0.0008872860344126821,0.021060345694422722,34.695735931396484,0.0003391769714653492,30.125080108642578,0.0009716104832477868,0.02564145252108574
88448,6018,4,858,-1,2,29.98288345336914,0.06835237890481949,25.851760864257812,0.03982434794306755,30.284975051879883,26.544921875,0.07700131088495255,24.206140518188477,28.22956085205078,0.02602841891348362,20.21523666381836,20.22129249572754,25.948713302612305,0.21827781200408936,100.0,0.1484169363975525,0.2683275043964386,858,890,0.2397109419107437,0,0,0.0010039490880444646,0.0009364890865981579,29.93821907043457,0.0010143276304006577,0.08194241672754288,0.0025991059374064207,0.22457991540431976,25.410402297973633,0.002877132734283805,0.2703295946121216,0.0022156841587275267,0.009516480378806591,29.615848541259766,0.0010924848029389977,0.08504390716552734,0.003796524601057172,0.22861795127391815,25.34111213684082,0.002923403400927782,0.267772376537323,0.0015032945666462183,0.009503220207989216,35.645748138427734,0.00027253685402683914,0.0232505202293396,0.00254172645509243,0.0,25.327234268188477,0.0029327613301575184,0.2637794017791748,31.25279998779297,0.0007494110614061356,0.06313421577215195,33.54667282104492,0.0004419087490532547,30.986948013305664,0.0007967191631905735,0.07692679017782211,26.369728088378906,0.0023068920709192753,0.21852819621562958,25.764652252197266,0.002651764778420329,0.2641667127609253,30.433795928955078,0.000904941582120955,0.06649656593799591,32.390647888183594,0.0005766802933067083,30.197952270507812,0.0009554433636367321,0.08068002760410309,26.096317291259766,0.002456790767610073,0.21938133239746094,25.522411346435547,0.002803875831887126,0.2648119032382965,37.34329605102539,0.00018436159007251263,0.011274858377873898,36.980857849121094,0.00020040763774886727,37.40184020996094,0.00018189297406934202,0.013995707035064697
91673,6018,4,4147,-1,1,28.068456649780273,0.13301703333854675,25.564796447753906,0.059335511177778244,30.354663848876953,25.35872459411621,0.14455924928188324,23.86109161376953,27.527175903320312,0.04304751381278038,19.976457595825195,20.11958885192871,25.45121192932129,0.1242668554186821,100.0,0.10694541782140732,0.5548205375671387,4147,4179,0.2470925748348236,0,0,0.0015601073391735554,0.0009215814643539488,27.803258895874023,0.0016583421966060996,0.1705506443977356,0.0027766451239585876,0.13163743913173676,25.076658248901367,0.003106949385255575,0.16671884059906006,0.0029115735087543726,0.010054358281195164,27.41678237915039,0.001812683418393135,0.17989124357700348,0.004110465291887522,0.1458888202905655,24.913665771484375,0.0032257698476314545,0.17911720275878906,0.0017671872628852725,0.009728397242724895,32.656917572021484,0.0005423858528956771,0.04669014737010002,0.0028502230998128653,0.0,24.82973289489746,0.003288719104602933,0.1602310985326767,29.659481048583984,0.0010815632995218039,0.1245894581079483,38.461143493652344,0.0001425233349436894,29.114988327026367,0.0012260308722034097,0.15994954109191895,26.317977905273438,0.0023345444351434708,0.12169688194990158,25.709728240966797,0.00268551311455667,0.15665718913078308,28.6131649017334,0.00137620628811419,0.12441267818212509,34.19697189331055,0.0003804546722676605,28.15479278564453,0.0015293987235054374,0.16126281023025513,25.78284454345703,0.002640678081661463,0.1261078119277954,25.224075317382812,0.0030032575596123934,0.1625199019908905,34.55087661743164,0.00035068122087977827,0.02434087172150612,35.771915435791016,0.0002647333312779665,34.390132904052734,0.00036390393506735563,0.03109649568796158
93580,6019,5,1052,-1,1,23.83554458618164,0.12214650213718414,19.552106857299805,0.08840623497962952,31.039907455444336,22.483219146728516,0.13664519786834717,19.02291488647461,26.56275749206543,0.04076064005494118,20.211469650268555,20.336013793945312,19.372861862182617,0.17435620725154877,100.0,0.17748741805553436,0.49809861183166504,1052,1084,0.2835768759250641,0,0,0.00413471506908536,0.0007870629779063165,23.325714111328125,0.004649738781154156,0.13924726843833923,0.011086368933320045,0.17625641822814941,18.96341323852539,0.01269576046615839,0.19889087975025177,0.005645181052386761,0.009524735622107983,22.968524932861328,0.0050483266822993755,0.15018688142299652,0.012523002922534943,0.19025707244873047,18.852691650390625,0.013023598119616508,0.20990028977394104,0.002206604229286313,0.009255475364625454,29.49944305419922,0.00112216267734766,0.03794197365641594,0.01155350636690855,0.0,18.751384735107422,0.013330969028174877,0.19685450196266174,24.78357696533203,0.003323856508359313,0.11016947776079178,38.98652648925781,0.00012628373224288225,24.184154510498047,0.0038157906383275986,0.1254807561635971,19.840103149414062,0.010375043377280235,0.16666120290756226,19.222270965576172,0.011961154639720917,0.1877496838569641,24.03867530822754,0.0039457776583731174,0.12177574634552002,35.05546951293945,0.0003122145135421306,23.463258743286133,0.004504787735641003,0.13886260986328125,19.572084426879883,0.011035488918423653,0.1779480278491974,18.962705612182617,0.012697824276983738,0.20053669810295105,31.73121452331543,0.0006712409667670727,0.02083745226264,36.461612701416016,0.00022585962142329663,31.309085845947266,0.0007397611625492573,0.02385065332055092
94392,6019,5,1896,-1,1,25.585538864135742,0.10492545366287231,22.1602725982666,0.04115805774927139,31.091476440429688,23.41954803466797,0.1121729239821434,21.10559844970703,25.956695556640625,0.042109232395887375,20.251901626586914,20.267364501953125,21.596803665161133,0.19848783314228058,100.0,0.11948475986719131,0.3444628119468689,1896,1928,0.28826090693473816,0,0,0.0027634138241410255,0.0007777723949402571,25.130176544189453,0.0030688971746712923,0.11793334782123566,0.006080968771129847,0.20346271991729736,21.60552978515625,0.006909507792443037,0.2315848469734192,0.0045503550209105015,0.009436478838324547,24.203716278076172,0.0037986438255757093,0.12051841616630554,0.007752470672130585,0.21161508560180664,21.24478530883789,0.007507950533181429,0.23556451499462128,0.00253705820068717,0.00940293725579977,28.29512596130371,0.0014807692496106029,0.04205482825636864,0.006923406384885311,0.0,20.975324630737305,0.007988546043634415,0.22666198015213013,27.10378646850586,0.0019481463823467493,0.09431792050600052,37.75436019897461,0.00016771205991972238,26.53244400024414,0.0022220592945814133,0.10643593966960907,22.894271850585938,0.00513538159430027,0.19597603380680084,22.280895233154297,0.005914396606385708,0.22420087456703186,25.460031509399414,0.0028444419149309397,0.09916289150714874,34.29573440551758,0.00037190027069300413,24.914928436279297,0.0032248327042907476,0.11225930601358414,22.16767120361328,0.00607061805203557,0.19794504344463348,21.571311950683594,0.006964162457734346,0.22619959712028503,30.110055923461914,0.0009749770979396999,0.022072380408644676,35.906394958496094,0.0002566614421084523,29.643754959106445,0.0010854873107746243,0.0256081260740757
99170,6020,2,1899,-1,3,26.61440086364746,0.09159573167562485,23.875343322753906,0.041821688413619995,28.65517807006836,24.396472930908203,0.10302571207284927,22.618377685546875,26.8958740234375,0.043246105313301086,19.540843963623047,19.657642364501953,23.848772048950195,0.17652513086795807,100.0,0.10563929378986359,0.395891398191452,1899,1931,0.229847714304924,0,0,0.0021805190481245518,0.001362956827506423,26.370847702026367,0.002306297654286027,0.10933119803667068,0.004096997901797295,0.17824605107307434,23.382984161376953,0.0045888288877904415,0.21129101514816284,0.0036337324418127537,0.01111515797674656,26.05068016052246,0.0024827439337968826,0.11635078489780426,0.005472206044942141,0.18710929155349731,23.30514144897461,0.004671817179769278,0.21368394792079926,0.002043679356575012,0.010820213705301285,31.589889526367188,0.0006934433476999402,0.04340992867946625,0.004122140351682901,0.0,23.227293014526367,0.00475631607696414,0.20882508158683777,28.121261596679688,0.0015412524808198214,0.08048266917467117,31.629825592041016,0.0006870960933156312,27.76592254638672,0.001672661048360169,0.09586766362190247,24.695945739746094,0.0033916074316948652,0.16964401304721832,24.102386474609375,0.003888314589858055,0.20135602355003357,26.972606658935547,0.0020078879315406084,0.08392493426799774,28.060344696044922,0.001563023659400642,26.82703971862793,0.002076328732073307,0.10007426887750626,24.128931045532227,0.0038646217435598373,0.17252838611602783,23.64560317993164,0.004319562576711178,0.2037704437971115,32.596099853515625,0.0005500347469933331,0.025553394109010696,30.074542999267578,0.0009829823393374681,33.15669250488281,0.0004834273422602564,0.029864666983485222
99341,6020,2,2070,-1,2,26.607112884521484,0.08593600243330002,22.8085880279541,0.038740016520023346,28.33177947998047,24.469816207885742,0.0972944051027298,21.804868698120117,26.916275024414062,0.04677976667881012,19.721588134765625,19.838714599609375,22.780445098876953,0.1575789451599121,100.0,0.10452846437692642,0.3706169128417969,2070,2102,0.2263975590467453,0,0,0.002184181474149227,0.0014683245681226254,26.39347267150879,0.002294313395395875,0.09902831166982651,0.0052377087995409966,0.166493222117424,22.282562255859375,0.005912125576287508,0.19499284029006958,0.003572879359126091,0.010662064887583256,26.051570892333984,0.0024822354316711426,0.10527538508176804,0.00659953011199832,0.1728448122739792,22.183578491210938,0.006048426032066345,0.19751331210136414,0.0020341016352176666,0.010378356091678143,31.24724578857422,0.0007503701490350068,0.04603913426399231,0.005271759815514088,0.0,22.158966064453125,0.006082799285650253,0.18554219603538513,28.117887496948242,0.001542450743727386,0.07803038507699966,31.841829299926758,0.0006543605704791844,27.749286651611328,0.0016790799563750625,0.0917169526219368,23.43844985961914,0.004530595149844885,0.15216654539108276,22.82830810546875,0.005213978700339794,0.18172407150268555,27.092859268188477,0.0019530534045770764,0.08098974823951721,29.28432846069336,0.001179145066998899,26.835859298706055,0.0020721163600683212,0.09433354437351227,23.02252197265625,0.004985948093235493,0.1563662886619568,22.45671272277832,0.005679745692759752,0.18533308804035187,32.951934814453125,0.0005067651509307325,0.024266395717859268,33.02585220336914,0.000498212524689734,32.940670013427734,0.0005080808768980205,0.028268706053495407
100565,6020,2,3358,-1,2,22.342151641845703,0.15378952026367188,21.579484939575195,0.061181046068668365,29.85932159423828,21.293794631958008,0.18490588665008545,20.74357032775879,24.430625915527344,0.07627476751804352,20.28885841369629,20.42646598815918,21.268630981445312,0.3297729194164276,100.0,0.1255895048379898,0.4871509373188019,3358,3390,0.23855949938297272,0,0,0.0058315591886639595,0.0010329234646633267,21.824472427368164,0.006569811142981052,0.1824495494365692,0.0069510661996901035,0.34356245398521423,21.041194915771484,0.007868289947509766,0.40056413412094116,0.007423700299113989,0.009356514550745487,21.471330642700195,0.0071263439022004604,0.21468549966812134,0.008426417596638203,0.35276079177856445,20.80404281616211,0.008309903554618359,0.41030600666999817,0.0036052672658115625,0.009064698591828346,25.58249282836914,0.002765354234725237,0.08245692402124405,0.007466842886060476,0.0,20.647151947021484,0.008615587837994099,0.3897431492805481,24.978023529052734,0.003178322222083807,0.12527570128440857,38.10503387451172,0.00015470229845959693,24.38481903076172,0.003643494565039873,0.1517653465270996,23.263263702392578,0.0047170850448310375,0.31981131434440613,22.654264450073242,0.00542717007920146,0.3794763386249542,23.332021713256836,0.004642990883439779,0.14886309206485748,34.765846252441406,0.00033374541089870036,22.752365112304688,0.005305951926857233,0.1788102239370346,22.112773895263672,0.006147842388600111,0.3288719952106476,21.513755798339844,0.007057069800794125,0.3891597390174866,27.87318229675293,0.0016318560810759664,0.04574685916304588,36.47856903076172,0.00022497950703836977,27.332277297973633,0.0018482987070456147,0.05477732792496681
104413,6021,3,2236,-1,2,25.050142288208008,0.1091342568397522,19.42436408996582,0.03445659950375557,30.817707061767578,23.489479064941406,0.12701469659805298,18.9179630279541,26.566020965576172,0.040222786366939545,20.275117874145508,20.34554672241211,19.275043487548828,0.27789363265037537,100.0,0.1447940617799759,0.23796969652175903,2236,2268,0.2249487340450287,0,0,0.003125977935269475,0.000828379939775914,24.584888458251953,0.003479454666376114,0.12666501104831696,0.011417308822274208,0.28917351365089417,18.831668853759766,0.013086791150271893,0.33414730429649353,0.004477670881897211,0.00938616506755352,24.29163360595703,0.0037225179839879274,0.1390497088432312,0.012829321436583996,0.29322928190231323,18.739782333374023,0.01336662657558918,0.3310469090938568,0.0022049453109502792,0.009235179983079433,29.494770050048828,0.0011233707191422582,0.03844728320837021,0.011816686019301414,0.0,18.653562545776367,0.013634639792144299,0.3206096291542053,26.68104362487793,0.0021473148372024298,0.08811910450458527,36.80437469482422,0.00020871918241027743,26.1162166595459,0.002445560647174716,0.1031477153301239,19.736663818359375,0.010625116527080536,0.2690250873565674,19.11847686767578,0.012250462546944618,0.31147730350494385,25.683717727661133,0.0027016443200409412,0.09968479722738266,34.138999938964844,0.0003855670802295208,25.145675659179688,0.0030579641461372375,0.11615336686372757,19.48089027404785,0.011269667185842991,0.2762170135974884,18.87118148803711,0.01296826172620058,0.3194164037704468,31.574249267578125,0.0006959455204196274,0.02182643860578537,36.774009704589844,0.00021018377447035164,31.131271362304688,0.0007706780452281237,0.025686021894216537
104829,6021,3,2684,-1,2,29.081199645996094,0.0670434907078743,40.46181106567383,0.02423650026321411,32.49912643432617,25.61311912536621,0.08992964029312134,26.792266845703125,26.817331314086914,0.044823747128248215,20.387067794799805,20.41325569152832,43.4871711730957,0.002724182326346636,100.0,0.0014397838385775685,16.83342933654785,2684,2716,0.05335194990038872,0,0,0.0012356063816696405,0.0005624545156024396,28.73164939880371,0.0013391685206443071,0.0794413685798645,8.991223148768768e-05,0.0058320434764027596,39.917808532714844,0.00010191056207986549,0.0072038606740534306,0.002745921490713954,0.00914730690419674,27.542179107666016,0.0017610929207876325,0.09963282197713852,0.002093020360916853,0.045853763818740845,29.92440414428711,0.0010175592033192515,0.04793350771069527,0.0020809753332287073,0.009092316962778568,29.989990234375,0.001002307515591383,0.04691093787550926,4.480047937249765e-05,0.0,42.86569595336914,5.1692859415197745e-05,0.003397746942937374,32.098548889160156,0.0006168013205751777,0.05605974793434143,38.577430725097656,0.0001387575757689774,31.609329223632812,0.0006903464673087001,0.06745129823684692,45.55924987792969,2.7801963369711302e-05,0.0033831740729510784,44.98149108886719,3.1757863325765356e-05,0.00416859146207571,29.650733947753906,0.0010837442241609097,0.06419534981250763,35.524532318115234,0.0002802507078740746,29.181636810302734,0.0012073585530743003,0.07621846348047256,32.44219970703125,0.0005698759923689067,0.025762028992176056,31.99929428100586,0.0006310598691925406,0.030931055545806885,32.53023147583008,0.000558440457098186,0.024913817644119263,37.66438293457031,0.00017122285498771816,32.090030670166016,0.0006180123309604824,0.03001292794942856
109339,6022,4,2515,-1,3,29.604711532592773,0.06585693359375,22.621475219726562,0.04264605790376663,28.624244689941406,26.336286544799805,0.07527608424425125,21.774066925048828,28.151273727416992,0.03128207474946976,20.096324920654297,20.424692153930664,22.6516170501709,0.24841588735580444,100.0,0.18175004422664642,0.23464125394821167,2515,2547,0.2869761884212494,0,0,0.0010952891316264868,0.0013727007899433374,29.777324676513672,0.0010526104597374797,0.0784686803817749,0.005468303337693214,0.2577464282512665,22.09561538696289,0.006172176916152239,0.3063548803329468,0.002324724802747369,0.009780646301805973,29.289798736572266,0.0011776601895689964,0.08216751366853714,0.00664650509133935,0.26328036189079285,22.058868408203125,0.006224625278264284,0.3065125048160553,0.0015306388959288597,0.009068401530385017,34.306461334228516,0.0003709829179570079,0.02895302139222622,0.0054304832592606544,0.0,22.030136108398438,0.006265942472964525,0.2982247471809387,31.144742965698242,0.0007682909490540624,0.05800706893205643,31.66766929626465,0.0006811351631768048,31.069602966308594,0.000781699491199106,0.06952618807554245,22.964378356933594,0.005053151398897171,0.2407020926475525,22.350425720214844,0.005820463411509991,0.2893644869327545,30.105663299560547,0.0009759642416611314,0.06115664541721344,30.2946834564209,0.0009343975689262152,30.07729721069336,0.0009823590517044067,0.0730987936258316,22.790504455566406,0.005259564146399498,0.24566039443016052,22.195451736450195,0.006031910888850689,0.2955487072467804,36.11140823364258,0.00024482703884132206,0.014353109523653984,36.4558219909668,0.00022616102069150656,36.060760498046875,0.000247698713792488,0.018263205885887146
111600,6022,4,4776,-1,0,28.90403938293457,0.04933411255478859,21.130252838134766,0.036165446043014526,29.27686882019043,25.922643661499023,0.06483489274978638,20.46449851989746,27.586483001708984,0.03168949484825134,20.183284759521484,20.187301635742188,21.10907554626465,0.2140333205461502,100.0,0.1718110293149948,0.2104954868555069,4776,4808,0.2663930654525757,0,0,0.0012870515929535031,0.001181171741336584,28.84942054748535,0.0013033408904448152,0.05788472667336464,0.007708587683737278,0.21347951889038086,20.54842185974121,0.008813689462840557,0.2553406357765198,0.0025570285506546497,0.009586754254996777,28.31051254272461,0.0014755323063582182,0.07069232314825058,0.008985665626823902,0.22484995424747467,20.495895385742188,0.008920934982597828,0.26223069429397583,0.0017432179301977158,0.009577890858054161,32.693115234375,0.0005378835485316813,0.031116046011447906,0.007746267598122358,0.0,20.48759651184082,0.008938001468777657,0.2568979561328888,30.524993896484375,0.0008861369569785893,0.04084383323788643,34.52863311767578,0.00035248161293566227,30.140180587768555,0.0009682378731667995,0.04902214929461479,21.378889083862305,0.007279663346707821,0.2075805366039276,20.762039184570312,0.00839066319167614,0.24883802235126495,29.341533660888672,0.0011637154966592789,0.051569901406764984,32.57813262939453,0.0005523149739019573,29.003963470458984,0.001257777214050293,0.06211503967642784,21.205434799194336,0.007576292380690575,0.21562528610229492,20.60246467590332,0.008704693987965584,0.2582553029060364,34.72581481933594,0.00033683606307022274,0.016877537593245506,36.10249328613281,0.00024532992392778397,34.54799270629883,0.00035091396421194077,0.020541997626423836
112383,6023,5,461,-1,1,21.336421966552734,0.14332985877990723,17.515928268432617,0.06099901348352432,29.973899841308594,20.199031829833984,0.15930333733558655,17.004770278930664,24.190994262695312,0.04666227474808693,20.074871063232422,20.12470054626465,17.183061599731445,0.2535220980644226,100.0,0.13810087740421295,0.44169896841049194,461,493,0.2519185543060303,0,0,0.007351194508373737,0.0010060281492769718,20.794918060302734,0.00832737423479557,0.16316258907318115,0.017717698588967323,0.25873714685440063,16.913101196289062,0.02035587839782238,0.2963750958442688,0.009552055038511753,0.009829082526266575,20.21845245361328,0.009509434923529625,0.1780233234167099,0.01993071846663952,0.2692093849182129,16.678329467773438,0.021486567333340645,0.3029315173625946,0.003809788031503558,0.009716948494315147,25.374528884887695,0.002900994848459959,0.04712875187397003,0.01912907138466835,0.0,16.561582565307617,0.02207200601696968,0.29123082756996155,22.731294631958008,0.005331762135028839,0.12640418112277985,32.72216033935547,0.0005342985386960208,22.16823387145996,0.006069833878427744,0.14406266808509827,17.968021392822266,0.01596606895327568,0.2493714690208435,17.34839630126953,0.01841452345252037,0.2865515649318695,21.556270599365234,0.006988324224948883,0.133600652217865,30.80152702331543,0.0008314714068546891,21.004240036010742,0.007935532368719578,0.1519719511270523,17.512882232666016,0.017730122432112694,0.251772403717041,16.90139389038086,0.020410826429724693,0.2890273332595825,27.410865783691406,0.0018151553813368082,0.02910800650715828,35.043636322021484,0.00031306614982895553,26.890422821044922,0.002046245848760009,0.033524200320243835
112553,6023,5,631,-1,3,22.84986686706543,0.20909875631332397,20.3551082611084,0.06859127432107925,29.64702796936035,21.640844345092773,0.20729857683181763,19.621551513671875,25.488819122314453,0.060681093484163284,19.963714599609375,20.070674896240234,20.046422958374023,0.287109375,100.0,0.14081908762454987,0.4870879054069519,631,663,0.24275928735733032,0,0,0.005188159178942442,0.001084668911062181,22.35116958618164,0.005819465033710003,0.2404455542564392,0.009214871563017368,0.2962055504322052,19.775890350341797,0.010529576800763607,0.339555948972702,0.006853552535176277,0.01008390262722969,21.967769622802734,0.0063565755262970924,0.23304231464862823,0.010910507291555405,0.29841679334640503,19.555233001708984,0.011078396812081337,0.3389049172401428,0.0028256478253751993,0.009838583879172802,27.57773208618164,0.0017467349534854293,0.06280500441789627,0.009893681854009628,0.0,19.42494010925293,0.011415787972509861,0.3310680687427521,24.37310028076172,0.0036533407401293516,0.19551977515220642,32.49021911621094,0.0005636090063489974,23.84188461303711,0.004128684289753437,0.22539055347442627,20.99445343017578,0.007953434251248837,0.2822238504886627,20.377588272094727,0.00916729774326086,0.3245433568954468,23.365238189697266,0.004607617389410734,0.19061633944511414,31.265480041503906,0.000747225945815444,22.838695526123047,0.005201523192226887,0.2183285802602768,20.453758239746094,0.009007912129163742,0.28470587730407715,19.851341247558594,0.010348229669034481,0.3282725214958191,29.578899383544922,0.001101818517781794,0.036554913967847824,35.56390380859375,0.00027772170142270625,29.10588836669922,0.0012286026030778885,0.04204707592725754
113839,6023,5,2013,-1,2,24.354494094848633,0.10420084744691849,21.660852432250977,0.04899130016565323,32.31010818481445,22.76718521118164,0.1119733601808548,20.766613006591797,26.123666763305664,0.038212746381759644,20.30384063720703,20.38541603088379,21.432811737060547,0.13896964490413666,100.0,0.11020546406507492,0.44454512000083923,2013,2045,0.24706164002418518,0,0,0.0036690267734229565,0.0005874751950614154,23.82673454284668,0.004143111407756805,0.11927422881126404,0.006822049617767334,0.14747308194637299,21.081851959228516,0.007794974837452173,0.1693493276834488,0.005287878215312958,0.00932429451495409,23.309722900390625,0.004666891414672136,0.12294436246156693,0.008381828665733337,0.15856972336769104,20.83258056640625,0.008255472406744957,0.17482952773571014,0.002441369229927659,0.009150786325335503,28.510425567626953,0.0014091510092839599,0.03593398258090019,0.0071898335590958595,0.0,20.81133270263672,0.008295961655676365,0.15825562179088593,25.639875411987305,0.002729057800024748,0.0956636592745781,39.26847839355469,0.00011834570614155382,25.0435791015625,0.003130705561488867,0.10989213734865189,22.2647647857666,0.005936405621469021,0.1374673992395401,21.64816665649414,0.0068420046009123325,0.1570834219455719,24.666833877563477,0.0034144192468374968,0.09997530281543732,35.501827239990234,0.0002817197819240391,24.093395233154297,0.003896373091265559,0.11609405279159546,21.764728546142578,0.00666081253439188,0.14423520863056183,21.16201400756836,0.007652416359633207,0.16455918550491333,30.824262619018555,0.0008271302212961018,0.020087547600269318,36.69300079345703,0.00021414105140138417,30.3553466796875,0.0009214362362399697,0.022949542850255966
114967,6023,5,3205,-1,2,24.995723724365234,0.2016546130180359,23.93816375732422,0.06498848646879196,29.24606704711914,23.293426513671875,0.21576842665672302,22.546607971191406,26.23967933654785,0.07302973419427872,20.020191192626953,20.228561401367188,23.407791137695312,0.24459728598594666,100.0,0.13518188893795013,0.4807484745979309,3205,3237,0.2693871557712555,0,0,0.0031653940677642822,0.0011895792558789253,24.59749984741211,0.003469365183264017,0.2490503489971161,0.0040381611324846745,0.25190550088882446,23.401599884033203,0.004569198936223984,0.3040328919887543,0.004684436600655317,0.009953614324331284,24.118635177612305,0.0038737934082746506,0.2575952708721161,0.005563386250287294,0.2606249153614044,23.046606063842773,0.004958376754075289,0.30930107831954956,0.0023770162370055914,0.009487329982221127,28.917322158813477,0.0012831217609345913,0.08009974658489227,0.004562688991427422,0.0,22.786312103271484,0.005264641251415014,0.2971952557563782,26.785179138183594,0.0020964385475963354,0.1739569902420044,34.1296501159668,0.0003863982856273651,26.271760940551758,0.0023595215752720833,0.2151561975479126,24.925960540771484,0.003216650802642107,0.23493221402168274,24.314577102661133,0.0037029029335826635,0.2859775722026825,25.467145919799805,0.002839786233380437,0.18218405544757843,32.50667953491211,0.0005614773253910244,24.96169090270996,0.0031902953051030636,0.22271862626075745,24.041841506958008,0.003942903131246567,0.24039149284362793,23.451719284057617,0.004516771528869867,0.2932144105434418,30.656328201293945,0.00085974030662328,0.03998415917158127,36.38962936401367,0.0002296345919603482,30.192337036132812,0.0009566796361468732,0.04859890788793564
121682,6025,3,182,-1,2,26.519733428955078,0.0918133333325386,25.234294891357422,0.028340741991996765,29.796199798583984,23.982927322387695,0.10381010174751282,23.33580780029297,25.798463821411133,0.049053095281124115,20.058603286743164,20.267471313476562,24.243701934814453,0.07935582101345062,100.0,0.057828158140182495,0.49008551239967346,182,214,0.20115791261196136,0,0,0.0022285734303295612,0.00104804546572268,26.179481506347656,0.0024101934395730495,0.11076783388853073,0.0029961999971419573,0.0834205374121666,24.70585060119629,0.0033838797826319933,0.09799423068761826,0.003996753599494696,0.00986597128212452,25.095081329345703,0.003093797480687499,0.11852782964706421,0.0046389466151595116,0.09587550908327103,24.086254119873047,0.003902785712853074,0.10572954267263412,0.002631198614835739,0.009402708150446415,27.987592697143555,0.0015894279349595308,0.049982886761426926,0.0037638272624462843,0.0,23.622224807739258,0.004342877771705389,0.09391029179096222,29.526823043823242,0.001115110469982028,0.07617375999689102,34.19137191772461,0.0003809455956798047,29.10780906677246,0.0012280588271096349,0.09277242422103882,26.77041244506836,0.0021035780664533377,0.06837388873100281,26.16224479675293,0.002419778611510992,0.08083757013082504,27.006797790527344,0.0019921413622796535,0.08206048607826233,32.370018005371094,0.0005794262979179621,26.55709457397461,0.0022094822488725185,0.09952092915773392,25.255569458007812,0.002981556346639991,0.07339013367891312,24.673694610595703,0.003409027587622404,0.08674808591604233,30.037878036499023,0.0009913162793964148,0.02397928759455681,36.82600021362305,0.00020768254762515426,29.53943634033203,0.0011118755210191011,0.028822455555200577
135402,6027,5,4069,-1,0,24.491741180419922,0.0785309374332428,21.124374389648438,0.04298708587884903,31.39640998840332,22.65384292602539,0.08932849019765854,20.24590492248535,25.798202514648438,0.03706703335046768,20.09650421142578,20.242855072021484,20.722339630126953,0.10394536703824997,100.0,0.11198561638593674,0.38386255502700806,4069,4101,0.22692108154296875,0,0,0.0035548873711377382,0.0007250350317917764,23.989999771118164,0.003990249242633581,0.09022955596446991,0.007719024550169706,0.11352787911891937,20.541555404663086,0.008827636018395424,0.13000109791755676,0.005427699536085129,0.00978024210780859,23.225685119628906,0.004758077673614025,0.09418673068284988,0.009449517354369164,0.12406612932682037,20.254098892211914,0.009431702084839344,0.134805828332901,0.0026313576381653547,0.009456155821681023,28.009614944458008,0.0015813886420801282,0.03481552377343178,0.008467713370919228,0.0,20.100860595703125,0.009770439006388187,0.11924955993890762,25.746004104614258,0.0026631741784512997,0.06603006273508072,38.930397033691406,0.0001279264542972669,25.15243148803711,0.0030532123055309057,0.0762755274772644,21.69805335998535,0.006763862445950508,0.10437655448913574,21.080215454101562,0.007797918748110533,0.1200878918170929,24.546030044555664,0.0035107266157865524,0.06933216005563736,35.132408142089844,0.00030673222499899566,23.975440979003906,0.004003649111837149,0.0799553394317627,21.15144920349121,0.007671053521335125,0.10875742882490158,20.54612922668457,0.008818347007036209,0.12502948939800262,30.334299087524414,0.0009259128128178418,0.016976917162537575,36.55900955200195,0.000220850866753608,29.85318374633789,0.0010343838948756456,0.019638216122984886
136024,6027,5,4723,-1,2,20.68864631652832,0.1642274707555771,17.721750259399414,0.07692078500986099,30.585737228393555,19.787887573242188,0.1752571165561676,17.244735717773438,24.699724197387695,0.041499726474285126,20.44196891784668,20.37833023071289,17.446205139160156,0.3787606656551361,100.0,0.19703154265880585,0.3903983235359192,4723,4755,0.20347733795642853,0,0,0.008533664047718048,0.0008738291217014194,20.126869201660156,0.0097121000289917,0.18975065648555756,0.016897600144147873,0.38039523363113403,17.124488830566406,0.019388804212212563,0.4361423850059509,0.010500532574951649,0.009032400324940681,19.69546127319336,0.010726398788392544,0.19754642248153687,0.01885933429002762,0.3890208601951599,16.910499572753906,0.02036808431148529,0.44019198417663574,0.0033886581659317017,0.009165730327367783,26.02081298828125,0.0024998777080327272,0.040840521454811096,0.018004436045885086,0.0,16.824726104736328,0.020774347707629204,0.434143990278244,21.74819564819336,0.006686219479888678,0.15378665924072266,38.35894775390625,0.00014591684157494456,21.139371871948242,0.007692418992519379,0.1785901039838791,18.157833099365234,0.015283282846212387,0.37076419591903687,17.538795471191406,0.017624644562602043,0.42605260014533997,20.917985916137695,0.008094712160527706,0.15627703070640564,34.7490348815918,0.0003350399201735854,20.320541381835938,0.009288507513701916,0.180832177400589,17.749385833740234,0.016790414229035378,0.37791064381599426,17.136322021484375,0.01933605782687664,0.4337509572505951,28.29655647277832,0.0014802818186581135,0.02188866399228573,36.21550750732422,0.00023902830434963107,27.769601821899414,0.0016712438082322478,0.025147270411252975
137689,6028,2,1539,-1,3,26.88477325439453,0.14007976651191711,25.941598892211914,0.04215187206864357,28.431396484375,24.603500366210938,0.15197846293449402,24.104782104492188,26.891881942749023,0.04654896631836891,19.658973693847656,19.94449234008789,25.876779556274414,0.13021007180213928,100.0,0.0969119518995285,0.43495020270347595,1539,1571,0.2579788267612457,0,0,0.0020489096641540527,0.00143502838909626,26.689064025878906,0.002143353223800659,0.1666250079870224,0.0025458931922912598,0.13451983034610748,25.505435943603516,0.00281485915184021,0.16360443830490112,0.0034645749256014824,0.010816896334290504,26.320018768310547,0.002333448501303792,0.17499381303787231,0.0038861697539687157,0.14422817528247833,25.34836769104004,0.002918524667620659,0.17140737175941467,0.0020455578342080116,0.01012863777577877,30.95821762084961,0.0008020072127692401,0.05026637017726898,0.002584176603704691,0.0,25.255298614501953,0.0029817423783242702,0.16104744374752045,29.20537567138672,0.0012007778277620673,0.12596189975738525,31.621854782104492,0.0006883584428578615,28.929218292236328,0.0012796116061508656,0.1512608528137207,27.378747940063477,0.0018286284757778049,0.12132831662893295,26.774642944335938,0.002101530786603689,0.1505565047264099,27.877378463745117,0.0016302801668643951,0.1309494823217392,30.202733993530273,0.0009543919586576521,27.60885238647461,0.0017342630308121443,0.15902191400527954,26.450313568115234,0.002264480572193861,0.12727919220924377,25.89864730834961,0.0025711965281516314,0.15878699719905853,32.9250373840332,0.0005099130212329328,0.028221389278769493,35.752559661865234,0.00026591558707877994,32.616546630859375,0.000547451083548367,0.03576359897851944
140598,6028,2,4512,-1,0,27.343442916870117,0.10023020207881927,23.803701400756836,0.042693860828876495,32.364906311035156,25.12335968017578,0.11528386175632477,22.71353530883789,27.43389320373535,0.04113727807998657,20.581167221069336,20.621932983398438,23.76050567626953,0.2014119178056717,100.0,0.10805127769708633,0.3951259255409241,4512,4544,0.2293209433555603,0,0,0.0018435537349432707,0.0005801089573651552,26.908109664916992,0.0020379298366606236,0.11645743250846863,0.0041651418432593346,0.20913971960544586,23.281448364257812,0.004697373602539301,0.24410778284072876,0.0030737186316400766,0.008747491985559464,26.574134826660156,0.0022008302621543407,0.1277385652065277,0.005353607703000307,0.2143460512161255,23.18885040283203,0.0047986069694161415,0.24333074688911438,0.0018055548425763845,0.008665762841701508,31.248586654663086,0.0007501382497139275,0.04193228483200073,0.004206777084618807,0.0,23.139026641845703,0.004853973630815744,0.23575632274150848,29.08449363708496,0.0012346693547442555,0.08855453133583069,37.85640335083008,0.00016381728346459568,28.5405330657959,0.0013994158944115043,0.10487525165081024,24.602907180786133,0.003465048037469387,0.191481813788414,23.991653442382812,0.003988730255514383,0.22588589787483215,27.90240478515625,0.0016209128079935908,0.0958915650844574,34.05029296875,0.00039352354360744357,27.42383575439453,0.001809741952456534,0.11350428313016891,24.101280212402344,0.0038893059827387333,0.19887171685695648,23.520030975341797,0.004446281120181084,0.23343437910079956,33.187747955322266,0.00047998211812227964,0.024218006059527397,35.674739837646484,0.00027072359807789326,32.90581130981445,0.000512175727635622,0.02951245754957199
140899,6028,2,4845,-1,0,17.74998664855957,0.31745460629463196,15.02927303314209,0.14441941678524017,28.184804916381836,17.400909423828125,0.32402658462524414,14.83354663848877,24.708879470825195,0.07417482882738113,20.308963775634766,20.49941062927246,14.94484806060791,0.3462609052658081,100.0,0.27307096123695374,0.5288713574409485,4845,4877,0.29075485467910767,0,0,0.016788097098469734,0.0015188668621703982,17.18121337890625,0.01913720928132534,0.3685823976993561,0.0314103439450264,0.3383174240589142,14.42981243133545,0.0360594280064106,0.3950732946395874,0.018193207681179047,0.00931329745799303,17.086456298828125,0.01955934800207615,0.3749234676361084,0.03285831958055496,0.344948947429657,14.370884895324707,0.03655203804373741,0.3993830382823944,0.003381523070856929,0.008913720026612282,25.968082427978516,0.0025304160080850124,0.0788804143667221,0.032026924192905426,0.0,14.323369026184082,0.03695414587855339,0.4052197337150574,18.530881881713867,0.014025290496647358,0.2977798879146576,36.344390869140625,0.00023203881573863328,17.918994903564453,0.016147328540682793,0.3473261594772339,15.297165870666504,0.029531359672546387,0.3473515212535858,14.677606582641602,0.03405957669019699,0.4073737859725952,18.125896453857422,0.015396086499094963,0.3042248785495758,33.79536437988281,0.0004173144116066396,17.5201416015625,0.01770051196217537,0.3553064465522766,15.096019744873047,0.030931292101740837,0.34337082505226135,14.479690551757812,0.03564765676856041,0.4037528336048126,28.259071350097656,0.0014931135810911655,0.04548023268580437,35.833702087402344,0.00026099360547959805,27.74001121520996,0.001682670321315527,0.054113227874040604
143511,6029,3,2590,-1,0,23.746797561645508,0.12621986865997314,20.65669822692871,0.04659848287701607,31.42275047302246,22.544994354248047,0.14492173492908478,20.0166015625,26.273544311523438,0.037072714418172836,20.482656478881836,20.487306594848633,20.461109161376953,0.26298946142196655,100.0,0.14022527635097504,0.33231157064437866,2590,2622,0.22398808598518372,0,0,0.004220076370984316,0.0007206510636024177,23.225345611572266,0.004758449736982584,0.1476810872554779,0.008596674539148808,0.2694259285926819,20.067346572875977,0.009846129454672337,0.31993502378463745,0.005565454717725515,0.00894817616790533,22.971359252929688,0.005045036785304546,0.16481341421604156,0.009961847215890884,0.2778303325176239,19.960044860839844,0.010092425160109997,0.3250509798526764,0.002358553232625127,0.00893859937787056,28.70878028869629,0.0013462385395541787,0.03602176532149315,0.00899268127977848,0.0,19.839630126953125,0.010376171208918095,0.31361836194992065,25.161518096923828,0.0030468290206044912,0.1143328920006752,37.68523406982422,0.00017040284001268446,24.572547912597656,0.003489356255158782,0.13600535690784454,21.189163208007812,0.007604728452861309,0.2575327754020691,20.572166442871094,0.008765634149312973,0.30713123083114624,24.327775955200195,0.003691666992381215,0.11981961876153946,35.09675216674805,0.0003092608239967376,23.755077362060547,0.004212037194520235,0.14265675842761993,20.80093765258789,0.008315843529999256,0.26155197620391846,20.192554473876953,0.009566313587129116,0.3120540678501129,31.060993194580078,0.0007832503761164844,0.019009754061698914,37.26162338256836,0.0001878616021713242,30.580671310424805,0.0008748485706746578,0.022869963198900223
145605,6029,3,4812,-1,1,22.02874755859375,0.17639972269535065,19.68647575378418,0.056634463369846344,31.27523422241211,21.14801025390625,0.19273672997951508,19.154563903808594,26.189998626708984,0.03842549026012421,20.53769874572754,20.4831485748291,19.640573501586914,0.3023146092891693,36.46255874633789,0.13255169987678528,0.42726320028305054,4812,4844,0.21458542346954346,0,0,0.006267949473112822,0.0007455497398041189,21.476696014404297,0.007117548957467079,0.20941893756389618,0.010748613625764847,0.30385923385620117,19.105533599853516,0.012287020683288574,0.35677433013916016,0.007677135057747364,0.008835481479763985,21.250009536743164,0.0074989283457398415,0.22127753496170044,0.012149088084697723,0.3095833659172058,18.99256134033203,0.01261083409190178,0.35653117299079895,0.0024043640587478876,0.008947157301008701,28.545610427856445,0.0013977802591398358,0.03793781250715256,0.010862825438380241,0.00022581062512472272,19.031147003173828,0.012499288655817509,0.35558056831359863,22.947715759277344,0.005072574596852064,0.1619783341884613,38.006248474121094,0.00015826155140530318,22.344341278076172,0.005828622728586197,0.19534733891487122,20.057466506958008,0.009868552908301353,0.29744622111320496,19.450580596923828,0.011348593980073929,0.34994423389434814,22.456989288330078,0.005679383408278227,0.16098898649215698,34.87544250488281,0.00032542890403419733,21.868816375732422,0.006503068841993809,0.19380465149879456,19.80495262145996,0.010459351353347301,0.29981333017349243,19.205644607543945,0.012007026933133602,0.3532642722129822,31.43782615661621,0.00071815395494923,0.02308376505970955,37.059852600097656,0.00019679535762406886,30.977994918823242,0.0007983630057424307,0.027522945776581764
146237,6030,4,619,-1,3,22.9644775390625,0.14891569316387177,18.769128799438477,0.07705502957105637,27.884885787963867,21.81145477294922,0.1642989218235016,18.326496124267578,26.241504669189453,0.038056883960962296,20.03863525390625,20.343177795410156,18.68178367614746,0.3836783170700073,33.942527770996094,0.2123105823993683,0.3629354238510132,619,651,0.2926275432109833,0,0,0.0050530340522527695,0.0016274641966447234,22.53362464904785,0.005580045282840729,0.17088459432125092,0.013276610523462296,0.3926887512207031,18.20318603515625,0.015124514698982239,0.45597371459007263,0.006589533761143684,0.009911434724926949,22.16205596923828,0.0060784718953073025,0.18094149231910706,0.014701122418045998,0.39485687017440796,18.08657455444336,0.01553612295538187,0.45477139949798584,0.0023760164622217417,0.009240224026143551,28.7943115234375,0.001319984789006412,0.03693597763776779,0.013546333648264408,0.0004034105804748833,18.07758140563965,0.015568321570754051,0.4468576908111572,23.745363235473633,0.004221469629555941,0.14074046909809113,30.69952392578125,0.0008512313943356276,23.242244720458984,0.004739968106150627,0.16336193680763245,19.024316787719727,0.01251896284520626,0.37871676683425903,18.423023223876953,0.014377974905073643,0.4404478371143341,23.141178131103516,0.004851568955928087,0.14578582346439362,29.252635955810547,0.0011877815704792738,22.66383171081543,0.005415229592472315,0.16803036630153656,18.800636291503906,0.01318063773214817,0.3823908269405365,18.20978355407715,0.015101555734872818,0.44495534896850586,31.304061889648438,0.0007406173390336335,0.022136854007840157,34.94139862060547,0.00032052365713752806,30.94070816040039,0.0008052471675910056,0.026391662657260895
150470,6030,4,4980,-1,1,31.837865829467773,0.060316331684589386,26.622310638427734,0.04363347962498665,31.172611236572266,27.425857543945312,0.07093610614538193,24.77954864501953,28.42420196533203,0.025999926030635834,20.62175941467285,20.533267974853516,26.689788818359375,0.13556112349033356,100.0,0.12690578401088715,0.3438257873058319,4980,5012,0.23506009578704834,0,0,0.000654958130326122,0.0007633764180354774,31.949899673461914,0.0006382783758454025,0.07099297642707825,0.002176552778109908,0.1403471678495407,26.227567672729492,0.002383654937148094,0.16914205253124237,0.0018088987562805414,0.008666111156344414,31.22661590576172,0.0007539429934695363,0.07705166935920715,0.0033269417472183704,0.14982368052005768,26.08633041381836,0.0024624476209282875,0.17411544919013977,0.0014374074526131153,0.008844499476253986,35.259952545166016,0.0002978548582177609,0.024291900917887688,0.0021429944317787886,0.0,26.068309783935547,0.002472685882821679,0.16579651832580566,33.7359504699707,0.0004230628546793014,0.05287933722138405,39.44619369506836,0.00011360057396814227,33.27281188964844,0.00047067247214727104,0.0636267140507698,27.262155532836914,0.001878384267911315,0.13442076742649078,26.658740997314453,0.00215837056748569,0.1651969850063324,32.36369705200195,0.000580270541831851,0.055166274309158325,35.23637390136719,0.00029947637813165784,32.05184555053711,0.0006234696484170854,0.06544782966375351,26.895153045654297,0.0020440183579921722,0.1343953162431717,26.335895538330078,0.0023249334190040827,0.16444748640060425,37.10057830810547,0.00019495845481287688,0.01111161895096302,36.52378463745117,0.00022264939616434276,37.196533203125,0.00019069830887019634,0.013628998771309853
160339,6032,2,4923,-1,2,26.81991958618164,0.15002261102199554,24.53127670288086,0.09936250746250153,31.237642288208008,24.730329513549805,0.15864014625549316,23.198902130126953,27.92974853515625,0.034512605518102646,20.217058181762695,20.34447479248047,24.47903060913086,0.2414335012435913,100.0,0.16516518592834473,0.6015947461128235,4923,4955,0.2472451627254486,0,0,0.002079735742881894,0.0007520312210544944,26.413043975830078,0.0022839978337287903,0.18348324298858643,0.0035226738546043634,0.23314499855041504,24.001163482666016,0.0039800056256353855,0.2854847311973572,0.003364860313013196,0.009512492455542088,26.16351318359375,0.0024190708063542843,0.18895681202411652,0.004787512123584747,0.24651461839675903,23.90380859375,0.004070234019309282,0.2947038412094116,0.0016107389237731695,0.009237458929419518,33.59123611450195,0.0004373973933979869,0.03595474362373352,0.003565307706594467,0.0,23.85755157470703,0.0041138166561722755,0.2981889247894287,27.828275680541992,0.0016488172113895416,0.14200106263160706,37.18651580810547,0.0001911386934807524,27.274446487426758,0.0018730757292360067,0.17522643506526947,25.072513580322266,0.003109917975962162,0.22749820351600647,24.46011734008789,0.0035808670800179243,0.2812052071094513,27.179546356201172,0.0019144556717947125,0.14825549721717834,34.240325927734375,0.000376675627194345,26.67352294921875,0.002151037333533168,0.18342292308807373,24.705781936645508,0.0033839333336800337,0.23431076109409332,24.12594985961914,0.003867275081574917,0.2889346182346344,35.23887252807617,0.0002993043453898281,0.019127124920487404,36.103187561035156,0.0002452910121064633,35.119937896728516,0.0003076140710618347,0.023671861737966537
160613,6033,3,60,-1,0,25.74135971069336,0.12227843701839447,22.904518127441406,0.04485141113400459,30.046422958374023,23.897544860839844,0.13944339752197266,21.88964080810547,26.666484832763672,0.04663301259279251,20.27501106262207,20.502893447875977,22.697601318359375,0.12955008447170258,100.0,0.09136184304952621,0.4909206032752991,60,92,0.22042658925056458,0,0,0.0026660242583602667,0.0009893681854009628,25.34027099609375,0.00292397104203701,0.1472185105085373,0.005123280454427004,0.13255180418491364,22.331636428833008,0.005845700856298208,0.1587504893541336,0.004076106008142233,0.00938639510422945,24.868972778320312,0.003259138436987996,0.16021542251110077,0.006471960339695215,0.14374308288097382,22.154144287109375,0.006089555565267801,0.16391605138778687,0.0021545253694057465,0.008906571194529533,29.524337768554688,0.001115748891606927,0.048879560083150864,0.0053732856176793575,0.0,22.076122283935547,0.006199945230036974,0.15388402342796326,27.851350784301758,0.0016400798922404647,0.10992613434791565,34.66118240356445,0.00034188636345788836,27.352291107177734,0.0018398019019514322,0.1343822479248047,23.662506103515625,0.004302784334868193,0.12549124658107758,23.047245025634766,0.004957645665854216,0.14923766255378723,26.516950607299805,0.0022300011478364468,0.11192550510168076,33.221527099609375,0.00047626360901631415,26.020936965942383,0.002499806694686413,0.1358741670846939,23.114910125732422,0.004881002940237522,0.12885822355747223,22.516159057617188,0.005602528806775808,0.15312649309635162,31.72365379333496,0.0006724105915054679,0.027145903557538986,37.19225311279297,0.00019088627595920116,31.269752502441406,0.0007464911905117333,0.03301448002457619
161430,6033,3,877,-1,1,25.812776565551758,0.11638467013835907,23.14373016357422,0.04293984919786453,31.300220489501953,23.631877899169922,0.1310890167951584,21.902690887451172,25.889495849609375,0.057759955525398254,20.309675216674805,20.406108856201172,22.539962768554688,0.11704471707344055,100.0,0.09356782585382462,0.4589168131351471,877,909,0.26402586698532104,0,0,0.0026225417386740446,0.0007412726990878582,25.358135223388672,0.0029119679238647223,0.13667286932468414,0.0048487200401723385,0.12618017196655273,22.610437393188477,0.005482217762619257,0.14734907448291779,0.00433323672041297,0.009311777539551258,24.476594924926758,0.003567307023331523,0.1474350392818451,0.006452544126659632,0.14375297725200653,22.196664810180664,0.006030224729329348,0.16075631976127625,0.0025766193866729736,0.009107289835810661,28.035751342773438,0.0015719004441052675,0.0596962571144104,0.0055719055235385895,0.0,21.918485641479492,0.00642912182956934,0.13652363419532776,28.10121726989746,0.0015483824536204338,0.09470725804567337,38.189361572265625,0.00015172733401414007,27.536853790283203,0.001763252425007522,0.11181601881980896,24.11819076538086,0.003874192712828517,0.11067260801792145,23.5068416595459,0.004459806252270937,0.12780648469924927,26.174705505371094,0.0024128458462655544,0.10483789443969727,34.83272933959961,0.00032864505192264915,25.632822036743164,0.0027334922924637794,0.12363843619823456,23.199012756347656,0.004787390120327473,0.11444505304098129,22.607135772705078,0.005486388225108385,0.13242380321025848,30.004789352416992,0.0009988980600610375,0.029882362112402916,36.13916778564453,0.000243267000769265,29.526670455932617,0.0011151491198688745,0.035054612904787064
162239,6033,3,1718,-1,0,27.293025970458984,0.1105857715010643,25.182369232177734,0.027716118842363358,31.10491180419922,24.852725982666016,0.12469243258237839,23.58544921875,26.407196044921875,0.05976581946015358,20.329130172729492,20.47372055053711,24.882286071777344,0.17225441336631775,100.0,0.07664994150400162,0.36159348487854004,1718,1750,0.22443462908267975,0,0,0.001865079626441002,0.0007753695244900882,26.91921043395996,0.002032727235928178,0.1389463245868683,0.0030322361271828413,0.18408311903476715,24.631235122680664,0.003442520974203944,0.21886089444160461,0.00327135412953794,0.009270156733691692,26.29216766357422,0.00234846118837595,0.14772699773311615,0.004379809368401766,0.19472657144069672,24.402475357055664,0.0036287119146436453,0.2227754443883896,0.002287075389176607,0.008966605179011822,28.998172760009766,0.0012594553409144282,0.06322582811117172,0.0032491632737219334,0.0,24.260807037353516,0.0037490343675017357,0.2063416838645935,31.097915649414062,0.0007766203489154577,0.08573475480079651,35.36780548095703,0.00029054912738502026,30.69866180419922,0.0008514004875905812,0.10856153070926666,26.887466430664062,0.0020476391073316336,0.1621849536895752,26.276132583618164,0.002357147168368101,0.19409771263599396,28.402103424072266,0.0014447402209043503,0.09114275872707367,32.70743179321289,0.0005361137446016073,28.000999450683594,0.0015845290618017316,0.11469269543886185,25.68855094909668,0.0026986405719071627,0.17028675973415375,25.119239807128906,0.0030766348354518414,0.20437704026699066,31.14767837524414,0.0007677720277570188,0.03559628874063492,36.19501495361328,0.00024015898816287518,30.711214065551758,0.0008489432511851192,0.04318590089678764
162821,6033,3,2364,-1,1,20.69837760925293,0.13061508536338806,17.041057586669922,0.14388413727283478,30.58316993713379,20.00409698486328,0.1490057408809662,16.74366569519043,26.97696876525879,0.041196610778570175,20.17749786376953,20.36681365966797,16.991350173950195,0.22239035367965698,100.0,0.2446650266647339,0.5880862474441528,2364,2396,0.31401848793029785,0,0,0.008514562621712685,0.00087434594752267,20.13677215576172,0.009689980186522007,0.15394878387451172,0.019764883443713188,0.22565317153930664,16.441232681274414,0.022692209109663963,0.2686658501625061,0.009990575723350048,0.009599537588655949,19.978023529052734,0.01005073543637991,0.17044103145599365,0.021165737882256508,0.236062690615654,16.383573532104492,0.022995498031377792,0.27503281831741333,0.002005871618166566,0.009190069511532784,30.454627990722656,0.0009006107575260103,0.04050927981734276,0.019992411136627197,0.0,16.369869232177734,0.02306816726922989,0.2678796648979187,21.11347198486328,0.0077384281903505325,0.12955938279628754,38.43720245361328,0.00014331104466691613,20.502731323242188,0.00890690740197897,0.1554064303636551,17.1965389251709,0.01906980387866497,0.2211514562368393,16.576536178588867,0.021996134892106056,0.26482653617858887,20.847780227661133,0.008226631209254265,0.12931983172893524,34.278263092041016,0.00037339949631132185,20.25266456604004,0.009434821084141731,0.15532681345939636,17.071388244628906,0.019627327099442482,0.22299836575984955,16.45856285095215,0.022601842880249023,0.26782456040382385,32.9952507019043,0.0005017357761971653,0.021073753014206886,35.25128936767578,0.00029844962409697473,32.732643127441406,0.0005330105195753276,0.02667391486465931
169866,6034,4,4595,-1,3,29.08525276184082,0.07529143989086151,26.713207244873047,0.03520868346095085,27.300159454345703,25.777400970458984,0.08976585417985916,24.505290985107422,27.218791961669922,0.036520227789878845,19.501785278320312,19.733922958374023,26.451892852783203,0.10796146839857101,100.0,0.0953865572810173,0.36911576986312866,4595,4627,0.24903051555156708,0,0,0.0012344535207375884,0.0018620183691382408,29.438941955566406,0.0011379050556570292,0.08797235786914825,0.0021314716432243586,0.11421094834804535,26.29404067993164,0.002347448142245412,0.14020487666130066,0.0026439912617206573,0.011215575970709324,28.776905059814453,0.0013252858771011233,0.09950128942728043,0.003543816041201353,0.12169664353132248,26.082639694213867,0.002464541234076023,0.1425514966249466,0.0018972341204062104,0.010631820186972618,32.56920623779297,0.0005534514784812927,0.036418940871953964,0.002263658447191119,0.0,25.830413818359375,0.0026119134854525328,0.13421984016895294,31.09060287475586,0.0007779290899634361,0.06797824054956436,31.259288787841797,0.0007482919027097523,31.065217971801758,0.0007824887288734317,0.08060017973184586,27.57294464111328,0.001748660346493125,0.10435651242733002,26.974790573120117,0.0020068783778697252,0.1288546919822693,29.636699676513672,0.0010872517013922334,0.07109450548887253,29.638206481933594,0.001086874632164836,29.6364688873291,0.0010873096762225032,0.08556488156318665,26.84596824645996,0.0020672993268817663,0.10856172442436218,26.339679718017578,0.0023229082580655813,0.13453494012355804,34.467987060546875,0.00035743857733905315,0.017972858622670174,33.738285064697266,0.00042283543734811246,34.591983795166016,0.00034737749956548214,0.022524241358041763
173536,6035,5,3210,-1,2,25.512454986572266,0.18276342749595642,24.12302017211914,0.07225813716650009,28.819189071655273,23.641653060913086,0.18916547298431396,22.692461013793945,26.522422790527344,0.06193371117115021,19.914154052734375,20.220237731933594,23.644393920898438,0.18970085680484772,100.0,0.15067003667354584,0.4795786738395691,3210,3242,0.24778170883655548,0,0,0.002810312667861581,0.0013124450342729688,25.170188903808594,0.0030407540034502745,0.22261729836463928,0.0038698839489370584,0.19302359223365784,23.59062957763672,0.004374588839709759,0.2411104440689087,0.0043234918266534805,0.010199636220932007,24.66041374206543,0.003419469576328993,0.2235197275876999,0.005379649344831705,0.20766933262348175,23.274309158325195,0.004705102648586035,0.24964328110218048,0.002227193210273981,0.009505528956651688,29.5567626953125,0.0011074492940679193,0.06668015569448471,0.004320763051509857,0.0,23.022916793823242,0.004985495936125517,0.23543596267700195,26.951522827148438,0.0020176589023321867,0.16317662596702576,31.738082885742188,0.0006701807724311948,26.526771545410156,0.002224963391199708,0.19967299699783325,25.003528594970703,0.0031597104389220476,0.17819538712501526,24.391525268554688,0.0036378740333020687,0.22329168021678925,25.750614166259766,0.0026603504084050655,0.1658020168542862,30.040363311767578,0.0009907487547025084,25.35032081604004,0.002917212201282382,0.2031533420085907,24.221668243408203,0.0037829731591045856,0.18980878591537476,23.645416259765625,0.004319747909903526,0.23695459961891174,31.307790756225586,0.000739982002414763,0.03430113196372986,35.454437255859375,0.0002848106960300356,30.91510581970215,0.0008100083214230835,0.04099287837743759
173629,6035,5,3303,-1,3,25.65362548828125,0.15284983813762665,25.182430267333984,0.0541442334651947,29.928157806396484,23.70054054260254,0.1679127812385559,23.36919403076172,26.198856353759766,0.07633952051401138,20.079208374023438,20.232654571533203,24.497875213623047,0.09137316048145294,100.0,0.07893653213977814,0.6859211325645447,3303,3335,0.12208077311515808,0,0,0.002720430726185441,0.0010166800348088145,25.254131317138672,0.0029825461097061634,0.18066638708114624,0.003032195381820202,0.10737162083387375,24.636837005615234,0.003438084153458476,0.12639659643173218,0.004265264142304659,0.009819271042943,24.671436309814453,0.0034108012914657593,0.1916893720626831,0.004603420849889517,0.1269126832485199,24.161100387573242,0.003836100921034813,0.14372390508651733,0.002399464137852192,0.009478392079472542,28.82596778869629,0.001310398685745895,0.0832921713590622,0.0035498696379363537,0.0,23.87639808654785,0.004096003714948893,0.11010422557592392,27.56414222717285,0.0017522091511636972,0.12786708772182465,32.300437927246094,0.0005887846346013248,27.141735076904297,0.0019311974756419659,0.15277063846588135,26.446821212768555,0.0022663024719804525,0.08052890002727509,25.839824676513672,0.002606260357424617,0.09571941196918488,25.98619270324707,0.002519886242225766,0.13293272256851196,29.443767547607422,0.0011366407852619886,25.63409423828125,0.0027326932176947594,0.16018080711364746,25.228578567504883,0.00300014391541481,0.09390206634998322,24.704421997070312,0.003384991781786084,0.11459612846374512,30.67025375366211,0.0008569881902076304,0.0415920615196228,33.02110290527344,0.0004987575812265277,30.399572372436523,0.0009121005423367023,0.05016161501407623
175680,6036,2,476,-1,0,25.400894165039062,0.11408166587352753,19.220935821533203,0.06680517643690109,30.868030548095703,23.60053062438965,0.12262246757745743,18.755586624145508,26.677181243896484,0.035671304911375046,20.5922908782959,20.62075424194336,19.203754425048828,0.26978209614753723,100.0,0.18600991368293762,0.35914847254753113,476,508,0.2574031352996826,0,0,0.002883439650759101,0.00081883609527722,24.94704818725586,0.0032010709401220083,0.13737262785434723,0.011964831501245499,0.26788195967674255,18.631380081176758,0.013704463839530945,0.3166390061378479,0.004364625550806522,0.00872510951012373,24.32529067993164,0.0036937815602868795,0.14151623845100403,0.013318076729774475,0.2833174765110016,18.53205680847168,0.014021496288478374,0.3289933204650879,0.002149224979802966,0.008668115362524986,29.406946182250977,0.001146318856626749,0.033496055752038956,0.012012259103357792,0.0,18.582273483276367,0.013860299251973629,0.32018595933914185,26.62612533569336,0.0021746407728642225,0.10758420079946518,39.51459503173828,0.00011182537855347618,26.03452491760254,0.002491996856406331,0.13149049878120422,19.51778221130371,0.011174336075782776,0.26083627343177795,18.898794174194336,0.012886072508990765,0.30923497676849365,25.799964904785156,0.0026302896440029144,0.11025460064411163,35.80674743652344,0.00026261861785314977,25.23668670654297,0.002994546899572015,0.13447150588035583,19.33863067626953,0.011644933372735977,0.26788967847824097,18.726755142211914,0.013406782411038876,0.318509042263031,32.34452819824219,0.0005828370922245085,0.01610684208571911,37.09090042114258,0.00019539351342245936,31.921649932861328,0.0006424437160603702,0.019389549270272255
175973,6036,2,801,-1,1,22.524404525756836,0.09186241775751114,17.84491539001465,0.07605774700641632,31.467788696289062,21.446807861328125,0.10832716524600983,17.440481185913086,26.868244171142578,0.03659788519144058,20.545366287231445,20.51580047607422,17.739219665527344,0.2239227294921875,100.0,0.20624008774757385,0.36878255009651184,801,833,0.2460729479789734,0,0,0.005591902416199446,0.0007132162572816014,21.9774169921875,0.006342469248920679,0.10589835792779922,0.0164251159876585,0.2242981642484665,17.249574661254883,0.018838340416550636,0.25171956419944763,0.007166702300310135,0.00881989486515522,21.603734970092773,0.006912365090101957,0.11707490682601929,0.018028179183602333,0.23805493116378784,17.11922264099121,0.019412336871027946,0.2608518600463867,0.0020567236933857203,0.00888014491647482,29.9698486328125,0.0010069665731862187,0.03398009389638901,0.01682976633310318,0.0,17.117740631103516,0.019418960437178612,0.2538382112979889,22.87735366821289,0.005155425518751144,0.08464310318231583,35.473182678222656,0.0002835840277839452,22.287845611572266,0.005904939491301775,0.0973161980509758,17.972484588623047,0.015949666500091553,0.21787510812282562,17.35407066345215,0.01839047484099865,0.24578706920146942,22.50604248046875,0.005615594796836376,0.09152695536613464,33.88514709472656,0.00040877610445022583,21.92691993713379,0.006416643969714642,0.1040489673614502,17.851741790771484,0.016399314627051353,0.22328615188598633,17.2370548248291,0.018892722204327583,0.25157642364501953,32.876670837402344,0.0005156234255991876,0.020535988733172417,37.11231994628906,0.00019443215569481254,32.47922897338867,0.0005650374805554748,0.02358202263712883
177591,6036,2,2451,-1,3,19.91667938232422,0.23742714524269104,17.144620895385742,0.12944315373897552,29.100238800048828,19.272350311279297,0.25821226835250854,16.810213088989258,26.39366340637207,0.04019732028245926,20.456214904785156,20.507808685302734,17.01025390625,0.39582663774490356,31.07876205444336,0.2559358477592468,0.5057640671730042,2451,2483,0.29867854714393616,0,0,0.010193705558776855,0.001230201218277216,19.365652084350586,0.011572704650461674,0.2668987214565277,0.01929914578795433,0.39976760745048523,16.580551147460938,0.021975811570882797,0.45381054282188416,0.011824014596641064,0.00900281872600317,19.115787506103516,0.012258046306669712,0.2844492495059967,0.020843887701630592,0.40596792101860046,16.455801010131836,0.022616220638155937,0.4567107856273651,0.0022942135110497475,0.008896498940885067,28.933069229125977,0.001278477138839662,0.039236124604940414,0.01990557461977005,0.0007800526218488812,16.41152572631836,0.022847963497042656,0.45151811838150024,20.214269638061523,0.009518600068986416,0.2305847406387329,33.76261520385742,0.0004204733995720744,19.618446350097656,0.010918312706053257,0.2592027187347412,17.230918884277344,0.018919428810477257,0.3951660990715027,16.634260177612305,0.021705709397792816,0.4516792297363281,19.94474220275879,0.010128049179911613,0.2389048933982849,32.75343322753906,0.0005304650985635817,19.35369873046875,0.011604600585997105,0.26800426840782166,17.096864700317383,0.019512532278895378,0.3979436457157135,16.503210067749023,0.02237067185342312,0.455125093460083,31.70679473876953,0.0006750260363332927,0.02331165224313736,36.97230529785156,0.0002008027076954022,31.26108169555664,0.0007479835767298937,0.027198683470487595
177632,6036,2,2492,-1,0,26.160503387451172,0.09382045269012451,20.924484252929688,0.047237642109394073,32.52832794189453,24.144771575927734,0.1058550626039505,20.263547897338867,26.64190101623535,0.04556725546717644,20.495590209960938,20.451459884643555,20.822160720825195,0.3233286440372467,100.0,0.15530212223529816,0.30416610836982727,2492,2524,0.262360543012619,0,0,0.002420749282464385,0.0005586854531429708,25.67476463317871,0.002707220148295164,0.10970981419086456,0.008082610554993153,0.316176176071167,20.35761070251465,0.009209558367729187,0.37124332785606384,0.0038505513221025467,0.008921563625335693,25.1280574798584,0.003070395439863205,0.1159515380859375,0.00941121019423008,0.32743415236473083,20.231887817382812,0.009480064734816551,0.3772287368774414,0.002166755497455597,0.009012682363390923,29.532957077026367,0.0011135361855849624,0.04435969144105911,0.008275304920971394,0.0,20.200681686401367,0.009548427537083626,0.3794206976890564,27.92066192626953,0.0016141135711222887,0.07743652909994125,39.236663818359375,0.00011921572149731219,27.3421630859375,0.001844097743742168,0.09112861752510071,21.41465187072754,0.0072199623100459576,0.30679991841316223,20.7972354888916,0.00832293275743723,0.3618118464946747,26.667606353759766,0.0021539684385061264,0.08442489802837372,35.912899017333984,0.00025627747527323663,26.115577697753906,0.0024459208361804485,0.09898069500923157,21.068403244018555,0.007819153368473053,0.3182317316532135,20.458942413330078,0.008997166529297829,0.37501585483551025,31.91312599182129,0.0006437058327719569,0.028356537222862244,37.845977783203125,0.00016421102918684483,31.441936492919922,0.0007174742640927434,0.03339851275086403
183808,6037,3,4111,-1,2,20.77518653869629,0.167867049574852,18.935726165771484,0.06300725042819977,31.515869140625,19.925668716430664,0.17182759940624237,18.374513626098633,25.14240074157715,0.05296486243605614,20.34653091430664,20.36229133605957,18.543304443359375,0.24777598679065704,100.0,0.13044624030590057,0.4830131530761719,4111,4143,0.23960842192173004,0,0,0.00836529303342104,0.0007053635199554265,20.20281219482422,0.009543743915855885,0.19506682455539703,0.012776955030858517,0.2596105933189392,18.33053207397461,0.014687467366456985,0.3011165261268616,0.010172627866268158,0.009233089163899422,19.86439323425293,0.010317174717783928,0.19439904391765594,0.014539474621415138,0.26617321372032166,18.134963989257812,0.015363977290689945,0.30039161443710327,0.0030602719634771347,0.009199638850986958,26.745349884033203,0.0021157539449632168,0.052962761372327805,0.013985233381390572,0.0,17.921825408935547,0.016136806458234787,0.2872457802295685,21.693479537963867,0.006770990323275328,0.15000127255916595,39.21665573120117,0.00011976628593401983,21.082252502441406,0.00779425585642457,0.17535479366779327,19.3622989654541,0.011581639759242535,0.23854324221611023,18.74277687072754,0.013357412070035934,0.2775697410106659,21.03844451904297,0.007873278111219406,0.1549985408782959,34.76334762573242,0.00033393740886822343,20.44159698486328,0.009033176116645336,0.18116877973079681,18.950590133666992,0.012733305804431438,0.24405589699745178,18.340354919433594,0.014654284343123436,0.28318265080451965,29.076549530029297,0.0012369301402941346,0.025938184931874275,36.271968841552734,0.00023594086815137416,28.566951751708984,0.0013909285189583898,0.03034309670329094
184289,6037,3,4624,-1,1,26.893396377563477,0.08369898796081543,25.002859115600586,0.023162875324487686,31.089599609375,24.509944915771484,0.0946415513753891,23.463760375976562,26.507949829101562,0.03817373141646385,20.287979125976562,20.4348087310791,24.656278610229492,0.10657599568367004,100.0,0.06401463598012924,0.3618371784687042,4624,4656,0.16562886536121368,0,0,0.0020448449067771435,0.0007781082531437278,26.498050689697266,0.0022397274151444435,0.0972331091761589,0.003160197986289859,0.1060333251953125,24.48711585998535,0.0035586762242019176,0.12343023717403412,0.0035400190390646458,0.009358410723507404,25.775938034057617,0.0026448818389326334,0.104567751288414,0.00450426759198308,0.11805563420057297,24.212635040283203,0.0037908507511019707,0.1316269189119339,0.002234626328572631,0.009047303348779678,29.25724220275879,0.0011865223059430718,0.037429023534059525,0.003422725712880492,0.0,24.034801483154297,0.003949298989027739,0.12498188763856888,29.890918731689453,0.0010254356311634183,0.06859549134969711,38.113704681396484,0.00015439373964909464,29.35750961303711,0.0011594421230256557,0.08153420686721802,26.305278778076172,0.0023413808085024357,0.09575312584638596,25.6973819732666,0.0026931585744023323,0.11235049366950989,27.962263107299805,0.0015987256774678826,0.07104775309562683,34.756500244140625,0.00033446471206843853,27.463645935058594,0.0017932273913174868,0.08467354625463486,25.32569694519043,0.0029337985906749964,0.10213297605514526,24.74880027770996,0.003350580111145973,0.11845623701810837,31.69158172607422,0.0006773946806788445,0.020013678818941116,36.63976287841797,0.00021678228222299367,31.25948715209961,0.0007482582586817443,0.023483045399188995
188524,6038,4,4098,-1,2,30.531478881835938,0.08506476879119873,25.606372833251953,0.06029098853468895,30.35388946533203,26.736778259277344,0.09527501463890076,23.994543075561523,28.2004337310791,0.029603248462080956,20.096935272216797,20.079933166503906,25.719867706298828,0.25897565484046936,100.0,0.1600584089756012,0.3766811788082123,4098,4130,0.27718135714530945,0,0,0.0008848148863762617,0.0009217459009960294,30.5594539642334,0.0008791331783868372,0.10738494247198105,0.0027501906733959913,0.2610096037387848,25.154306411743164,0.0030518940184265375,0.32306763529777527,0.0021199334878474474,0.009779268875718117,30.261455535888672,0.0009415741660632193,0.11373449116945267,0.003986077848821878,0.26856037974357605,25.093360900878906,0.0030950247310101986,0.3266330361366272,0.001513410359621048,0.009817632846534252,36.273868560791016,0.0002358377241762355,0.02926729992032051,0.0026792511343955994,0.0,25.098388671875,0.0030914435628801584,0.3225349187850952,31.96143913269043,0.0006365847075358033,0.08101151883602142,34.083438873291016,0.000390531582525,31.7105712890625,0.0006744390120729804,0.10424672812223434,26.10948944091797,0.0024493508972227573,0.2577909231185913,25.50611114501953,0.0028144214302301407,0.3223946690559387,31.033897399902344,0.0007881525089032948,0.08542086184024811,32.15678787231445,0.0006085847853682935,30.884281158447266,0.0008157782140187919,0.10959884524345398,25.830642700195312,0.002611775416880846,0.25999951362609863,25.268535614013672,0.002972668968141079,0.3249697983264923,37.46982192993164,0.00017906790890265256,0.0174667127430439,35.50419616699219,0.0002815660845953971,37.87016677856445,0.00016329894424416125,0.022031305357813835
188567,6038,4,4141,-1,1,29.794862747192383,0.07556840777397156,25.863269805908203,0.04410172626376152,30.828109741210938,26.41552734375,0.08465269207954407,24.1739559173584,28.310176849365234,0.02843700721859932,20.15195655822754,20.233577728271484,25.949373245239258,0.19501575827598572,100.0,0.14004845917224884,0.3149033188819885,4141,4173,0.2809256315231323,0,0,0.0010483682854101062,0.0008263976778835058,29.655651092529297,0.0010825175559148192,0.08969837427139282,0.0025922274217009544,0.20301951467990875,25.386127471923828,0.0028932583518326283,0.24727380275726318,0.002282691653817892,0.00965616013854742,29.399402618408203,0.0011483117705211043,0.0977228432893753,0.0038247627671808004,0.2107437252998352,25.33632469177246,0.0029266285710036755,0.25113025307655334,0.0014756465097889304,0.009476374834775925,36.11250305175781,0.00024476522230543196,0.026848381385207176,0.0025413394905626774,0.0,25.32789421081543,0.0029323147609829903,0.23887646198272705,30.97780990600586,0.0007983973482623696,0.06393954902887344,36.837955474853516,0.00020711177785415202,30.50920295715332,0.0008893643971532583,0.07808645069599152,26.356077194213867,0.002314154291525483,0.19228696823120117,25.74783706665039,0.0026620503049343824,0.236533984541893,30.180675506591797,0.0009592511923983693,0.07092688977718353,33.63052749633789,0.0004334581026341766,29.829072952270508,0.001040142378769815,0.08703801035881042,26.0716609954834,0.002470779698342085,0.1958783119916916,25.509613037109375,0.0028121527284383774,0.24023781716823578,37.488243103027344,0.00017831004515755922,0.014748702757060528,36.040733337402344,0.0002488436584826559,37.760921478271484,0.00016745872562751174,0.018404481932520866
190199,6039,5,668,-1,2,21.097400665283203,0.1280384659767151,13.3172607421875,0.074042908847332,28.875717163085938,20.238122940063477,0.14859457314014435,13.172760963439941,26.34234619140625,0.04139622300863266,20.071578979492188,20.286867141723633,13.222064018249512,0.35544297099113464,100.0,0.30012115836143494,0.24671006202697754,668,700,0.3266184628009796,0,0,0.007767121307551861,0.00129547284450382,20.573589324951172,0.00876276008784771,0.14237383008003235,0.0465879924595356,0.35733240842819214,12.709894180297852,0.053580984473228455,0.3979593515396118,0.009466463699936867,0.009836536832153797,20.264320373535156,0.009409529156982899,0.16001325845718384,0.04816414415836334,0.3657105565071106,12.661081314086914,0.05418660119175911,0.4049266278743744,0.0023214828688651323,0.00936080701649189,29.07100486755371,0.0012385097797960043,0.04028548300266266,0.047620464116334915,0.0,12.600584983825684,0.054946690797805786,0.39728260040283203,21.581247329711914,0.006948249414563179,0.11755886673927307,33.931190490722656,0.000404465215979144,20.993606567382812,0.007954984903335571,0.13157323002815247,13.387194633483887,0.045843787491321564,0.3465419113636017,12.767389297485352,0.0528763122856617,0.3864870071411133,21.131193161010742,0.007706920150667429,0.12838265299797058,31.86648941040039,0.0006506554782390594,20.558876037597656,0.008792498148977757,0.14336729049682617,13.295563697814941,0.046821314841508865,0.35577505826950073,12.678385734558105,0.053971122950315475,0.39728260040283203,30.856056213378906,0.00082109693903476,0.024932514876127243,34.89318084716797,0.00032410238054580986,30.469377517700195,0.0008975576492957771,0.02869435027241707
190630,6039,5,1099,-1,1,23.094120025634766,0.11461976170539856,18.964693069458008,0.09522741287946701,30.20374298095703,21.996240615844727,0.11869156360626221,18.49751091003418,26.966278076171875,0.03083210065960884,20.249446868896484,20.33294677734375,18.83553123474121,0.2774941623210907,100.0,0.20952335000038147,0.45449545979499817,1099,1131,0.34751152992248535,0,0,0.004904424771666527,0.0009541703620925546,22.5867862701416,0.005512156989425421,0.12789015471935272,0.012692023999989033,0.2785792946815491,18.371292114257812,0.014550268650054932,0.3184375762939453,0.006315040867775679,0.009441811591386795,22.340335845947266,0.005833998788148165,0.12741971015930176,0.01413347665220499,0.28558090329170227,18.279861450195312,0.014859831891953945,0.32220953702926636,0.0020108146127313375,0.009262015111744404,30.480579376220703,0.0008952453499659896,0.02857964113354683,0.013075157068669796,0.0,18.214052200317383,0.015086719766259193,0.3186250627040863,23.86585235595703,0.004105960018932819,0.10876933485269547,38.013832092285156,0.00015798545791767538,23.266714096069336,0.004713341128081083,0.12213503569364548,19.239727020263672,0.011913168244063854,0.271156370639801,18.622337341308594,0.013733030296862125,0.3109534680843353,23.278675079345703,0.004700376186519861,0.11163972318172455,34.52570724487305,0.0003527193912304938,22.70086669921875,0.00536924647167325,0.12427172064781189,19.027915954589844,0.012508590705692768,0.2753545939922333,18.418331146240234,0.01439351961016655,0.31573933362960815,32.360069274902344,0.0005807552952319384,0.01708812452852726,35.68801498413086,0.0002698971366044134,32.01639938354492,0.0006285796407610178,0.019308248534798622
193207,6039,5,3868,-1,3,21.193220138549805,0.11254820227622986,18.669443130493164,0.07165645807981491,31.153827667236328,20.215198516845703,0.12062650918960571,18.108308792114258,25.025501251220703,0.04621351137757301,19.913118362426758,20.09693145751953,18.332538604736328,0.2854444086551666,100.0,0.1622830629348755,0.4415522813796997,3868,3900,0.2722504734992981,0,0,0.007597628515213728,0.0007666858145967126,20.630569458007812,0.008648542687296867,0.1283053159713745,0.013584877364337444,0.28883007168769836,18.06825065612793,0.0156018091365695,0.3304789960384369,0.009516565129160881,0.010202066041529179,20.263595581054688,0.009411103092133999,0.13028584420681,0.015458558686077595,0.2983991205692291,17.88180923461914,0.016286183148622513,0.33266976475715637,0.0031437643337994814,0.009779279120266438,26.73067283630371,0.0021229160483926535,0.04301714152097702,0.014680680818855762,0.0,17.7110595703125,0.01693924516439438,0.32648390531539917,22.117908477783203,0.0061405799351632595,0.10498909652233124,36.96232986450195,0.00020126441086176783,21.51544761657715,0.00705432053655386,0.12024423480033875,19.1336612701416,0.012207699939608574,0.2789336144924164,18.514812469482422,0.014077279716730118,0.3187827467918396,21.342819213867188,0.007340371608734131,0.10840800404548645,33.623687744140625,0.00043414183892309666,20.755725860595703,0.00840286910533905,0.124201700091362,18.70928955078125,0.01346080843359232,0.2800033688545227,18.099781036376953,0.015488955192267895,0.31944239139556885,28.83422088623047,0.0013079099589958787,0.023041974753141403,35.656028747558594,0.0002718923205975443,28.33481788635254,0.0014672972029075027,0.02617555484175682
193626,6039,5,4287,-1,2,25.289073944091797,0.16307216882705688,23.47792625427246,0.06774137169122696,30.892850875854492,23.29207420349121,0.16780388355255127,22.06745147705078,26.19150161743164,0.050559110939502716,20.09735107421875,20.158422470092773,22.794666290283203,0.12263428419828415,100.0,0.10691463947296143,0.6336023807525635,4287,4319,0.307738721370697,0,0,0.002958644414320588,0.0008141697035171092,24.829938888549805,0.003288563108071685,0.1893974244594574,0.0044895983301103115,0.1228398010134697,22.933399200439453,0.005089323967695236,0.14027583599090576,0.00468589598312974,0.009778334759175777,24.086631774902344,0.00390244391746819,0.18826471269130707,0.006212335545569658,0.13571788370609283,22.46340560913086,0.005671000108122826,0.1486077904701233,0.0024035319220274687,0.009641792625188828,28.89426040649414,0.0012899533612653613,0.05123407021164894,0.005254524759948254,0.0,22.173187255859375,0.006062912289053202,0.1392798125743866,26.55188751220703,0.0022121325600892305,0.14548370242118835,38.01214599609375,0.00015804680879227817,25.97197723388672,0.0025281456764787436,0.1683470457792282,24.09581756591797,0.0038942014798521996,0.11691820621490479,23.483428955078125,0.004483914468437433,0.13287195563316345,25.243919372558594,0.002989567117765546,0.14796608686447144,34.14308547973633,0.0003852045629173517,24.697696685791016,0.003390238620340824,0.17085900902748108,23.296436309814453,0.0046811895444989204,0.1192866712808609,22.7089900970459,0.005359213333576918,0.1360974758863449,30.66718292236328,0.0008575940155424178,0.02816091664135456,35.53224182128906,0.0002797538472805172,30.238828659057617,0.0009464924223721027,0.03268253058195114
194303,6040,2,93,-1,1,28.819652557373047,0.09347924590110779,29.05313491821289,0.025738537311553955,32.93616485595703,25.685176849365234,0.10785689204931259,25.812175750732422,27.253498077392578,0.04186420887708664,20.476577758789062,20.541231155395508,28.781036376953125,0.05735253915190697,100.0,0.03840272128582001,0.6702269315719604,93,125,0.17530131340026855,0,0,0.0013123058015480638,0.0005086087039671838,28.42860221862793,0.0014359514461830258,0.11126591265201569,0.0012436164543032646,0.06402231007814407,28.57343864440918,0.0013888526009395719,0.07746382057666779,0.0027007374446839094,0.008960706181824207,27.600337982177734,0.0017376652685925364,0.12051036208868027,0.0026229042559862137,0.07861661165952682,27.76915740966797,0.001671414589509368,0.08731894195079803,0.0018821317935362458,0.008828297257423401,30.896472930908203,0.0008134909439831972,0.04372048377990723,0.0013240256812423468,0.0,28.159557342529297,0.001527721993625164,0.06984864175319672,31.214065551757812,0.0007561249658465385,0.0866072028875351,38.80867004394531,0.00013156270142644644,30.69452476501465,0.0008522114949300885,0.10328157991170883,30.980226516723633,0.0007979533402249217,0.0512087419629097,30.377702713012695,0.0009167054085992277,0.06283005326986313,29.36404800415039,0.00115769833792001,0.09310603141784668,35.65201187133789,0.00027214401052333415,28.88086700439453,0.0012939375592395663,0.11127832531929016,29.2574520111084,0.0011864646803587675,0.058966655284166336,28.721750259399414,0.0013422241900116205,0.07226753234863281,33.191402435302734,0.0004795786808244884,0.021744245663285255,37.62495422363281,0.0001727844646666199,32.78372573852539,0.0005267778178676963,0.026818834245204926
194465,6040,2,255,-1,3,24.80797004699707,0.09073881059885025,20.11371421813965,0.04096302017569542,30.966426849365234,23.15519142150879,0.10806149989366531,19.527141571044922,26.22533416748047,0.04139669984579086,20.56844711303711,20.722270965576172,20.024131774902344,0.11728432774543762,100.0,0.11508681625127792,0.35593146085739136,255,287,0.2783617675304413,0,0,0.003305241232737899,0.0008004926494322717,24.329044342041016,0.003690587356686592,0.10599632561206818,0.009741563349962234,0.12294511497020721,19.529029846191406,0.011145438067615032,0.1448916792869568,0.004835939966142178,0.00877314805984497,23.736373901367188,0.004230215679854155,0.1195913627743721,0.011150283738970757,0.13269540667533875,19.374149322509766,0.011550086550414562,0.15006977319717407,0.002384880557656288,0.008467852137982845,28.389202117919922,0.001449038740247488,0.04157182574272156,0.00994458794593811,0.0,19.40265464782715,0.011474523693323135,0.13906292617321014,26.473365783691406,0.002252493752166629,0.07781655341386795,39.372169494628906,0.0001155535428551957,25.881694793701172,0.002581253880634904,0.09179427474737167,20.622722625732422,0.00866418331861496,0.11212527006864548,20.00497817993164,0.009988549165427685,0.13331244885921478,25.368101119995117,0.002905292669311166,0.08555358648300171,35.939422607421875,0.0002547167241573334,24.79768943786621,0.0033130738884210587,0.10146227478981018,20.274364471435547,0.009387793950736523,0.11793199181556702,19.66472816467285,0.010802576318383217,0.1400618851184845,31.023662567138672,0.0007900123600848019,0.02052837610244751,37.27558517456055,0.00018725854170043021,30.54165267944336,0.0008827436831779778,0.024878811091184616
196005,6040,2,1891,-1,3,27.707752227783203,0.09289027005434036,22.216907501220703,0.04085627198219299,32.92749786376953,25.086620330810547,0.10076140612363815,21.392627716064453,27.127153396606445,0.04188904911279678,20.571739196777344,20.572200775146484,22.142972946166992,0.2354040890932083,100.0,0.1374264359474182,0.29729557037353516,1891,1923,0.2765451669692993,0,0,0.0016952146543189883,0.0005096247186884284,27.263938903808594,0.0018776130164042115,0.10868960618972778,0.006002185866236687,0.23916946351528168,21.64990997314453,0.006839263252913952,0.2832653820514679,0.0030998310539871454,0.008766496554017067,26.520776748657227,0.0022280365228652954,0.11189214140176773,0.007256668992340565,0.2442285716533661,21.524858474731445,0.007039054296910763,0.2848534882068634,0.0019376921700313687,0.008765572682023048,30.51954460144043,0.000887249072548002,0.04312225803732872,0.006105238571763039,0.0,21.521493911743164,0.007044506259262562,0.28061768412590027,29.53876304626465,0.0011120487470179796,0.08360329270362854,40.183921813964844,9.58535383688286e-05,28.967485427856445,0.0012683863751590252,0.09812571108341217,22.757549285888672,0.005299623589962721,0.2296459972858429,22.140762329101562,0.006108349654823542,0.27423587441444397,28.188039779663086,0.0015177350724115968,0.08239530026912689,36.281036376953125,0.0002354487805860117,27.657333374023438,0.0017150100320577621,0.09780777245759964,22.401161193847656,0.005752862896770239,0.23193365335464478,21.79681968688965,0.006611775141209364,0.2768482267856598,32.97639465332031,0.0005039189709350467,0.024487074464559555,37.6197509765625,0.00017299165483564138,32.55839538574219,0.0005548308254219592,0.030080538243055344
196374,6040,2,2260,-1,0,23.820810317993164,0.1296415776014328,17.988134384155273,0.06571143120527267,30.645418167114258,22.66272735595703,0.1403058022260666,17.652061462402344,27.07260513305664,0.0399075523018837,20.444643020629883,20.388689041137695,17.9429874420166,0.3531906306743622,100.0,0.1913638561964035,0.3433847427368164,2260,2292,0.2850935459136963,0,0,0.004148765467107296,0.0008619030122645199,23.321331024169922,0.004654436372220516,0.15410879254341125,0.015892289578914642,0.3439248502254486,17.3956356048584,0.018215302377939224,0.4004352390766144,0.00541660375893116,0.009026838466525078,23.132579803466797,0.004861182998865843,0.1589932143688202,0.017170941457152367,0.35699769854545593,17.34246826171875,0.018439676612615585,0.40975937247276306,0.0019621828105300665,0.009143895469605923,30.668651580810547,0.0008573040249757469,0.03868783637881279,0.016058364883065224,0.0,17.321508407592773,0.018528882414102554,0.4112980365753174,24.573440551757812,0.0034886382054537535,0.12117814272642136,38.042198181152344,0.00015695689944550395,23.978092193603516,0.004001204390078783,0.144735187292099,18.165637969970703,0.01525584515184164,0.34190240502357483,17.54681396484375,0.017592139542102814,0.39956533908843994,24.051143646240234,0.003934464883059263,0.1275637447834015,33.87681579589844,0.00040956115117296576,23.49036407470703,0.004476757720112801,0.15235133469104767,18.03127670288086,0.015735197812318802,0.3503730595111847,17.422401428222656,0.018103385344147682,0.40995922684669495,32.809513092041016,0.0005236593424342573,0.020183376967906952,34.83727264404297,0.0003283012774772942,32.567142486572266,0.0005537144024856389,0.023996872827410698
196737,6040,2,2623,-1,3,27.70608139038086,0.09212565422058105,21.261503219604492,0.03461065515875816,31.34294891357422,25.23358917236328,0.10037019848823547,20.63847541809082,27.295623779296875,0.04635169357061386,20.340986251831055,20.498645782470703,21.257728576660156,0.16056430339813232,100.0,0.12141551822423935,0.2850595712661743,2623,2655,0.23028862476348877,0,0,0.001695867395028472,0.0007340149604715407,27.342756271362305,0.0018438446568325162,0.10765157639980316,0.007479108404368162,0.16548281908035278,20.719430923461914,0.008473388850688934,0.19631609320640564,0.0029966856818646193,0.009244881570339203,26.913450241088867,0.0020354248117655516,0.10924214124679565,0.008632819168269634,0.17503850162029266,20.66006088256836,0.008590014651417732,0.19972136616706848,0.0018639647169038653,0.008915289305150509,31.08381462097168,0.0007791453972458839,0.04937845841050148,0.007485606707632542,0.0,20.636253356933594,0.00863723736256361,0.18914556503295898,29.762088775634766,0.0010563097894191742,0.07127323746681213,39.374542236328125,0.00011549043119885027,29.204387664794922,0.001201051170937717,0.08481605350971222,21.709060668945312,0.00674674054607749,0.1517287641763687,21.093427658081055,0.007774228695780039,0.17906996607780457,28.48161506652832,0.0014185300096869469,0.07660389691591263,35.21358871459961,0.0003010519430972636,27.984800338745117,0.0015904497122392058,0.09056948870420456,21.444679260253906,0.007170216646045446,0.16001111268997192,20.840682983398438,0.00824008509516716,0.1877785176038742,33.320438385009766,0.0004655392549466342,0.02478211745619774,36.61699676513672,0.00021792182815261185,32.978851318359375,0.000503634219057858,0.029492400586605072
198265,6040,2,4215,-1,3,21.659725189208984,0.1813468188047409,19.741695404052734,0.06910818070173264,28.424182891845703,20.83929443359375,0.2010776847600937,19.176570892333984,25.78243637084961,0.0523272305727005,20.199520111083984,20.363826751708984,19.477514266967773,0.23943044245243073,100.0,0.13864421844482422,0.4984569847583771,4215,4247,0.31355082988739014,0,0,0.006823822855949402,0.0014374139718711376,21.16196632385254,0.007652502041310072,0.21434473991394043,0.010612810030579567,0.24312105774879456,19.161514282226562,0.012129656970500946,0.28109097480773926,0.008242717944085598,0.009550981223583221,20.946659088134766,0.008041446097195148,0.22849808633327484,0.012087680399417877,0.24560345709323883,19.025218963623047,0.012516369111835957,0.2819523215293884,0.002640926046296954,0.009196391329169273,27.871753692626953,0.001632393104955554,0.053452786058187485,0.011278429068624973,0.0,18.856035232543945,0.013013572432100773,0.2812633216381073,22.61406135559082,0.005477646831423044,0.16573487222194672,35.544185638427734,0.00027898544794879854,22.022174835205078,0.006277440115809441,0.19805854558944702,20.268537521362305,0.009400399401783943,0.2268357127904892,19.65281867980957,0.010832241736352444,0.26505547761917114,21.989856719970703,0.006324329413473606,0.17489024996757507,31.86745834350586,0.0006505102501250803,21.428348541259766,0.007197225000709295,0.20910882949829102,19.868032455444336,0.010308532975614071,0.2297857701778412,19.271324157714844,0.011826812289655209,0.2711806893348694,29.87828826904297,0.0010284221498295665,0.03452557325363159,33.759151458740234,0.000420808675698936,29.500455856323242,0.001121901092119515,0.04140286520123482
199285,6041,3,286,-1,2,26.171104431152344,0.10827712714672089,24.183422088623047,0.029678279533982277,31.227142333984375,23.995134353637695,0.12476824969053268,22.682819366455078,25.98495864868164,0.04368425905704498,20.339622497558594,20.36430549621582,23.926803588867188,0.1064186543226242,100.0,0.058090876787900925,0.5108940005302429,286,318,0.1821783185005188,0,0,0.0024148456286638975,0.0007538513746112585,25.734264373779297,0.002670382848009467,0.13060738146305084,0.0038164344150573015,0.11556968092918396,23.628080368041992,0.00433702627196908,0.13700136542320251,0.003985533490777016,0.009247786365449429,24.98125457763672,0.0031759561970829964,0.14475476741790771,0.005391606129705906,0.11955750733613968,23.180347442626953,0.004808009602129459,0.13662189245224,0.0025206010323017836,0.009195375256240368,28.25733184814453,0.001493712654337287,0.04583849757909775,0.004048736300319433,0.0,23.30532455444336,0.004671618342399597,0.12936756014823914,28.831336975097656,0.0013087792322039604,0.09387660771608353,37.26640701293945,0.00018765464483294636,28.29368782043457,0.0014812598237767816,0.11616111546754837,25.301191329956055,0.0029503994155675173,0.1038665622472763,24.6855525970459,0.0033997343853116035,0.12369875609874725,27.079944610595703,0.0019588691648095846,0.09895455837249756,34.42134094238281,0.0003612985310610384,26.56660270690918,0.002204649383202195,0.12139701843261719,24.42263412475586,0.0036119085270911455,0.10923313349485397,23.83460235595703,0.004135611467063427,0.13135021924972534,31.018598556518555,0.0007909343112260103,0.02648075670003891,36.8659553527832,0.00020578069961629808,30.55044937133789,0.0008809579885564744,0.031984321773052216
199805,6041,3,870,-1,3,19.661537170410156,0.18903657793998718,17.446125030517578,0.09900461882352829,21.985197067260742,19.16307258605957,0.19772747159004211,17.158666610717773,26.554147720336914,0.034792158752679825,18.633296966552734,20.387344360351562,17.364574432373047,0.26550036668777466,22.445297241210938,0.1725102663040161,0.5739056468009949,870,902,0.21036145091056824,0,0,0.010810513980686665,0.006331117358058691,19.39315414428711,0.01149965263903141,0.21244467794895172,0.0180047694593668,0.27082306146621704,17.025222778320312,0.01983708329498768,0.31209734082221985,0.012125307694077492,0.01369840931147337,19.250633239746094,0.011883293278515339,0.21905702352523804,0.019236823543906212,0.2790963649749756,16.965042114257812,0.020113885402679443,0.3173094093799591,0.002210981911048293,0.009146726690232754,29.415952682495117,0.0011439441004768014,0.032678671181201935,0.018346060067415237,0.005694692954421043,16.926660537719727,0.02029242180287838,0.3073384165763855,19.98805809020996,0.010027537122368813,0.1817956566810608,22.613210678100586,0.0054787201806902885,19.695072174072266,0.010727357119321823,0.20639510452747345,17.60367202758789,0.01736331917345524,0.263018935918808,17.169471740722656,0.019189024344086647,0.30300578474998474,19.757795333862305,0.010573540814220905,0.1820324957370758,22.43361473083496,0.005710032768547535,19.46085548400879,0.011321773752570152,0.2068978250026703,17.481046676635742,0.017860567197203636,0.2631344795227051,17.049610137939453,0.019725993275642395,0.3043458163738251,32.11582565307617,0.0006143525242805481,0.015949036926031113,35.970970153808594,0.0002528731129132211,31.739482879638672,0.0006699647638015449,0.019056782126426697
200776,6041,3,1873,-1,2,22.65410614013672,0.1714417189359665,20.28974723815918,0.0771026685833931,30.13021469116211,21.52315330505371,0.17931008338928223,19.625045776367188,25.87674903869629,0.05492890626192093,20.430686950683594,20.463685989379883,19.93280601501465,0.2821081280708313,100.0,0.14617078006267548,0.5274834632873535,1873,1905,0.2591187655925751,0,0,0.005427369847893715,0.000970462104305625,22.137422561645508,0.006113047711551189,0.19963137805461884,0.009354600682854652,0.29698899388313293,19.73077392578125,0.010639533400535583,0.3414353132247925,0.007041816134005785,0.009055892936885357,21.71858787536621,0.006731958594173193,0.20296397805213928,0.010901733301579952,0.29549264907836914,19.5186824798584,0.011172019876539707,0.3346062898635864,0.002584194764494896,0.00898734200745821,27.96125602722168,0.0015990948304533958,0.057695433497428894,0.010155927389860153,0.0,19.31132698059082,0.01171837653964758,0.32540544867515564,23.75564956665039,0.004211483057588339,0.14947295188903809,37.66699981689453,0.00017111978377215564,23.157764434814453,0.004833077546209097,0.17402411997318268,20.824689865112305,0.008270486257970333,0.27855005860328674,20.208337783813477,0.009531610645353794,0.32163941860198975,22.866172790527344,0.005168716888874769,0.1604432463645935,35.09077453613281,0.000309686700347811,22.279529571533203,0.005916259251534939,0.1861051321029663,20.33625030517578,0.009254966862499714,0.28072232007980347,19.727312088012695,0.010648018680512905,0.3241851031780243,29.993112564086914,0.0010015878360718489,0.03006427176296711,37.010826110839844,0.00019902944040950388,29.488248825073242,0.0011250583920627832,0.03500008210539818
202652,6041,3,3813,-1,2,19.65536880493164,0.27652955055236816,17.628408432006836,0.09006662666797638,30.67201805114746,19.026634216308594,0.28217223286628723,17.221548080444336,25.633657455444336,0.0475802943110466,20.462064743041992,20.454137802124023,17.43695640563965,0.3706014156341553,32.352603912353516,0.18810167908668518,0.4788188338279724,3813,3845,0.22111251950263977,0,0,0.010825875215232372,0.0008566398173570633,19.0799560546875,0.012359603308141232,0.31664928793907166,0.017264707013964653,0.37493106722831726,17.042264938354492,0.019759392365813255,0.42895203828811646,0.012512286193668842,0.008990701287984848,18.84254264831543,0.013054067268967628,0.3194212317466736,0.01896030083298683,0.38296303153038025,16.89622688293457,0.020435122773051262,0.43234825134277344,0.0027329670265316963,0.009007124230265617,27.5258846282959,0.0017677121795713902,0.04856797680258751,0.018042821437120438,0.0005817544879391789,16.83418846130371,0.02072913944721222,0.4235747754573822,20.197832107543945,0.00955468975007534,0.2612123489379883,35.51411437988281,0.00028092387947253883,19.593414306640625,0.010981420986354351,0.30134302377700806,17.89412498474121,0.016240058466792107,0.36324962973594666,17.293622970581055,0.018648236989974976,0.41668739914894104,19.798372268676758,0.010475213639438152,0.2653825879096985,33.740333557128906,0.00042263598879799247,19.200319290161133,0.012021764181554317,0.30641087889671326,17.65326690673828,0.017166167497634888,0.36785024404525757,17.05609703063965,0.01969655603170395,0.421492338180542,30.159666061401367,0.0009639032068662345,0.02331443876028061,37.3662223815918,0.00018339096277486533,29.6497802734375,0.001083982060663402,0.026765312999486923
208914,6042,4,5158,-1,1,25.162134170532227,0.1954909861087799,21.38566780090332,0.1127517968416214,30.02973747253418,23.752288818359375,0.20615476369857788,20.745777130126953,27.86788558959961,0.03985383361577988,20.315574645996094,20.311307907104492,21.42873764038086,0.25594601035118103,100.0,0.1994926780462265,0.5651926398277283,5158,5190,0.2541327178478241,0,0,0.0030463982839137316,0.0009931758977472782,24.733661651611328,0.0033622789196670055,0.24236255884170532,0.007268310524523258,0.2619989216327667,20.812061309814453,0.008294573053717613,0.31297537684440613,0.004214742686599493,0.009299133904278278,24.643857955932617,0.0034325288143008947,0.24654212594032288,0.008422136306762695,0.27162685990333557,20.800846099853516,0.008316019549965858,0.3167567849159241,0.0016338477144017816,0.009308276697993279,33.43742370605469,0.0004531664017122239,0.039453692734241486,0.007196580059826374,0.0,20.80725860595703,0.008303746581077576,0.3072490990161896,25.862730026245117,0.0025925494264811277,0.18975037336349487,37.229557037353516,0.0001892537547973916,25.283727645874023,0.0029622872825711966,0.2377726286649704,21.60894012451172,0.006904085166752338,0.2576329708099365,20.994966506958008,0.007952496409416199,0.3078403174877167,25.507953643798828,0.002813226543366909,0.19070066511631012,34.17452621459961,0.00038242602022364736,24.965913772583008,0.0031871958635747433,0.2363414168357849,21.46629524230957,0.007134614512324333,0.258426308631897,20.871660232543945,0.00818151980638504,0.3089846968650818,35.45573043823242,0.000284726032987237,0.020047366619110107,35.20991516113281,0.0003013067180290818,35.49481201171875,0.0002821751986630261,0.023943286389112473
209415,6043,5,515,-1,1,24.46689796447754,0.10183911770582199,20.851665496826172,0.03869509696960449,30.273649215698242,22.821056365966797,0.11414478719234467,20.10686492919922,25.897560119628906,0.038598790764808655,20.15699005126953,20.32077407836914,20.517065048217773,0.11783736944198608,100.0,0.1019054427742958,0.3797157108783722,515,547,0.2814529538154602,0,0,0.003575282171368599,0.0009389343904331326,24.000215530395508,0.0039808740839362144,0.12630897760391235,0.008219274692237377,0.11738289147615433,20.258121490478516,0.009422972798347473,0.14057697355747223,0.005222693085670471,0.009644974023103714,23.427202224731445,0.004542342387139797,0.13517683744430542,0.00975694041699171,0.1296633630990982,20.07559585571289,0.009827443398535252,0.14950993657112122,0.0025718407705426216,0.009288009256124496,28.128786087036133,0.001538584241643548,0.03922828286886215,0.008877557702362537,0.0,19.895587921142578,0.01024333480745554,0.14186948537826538,26.060991287231445,0.002476856578141451,0.08871637284755707,34.672664642333984,0.00034098385367542505,25.51997184753418,0.0028054523281753063,0.11332275718450546,21.390689849853516,0.007259907200932503,0.11187424510717392,20.773513793945312,0.008368522860109806,0.13501611351966858,24.883098602294922,0.0032485544215887785,0.09414000809192657,33.486717224121094,0.0004480518982745707,24.34222984313965,0.003679401008412242,0.11998304724693298,20.905868530273438,0.008117328397929668,0.11858705431222916,20.298351287841797,0.009336084127426147,0.14300422370433807,30.392942428588867,0.0009134944411925972,0.02234683185815811,37.014747619628906,0.00019884988432750106,29.89937973022461,0.0010234396904706955,0.026606179773807526
209784,6043,5,916,-1,1,21.32953453063965,0.21885450184345245,22.68358039855957,0.0704229399561882,28.947643280029297,20.576194763183594,0.24225926399230957,21.642772674560547,26.19765853881836,0.0679151639342308,20.022104263305664,20.28717803955078,22.357948303222656,0.13378450274467468,100.0,0.10243542492389679,0.6874861717224121,916,948,0.23155684769153595,0,0,0.007362860720604658,0.0012741938699036837,20.80944061279297,0.008299578912556171,0.260102778673172,0.0053906613029539585,0.1458728015422821,22.114051818847656,0.0061460332944989204,0.17481505870819092,0.008757506497204304,0.009949236176908016,20.66808319091797,0.008574163541197777,0.28231173753738403,0.006850509904325008,0.16155944764614105,21.905139923095703,0.006448904983699322,0.18631112575531006,0.0024001270066946745,0.00936013925820589,28.763587951660156,0.001329355756752193,0.07266554981470108,0.005810389295220375,0.0,21.736469268798828,0.006704295054078102,0.1603204905986786,22.122182846069336,0.006134537048637867,0.19061414897441864,32.91129684448242,0.0005115290987305343,21.549259185791016,0.006999615114182234,0.2275543510913849,23.522951126098633,0.004443291109055281,0.12555736303329468,22.906673431396484,0.005120742134749889,0.1500760167837143,21.6505069732666,0.006838318891823292,0.19735051691532135,31.598339080810547,0.0006920956657268107,21.088031768798828,0.007783890701830387,0.235581636428833,22.84920883178711,0.005188947077840567,0.1345490664243698,22.24872589111328,0.00595837039873004,0.16107895970344543,30.794918060302734,0.0008327377145178616,0.03967161849141121,37.24311065673828,0.0001886641257442534,30.306652069091797,0.0009318260126747191,0.048383720219135284
210580,6043,5,1776,-1,1,21.957292556762695,0.09190225601196289,17.463468551635742,0.05241583660244942,31.91299057006836,20.806352615356445,0.10635346174240112,17.152400970458984,24.765836715698242,0.0339265912771225,20.154094696044922,20.333690643310547,17.5145206451416,0.13194501399993896,36.523681640625,0.1529219150543213,0.3427621126174927,1776,1808,0.3355685770511627,0,0,0.006371926516294479,0.0006437263218685985,21.394712448120117,0.007253187242895365,0.10436451435089111,0.017933016642928123,0.13459675014019012,16.871868133544922,0.0205500740557909,0.1479952037334442,0.008305479772388935,0.009651404805481434,20.91600227355957,0.008098413236439228,0.11542686820030212,0.019264601171016693,0.1462250053882599,16.81633758544922,0.02081451006233692,0.1582794487476349,0.0033374615013599396,0.009260429069399834,26.15066909790039,0.0024262359365820885,0.032770734280347824,0.017723437398672104,0.0002226547512691468,16.90032196044922,0.020415866747498512,0.1442055106163025,23.323875427246094,0.00465170806273818,0.07778096199035645,37.05449295043945,0.00019703836005646735,22.726993560791016,0.005337041802704334,0.08813725411891937,17.978923797607422,0.01592603512108326,0.12799900770187378,17.36773109436035,0.018332721665501595,0.1399027407169342,22.381732940673828,0.00577865494415164,0.08687417954206467,33.27717971801758,0.0004701995349023491,21.807628631591797,0.006595340557396412,0.09861452877521515,17.68785858154297,0.01702997460961342,0.1361832618713379,17.083789825439453,0.019571365788578987,0.148443341255188,29.072586059570312,0.001238059252500534,0.0170037392526865,34.90945816040039,0.00032288971124216914,28.604814529418945,0.0013788545038551092,0.019283248111605644
213127,6043,5,4515,-1,1,22.552085876464844,0.09541470557451248,20.778656005859375,0.05137012153863907,31.67729949951172,21.25619888305664,0.10471129417419434,19.950695037841797,25.01377296447754,0.04429309070110321,20.28476333618164,20.32773208618164,20.498844146728516,0.13049156963825226,100.0,0.11423833668231964,0.44967496395111084,4515,4547,0.22936706244945526,0,0,0.0055563743226230145,0.0006796264788135886,22.002017974853516,0.006306643597781658,0.10860299319028854,0.008358621038496494,0.13211677968502045,20.19466781616211,0.009561656042933464,0.15116317570209503,0.007488247938454151,0.009365346282720566,21.427000045776367,0.007199462503194809,0.11205644905567169,0.010114176198840141,0.1426619589328766,19.883358001708984,0.010272215120494366,0.15724828839302063,0.003152264514937997,0.009273136034607887,26.554912567138672,0.0022105921525508165,0.04321907460689545,0.0089148860424757,0.0,19.877363204956055,0.010286407545208931,0.1503906399011612,23.887935638427734,0.004085136577486992,0.08966471254825592,38.4957160949707,0.00014139324775896966,23.286544799804688,0.004691866226494312,0.10205221176147461,21.490324020385742,0.007095248904079199,0.128950297832489,20.87225341796875,0.008180402219295502,0.14909788966178894,22.899723052978516,0.005128941498696804,0.09070300310850143,35.45096969604492,0.00028503822977654636,22.310544967651367,0.005874156951904297,0.10339903831481934,20.93756675720215,0.00805829931050539,0.12909792363643646,20.329439163208008,0.00926949456334114,0.14920617640018463,29.301359176635742,0.0011745302472263575,0.020838240161538124,37.282325744628906,0.00018696799816098064,28.77305030822754,0.0013264629524201155,0.024114379659295082
213162,6043,5,4550,-1,0,22.842098236083984,0.10970904678106308,20.159034729003906,0.05401170253753662,31.900981903076172,21.492862701416016,0.1246669739484787,19.409101486206055,25.342140197753906,0.04295334964990616,20.274343490600586,20.33980369567871,19.699718475341797,0.11844629049301147,100.0,0.08368229120969772,0.6454376578330994,4550,4582,0.2777753472328186,0,0,0.005197448655962944,0.0006455084076151252,22.29313850402832,0.005897747352719307,0.12275168299674988,0.00964042916893959,0.11735254526138306,19.557689666748047,0.011072123423218727,0.13425177335739136,0.007091101724654436,0.009387836791574955,21.714847564697266,0.0067377579398453236,0.1336594820022583,0.01145749818533659,0.13440918922424316,19.276411056518555,0.011812967248260975,0.14753414690494537,0.0029227130580693483,0.009247398935258389,27.100357055664062,0.0019496842287480831,0.0422806516289711,0.010715893469750881,0.0,19.078237533569336,0.012364492751657963,0.13532191514968872,24.037885665893555,0.003946495708078146,0.10535784065723419,37.03902816772461,0.00019774129032157362,23.445514678955078,0.004523227456957102,0.11735380440950394,20.720613479614258,0.008471080102026463,0.11089436709880829,20.101106643676758,0.009769883938133717,0.12711013853549957,23.04170799255371,0.004963972605764866,0.11431178450584412,34.155616760253906,0.00038409477565437555,22.465267181396484,0.005668567959219217,0.12707918882369995,20.210094451904297,0.009527753107249737,0.12132915109395981,19.603269577026367,0.010956528596580029,0.13920307159423828,29.355411529541016,0.001160002313554287,0.023890193551778793,36.28208541870117,0.0002353919844608754,28.853055953979492,0.0013022500788792968,0.0276771392673254
222717,6046,4,28,-1,0,24.432737350463867,0.10150420665740967,17.675931930541992,0.06239776685833931,31.114913940429688,22.954513549804688,0.11098876595497131,17.33262825012207,27.070026397705078,0.028142325580120087,20.60344886779785,20.62221336364746,17.54047203063965,0.1856255978345871,100.0,0.19065777957439423,0.3272762596607208,28,60,0.29583561420440674,0,0,0.003603515448048711,0.0007735859835520387,23.937379837036133,0.004038889892399311,0.12298145890235901,0.017076818272471428,0.19239801168441772,17.07335662841797,0.019618432968854904,0.23125508427619934,0.005064642056822777,0.008702721446752548,23.46311378479004,0.004504938144236803,0.1277168095111847,0.018481500446796417,0.19710677862167358,16.989824295043945,0.01999943144619465,0.2317095398902893,0.0019633483607321978,0.008665202185511589,30.304471969604492,0.0009322940022684634,0.02741881087422371,0.017617851495742798,0.0,16.918991088867188,0.02032829076051712,0.22396469116210938,25.17312240600586,0.0030386988073587418,0.09547260403633118,39.215702056884766,0.00011979256669292226,24.57453155517578,0.003487761365249753,0.11703329533338547,17.850337982177734,0.01640462316572666,0.18566474318504333,17.230451583862305,0.018921472132205963,0.22376811504364014,24.42215919494629,0.0036123034078627825,0.1000082716345787,35.824710845947266,0.00026153444196097553,23.842809677124023,0.004127806052565575,0.12213129550218582,17.70965003967285,0.016944747418165207,0.18872389197349548,17.09442138671875,0.019523510709404945,0.22697649896144867,32.36238479614258,0.0005804459797218442,0.013879992067813873,37.15306854248047,0.00019261638226453215,31.937442779541016,0.0006401120917871594,0.016872048377990723
224705,6046,4,2048,-1,1,22.207345962524414,0.20644298195838928,21.68959617614746,0.15530598163604736,29.485675811767578,21.42715835571289,0.21242547035217285,20.966184616088867,28.03236961364746,0.030285026878118515,20.205698013305664,20.17186737060547,21.678028106689453,0.22439192235469818,100.0,0.20473356544971466,0.7585760354995728,2048,2080,0.26766499876976013,0,0,0.00601541344076395,0.0011257255682721734,21.695606231689453,0.006767672952264547,0.24543818831443787,0.0067770457826554775,0.2328789085149765,21.130456924438477,0.007708222139626741,0.2736606299877167,0.007199196610599756,0.00953740905970335,21.649776458740234,0.006839471403509378,0.24697747826576233,0.008005375042557716,0.24132190644741058,21.100156784057617,0.007762192282825708,0.2766478657722473,0.0015731245512142777,0.009611992165446281,34.731754302978516,0.0003363756986800581,0.027416953817009926,0.006795121356844902,0.0,21.056549072265625,0.007840524427592754,0.26636603474617004,22.508773803710938,0.005612066015601158,0.19430652260780334,34.64975357055664,0.0003427873889449984,21.922807693481445,0.006422724109143019,0.2309449464082718,21.93701171875,0.006401750724762678,0.22104503214359283,21.3210391998291,0.007377279456704855,0.2613757252693176,22.3397216796875,0.005834825802594423,0.1963929831981659,33.5363883972168,0.00044295669067651033,21.762428283691406,0.006664344109594822,0.23435473442077637,21.786087036132812,0.006628136616200209,0.22337926924228668,21.18208885192871,0.007617127615958452,0.2644352614879608,36.31233596801758,0.00023375803721137345,0.012346947565674782,36.93090057373047,0.00020272617985028774,36.22452926635742,0.00023853214224800467,0.01492872554808855
225291,6046,4,2634,-1,3,23.85863494873047,0.11745866388082504,20.882762908935547,0.09302643686532974,27.600614547729492,22.625715255737305,0.13148102164268494,20.17317771911621,26.913053512573242,0.03379921615123749,19.87249755859375,19.89892578125,20.751115798950195,0.28895530104637146,100.0,0.2079460471868515,0.44735851883888245,2634,2666,0.42450472712516785,0,0,0.004112790338695049,0.0017375546740368009,23.488956451416016,0.004478211514651775,0.14254723489284515,0.00816062930971384,0.2935895621776581,20.299144744873047,0.009334385395050049,0.35138705372810364,0.0054629649966955185,0.01029793918132782,23.26138687133789,0.0047191232442855835,0.1513519138097763,0.009609092026948929,0.3003297448158264,20.208118438720703,0.00953209400177002,0.35302188992500305,0.0020356106106191874,0.010235464200377464,31.112058639526367,0.000774094951339066,0.03340541198849678,0.008411788381636143,0.0,20.129638671875,0.00970590952783823,0.34656959772109985,24.57595443725586,0.003486619098111987,0.11223280429840088,30.037639617919922,0.0009913707617670298,24.122323989868164,0.003870503744110465,0.13719499111175537,21.23741340637207,0.0075207059271633625,0.28567883372306824,20.62059211730957,0.008668438531458378,0.34449008107185364,24.068668365478516,0.003918621223419905,0.11796461790800095,28.93767547607422,0.0012771219480782747,23.640134811401367,0.004325005691498518,0.14372694492340088,20.94702911376953,0.008040760643780231,0.2886294722557068,20.347843170166016,0.009230294264853,0.34684133529663086,32.7424201965332,0.000531811558175832,0.019985755905508995,35.26091766357422,0.00029778885073028505,32.45793151855469,0.0005678150919266045,0.02403075434267521
228270,6047,5,540,-1,3,22.243871688842773,0.09280075132846832,18.838563919067383,0.07049866020679474,32.01795196533203,21.110143661499023,0.10788241028785706,18.31437873840332,26.07575225830078,0.03234601765871048,20.386119842529297,20.516563415527344,18.539064407348633,0.1354493647813797,100.0,0.1530933827161789,0.4604944884777069,540,572,0.3095768392086029,0,0,0.005965034011751413,0.00062835484277457,21.68382453918457,0.006786060985177755,0.10395537316799164,0.013066031038761139,0.1337309032678604,18.237369537353516,0.015005937777459621,0.1519743949174881,0.007744363509118557,0.00914930459111929,21.233078002929688,0.007528218440711498,0.11457419395446777,0.014742194674909115,0.143733948469162,18.06368064880371,0.01561824046075344,0.15703198313713074,0.0024684525560587645,0.008878587745130062,28.290706634521484,0.0014822775265201926,0.030781744047999382,0.01399888563901186,0.0,17.917587280273438,0.016152560710906982,0.15444481372833252,22.829727172851562,0.005212272983044386,0.09217006713151932,37.97153091430664,0.00015953168622218072,22.226009368896484,0.005989617668092251,0.10381661355495453,19.137123107910156,0.012197974137961864,0.13332073390483856,18.518884658813477,0.014064090326428413,0.15240637958049774,22.14178466796875,0.006106911692768335,0.09577196836471558,33.434566497802734,0.0004534644540399313,21.563518524169922,0.006976673379540443,0.10750789195299149,18.815847396850586,0.013134552165865898,0.13677406311035156,18.21101951599121,0.015097259543836117,0.15643425285816193,30.072463989257812,0.0009834527736529708,0.016667699441313744,34.29608154296875,0.0003718706429935992,29.675657272338867,0.0010775423143059015,0.019039928913116455
229207,6047,5,1541,-1,3,25.31505584716797,0.17467190325260162,23.32706069946289,0.1453254073858261,30.46392059326172,23.754180908203125,0.17328354716300964,22.331832885742188,27.498641967773438,0.0490678995847702,20.326797485351562,20.50229835510254,23.26535987854004,0.22137363255023956,100.0,0.20597659051418304,0.7055433392524719,1541,1573,0.31471535563468933,0,0,0.0029409965500235558,0.0008986862376332283,24.87422752380371,0.003255198011174798,0.20588216185569763,0.004648299887776375,0.230052188038826,22.79403305053711,0.0052552898414433,0.2660234570503235,0.004212906584143639,0.009275136515498161,24.641868591308594,0.0034341018181294203,0.1977936327457428,0.005845433566719294,0.23142701387405396,22.680566787719727,0.005394403822720051,0.26097217202186584,0.0017788367113098502,0.008907794021070004,31.661684036254883,0.0006820739363320172,0.05101322382688522,0.004714807961136103,0.0,22.64388084411621,0.00544016296043992,0.2557395398616791,26.280048370361328,0.002355023054406047,0.1585303544998169,37.5427360534668,0.0001760866871336475,25.702083587646484,0.002690244000405073,0.1891276240348816,23.974702835083008,0.00400433037430048,0.2200469821691513,23.36383628845215,0.0046091037802398205,0.2550300061702728,25.695140838623047,0.002694549039006233,0.16189439594745636,35.02501678466797,0.0003144115617033094,25.141756057739258,0.003060724353417754,0.19331547617912292,23.585071563720703,0.004380191210657358,0.21919777989387512,22.993383407592773,0.005019513424485922,0.25305435061454773,34.021705627441406,0.00039612228283658624,0.022358037531375885,36.502593994140625,0.00022373856336344033,33.74026870727539,0.00042264279909431934,0.02710714191198349
231102,6047,5,3468,-1,3,22.67388916015625,0.10821989178657532,19.808481216430664,0.07307858020067215,30.4146671295166,21.344757080078125,0.1257685422897339,19.110273361206055,25.499187469482422,0.04469382017850876,19.960622787475586,20.064756393432617,19.421220779418945,0.15055230259895325,100.0,0.13751032948493958,0.5314406752586365,3468,3500,0.2561357319355011,0,0,0.005402705166488886,0.0009089360246434808,22.150938034057617,0.006094053853303194,0.12606975436210632,0.010450854897499084,0.15152382850646973,19.215518951416016,0.011979763396084309,0.17621658742427826,0.007337100803852081,0.010091083124279976,21.603076934814453,0.006913411431014538,0.1417359858751297,0.012273624539375305,0.16562873125076294,18.982542037963867,0.012639963999390602,0.18456050753593445,0.002818911336362362,0.009851999580860138,27.60225486755371,0.001736898091621697,0.04261671379208565,0.011425572447478771,0.0,18.799741744995117,0.01318335346877575,0.17516162991523743,23.65501594543457,0.004310209769755602,0.1014847382903099,35.085418701171875,0.000310068775434047,23.075393676757812,0.00492561561986804,0.11863446235656738,20.259166717529297,0.009420706890523434,0.141971617937088,19.641340255737305,0.010860903188586235,0.16503827273845673,22.705181121826172,0.005363918840885162,0.10930470377206802,32.161102294921875,0.0006079805898480117,22.14983367919922,0.00609560264274478,0.12830376625061035,19.795909881591797,0.010481152683496475,0.14726631343364716,19.193092346191406,0.012041782960295677,0.1709425151348114,29.55547523498535,0.0011077775852754712,0.021584535017609596,34.568511962890625,0.00034926022635772824,29.12051010131836,0.0012244724202901125,0.025168869644403458
233246,6048,2,798,-1,1,27.798675537109375,0.0944729894399643,24.161455154418945,0.03413150832056999,30.56878089904785,25.362567901611328,0.10128610581159592,22.96323585510254,27.383358001708984,0.05033969134092331,20.319311141967773,20.37546157836914,24.16436767578125,0.14930063486099243,100.0,0.09542574733495712,0.35767608880996704,798,830,0.22712931036949158,0,0,0.001660092850215733,0.0008772475412115455,27.4945068359375,0.0017805304378271103,0.11179187893867493,0.003835787298157811,0.16515587270259857,23.635364532470703,0.004329758696258068,0.201701357960701,0.002908997004851699,0.00929113756865263,27.150890350341797,0.0019271296914666891,0.11459285020828247,0.005054479464888573,0.16696907579898834,23.559669494628906,0.004405885469168425,0.19787822663784027,0.0018266878323629498,0.009171786718070507,31.569711685180664,0.000696672941558063,0.05273977667093277,0.0038332175463438034,0.0,23.542888641357422,0.004422943107783794,0.1822892278432846,29.85551643371582,0.0010338282445445657,0.07925162464380264,35.04193115234375,0.00031318931723944843,29.41309928894043,0.0011446959106251597,0.09565812349319458,25.033573150634766,0.0031379242427647114,0.14426647126674652,24.42190933227539,0.0036125110927969217,0.17653630673885345,28.55038833618164,0.0013962433440610766,0.08333386480808258,33.349609375,0.00046242278767749667,28.12505340576172,0.0015399082330986857,0.10019485652446747,24.51435089111328,0.0035364297218620777,0.1475999653339386,23.92691421508789,0.004048636183142662,0.1812180131673813,33.551055908203125,0.00044146343134343624,0.026157747954130173,36.677879333496094,0.0002148879284504801,33.22100067138672,0.000476321205496788,0.03164974972605705
233447,6048,2,999,-1,2,27.569034576416016,0.07738104462623596,23.113555908203125,0.03373890742659569,31.600236892700195,25.120262145996094,0.09687936305999756,22.15576171875,27.41192054748535,0.044820260256528854,20.277597427368164,20.305377960205078,23.098371505737305,0.16402174532413483,100.0,0.10208218544721603,0.3305073082447052,999,1031,0.22484873235225677,0,0,0.0017502366099506617,0.0006917933933436871,27.182682037353516,0.0019130739383399487,0.09195688366889954,0.004882525652647018,0.17002913355827332,22.574071884155273,0.005528314970433712,0.20253674685955048,0.003075910499319434,0.009380809962749481,26.76557159423828,0.0021059259306639433,0.10618863254785538,0.0060872882604599,0.17782863974571228,22.530672073364258,0.005583836231380701,0.20493073761463165,0.0018147125374525785,0.009320993907749653,31.805219650268555,0.0006599000189453363,0.04519053176045418,0.004899627063423395,0.0,22.476890563964844,0.005653416272252798,0.19727042317390442,29.167179107666016,0.0012113841949030757,0.06876789033412933,39.529300689697266,0.0001114474653149955,28.59930419921875,0.0013806051574647427,0.08305037766695023,23.734416961669922,0.004232123959809542,0.1546546220779419,23.1220703125,0.004872961901128292,0.18715818226337433,28.07687759399414,0.0015570843825116754,0.0761958658695221,35.323692321777344,0.00029351538978517056,27.565948486328125,0.0017514796927571297,0.09124139696359634,23.3748722076416,0.004597404971718788,0.1591176837682724,22.780746459960938,0.005271390546113253,0.1917697638273239,33.774574279785156,0.0004193169006612152,0.025641268119215965,36.632080078125,0.000217166161746718,33.46385192871094,0.00045041702105663717,0.030449088662862778
233607,6048,2,1191,-1,3,28.753835678100586,0.09891477972269058,24.125497817993164,0.03460921719670296,31.137311935424805,25.808513641357422,0.11211849004030228,23.018150329589844,27.496719360351562,0.04801084101200104,20.487070083618164,20.49677276611328,24.071731567382812,0.2212853729724884,100.0,0.12827590107917786,0.2698029577732086,1191,1223,0.28943583369255066,0,0,0.0013323444873094559,0.0007696066168136895,28.480422973632812,0.0014189197681844234,0.11809320002794266,0.0038676776457577944,0.21914219856262207,23.617862701416016,0.0043472424149513245,0.2659173607826233,0.0026251170784235,0.00893908366560936,27.815332412719727,0.0016537379706278443,0.1277984380722046,0.004990968853235245,0.22877614200115204,23.54952621459961,0.004416187759488821,0.2726445496082306,0.0017796228639781475,0.008919136598706245,31.667024612426758,0.0006812361534684896,0.04929646849632263,0.003915857989341021,0.0,23.450252532958984,0.004518297500908375,0.27034544944763184,30.71487045288086,0.0008482289267703891,0.08911477774381638,39.112056732177734,0.0001226859458256513,30.17796516418457,0.0009598509059287608,0.10833944380283356,24.890338897705078,0.0032431434374302626,0.2163478285074234,24.28095245361328,0.0037316824309527874,0.2642395794391632,29.269845962524414,0.0011830838629975915,0.09236380457878113,35.70032501220703,0.0002691333938855678,28.78213119506836,0.0013236915692687035,0.1124390959739685,24.417606353759766,0.003616092260926962,0.22038468718528748,23.82706642150879,0.004142793361097574,0.26995742321014404,33.79740905761719,0.00041711836820468307,0.026220131665468216,37.046730041503906,0.00019739093841053545,33.458980560302734,0.00045092261279933155,0.03268982842564583
234644,6048,2,2260,-1,0,30.128196716308594,0.06790688633918762,31.753154754638672,0.028469527140259743,32.769752502441406,26.309043884277344,0.08299984037876129,26.7052001953125,27.58802032470703,0.040699414908885956,20.379533767700195,20.473344802856445,31.72569465637207,0.03962235152721405,100.0,0.030404118821024895,0.9363707304000854,2260,2292,0.23020029067993164,0,0,0.0009709133300930262,0.0005284752114675939,29.833927154541016,0.001038980670273304,0.08073674142360687,0.0006678586942143738,0.045265402644872665,31.37337875366211,0.0007288902997970581,0.05462915077805519,0.0023393514566123486,0.009163188748061657,28.89568328857422,0.0012895307736471295,0.09185154736042023,0.0021354041527956724,0.062008123844861984,29.715381622314453,0.0010677310638129711,0.06809453666210175,0.0017426018603146076,0.008967378176748753,31.999032974243164,0.0006310977623797953,0.0397171825170517,0.0006720951059833169,0.0,31.10421371459961,0.0007754943799227476,0.0486224889755249,32.719940185546875,0.0005345717072486877,0.05846889317035675,40.279151916503906,9.377457899972796e-05,32.20124816894531,0.0006023866008035839,0.07090291380882263,33.83774185180664,0.00041326231439597905,0.03657951205968857,33.24034118652344,0.00047420457121916115,0.045734331011772156,30.594467163085938,0.0008720739861018956,0.06598353385925293,34.88772964477539,0.0003245093976147473,30.193992614746094,0.0009563147323206067,0.0806485041975975,31.200578689575195,0.000758476962801069,0.04618850722908974,30.786422729492188,0.0008343680528923869,0.05731780827045441,33.90899658203125,0.00040653746691532433,0.023388441652059555,35.8191032409668,0.00026187251205556095,33.67751693725586,0.000428793573519215,0.028835654258728027
237192,6048,2,4840,-1,3,28.658771514892578,0.089631088078022,24.147214889526367,0.03070049360394478,32.13479232788086,25.6231689453125,0.09878259897232056,22.970245361328125,27.241016387939453,0.051321402192115784,20.461490631103516,20.46065330505371,24.082584381103516,0.12520086765289307,100.0,0.11090278625488281,0.2768234610557556,4840,4872,0.28701722621917725,0,0,0.0013618296943604946,0.0006116750882938504,28.30549430847168,0.00147723825648427,0.10677182674407959,0.003848386462777853,0.13017219305038452,23.675138473510742,0.004290284123271704,0.15285107493400574,0.0027395745273679495,0.008991892449557781,27.501466751098633,0.0017776794265955687,0.10909400880336761,0.0050463308580219746,0.13890404999256134,23.554096221923828,0.004411540925502777,0.159409761428833,0.0018875509267672896,0.008993624709546566,31.000106811523438,0.0007943089585751295,0.05438602343201637,0.0039060835260897875,0.0,23.461105346679688,0.004507019650191069,0.1503562033176422,30.795757293701172,0.000832576712127775,0.0717153325676918,39.94721221923828,0.00010122286039404571,30.245256423950195,0.0009450926445424557,0.0859471783041954,25.02667236328125,0.003142917063087225,0.11621960997581482,24.417572021484375,0.0036161208990961313,0.13866642117500305,29.066913604736328,0.001239677774719894,0.08230064809322357,35.4836311340332,0.00028290279442444444,28.579631805419922,0.001386874238960445,0.09766645729541779,24.482717514038086,0.0035622818395495415,0.12357055395841599,23.896150588989258,0.004077416379004717,0.14765065908432007,33.18431091308594,0.00048036270891316235,0.028775624930858612,36.759483337402344,0.00021088786888867617,32.824790954589844,0.000521820446010679,0.03420674428343773
238197,6049,3,818,-1,2,28.523168563842773,0.08379533141851425,26.61552619934082,0.022789550945162773,31.58990478515625,25.421905517578125,0.10488623380661011,24.52957534790039,26.881927490234375,0.043084993958473206,20.3621826171875,20.41977882385254,26.429426193237305,0.08147717267274857,100.0,0.0647088885307312,0.35218578577041626,818,850,0.15693290531635284,0,0,0.0014050223398953676,0.0006934411940164864,28.19731903076172,0.0015144962817430496,0.10292241722345352,0.002179953968152404,0.0899871364235878,26.115280151367188,0.0024460882414132357,0.1087627112865448,0.0028695212677121162,0.009199870750308037,27.222482681274414,0.0018956215353682637,0.12144888937473297,0.0035240540746599436,0.09657235443592072,25.69876480102539,0.0026923015248030424,0.10890230536460876,0.0020502516999840736,0.009078671224415302,30.1369571685791,0.000968956621363759,0.04371140897274017,0.0022753975354135036,0.0,25.80794906616211,0.0026254591066390276,0.09858397394418716,31.948528289794922,0.0006384799489751458,0.06696765124797821,39.15913391113281,0.00012136311852373183,31.43853759765625,0.0007180363754741848,0.08435994386672974,28.075000762939453,0.0015577577287331223,0.07293140143156052,27.46372413635254,0.0017931947950273752,0.08840487897396088,29.67821502685547,0.001076907734386623,0.07218559086322784,35.5729866027832,0.00027714131283573806,29.2083740234375,0.0011999487178400159,0.09135881066322327,27.01352310180664,0.0019890584517270327,0.08000272512435913,26.444692611694336,0.0022674142383038998,0.09676264971494675,32.82276916503906,0.0005220630555413663,0.022372635081410408,37.425025939941406,0.00018092457321472466,32.40675354003906,0.0005745458765886724,0.028394728899002075
239704,6049,3,2389,-1,0,27.455141067504883,0.08603665232658386,23.4949893951416,0.024591056630015373,28.869384765625,24.908206939697266,0.100373275578022,22.27760124206543,26.754629135131836,0.03922874480485916,19.87250328063965,20.044593811035156,23.200672149658203,0.16403833031654358,100.0,0.09843047708272934,0.24983173608779907,2389,2421,0.20020176470279694,0,0,0.001796743250451982,0.001297362963669002,27.273300170898438,0.0018735711928457022,0.10499967634677887,0.004471993539482355,0.17157801985740662,22.92294692993164,0.005101586692035198,0.20540758967399597,0.003229828318580985,0.0102979252114892,26.690937042236328,0.0021424288861453533,0.11340765655040741,0.005918886512517929,0.18227919936180115,22.74517822265625,0.005314740817993879,0.20938880741596222,0.0021112377289682627,0.009897846728563309,30.393877029418945,0.0009132976992987096,0.0394715778529644,0.004785561468452215,0.0,22.579191207885742,0.005521801766008139,0.19573909044265747,29.499799728393555,0.0011220701271668077,0.07647335529327393,31.21480941772461,0.0007559953373856843,29.287111282348633,0.0011783894151449203,0.09161120653152466,24.14867401123047,0.0038470926228910685,0.15767180919647217,23.534564971923828,0.004431428387761116,0.18798944354057312,27.977312088012695,0.001593195367604494,0.07762955129146576,29.98877716064453,0.0010025876108556986,27.736431121826172,0.0016840581083670259,0.09185294806957245,23.6481876373291,0.004316993523389101,0.16295483708381653,23.06084632873535,0.004942143335938454,0.1944294422864914,32.44574737548828,0.0005694102728739381,0.018312400206923485,35.93963623046875,0.00025470429682172835,32.09133529663086,0.0006178265903145075,0.0215506162494421
242053,6049,3,4866,-1,1,28.12282943725586,0.1057739406824112,25.67496109008789,0.03299621865153313,27.74698257446289,25.353504180908203,0.11093220114707947,23.852415084838867,26.89655303955078,0.040526218712329865,19.990671157836914,20.152006149291992,25.297447204589844,0.1478947252035141,39.3720588684082,0.08856183290481567,0.37257832288742065,4866,4898,0.20936578512191772,0,0,0.0015406961319968104,0.0016799718141555786,28.183652877807617,0.0015192689606919885,0.1245708242058754,0.002707097679376602,0.1550072580575943,25.178638458251953,0.0030348438303917646,0.18505065143108368,0.002915075048804283,0.010021504014730453,27.395042419433594,0.0018217787146568298,0.1257394403219223,0.004118684679269791,0.15821115672588348,24.833415985107422,0.003285931423306465,0.18276585638523102,0.0020433589816093445,0.009656044654548168,30.593955993652344,0.0008721768390387297,0.041848763823509216,0.0029529461171478033,0.00011555654054973274,24.698684692382812,0.0033894674852490425,0.17768369615077972,30.949100494384766,0.0008036924991756678,0.07956349104642868,31.17791748046875,0.0007624449208378792,30.914945602416992,0.000810038298368454,0.09549511224031448,26.63140869140625,0.002171996748074889,0.14254409074783325,26.046363830566406,0.002485213102772832,0.17109058797359467,29.0078125,0.0012566634686663747,0.08125340938568115,30.080841064453125,0.0009815581142902374,28.863948822021484,0.0012989873066544533,0.09664447605609894,25.82988929748535,0.002612227573990822,0.14216624200344086,25.284076690673828,0.002962051425129175,0.17120277881622314,32.68278884887695,0.0005391644081100821,0.023171577602624893,36.05670166015625,0.0002479307586327195,32.336097717285156,0.000583969580475241,0.028141465038061142
243884,6050,4,1856,-1,0,29.218538284301758,0.05576615035533905,21.52338218688965,0.03621058538556099,29.011003494262695,26.141510009765625,0.06397832930088043,20.779111862182617,27.772348403930664,0.028829317539930344,20.15190315246582,20.07793426513672,21.49575424194336,0.22601088881492615,100.0,0.1738564372062683,0.20827865600585938,1856,1888,0.2647048830986023,0,0,0.0011971433414146304,0.0012557399459183216,29.251365661621094,0.001188128488138318,0.06555173546075821,0.007041445001959801,0.22917208075523376,20.945423126220703,0.008043735288083553,0.27643394470214844,0.0024313577450811863,0.009656276553869247,28.794815063476562,0.0013198319356888533,0.06897057592868805,0.008357742801308632,0.2348700761795044,20.888782501220703,0.008149329572916031,0.27759936451911926,0.0016701874556019902,0.009822150692343712,33.808658599853516,0.0004160393145866692,0.028029227629303932,0.007086381781846285,0.0,20.87427520751953,0.008176594972610474,0.2725282907485962,30.698022842407227,0.0008515258086845279,0.045464448630809784,31.632280349731445,0.0006867079064249992,30.570587158203125,0.0008768824045546353,0.05566968396306038,21.78298568725586,0.006632872857153416,0.21864934265613556,21.16588592529297,0.007645598147064447,0.26376569271087646,29.58246421813965,0.0011009143199771643,0.049118876457214355,30.107505798339844,0.000975550152361393,29.507041931152344,0.001120201195590198,0.060123372822999954,21.602642059326172,0.006914103403687477,0.22289249300956726,21.008882522583008,0.007927054539322853,0.269164502620697,35.2384033203125,0.00029933665064163506,0.014497119002044201,35.02528762817383,0.00031439197482541203,35.27213668823242,0.00029702045139856637,0.017938753589987755
245966,6050,4,3970,-1,1,27.550182342529297,0.0804484486579895,21.58901023864746,0.046069320291280746,29.98550796508789,25.04518699645996,0.09463587403297424,20.862844467163086,27.58176612854004,0.030875295400619507,19.894800186157227,20.042055130004883,21.564970016479492,0.30275505781173706,100.0,0.13792315125465393,0.334021657705307,3970,4002,0.2464551329612732,0,0,0.0017578499391674995,0.0010033425642177463,27.272470474243164,0.0018739280058071017,0.09861328452825546,0.006935841403901577,0.31046003103256226,21.034353256225586,0.007880701683461666,0.3721734583377838,0.0031295446678996086,0.010245189070701599,26.914718627929688,0.002034829929471016,0.11038365960121155,0.00819814670830965,0.31329604983329773,20.9963321685791,0.007949993945658207,0.3700101971626282,0.0017451131716370583,0.00990363396704197,33.098426818847656,0.0004899562336504459,0.03175527602434158,0.00697433901950717,0.0,20.943490982055664,0.0080473143607378,0.36515098810195923,28.754432678222656,0.0013321615988388658,0.07204332202672958,34.12342834472656,0.00038695201510563493,28.30449676513672,0.0014775784220546484,0.088594451546669,21.908769607543945,0.0064435177482664585,0.3007904589176178,21.292686462402344,0.007425597403198481,0.36212849617004395,27.90420150756836,0.0016202422557398677,0.07627847790718079,32.002952575683594,0.0006305284332484007,27.514123916625977,0.0017725058132782578,0.09536419808864594,21.710960388183594,0.006743790116161108,0.3030362129211426,21.116680145263672,0.007732713129371405,0.364973247051239,34.95984649658203,0.00031916509033180773,0.015483983792364597,34.99271774291992,0.0003167583199683577,34.954811096191406,0.00031953537836670876,0.01981278881430626
246533,6050,4,4569,-1,1,26.121173858642578,0.12783946096897125,24.622879028320312,0.10790637880563736,30.2820987701416,24.470897674560547,0.12731009721755981,23.32796859741211,28.36846160888672,0.02443898282945156,20.16029167175293,20.24014663696289,24.669607162475586,0.13298770785331726,100.0,0.14398181438446045,0.7494444847106934,4569,4601,0.26794615387916565,0,0,0.0024427706375718117,0.0009371091146022081,25.727718353271484,0.0026744110509753227,0.15526525676250458,0.003449150826781988,0.13949620723724365,24.088363647460938,0.0039008897729218006,0.1705065816640854,0.003571990877389908,0.00963764451444149,25.785913467407227,0.002638813341036439,0.15027309954166412,0.004647326190024614,0.14146095514297485,24.113018035888672,0.0038788074161857367,0.1661553680896759,0.001455975230783224,0.009462050162255764,36.49225616455078,0.0002242715418105945,0.02227325178682804,0.0034122399520128965,0.0,24.048126220703125,0.003937199711799622,0.16345104575157166,26.63854217529297,0.0021684332750737667,0.11649306118488312,37.2557487487793,0.00018811576592270285,26.067588806152344,0.002473097527399659,0.14335504174232483,24.836217880249023,0.0032838108018040657,0.1312846690416336,24.227832794189453,0.0037776054814457893,0.16077762842178345,26.396644592285156,0.0022926395758986473,0.11662223935127258,33.2001838684082,0.00047861022176221013,25.897762298583984,0.0025717210955917835,0.14401639997959137,24.654117584228516,0.0034244300331920385,0.13450205326080322,24.095556259155273,0.0038944343104958534,0.16520443558692932,37.69255065917969,0.00017011587624438107,0.01111330185085535,34.557186126708984,0.00035017216578125954,38.464447021484375,0.00014241492317523807,0.013473503291606903
247337,6051,5,314,-1,2,21.067073822021484,0.22492140531539917,16.407705307006836,0.07965832203626633,28.94773292541504,20.26099395751953,0.22871313989162445,16.12584686279297,25.845149993896484,0.03937333822250366,20.369613647460938,20.52414321899414,16.245813369750977,0.37377792596817017,32.54507827758789,0.20527775585651398,0.38805142045021057,314,346,0.26900261640548706,0,0,0.00782154593616724,0.0012741684913635254,20.540964126586914,0.008828834630548954,0.26740923523902893,0.022868068888783455,0.3787152171134949,15.824934005737305,0.026152102276682854,0.4326198399066925,0.009416740387678146,0.00918414443731308,20.244524002075195,0.009452523663640022,0.2689548134803772,0.02440144121646881,0.37904471158981323,15.727519989013672,0.02674534171819687,0.4290023744106293,0.002603063825517893,0.008863100782036781,27.851612091064453,0.0016399811720475554,0.040684908628463745,0.023736611008644104,0.00055653479648754,15.637931823730469,0.027302777394652367,0.4269522428512573,21.904422760009766,0.0064499699510633945,0.2019231617450714,36.090919494628906,0.00024598473100923,21.305084228515625,0.007404428906738758,0.24243445694446564,16.59104347229004,0.02192278578877449,0.3707984387874603,15.985522270202637,0.02520274743437767,0.42299774289131165,21.34225082397461,0.007341335061937571,0.1997673362493515,34.12237548828125,0.0003870459331665188,20.751407623291016,0.008411225862801075,0.2395997941493988,16.415061950683594,0.022829364985227585,0.3711704611778259,15.812201499938965,0.026228884235024452,0.42349645495414734,30.017257690429688,0.000996034825220704,0.021824443712830544,36.28960037231445,0.00023498517111875117,29.534584045410156,0.001113119418732822,0.025933504104614258
249864,6051,5,2969,-1,0,21.66063690185547,0.12401525676250458,17.630088806152344,0.05630810186266899,31.95657730102539,20.620763778686523,0.12865819036960602,17.26664924621582,24.836275100708008,0.04640123248100281,20.251583099365234,20.27387237548828,17.491283416748047,0.3270331025123596,100.0,0.1889624446630478,0.29798567295074463,2969,3001,0.29264992475509644,0,0,0.006822385359555483,0.0006372978677973151,21.093589782714844,0.0077739376574754715,0.1435469388961792,0.01725802943110466,0.3257836401462555,17.030866622924805,0.019811319187283516,0.37516850233078003,0.008668096736073494,0.009437169879674911,20.680450439453125,0.008549777790904045,0.14334437251091003,0.018764415755867958,0.34096860885620117,16.94459342956543,0.02020880952477455,0.38723063468933105,0.003283768193796277,0.009388857521116734,26.299455642700195,0.002344524022191763,0.046781331300735474,0.017818523570895195,0.0,16.86980438232422,0.02055983431637287,0.3778221607208252,22.874603271484375,0.00515869352966547,0.11107273399829865,38.75555419921875,0.00013318174751475453,22.268096923828125,0.005931849591434002,0.12848934531211853,18.05560874938965,0.015647292137145996,0.3188284933567047,17.437252044677734,0.018041588366031647,0.3677847683429718,22.037677764892578,0.006255072541534901,0.11313457787036896,35.00181579589844,0.0003160958003718406,21.445560455322266,0.00716876145452261,0.13054704666137695,17.75397300720215,0.016772689297795296,0.3305859863758087,17.141496658325195,0.019313029944896698,0.3811737298965454,29.06515884399414,0.0012401783606037498,0.02654433250427246,36.04777526855469,0.00024844083236530423,28.56125831604004,0.0013927535619586706,0.030528394505381584
252387,6052,2,749,-1,3,22.129545211791992,0.1294878125190735,22.400848388671875,0.07241814583539963,31.781232833862305,21.175342559814453,0.1330186128616333,21.375463485717773,26.097068786621094,0.03660823404788971,20.556859970092773,20.56722640991211,22.29444694519043,0.0962972566485405,100.0,0.07577112317085266,0.9557486176490784,749,781,0.2036460041999817,0,0,0.006124148145318031,0.000663554877974093,21.571264266967773,0.006964239291846752,0.15396170318126678,0.005753275007009506,0.09809954464435577,21.82944107055664,0.006562296766787767,0.11751295626163483,0.007628968916833401,0.00879658292979002,21.278823852539062,0.007449336815625429,0.1522868573665619,0.007285406347364187,0.10833825170993805,21.506549835205078,0.007068790961056948,0.12206979095935822,0.0024563667830079794,0.008775611408054829,28.28514862060547,0.0014841752126812935,0.03411697968840599,0.005895969923585653,0.0,21.672969818115234,0.006803042721003294,0.11724390089511871,22.866132736206055,0.005168764386326075,0.11360503733158112,38.89936828613281,0.00012884380703326315,22.259113311767578,0.005944136530160904,0.13848844170570374,23.012487411499023,0.004997481591999531,0.08765017986297607,22.39482879638672,0.005761256907135248,0.10766168683767319,22.353351593017578,0.005816543474793434,0.11749903857707977,35.755348205566406,0.0002657450968399644,21.758407592773438,0.006670513190329075,0.1426788568496704,22.488672256469727,0.0056381020694971085,0.094316266477108,21.886510848999023,0.0064766304567456245,0.11431852728128433,30.860599517822266,0.00082023860886693,0.019649334251880646,37.32463455200195,0.00018515557167120278,30.37183952331543,0.0009179437183775008,0.023471012711524963
253520,6052,2,1914,-1,1,30.759254455566406,0.07004246115684509,25.730817794799805,0.02971665933728218,32.20377731323242,26.758201599121094,0.08639916032552719,24.105052947998047,27.79236602783203,0.04185336083173752,20.59793472290039,20.466815948486328,25.651023864746094,0.10815463960170746,100.0,0.10827113687992096,0.2744652032852173,1914,1946,0.2288326621055603,0,0,0.0008396044140681624,0.0006020357250235975,30.574199676513672,0.0008761534700170159,0.08293639868497849,0.002672503935173154,0.11587036401033401,25.21713638305664,0.0030080582946538925,0.13778389990329742,0.002109501976519823,0.008713777177035809,29.611970901489258,0.0010934596648439765,0.09656806290149689,0.003885926678776741,0.12343613058328629,25.100488662719727,0.0030899476259946823,0.1424770951271057,0.0016625076532363892,0.008980869315564632,32.70344543457031,0.0005366058321669698,0.043599169701337814,0.002722060540691018,0.0,25.029544830322266,0.0031408388167619705,0.1322772204875946,33.12996292114258,0.00048641173634678125,0.059890009462833405,38.934993743896484,0.00012779115058947355,32.6633415222168,0.0005415841587819159,0.07123618572950363,26.581724166870117,0.0021969876252114773,0.102425716817379,25.975542068481445,0.002526072319597006,0.12435402721166611,31.2149600982666,0.0007559690275229514,0.06497528403997421,35.55057144165039,0.0002785754040814936,30.812286376953125,0.0008294141734950244,0.07843226194381714,26.039661407470703,0.0024890515487641096,0.10550861060619354,25.463024139404297,0.0028424819465726614,0.12819409370422363,34.806278228759766,0.0003306528669781983,0.022647486999630928,37.27756881713867,0.0001871730200946331,34.52561950683594,0.0003527266962919384,0.027794554829597473
258422,6053,3,2020,-1,2,27.04239273071289,0.05957752838730812,26.15952491760254,0.022854844108223915,31.894121170043945,24.489391326904297,0.07437388598918915,24.00996208190918,26.387203216552734,0.03434392064809799,20.45924186706543,20.479698181152344,25.83845329284668,0.03393103927373886,100.0,0.031231630593538284,0.7317851781845093,2020,2052,0.1754830926656723,0,0,0.00197588000446558,0.0006465290207415819,26.614648818969727,0.0021803956478834152,0.07010756433010101,0.0024212938733398914,0.036963675171136856,25.616439819335938,0.0027438232209533453,0.04496132582426071,0.0035568117164075375,0.00899654533714056,25.654422760009766,0.0027199294418096542,0.08105099946260452,0.003971950616687536,0.05245720222592354,24.920677185058594,0.003220565617084503,0.056447260081768036,0.0022976286709308624,0.008954270742833614,28.949909210205078,0.0012735300697386265,0.03414341062307358,0.0026070817839354277,0.0,25.216976165771484,0.0030081712175160646,0.042173758149147034,29.300127029418945,0.0011748633114621043,0.04531222581863403,38.68619155883789,0.0001353258703602478,28.74586296081543,0.001334792235866189,0.05411998927593231,27.363035202026367,0.0018352558836340904,0.029193714261054993,26.74995231628418,0.002113512484356761,0.035756077617406845,27.653690338134766,0.0017164500895887613,0.051080022007226944,35.56123733520508,0.0002778923080768436,27.126983642578125,0.001937766675837338,0.06142173334956169,26.278480529785156,0.002355873119086027,0.03658229485154152,25.70138931274414,0.002690674737095833,0.04498320817947388,31.842897415161133,0.0006541995098814368,0.0175323449075222,37.490760803222656,0.0001782067702151835,31.38209342956543,0.0007274291710928082,0.021726632490754128
260292,6053,3,3954,-1,2,24.18916893005371,0.09656882286071777,20.50975799560547,0.0791795551776886,32.2373046875,22.70348358154297,0.11354319751262665,19.802865982055664,26.531831741333008,0.04410640522837639,20.55685806274414,20.613265991210938,20.384750366210938,0.13944749534130096,100.0,0.13810110092163086,0.5733448266983032,3954,3986,0.2302878051996231,0,0,0.003811388975009322,0.0005974058876745403,23.659412384033203,0.004305848386138678,0.1127244383096695,0.00889250636100769,0.1498856395483017,19.915706634521484,0.010195990093052387,0.17107731103897095,0.005366011988371611,0.008796590380370617,23.153135299682617,0.004838230088353157,0.12526869773864746,0.010464378632605076,0.15763385593891144,19.693635940551758,0.010730910114943981,0.17451255023479462,0.002222372218966484,0.00868307612836361,29.10654067993164,0.0012284177355468273,0.04428765922784805,0.00915218610316515,0.0,19.763273239135742,0.010560215450823307,0.16041910648345947,25.125709533691406,0.003072056919336319,0.08771415799856186,37.19983673095703,0.00019055329903494567,24.540294647216797,0.0035153653007000685,0.10346060246229172,20.806621551513672,0.008304964751005173,0.13680946826934814,20.188232421875,0.009575840085744858,0.15682996809482574,24.440032958984375,0.0035974672064185143,0.0961497575044632,34.73832321166992,0.000335867254761979,23.872955322265625,0.004099251702427864,0.11307372152805328,20.537521362304688,0.008835841901600361,0.1410740464925766,19.928691864013672,0.01016554981470108,0.16252462565898895,32.04703903198242,0.0006241603987291455,0.02201157808303833,37.130943298339844,0.00019360023725312203,31.608991622924805,0.000690400309395045,0.02634899504482746
260645,6053,3,4339,-1,3,24.14875030517578,0.1534605622291565,20.282480239868164,0.058733534067869186,30.36625862121582,22.48668670654297,0.16072838008403778,19.55033302307129,25.540998458862305,0.04774327576160431,20.200841903686523,20.32323455810547,19.84136962890625,0.21199411153793335,100.0,0.12427985668182373,0.47259092330932617,4339,4371,0.24472957849502563,0,0,0.003847023705020547,0.0009191242861561477,23.667871475219727,0.0042974697425961494,0.18127135932445526,0.009370269253849983,0.21600115299224854,19.702444076538086,0.01070916373282671,0.24586567282676697,0.005640681833028793,0.009548080153763294,22.976089477539062,0.005039543379098177,0.18515810370445251,0.01109089981764555,0.22845056653022766,19.444625854492188,0.011364159174263477,0.2554052174091339,0.0027919025160372257,0.009282751940190792,27.46344566345215,0.001793310628272593,0.04885488376021385,0.010372013784945011,0.0,19.219890594482422,0.011967708356678486,0.24083513021469116,25.718355178833008,0.002680183155462146,0.13107921183109283,37.032562255859375,0.00019803585018962622,25.139875411987305,0.003062052186578512,0.15791206061840057,20.808725357055664,0.008300942368805408,0.2031521052122116,20.191150665283203,0.009569408372044563,0.2323092818260193,24.334413528442383,0.0036860292311757803,0.1399555206298828,33.996925354003906,0.0003983892675023526,23.775976181030273,0.004191820044070482,0.1679038405418396,20.29229164123535,0.009349126368761063,0.21168816089630127,19.685556411743164,0.010750887915492058,0.24032357335090637,29.596149444580078,0.0010974503820762038,0.027028746902942657,36.26124572753906,0.00023652428353670985,29.101299285888672,0.0012299006339162588,0.030783358961343765
267888,6055,5,1560,-1,0,23.766498565673828,0.13048093020915985,20.868404388427734,0.06741603463888168,29.498809814453125,22.38773536682129,0.14466965198516846,20.096710205078125,26.040298461914062,0.0522562600672245,19.973670959472656,20.13542938232422,20.523845672607422,0.15256357192993164,100.0,0.11393540352582932,0.5917040109634399,1560,1592,0.3108465373516083,0,0,0.004200977273285389,0.0011223257752135396,23.302539825439453,0.004674616269767284,0.1489177942276001,0.008187655359506607,0.15851396322250366,20.28434944152832,0.009366234764456749,0.18134108185768127,0.005770671647042036,0.010060809552669525,22.915239334106445,0.005110650323331356,0.16021257638931274,0.009779775515198708,0.17171359062194824,20.092164993286133,0.009790018200874329,0.1887577623128891,0.0024886869359761477,0.009692979045212269,28.60015869140625,0.001380333909764886,0.05078635737299919,0.008863710798323154,0.0,19.90236473083496,0.010227357968688011,0.1749071478843689,25.130725860595703,0.0030685102101415396,0.11746376752853394,33.1313591003418,0.000486255157738924,24.60198974609375,0.0034657802898436785,0.1332361251115799,21.36794090270996,0.007298033684492111,0.14882756769657135,20.75152587890625,0.00841099489480257,0.17079466581344604,24.118335723876953,0.003874061396345496,0.12372343242168427,31.28274917602539,0.0007442609057761729,23.60955047607422,0.004355568904429674,0.14099697768688202,20.90798568725586,0.008113370276987553,0.15271595120429993,20.30350112915039,0.009325020015239716,0.17566366493701935,30.503456115722656,0.0008905421127565205,0.029194312170147896,36.04853820800781,0.00024839697289280593,30.046573638916016,0.0009893336100503802,0.03370162844657898
268861,6055,5,2597,-1,2,24.050411224365234,0.09773331880569458,19.535802841186523,0.07361002266407013,31.28293800354004,22.525632858276367,0.10656598210334778,18.990610122680664,26.334571838378906,0.03815404698252678,20.26649284362793,20.41389274597168,19.32923698425293,0.28078705072402954,100.0,0.18791916966438293,0.3917110860347748,2597,2629,0.22845005989074707,0,0,0.0039351279847323895,0.0007442287169396877,23.53985023498535,0.004426035098731518,0.11302192509174347,0.011128067038953304,0.28060808777809143,18.955455780029297,0.012719044461846352,0.3234104514122009,0.005590321496129036,0.009404828771948814,23.007282257080078,0.005003474652767181,0.11644033342599869,0.012616505846381187,0.28727948665618896,18.807037353515625,0.013161221519112587,0.3268691301345825,0.002325642853975296,0.009090980514883995,28.911571502685547,0.0012848218902945518,0.03563785180449486,0.011670144274830818,0.0,18.7077579498291,0.013465551659464836,0.3244466483592987,24.958688735961914,0.003192500676959753,0.08848986774682999,39.00162124633789,0.00012584569049067795,24.360095977783203,0.0036642937920987606,0.10312757641077042,19.869354248046875,0.010305398143827915,0.2756437063217163,19.25143814086914,0.011881085112690926,0.3177361786365509,24.12701416015625,0.0038663288578391075,0.09548959136009216,35.61162567138672,0.00027468675398267806,23.5468692779541,0.004418889060616493,0.11142489314079285,19.562868118286133,0.011058933101594448,0.2775548994541168,18.951435089111328,0.012730826623737812,0.32081660628318787,30.99102783203125,0.0007959711947478354,0.02138064242899418,37.129486083984375,0.00019366508058737963,30.512773513793945,0.0008886335999704897,0.024477798491716385
272300,6056,2,1293,-1,0,22.567970275878906,0.11149083077907562,19.72970962524414,0.0819162055850029,30.949748992919922,21.642343521118164,0.12333820760250092,19.207319259643555,27.14885902404785,0.03620309382677078,20.372934341430664,20.379844665527344,19.675853729248047,0.15826565027236938,100.0,0.1404007524251938,0.5834456086158752,1293,1325,0.27249765396118164,0,0,0.005536087788641453,0.0008035723585635424,22.0313663482666,0.006264167372137308,0.1291741281747818,0.010642144829034805,0.16250671446323395,19.152545928955078,0.012154735624790192,0.18825171887874603,0.006851184647530317,0.009177122265100479,21.87531280517578,0.006493348628282547,0.134700745344162,0.012002402916550636,0.1717674434185028,19.05350112915039,0.01243511587381363,0.1928316056728363,0.0019280319102108479,0.009162534959614277,30.888256072998047,0.0008150315843522549,0.034444816410541534,0.01077493466436863,0.0,19.05437660217285,0.012432616204023361,0.18534934520721436,23.107824325561523,0.004888972733169794,0.09826440364122391,38.927528381347656,0.0001280110445804894,22.50153350830078,0.005621429067105055,0.11530860513448715,19.960323333740234,0.010091777890920639,0.15572988986968994,19.3430118560791,0.011633186601102352,0.18078699707984924,22.782867431640625,0.005268821492791176,0.10136482864618301,35.673439025878906,0.0002708047686610371,22.191253662109375,0.0060377465561032295,0.1191624104976654,19.803997039794922,0.01046165730804205,0.1604473739862442,19.19448471069336,0.012037919834256172,0.18735972046852112,33.507022857666016,0.00044596209772862494,0.01846541464328766,36.82257843017578,0.0002078463730867952,33.16416931152344,0.00048259529285132885,0.022139044478535652
272680,6056,2,1705,-1,0,23.87254524230957,0.13848119974136353,22.50967025756836,0.049134399741888046,30.978334426879883,22.48918914794922,0.1570071130990982,21.50803565979004,25.058860778808594,0.07038789987564087,20.52210807800293,20.607463836669922,22.118846893310547,0.33118563890457153,100.0,0.12717247009277344,0.3863603472709656,1705,1737,0.28338298201560974,0,0,0.004099638666957617,0.0007983011892065406,23.365314483642578,0.00460753683000803,0.1624879688024521,0.005610906518995762,0.3482266962528229,21.947818756103516,0.006385843735188246,0.4099735617637634,0.005637430585920811,0.008867255412042141,22.889917373657227,0.005140535067766905,0.17832885682582855,0.007066370453685522,0.3507446348667145,21.69070816040039,0.006775312591344118,0.4051697254180908,0.003119709203019738,0.008694683201611042,26.455032348632812,0.002262021182104945,0.0751362144947052,0.006139249075204134,0.0,21.49736785888672,0.007083748932927847,0.38764438033103943,26.8447208404541,0.002067892113700509,0.11578787863254547,37.54195785522461,0.00017611832299735397,26.272842407226562,0.0023589343763887882,0.13773202896118164,23.990345001220703,0.003989931661635637,0.3285050690174103,23.37793731689453,0.00459416164085269,0.38803333044052124,24.84398651123047,0.0032779427710920572,0.1263720840215683,34.3968620300293,0.0003633406013250351,24.287174224853516,0.003726343158632517,0.14947906136512756,22.854049682617188,0.005183165892958641,0.33382946252822876,22.255456924438477,0.005949144251644611,0.39310845732688904,28.760272979736328,0.0013303708983585238,0.038226474076509476,36.79100799560547,0.00020936269720550627,28.230892181396484,0.0015028336783871055,0.04501374438405037
274078,6056,2,3103,-1,2,23.857786178588867,0.2394123375415802,22.284746170043945,0.11963339895009995,22.932626724243164,22.829971313476562,0.23829935491085052,21.553550720214844,27.61821746826172,0.03297920897603035,18.925912857055664,20.23956298828125,22.252914428710938,0.2843000888824463,23.032255172729492,0.16739825904369354,0.7146633267402649,3103,3135,0.2573053240776062,0,0,0.004113593138754368,0.005090231075882912,24.019384384155273,0.003963341470807791,0.2881121039390564,0.005909154657274485,0.28888756036758423,22.16765594482422,0.006070638541132212,0.34909147024154663,0.005211982410401106,0.012805857695639133,23.932218551635742,0.004043693654239178,0.28231456875801086,0.006992701441049576,0.2962796688079834,22.148752212524414,0.006097122561186552,0.35302335023880005,0.001730526564642787,0.009463327005505562,32.66911315917969,0.0005408651777543128,0.03179583325982094,0.005952626932412386,0.004974785726517439,22.144519805908203,0.0061030639335513115,0.3442472219467163,24.559276580810547,0.0035000357311218977,0.22362016141414642,23.418846130371094,0.004551089834421873,24.76470184326172,0.0033383346162736416,0.2718387544155121,22.670970916748047,0.005406336858868599,0.2763402462005615,22.560569763183594,0.005545528139919043,0.3357028663158417,24.16921615600586,0.003828939516097307,0.2247558832168579,23.07143783569336,0.004930106922984123,24.365747451782227,0.003659529145807028,0.2738177478313446,22.410411834716797,0.005740621127188206,0.2849402129650116,22.31325912475586,0.005870488937944174,0.3458833694458008,34.316184997558594,0.00037015319685451686,0.017771955579519272,34.02935028076172,0.0003954258863814175,34.36204528808594,0.00036626509972848,0.020632566884160042
274497,6056,2,3554,-1,3,27.611167907714844,0.09765972197055817,24.210546493530273,0.043845634907484055,31.140424728393555,25.186527252197266,0.10953649878501892,23.008892059326172,27.32474136352539,0.05217311158776283,20.429912567138672,20.41909408569336,24.089174270629883,0.13469254970550537,35.374813079833984,0.09876067191362381,0.44395846128463745,3554,3586,0.22979150712490082,0,0,0.0017333381110802293,0.0007690552738495171,27.2545223236084,0.0018816892988979816,0.115477055311203,0.0037926738150417805,0.132046639919281,23.723373413085938,0.0042428988963365555,0.15898707509040833,0.0030293359886854887,0.009057515300810337,26.773832321166992,0.0021019235718995333,0.12270298600196838,0.005001621320843697,0.14684611558914185,23.6221981048584,0.004342903848737478,0.171024888753891,0.0018515096744522452,0.009080098941922188,31.311094284057617,0.0007394190761260688,0.05435255169868469,0.0039001614786684513,0.0002900807885453105,23.51097869873047,0.004455558490008116,0.16327011585235596,29.496036529541016,0.0011230434756726027,0.08340448141098022,34.55716323852539,0.00035017382469959557,29.058971405029297,0.001241946592926979,0.10053522884845734,24.999099731445312,0.0031629346776753664,0.12310903519392014,24.437654495239258,0.003599436953663826,0.15141190588474274,28.273860931396484,0.0014880371745675802,0.09233124554157257,33.04214859008789,0.0004963468527421355,27.849960327148438,0.001640605041757226,0.11064710468053818,24.503496170043945,0.003545279148966074,0.13270115852355957,23.95561981201172,0.004021964035928249,0.1612951159477234,33.511539459228516,0.000445498269982636,0.02978016994893551,37.36387634277344,0.00018349011952523142,33.13536071777344,0.00048580722068436444,0.036047883331775665
278930,6057,3,3120,-1,2,25.396209716796875,0.09499719738960266,26.249523162841797,0.03798798844218254,30.05221176147461,23.373262405395508,0.11083608865737915,23.807525634765625,25.718151092529297,0.06724396347999573,20.335514068603516,20.491954803466797,25.18446922302246,0.07074934244155884,100.0,0.04859708249568939,0.7816928029060364,3120,3152,0.2093135118484497,0,0,0.0028865502681583166,0.0009880498982965946,24.97760581970215,0.0031786272302269936,0.1121865063905716,0.0023716336581856012,0.08428121358156204,25.67873764038086,0.002704743994399905,0.10024747997522354,0.004599110223352909,0.00925653986632824,24.108793258666992,0.0038825825322419405,0.12541542947292328,0.004161476623266935,0.1021624282002449,24.650634765625,0.0034271765034645796,0.11399190127849579,0.002680309349671006,0.008929038420319557,27.64732551574707,0.0017189664067700505,0.0707293450832367,0.003030771389603615,0.0,24.56298828125,0.003497044090181589,0.08551332354545593,27.46464729309082,0.0017928146990016103,0.06629547476768494,34.19804382324219,0.0003803608997259289,26.967790603637695,0.0020101149566471577,0.07877440750598907,28.217178344726562,0.0015075874980539083,0.056256480515003204,27.604557037353516,0.001735979807563126,0.06780506670475006,25.603036880493164,0.0027523033786565065,0.08093473315238953,31.80498504638672,0.0006599353509955108,25.122671127319336,0.003074205946177244,0.09568117558956146,26.06602668762207,0.0024739860091358423,0.07177664339542389,25.501686096191406,0.0028172910679131746,0.0864444151520729,29.709224700927734,0.0010692458599805832,0.032082099467515945,36.13261032104492,0.00024363469856325537,29.22173500061035,0.0011962630087509751,0.037980806082487106
279087,6057,3,3309,-1,3,25.585861206054688,0.1424928605556488,22.47077751159668,0.04741540178656578,30.737205505371094,23.741050720214844,0.1578931361436844,21.500539779663086,26.47148323059082,0.048585906624794006,20.38184928894043,20.57124137878418,22.350465774536133,0.1583966761827469,100.0,0.10543235391378403,0.4497234523296356,3309,3341,0.18545739352703094,0,0,0.0027632100973278284,0.000843878136947751,25.14492416381836,0.0030584922060370445,0.16897052526474,0.005661379545927048,0.16726474463939667,21.887344360351562,0.006475385744124651,0.20545822381973267,0.004225666169077158,0.009158307686448097,24.6007137298584,0.003466798225417733,0.18083932995796204,0.0070785777643322945,0.17507928609848022,21.660015106201172,0.006823360919952393,0.20768672227859497,0.0022534700110554695,0.008767499588429928,29.026344299316406,0.0012513118563219905,0.051395632326602936,0.0058204070664942265,0.0,21.728988647460938,0.006715854164212942,0.1967017948627472,27.71601104736328,0.001691994140855968,0.12773388624191284,37.38747787475586,0.00018249564163852483,27.157442092895508,0.0019242247799411416,0.15316075086593628,23.218875885009766,0.004765545483678579,0.15148453414440155,22.60083770751953,0.005494351964443922,0.18898016214370728,26.37805938720703,0.0023024713154882193,0.13003090023994446,34.8249397277832,0.0003292351611889899,25.840179443359375,0.0026060459204018116,0.15634030103683472,22.684804916381836,0.005389142781496048,0.15488961338996887,22.081892013549805,0.006191710475832224,0.19321607053279877,31.376066207885742,0.0007284394814632833,0.027895541861653328,37.682342529296875,0.00017051624308805913,30.892295837402344,0.0008142737206071615,0.03436766564846039
280412,6057,3,4698,-1,1,24.556245803833008,0.08933882415294647,21.746841430664062,0.03656177967786789,30.81418228149414,22.628875732421875,0.10475398600101471,20.698970794677734,25.25531578063965,0.05092797428369522,20.068769454956055,20.142505645751953,21.139225006103516,0.09137987345457077,100.0,0.08375304192304611,0.43654271960258484,4698,4730,0.21805274486541748,0,0,0.003502478590235114,0.0008290520636364818,24.07404136657715,0.00391377555206418,0.10231796652078629,0.006688306573778391,0.10026340186595917,21.161518096923828,0.007653290871530771,0.11423889547586441,0.00545899523422122,0.009842900559306145,23.20159149169922,0.004784547723829746,0.11278054118156433,0.008513396605849266,0.11047115176916122,20.78577995300293,0.008344915695488453,0.11748053133487701,0.0029817300383001566,0.009677192196249962,27.095962524414062,0.0019516589818522334,0.05054464936256409,0.007692675106227398,0.0,20.51774787902832,0.008876165375113487,0.10364413261413574,26.53689956665039,0.00221978104673326,0.07427481561899185,38.4531364440918,0.00014278615708462894,25.95282745361328,0.002539318986237049,0.08631568402051926,22.407339096069336,0.005744685418903828,0.08354050666093826,21.790748596191406,0.006621023640036583,0.09437724202871323,24.88060188293457,0.00325042218901217,0.08265723288059235,34.694488525390625,0.00033927461481653154,24.319990158081055,0.0036982910241931677,0.09554872661828995,21.680465698242188,0.006791312713176012,0.09024056792259216,21.078536987304688,0.007800930179655552,0.102065309882164,29.30481719970703,0.0011735950829461217,0.026265043765306473,36.47148895263672,0.00022534654999617487,28.795974731445312,0.0013194794300943613,0.030392657965421677
285053,6058,4,4528,-1,0,29.64237403869629,0.07635840028524399,27.830419540405273,0.03566073998808861,28.08612823486328,26.131023406982422,0.10139274597167969,25.18202018737793,27.599170684814453,0.04239071160554886,19.549522399902344,19.717422485351562,27.898590087890625,0.07894561439752579,100.0,0.08085139840841293,0.4410652220249176,4528,4560,0.24619066715240479,0,0,0.0010858317837119102,0.0015537719009444118,29.9403018951416,0.001013841014355421,0.09046255797147751,0.001648003701120615,0.08202721923589706,27.422382354736328,0.001810345915146172,0.09698937088251114,0.0024372360203415155,0.011092965491116047,29.564077377319336,0.00110558548476547,0.11843852698802948,0.003032479900866747,0.09337998181581497,27.31757354736328,0.0018545667408034205,0.1063801720738411,0.0017381333746016026,0.010672291740775108,34.39319610595703,0.00036364750121720135,0.0437999963760376,0.001622336800210178,0.0,27.277111053466797,0.0018719270592555404,0.09751136600971222,31.60454559326172,0.0006911074160598218,0.061828963458538055,31.68689727783203,0.0006781259435229003,31.59201431274414,0.0006931045209057629,0.07636544108390808,28.78263282775879,0.0013235397636890411,0.07047666609287262,28.181575775146484,0.0015199960907921195,0.08699013292789459,30.372093200683594,0.0009178903419524431,0.07109225541353226,29.73824691772461,0.0010621240362524986,30.47837257385254,0.0008957005920819938,0.08752577751874924,28.13421058654785,0.0015366642037406564,0.07589587569236755,27.653873443603516,0.001716376980766654,0.09396056085824966,35.940608978271484,0.0002546474279370159,0.019866155460476875,34.327667236328125,0.0003691757738124579,36.25201416015625,0.00023702767794020474,0.02427593804895878
287423,6059,5,1857,-1,1,25.032588958740234,0.1435691863298416,20.077342987060547,0.051888205111026764,30.905349731445312,23.451736450195312,0.15245795249938965,19.485614776611328,26.399391174316406,0.050779782235622406,20.4731388092041,20.476743698120117,19.89849853515625,0.25304919481277466,100.0,0.13401378691196442,0.38718557357788086,1857,1889,0.242420956492424,0,0,0.003138637635856867,0.0008118301047943532,24.56353187561035,0.0034966077655553818,0.17517387866973877,0.009823491796851158,0.26293373107910156,19.490360260009766,0.011245119385421276,0.31381285190582275,0.004516754299402237,0.008967803791165352,24.165771484375,0.0038319772575050592,0.17937499284744263,0.011257413774728775,0.26814720034599304,19.359603881835938,0.011588827706873417,0.31415313482284546,0.002291189506649971,0.008960364386439323,28.97853660583496,0.0012651628348976374,0.05416838079690933,0.010236469097435474,0.0,19.277021408081055,0.011811310425400734,0.30520036816596985,26.603471755981445,0.002186013851314783,0.12815284729003906,37.79140853881836,0.0001662874419707805,26.02626609802246,0.0024967410136014223,0.15928493440151215,20.49464988708496,0.008923500776290894,0.24424803256988525,19.875791549682617,0.010290131904184818,0.29428598284721375,25.446691513061523,0.002853191224858165,0.1260499358177185,35.06663513183594,0.0003114129649475217,24.888877868652344,0.0032442344818264246,0.15621507167816162,20.16889762878418,0.009618564508855343,0.2508993446826935,19.557565689086914,0.011072443798184395,0.3024115562438965,31.1813907623291,0.0007618351955898106,0.029599661007523537,37.4742317199707,0.0001788862718967721,30.69805335998535,0.000851519638672471,0.036123499274253845
288296,6059,5,2794,-1,1,26.31920623779297,0.078090138733387,22.722341537475586,0.03987677022814751,32.086700439453125,23.983156204223633,0.08785367012023926,21.65325164794922,26.443099975585938,0.03620753809809685,20.20033836364746,20.317211151123047,22.357620239257812,0.12022039294242859,100.0,0.0996125265955925,0.40031883120536804,2794,2826,0.2384844869375229,0,0,0.0023338859900832176,0.0006184863741509616,25.85395622253418,0.0025977932382375,0.09002173691987991,0.005342760123312473,0.12566448748111725,22.170757293701172,0.006066302768886089,0.141324982047081,0.003996540326625109,0.009549183771014214,25.027542114257812,0.0031422872561961412,0.09602736681699753,0.006833997555077076,0.13460634648799896,21.917118072509766,0.006431141868233681,0.1462348997592926,0.002268245443701744,0.00929563120007515,29.255094528198242,0.001187109388411045,0.034655746072530746,0.00581082608550787,0.0,21.736143112182617,0.006704799365252256,0.13611452281475067,27.725095748901367,0.0016884587239474058,0.06923361122608185,38.909027099609375,0.00012855755630880594,27.147930145263672,0.001928443438373506,0.08002226799726486,23.383991241455078,0.004587763920426369,0.11748312413692474,22.770092010498047,0.005284340586513281,0.13224273920059204,26.343826293945312,0.002320690546184778,0.07626834511756897,34.99583053588867,0.000316531746648252,25.802059173583984,0.0026290221139788628,0.08779710531234741,22.793197631835938,0.005256300326436758,0.11981406807899475,22.198246002197266,0.006028032395988703,0.13525235652923584,31.265304565429688,0.0007472561555914581,0.02114052325487137,36.22687911987305,0.00023840331414248794,30.83261489868164,0.0008255411521531641,0.02441198006272316
292828,6060,2,2686,-1,0,24.3149471282959,0.13886573910713196,22.824119567871094,0.034580595791339874,29.195802688598633,22.331096649169922,0.1505584716796875,21.383502960205078,24.820770263671875,0.05030515789985657,20.16046905517578,20.320133209228516,22.672008514404297,0.09999872744083405,100.0,0.07025211304426193,0.4922356605529785,2686,2718,0.1982530653476715,0,0,0.003702587215229869,0.0012034273240715265,23.88587760925293,0.004087073728442192,0.1618209183216095,0.005219008773565292,0.11701761931180954,22.272666931152344,0.005925612524151802,0.13714109361171722,0.005846426356583834,0.009637253358960152,22.78748321533203,0.005263222381472588,0.17046508193016052,0.0072719338349998,0.12171786278486252,21.593990325927734,0.006927891634404659,0.13554546236991882,0.003295511705800891,0.009289378300309181,26.24633026123047,0.0023733784910291433,0.05043020099401474,0.005405041389167309,0.0,22.0505313873291,0.006236586254090071,0.11637411266565323,26.534452438354492,0.0022210318129509687,0.11352017521858215,33.75341796875,0.0004213646752759814,26.02424430847168,0.002497903537005186,0.1334727704524994,24.083877563476562,0.0039049223996698856,0.10240931808948517,23.46871566772461,0.004499128554016352,0.1201547384262085,24.595556259155273,0.0034709186293184757,0.11681782454252243,31.629539489746094,0.0006871413788758218,24.090253829956055,0.003899191739037633,0.13757210969924927,22.874359130859375,0.005158982705324888,0.10776285827159882,22.28580093383789,0.005907722748816013,0.12511833012104034,28.451377868652344,0.0014284406788647175,0.030958598479628563,35.30345153808594,0.00029488661675713956,27.95111656188965,0.0016028337413445115,0.03616191819310188
294055,6060,2,3977,-1,1,27.133886337280273,0.08278188109397888,23.90779685974121,0.040758758783340454,31.90532684326172,24.976211547851562,0.09571677446365356,22.79621124267578,27.653486251831055,0.039812907576560974,20.536415100097656,20.609628677368164,23.859174728393555,0.1513272523880005,100.0,0.10670214146375656,0.3819863200187683,3977,4009,0.22526000440120697,0,0,0.0019346897024661303,0.0006448631174862385,26.7098388671875,0.002133124740794301,0.09931239485740662,0.00406649662181735,0.1561112105846405,23.38315200805664,0.004588649142533541,0.18272289633750916,0.003179646097123623,0.008838089182972908,26.365543365478516,0.0023091165348887444,0.10945749282836914,0.005252655129879713,0.16377751529216766,23.28748893737793,0.004690845962613821,0.1853664368391037,0.0017165298340842128,0.008690346032381058,31.913604736328125,0.0006436351104639471,0.04116254672408104,0.004112280439585447,0.0,23.237693786621094,0.004744939040392637,0.17984740436077118,28.368228912353516,0.0014560521813109517,0.07464411854743958,39.28293991088867,0.00011795219324994832,27.793914794921875,0.00166191381867975,0.09231502562761307,24.54813003540039,0.0035090288147330284,0.14750733971595764,23.935964584350586,0.00404020631685853,0.17417219281196594,27.49826431274414,0.0017789903795346618,0.07707590609788895,35.22148895263672,0.0003005046455655247,26.975717544555664,0.002006449503824115,0.09558071941137314,24.134841918945312,0.003859366290271282,0.15017983317375183,23.544036865234375,0.004421773366630077,0.17761290073394775,34.15628433227539,0.0003840356948785484,0.02078350819647312,36.62947082519531,0.00021729666332248598,33.87546920776367,0.0004096878692507744,0.024916280061006546
294840,6060,2,4794,-1,3,28.997798919677734,0.0917283445596695,25.055374145507812,0.03568745404481888,32.19994354248047,25.91571807861328,0.10514803975820541,23.63743019104004,27.47422981262207,0.04361085221171379,20.320201873779297,20.231740951538086,25.06485939025879,0.1469746232032776,100.0,0.10275504738092422,0.34730610251426697,4794,4826,0.23783788084983826,0,0,0.0012595639564096928,0.0006025678594596684,28.662569046020508,0.001360640162602067,0.1089150682091713,0.003122213063761592,0.15828733146190643,24.572505950927734,0.003489389317110181,0.19201332330703735,0.0025611112359911203,0.009289235807955265,28.164413452148438,0.0015260151121765375,0.11907786130905151,0.004327697213739157,0.1630936861038208,24.490310668945312,0.003556058509275317,0.1913405954837799,0.001788863679394126,0.009480384178459644,32.1784782409668,0.0006055529229342937,0.04522750899195671,0.0031154020689427853,0.0,24.443378448486328,0.0035946948919445276,0.17721086740493774,31.109935760498047,0.0007744735921733081,0.08587715774774551,39.903038024902344,0.00010225774894934148,30.565593719482422,0.0008778913179412484,0.102311871945858,26.006441116333008,0.0025081641506403685,0.14513744413852692,25.39879608154297,0.0028848324436694384,0.17700500786304474,29.68125343322754,0.0010761548765003681,0.09092439711093903,35.42631530761719,0.0002866610302589834,29.216825485229492,0.0011976154055446386,0.10887046903371811,25.475370407104492,0.0028344120364636183,0.14389480650424957,24.89826011657715,0.0032372341956943274,0.1732935756444931,34.25553512573242,0.00037535876617766917,0.0239548422396183,36.704978942871094,0.0002135513786925003,33.97666549682617,0.0004002522327937186,0.029295478016138077
297216,6061,3,2285,-1,2,22.280292510986328,0.14478781819343567,19.694400787353516,0.05575965717434883,28.795129776000977,21.253944396972656,0.15532200038433075,19.04507064819336,25.677452087402344,0.04300534725189209,20.295082092285156,20.440879821777344,19.34449005126953,0.2774866819381714,100.0,0.15215985476970673,0.36645445227622986,2285,2317,0.2484007328748703,0,0,0.005915218032896519,0.0013197363587096334,21.789968490600586,0.006622215732932091,0.1659848541021347,0.010729013942182064,0.2804011106491089,19.088958740234375,0.012334001250565052,0.3228102922439575,0.007492137141525745,0.009343119338154793,21.422231674194336,0.007207370828837156,0.1717531979084015,0.012459279038012028,0.28647381067276,18.871538162231445,0.01296719815582037,0.3225884735584259,0.002705545397475362,0.00903466995805502,27.614938735961914,0.0017318341415375471,0.04142360761761665,0.011629232205450535,0.0,18.723011016845703,0.013418343849480152,0.3178938627243042,23.271350860595703,0.004708307795226574,0.12999773025512695,33.257720947265625,0.0004723106394521892,22.708351135253906,0.005359999369829893,0.14983251690864563,20.053653717041016,0.009877217933535576,0.26861685514450073,19.433876037597656,0.011392326094210148,0.30745816230773926,22.51073455810547,0.005609534680843353,0.13411147892475128,31.743078231811523,0.0006694102194160223,21.958908081054688,0.006369554437696934,0.15416142344474792,19.647232055664062,0.010846184566617012,0.2724427878856659,19.036745071411133,0.012483188882470131,0.3123386800289154,29.795148849487305,0.001048299134708941,0.024480029940605164,36.65146255493164,0.00021619907056447119,29.29476547241211,0.0011763145448639989,0.027694854885339737
297411,6061,3,2480,-1,1,26.801929473876953,0.1044197678565979,21.52849006652832,0.030617916956543922,27.998188018798828,24.5577335357666,0.11323700845241547,20.768657684326172,26.676742553710938,0.046344876289367676,20.259721755981445,20.681665420532227,21.2626953125,0.2971605360507965,100.0,0.1282280534505844,0.2387770563364029,2480,2512,0.22680294513702393,0,0,0.0020883684046566486,0.0015855549136176705,26.643966674804688,0.0021657245233654976,0.11906307935714722,0.007033166941255331,0.3057155907154083,20.958332061767578,0.008019859902560711,0.3547710180282593,0.003501279279589653,0.009419499896466732,25.86568832397461,0.0025907838717103004,0.1256779283285141,0.00837788637727499,0.30824023485183716,20.788362503051758,0.008339956402778625,0.3517042100429535,0.002149441512301564,0.00854739174246788,29.336214065551758,0.0011651415843516588,0.04770094156265259,0.00747705390676856,0.0,20.641216278076172,0.008627369999885559,0.3438437283039093,29.318559646606445,0.001169887138530612,0.0871950089931488,31.348209381103516,0.0007331268861889839,29.076019287109375,0.0012370811309665442,0.10067111998796463,22.046890258789062,0.006241816561669111,0.28845977783203125,21.42931365966797,0.007195628248155117,0.3342474102973938,27.44794464111328,0.001799723133444786,0.0894976481795311,30.221261978149414,0.0009503286564722657,27.143531799316406,0.0019303992157801986,0.1035861223936081,21.616744995117188,0.0068916864693164825,0.2917255759239197,21.014671325683594,0.007916494272649288,0.3376833498477936,31.405000686645508,0.0007236024830490351,0.026605278253555298,36.35337448120117,0.00023155943199526519,30.972896575927734,0.0007993013714440167,0.03138304501771927
298826,6061,3,3991,-1,3,19.223676681518555,0.18891677260398865,17.74062728881836,0.09601642936468124,29.211769104003906,18.752649307250977,0.20045968890190125,17.389991760253906,26.399730682373047,0.0392460860311985,20.549497604370117,20.762556076049805,17.585590362548828,0.2954767942428589,100.0,0.15330971777439117,0.6262905597686768,3991,4023,0.240249365568161,0,0,0.011957279406487942,0.0011990109924227,18.660655975341797,0.013612397015094757,0.22121386229991913,0.016824308782815933,0.301756352186203,17.127466201782227,0.019375523552298546,0.35432714223861694,0.013327081687748432,0.008811508305370808,18.531967163085938,0.01402178592979908,0.23013469576835632,0.018238991498947144,0.3103085160255432,17.044919967651367,0.019747314974665642,0.356314092874527,0.002291009994223714,0.008389662019908428,28.68780517578125,0.0013527559349313378,0.03818553686141968,0.017435764893889427,0.0,16.964111328125,0.020118188112974167,0.345455527305603,19.700538635253906,0.010713865980505943,0.17663173377513885,32.705421447753906,0.0005363618256524205,19.10814666748047,0.012279635295271873,0.20918473601341248,17.972963333129883,0.01594790816307068,0.2944485545158386,17.352479934692383,0.018397219479084015,0.3458172678947449,19.413314819335938,0.011446389369666576,0.1784958690404892,31.310054779052734,0.0007395961438305676,18.82941246032715,0.013093588873744011,0.21134606003761292,17.766490936279297,0.01672441139817238,0.2964503765106201,17.15182113647461,0.019267171621322632,0.3472111225128174,31.025997161865234,0.0007895877934060991,0.0188878383487463,36.92029571533203,0.00020322189084254205,30.556171417236328,0.0008797980262897909,0.022397305816411972
299630,6061,3,4827,-1,0,27.129423141479492,0.0982806533575058,25.120738983154297,0.027024490758776665,31.236366271972656,24.843116760253906,0.11572263389825821,23.618812561035156,27.02457046508789,0.041748981922864914,20.383880615234375,20.47799301147461,24.855125427246094,0.16326017677783966,100.0,0.09295018762350082,0.2907416522502899,4827,4859,0.1955433040857315,0,0,0.0019366794731467962,0.0007522521773353219,26.738895416259766,0.0021188990212976933,0.12002205103635788,0.0030755726620554924,0.17246970534324646,24.57708168029785,0.003485715249553323,0.20778901875019073,0.0032785998191684484,0.00915402453392744,26.243934631347656,0.0023746886290609837,0.13554394245147705,0.004346292465925217,0.1828198879957199,24.392189025878906,0.0036373173352330923,0.21482309699058533,0.0019840057939291,0.008957785554230213,30.404260635375977,0.0009111166000366211,0.044811759144067764,0.0032695457339286804,0.0,24.233646392822266,0.003772553289309144,0.19549454748630524,29.473548889160156,0.0011288735549896955,0.08564721792936325,35.230010986328125,0.0002999153221026063,29.00870132446289,0.0012564057251438498,0.10514447093009949,26.162622451782227,0.0024195685982704163,0.15862727165222168,25.550682067871094,0.002785683376714587,0.19167257845401764,27.95330238342285,0.0016020266339182854,0.08880504965782166,32.63581085205078,0.0005450282478705049,27.533435821533203,0.0017646420747041702,0.10922820121049881,25.412124633789062,0.0028759913984686136,0.16398464143276215,24.8460750579834,0.003276367671787739,0.19819292426109314,32.38277816772461,0.0005777267506346107,0.023688986897468567,35.76365661621094,0.00026523711858317256,32.03562927246094,0.000625802087597549,0.03049011342227459
300211,6062,4,537,-1,1,27.206783294677734,0.10016437619924545,23.282175064086914,0.055174488574266434,30.573522567749023,25.13200569152832,0.11130969971418381,22.292953491210938,27.867141723632812,0.04060855135321617,20.506149291992188,20.514738082885742,23.250553131103516,0.24203625321388245,100.0,0.1513885110616684,0.3644562363624573,537,569,0.29129278659820557,0,0,0.0019024870125576854,0.000876289966981858,26.86056137084961,0.002060363534837961,0.12340686470270157,0.0046965884976089,0.24051107466220856,22.7147216796875,0.005352144129574299,0.29443466663360596,0.003067605895921588,0.008899901062250137,26.634742736816406,0.0021703296806663275,0.12961222231388092,0.00589799927547574,0.25369957089424133,22.658432006835938,0.005421967711299658,0.3030543923377991,0.001634127926081419,0.008882315829396248,32.848140716552734,0.0005190222291275859,0.04171421751379967,0.004730909131467342,0.0,22.629074096679688,0.005458741448819637,0.2973906993865967,28.300640106201172,0.0014788901899009943,0.08944513648748398,33.757240295410156,0.00042099409620277584,27.847211837768555,0.0016416433500126004,0.11110872030258179,23.725929260253906,0.004240402951836586,0.23549774289131165,23.109580993652344,0.004886995535343885,0.28936341404914856,27.55858612060547,0.0017544509610161185,0.09837318956851959,32.35771942138672,0.0005810697912238538,27.133256912231445,0.0019349709618836641,0.12273379415273666,23.482877731323242,0.004484482575207949,0.24156230688095093,22.889503479003906,0.005141023546457291,0.29657232761383057,35.00817108154297,0.0003156332822982222,0.023257508873939514,36.66291046142578,0.00021562984329648316,34.80147933959961,0.0003310184692963958,0.028647802770137787
300422,6062,4,748,-1,0,23.673301696777344,0.1283940076828003,20.96360206604004,0.07728554308414459,28.58584976196289,22.534427642822266,0.13253480195999146,20.27219581604004,27.001296997070312,0.041601743549108505,20.188196182250977,20.130414962768555,20.83195686340332,0.2812091112136841,100.0,0.20361390709877014,0.37956908345222473,748,780,0.2836306095123291,0,0,0.0042921025305986404,0.0013848897069692612,23.2427978515625,0.004739366006106138,0.15166699886322021,0.008010135032236576,0.28613531589508057,20.390323638916016,0.00914045050740242,0.3416047990322113,0.005579011980444193,0.009575917385518551,23.04159164428711,0.004964102990925312,0.15345080196857452,0.009392485953867435,0.2956237196922302,20.289962768554688,0.00935413595288992,0.34326767921447754,0.0019946659449487925,0.009704177267849445,30.9227294921875,0.0008085876470431685,0.04103313758969307,0.008256659843027592,0.0,20.21047592163086,0.009526915848255157,0.33645063638687134,24.353960037231445,0.0036694754380732775,0.11768220365047455,31.47930145263672,0.0007113281753845513,23.846208572387695,0.004124574828892946,0.14194738864898682,21.302555084228516,0.007408740930259228,0.27802354097366333,20.68555450439453,0.00853973999619484,0.3331843912601471,23.83460235595703,0.00413561100140214,0.12260788679122925,30.218008041381836,0.0009510409436188638,23.348371505737305,0.0046255444176495075,0.1479625701904297,21.016437530517578,0.007913271896541119,0.28310921788215637,20.414941787719727,0.009088782593607903,0.3384930193424225,32.50017547607422,0.0005623186007142067,0.02397642470896244,35.625877380371094,0.00027378680533729494,32.170204162597656,0.0006067081121727824,0.029090508818626404
305838,6063,5,1052,-1,1,22.056123733520508,0.08409974724054337,22.121898651123047,0.04336611181497574,32.35002899169922,20.756736755371094,0.09127438813447952,20.841264724731445,24.355337142944336,0.04286450147628784,20.43152618408203,20.4117431640625,21.758134841918945,0.05712306499481201,100.0,0.047976478934288025,0.903903603553772,1052,1084,0.22019796073436737,0,0,0.006228562444448471,0.0005820996011607349,21.48910140991211,0.007097249384969473,0.09433494508266449,0.006134938448667526,0.06369312852621078,21.538450241088867,0.007017056457698345,0.0705898180603981,0.008400912396609783,0.009054144844412804,20.809003829956055,0.008300414308905602,0.09557044506072998,0.008238984271883965,0.08056480437517166,20.911962509155273,0.008105946704745293,0.08401329070329666,0.003668311983346939,0.009095476940274239,25.476978302001953,0.0028333633672446012,0.04204042628407478,0.006670932285487652,0.0,21.136655807495117,0.007697229739278555,0.06362464278936386,23.24958038330078,0.004731970839202404,0.08438362181186676,39.401405334472656,0.00011477826774353161,22.642169952392578,0.00544230779632926,0.09533312171697617,23.2095890045166,0.004775745794177055,0.05567485839128494,22.59360122680664,0.005503511521965265,0.06169198453426361,22.165613174438477,0.0060734981670975685,0.08539433777332306,35.66830825805664,0.00027112464886158705,21.57006072998047,0.006966171786189079,0.09627630561590195,22.17989730834961,0.006053552031517029,0.05940922349691391,21.578174591064453,0.006953168660402298,0.06648160517215729,28.334300994873047,0.001467472524382174,0.01908154971897602,36.848731994628906,0.00020659837173298,27.795120239257812,0.0016614532796666026,0.021832231432199478
306517,6063,5,1763,-1,1,22.048885345458984,0.17306548357009888,16.317914962768555,0.07293470948934555,30.150802612304688,21.016054153442383,0.199654221534729,16.005189895629883,25.50436782836914,0.06485511362552643,20.514631271362305,20.63571548461914,16.144081115722656,0.3756793737411499,100.0,0.21610704064369202,0.3374934494495392,1763,1795,0.26931166648864746,0,0,0.006238948553800583,0.0009658723138272762,21.51799201965332,0.007050190586596727,0.20374833047389984,0.023345785215497017,0.3897930979728699,15.715914726257324,0.026816897094249725,0.44066867232322693,0.007913975045084953,0.008882536552846432,21.09860610961914,0.007764965761452913,0.22754335403442383,0.025088872760534286,0.3941000998020172,15.592697143554688,0.02758864127099514,0.43819621205329895,0.002815550658851862,0.00863830465823412,27.167570114135742,0.0019197424408048391,0.06763245165348053,0.024299200624227524,0.0,15.522600173950195,0.0280375424772501,0.4242253303527832,22.90237045288086,0.005125818774104118,0.15164518356323242,36.85652542114258,0.00020622792362701148,22.304248809814453,0.005882679019123316,0.17997536063194275,16.47127342224121,0.022535784170031548,0.3714406490325928,15.851449966430664,0.025992916896939278,0.4200989603996277,22.152694702148438,0.006091585382819176,0.16450949013233185,34.522216796875,0.00035300286253914237,21.564905166625977,0.006974444258958101,0.19396890699863434,16.284929275512695,0.023523781448602676,0.3783881664276123,15.668006896972656,0.02711436338722706,0.4271930754184723,29.593345642089844,0.0010981594678014517,0.04024490714073181,37.06719207763672,0.0001964631665032357,29.076719284057617,0.0012368818279355764,0.047159343957901
307483,6063,5,2793,-1,3,23.077905654907227,0.07947444915771484,22.066450119018555,0.040263187140226364,31.976415634155273,21.786876678466797,0.08659880608320236,21.06954574584961,25.268386840820312,0.04014924168586731,20.423004150390625,20.450572967529297,21.960630416870117,0.07215133309364319,100.0,0.09031783044338226,0.4457944333553314,2793,2825,0.3011491000652313,0,0,0.004922771360725164,0.0006343931891024113,22.531696319580078,0.005582523066550493,0.09120497107505798,0.006213767919689417,0.08018157631158829,21.497936248779297,0.007082823198288679,0.0921858549118042,0.006626931484788656,0.009071930311620235,22.040660858154297,0.006250777747482061,0.09333964437246323,0.007817098870873451,0.09758291393518448,21.174072265625,0.007631200831383467,0.10675837099552155,0.002972769783809781,0.009014519862830639,26.896743774414062,0.0020432695746421814,0.038584038615226746,0.006367031950503588,0.0,21.339149475097656,0.0073465751484036446,0.08477266877889633,24.514619827270508,0.00353620876558125,0.07398469746112823,39.2125244140625,0.00011988016922259703,23.912818908691406,0.004061797633767128,0.08577524125576019,23.044933319091797,0.004960285034030676,0.07081085443496704,22.42840003967285,0.005716890562325716,0.08265943080186844,23.567317962646484,0.004398130811750889,0.07382631301879883,35.58451843261719,0.00027640649932436645,22.982385635375977,0.005032241810113192,0.08555597066879272,22.385061264038086,0.00577422883361578,0.07699494063854218,21.783140182495117,0.006632634904235601,0.09027563035488129,29.89252471923828,0.0010250560007989407,0.018092744052410126,37.23890686035156,0.00018884686869569123,29.379058837890625,0.0011537035461515188,0.021099016070365906
309990,6064,2,454,-1,2,24.85488510131836,0.11531295627355576,20.01645851135254,0.05495128780603409,32.26123046875,23.093177795410156,0.1276841163635254,19.415699005126953,26.147994995117188,0.03912714123725891,20.34836196899414,20.43341064453125,19.93140411376953,0.14141890406608582,100.0,0.14326663315296173,0.38355955481529236,454,486,0.25571760535240173,0,0,0.003269727109000087,0.0005941236158832908,24.339920043945312,0.00368135841563344,0.13481585681438446,0.009962175041437149,0.14864778518676758,19.432462692260742,0.011396034620702267,0.17089730501174927,0.00490548787638545,0.009229193441569805,23.72603416442871,0.00424030190333724,0.14196744561195374,0.011440112255513668,0.15598225593566895,19.277193069458008,0.011810843832790852,0.17479762434959412,0.00242773094214499,0.009050212800502777,28.51123809814453,0.0014088875614106655,0.03794235736131668,0.010159207507967949,0.0,19.30992317199707,0.011722162365913391,0.16445426642894745,26.13492202758789,0.002435049507766962,0.09911303222179413,39.719539642333984,0.00010667093010852113,25.538883209228516,0.0027932620141655207,0.11757654696702957,20.41012954711914,0.009098860435187817,0.1384245604276657,19.792924880981445,0.01048835925757885,0.16140799224376678,25.133316040039062,0.003066679695621133,0.10012079775333405,33.039058685302734,0.0004967002896592021,24.606651306152344,0.0034620610531419516,0.11884160339832306,20.111034393310547,0.009747573174536228,0.14225609600543976,19.51586151123047,0.01117927860468626,0.16524414718151093,31.198902130126953,0.0007587693980894983,0.020925264805555344,33.62034606933594,0.0004344756016507745,30.92233657836914,0.0008086607558652759,0.025157518684864044
314128,6064,2,4816,-1,3,19.2665958404541,0.24724295735359192,18.42350196838379,0.1392352432012558,30.5948429107666,18.73981285095215,0.25969961285591125,18.013622283935547,27.107641220092773,0.03695868328213692,20.421030044555664,20.4906005859375,18.340925216674805,0.3203016519546509,100.0,0.22031466662883759,0.6319835186004639,4816,4848,0.2751990556716919,0,0,0.01183969434350729,0.0008719986653886735,18.68797492980957,0.013527031987905502,0.28256556391716003,0.014376392588019371,0.3153308928012848,17.83228302001953,0.016472965478897095,0.361368328332901,0.01336652971804142,0.009076050482690334,18.530475616455078,0.01402660459280014,0.2909928560256958,0.01579929143190384,0.3273250460624695,17.72702980041504,0.0168770644813776,0.3702627718448639,0.0019464172655716538,0.008931816555559635,30.596126556396484,0.0008717405726201832,0.035220690071582794,0.014652356505393982,0.0,17.719446182250977,0.01690656505525112,0.36829185485839844,19.39389419555664,0.01149769313633442,0.2416352927684784,38.843868255615234,0.00013050087727606297,18.778993606567383,0.013246490620076656,0.2778976261615753,18.533689498901367,0.014016225934028625,0.3147244155406952,17.914653778076172,0.016163470223546028,0.36249208450317383,19.25876235961914,0.011861072853207588,0.24676324427127838,35.841182708740234,0.0002605445624794811,18.650020599365234,0.013645769096910954,0.2830878794193268,18.416479110717773,0.014399654231965542,0.3201620578765869,17.802541732788086,0.016586164012551308,0.36907684803009033,33.482479095458984,0.00044848950346931815,0.019722826778888702,37.216609954833984,0.0001898187620099634,33.11326599121094,0.0004882850334979594,0.02340679056942463
317600,6065,3,3474,-1,3,25.19556999206543,0.0998319461941719,21.036169052124023,0.03814651444554329,29.884414672851562,23.352983474731445,0.11771838366985321,20.26947784423828,26.038005828857422,0.05308966338634491,20.45711326599121,20.62875747680664,20.63848876953125,0.2754397988319397,100.0,0.13225948810577393,0.28842175006866455,3474,3506,0.257539838552475,0,0,0.0030230344273149967,0.0010269717313349247,24.775400161743164,0.003330121049657464,0.11717993021011353,0.007877400144934654,0.27320635318756104,20.467632293701172,0.008979182690382004,0.31614354252815247,0.004620635416358709,0.009000957943499088,24.037616729736328,0.003946739714592695,0.13129322230815887,0.009398363530635834,0.2848576605319977,20.224613189697266,0.009495954029262066,0.32362380623817444,0.00249000103212893,0.008652158081531525,28.119220733642578,0.0015419770497828722,0.05579989776015282,0.008632788434624672,0.0,20.017011642456055,0.009960910305380821,0.3182864487171173,27.164400100708008,0.0019211441976949573,0.08179406076669693,33.97830581665039,0.0004001007182523608,26.66522216796875,0.0021551509853452444,0.09667157381772995,21.61545181274414,0.0068937381729483604,0.26133495569229126,20.999860763549805,0.007943535223603249,0.3030555248260498,25.50605583190918,0.002814455423504114,0.09498545527458191,31.497669219970703,0.0007083258824422956,25.032814025878906,0.00313847535289824,0.11127227544784546,21.069067001342773,0.007817959412932396,0.2695092558860779,20.47228240966797,0.008969573304057121,0.3118155002593994,30.20248794555664,0.0009544457425363362,0.028303783386945724,34.850677490234375,0.00032728962833061814,29.784257888793945,0.001050931285135448,0.03338200971484184
318557,6065,3,4463,-1,3,24.253185272216797,0.11389028280973434,17.326051712036133,0.05843937397003174,32.66899490356445,22.53897476196289,0.12422352284193039,16.95072364807129,25.907201766967773,0.053752392530441284,20.58183479309082,20.68706512451172,17.150758743286133,0.2882920503616333,100.0,0.1917073279619217,0.3048364222049713,4463,4495,0.23794808983802795,0,0,0.003755618119612336,0.0005408796714618802,23.715913772583008,0.004250193480402231,0.13287542760372162,0.018509505316615105,0.28977301716804504,16.719350814819336,0.021284572780132294,0.3358592391014099,0.0055731721222400665,0.008746144361793995,22.937070846557617,0.005085022654384375,0.13940563797950745,0.02018030546605587,0.2995469570159912,16.583810806274414,0.021959325298666954,0.34208929538726807,0.002566136885434389,0.008536772802472115,27.83154296875,0.0016475777374580503,0.055172521620988846,0.019271884113550186,0.0,16.529279708862305,0.022236790508031845,0.33463194966316223,25.36475944519043,0.0029075287748128176,0.09233176708221436,38.91291809082031,0.0001284423633478582,24.768936157226562,0.003335080575197935,0.10789895802736282,17.54241371154785,0.0176099706441164,0.27974486351013184,16.922697067260742,0.020310956984758377,0.3255982995033264,24.277849197387695,0.0037343513686209917,0.10102760791778564,33.89736557006836,0.0004076276673004031,23.720043182373047,0.004246154800057411,0.11813018471002579,17.334392547607422,0.018473993986845016,0.2859433591365814,16.722688674926758,0.021268218755722046,0.33247706294059753,30.386926651000977,0.0009147604578174651,0.024664314463734627,35.10020446777344,0.0003090150130447,29.965600967407227,0.0010079521453008056,0.028719652444124222
319150,6066,4,178,-1,2,22.323875427246094,0.08925379067659378,20.970645904541016,0.08650069683790207,31.71236228942871,21.324718475341797,0.09743800759315491,20.261476516723633,26.525474548339844,0.03434876352548599,20.15607452392578,20.209943771362305,20.885955810546875,0.16502061486244202,100.0,0.15902581810951233,0.5439411997795105,178,210,0.31108805537223816,0,0,0.005856154952198267,0.000674161477945745,21.769573211669922,0.006653384771198034,0.10795256495475769,0.007997154258191586,0.1694081723690033,20.384536743164062,0.009152641519904137,0.20145340263843536,0.007371031679213047,0.009647009894251823,21.53608512878418,0.007020881399512291,0.11083053052425385,0.009415696375072002,0.17213162779808044,20.28580665588379,0.009363092482089996,0.1990794539451599,0.0022256290540099144,0.0095280846580863,29.577499389648438,0.0011021741665899754,0.03348737955093384,0.008154629729688168,0.0,20.264476776123047,0.009409187361598015,0.19691945612430573,23.15509605407715,0.00483604846522212,0.07955457270145416,38.78131866455078,0.0001323939795838669,22.549495697021484,0.005559687968343496,0.09868530184030533,21.564912796020508,0.006974431686103344,0.16032050549983978,20.946809768676758,0.008041166700422764,0.19252049922943115,22.571796417236328,0.005531212780624628,0.08303140103816986,35.62870788574219,0.00027360828244127333,21.97905731201172,0.006340074818581343,0.1024274080991745,21.164358139038086,0.007648286875337362,0.16037774085998535,20.556354522705078,0.008797606453299522,0.19156406819820404,31.764362335205078,0.0006661376683041453,0.020616551861166954,37.540653228759766,0.00017617124831303954,31.298789978027344,0.0007415171130560338,0.02466556616127491
319176,6066,4,204,-1,0,24.916208267211914,0.15452894568443298,22.112773895263672,0.08954861015081406,30.308778762817383,23.30956268310547,0.1726883500814438,21.258651733398438,27.11907386779785,0.03458384796977043,20.092727661132812,20.15880584716797,22.039697647094727,0.22165460884571075,100.0,0.18819411098957062,0.4758310914039612,204,236,0.27846941351890564,0,0,0.00322388275526464,0.0009313696064054966,24.46532440185547,0.0035765774082392454,0.1826782077550888,0.006147841457277536,0.22097918391227722,21.566247940063477,0.0069722868502140045,0.2589982748031616,0.0046670627780258656,0.009788748808205128,24.11267852783203,0.0038791107945144176,0.19888432323932648,0.007484021596610546,0.23180468380451202,21.463302612304688,0.007139531429857016,0.2655351161956787,0.0019413010450080037,0.009640942327678204,31.210527420043945,0.0007567412103526294,0.033401839435100555,0.0062521640211343765,0.0,21.4182186126709,0.007214035373181105,0.26095402240753174,25.74710464477539,0.002662499900907278,0.14989466965198517,35.70786666870117,0.0002686664229258895,25.18445587158203,0.0030307818669825792,0.17824485898017883,22.555923461914062,0.005551465321332216,0.2167944610118866,21.943025588989258,0.006392891984432936,0.25498825311660767,25.10394287109375,0.003087490564212203,0.16259868443012238,34.11669158935547,0.00038755295099690557,24.555767059326172,0.0035028650891035795,0.1923847496509552,22.238784790039062,0.005972027312964201,0.22304345667362213,21.635303497314453,0.006862303242087364,0.2622604966163635,33.161903381347656,0.0004828472447115928,0.01950766146183014,37.44358825683594,0.00018015284149441868,32.76203536987305,0.000529415556229651,0.022935112938284874
319573,6066,4,601,-1,1,16.963459014892578,0.4637206494808197,15.612808227539062,0.3907563388347626,27.85053062438965,16.651803970336914,0.46644365787506104,15.366693496704102,28.415555953979492,0.011713257059454918,19.878170013427734,19.96508026123047,15.526379585266113,0.41905921697616577,100.0,0.45701533555984497,0.8550180196762085,601,633,0.2952343225479126,0,0,0.020121214911341667,0.0016403899062424898,16.38944435119629,0.022964419797062874,0.5320425629615784,0.027461180463433266,0.41517162322998047,15.006629943847656,0.031574539840221405,0.46860647201538086,0.021618209779262543,0.010284492745995522,16.314926147460938,0.02336186170578003,0.5334457755088806,0.029062345623970032,0.420465350151062,14.949640274047852,0.03199160844087601,0.47144976258277893,0.001440271851606667,0.010080731473863125,39.547935485839844,0.00011097024980699643,0.0044764927588403225,0.028013160452246666,0.0,14.904900550842285,0.032322876155376434,0.4735473692417145,16.905946731567383,0.02038944885134697,0.4681536555290222,30.91932487487793,0.0008092217030934989,16.307510375976562,0.023401789367198944,0.5398991703987122,15.528116226196289,0.02800196036696434,0.4182203710079193,14.908273696899414,0.03229778632521629,0.4731827676296234,16.894012451171875,0.020445553585886955,0.46822404861450195,30.0487060546875,0.0009888478089123964,16.300630569458008,0.023438889533281326,0.5388451814651489,15.521077156066895,0.028047384694218636,0.4186776876449585,14.905997276306152,0.032314714044332504,0.47390031814575195,39.90850830078125,0.00010212913184659556,0.0023450013250112534,35.12688446044922,0.0003071226237807423,41.51246643066406,7.059168274281546e-05,0.0023794572334736586
320448,6066,4,1476,-1,0,24.9575252532959,0.15798690915107727,19.28937530517578,0.06765619665384293,28.908477783203125,23.26584243774414,0.15760204195976257,18.762165069580078,26.337297439575195,0.04857541248202324,19.822620391845703,19.812685012817383,19.215848922729492,0.2514919936656952,100.0,0.19004298746585846,0.3560046851634979,1476,1508,0.3125426173210144,0,0,0.003193356329575181,0.0012857376132160425,24.575687408447266,0.0034868360962718725,0.17998209595680237,0.011777758598327637,0.25310322642326355,18.716064453125,0.013439822010695934,0.2904481589794159,0.004714284557849169,0.010416883043944836,24.160127639770508,0.003836961928755045,0.17443513870239258,0.013297914527356625,0.25620490312576294,18.617815017700195,0.013747340068221092,0.28908437490463257,0.0023241830058395863,0.010440746322274208,29.68397331237793,0.001075480948202312,0.04832563176751137,0.01197885349392891,0.0,18.594369888305664,0.013821752741932869,0.2888164818286896,26.093759536743164,0.002458239672705531,0.14776457846164703,33.984561920166016,0.00039952469523996115,25.567426681518555,0.0027749650180339813,0.1692514717578888,19.62890625,0.010892048478126526,0.24828392267227173,19.01409339904785,0.012548468075692654,0.2854130268096924,25.232967376708984,0.0029971133917570114,0.15051305294036865,31.848953247070312,0.0006532880361191928,24.739578247070312,0.0033577021677047014,0.1710580736398697,19.392955780029297,0.011500174179673195,0.24934080243110657,18.786409378051758,0.01322388555854559,0.2866581678390503,31.30742073059082,0.0007400447502732277,0.031903237104415894,34.872127532958984,0.0003256770723965019,30.94855499267578,0.0008037935476750135,0.03642910346388817
326492,6067,5,2337,-1,2,22.41267204284668,0.09521863609552383,17.37139892578125,0.062004413455724716,29.61351203918457,21.411401748657227,0.10477028042078018,17.009702682495117,25.637189865112305,0.03407113626599312,20.182435989379883,20.37593650817871,17.18001365661621,0.3063855767250061,100.0,0.21527281403541565,0.2880271375179291,2337,2369,0.26302117109298706,0,0,0.005737634375691414,0.0010930722346529365,21.90293312072754,0.006452182773500681,0.10634312778711319,0.018317248672246933,0.3119773268699646,16.771156311035156,0.0210321843624115,0.3521358370780945,0.0072253686375916,0.009588631801307201,21.63562774658203,0.006861789617687464,0.11258001625537872,0.01990809291601181,0.3151968717575073,16.662137985229492,0.02156682498753071,0.3517143130302429,0.002730744192376733,0.009170787408947945,27.594587326049805,0.0017399681964889169,0.032331034541130066,0.019142502918839455,0.0,16.558534622192383,0.022087503224611282,0.34560009837150574,23.725780487060547,0.004240547772496939,0.08894939720630646,32.67226791381836,0.0005404719267971814,23.178739547729492,0.004809790290892124,0.09915255755186081,17.69344139099121,0.017008110880851746,0.30256885290145874,17.074647903442383,0.01961260475218296,0.34151285886764526,22.89630699157715,0.005132976919412613,0.09229545295238495,31.140655517578125,0.0007690141210332513,22.362459182739258,0.005804355721920729,0.10189099609851837,17.418926239013672,0.018117880448698997,0.3080142140388489,16.805944442749023,0.02086438424885273,0.3476100564002991,30.066068649291992,0.0009849026100710034,0.016993775963783264,36.12368392944336,0.0002441360120428726,29.590551376342773,0.0010988666908815503,0.019404929131269455
327888,6067,5,3765,-1,2,24.433448791503906,0.10531541705131531,17.384105682373047,0.0580868124961853,31.49163055419922,22.707416534423828,0.12514089047908783,16.981639862060547,26.114036560058594,0.051365286111831665,20.361858367919922,20.338010787963867,17.15380096435547,0.2385726422071457,100.0,0.17768684029579163,0.3269055485725403,3765,3797,0.27714118361473083,0,0,0.0036029259208589792,0.0007093118038028479,23.927490234375,0.004048097413033247,0.11942964047193527,0.01826373301446438,0.24267926812171936,16.78042984008789,0.02098732255399227,0.27391672134399414,0.005361154675483704,0.009200561791658401,23.21438217163086,0.004770475905388594,0.13680033385753632,0.020037155598402023,0.2473122477531433,16.632665634155273,0.021713683381676674,0.27478501200675964,0.0024467878974974155,0.009251217357814312,28.53886604309082,0.0013999526854604483,0.05226067453622818,0.019258392974734306,0.0,16.53232192993164,0.022221224382519722,0.27096474170684814,25.286556243896484,0.002960360376164317,0.09755773842334747,38.30123519897461,0.00014786885003559291,24.6940975189209,0.00339305168017745,0.11039076745510101,17.533756256103516,0.01764511503279209,0.22696346044540405,16.914203643798828,0.020350707694888115,0.2585063576698303,24.281410217285156,0.0037312889471650124,0.10424964129924774,35.028831481933594,0.00031413559918291867,23.70895767211914,0.0042570047080516815,0.11863131821155548,17.317813873291016,0.018544645980000496,0.23259513080120087,16.703487396240234,0.021362461149692535,0.2643126845359802,30.738109588623047,0.0008437020005658269,0.025028027594089508,36.519718170166016,0.00022285807062871754,30.272342681884766,0.0009392164647579193,0.028517158702015877
329492,6068,2,501,-1,1,23.96787452697754,0.17505386471748352,21.936214447021484,0.059162069112062454,27.370336532592773,22.660816192626953,0.19159603118896484,21.078704833984375,26.259403228759766,0.05099570006132126,19.826963424682617,20.159122467041016,21.690067291259766,0.2346242517232895,100.0,0.11190181970596313,0.5286962389945984,501,533,0.236613467335701,0,0,0.004010630305856466,0.0018321728566661477,23.619325637817383,0.004345777444541454,0.20276817679405212,0.006402929779142141,0.23613601922988892,21.373531341552734,0.007288649212568998,0.27700352668762207,0.005418993066996336,0.010406477376818657,23.323896408081055,0.004651688039302826,0.21438521146774292,0.007800624705851078,0.24810363352298737,21.245059967041016,0.007507477421313524,0.28513744473457336,0.0023662447929382324,0.009640240110456944,29.040748596191406,0.001247168518602848,0.05348927527666092,0.0067763072438538074,0.0,21.06859016418457,0.007818816229701042,0.27368593215942383,25.523117065429688,0.0028034220449626446,0.16654056310653687,31.124231338500977,0.0007719280547462404,25.064083099365234,0.0031159596983343363,0.19167236983776093,22.608840942382812,0.005484233610332012,0.22585387527942657,21.994951248168945,0.006316911894828081,0.26407143473625183,24.590545654296875,0.003474927507340908,0.16729044914245605,29.745403289794922,0.0010603757109493017,24.149457931518555,0.003846397390589118,0.19138406217098236,22.09600830078125,0.006171618588268757,0.23061375319957733,21.50143051147461,0.007077127229422331,0.26894232630729675,30.993623733520508,0.0007954951142892241,0.030446209013462067,35.473297119140625,0.0002835765772033483,30.583633422851562,0.000874251767527312,0.035589706152677536
331113,6068,2,2154,-1,1,25.678974151611328,0.12071804702281952,21.187721252441406,0.056856222450733185,30.9683780670166,23.850231170654297,0.13707752525806427,20.506507873535156,26.661781311035156,0.045687235891819,20.411941528320312,20.5277156829834,21.022441864013672,0.1542981117963791,100.0,0.13412299752235413,0.42391106486320496,2154,2186,0.2618600130081177,0,0,0.0027045973110944033,0.0008001335663720965,25.232276916503906,0.0029975916258990765,0.1427723914384842,0.007607258856296539,0.15708541870117188,20.61968231201172,0.00867025088518858,0.18343967199325562,0.004120755475014448,0.009095067158341408,24.74245834350586,0.0033554770052433014,0.15537399053573608,0.008899165317416191,0.16600261628627777,20.510351181030273,0.008891292847692966,0.19096317887306213,0.00215685972943902,0.008855811320245266,29.483646392822266,0.0011262517655268312,0.046466462314128876,0.007902346551418304,0.0,20.40096092224121,0.0091180931776762,0.18185347318649292,27.47690200805664,0.0017877629725262523,0.1101236566901207,38.501094818115234,0.0001412181300111115,26.901405334472656,0.00204107747413218,0.1306326687335968,21.68161392211914,0.006789515260607004,0.14767885208129883,21.065061569213867,0.007825173437595367,0.17414218187332153,26.32938575744629,0.0023284207563847303,0.11736895143985748,35.488365173339844,0.0002825942647177726,25.77876091003418,0.0026431630831211805,0.13998371362686157,21.32692527770996,0.007367285899817944,0.15206573903560638,20.72016716003418,0.008471949957311153,0.18076778948307037,31.946603775024414,0.0006387627217918634,0.02649199217557907,37.198699951171875,0.00019060309568885714,31.501445770263672,0.0007077103946357965,0.031475868076086044
331500,6068,2,2541,-1,0,20.97478675842285,0.18230733275413513,20.213010787963867,0.08711769431829453,29.40513801574707,20.283058166503906,0.1977592408657074,19.603343963623047,24.839305877685547,0.06938128173351288,20.425254821777344,20.467348098754883,20.02082633972168,0.29095202684402466,100.0,0.13710914552211761,0.6353893876075745,2541,2573,0.22938404977321625,0,0,0.007989536039531231,0.001146796508692205,20.437225341796875,0.009042265824973583,0.2111768275499344,0.009521364234387875,0.29208236932754517,19.650203704833984,0.0108387665823102,0.3424524962902069,0.00936901941895485,0.009067229926586151,20.2615909576416,0.009415448643267155,0.22579896450042725,0.010956346988677979,0.30600643157958984,19.476417541503906,0.011281273327767849,0.35259273648262024,0.0032814773730933666,0.008979770354926586,26.189178466796875,0.0024048169143497944,0.07589642703533173,0.009952161461114883,0.0,19.39934730529785,0.011483262293040752,0.3385259211063385,22.500524520874023,0.005622734781354666,0.17442375421524048,37.840579986572266,0.0001644151343498379,21.896011352539062,0.0064624762162566185,0.20157410204410553,21.23256492614746,0.007529108319431543,0.2691922187805176,20.6170654296875,0.00867547933012247,0.31356391310691833,21.63753890991211,0.0068587674759328365,0.18072494864463806,35.02928924560547,0.0003141025372315198,21.042661666870117,0.00786563940346241,0.20989005267620087,20.57539176940918,0.008759128861129284,0.2820766866207123,19.967954635620117,0.010074062272906303,0.32922273874282837,28.456729888916016,0.0014266809448599815,0.04767880588769913,36.54438400268555,0.00022159589570946991,27.92613983154297,0.0016120786312967539,0.0568363219499588
332718,6068,2,3791,-1,3,29.009477615356445,0.09739430248737335,26.687103271484375,0.07015331089496613,31.396780014038086,26.187374114990234,0.11394581198692322,24.863994598388672,28.06503677368164,0.03324975445866585,20.613344192504883,20.625614166259766,26.74077033996582,0.09667771309614182,100.0,0.10666167736053467,0.6577180624008179,3791,3823,0.25946754217147827,0,0,0.0012561812764033675,0.0007249735062941909,28.735748291015625,0.001337905414402485,0.12091073393821716,0.0021443215664476156,0.10688529163599014,26.172950744628906,0.002413820941001177,0.12856733798980713,0.002405817387625575,0.0086829187348485,28.416044235229492,0.0014401094522327185,0.13306327164173126,0.0032628760673105717,0.1152065098285675,26.1710205078125,0.0024148933589458466,0.12930451333522797,0.0015613356372341514,0.008658417500555515,33.28385925292969,0.00046947706141509116,0.030216900631785393,0.0021179853938519955,0.0,26.119291305541992,0.002443829318508506,0.11749397218227386,30.988037109375,0.0007965192780829966,0.09168489277362823,38.17331314086914,0.0001522890233900398,30.47870635986328,0.0008956316742114723,0.11473739147186279,27.552825927734375,0.0017567804316058755,0.09192942082881927,26.944215774536133,0.002021057764068246,0.11064102500677109,29.85577392578125,0.001033767475746572,0.09718535840511322,34.39929962158203,0.0003631367289926857,29.44261932373047,0.0011369414860382676,0.12065450847148895,27.014328002929688,0.0019886905793100595,0.09472443163394928,26.463916778564453,0.0022573997266590595,0.11411574482917786,35.44649887084961,0.0002853317419067025,0.016095750033855438,36.21329879760742,0.00023914988560136408,35.339683532714844,0.00029243662720546126,0.020055964589118958
334910,6069,3,917,-1,1,28.16524887084961,0.10261847823858261,25.778411865234375,0.023913515731692314,31.34647560119629,25.4569034576416,0.11485804617404938,24.03720474243164,27.109146118164062,0.03735115006566048,20.493759155273438,20.52018928527832,25.50675392150879,0.12345517426729202,100.0,0.07446657866239548,0.3211308419704437,917,949,0.21741361916065216,0,0,0.0015257212799042463,0.0007334196707233787,27.83144760131836,0.0016476138262078166,0.12155057489871979,0.0026433744933456182,0.12699343264102936,25.278623580932617,0.002965771360322833,0.15135806798934937,0.0028464908245950937,0.008925327099859715,27.186744689941406,0.0019112853333353996,0.1303216814994812,0.003947115037590265,0.13988426327705383,24.9648494720459,0.0031879753805696964,0.16111131012439728,0.0019457426387816668,0.008871178142726421,30.55373764038086,0.0008802911033853889,0.03836324065923691,0.0028140037320554256,0.0,24.88527488708496,0.0032469274010509253,0.14837825298309326,30.720937728881836,0.0008470446919091046,0.07971663773059845,38.27581024169922,0.00014873701729811728,30.202348709106445,0.0009544766508042812,0.09646125137805939,26.786712646484375,0.002095697680488229,0.11531216651201248,26.179141998291016,0.0024103813339024782,0.13828614354133606,28.845848083496094,0.0013044129591435194,0.08135425299406052,34.271820068359375,0.0003739538078662008,28.393632888793945,0.0014475606149062514,0.0991801917552948,25.964523315429688,0.002532490063458681,0.12032313644886017,25.407426834106445,0.002879104111343622,0.14461922645568848,32.644309997558594,0.0005439624655991793,0.020041294395923615,35.85539627075195,0.0002596931008156389,32.3084716796875,0.0005876962095499039,0.024922819808125496
335146,6069,3,1185,-1,0,27.025747299194336,0.092875175178051,25.816118240356445,0.03177635744214058,31.785581588745117,24.6776180267334,0.12274645268917084,24.034671783447266,26.228679656982422,0.06305122375488281,20.467323303222656,20.45760154724121,25.347705841064453,0.12090796232223511,100.0,0.05902351066470146,0.5383678078651428,1185,1217,0.1958247423171997,0,0,0.001983468886464834,0.0006628908449783921,26.602237701416016,0.002186634810641408,0.1115945503115654,0.002620524261146784,0.11947348713874817,25.273746490478516,0.002969104330986738,0.14906135201454163,0.0034059491008520126,0.008979816921055317,25.937271118164062,0.0025484312791377306,0.1411721259355545,0.003949417266994715,0.1323457509279251,24.972469329833984,0.0031823874451220036,0.15672607719898224,0.0023830432910472155,0.008999946527183056,28.648488998413086,0.001365058240480721,0.06782111525535583,0.002918969839811325,0.0,24.726226806640625,0.0033680421765893698,0.1514124870300293,30.476789474487305,0.0008960270206443965,0.07547225058078766,38.68621063232422,0.0001353252591798082,29.94365692138672,0.001013058004900813,0.09153793752193451,27.691844940185547,0.0017014354234561324,0.09999717026948929,27.08306121826172,0.001957464963197708,0.12671451270580292,28.05406379699707,0.0015652856091037393,0.08706715703010559,35.39760208129883,0.0002885624999180436,27.540668487548828,0.0017617044504731894,0.10678449273109436,26.262767791748047,0.0023644131142646074,0.11262992769479752,25.68450927734375,0.0027011525817215443,0.14095832407474518,30.99923324584961,0.0007944688550196588,0.03333346173167229,37.59093475341797,0.00017414326430298388,30.50657081604004,0.0008899036329239607,0.04071946069598198
337140,6069,3,3307,-1,1,25.11643409729004,0.09602627158164978,21.224628448486328,0.032061077654361725,31.431333541870117,23.235132217407227,0.10552658885717392,20.462797164916992,25.87636947631836,0.03994827717542648,20.122344970703125,20.242305755615234,21.042268753051758,0.13646017014980316,100.0,0.09549156576395035,0.33574774861335754,3307,3339,0.19394496083259583,0,0,0.0030786243733018637,0.000719228177331388,24.632387161254883,0.0034416087437421083,0.1147998496890068,0.007542879320681095,0.13352149724960327,20.710107803344727,0.008491593413054943,0.1454746425151825,0.004747739527374506,0.009722222574055195,23.998516082763672,0.003982434514909983,0.1215050220489502,0.008989188820123672,0.14335119724273682,20.50071907043457,0.008911031298339367,0.1541336476802826,0.0025844199117273092,0.009457352571189404,28.161479949951172,0.0015270456206053495,0.042947445064783096,0.007866346277296543,0.0,20.42078971862793,0.009076553396880627,0.15000557899475098,27.00857925415039,0.0019913248252123594,0.07949670404195786,38.14677047729492,0.00015322279068641365,26.431886672973633,0.002274109749123454,0.09709823876619339,21.838424682617188,0.006548737641423941,0.12789978086948395,21.226787567138672,0.007539132609963417,0.13899743556976318,25.668231964111328,0.0027112956158816814,0.08656217157840729,33.79629898071289,0.0004172248300164938,25.13678741455078,0.003064229851588607,0.10354667156934738,21.38909339904785,0.007262575905770063,0.136087104678154,20.78852653503418,0.008339643478393555,0.14949528872966766,30.665008544921875,0.0008580232970416546,0.023415155708789825,34.82732391357422,0.00032905442640185356,30.271480560302734,0.0009394032531417906,0.02839716523885727
339074,6070,4,434,-1,2,29.046504974365234,0.1674875020980835,26.513172149658203,0.0571320541203022,29.836633682250977,26.204683303833008,0.1871982365846634,24.622589111328125,28.101856231689453,0.046228788793087006,20.392192840576172,20.33085060119629,26.562034606933594,0.18251460790634155,100.0,0.11383314430713654,0.5018929839134216,434,466,0.24938108026981354,0,0,0.001245516468770802,0.0010383331682533026,28.936763763427734,0.0012773907510563731,0.2029867172241211,0.0022319417912513018,0.1933113932609558,26.113033294677734,0.0024473548401147127,0.23330000042915344,0.0023962482810020447,0.009136518463492393,28.666900634765625,0.001359283458441496,0.22157041728496552,0.003449380397796631,0.1936909258365631,25.95946502685547,0.002535441657528281,0.23076122999191284,0.0015481543960049748,0.009266483597457409,34.428306579589844,0.00036071919021196663,0.04825739562511444,0.0022069707047194242,0.0,25.940553665161133,0.0025465048383921385,0.22235874831676483,30.79433822631836,0.0008328488329425454,0.14561788737773895,36.432106018066406,0.00022739949054084718,30.33391571044922,0.0009259948856197298,0.1780851036310196,27.344438552856445,0.0018431309144943953,0.17941105365753174,26.737468719482422,0.0021195965819060802,0.21855831146240234,29.688108444213867,0.001074457773938775,0.15178999304771423,33.26786804199219,0.00047120891395024955,29.328306198120117,0.001167265116237104,0.18559318780899048,26.855497360229492,0.002062767744064331,0.1793603003025055,26.298648834228516,0.0023449580185115337,0.2202267199754715,35.972259521484375,0.00025279817054979503,0.026920979842543602,36.403812408447266,0.00022888595412950963,35.909515380859375,0.0002564769529271871,0.03339870646595955
342020,6070,4,3476,-1,0,28.77865219116211,0.08437591046094894,23.6348876953125,0.03830878064036369,30.55392837524414,25.8111572265625,0.09774540364742279,22.535703659057617,27.61526870727539,0.03912033885717392,20.31856918334961,20.497539520263672,23.548187255859375,0.2393224835395813,100.0,0.12201926857233047,0.3139568269252777,3476,3508,0.24539853632450104,0,0,0.0013247522292658687,0.0008802524534985423,28.5600643157959,0.001393136684782803,0.10201577097177505,0.004330234602093697,0.24728670716285706,23.106910705566406,0.004890000447630882,0.29919689893722534,0.002623519627377391,0.0092927236109972,27.965621948242188,0.0015974885318428278,0.11228295415639877,0.005577374715358019,0.25125062465667725,22.9903564453125,0.005023015197366476,0.29563745856285095,0.0017317021265625954,0.008917562663555145,32.03297424316406,0.0006261852104216814,0.0388677679002285,0.004417546559125185,0.0,22.92671012878418,0.00509716896340251,0.2904580235481262,30.7657470703125,0.0008383500971831381,0.0748802125453949,36.85383605957031,0.00020635560213122517,30.28919219970703,0.0009355798829346895,0.09286908805370331,24.155792236328125,0.0038407910615205765,0.23310789465904236,23.540645599365234,0.004425227176398039,0.2839350700378418,29.363677978515625,0.0011577967088669538,0.07738075405359268,34.06715774536133,0.00039199829916469753,28.94281578063965,0.0012756119249388576,0.09686365723609924,23.79241180419922,0.004175984766334295,0.23554295301437378,23.202716827392578,0.004783306736499071,0.2868800759315491,33.95342254638672,0.00040239986265078187,0.017514750361442566,36.40372085571289,0.00022889072715770453,33.67448043823242,0.000429093575803563,0.022213762626051903
342815,6070,4,4303,-1,2,30.20587921142578,0.06805938482284546,25.13512420654297,0.03964346647262573,31.33640480041504,26.299104690551758,0.08386582136154175,23.577678680419922,27.571840286254883,0.030381012707948685,20.024993896484375,20.033008575439453,25.01110076904297,0.23459896445274353,100.0,0.14056096971035004,0.28203752636909485,4303,4335,0.26174449920654297,0,0,0.0009537006844766438,0.0007351223612204194,30.05538558959961,0.0009873282397165895,0.08362149447202682,0.0030654023867100477,0.24108771979808807,24.64260482788086,0.0034335192758589983,0.2922697067260742,0.002344712847843766,0.009942615404725075,29.296648025512695,0.0011758047621697187,0.09294135868549347,0.004387653432786465,0.25065678358078003,24.496829986572266,0.0035507245920598507,0.29524165391921997,0.001749106333591044,0.009924284182488918,33.08576583862305,0.0004913868033327162,0.029572416096925735,0.003154205856844783,0.0,24.38962173461914,0.0036394682247191668,0.289462685585022,32.34381866455078,0.0005829323781654239,0.05942411348223686,38.876136779785156,0.00012953484838362783,31.85296058654785,0.0006526857614517212,0.07462366670370102,25.742202758789062,0.002665507374331355,0.23045608401298523,25.132190704345703,0.003067475277930498,0.28380462527275085,30.779991149902344,0.0008356047328561544,0.06520796567201614,35.21843719482422,0.0003007159975823015,30.372068405151367,0.0009178953478112817,0.08045332133769989,25.2901554107666,0.0029579082038253546,0.23404715955257416,24.711040496826172,0.003379837144166231,0.2874113917350769,35.07389831542969,0.0003108926466666162,0.013398612849414349,36.63941192626953,0.00021679989004042,34.876243591308594,0.0003253684553783387,0.0171476099640131
343058,6070,4,4546,-1,1,25.913850784301758,0.11016023904085159,21.875993728637695,0.0705246701836586,30.4984130859375,24.033384323120117,0.12068836390972137,21.07090950012207,27.1062068939209,0.038030955940485,19.99190902709961,19.994552612304688,21.802396774291992,0.16494940221309662,100.0,0.14588388800621033,0.4834301471710205,4546,4578,0.26809853315353394,0,0,0.0025622108951210976,0.0008915765210986137,25.498693466186523,0.0028192317113280296,0.13506485521793365,0.006492330692708492,0.17703235149383545,21.320274353027344,0.007378579117357731,0.20824399590492249,0.0039505865424871445,0.010018647648394108,25.204193115234375,0.0030170385725796223,0.13919955492019653,0.00781464297324419,0.17850390076637268,21.255138397216797,0.00749007984995842,0.20472203195095062,0.0019470603438094258,0.010012554936110973,31.510629653930664,0.0007062150980345905,0.036821551620960236,0.00660328846424818,0.0,21.180917739868164,0.00761917931959033,0.1921563446521759,26.998374938964844,0.0019960098434239626,0.09938731044530869,38.54107666015625,0.0001399241155013442,26.417678833007812,0.0022815612610429525,0.12281293421983719,22.241086959838867,0.005968858953565359,0.1643124222755432,21.625825881958008,0.006877291947603226,0.1925826519727707,26.339723587036133,0.0023228838108479977,0.10327695310115814,34.63554763793945,0.000343910331139341,25.80483627319336,0.0026273413095623255,0.12506291270256042,21.984596252441406,0.006331995129585266,0.16644585132598877,21.385906219482422,0.007267906796187162,0.19376663863658905,33.865196228027344,0.0004106582491658628,0.018804585561156273,35.91889953613281,0.00025592351448722184,33.62046813964844,0.0004344636108726263,0.021785642951726913
344202,6071,5,663,-1,1,22.78105926513672,0.09022870659828186,22.39535140991211,0.0517498254776001,32.21780014038086,21.51759910583496,0.09906205534934998,21.18075942993164,25.33592987060547,0.038400910794734955,20.22996711730957,20.295915603637695,21.928682327270508,0.07579844444990158,100.0,0.07650072872638702,0.6764618754386902,663,695,0.24564053118228912,0,0,0.0052710105665028095,0.0006000950816087425,22.226011276245117,0.005989613011479378,0.10493393242359161,0.005760563537478447,0.08199990540742874,21.846864700317383,0.006536025088280439,0.09304751455783844,0.007050829473882914,0.00948425941169262,21.754541397094727,0.006676455959677696,0.1086021363735199,0.00761945778504014,0.09601936489343643,21.326702117919922,0.007367664948105812,0.1023329496383667,0.002926894696429372,0.009341326542198658,27.121849060058594,0.001940059126354754,0.036569371819496155,0.006414042320102453,0.0,21.30720329284668,0.007400818169116974,0.08569859713315964,24.13461685180664,0.0038595646619796753,0.0778740793466568,39.30509948730469,0.00011735197040252388,23.530780792236328,0.004435289651155472,0.09147237241268158,23.253374099731445,0.0047278390266001225,0.07197737693786621,22.637845993041992,0.005447727628052235,0.08186575025320053,23.1643123626709,0.004825794603675604,0.08475164324045181,35.62484359741211,0.000273851677775383,22.575817108154297,0.0055260928347706795,0.09919967502355576,22.406204223632812,0.005746186710894108,0.07802391052246094,21.805076599121094,0.006599215790629387,0.08840756118297577,29.684965133666992,0.0010752351954579353,0.017545154318213463,36.90522384643555,0.00020392832811921835,29.174724578857422,0.0012092824326828122,0.02033183164894581
353378,6073,3,229,-1,1,21.455419540405273,0.21611598134040833,18.472959518432617,0.06592448055744171,31.94900131225586,20.49245834350586,0.23371295630931854,18.003517150878906,25.661937713623047,0.04987845569849014,20.36320686340332,20.4831485748291,18.251768112182617,0.22756820917129517,38.754634857177734,0.13363784551620483,0.493306964635849,229,261,0.23390723764896393,0,0,0.0071525052189826965,0.000638410507235676,20.885934829711914,0.008154673501849174,0.24798360466957092,0.014213603921234608,0.2417553961277008,17.873971939086914,0.01631559245288372,0.2732296884059906,0.008928002789616585,0.009197698906064034,20.51268768310547,0.008886509574949741,0.26623642444610596,0.01583610288798809,0.24788908660411835,17.720136642456055,0.01690388098359108,0.27688151597976685,0.002715227659791708,0.00894715916365385,27.55359649658203,0.0017564689042046666,0.05255962163209915,0.01495626475661993,0.0001332099927822128,17.63545036315918,0.017236733809113503,0.25851014256477356,22.243316650390625,0.005965795833617449,0.19729658961296082,38.09975051879883,0.00015489052748307586,21.63689613342285,0.0068597812205553055,0.22817383706569672,18.715030670166016,0.013443023897707462,0.22339576482772827,18.099937438964844,0.015488389879465103,0.2524090111255646,21.683563232421875,0.0067864637821912766,0.2047935277223587,35.02825164794922,0.000314177421387285,21.088977813720703,0.00778220035135746,0.23773139715194702,18.449939727783203,0.014289136976003647,0.22856563329696655,17.84071159362793,0.01644102856516838,0.25890055298805237,30.35873794555664,0.0009207171970047057,0.025601889938116074,37.17949676513672,0.00019144795078318566,29.85936737060547,0.0010329124052077532,0.029702235013246536
353631,6073,3,482,-1,2,25.6290340423584,0.07623255997896194,28.266555786132812,0.03159409388899803,28.845569610595703,23.596067428588867,0.09670433402061462,24.964502334594727,26.298959732055664,0.036996372044086456,20.171663284301758,20.385875701904297,27.381467819213867,0.039382949471473694,33.684268951416016,0.02758469060063362,1.1453489065170288,482,514,0.2277321070432663,0,0,0.002735876478254795,0.0013044971274212003,25.29282569885254,0.0029560888651758432,0.09014416486024857,0.0014905427815392613,0.04150226339697838,27.94891357421875,0.0016036471351981163,0.04919784516096115,0.004369114525616169,0.009612440131604671,24.482515335083008,0.003562449011951685,0.10714616626501083,0.003188231959939003,0.05947859212756157,26.49162483215332,0.0022430422250181437,0.062344521284103394,0.002344790380448103,0.009149818681180477,28.867713928222656,0.001297862851060927,0.036455996334552765,0.0018274827161803842,0.00042812764877453446,26.897809982299805,0.002042768057435751,0.04683023691177368,27.334821701049805,0.001847217557951808,0.06454470008611679,32.80378723144531,0.0005243501509539783,26.880903244018555,0.00205073575489223,0.07613895833492279,30.1221866607666,0.0009722575196065009,0.03230908513069153,29.755840301513672,0.0010578302899375558,0.03828899562358856,26.094205856323242,0.0024579858873039484,0.0718817338347435,30.895709991455078,0.0008136341930367053,25.668764114379883,0.0027109629008919,0.0845210924744606,28.076862335205078,0.0015570895047858357,0.039782263338565826,27.734195709228516,0.0016849245876073837,0.04753527045249939,31.542959213256836,0.0007009774562902749,0.018574479967355728,34.80121994018555,0.0003310380852781236,31.203933715820312,0.000757891102693975,0.022406674921512604
356285,6073,3,3360,-1,0,26.10093116760254,0.12880700826644897,23.167301177978516,0.035253752022981644,30.329370498657227,24.20818328857422,0.1496194303035736,22.121963500976562,26.52075958251953,0.045180872082710266,20.319110870361328,20.410293579101562,22.95926856994629,0.17483237385749817,100.0,0.09591936320066452,0.3675352931022644,3360,3392,0.21224984526634216,0,0,0.002454182365909219,0.0009269646252505481,25.703868865966797,0.0026891392190009356,0.16238684952259064,0.004822474904358387,0.17902684211730957,22.609771728515625,0.00548305781558156,0.21957142651081085,0.0037947373930364847,0.009291568771004677,25.303146362304688,0.002949071116745472,0.1799796223640442,0.006134847179055214,0.19193308055400848,22.439058303833008,0.005702880676835775,0.22804351150989532,0.002228045603260398,0.009098516777157784,29.31424331665039,0.001171050244010985,0.04611675441265106,0.005059099290519953,0.0,22.33778953552246,0.005837422329932451,0.21425116062164307,28.728187561035156,0.001340236165560782,0.11089343577623367,34.101104736328125,0.0003889462386723608,28.278093338012695,0.001486588385887444,0.14108268916606903,24.154481887817383,0.0038419514894485474,0.16490885615348816,23.542125701904297,0.004423719365149736,0.20135581493377686,27.055179595947266,0.001970072044059634,0.11741948127746582,31.870853424072266,0.000650001922622323,26.629085540771484,0.0021731597371399403,0.1486562192440033,23.47471046447754,0.004492923617362976,0.1730809509754181,22.89423942565918,0.005135422106832266,0.21235333383083344,31.35818862915039,0.0007314438698813319,0.02704729326069355,34.80609130859375,0.00033066689502447844,31.006710052490234,0.0007931017898954451,0.03425246477127075
357437,6073,3,4576,-1,0,19.846778869628906,0.19463378190994263,17.745807647705078,0.08096751570701599,30.500314712524414,19.249652862548828,0.20907193422317505,17.366086959838867,26.024349212646484,0.050927482545375824,20.32771873474121,20.39840316772461,17.566530227661133,0.3297460079193115,100.0,0.1743624210357666,0.46436333656311035,4576,4608,0.2277916669845581,0,0,0.01035910565406084,0.0008911864715628326,19.275402069091797,0.011815707199275494,0.22044852375984192,0.01680425927042961,0.34526997804641724,17.142301559448242,0.019309449940919876,0.3894065022468567,0.011885971762239933,0.009273173287510872,19.105209350585938,0.01228793989866972,0.2321983277797699,0.01833966188132763,0.3436205983161926,17.04302406311035,0.019755933433771133,0.3839881420135498,0.0024978434666991234,0.009123466908931732,28.301738739013672,0.0014785168459638953,0.053516410291194916,0.017512455582618713,0.0,16.945051193237305,0.02020667865872383,0.37196990847587585,20.425138473510742,0.009067471139132977,0.1797066181898117,36.91554641723633,0.00020344428776297718,19.81667137145996,0.010431167669594288,0.20357340574264526,17.959224700927734,0.01599843241274357,0.32459038496017456,17.340312957763672,0.01844882220029831,0.36678963899612427,20.057998657226562,0.009867344982922077,0.1903565675020218,34.15414047241211,0.000384225306333974,19.459125518798828,0.011326287873089314,0.2157837450504303,17.749420166015625,0.01679028570652008,0.3279504179954529,17.135526657104492,0.01933959685266018,0.3704952001571655,30.880043029785156,0.0008165743784047663,0.02739069238305092,36.53192138671875,0.00022223284759093076,30.419086456298828,0.0009080115123651922,0.03157050907611847
360116,6074,4,2455,-1,2,18.17208480834961,0.20367902517318726,18.00426483154297,0.18696586787700653,29.9791316986084,17.752281188964844,0.21086804568767548,17.584407806396484,26.876148223876953,0.03307167440652847,20.049150466918945,20.090290069580078,17.826297760009766,0.2724870443344116,100.0,0.24079349637031555,0.7764573097229004,2455,2487,0.38083505630493164,0,0,0.015233218669891357,0.0010048173135146499,17.588970184326172,0.017422202974557877,0.24373765289783478,0.015833379700779915,0.2768842875957489,17.413631439208984,0.018139980733394623,0.32359322905540466,0.016779229044914246,0.00988746527582407,17.486175537109375,0.017839498817920685,0.24767333269119263,0.017440514639019966,0.2840297222137451,17.29880714416504,0.01862598955631256,0.32787567377090454,0.002052981872111559,0.009794251061975956,30.644838333129883,0.0008620175067335367,0.031479645520448685,0.016495682299137115,0.0,17.204818725585938,0.019033480435609818,0.31962335109710693,18.327529907226562,0.014697620645165443,0.19760988652706146,34.699180603027344,0.00033890808117575943,17.719423294067383,0.016906652599573135,0.23803135752677917,18.123762130737305,0.015403655357658863,0.26843565702438354,17.50486183166504,0.01776289939880371,0.3151184916496277,18.17146110534668,0.015235403552651405,0.20081748068332672,32.93594741821289,0.000508634140715003,17.569358825683594,0.01750105991959572,0.24219544231891632,17.97064971923828,0.015956413000822067,0.27343353629112244,17.35822296142578,0.018372908234596252,0.3212112486362457,32.85692596435547,0.0005179735017009079,0.018136991187930107,36.09939193725586,0.0002455053909216076,32.51896286010742,0.0005598916322924197,0.0217268206179142
361729,6074,4,4068,-1,3,17.87076187133789,0.16535454988479614,11.530292510986328,0.14168153703212738,27.519134521484375,17.47570037841797,0.17586061358451843,11.420164108276367,25.58527183532715,0.02735360711812973,19.77107810974121,19.94574737548828,11.487884521484375,0.3693024218082428,100.0,0.3799230754375458,0.3729216456413269,4068,4100,0.3232160210609436,0,0,0.01632765866816044,0.0017704613273963332,17.312530517578125,0.018567226827144623,0.18608273565769196,0.07030251622200012,0.3615414500236511,10.91623306274414,0.08097980171442032,0.39893651008605957,0.01788257248699665,0.01054125651717186,17.209720611572266,0.019012005999684334,0.1958511918783188,0.07210803031921387,0.372781902551651,10.881050109863281,0.08163850754499435,0.4088754653930664,0.002763584489002824,0.010125705040991306,27.875591278076172,0.001630950951948762,0.025428472086787224,0.0709923505783081,0.0,10.86640453338623,0.0819142609834671,0.4104244112968445,18.35637855529785,0.014600315131247044,0.15699869394302368,31.193750381469727,0.0007596701034344733,17.765132904052734,0.016729647293686867,0.17803746461868286,11.659215927124023,0.06824620068073273,0.3549292981624603,11.03908634185791,0.07872113585472107,0.39241930842399597,18.077857971191406,0.01556733250617981,0.16701582074165344,29.025829315185547,0.0012514605186879635,17.50318145751953,0.017769774422049522,0.1903669238090515,11.57756233215332,0.06954146921634674,0.3638398349285126,10.961874961853027,0.08013322949409485,0.4023597538471222,29.622886657714844,0.0010907156392931938,0.01889456808567047,31.31948471069336,0.000737991591449827,29.412019729614258,0.0011449807789176702,0.020932942628860474
362075,6074,4,4414,-1,1,22.068870544433594,0.2523857057094574,18.22100257873535,0.07658495754003525,27.6888484954834,21.12999725341797,0.2535496652126312,17.81647300720215,25.69236946105957,0.05159580707550049,19.943296432495117,20.12979507446289,18.101919174194336,0.2593434154987335,100.0,0.20348040759563446,0.37637507915496826,4414,4446,0.32722344994544983,0,0,0.006210307125002146,0.0017026093555614352,21.609119415283203,0.006903798785060644,0.29161229729652405,0.015062595717608929,0.264108806848526,17.632686614990234,0.01724771410226822,0.30290916562080383,0.007709043100476265,0.010131423361599445,21.34518814086914,0.007336369715631008,0.2864510416984558,0.016533037647604942,0.2715223431587219,17.544679641723633,0.017600785940885544,0.307506263256073,0.0026962680276483297,0.009705557487905025,27.910442352294922,0.0016179156955331564,0.05283170938491821,0.015481321141123772,0.0,17.480440139770508,0.017863063141703606,0.2987373173236847,23.35921287536621,0.004614013247191906,0.22905445098876953,32.06915283203125,0.0006209903513081372,22.816375732421875,0.005228323861956596,0.2647096514701843,18.62608528137207,0.013721180148422718,0.2532334327697754,18.00844383239746,0.015818146988749504,0.2925321161746979,22.570302963256836,0.005533115938305855,0.22330507636070251,30.205360412597656,0.000953814887907356,22.049808502197266,0.006237623281776905,0.2564723789691925,18.330705642700195,0.014686879701912403,0.26160484552383423,17.724817276000977,0.016885675489902496,0.30131492018699646,29.649660110473633,0.0010840119794011116,0.035080473870038986,33.8399658203125,0.00041305070044472814,29.254627227783203,0.0011872368631884456,0.040023162961006165
362156,6074,4,4495,-1,2,21.54412841796875,0.1858171820640564,17.565715789794922,0.08095059543848038,27.87187957763672,20.59561538696289,0.1930786669254303,17.175519943237305,25.473661422729492,0.04356462508440018,19.59576416015625,19.91431999206543,17.422353744506836,0.2904258072376251,100.0,0.20611624419689178,0.39274242520332336,4495,4527,0.33963170647621155,0,0,0.00700788851827383,0.0016323456075042486,21.059667587280273,0.007834895513951778,0.21868079900741577,0.01751573756337166,0.2916116714477539,16.97435188293457,0.020070809870958328,0.3346749246120453,0.008718438446521759,0.010975487530231476,20.772123336791992,0.008371200412511826,0.22115057706832886,0.019162314012646675,0.2990090847015381,16.8751220703125,0.02053467184305191,0.3371007442474365,0.0028355272952467203,0.010199246928095818,27.688753128051758,0.0017026474233716726,0.04312102124094963,0.0181035827845335,0.0,16.80087661743164,0.02088874951004982,0.3339177668094635,22.6075382232666,0.005485879722982645,0.1707545667886734,30.40675163269043,0.00091059401165694,22.083255767822266,0.006189769599586725,0.2017574906349182,17.923667907714844,0.016129953786730766,0.27989721298217773,17.305830001831055,0.018595896661281586,0.3217557668685913,21.874126434326172,0.006495125126093626,0.17612186074256897,28.6273193359375,0.001371728372760117,21.37669563293457,0.00728334067389369,0.20688369870185852,17.637542724609375,0.01722842827439308,0.2879795432090759,17.032299041748047,0.019804786890745163,0.3309299945831299,29.447765350341797,0.001135595259256661,0.028603164479136467,33.26134490966797,0.0004719170101452619,29.073848724365234,0.0012376995291560888,0.0339338555932045
362932,6075,5,134,-1,2,23.650413513183594,0.09236662834882736,21.487499237060547,0.041720934212207794,32.087501525878906,22.06048011779785,0.09360907971858978,20.519086837768555,25.449716567993164,0.04332663491368294,20.25316619873047,20.282094955444336,21.12971305847168,0.09946334362030029,100.0,0.09087952226400375,0.4590795934200287,134,166,0.26731109619140625,0,0,0.004314780235290527,0.0006183725199662149,23.11272621154785,0.004883458372205496,0.10764103382825851,0.007099868264049292,0.11298000067472458,20.907955169677734,0.008113427087664604,0.13041651248931885,0.006222316063940525,0.009433724917471409,22.419776916503906,0.0057282536290585995,0.10197549313306808,0.008873424492776394,0.12017640471458435,20.560579299926758,0.008789054118096828,0.13005700707435608,0.002851203316822648,0.009371100924909115,27.3326473236084,0.0018481420120224357,0.04069192707538605,0.007709541358053684,0.0,20.50823402404785,0.008895624428987503,0.1140034943819046,25.0123291015625,0.0031533152796328068,0.07486379891633987,38.28836441040039,0.00014830777945462614,24.418167114257812,0.003615624038502574,0.08731280267238617,22.201387405395508,0.006023672875016928,0.1026582419872284,21.58331871032715,0.006944933906197548,0.11832910031080246,23.970611572265625,0.00400810269638896,0.077088862657547,34.57142639160156,0.00034902564948424697,23.399850845336914,0.004571037832647562,0.08942893892526627,21.54707145690918,0.007003140635788441,0.10385189950466156,20.94658088684082,0.008041588589549065,0.11910276114940643,30.114421844482422,0.0009739975212141871,0.019009973853826523,35.94845199584961,0.00025418816949240863,29.64675521850586,0.001084737479686737,0.021533489227294922
363303,6075,5,505,-1,1,21.076732635498047,0.24602097272872925,18.434436798095703,0.11056264489889145,31.07190704345703,20.25987434387207,0.25174835324287415,17.970470428466797,26.35962677001953,0.05246049538254738,20.233718872070312,20.255022048950195,18.261024475097656,0.23239094018936157,100.0,0.1803850680589676,0.6129257082939148,505,537,0.26111987233161926,0,0,0.0078041767701506615,0.0007812851690687239,20.51361083984375,0.008884620852768421,0.28604161739349365,0.014340231195092201,0.25281238555908203,17.836828231811523,0.01645573228597641,0.2926442325115204,0.009419173002243042,0.009476063773036003,20.2639102935791,0.00941042136400938,0.28547316789627075,0.015957064926624298,0.25551435351371765,17.701812744140625,0.016975348815321922,0.2878168523311615,0.0023122625425457954,0.009429696016013622,29.146120071411133,0.001217273180373013,0.05284005403518677,0.014924422837793827,0.0,17.639545440673828,0.01722048781812191,0.26983973383903503,21.623212814331055,0.006881433073431253,0.22747713327407837,37.98733139038086,0.00015895234537310898,21.01512908935547,0.007915660738945007,0.2663586735725403,18.65679359436035,0.013624501414597034,0.23799598217010498,18.03839111328125,0.015709448605775833,0.27612411975860596,21.223011016845703,0.007545688189566135,0.2266126573085785,35.008758544921875,0.000315591023536399,20.62582015991211,0.008658010512590408,0.26594728231430054,18.439172744750977,0.014324608258903027,0.23681625723838806,17.827425003051758,0.01649140566587448,0.2739778459072113,31.44997787475586,0.0007161473040468991,0.02436399832367897,36.37080383300781,0.00023063202388584614,31.019105911254883,0.0007908419356681406,0.028840210288763046
363621,6075,5,855,-1,1,25.316444396972656,0.12062534689903259,21.22992706298828,0.04217759147286415,28.11842155456543,23.439334869384766,0.1405027061700821,20.40877914428711,26.483970642089844,0.04345693066716194,19.71041488647461,20.08754539489746,20.95900535583496,0.2010686695575714,100.0,0.10769899189472198,0.3916247487068176,855,887,0.21498194336891174,0,0,0.002940055914223194,0.0015422608703374863,25.009868621826172,0.0031551013235002756,0.14168475568294525,0.007533679716289043,0.21495045721530914,20.641834259033203,0.008626141585409641,0.25609034299850464,0.0045296670868992805,0.010689529590308666,24.458749771118164,0.0035819958429783583,0.15979313850402832,0.009101694449782372,0.21624141931533813,20.457508087158203,0.009000135585665703,0.25210249423980713,0.0022470003459602594,0.009800437837839127,29.64596939086914,0.0010849331738427281,0.044997867196798325,0.008018618449568748,0.0,20.3375244140625,0.009252252988517284,0.2416919320821762,26.79154396057129,0.002093368908390403,0.10479384660720825,30.166763305664062,0.000962328864261508,26.444766998291016,0.002267375122755766,0.12280148267745972,21.61811065673828,0.006889518350362778,0.19281741976737976,20.99964141845703,0.007943938486278057,0.23212409019470215,25.735761642456055,0.002669462701305747,0.11067662388086319,29.3844051361084,0.0011522837448865175,25.371719360351562,0.0029028747230768204,0.13116136193275452,21.233192443847656,0.007528023794293404,0.19919796288013458,20.626070022583008,0.00865750852972269,0.24012450873851776,31.690645217895508,0.0006775408983230591,0.024237006902694702,37.26200866699219,0.00018784486746881157,31.232749938964844,0.0007528787245973945,0.028750106692314148
371894,6076,2,4522,-1,3,34.40653610229492,0.12089106440544128,35.63526916503906,0.09233782440423965,29.090373992919922,28.126991271972656,0.11918412148952484,28.16176414489746,28.843929290771484,0.017767779529094696,19.978294372558594,20.161727905273438,36.33045196533203,0.08948825299739838,100.0,0.11686988919973373,0.790090799331665,4522,4554,0.2523464560508728,0,0,0.0003625320678111166,0.0012329990277066827,36.40896987915039,0.00022861412435304374,0.16089916229248047,0.0002731950953602791,0.09263847023248672,35.571929931640625,0.0002772088919300586,0.11971618980169296,0.0015392203349620104,0.010050107724964619,36.385501861572266,0.0002298529725521803,0.15000338852405548,0.0015269463183358312,0.10004858672618866,35.573036193847656,0.00027713822782970965,0.12232877314090729,0.0013049895642325282,0.00963445845991373,46.28324890136719,2.353288437006995e-05,0.01448572427034378,0.0002327850233996287,0.0,35.7089729309082,0.0002685980871319771,0.11741377413272858,35.7368049621582,0.0002668822417035699,0.11487691104412079,31.697614669799805,0.0006764545105397701,36.90644073486328,0.00020387113909237087,0.15369805693626404,36.62154006958008,0.00021769378508906811,0.0890679657459259,36.06568145751953,0.0002474183274898678,0.11559147387742996,35.0339469909668,0.0003137657477054745,0.11522070318460464,30.244491577148438,0.0009452592930756509,36.643157958984375,0.00021661288337782025,0.15334129333496094,35.820648193359375,0.00026177929248660803,0.08864209800958633,35.857940673828125,0.0002595411497168243,0.11603977531194687,42.90266036987305,5.125474854139611e-05,0.004752760287374258,35.585166931152344,0.0002763650845736265,47.79306411743164,1.6622392649878748e-05,0.006347319111227989
372104,6076,2,4732,-1,1,22.75714874267578,0.29927706718444824,22.58047103881836,0.10976462811231613,28.361175537109375,21.82036590576172,0.3095880448818207,21.662614822387695,27.08453369140625,0.036461539566516876,20.059406280517578,20.240127563476562,22.5675106048584,0.2282569855451584,100.0,0.15214204788208008,0.7214614748954773,4732,4764,0.20192597806453705,0,0,0.005300112999975681,0.001458419719710946,22.29800796508789,0.005891142878681421,0.3511713743209839,0.005520176608115435,0.2338762730360031,22.04253387451172,0.006248081102967262,0.2791826128959656,0.0065760258585214615,0.009864145889878273,22.167997360229492,0.0060701617039740086,0.35670924186706543,0.006819278933107853,0.23811641335487366,21.934396743774414,0.0064056082628667355,0.27855974435806274,0.0019568002317100763,0.00946209765970707,30.957504272460938,0.0008021388784982264,0.03361891210079193,0.005536674987524748,0.0,21.94603157043457,0.006388471461832523,0.2748359441757202,23.49216651916504,0.004474900662899017,0.2921363413333893,32.538631439208984,0.0005573612870648503,22.943418502807617,0.005077598616480827,0.34506550431251526,23.075620651245117,0.0049253604374825954,0.22362422943115234,22.460935592651367,0.005674227140843868,0.26887157559394836,23.073041915893555,0.004928285721689463,0.2948378920555115,30.64102554321289,0.00086277473019436,22.55413818359375,0.005553749389946461,0.34571245312690735,22.720138549804688,0.005345471668988466,0.22710776329040527,22.12885093688965,0.006125124637037516,0.2737762928009033,32.6943244934082,0.0005377341294661164,0.020660357549786568,35.2686767578125,0.0002972573274746537,32.405357360839844,0.0005747305694967508,0.023992732167243958
373223,6077,3,827,-1,0,26.953981399536133,0.05941752716898918,25.05971908569336,0.019957739859819412,33.181148529052734,24.232345581054688,0.07696434110403061,23.200952529907227,25.988269805908203,0.03710693493485451,20.50278091430664,20.57504653930664,24.645999908447266,0.057255830615758896,32.54507827758789,0.036778032779693604,0.5426537990570068,827,859,0.19548135995864868,0,0,0.0020165173336863518,0.0004807120421901345,26.472782135009766,0.002252795035019517,0.0744071677327156,0.003119091736152768,0.05889247730374336,24.584518432617188,0.0034797517582774162,0.07165341824293137,0.0037736850790679455,0.008906804025173187,25.252052307128906,0.0029839742928743362,0.08782646805047989,0.0047852518036961555,0.0757245272397995,23.854312896728516,0.004116883967071772,0.0826883465051651,0.002518681576475501,0.008759824559092522,28.072917938232422,0.0015585058135911822,0.03585359454154968,0.0034308354370296,0.00055653479648754,24.119483947753906,0.0038730353116989136,0.06814344227313995,29.167165756225586,0.0012113889679312706,0.052984174340963364,38.36819839477539,0.0001456062454963103,28.61585235595703,0.0013753555249422789,0.06821778416633606,26.122434616088867,0.002442061435431242,0.05275500938296318,25.626197814941406,0.002737666480243206,0.06326524913311005,27.20088768005371,0.0019050715491175652,0.059030160307884216,35.36030197143555,0.00029105128487572074,26.66878890991211,0.0021533824037760496,0.07549497485160828,25.055587768554688,0.0031220598611980677,0.05900203436613083,24.562213897705078,0.003497669706121087,0.06998324394226074,30.789485931396484,0.0008337804465554655,0.017342302948236465,37.52426528930664,0.0001768371876096353,30.292587280273438,0.0009348486200906336,0.021777857095003128
374295,6077,3,1995,-1,1,23.033430099487305,0.12200301885604858,19.605905532836914,0.03904541954398155,32.35074234008789,21.771535873413086,0.13046883046627045,19.06722640991211,25.61225128173828,0.03969802334904671,20.216552734375,20.392715454101562,19.44819450378418,0.14069388806819916,35.134666442871094,0.10175378620624542,0.38372448086738586,1995,2027,0.18077972531318665,0,0,0.004973440431058407,0.0005820038495585322,22.480249404907227,0.005649046041071415,0.1463024616241455,0.010949881747364998,0.14333774149417877,19.037025451660156,0.01248238142579794,0.1696459800004959,0.006650381255894899,0.009513597004115582,22.069164276123047,0.006209886632859707,0.14882998168468475,0.012395882047712803,0.153865784406662,18.899213790893555,0.012884831987321377,0.17434918880462646,0.0027464707382023335,0.009135419502854347,27.536109924316406,0.0017635555705055594,0.03985439985990524,0.01135482918471098,0.00030657282331958413,18.842376708984375,0.01305456180125475,0.16699032485485077,24.36417007446289,0.0036608593072742224,0.11125555634498596,38.23231506347656,0.00015023401647340506,23.76651954650879,0.004200955852866173,0.136605903506279,20.01457977294922,0.009966484270989895,0.13620063662528992,19.411144256591797,0.01145211048424244,0.16224774718284607,23.539241790771484,0.004426655825227499,0.11355365067720413,34.863006591796875,0.0003263617109041661,22.96066665649414,0.005057469941675663,0.1385936290025711,19.67064666748047,0.010787863284349442,0.14176711440086365,19.075613021850586,0.012371969409286976,0.16807681322097778,30.27381134033203,0.0009388990001752973,0.021553628146648407,36.85211944580078,0.00020643736934289336,29.781553268432617,0.0010515854228287935,0.026769882068037987
374516,6077,3,2248,-1,2,23.143238067626953,0.12364086508750916,21.663665771484375,0.0445672981441021,31.361713409423828,21.95823860168457,0.1328456997871399,20.833812713623047,26.287649154663086,0.041595399379730225,20.281370162963867,20.29534912109375,21.489215850830078,0.12997734546661377,100.0,0.08945900201797485,0.498186856508255,2248,2280,0.16413895785808563,0,0,0.0048492681235075,0.0007308509666472673,22.609920501708984,0.005482870619744062,0.1452515572309494,0.0068176318891346455,0.13641822338104248,21.08831787109375,0.007783376611769199,0.159430593252182,0.006370538379997015,0.00937266368418932,22.28510093688965,0.005908672697842121,0.14798375964164734,0.008253137581050396,0.1466045081615448,20.918785095214844,0.008093222975730896,0.16394102573394775,0.002350905677303672,0.009342542849481106,28.943981170654297,0.0012752694310620427,0.03985214978456497,0.007097063586115837,0.0,20.86773681640625,0.00818891916424036,0.1516493558883667,24.153709411621094,0.003842634614557028,0.1130778044462204,37.78826141357422,0.00016640778630971909,23.55738067626953,0.004408207722008228,0.13449788093566895,22.217479705810547,0.0060013942420482635,0.12793125212192535,21.602420806884766,0.0069144549779593945,0.15060335397720337,23.488304138183594,0.004478881601244211,0.11269142478704453,34.50839614868164,0.00035412810393609107,22.912853240966797,0.005113459192216396,0.13435019552707672,21.789230346679688,0.00662333844229579,0.12994664907455444,21.190887451171875,0.007601712364703417,0.15257230401039124,31.40705108642578,0.0007232609204947948,0.018900616094470024,35.78178787231445,0.0002641322207637131,31.002365112304688,0.0007938961498439312,0.022490348666906357
376838,6077,3,4730,-1,2,22.50320053100586,0.15819264948368073,20.112478256225586,0.07844101637601852,30.268798828125,21.50261688232422,0.17683634161949158,19.490266799926758,26.064472198486328,0.055438123643398285,20.49923324584961,20.519554138183594,19.873458862304688,0.1838139444589615,100.0,0.13318990170955658,0.5889411568641663,4730,4762,0.24962998926639557,0,0,0.005619272589683533,0.0009399840491823852,21.979679107666016,0.006339163985103369,0.18360181152820587,0.00974433496594429,0.18458347022533417,19.530059814453125,0.011142794974148273,0.21098509430885315,0.007075194269418716,0.008914085105061531,21.679838180541992,0.006792288739234209,0.19893106818199158,0.011245361529290676,0.19476129114627838,19.342449188232422,0.011634700000286102,0.21746444702148438,0.002474872162565589,0.008872471749782562,28.266313552856445,0.0014906259020790458,0.05560246855020523,0.010295655578374863,0.0,19.251983642578125,0.011879600584506989,0.21118643879890442,23.699979782104492,0.004265815019607544,0.1405368447303772,37.877689361572266,0.0001630164188100025,23.100685119628906,0.004897014237940311,0.16374900937080383,20.592449188232422,0.008724791929125786,0.17543473839759827,19.97589111328125,0.010055668652057648,0.20178952813148499,22.905223846435547,0.005122447852045298,0.14411216974258423,35.15915298461914,0.00030484897433780134,22.318344116210938,0.005863616708666086,0.16808593273162842,20.149356842041016,0.009661941789090633,0.1806880086660385,19.54046630859375,0.011116123758256435,0.2070605754852295,30.537109375,0.0008836679044179618,0.027982959523797035,36.84571838378906,0.00020674163533840328,30.053264617919922,0.0009878104319795966,0.03221990913152695
377181,6078,4,248,-1,0,29.217620849609375,0.048743560910224915,25.20732879638672,0.039924465119838715,32.748252868652344,26.145404815673828,0.05873230844736099,23.734050750732422,28.109390258789062,0.02915799245238304,20.63358497619629,20.580730438232422,25.212966918945312,0.08634136617183685,100.0,0.10067702829837799,0.39655983448028564,248,280,0.2517658472061157,0,0,0.0011973967775702477,0.0005310985143296421,28.860889434814453,0.001299904310144484,0.057996705174446106,0.0030148597434163094,0.08661938458681107,24.66826629638672,0.0034132928121834993,0.10520819574594498,0.0024291786830872297,0.008642543107271194,28.317157745361328,0.001473276293836534,0.06280545890331268,0.004232481587678194,0.09693872928619385,24.49993133544922,0.0035481916274875402,0.10959404706954956,0.0015454716049134731,0.008748366497457027,33.59186935424805,0.00043733397615142167,0.02766224555671215,0.0030109488870948553,0.0,24.591487884521484,0.0034741717390716076,0.10431171208620071,30.420154571533203,0.0009077882277779281,0.03954523429274559,39.967124938964844,0.0001007599348668009,29.86343002319336,0.001031946507282555,0.04790804162621498,25.69003677368164,0.0026977171655744314,0.0808633342385292,25.07615852355957,0.0031073077116161585,0.09880378842353821,29.51972007751465,0.001116935396566987,0.04697398096323013,36.014244079589844,0.00025036619626916945,29.030017852783203,0.0012502537574619055,0.05708332359790802,25.3676815032959,0.0029055727645754814,0.0857732892036438,24.783077239990234,0.0033242395147681236,0.10426667332649231,36.0393180847168,0.00024892485816963017,0.013781977817416191,37.23830795288086,0.0001888728147605434,35.88105010986328,0.0002581636072136462,0.017034636810421944
379730,6078,4,2829,-1,2,30.208412170410156,0.05945728346705437,26.270931243896484,0.03896265849471092,28.996946334838867,26.6129150390625,0.07048896700143814,24.502286911010742,28.241844177246094,0.02662094682455063,20.010684967041016,20.199079513549805,26.376312255859375,0.19395528733730316,100.0,0.13792669773101807,0.2824881672859192,2829,2861,0.25350770354270935,0,0,0.0009531452087685466,0.0012598108733072877,30.428882598876953,0.0009059658623300493,0.0710684284567833,0.002359973033890128,0.19817590713500977,25.79423713684082,0.0026337611488997936,0.24192780256271362,0.0021812657359987497,0.009975424036383629,30.07815933227539,0.000982164405286312,0.07783173769712448,0.00354626658372581,0.20368070900440216,25.751853942871094,0.0026595911476761103,0.24269744753837585,0.0014990478521212935,0.009551954455673695,35.847938537597656,0.0002601394080556929,0.02557569555938244,0.0023033979814499617,0.0,25.754833221435547,0.0026577666867524385,0.2367849200963974,31.387977600097656,0.0007264442974701524,0.053450703620910645,31.113143920898438,0.0007739016436971724,31.431846618652344,0.0007191431359387934,0.06441652774810791,26.77402114868164,0.0021018327679485083,0.18838010728359222,26.165102005004883,0.002418187679722905,0.23011770844459534,30.530986785888672,0.0008849147707223892,0.05745058134198189,29.979475021362305,0.0010047376854345202,30.622413635253906,0.0008664804045110941,0.06893158704042435,26.50763511657715,0.002234789775684476,0.19234181940555573,25.947246551513672,0.0025425851345062256,0.2346469759941101,37.458778381347656,0.00017952390771824867,0.01269851066172123,36.28215026855469,0.00023538840468972921,37.67183303833008,0.0001709293865133077,0.01586361974477768
380070,6078,4,3201,-1,1,29.924571990966797,0.06314294785261154,25.56563377380371,0.04042420536279678,30.285362243652344,26.511323928833008,0.06989885121583939,23.99860191345215,27.980533599853516,0.02678501605987549,20.239261627197266,20.191192626953125,25.690776824951172,0.13876673579216003,100.0,0.14182618260383606,0.2850264012813568,3201,3233,0.2716367542743683,0,0,0.0010175202041864395,0.0009364049765281379,29.871631622314453,0.0010299994610249996,0.07785670459270477,0.0027761105448007584,0.1445826143026352,25.104564666748047,0.0030870502814650536,0.17485789954662323,0.0022328917402774096,0.009463982656598091,29.506206512451172,0.0011204165639355779,0.07933923602104187,0.003982354421168566,0.1528223752975464,25.08895492553711,0.003098165150731802,0.1784696877002716,0.0015920136356726289,0.009569312445819378,34.38020324707031,0.0003647369157988578,0.023929785937070847,0.0026972563937306404,0.0,25.069297790527344,0.003112219041213393,0.17109563946723938,31.89007568359375,0.0006471317610703409,0.05512133613228798,35.271766662597656,0.0002970460045617074,31.542875289916992,0.0007009911350905895,0.069081149995327,26.241304397583008,0.0023761268239468336,0.1393744945526123,25.635215759277344,0.002731985179707408,0.17088152468204498,30.695575714111328,0.0008520053816027939,0.05550177022814751,33.22724533081055,0.000475636770715937,30.410024642944336,0.0009099082089960575,0.07055485993623734,25.89016342163086,0.002576223574578762,0.14051610231399536,25.31559944152832,0.002940628444775939,0.17247003316879272,36.17141342163086,0.00024146762734744698,0.013629274442791939,37.074951171875,0.00019611237803474069,36.04769515991211,0.000248445343459025,0.017199909314513206
382418,6079,5,444,-1,0,19.704072952270508,0.09062762558460236,17.169654846191406,0.08174838870763779,27.807994842529297,19.252904891967773,0.0960950255393982,16.923952102661133,25.298070907592773,0.03493868559598923,20.052072525024414,20.391502380371094,17.150094985961914,0.2533476650714874,30.619029998779297,0.20426307618618011,0.40021127462387085,444,476,0.23500601947307587,0,0,0.01070515438914299,0.0016565355472266674,19.173133850097656,0.012097250670194626,0.10073520988225937,0.01918821409344673,0.26035645604133606,16.594322204589844,0.02190624177455902,0.2978125214576721,0.011877074837684631,0.009880812838673592,19.142032623291016,0.012184192426502705,0.10109078884124756,0.020305085927248,0.2623307406902313,16.588237762451172,0.02193695493042469,0.29495325684547424,0.0029525207355618477,0.009137972258031368,26.987720489501953,0.0020009127911180258,0.03222326189279556,0.01927483081817627,0.0008671556133776903,16.554744720458984,0.022106779739260674,0.2904124855995178,20.75963592529297,0.008395310491323471,0.08310804516077042,30.438966751098633,0.0009038646821863949,20.20094871520996,0.009547839872539043,0.09228788316249847,17.600757598876953,0.017374981194734573,0.25187739729881287,17.008129119873047,0.01991530880331993,0.28900906443595886,20.295822143554688,0.009341525845229626,0.08792922645807266,29.7089786529541,0.0010693063959479332,19.74113655090332,0.010614175349473953,0.09770238399505615,17.376901626586914,0.01829404942691326,0.25333142280578613,16.788291931152344,0.020949363708496094,0.29069605469703674,30.054494857788086,0.0009875305695459247,0.014897056855261326,36.42927932739258,0.0002275475999340415,29.56853675842285,0.0011044510174542665,0.016945144161581993
382601,6079,5,627,-1,3,25.908588409423828,0.0892549455165863,21.989381790161133,0.053189631551504135,31.57700538635254,23.752605438232422,0.10432711243629456,21.072772979736328,26.249908447265625,0.04970335587859154,20.404050827026367,20.514148712158203,21.59255599975586,0.2234978973865509,100.0,0.15041320025920868,0.3536234200000763,627,659,0.24237921833992004,0,0,0.002565318252891302,0.000695503898896277,25.44700813293457,0.0028529821429401636,0.10170658677816391,0.0063250199891626835,0.226368248462677,21.42736053466797,0.007198866922408342,0.26124313473701477,0.00421443535014987,0.009111611172556877,24.607955932617188,0.0034610233269631863,0.11316686868667603,0.007811287418007851,0.23687194287776947,21.183012008666992,0.0076155089773237705,0.26578962802886963,0.002371423412114382,0.0088835209608078,28.634183883666992,0.0013695622328668833,0.050103139132261276,0.006930179428309202,0.0,20.97107696533203,0.007996359840035439,0.25800609588623047,27.63808250427246,0.0017226295312866569,0.07709150016307831,38.705318450927734,0.00013473129365593195,27.062129974365234,0.0019669216126203537,0.08838978409767151,22.695180892944336,0.005376280751079321,0.2145698517560959,22.08003807067871,0.006194356828927994,0.24707478284835815,25.99857521057129,0.0025127108674496412,0.08655565977096558,35.0438232421875,0.0003130529366899282,25.449846267700195,0.0028511201962828636,0.09857210516929626,22.095958709716797,0.0061716907657682896,0.2204752117395401,21.495569229125977,0.007086689118295908,0.2539324462413788,30.601882934570312,0.0008705861982889473,0.026943715289235115,36.50672912597656,0.00022352559608407319,30.131683349609375,0.0009701339295133948,0.0314345583319664
388416,6080,2,1685,-1,1,25.94978141784668,0.0814952403306961,22.613319396972656,0.03943484649062157,32.196144104003906,23.75619125366211,0.0946645438671112,21.550662994384766,26.222665786743164,0.04234544187784195,20.465255737304688,20.617488861083984,22.34270477294922,0.09807120263576508,100.0,0.09767716377973557,0.40372636914253235,1685,1717,0.24394482374191284,0,0,0.0025411013048142195,0.0006030951626598835,25.467952728271484,0.0028392563108354807,0.09290216118097305,0.005478581413626671,0.10261993855237961,22.04217529296875,0.006248599849641323,0.11748873442411423,0.004210957325994968,0.008984099142253399,24.588417053222656,0.003476628102362156,0.10206706821918488,0.006997351069003344,0.11440940201282501,21.719436645507812,0.006730642169713974,0.1258642077445984,0.002386346459388733,0.008674630895256996,28.480426788330078,0.0014189181383699179,0.044032271951436996,0.0058308192528784275,0.0,21.72122573852539,0.006727868225425482,0.11405885219573975,27.62677001953125,0.0017271224642172456,0.07178591191768646,38.89814758300781,0.00012887986667919904,27.048717498779297,0.0019730059430003166,0.08264310657978058,23.403614044189453,0.004567079711705446,0.09013557434082031,22.788476943969727,0.005262019112706184,0.10437259823083878,26.18445587158203,0.0024074334651231766,0.08061598986387253,35.55546188354492,0.0002782618103083223,25.630428314208984,0.00273499870672822,0.09405513852834702,22.77519416809082,0.005278137978166342,0.09774015843868256,22.17595672607422,0.006059049628674984,0.11364683508872986,30.998308181762695,0.000794637599028647,0.025560488924384117,36.767799377441406,0.0002104844170389697,30.532987594604492,0.000884507258888334,0.031186683103442192
388927,6080,2,2260,-1,2,21.277278900146484,0.16985845565795898,19.671710968017578,0.08062446117401123,30.364931106567383,20.673295974731445,0.19100898504257202,19.244173049926758,26.463027954101562,0.04476505517959595,20.42386817932129,20.527610778808594,19.646217346191406,0.24732598662376404,100.0,0.1565101146697998,0.5151389837265015,2260,2292,0.2749367654323578,0,0,0.007451985962688923,0.000919405254535377,20.72783660888672,0.008456998504698277,0.19860407710075378,0.010785219259560108,0.2489008903503418,19.083967208862305,0.012348192743957043,0.2919406294822693,0.008563877083361149,0.009070126339793205,20.712970733642578,0.00848599337041378,0.21775396168231964,0.011900976300239563,0.25896763801574707,19.078824996948242,0.012362820096313953,0.2979723811149597,0.0022578618954867125,0.008856026455760002,29.056129455566406,0.0012427596375346184,0.0456271767616272,0.010848719626665115,0.0,19.024738311767578,0.012517753057181835,0.29072001576423645,22.233945846557617,0.005978678818792105,0.16357775032520294,37.94325637817383,0.00016057367611210793,21.6280517578125,0.006873771548271179,0.19222944974899292,20.250957489013672,0.009438531473279,0.24228495359420776,19.633941650390625,0.01087942160665989,0.2852616608142853,21.82227325439453,0.006573136895895004,0.16705866158008575,35.198143005371094,0.0003021241573151201,21.227493286132812,0.007537907920777798,0.1971626877784729,19.958560943603516,0.010095877572894096,0.2451573759317398,19.348617553710938,0.011618189513683319,0.28881487250328064,31.520198822021484,0.0007046609534882009,0.024680165573954582,36.90575408935547,0.00020390351710375398,31.069595336914062,0.0007817006553523242,0.029404476284980774
389221,6080,2,2554,-1,0,23.86995506286621,0.1434255838394165,22.848163604736328,0.04095450043678284,30.797033309936523,22.397964477539062,0.18447893857955933,21.810300827026367,24.327281951904297,0.09275330603122711,20.31243896484375,20.399587631225586,22.367645263671875,0.21085771918296814,100.0,0.08390909433364868,0.48808178305625916,2554,2586,0.27191323041915894,0,0,0.004102084785699844,0.0008323320653289557,23.367586135864258,0.004605123773217201,0.1697150468826294,0.005190194584429264,0.23151853680610657,22.30280876159668,0.005884631536900997,0.2717318832874298,0.0057570976205170155,0.009305855259299278,22.830677032470703,0.005211135372519493,0.21259383857250214,0.006591286510229111,0.22852002084255219,22.08420181274414,0.00618841964751482,0.26323747634887695,0.0036920844577252865,0.009120979346334934,25.44109535217285,0.0028568697161972523,0.10129020363092422,0.005797429010272026,0.0,21.746166229248047,0.006689342204481363,0.252748966217041,27.831432342529297,0.0016476194141432643,0.11952386796474457,35.391761779785156,0.0002889509196393192,27.31270980834961,0.0018566453363746405,0.1468164026737213,25.261093139648438,0.0029777674935758114,0.19612160325050354,24.652084350585938,0.0034260323736816645,0.23493194580078125,25.152225494384766,0.0030533557292073965,0.1395919919013977,33.22598648071289,0.00047577478107996285,24.62192726135254,0.0034499068278819323,0.17033465206623077,23.623807907104492,0.004341294523328543,0.20350104570388794,23.031681060791016,0.004975445568561554,0.24400587379932404,27.739198684692383,0.0016829842934384942,0.05857320874929428,36.795955657958984,0.0002091243222821504,27.190275192260742,0.0019097322365269065,0.07116429507732391
390342,6080,2,3707,-1,0,24.686185836791992,0.11987756192684174,21.88888931274414,0.04930971935391426,30.430858612060547,23.133726119995117,0.14739948511123657,21.042945861816406,25.69344711303711,0.06731992959976196,20.44015884399414,20.53727912902832,21.670394897460938,0.20406194031238556,100.0,0.11181645840406418,0.44098803400993347,3707,3739,0.27800700068473816,0,0,0.003399236360564828,0.0009055540431290865,24.22177505493164,0.0037828797940164804,0.1363738477230072,0.006473081652075052,0.22144228219985962,21.32723045349121,0.007366768084466457,0.2566235065460205,0.004859903361648321,0.009036163799464703,23.749549865722656,0.00421740161255002,0.16432029008865356,0.007865122519433498,0.21648328006267548,21.13766860961914,0.007695437874644995,0.2490440011024475,0.002695598639547825,0.008836336433887482,27.567461013793945,0.0017508696764707565,0.07161568105220795,0.0068070776760578156,0.0,21.04891586303711,0.007854321040213108,0.24001026153564453,27.288368225097656,0.001867081387899816,0.10246403515338898,39.66016387939453,0.0001081392983905971,26.7005558013916,0.0021376879885792732,0.1186026930809021,22.901708602905273,0.0051265982910990715,0.20586583018302917,22.287853240966797,0.005904930178076029,0.24037262797355652,25.558347702026367,0.002780770882964134,0.11612451076507568,35.78564453125,0.00026389770209789276,24.992176055908203,0.003167981980368495,0.13379143178462982,22.176071166992188,0.006058888975530863,0.20338818430900574,21.573680877685547,0.006960362661629915,0.2379450798034668,29.751995086669922,0.0010587673168629408,0.03354106470942497,36.94825744628906,0.00020191770454403013,29.24237823486328,0.0011905903229489923,0.04030648246407509
391535,6080,2,4900,-1,1,16.4151554107666,0.43621718883514404,15.571264266967773,0.1773291975259781,29.194602966308594,16.123231887817383,0.45700764656066895,15.357461929321289,24.298580169677734,0.07437145709991455,20.213924407958984,20.360469818115234,15.481647491455078,0.3804051876068115,100.0,0.22638185322284698,0.7833189368247986,4900,4932,0.26894068717956543,0,0,0.022828880697488785,0.001203759340569377,15.824317932128906,0.02615582011640072,0.4969497323036194,0.027725135907530785,0.3842688202857971,14.96801471710205,0.031856536865234375,0.4394683241844177,0.024416135624051094,0.009519360959529877,15.73359489440918,0.026707949116826057,0.5169577598571777,0.029124191030859947,0.4030036926269531,14.919595718383789,0.032213691622018814,0.454357385635376,0.0037165693938732147,0.009203501977026463,25.417510986328125,0.002872426062822342,0.07835119217634201,0.028303183615207672,0.0,14.860167503356934,0.032657522708177567,0.43562689423561096,17.081581115722656,0.01958131603896618,0.43253475427627563,37.32419967651367,0.0001851739943958819,16.46558380126953,0.022565338760614395,0.5000989437103271,15.968375205993652,0.025302447378635406,0.3735329806804657,15.348710060119629,0.02918294444680214,0.43078306317329407,16.7265567779541,0.021249284967780113,0.4325949549674988,34.673065185546875,0.00034095215960405767,16.1143798828125,0.024465950205922127,0.49878931045532227,15.704083442687988,0.02689005248248577,0.3793349266052246,15.088335037231445,0.03098607249557972,0.4369816184043884,27.98459815979004,0.001590524334460497,0.0336298830807209,36.280155181884766,0.00023549655452370644,27.4497127532959,0.0017989901825785637,0.039122603833675385
391644,6080,2,5009,-1,2,27.887754440307617,0.09137311577796936,22.987316131591797,0.029838068410754204,30.609703063964844,25.338754653930664,0.10035664588212967,22.074783325195312,27.24432945251465,0.05143853276968002,20.441381454467773,20.430051803588867,22.95374298095703,0.2088247388601303,100.0,0.12092150747776031,0.2467556744813919,5009,5041,0.2439371943473816,0,0,0.0016263903817161918,0.0008690200047567487,27.587251663208008,0.001742908963933587,0.1062336415052414,0.005026531871408224,0.20363329350948334,22.47011375427246,0.00566224567592144,0.24135003983974457,0.002924991538748145,0.009033621288836002,27.021953582763672,0.0019852023106068373,0.11054246872663498,0.006201856769621372,0.21375614404678345,22.403982162475586,0.005749126896262169,0.247695654630661,0.001886110519990325,0.009057220071554184,31.06314468383789,0.0007828627130948007,0.05220766365528107,0.00506553752347827,0.0,22.332265853881836,0.005844851955771446,0.2502758502960205,30.131603240966797,0.0009701520320959389,0.07620452344417572,38.23619842529297,0.00015009987691882998,29.600650787353516,0.0010963139357045293,0.0907750278711319,23.72286605834961,0.004243395756930113,0.19892948865890503,23.115215301513672,0.004880659282207489,0.23778802156448364,28.625350952148438,0.0013723503798246384,0.07959271222352982,33.71471405029297,0.0004251367354299873,28.18706512451172,0.0015180755872279406,0.095330148935318,23.282428741455078,0.004696314223110676,0.20248006284236908,22.702152252197266,0.0053676581010222435,0.242792546749115,33.18682098388672,0.00048008508747443557,0.031063076108694077,34.80107879638672,0.0003310487372800708,32.98420333862305,0.0005030137836001813,0.03785280883312225
392342,6081,3,719,-1,1,19.226865768432617,0.21036872267723083,17.436176300048828,0.14155597984790802,30.325340270996094,18.604753494262695,0.22206127643585205,17.052104949951172,25.878841400146484,0.048856690526008606,20.51246452331543,20.434532165527344,17.265628814697266,0.256470263004303,100.0,0.22056178748607635,0.6417973637580872,719,751,0.25152045488357544,0,0,0.011948500759899616,0.0009278244688175619,18.650585174560547,0.013643990270793438,0.23501256108283997,0.0180460624396801,0.26253950595855713,16.843076705932617,0.020686758682131767,0.29679402709007263,0.013788744807243347,0.008886969648301601,18.37350082397461,0.014542864635586739,0.2438204437494278,0.01971466839313507,0.26492008566856384,16.696876525878906,0.02139500342309475,0.29587268829345703,0.0025829500518739223,0.009047879837453365,27.990550994873047,0.0015883457381278276,0.04823440685868263,0.018768824636936188,0.0,16.644149780273438,0.02165633626282215,0.29178687930107117,19.484830856323242,0.011259443126618862,0.1973119080066681,38.180458068847656,0.0001520387304481119,18.871177673339844,0.01296827383339405,0.22237572073936462,17.599950790405273,0.01737820915877819,0.2543000876903534,16.981130599975586,0.020039498805999756,0.289754182100296,19.191679000854492,0.012045699171721935,0.20358440279960632,35.302757263183594,0.0002949336194433272,18.584402084350586,0.013853509910404682,0.22887222468852997,17.412776947021484,0.018143553286790848,0.25629085302352905,16.79852294921875,0.020900066941976547,0.2920779287815094,30.778406143188477,0.0008359103812836111,0.02128683216869831,36.56767272949219,0.00022041084594093263,30.31235694885254,0.0009306026622653008,0.02432495728135109
392561,6081,3,938,-1,0,26.220571517944336,0.10754705965518951,24.766624450683594,0.03633415699005127,30.85808753967285,24.200122833251953,0.12567950785160065,23.22500228881836,26.07326889038086,0.06186544522643089,20.506622314453125,20.45783805847168,24.31974220275879,0.12127113342285156,100.0,0.06659647077322006,0.5455868244171143,938,970,0.17761212587356567,0,0,0.0023874961771070957,0.0008207130595110357,25.802852630615234,0.0026285399217158556,0.12860365211963654,0.003336857073009014,0.1294824481010437,24.221670150756836,0.003782970830798149,0.15311548113822937,0.003801786806434393,0.008898932486772537,25.203369140625,0.0030176108703017235,0.14399687945842743,0.004758824128657579,0.14164255559444427,23.863624572753906,0.004108067601919174,0.1610281765460968,0.002469864208251238,0.008999453857541084,28.3406982421875,0.0014653124380856752,0.06736975163221359,0.003698501503095031,0.0,23.69826316833496,0.004267501644790173,0.14327877759933472,29.373865127563477,0.0011550839990377426,0.0785948783159256,38.27580261230469,0.00014873711916152388,28.827594757080078,0.0013099065981805325,0.09641480445861816,26.355688095092773,0.002314361510798335,0.1108316034078598,25.743751525878906,0.002664556261152029,0.1328633427619934,27.1767520904541,0.0019156880443915725,0.08924160152673721,34.92207336425781,0.00032195329549722373,26.65369987487793,0.0021608779206871986,0.10611064732074738,25.119281768798828,0.0030766064301133156,0.11970771849155426,24.53544807434082,0.0035192917566746473,0.14133840799331665,30.61618995666504,0.0008677227888256311,0.034801192581653595,36.959144592285156,0.00020141217100899667,30.131244659423828,0.0009702321840450168,0.042622148990631104
393201,6081,3,1610,-1,1,21.965606689453125,0.13405822217464447,19.622465133666992,0.09676914662122726,22.065486907958984,21.045682907104492,0.1604004055261612,19.083444595336914,26.346057891845703,0.06333932280540466,18.607398986816406,20.47669219970703,19.455739974975586,0.17131748795509338,21.68216896057129,0.14772796630859375,0.6550496220588684,1610,1642,0.25509166717529297,0,0,0.006359742488712072,0.006215144880115986,21.950439453125,0.006381988059729338,0.15456460416316986,0.010908212512731552,0.19075611233711243,19.370887756347656,0.011558758094906807,0.22197586297988892,0.007860168814659119,0.013780353590846062,21.58054542541504,0.006949370726943016,0.1796635091304779,0.012349674478173256,0.19817104935646057,19.17564582824707,0.012090254575014114,0.2266419380903244,0.0023194991517812014,0.008960472419857979,28.867889404296875,0.0012978108134120703,0.0663183182477951,0.011335119605064392,0.006788646336644888,19.19569206237793,0.012034575454890728,0.20009151101112366,22.507001876831055,0.005614353343844414,0.11519216001033783,22.134811401367188,0.006116723641753197,22.567203521728516,0.005537065211683512,0.13478094339370728,19.893218994140625,0.010248923674225807,0.16291634738445282,19.660160064697266,0.010813943110406399,0.19069646298885345,22.070507049560547,0.006207964848726988,0.1271730661392212,21.966812133789062,0.0063579753041267395,22.086681365966797,0.006184886209666729,0.1486341506242752,19.632030487060547,0.010884211398661137,0.17101570963859558,19.38899040222168,0.011510683223605156,0.2001589685678482,31.703399658203125,0.0006755537469871342,0.0272422656416893,36.16089630126953,0.00024205302179325372,31.29452133178711,0.0007422462804242969,0.03223814070224762
397450,6082,4,1148,-1,0,29.387521743774414,0.07560189813375473,26.341243743896484,0.031577110290527344,27.89987564086914,26.20758056640625,0.09026643633842468,24.39141082763672,27.478622436523438,0.039610181003808975,20.15294075012207,20.042619705200195,26.179697036743164,0.10836540907621384,100.0,0.0899161547422409,0.3511839509010315,1148,1180,0.23269234597682953,0,0,0.0011514570796862245,0.0016218574019148946,29.66943359375,0.001079087844118476,0.08964259922504425,0.002322072396054864,0.11113955080509186,25.916078567504883,0.0025608977302908897,0.13488391041755676,0.002394650364294648,0.009653967805206776,28.935260772705078,0.0012778324307873845,0.10102978348731995,0.0036379683297127485,0.11799514293670654,25.705244064331055,0.002688287291675806,0.1367245316505432,0.0017870542360469699,0.009902345016598701,32.6877555847168,0.0005385481636039913,0.03889479488134384,0.0024100730661302805,0.0,25.55821990966797,0.0027808535378426313,0.1311202049255371,31.688344955444336,0.000677900156006217,0.07411225885152817,31.89148712158203,0.0006469212239608169,31.657917022705078,0.0006826660828664899,0.08668312430381775,27.24123764038086,0.0018874547677114606,0.09687831252813339,26.63418960571289,0.0021706067491322756,0.11978771537542343,30.040603637695312,0.000990694621577859,0.08248783648014069,30.567153930664062,0.0008775760070420802,29.964977264404297,0.0010080973152071238,0.09659814834594727,26.588666915893555,0.002193477703258395,0.10624641180038452,26.031719207763672,0.0024936082772910595,0.13014857470989227,34.44257354736328,0.0003595363232307136,0.022646700963377953,36.411251068115234,0.00022849408560432494,34.205631256103516,0.00037969666300341487,0.0277255866676569
397998,6082,4,1696,-1,0,28.439550399780273,0.09168852865695953,22.817935943603516,0.04936666786670685,28.33985137939453,25.6834774017334,0.10419294983148575,21.86278533935547,27.498905181884766,0.037683919072151184,20.13558578491211,20.183269500732422,22.746999740600586,0.14884111285209656,100.0,0.11903224140405655,0.4147335886955261,1696,1728,0.2215031534433365,0,0,0.0014323362847790122,0.0014655982377007604,28.455093383789062,0.0014272192493081093,0.11017216742038727,0.00522644491866231,0.15272098779678345,22.2880859375,0.005904613994061947,0.18285317718982697,0.0027017949614673853,0.009692628867924213,27.88804054260254,0.001626281882636249,0.12035809457302094,0.006512106861919165,0.16177643835544586,22.16834831237793,0.00606967369094491,0.18823084235191345,0.0017787284450605512,0.009586789645254612,32.38457107543945,0.0005774881574325264,0.03663048520684242,0.005312515888363123,0.0,22.125518798828125,0.006129826419055462,0.17925281822681427,30.259078979492188,0.0009420894202776253,0.08016350865364075,32.068092346191406,0.000621141807641834,30.037221908569336,0.0009914659895002842,0.09818056225776672,23.26935577392578,0.004710473120212555,0.14036694169044495,22.655498504638672,0.005425630137324333,0.1703205704689026,28.953014373779297,0.0012726201675832272,0.08670204877853394,30.807706832885742,0.0008302891510538757,28.726778030395508,0.0013406710932031274,0.1050994023680687,22.981061935424805,0.005033776629716158,0.14726164937019348,22.3876953125,0.005770725663751364,0.17814326286315918,34.14360427856445,0.00038515860796906054,0.02195918932557106,35.96307373046875,0.00025333359371870756,33.92074203491211,0.0004054394084960222,0.027278698980808258
398232,6082,4,1930,-1,2,29.442611694335938,0.09747366607189178,27.285385131835938,0.046648841351270676,27.11663246154785,26.420150756835938,0.10959608852863312,25.04035758972168,27.832820892333984,0.03470216691493988,20.0930233001709,20.074613571166992,27.16469955444336,0.15358895063400269,100.0,0.1103098914027214,0.42288902401924133,1930,1962,0.2743385136127472,0,0,0.001136943930760026,0.0019423915073275566,29.943782806396484,0.0010130289010703564,0.11264433711767197,0.001868364168331027,0.16095614433288574,26.849288940429688,0.002065718639642,0.1973942518234253,0.002280263463035226,0.009788080118596554,29.487646102905273,0.0011252148542553186,0.121870256960392,0.0031330285128206015,0.1740504503250122,26.67806625366211,0.0021487881895154715,0.20260405540466309,0.0016470933333039284,0.009829668328166008,34.109046936035156,0.00038823563954792917,0.03170464187860489,0.0019210113678127527,0.0,26.54322052001953,0.002216551685705781,0.19006535410881042,31.295137405395508,0.0007421406335197389,0.08260418474674225,29.393922805786133,0.0011497614905238152,31.67855453491211,0.0006794298533350229,0.09667550027370453,28.221832275390625,0.001505972002632916,0.1501481533050537,27.61556625366211,0.001731583965010941,0.1851639300584793,30.103490829467773,0.0009764520800672472,0.08655183017253876,28.67379379272461,0.0013571275630965829,30.372112274169922,0.0009178866748698056,0.1022312194108963,27.60410499572754,0.0017361589707434177,0.1541837900876999,27.0539493560791,0.0019706296734511852,0.19050642848014832,35.88658142089844,0.00025783482124097645,0.015162765979766846,36.642913818359375,0.0002166250196751207,35.78108596801758,0.0002641747996676713,0.018936388194561005
399189,6082,4,2887,-1,3,20.16152572631836,0.15370194613933563,14.133747100830078,0.06960387527942657,27.813018798828125,19.398868560791016,0.16713593900203705,13.936295509338379,24.358280181884766,0.04884897172451019,20.270050048828125,20.413244247436523,13.994227409362793,0.31989482045173645,100.0,0.2508658468723297,0.27745455503463745,2887,2919,0.31622540950775146,0,0,0.009634902700781822,0.0016546191181987524,19.640647888183594,0.010862639173865318,0.1661662608385086,0.03860338777303696,0.3136315643787384,13.521653175354004,0.044446203857660294,0.3541894853115082,0.011484527960419655,0.009397127665579319,19.279094696044922,0.01180566567927599,0.1783117651939392,0.040398985147476196,0.3251262307167053,13.448185920715332,0.04520447552204132,0.36082717776298523,0.003665827214717865,0.009092339314520359,25.480634689331055,0.0028309791814535856,0.046983715146780014,0.039863672107458115,0.0,13.372749328613281,0.04599654674530029,0.3601776361465454,21.293964385986328,0.007423415780067444,0.14924615621566772,31.087656021118164,0.0007784566259942949,20.73363494873047,0.00844571739435196,0.16327109932899475,14.378227233886719,0.036490291357040405,0.3069843053817749,13.758296966552734,0.04208917170763016,0.34669530391693115,20.455713272094727,0.009003859013319016,0.1610349863767624,29.537317276000977,0.0011124189477413893,19.9063720703125,0.01021792646497488,0.1754678189754486,14.17381477355957,0.03824885934591293,0.3175060749053955,13.558099746704102,0.04407477378845215,0.35628393292427063,27.243871688842773,0.0018863086588680744,0.034603241831064224,34.188838958740234,0.00038116794894449413,26.741008758544922,0.002117868745699525,0.0375349298119545
406554,6084,2,390,-1,2,23.358823776245117,0.11615556478500366,22.47262954711914,0.03901928663253784,32.856361389160156,21.943891525268555,0.13773436844348907,21.397695541381836,25.04299545288086,0.05957316607236862,20.443199157714844,20.54159164428711,22.160863876342773,0.12306488305330276,100.0,0.08884265273809433,0.4391954243183136,390,422,0.26176324486732483,0,0,0.004614424891769886,0.0005180406733416021,22.802846908569336,0.005244637839496136,0.13650785386562347,0.00565896462649107,0.1304079294204712,21.891693115234375,0.006468902807682753,0.15312924981117249,0.006391617469489574,0.009029841981828213,22.228824615478516,0.005985736846923828,0.15630441904067993,0.007248204667121172,0.14390884339809418,21.54583168029785,0.0070051392540335655,0.1631413847208023,0.003131125820800662,0.008827567100524902,26.469017028808594,0.002254750346764922,0.06272342056035995,0.006080141756683588,0.0,21.539384841918945,0.007015548180788755,0.14503389596939087,25.225234985351562,0.003002455923706293,0.0994630977511406,40.04074478149414,9.906610648613423e-05,24.622901916503906,0.0034491310361772776,0.11777041852474213,23.817035675048828,0.004152373876422644,0.1160256415605545,23.201025009155273,0.004785173572599888,0.13710297644138336,23.88214874267578,0.004090582951903343,0.11254876852035522,35.873619079589844,0.00025860578170977533,23.29743194580078,0.004680118057876825,0.13254138827323914,22.808063507080078,0.005238340701907873,0.12938834726810455,22.207622528076172,0.006015030667185783,0.15188388526439667,28.913442611694336,0.0012842686846852303,0.03483091667294502,37.135475158691406,0.00019339811115060002,28.380050659179688,0.0014520951081067324,0.04083320498466492
409011,6084,2,2911,-1,1,26.737693786621094,0.1113952025771141,23.37050437927246,0.04434296116232872,31.97018814086914,24.679332733154297,0.12332382798194885,22.397554397583008,27.276004791259766,0.042905207723379135,20.477886199951172,20.575454711914062,23.254106521606445,0.117655448615551,100.0,0.11634378880262375,0.38113734126091003,2911,2943,0.27535611391067505,0,0,0.0021194866858422756,0.0006353033822961152,26.293346405029297,0.0023478225339204073,0.12903544306755066,0.004602031782269478,0.12543992698192596,22.859786987304688,0.005176321603357792,0.14332011342048645,0.0034046077635139227,0.008958006277680397,25.93419075012207,0.0025502389762550592,0.13696449995040894,0.005757641512900591,0.13472121953964233,22.751708984375,0.0053067575208842754,0.15042643249034882,0.0018724034307524562,0.008759002201259136,30.899486541748047,0.0008129266789183021,0.04328014701604843,0.004727042745798826,0.0,22.632627487182617,0.005454280413687229,0.13842183351516724,28.156978607177734,0.0015286289853975177,0.08955751359462738,39.71910095214844,0.00010668161121429875,27.576101303100586,0.001747390255331993,0.10427412390708923,24.033905029296875,0.00395011343061924,0.11062812805175781,23.42287826538086,0.004546867683529854,0.12839657068252563,27.18465805053711,0.0019122041994705796,0.09523681551218033,35.83297348022461,0.00026103740674443543,26.642953872680664,0.0021662297658622265,0.11124074459075928,23.601577758789062,0.0043635740876197815,0.11606284230947495,23.005496978759766,0.005005531944334507,0.13501150906085968,33.21470642089844,0.00047701221774332225,0.025790506973862648,37.111366271972656,0.00019447483646217734,32.83596420288086,0.0005204794579185545,0.02998417243361473
409933,6084,2,3897,-1,1,26.099925994873047,0.11285281181335449,23.4262752532959,0.044174451380968094,31.793182373046875,24.289329528808594,0.12765982747077942,22.368528366088867,27.277172088623047,0.050106730312108994,20.43529510498047,20.507244110107422,23.307363510131836,0.24580098688602448,100.0,0.1290445774793625,0.3423193097114563,3897,3929,0.24572958052158356,0,0,0.0024547509383410215,0.0006617314647883177,25.637418746948242,0.0027305998373776674,0.13497018814086914,0.004543310031294823,0.24207855761051178,22.876056671142578,0.005156965926289558,0.2906133532524109,0.0037244923878461123,0.009046291001141071,25.36741065979004,0.0029057543724775314,0.1455579698085785,0.005796249955892563,0.25372081995010376,22.759572982788086,0.00529715558513999,0.2973868250846863,0.0018719008658081293,0.008897654712200165,31.018150329589844,0.0007910156855359674,0.05107679218053818,0.0046694278717041016,0.0,22.68588638305664,0.005387800745666027,0.29261285066604614,27.562179565429688,0.0017530014738440514,0.10022589564323425,39.09857177734375,0.0001230674679391086,26.981542587280273,0.0020037605427205563,0.12151270359754562,24.144062042236328,0.0038511797320097685,0.2396305650472641,23.53040885925293,0.004435667302459478,0.2888423502445221,26.637794494628906,0.0021688053384423256,0.10562701523303986,35.394500732421875,0.00028876870055682957,26.09410858154297,0.0024580417666584253,0.12810616195201874,23.695220947265625,0.00427049258723855,0.24436461925506592,23.103418350219727,0.004893935285508633,0.29338666796684265,33.195526123046875,0.00047912372974678874,0.026337480172514915,36.81685256958008,0.000208120618481189,32.833152770996094,0.0005208165384829044,0.03234860301017761
410166,6084,2,4130,-1,2,22.79851722717285,0.12420355528593063,20.482418060302734,0.059514522552490234,27.627534866333008,21.675195693969727,0.14232678711414337,19.80729103088379,25.770660400390625,0.045881349593400955,20.135730743408203,20.490447998046875,20.227638244628906,0.17592114210128784,100.0,0.13073870539665222,0.45521730184555054,4130,4162,0.252765953540802,0,0,0.005249869544059038,0.0017268175724893808,22.37180519104004,0.0057918778620660305,0.14274410903453827,0.00894866418093443,0.18208664655685425,19.91352653503418,0.0102011077105999,0.21162870526313782,0.006799554452300072,0.00969229731708765,21.969175338745117,0.006354517303407192,0.15491797029972076,0.010453720577061176,0.19383932650089264,19.69055938720703,0.010738509707152843,0.2194926142692566,0.0026480993255972862,0.008932133205235004,27.743484497070312,0.0016813251422718167,0.04717852547764778,0.009489345364272594,0.0,19.606159210205078,0.010949245654046535,0.20416170358657837,23.915481567382812,0.0040593077428638935,0.11420205235481262,30.096643447875977,0.0009779930114746094,23.435802459716797,0.0045333560556173325,0.12958218157291412,21.068565368652344,0.007818862795829773,0.16931688785552979,20.4512996673584,0.009013013914227486,0.1962541937828064,23.092418670654297,0.004906348418444395,0.12155964970588684,29.341766357421875,0.0011636526323854923,22.610492706298828,0.005482147913426161,0.1394731104373932,20.603702545166016,0.008702213875949383,0.17605166137218475,19.996244430541992,0.010008652694523335,0.20399920642375946,30.041522979736328,0.0009904849575832486,0.026500027626752853,36.598426818847656,0.00021885542082600296,29.54991340637207,0.001109197037294507,0.030509749427437782
411680,6085,3,688,-1,1,21.064470291137695,0.2382611334323883,20.917312622070312,0.09577348083257675,31.803417205810547,20.323083877563477,0.25969091057777405,20.22287368774414,26.51548194885254,0.07047591358423233,20.48163414001465,20.513141632080078,20.768014907836914,0.17219235002994537,100.0,0.1313185691833496,0.7293217182159424,688,720,0.25786876678466797,0,0,0.007826239801943302,0.0006601741188205779,20.49211311340332,0.008928711526095867,0.28236842155456543,0.008095968514680862,0.18539108335971832,20.328838348388672,0.009270776994526386,0.21818454563617706,0.009283068589866161,0.008950277231633663,20.299198150634766,0.009334267117083073,0.30283689498901367,0.009499762207269669,0.20462296903133392,20.18134307861328,0.009591038338840008,0.2330118715763092,0.0022307545877993107,0.00888558104634285,29.18315887451172,0.0012069353833794594,0.07977168262004852,0.008379122242331505,0.0,20.14653778076172,0.009668217971920967,0.20147208869457245,21.587867736816406,0.006937661673873663,0.2230568528175354,38.38307571411133,0.00014510838082060218,20.978519439697266,0.007982670329511166,0.26418066024780273,21.367273330688477,0.007299159653484821,0.16446024179458618,20.749483108520508,0.00841495580971241,0.19313883781433105,21.229480743408203,0.007534458767622709,0.23085829615592957,34.22981643676758,0.00037758846883662045,20.63711929321289,0.008635515347123146,0.27319952845573425,21.02268409729004,0.007901899516582489,0.1749957650899887,20.421640396118164,0.00907477643340826,0.20492200553417206,31.48645782470703,0.0007101569208316505,0.03302891179919243,35.65903091430664,0.0002717046008910984,31.092376708984375,0.0007776111597195268,0.03926246240735054
411781,6085,3,789,-1,2,20.176647186279297,0.17337357997894287,17.512596130371094,0.09375501424074173,29.155155181884766,19.442272186279297,0.19423231482505798,17.123125076293945,25.304275512695312,0.058139823377132416,20.0609130859375,20.325504302978516,17.258512496948242,0.3109220564365387,100.0,0.2104557603597641,0.4454856216907501,789,821,0.27021872997283936,0,0,0.009601416997611523,0.0012147437082603574,19.629053115844727,0.010891675017774105,0.1977226734161377,0.01773129776120186,0.320881724357605,16.927776336669922,0.02028721570968628,0.37119659781455994,0.011370327323675156,0.009860719554126263,19.354455947875977,0.011602574028074741,0.21597494184970856,0.019394902512431145,0.3386876583099365,16.78636932373047,0.020958632230758667,0.3880995512008667,0.0029483071994036436,0.00927790254354477,27.04537582397461,0.0019745235331356525,0.05891357734799385,0.01879960484802723,0.0,16.637035369873047,0.021691851317882538,0.3622197210788727,20.850704193115234,0.008221091702580452,0.1504088044166565,33.602176666259766,0.00043629712308757007,20.260066986083984,0.009418752044439316,0.17234311997890472,17.813203811645508,0.01654548943042755,0.2979417145252228,17.195789337158203,0.019073091447353363,0.3482138514518738,20.290390014648438,0.009353218600153923,0.16040180623531342,31.515748977661133,0.000705383368767798,19.71280288696289,0.010683653876185417,0.18366804718971252,17.51275062561035,0.01773066632449627,0.30745750665664673,16.902725219726562,0.020404569804668427,0.3589608073234558,29.30044174194336,0.0011747778626158834,0.029394781216979027,34.35487365722656,0.00036687057581730187,28.863670349121094,0.0012990712421014905,0.03378906100988388
411795,6085,3,803,-1,0,22.576919555664062,0.11935801804065704,19.152740478515625,0.06475155055522919,21.93044662475586,21.431543350219727,0.1331387609243393,18.626136779785156,25.584625244140625,0.05224994570016861,18.48946762084961,20.339427947998047,18.830665588378906,0.28266456723213196,22.095962524414062,0.1777341365814209,0.3643169105052948,803,835,0.29782259464263916,0,0,0.005524694919586182,0.006411438342183828,22.685504913330078,0.00538827246055007,0.1340688318014145,0.012154189869761467,0.2920628786087036,18.852100372314453,0.013025367632508278,0.32879218459129333,0.007191932760179043,0.014159676618874073,22.13250732421875,0.00611997302621603,0.14502331614494324,0.01372101902961731,0.29677268862724304,18.633771896362305,0.013696915470063686,0.3314427137374878,0.0027639963664114475,0.009248207323253155,27.5290470123291,0.0017664255574345589,0.053582705557346344,0.013089814223349094,0.00617168890312314,18.491165161132812,0.014154140837490559,0.3212500512599945,23.370344161987305,0.0046022022143006325,0.10312101244926453,22.044763565063477,0.0062448736280202866,23.615625381469727,0.004349483642727137,0.11632159352302551,19.462024688720703,0.01131872646510601,0.2797304391860962,19.16297721862793,0.01212557777762413,0.31655147671699524,22.550508499145508,0.005558390635997057,0.1118340790271759,21.868772506713867,0.0065031349658966064,22.665584564208984,0.0054130456410348415,0.12568064033985138,19.098878860473633,0.01230586227029562,0.28290173411369324,18.784828186035156,0.013228703290224075,0.3209364414215088,29.73344612121582,0.0010632992489263415,0.030290810391306877,35.34489059448242,0.0002920861297752708,29.274017333984375,0.0011819475330412388,0.03468603268265724
412379,6085,3,1387,-1,0,25.236698150634766,0.1355658769607544,21.020816802978516,0.05671750381588936,30.22639274597168,23.358020782470703,0.14613592624664307,20.240970611572266,26.044204711914062,0.05266602337360382,20.49424934387207,20.566162109375,20.635644912719727,0.2702603042125702,100.0,0.13438402116298676,0.4220554232597351,1387,1419,0.23366713523864746,0,0,0.0029945422429591417,0.0009492062963545322,24.802759170532227,0.003309209132567048,0.15910841524600983,0.007905298843979836,0.28187623620033264,20.433443069458008,0.00905014667659998,0.32928791642189026,0.0046152775175869465,0.008924322202801704,24.031450271606445,0.003952347207814455,0.16795851290225983,0.009460258297622204,0.2857280969619751,20.186458587646484,0.009579751640558243,0.32796400785446167,0.0024864496663212776,0.008777758106589317,28.185691833496094,0.001518556266091764,0.05467867851257324,0.008638443425297737,0.0,20.014163970947266,0.009967435151338577,0.3173525333404541,26.960098266601562,0.0020136795938014984,0.12331937253475189,34.1212043762207,0.00038715009577572346,26.451398849487305,0.0022639150265604258,0.1476326286792755,21.593822479248047,0.006928158923983574,0.26315879821777344,20.97640609741211,0.007986556738615036,0.3092283606529236,25.418670654296875,0.0028716602828353643,0.13255424797534943,30.624256134033203,0.000866112532094121,24.975448608398438,0.003180205821990967,0.1588415950536728,21.053333282470703,0.007846331223845482,0.26464444398880005,20.46877098083496,0.008976830169558525,0.31010472774505615,30.2191162109375,0.0009507985087111592,0.02785978652536869,32.96148681640625,0.0005056513473391533,29.91705322265625,0.0010192824993282557,0.03271413967013359
412708,6085,3,1748,-1,3,24.685277938842773,0.10130293667316437,23.18282127380371,0.038985591381788254,31.133441925048828,22.87574005126953,0.10654696077108383,21.8919734954834,25.6096248626709,0.04968568682670593,20.203128814697266,20.353073120117188,22.463903427124023,0.0855829194188118,100.0,0.07293001562356949,0.5345616936683655,1748,1780,0.25257608294487,0,0,0.0033999476581811905,0.0007702927687205374,24.19701385498047,0.0038045102264732122,0.12056227773427963,0.004805270582437515,0.09424673020839691,22.612211227416992,0.005479978397488594,0.10986451059579849,0.005157343111932278,0.009543053805828094,23.484683990478516,0.004482618533074856,0.11842595785856247,0.006468487903475761,0.10339073091745377,22.18947410583496,0.0060402206145226955,0.11345524340867996,0.002748131984844804,0.009219186380505562,27.563207626342773,0.0017525855218991637,0.0499471053481102,0.0056703477166593075,0.0,21.842422485351562,0.006542709656059742,0.10072106122970581,26.77294921875,0.0021023510489612818,0.08360057324171066,38.276954650878906,0.00014869777078274637,26.19261932373047,0.0024029130581766367,0.09953323006629944,24.1408634185791,0.00385401863604784,0.07673342525959015,23.526336669921875,0.004439830780029297,0.08993644267320633,25.126455307006836,0.0030715279281139374,0.08927507698535919,34.253570556640625,0.0003755288489628583,24.576356887817383,0.003486297093331814,0.10546461492776871,23.16777992248535,0.004821944981813431,0.08400751650333405,22.578433990478516,0.005522766150534153,0.09825033694505692,29.789392471313477,0.001049689599312842,0.02705336920917034,35.71800231933594,0.0002680401084944606,29.3183536529541,0.0011699433671310544,0.03167206048965454
413948,6085,3,3020,-1,2,26.031898498535156,0.09507907927036285,23.83881378173828,0.030823344364762306,30.225351333618164,23.967254638671875,0.1254298985004425,22.55629539489746,25.82453727722168,0.06352660804986954,20.20758628845215,20.395198822021484,23.423282623291016,0.12369115650653839,100.0,0.0687238946557045,0.4485098719596863,3020,3052,0.20890872180461884,0,0,0.002493504900485277,0.0009494347614236176,25.636695861816406,0.0027310543227940798,0.11214728653430939,0.004131604451686144,0.12412770092487335,23.30984878540039,0.0046667554415762424,0.1468132734298706,0.004011201206594706,0.009533260948956013,25.000858306884766,0.003161653643473983,0.14192494750022888,0.0055509889498353004,0.146402969956398,23.027620315551758,0.004980101715773344,0.16438743472099304,0.0026154490187764168,0.009130196645855904,27.923171997070312,0.0016131801530718803,0.06724156439304352,0.004546443000435829,0.0,22.801801681518555,0.005245896056294441,0.1466604322195053,29.563716888427734,0.0011056768707931042,0.0682186707854271,37.782676696777344,0.0001666220632614568,29.0303897857666,0.0012501468881964684,0.08293537050485611,25.220849990844727,0.003005488310009241,0.1055719181895256,24.6082763671875,0.0034607674460858107,0.12575463950634003,27.090932846069336,0.0019539191853255033,0.08483440428972244,33.94035720825195,0.00040361209539696574,26.59074592590332,0.0021924281027168036,0.10154275596141815,24.186725616455078,0.0038135340437293053,0.12076390534639359,23.602184295654297,0.004362963605672121,0.14295759797096252,30.096424102783203,0.0009780424879863858,0.03766108676791191,36.19392013549805,0.00024021934950724244,29.619550704956055,0.001091553596779704,0.04533851891756058
414796,6085,3,3932,-1,3,23.748245239257812,0.12843307852745056,19.42976188659668,0.053027357906103134,31.34912872314453,22.217405319213867,0.14221665263175964,18.847604751586914,25.71625518798828,0.051753539592027664,20.359378814697266,20.615882873535156,19.270692825317383,0.19373930990695953,100.0,0.11976474523544312,0.44276267290115356,3932,3964,0.21085889637470245,0,0,0.004218669608235359,0.0007329715299420059,23.228559494018555,0.004754931200295687,0.14766377210617065,0.011403126642107964,0.19926205277442932,18.835025787353516,0.013076682575047016,0.2268144190311432,0.006001495756208897,0.009205812588334084,22.58964729309082,0.005508524365723133,0.1580090969800949,0.013038857840001583,0.21394771337509155,18.645597457885742,0.013659675605595112,0.2376169115304947,0.002681480022147298,0.008677839301526546,27.54743194580078,0.0017589633353054523,0.052715081721544266,0.011828526854515076,0.0,18.649213790893555,0.013648300431668758,0.21990984678268433,25.02423095703125,0.003144684014841914,0.11280328780412674,34.700897216796875,0.0003387741162441671,24.46558380126953,0.0035763622727245092,0.1303398609161377,19.868619918823242,0.010307138785719872,0.18343809247016907,19.25033950805664,0.01188409049063921,0.2076500803232193,24.027957916259766,0.003955525811761618,0.1221209391951561,32.44270706176758,0.0005698087625205517,23.490707397460938,0.004476405680179596,0.14106214046478271,19.533626556396484,0.011133643798530102,0.1926908791065216,18.92452049255371,0.012809968553483486,0.21798153221607208,30.2493839263916,0.0009441955480724573,0.025571448728442192,36.43287658691406,0.00022735919628757983,29.76962661743164,0.0010544779943302274,0.028998589143157005
415830,6086,4,17,-1,1,29.757564544677734,0.07032763212919235,24.604711532592773,0.03525906428694725,30.409276962280273,26.462995529174805,0.08263497054576874,23.35393714904785,27.91419219970703,0.03769125044345856,20.508222579956055,20.515274047851562,24.57415771484375,0.1630672663450241,100.0,0.1378282904624939,0.25581878423690796,17,49,0.24753090739250183,0,0,0.0010574108455330133,0.0009100650204345584,29.665443420410156,0.0010800794698297977,0.08504194766283035,0.0034636100754141808,0.1671050488948822,24.105823516845703,0.003885240526869893,0.21086767315864563,0.0022578774951398373,0.008895649574697018,29.07741928100586,0.0012366815935820341,0.09390603005886078,0.004619623068720102,0.17782710492610931,24.02513313293457,0.003958100453019142,0.2178139090538025,0.0016165189445018768,0.0088812205940485,33.020103454589844,0.0004988725413568318,0.03828379139304161,0.003488061483949423,0.0,23.952678680419922,0.00402468629181385,0.2057376503944397,31.76343536376953,0.000666279811412096,0.05701281875371933,35.2341423034668,0.0002996304538100958,31.41049575805664,0.0007226874004118145,0.06991824507713318,25.216629028320312,0.003008410567417741,0.15782848000526428,24.606945037841797,0.003461828688159585,0.19977226853370667,30.37079620361328,0.0009181646164506674,0.06650364398956299,33.72291564941406,0.00042433475027792156,30.025531768798828,0.0009941384196281433,0.08119530230760574,24.852798461914062,0.003271299647167325,0.16707424819469452,24.26471710205078,0.003745660185813904,0.21047288179397583,34.9459228515625,0.0003201901272404939,0.021676339209079742,37.24020004272461,0.000188790523679927,34.68003463745117,0.00034040550235658884,0.026416290551424026
417230,6086,4,1481,-1,3,27.577638626098633,0.1101737841963768,24.27902603149414,0.0827634185552597,31.346237182617188,25.260974884033203,0.1207619234919548,23.045595169067383,28.275821685791016,0.024295300245285034,20.161828994750977,20.231199264526367,24.332427978515625,0.2046360969543457,100.0,0.14462757110595703,0.5722520351409912,1481,1513,0.3015942871570587,0,0,0.001746772089973092,0.0007334600086323917,27.206375122070312,0.001902666175737977,0.13344722986221313,0.003733340185135603,0.21058055758476257,23.756080627441406,0.004211065825074911,0.25535646080970764,0.0029778480529785156,0.009634233079850674,27.091224670410156,0.001953788800165057,0.13803401589393616,0.004959531594067812,0.21827642619609833,23.71255874633789,0.0042534782551229,0.2582497000694275,0.0014873662730678916,0.00948156788945198,35.89241409301758,0.0002574892423581332,0.021792083978652954,0.0036877139937132597,0.0,23.710948944091797,0.004255054518580437,0.24922558665275574,28.178821563720703,0.001520960358902812,0.10129854828119278,34.59673309326172,0.0003469979565124959,27.69150161743164,0.0017015698831528425,0.12269624322652817,24.636125564575195,0.003438645275309682,0.1995152086019516,24.023300170898438,0.003959772177040577,0.2428164929151535,27.741928100585938,0.0016819274751469493,0.10474491119384766,32.17348861694336,0.0006062493193894625,27.334354400634766,0.0018474163953214884,0.1259618103504181,24.43429183959961,0.0036022246349602938,0.2012130469083786,23.863414764404297,0.004108265973627567,0.24464929103851318,37.273162841796875,0.00018736303900368512,0.010303495451807976,34.91543197631836,0.0003224461688660085,37.783748626708984,0.00016658099775668234,0.012249085120856762
417268,6086,4,1519,-1,1,30.760665893554688,0.058346010744571686,25.185928344726562,0.04033511504530907,31.42202377319336,26.74545669555664,0.06893788278102875,23.675357818603516,28.16901969909668,0.025281932204961777,20.171358108520508,20.24515151977539,25.189552307128906,0.24783101677894592,100.0,0.13662901520729065,0.29521632194519043,1519,1551,0.26605498790740967,0,0,0.0008393313619308174,0.0007207717862911522,30.66729736328125,0.0008575713145546615,0.06863490492105484,0.0030297536868602037,0.25308331847190857,24.667490005493164,0.003413902362808585,0.30247050523757935,0.0021157015580683947,0.009613115340471268,30.16710662841797,0.0009622534271329641,0.07611832767724991,0.004290067590773106,0.2524583041667938,24.606054306030273,0.0034625381231307983,0.2987585663795471,0.0015243972884491086,0.009451157413423061,35.158485412597656,0.0003048958897124976,0.023989256471395493,0.003027226310223341,0.0,24.568073272705078,0.0034929532557725906,0.29825156927108765,32.18227767944336,0.0006050235824659467,0.05110352486371994,36.59333038330078,0.00021911221847403795,31.775739669799805,0.0006643945234827697,0.060900360345840454,25.628908157348633,0.0027359582018107176,0.24202679097652435,25.016145706176758,0.003150543197989464,0.2921895384788513,31.03299903869629,0.0007883156649768353,0.054174285382032394,32.96564865112305,0.0005051672924309969,30.799409866333008,0.0008318769978359342,0.06466887146234512,25.3262939453125,0.0029333941638469696,0.24434225261211395,24.771923065185547,0.003332788124680519,0.29456281661987305,36.638206481933594,0.00021686003310605884,0.012529325671494007,34.91584777832031,0.00032241505687125027,36.97624206542969,0.0002006207942031324,0.014960377477109432
417339,6086,4,1590,-1,0,19.50275230407715,0.2626256048679352,19.211557388305664,0.16142767667770386,28.21396827697754,19.121871948242188,0.26476937532424927,18.83534049987793,28.42192840576172,0.032134778797626495,20.484336853027344,20.495899200439453,19.210893630981445,0.3832131028175354,100.0,0.221893310546875,0.7275013327598572,1590,1622,0.2744767367839813,0,0,0.01121307723224163,0.0015087008941918612,18.95989227294922,0.012706059031188488,0.3086104691028595,0.011990692466497421,0.390407532453537,18.646648406982422,0.013656364753842354,0.4617951214313507,0.012240884825587273,0.008944708853960037,18.94558334350586,0.0127479899674654,0.3067161440849304,0.01307572890073061,0.38631221652030945,18.646392822265625,0.013657174073159695,0.4535314440727234,0.0014381601940840483,0.008920928463339806,35.42170715332031,0.0002869653108064085,0.03155304491519928,0.011992529965937138,0.0,18.589412689208984,0.013837535865604877,0.4544922113418579,19.65205192565918,0.010834150947630405,0.2466915249824524,34.99715042114258,0.0003164352383464575,19.04751968383789,0.012452260591089725,0.29167667031288147,19.34478759765625,0.011628434993326664,0.376836895942688,18.72748565673828,0.013404523022472858,0.44730353355407715,19.523799896240234,0.011158864945173264,0.24496768414974213,31.890655517578125,0.0006470451480709016,18.9360294342041,0.012776067480444908,0.28996333479881287,19.22740364074707,0.011947021819651127,0.37434691190719604,18.626216888427734,0.01372076477855444,0.4451582133769989,36.41803741455078,0.00022813741816207767,0.014125881716609001,33.887630462646484,0.00040854254621081054,36.98139953613281,0.00020038275397382677,0.017655394971370697
423578,6087,5,3033,-1,2,26.194704055786133,0.17557360231876373,24.16232681274414,0.13318069279193878,30.110942840576172,24.396320343017578,0.1881781816482544,22.98064422607422,27.623807907104492,0.07050070911645889,20.404348373413086,20.542726516723633,24.030189514160156,0.2102818638086319,100.0,0.19176919758319855,0.694484293460846,3033,3065,0.3395759165287018,0,0,0.0024017610121518373,0.0009747782605700195,25.814838409423828,0.0026212967932224274,0.21316711604595184,0.003835018491372466,0.2190149575471878,23.625812530517578,0.004339291714131832,0.2650337219238281,0.0036338577046990395,0.009110983461141586,25.542057037353516,0.0027912228833884,0.22253572940826416,0.005034260451793671,0.23574474453926086,23.527135848999023,0.0044390130788087845,0.28070908784866333,0.0017283009365200996,0.008825259283185005,31.962282180786133,0.0006364612490870059,0.07710729539394379,0.003953493665903807,0.0,23.408710479736328,0.004561723209917545,0.2571413218975067,27.21816062927246,0.0018975096754729748,0.16009299457073212,37.56256866455078,0.00017528438183944672,26.650503158569336,0.0021624676883220673,0.19715449213981628,24.820749282836914,0.0032955275382846594,0.21153755486011505,24.210559844970703,0.0037926617078483105,0.25687354803085327,26.552942276000977,0.0022115956526249647,0.1626247763633728,35.00954055786133,0.0003155340382363647,26.014877319335938,0.0025032972916960716,0.19966745376586914,24.39795684814453,0.0036324907559901476,0.21438495814800262,23.813194274902344,0.004156049340963364,0.26033303141593933,34.238128662109375,0.000376866344595328,0.030410682782530785,36.567657470703125,0.000220411442569457,33.96924591064453,0.0004009363183286041,0.03612614795565605
425098,6087,5,4617,-1,0,18.396604537963867,0.32458487153053284,17.624956130981445,0.13680988550186157,30.486982345581055,17.915681838989258,0.3293377459049225,17.20791244506836,26.03889274597168,0.06244803965091705,20.298324584960938,20.44754409790039,17.503868103027344,0.26885733008384705,100.0,0.18217678368091583,0.7509732246398926,4617,4649,0.2515718936920166,0,0,0.014465700834989548,0.0008939267136156559,17.811058044433594,0.016553666442632675,0.38308650255203247,0.017278434708714485,0.26113536953926086,17.019607543945312,0.019862741231918335,0.30574142932891846,0.016159649938344955,0.009336150251328945,17.642337799072266,0.01720941811800003,0.3828495740890503,0.019019924104213715,0.27704405784606934,16.877887725830078,0.02052159793674946,0.3183996081352234,0.0024894927628338337,0.009020811878144741,28.283689498901367,0.0014846744015812874,0.06420916318893433,0.017766961827874184,0.0,16.882389068603516,0.020500339567661285,0.3185989558696747,18.765451431274414,0.013287854380905628,0.2992571294307709,37.71073913574219,0.00016940491332206875,18.1513614654541,0.015306076966226101,0.3565981388092041,17.83268165588379,0.016471456736326218,0.2536846697330475,17.21299171447754,0.018997689709067345,0.301034539937973,18.52228355407715,0.014053089544177055,0.30591487884521484,34.5836296081543,0.0003480462764855474,17.91516876220703,0.016161557286977768,0.36427220702171326,17.641759872436523,0.017211714759469032,0.2624092698097229,17.02906036376953,0.019819563254714012,0.3114762306213379,31.007326126098633,0.0007929895655252039,0.03448299318552017,35.92631530761719,0.0002554867824073881,30.576536178588867,0.0008756822790019214,0.04063927382230759
425419,6088,2,28,-1,0,27.310527801513672,0.11101500689983368,23.030412673950195,0.03315676376223564,32.420772552490234,24.934778213500977,0.12544187903404236,22.139820098876953,27.114694595336914,0.042268749326467514,20.384822845458984,20.469770431518555,23.012958526611328,0.13642644882202148,100.0,0.09399322420358658,0.35275694727897644,28,60,0.23711471259593964,0,0,0.0018575780559331179,0.0005726946983486414,26.871347427368164,0.002055252669379115,0.13214948773384094,0.004976897034794092,0.1470021903514862,22.5026912689209,0.005619929637759924,0.17527282238006592,0.0032101268880069256,0.009152041748166084,26.390308380126953,0.002295986283570528,0.14244350790977478,0.006109670270234346,0.1484590619802475,22.446327209472656,0.005693345330655575,0.17285862565040588,0.0019432591507211328,0.008974762633442879,30.647499084472656,0.0008614895050413907,0.04395425319671631,0.0049969409592449665,0.0,22.3914794921875,0.005765701178461313,0.1661948263645172,29.42793083190918,0.00114079297054559,0.09658626466989517,39.71199417114258,0.00010685636516427621,28.861034393310547,0.0012998603051528335,0.11573246121406555,23.804780960083008,0.004164105746895075,0.13074736297130585,23.1912784576416,0.004795924760401249,0.15831315517425537,28.09708595275879,0.0015498566208407283,0.10501191765069962,35.8361701965332,0.00026084540877491236,27.574172973632812,0.0017481660470366478,0.12556575238704681,23.360349655151367,0.004612806253135204,0.13339126110076904,22.76291275024414,0.005293081980198622,0.16162823140621185,33.05952453613281,0.0004943646490573883,0.02486366592347622,37.245906829833984,0.00018854241352528334,32.664703369140625,0.0005414143088273704,0.02980588749051094
428099,6088,2,2772,-1,3,25.961658477783203,0.1918516904115677,25.371694564819336,0.04292404651641846,27.538957595825195,24.132587432861328,0.2060101330280304,23.755815505981445,26.664527893066406,0.056729964911937714,19.947927474975586,20.227691650390625,25.175716400146484,0.1733563095331192,100.0,0.07427437603473663,0.577911913394928,2772,2804,0.2273055464029312,0,0,0.0025341601576656103,0.0017623994499444962,25.76280403137207,0.002652892842888832,0.22730699181556702,0.0029028893914073706,0.1848197728395462,24.88589859008789,0.0032464605756103992,0.21881958842277527,0.0038613686338067055,0.01012062281370163,25.378406524658203,0.002898406470194459,0.23612406849861145,0.004211322870105505,0.19020454585552216,24.712677001953125,0.0033785649575293064,0.21829739212989807,0.002155495807528496,0.009489226154983044,29.883323669433594,0.001027229824103415,0.05779867619276047,0.0030368855223059654,0.0,24.554237365722656,0.003504099091514945,0.20761844515800476,28.41210174560547,0.0014414176112040877,0.15864329040050507,30.70465087890625,0.0008502273703925312,28.146364212036133,0.0015323697589337826,0.18899701535701752,26.67388916015625,0.0021508540958166122,0.15732312202453613,26.066484451293945,0.0024737261701375246,0.18730399012565613,27.036968231201172,0.001978351501747966,0.16615131497383118,29.72943878173828,0.0010642805136740208,26.738737106323242,0.002118977950885892,0.19600525498390198,25.783946990966797,0.0026400082278996706,0.16629032790660858,25.216264724731445,0.003008662723004818,0.19922280311584473,31.963088989257812,0.0006363432621583343,0.03680801019072533,36.05611801147461,0.00024796370416879654,31.573322296142578,0.0006960939499549568,0.045004796236753464
428370,6088,2,3075,-1,0,23.869321823120117,0.1369934231042862,20.8272647857666,0.04274013638496399,30.71685791015625,22.427936553955078,0.16422095894813538,20.08359718322754,24.49937629699707,0.07140102237462997,20.483951568603516,20.37860107421875,20.585355758666992,0.39634639024734497,100.0,0.1391727179288864,0.30710139870643616,3075,3107,0.25464826822280884,0,0,0.00410268222913146,0.0008478407398797572,23.36918830871582,0.0046034264378249645,0.15775954723358154,0.008265583775937557,0.4074872136116028,20.247783660888672,0.00944543071091175,0.4745757281780243,0.005717506166547537,0.00894550234079361,22.822553634643555,0.0052208914421498775,0.18340255320072174,0.009809356182813644,0.4050656855106354,20.024539947509766,0.009943651966750622,0.4666275382041931,0.0035486440174281597,0.009165155701339245,25.711261749267578,0.0026845652610063553,0.07507701963186264,0.008739056997001171,0.0,19.963876724243164,0.01008352730423212,0.4653310775756836,27.182003021240234,0.0019133738242089748,0.11180706322193146,37.838279724121094,0.00016450240218546242,26.610595703125,0.0021824308205395937,0.1297539472579956,21.847753524780273,0.00653468444943428,0.39709925651550293,21.230756759643555,0.007532245945185423,0.46596693992614746,24.86566734313965,0.003261619247496128,0.12666627764701843,33.764747619628906,0.00042026693699881434,24.319448471069336,0.0036987503990530968,0.146192729473114,21.045452117919922,0.007860585115849972,0.3950458765029907,20.44327735900879,0.009029681794345379,0.4624319076538086,27.992835998535156,0.001587510108947754,0.04334307461977005,35.8099479675293,0.0002624249318614602,27.46814727783203,0.0017913694027811289,0.050563376396894455
429331,6088,2,4100,-1,1,19.98237419128418,0.22837470471858978,18.87915802001953,0.06771837919950485,21.70140266418457,19.29531478881836,0.24490311741828918,18.380008697509766,23.093772888183594,0.1110008955001831,18.508363723754883,20.459518432617188,18.571998596191406,0.2833070158958435,21.999805450439453,0.1471770852804184,0.4601149559020996,4100,4132,0.27427002787590027,0,0,0.01004066877067089,0.006758647505193949,19.769289016723633,0.010545595549046993,0.26179611682891846,0.012944470159709454,0.2938598394393921,18.56572914123535,0.013913203962147236,0.34704333543777466,0.011761662550270557,0.014098197221755981,19.430116653442383,0.011402194388210773,0.2787495255470276,0.01452108845114708,0.30145469307899475,18.342147827148438,0.014648232609033585,0.3533627688884735,0.0049048191867768764,0.00899597443640232,23.690221786499023,0.0042754109017550945,0.12369149923324585,0.013893135823309422,0.006309857126325369,18.22180938720703,0.01505979709327221,0.3330346345901489,22.074573516845703,0.006202156655490398,0.18037858605384827,22.08092498779297,0.00619309488683939,22.073596954345703,0.006203550845384598,0.20722618699073792,20.157316207885742,0.009644254110753536,0.2586694657802582,19.925384521484375,0.010173292830586433,0.30405473709106445,20.73673439025879,0.008439693599939346,0.18746662139892578,21.89347267150879,0.006466255057603121,20.5832462310791,0.00874330010265112,0.21476730704307556,19.22266387939453,0.011960065923631191,0.2657788395881653,18.925872802734375,0.012805984355509281,0.3118584156036377,26.100427627563477,0.002454467350617051,0.06761099398136139,34.76164245605469,0.0003340688708703965,25.558486938476562,0.0027806826401501894,0.07980263978242874
429471,6088,2,4240,-1,1,23.990610122680664,0.11078011244535446,19.646896362304688,0.0336182527244091,30.92329216003418,22.453920364379883,0.13901770114898682,19.112773895263672,24.87360382080078,0.05825696885585785,20.305065155029297,20.451078414916992,19.44039535522461,0.1311843991279602,100.0,0.12668746709823608,0.2653636932373047,4240,4272,0.22904466092586517,0,0,0.003989690914750099,0.0008084825822152197,23.48808479309082,0.0044791074469685555,0.1294655203819275,0.010847015306353569,0.14080794155597687,19.06174087524414,0.012411543168127537,0.16261541843414307,0.005683396942913532,0.009321664460003376,22.90419578552246,0.005123663693666458,0.15713180601596832,0.012266553938388824,0.14539770781993866,18.940034866333008,0.012764289043843746,0.16295790672302246,0.003255664836615324,0.009013472124934196,26.252796173095703,0.0023698483128100634,0.06224602460861206,0.011375236324965954,0.0,18.81891632080078,0.013125273399055004,0.15255707502365112,26.92765998840332,0.0020287760999053717,0.08929817378520966,38.87730407714844,0.00012949996744282544,26.343299865722656,0.0023209722712635994,0.10579048842191696,20.42901039123535,0.009059390984475613,0.12815263867378235,19.81174087524414,0.010443022474646568,0.14991754293441772,24.92418098449707,0.00321797002106905,0.10513030737638474,34.51011276245117,0.0003539883182384074,24.366872787475586,0.003658582689240575,0.12480013072490692,19.883779525756836,0.010271224193274975,0.12944453954696655,19.277198791503906,0.011810824275016785,0.15244294703006744,28.62627410888672,0.0013720581773668528,0.03700905293226242,35.89460372924805,0.00025735932285897434,28.11479377746582,0.0015435504028573632,0.04423081874847412
432829,6089,3,2777,-1,3,26.097347259521484,0.09812762588262558,25.144540786743164,0.037284936755895615,31.47629165649414,24.031827926635742,0.1047293171286583,23.47662925720215,26.52704620361328,0.05061691626906395,20.2635498046875,20.471532821655273,24.633495330810547,0.0907190814614296,100.0,0.06613801419734955,0.5637444257736206,2777,2809,0.25400176644325256,0,0,0.0024562084581702948,0.0007118209614418447,25.64701271057129,0.002724575810134411,0.11429325491189957,0.003058764385059476,0.09786999225616455,24.635234832763672,0.003439352149143815,0.11435903608798981,0.003952003084123135,0.00941119808703661,25.069425582885742,0.0031121273059397936,0.11698790639638901,0.004490939434617758,0.11482840776443481,24.222936630249023,0.0037818693090230227,0.12776044011116028,0.0022248229943215847,0.008971123024821281,29.25574493408203,0.0011869306908920407,0.05227934569120407,0.0034407286439090967,0.0,24.01201629638672,0.003970071207731962,0.10532338172197342,28.324432373046875,0.0014708103844895959,0.08359339833259583,39.02676010131836,0.00012511920067481697,27.75249671936035,0.0016778396675363183,0.09904497861862183,26.353046417236328,0.0023157696705311537,0.07979743927717209,25.741416931152344,0.002665988402441144,0.09322013705968857,26.71208953857422,0.0021320199593901634,0.08694000542163849,34.173980712890625,0.0003824738669209182,26.19575309753418,0.002401180798187852,0.10320315510034561,25.289226531982422,0.0029585405718535185,0.08930011093616486,24.72513198852539,0.0033688906114548445,0.10484771430492401,31.323200225830078,0.0007373611442744732,0.028922300785779953,35.298927307128906,0.0002951940114144236,30.939956665039062,0.0008053868659771979,0.033861950039863586
441447,6091,5,1327,-1,2,21.72895050048828,0.10686717182397842,17.252033233642578,0.05001871660351753,31.40245819091797,20.57124137878418,0.11639432609081268,16.833093643188477,24.755260467529297,0.04727824404835701,20.519893646240234,20.507211685180664,17.03687858581543,0.17751966416835785,100.0,0.15553854405879974,0.3215840458869934,1327,1359,0.2558441460132599,0,0,0.006715914700180292,0.0007240257691591978,21.170351028442383,0.007637742906808853,0.11949889361858368,0.018827680498361588,0.18577840924263,16.652050018310547,0.02161698043346405,0.20740142464637756,0.008767500519752502,0.008871780708432198,20.579195022583008,0.008751457557082176,0.12503010034561157,0.020734354853630066,0.19771599769592285,16.46306610107422,0.022578416392207146,0.21572506427764893,0.0033455996308475733,0.008897721767425537,26.035518646240234,0.0024914268869906664,0.04532714933156967,0.019783910363912582,0.0,16.4153995513916,0.022827589884400368,0.1975824534893036,22.866397857666016,0.0051684509962797165,0.0894903689622879,38.49979782104492,0.00014126025780569762,22.260772705078125,0.005941865034401417,0.10051053762435913,17.59483528137207,0.017398687079548836,0.17606136202812195,16.97621726989746,0.020062187686562538,0.1977815330028534,22.017641067504883,0.006283996626734734,0.09370463341474533,35.337406158447266,0.0002925899752881378,21.423206329345703,0.007205751724541187,0.10477889329195023,17.29894256591797,0.018625406548380852,0.1791205108165741,16.684776306152344,0.021454699337482452,0.20103555917739868,29.01284408569336,0.0012552078114822507,0.019046762958168983,36.17172622680664,0.00024145017960108817,28.504207611083984,0.0014111704658716917,0.021131180226802826
443718,6091,5,3694,-1,1,22.091949462890625,0.14777536690235138,18.529165267944336,0.06975829601287842,29.16501235961914,20.983409881591797,0.1600935012102127,17.998945236206055,24.919246673583984,0.04946118965744972,19.920352935791016,20.048582077026367,18.279796600341797,0.3260502815246582,100.0,0.16834263503551483,0.41438281536102295,3694,3726,0.31136250495910645,0,0,0.006177391856908798,0.001211989438161254,21.585594177246094,0.006941299885511398,0.16826561093330383,0.01403083186596632,0.3249509036540985,17.92842674255371,0.01611228846013546,0.37504705786705017,0.007973686791956425,0.010185088962316513,21.172780990600586,0.0076334718614816666,0.1788620948791504,0.015852781012654305,0.33323797583580017,17.75372314453125,0.016773652285337448,0.37894707918167114,0.00322162639349699,0.009888761676847935,26.583847045898438,0.0021959131117910147,0.05047761648893356,0.014860058203339577,0.0,17.65831756591797,0.017146222293376923,0.3766978979110718,23.494911193847656,0.004472074564546347,0.13199400901794434,34.43708038330078,0.0003599913907237351,22.92029571533203,0.005104702897369862,0.1529380977153778,19.033143997192383,0.012493543326854706,0.32032567262649536,18.413679122924805,0.014408942312002182,0.3707932233810425,22.514347076416016,0.005604865029454231,0.1464768350124359,31.795654296875,0.0006613549194298685,21.961742401123047,0.006365404464304447,0.16956576704978943,18.61309814453125,0.013762272894382477,0.3263958990573883,18.00589370727539,0.01582743600010872,0.37676143646240234,28.70847511291504,0.0013463327195495367,0.031221847981214523,34.70333480834961,0.0003385840682312846,28.23512077331543,0.0015013710362836719,0.03596169501543045
447296,6092,2,2355,-1,1,29.601709365844727,0.08087548613548279,24.647747039794922,0.030040252953767776,30.066320419311523,25.7960147857666,0.08820798993110657,23.121326446533203,26.924421310424805,0.04651627317070961,19.63575553894043,19.663021087646484,24.611072540283203,0.14035727083683014,100.0,0.1006103903055191,0.29858002066612244,2355,2387,0.22144672274589539,0,0,0.0010960468789562583,0.000984845100902021,29.53444480895996,0.0011131548089906573,0.09417146444320679,0.003429458010941744,0.14837922155857086,24.13527488708496,0.003858980955556035,0.17601856589317322,0.002632684074342251,0.010874876752495766,28.64977264404297,0.0013646541628986597,0.09825137257575989,0.0048737963661551476,0.15786321461200714,24.048263549804688,0.003937075845897198,0.18090014159679413,0.002030288567766547,0.01080681849271059,31.674571990966797,0.0006800534320063889,0.048857271671295166,0.0034585408866405487,0.0,23.989591598510742,0.003990624099969864,0.16599935293197632,32.10364532470703,0.0006160776247270405,0.06203632801771164,33.78465270996094,0.0004183452983852476,31.894330978393555,0.0006464978796429932,0.07375596463680267,25.521581649780273,0.0028044129721820354,0.13240884244441986,24.91436195373535,0.003225252265110612,0.15551608800888062,29.913440704345703,0.001020131167024374,0.06943020969629288,30.23857307434082,0.0009465483017265797,29.86551284790039,0.001031451509334147,0.08286848664283752,24.938161849975586,0.0032076274510473013,0.13657499849796295,24.40300941467285,0.003628265578299761,0.1617092341184616,33.31172561645508,0.0004664741863962263,0.02672090381383896,33.52459716796875,0.00044416103628464043,33.27988052368164,0.00046990698319859803,0.03199699521064758
451518,6093,3,1671,-1,3,21.9925594329834,0.12896105647087097,19.108427047729492,0.042509980499744415,31.98647689819336,21.005111694335938,0.14131681621074677,18.58344841003418,25.64071273803711,0.036740101873874664,20.51718521118164,20.60088348388672,18.9296932220459,0.1411130428314209,36.48650360107422,0.08577527850866318,0.49559712409973145,1671,1703,0.14474977552890778,0,0,0.006320393644273281,0.0006329251918941736,21.429460525512695,0.0071953884325921535,0.15363331139087677,0.012278838083148003,0.1456553190946579,18.524072647094727,0.014047292992472649,0.16906046867370605,0.007933939807116985,0.008877311833202839,21.085290908813477,0.007788806222379208,0.16050119698047638,0.013856555335223675,0.15277312695980072,18.355655670166016,0.014602744951844215,0.17016522586345673,0.002728530205786228,0.00870786514133215,27.426498413085938,0.0018086322816088796,0.03570369631052017,0.012794720008969307,0.00022456909937318414,18.318387985229492,0.014728590846061707,0.1646873652935028,22.992307662963867,0.0050207567401230335,0.11684876680374146,37.63196563720703,0.000172505751834251,22.390769958496094,0.005766641814261675,0.14218604564666748,19.446138381958008,0.011360207572579384,0.13544230163097382,18.838706970214844,0.013065599836409092,0.15621183812618256,22.354637145996094,0.005814822856336832,0.12179158627986908,34.81923294067383,0.0003296678187325597,21.766111373901367,0.006658691912889481,0.14792336523532867,19.12885284423828,0.01222122460603714,0.1434222012758255,18.526927947998047,0.014038064517080784,0.1661270558834076,30.129117965698242,0.0009707071585580707,0.020166713744401932,37.49733352661133,0.000177937195985578,29.61510467529297,0.0010926717659458518,0.024403735995292664
454594,6094,4,78,-1,2,26.85816192626953,0.09073369204998016,17.69780158996582,0.062247276306152344,31.416893005371094,24.74136734008789,0.10305363684892654,17.39742660522461,27.614253997802734,0.03488609194755554,20.273645401000977,20.169069290161133,17.645240783691406,0.18887919187545776,100.0,0.2117173671722412,0.2940112054347992,78,110,0.30992650985717773,0,0,0.0020615020766854286,0.000721623538993299,26.444265365600586,0.00226763729006052,0.11139482259750366,0.016991036012768745,0.19019603729248047,17.096067428588867,0.0195161085575819,0.232905313372612,0.0033563196193426847,0.00938935112208128,26.14722442626953,0.0024281612131744623,0.11857329308986664,0.018207795917987823,0.19791746139526367,17.087888717651367,0.01955289952456951,0.23544158041477203,0.0017321064369753003,0.00961818266659975,32.84946823120117,0.0005188639624975622,0.034361716359853745,0.01719791814684868,0.0,17.023761749267578,0.019843751564621925,0.233189657330513,27.698291778564453,0.0016989115392789245,0.08156991004943848,33.823543548583984,0.00041461552609689534,27.220481872558594,0.0018964954651892185,0.10025472193956375,17.82598114013672,0.01649688184261322,0.18297187983989716,17.206533432006836,0.01902596466243267,0.22517472505569458,26.983909606933594,0.0020026687998324633,0.08437441289424896,32.49721145629883,0.0005627027712762356,26.52825927734375,0.002224201802164316,0.10342088341712952,17.73221206665039,0.01685694418847561,0.18638846278190613,17.1169376373291,0.01942255347967148,0.22880855202674866,34.597572326660156,0.0003469308721832931,0.018874257802963257,37.33163070678711,0.00018485747568774968,34.296146392822266,0.00037186520057730377,0.023241978138685226
454878,6094,4,362,-1,2,24.31987762451172,0.1173877865076065,18.97977066040039,0.10451822727918625,31.767353057861328,22.92809295654297,0.123814657330513,18.516704559326172,27.49286460876465,0.03052811697125435,20.08458709716797,20.14153480529785,18.86700439453125,0.2249978482723236,100.0,0.2413071244955063,0.433133602142334,362,394,0.28024736046791077,0,0,0.003698386251926422,0.0006656787591055036,23.803897857666016,0.004164956975728273,0.13952232897281647,0.012648033909499645,0.23024249076843262,18.38677978515625,0.014498469419777393,0.2691943645477295,0.005095546133816242,0.009807118214666843,23.594501495361328,0.004370689392089844,0.14068135619163513,0.014071153476834297,0.23840907216072083,18.31771469116211,0.014730874449014664,0.273456871509552,0.0017812043661251664,0.009679359383881092,32.47104263305664,0.0005661036120727658,0.02985532209277153,0.012980741448700428,0.0,18.245527267456055,0.014977778308093548,0.2650703191757202,24.865520477294922,0.003261731006205082,0.1102350503206253,37.91302490234375,0.00016169532318599522,24.272842407226562,0.0037386592011898756,0.13258494436740875,19.08754539489746,0.012338021770119667,0.2202281355857849,18.469013214111328,0.014226522296667099,0.25903135538101196,24.421689987182617,0.00361269386485219,0.11367971450090408,34.58571243286133,0.0003478794824331999,23.85633087158203,0.004114972893148661,0.13655005395412445,18.982994079589844,0.012638651765882969,0.22456276416778564,18.37171745300293,0.014548840001225471,0.2640845775604248,34.564796447753906,0.00034955915180034935,0.017093824222683907,36.71928024291992,0.000212849146919325,34.3110466003418,0.0003705914714373648,0.02066478133201599
456101,6094,4,1585,-1,1,27.398075103759766,0.0803477019071579,22.869672775268555,0.045843057334423065,29.0635986328125,24.99244499206543,0.09242112934589386,21.870155334472656,27.343570709228516,0.032237302511930466,19.98952293395996,20.101842880249023,22.780967712402344,0.22343051433563232,100.0,0.13402611017227173,0.34204572439193726,1585,1617,0.2363254874944687,0,0,0.0018205071100965142,0.0012406243477016687,27.190303802490234,0.001909719780087471,0.09587898850440979,0.005164555739611387,0.2274366319179535,22.31553077697754,0.005867415573447943,0.26916465163230896,0.003167784307152033,0.010024156421422958,26.75109100341797,0.0021129578817635775,0.1040695384144783,0.0065010651014745235,0.23482297360897064,22.224714279174805,0.005991403013467789,0.2709646224975586,0.0018434993689879775,0.0097682299092412,32.04599380493164,0.0006243102834559977,0.031293947249650955,0.0052711255848407745,0.0,22.159488677978516,0.006082067731767893,0.2650783360004425,28.80178451538086,0.001317715272307396,0.07190749794244766,32.19521713256836,0.0006032235105521977,28.45382308959961,0.0014276370638981462,0.08787590265274048,23.33430290222168,0.004640552215278149,0.2160983383655548,22.72001075744629,0.005345631390810013,0.25697317719459534,27.84919548034668,0.001640893635340035,0.07447908818721771,30.834047317504883,0.0008252686820924282,27.529172897338867,0.0017663745675235987,0.0904112309217453,23.014562606811523,0.004995095077902079,0.22178930044174194,22.420663833618164,0.005727084819227457,0.262245774269104,34.07931900024414,0.00039090251084417105,0.016653457656502724,35.71162796020508,0.00026843376690521836,33.8748779296875,0.0004097438941244036,0.02022048830986023
461979,6095,5,2344,-1,0,22.97276496887207,0.20647075772285461,22.235689163208008,0.17993435263633728,28.380489349365234,22.014455795288086,0.20967067778110504,21.37782096862793,27.837085723876953,0.032335542142391205,19.954792022705078,20.236568450927734,22.28848648071289,0.31013327836990356,100.0,0.2420068234205246,0.7435094118118286,2344,2376,0.36571377515792847,0,0,0.005043400917202234,0.0014519483083859086,22.521276473999023,0.00559593178331852,0.24487365782260895,0.005976282991468906,0.30520644783973694,21.65165138244629,0.006836516782641411,0.3601047098636627,0.006288609467446804,0.010104642249643803,22.440088272094727,0.005701527930796146,0.24230645596981049,0.007281449157744646,0.31166449189186096,21.59610939025879,0.0069245100021362305,0.36064401268959045,0.0016454755095764995,0.009469852782785892,33.54847717285156,0.00044172536581754684,0.029359497129917145,0.005904069636017084,0.0,21.667007446289062,0.00681238854303956,0.36635738611221313,23.395713806152344,0.004575394093990326,0.20543962717056274,31.210758209228516,0.0007567008724436164,22.871074676513672,0.005162885412573814,0.24466463923454285,22.585084915161133,0.005514316726475954,0.3085642457008362,21.968936920166016,0.0063548642210662365,0.36443468928337097,23.190338134765625,0.004796960856765509,0.20802393555641174,30.466075897216797,0.0008982401923276484,22.678665161132812,0.0053967637941241264,0.24804362654685974,22.394197463989258,0.005762095097452402,0.30681633949279785,21.79930877685547,0.006607985123991966,0.36200085282325745,35.55890655517578,0.0002780414361041039,0.015710696578025818,35.71390151977539,0.000268293428234756,35.53554153442383,0.0002795411564875394,0.018486376851797104
463435,6095,5,3896,-1,0,19.05685806274414,0.16123910248279572,13.767677307128906,0.08706717938184738,31.85302734375,18.313716888427734,0.17071890830993652,13.566930770874023,24.005849838256836,0.043445341289043427,20.305572509765625,20.332944869995117,13.649054527282715,0.3557072877883911,31.597248077392578,0.25000807642936707,0.348257452249527,3896,3928,0.2959338128566742,0,0,0.012425506487488747,0.0006526756915263832,18.46590232849121,0.014236711896955967,0.18311983346939087,0.04199836030602455,0.3600793480873108,13.16360855102539,0.048265762627124786,0.41215744614601135,0.014744438230991364,0.009320580400526524,18.07464027404785,0.015578878112137318,0.1869872659444809,0.043985240161418915,0.37014028429985046,13.071757316589355,0.049297433346509933,0.4168930947780609,0.0039757126942276955,0.009262017905712128,24.999786376953125,0.003162434557452798,0.04196798801422119,0.0431612953543663,0.0006922698812559247,13.036872863769531,0.04969499260187149,0.40655896067619324,20.014511108398438,0.009966647252440453,0.15873847901821136,38.624977111816406,0.0001372468686895445,19.401012420654297,0.011478861793875694,0.1789901703596115,14.022189140319824,0.039607834070920944,0.35244232416152954,13.410110473632812,0.04560253396630287,0.4030929207801819,19.34902572631836,0.011617089621722698,0.16153797507286072,34.62844467163086,0.0003444732865318656,18.744752883911133,0.013351337984204292,0.18173882365226746,13.822373390197754,0.04147273674607277,0.3559703230857849,13.213223457336426,0.047717493027448654,0.4065788686275482,27.71518898010254,0.001692314981482923,0.020684393122792244,35.691017150878906,0.00026971095940098166,27.186992645263672,0.0019111771835014224,0.023488476872444153
466320,6096,2,1871,-1,3,29.432668685913086,0.07949143648147583,25.463388442993164,0.032375432550907135,31.852903366088867,26.201946258544922,0.09788314998149872,23.974868774414062,27.729515075683594,0.042588844895362854,20.447940826416016,20.530532836914062,25.47036361694336,0.13091082870960236,100.0,0.09477875381708145,0.3415895700454712,1871,1903,0.21729908883571625,0,0,0.0011395489564165473,0.0006526942015625536,29.156206130981445,0.0012144495267421007,0.09418219327926636,0.00284224352799356,0.13458801805973053,24.9992733001709,0.0031628075521439314,0.15948833525180817,0.0023977577220648527,0.009019984863698483,28.60450553894043,0.0013789532240480185,0.11092159897089005,0.004004174843430519,0.14390641450881958,24.881296157836914,0.0032499032095074654,0.16508695483207703,0.0016867417143657804,0.008850067853927612,32.33073425292969,0.0005846916465088725,0.04390977323055267,0.0028376809787005186,0.0,24.84888458251953,0.003274247283115983,0.15557198226451874,31.630212783813477,0.0006870350916869938,0.06919191032648087,37.925498962402344,0.00016123153909575194,31.14679718017578,0.0007679279078729451,0.08344335854053497,26.46733856201172,0.002255622763186693,0.12446856498718262,25.859586715698242,0.002594426041468978,0.1487364023923874,30.002077102661133,0.0009995223954319954,0.07646594196557999,33.72046661376953,0.00042457424569875,29.633808135986328,0.0010879759211093187,0.0916227400302887,25.860260009765625,0.0025940246414393187,0.12852199375629425,25.302478790283203,0.002949526533484459,0.15322501957416534,34.185482025146484,0.0003814625379163772,0.025471169501543045,35.61932373046875,0.00027420013793744147,34.001556396484375,0.00039796449709683657,0.030314646661281586
467293,6096,2,2876,-1,0,22.223697662353516,0.22001957893371582,19.265697479248047,0.07615098357200623,31.134355545043945,21.323612213134766,0.2314031720161438,18.814876556396484,26.750606536865234,0.036786142736673355,20.36261749267578,20.40347671508789,19.166126251220703,0.3831733465194702,100.0,0.18003037571907043,0.4229896366596222,2876,2908,0.303550124168396,0,0,0.005992808844894171,0.000770130951423198,21.677276611328125,0.006796298548579216,0.25688809156417847,0.011842147447168827,0.3784559667110443,18.669063568115234,0.013586065731942654,0.44188255071640015,0.0073729087598621845,0.009198949672281742,21.492324829101562,0.007091979496181011,0.26437875628471375,0.013137485831975937,0.39038750529289246,18.60187339782715,0.01379789225757122,0.45117297768592834,0.002113193739205599,0.009112811647355556,29.84502410888672,0.0010363293113186955,0.03497465327382088,0.012116783298552036,0.0,18.544647216796875,0.013980903662741184,0.4494210481643677,23.091123580932617,0.004907810594886541,0.2171696424484253,38.463401794433594,0.00014244922203943133,22.486480712890625,0.00564094353467226,0.25774329900741577,19.55866050720215,0.011069651693105698,0.3705042600631714,18.93995475769043,0.012764525599777699,0.4357340335845947,22.614646911621094,0.0054769087582826614,0.21725720167160034,35.152584075927734,0.0003053105901926756,22.02556610107422,0.006272539962083101,0.257028728723526,19.340503692626953,0.01163991168141365,0.38094234466552734,18.729228973388672,0.01339914370328188,0.4468507468700409,32.2939567565918,0.0005896638031117618,0.019316645339131355,36.965919494628906,0.00020109822798985988,31.874589920043945,0.0006494431290775537,0.022943202406167984
467853,6096,2,3468,-1,2,23.882396697998047,0.11394336074590683,18.588001251220703,0.09577863663434982,29.978469848632812,22.397899627685547,0.1267065405845642,18.068248748779297,26.284278869628906,0.03542466461658478,20.351669311523438,20.3387451171875,18.37236213684082,0.17898426949977875,100.0,0.20999613404273987,0.45609715580940247,3468,3500,0.3116612136363983,0,0,0.004090349655598402,0.001004969934001565,23.40557098388672,0.004565023351460695,0.13457971811294556,0.01384203415364027,0.18265396356582642,17.999176025390625,0.015851939097046852,0.21663181483745575,0.005757184699177742,0.009222166612744331,22.81987762451172,0.005224110558629036,0.1428467482328415,0.015601813793182373,0.19840799272060394,17.802509307861328,0.01658628322184086,0.22982513904571533,0.0023527299053967,0.009249654598534107,28.88850212097168,0.0012916644336655736,0.031008662655949593,0.014546681195497513,0.0,17.750883102416992,0.016784630715847015,0.21407531201839447,24.598501205444336,0.003468566108494997,0.10182133316993713,38.961483001708984,0.00012701403466053307,23.998279571533203,0.0039826505817472935,0.12366355955600739,18.75983428955078,0.013305054046213627,0.17649045586585999,18.14042091369629,0.01534468773752451,0.21246880292892456,23.915924072265625,0.004058892838656902,0.10957351326942444,35.22647476196289,0.0003001597069669515,23.337480545043945,0.0046371594071388245,0.13262692093849182,18.530221939086914,0.014027419500052929,0.18275806307792664,17.918102264404297,0.016150642186403275,0.22006264328956604,31.444061279296875,0.0007171234465204179,0.014396477490663528,36.240943908691406,0.00023763238277751952,31.01883316040039,0.0007908912957645953,0.017189426347613335
469343,6096,2,4990,-1,4,25.99127197265625,0.1357579380273819,21.741455078125,0.08055813610553741,30.505416870117188,24.377819061279297,0.14265690743923187,21.108013153076172,27.878929138183594,0.043027788400650024,20.5838623046875,20.547122955322266,21.791339874267578,0.29374656081199646,100.0,0.202553391456604,0.3977130949497223,4990,5022,0.30816319584846497,0,0,0.002516938839107752,0.0008901405381038785,25.57956886291504,0.002767215482890606,0.16447734832763672,0.006696603260934353,0.2915789783000946,21.187580108642578,0.0076075042597949505,0.34456655383110046,0.0036493719089776278,0.008742056787014008,25.427417755126953,0.0028658818919211626,0.16378553211688995,0.007748167030513287,0.3004903793334961,21.189552307128906,0.007604049053043127,0.3522990345954895,0.0016296985559165478,0.008816329762339592,32.8061637878418,0.000524063128978014,0.04312136024236679,0.006620126310735941,0.0,21.169857025146484,0.007638607639819384,0.3505859076976776,26.896892547607422,0.002043199259787798,0.1219949871301651,38.154396057128906,0.00015295388584490865,26.318981170654297,0.002334006130695343,0.1484411358833313,22.051847457885742,0.006234697066247463,0.2907026410102844,21.43794059753418,0.007181347347795963,0.3473427891731262,26.43801498413086,0.0022709027398377657,0.12850338220596313,35.169189453125,0.0003041451273020357,25.894790649414062,0.002573481062427163,0.15515217185020447,21.899946212768555,0.0064566233195364475,0.296365886926651,21.295759201049805,0.007420344278216362,0.35358181595802307,35.079654693603516,0.0003104806237388402,0.022861354053020477,36.787513732910156,0.0002095312811434269,34.86767578125,0.00032601127168163657,0.02694428339600563
469956,6097,3,537,-1,1,24.76427459716797,0.1096981018781662,22.82414436340332,0.04186073690652847,31.8289737701416,23.177955627441406,0.12757417559623718,21.767627716064453,26.090633392333984,0.0487348847091198,20.551965713500977,20.58551597595215,22.55817222595215,0.11559529602527618,100.0,0.07704146951436996,0.5433533191680908,537,569,0.1900414675474167,0,0,0.0033386617433279753,0.0006563004571944475,24.258146286010742,0.0037513331044465303,0.12942034006118774,0.0052189817652106285,0.1203162744641304,22.242252349853516,0.005967258475720882,0.1405588984489441,0.004810658749192953,0.00880650244653225,23.77173614501953,0.004195913206785917,0.14409273862838745,0.006656366400420666,0.1433233618736267,21.987308502197266,0.006328036542981863,0.15976276993751526,0.002460008952766657,0.008738736622035503,28.25634765625,0.001494050957262516,0.049508966505527496,0.0055485921911895275,0.0,21.93669319152832,0.006402221508324146,0.13632379472255707,26.569839477539062,0.0022030083928257227,0.08925104886293411,38.70547103881836,0.0001347264915239066,25.98392105102539,0.0025212052278220654,0.10613148659467697,23.727140426635742,0.004239220637828112,0.10960838943719864,23.10993194580078,0.0048865992575883865,0.129281684756279,25.310989379882812,0.0029437521006911993,0.10182249546051025,35.35602569580078,0.0002913383359555155,24.74720001220703,0.0033518157433718443,0.12182141840457916,23.04265594482422,0.0049628871493041515,0.11953508108854294,22.44309425354004,0.00569758377969265,0.13987839221954346,30.714338302612305,0.0008483326528221369,0.029235336929559708,37.35683822631836,0.0001837877498473972,30.220157623291016,0.0009505703346803784,0.034064650535583496
470351,6097,3,964,-1,2,26.551898956298828,0.09174472838640213,19.528297424316406,0.03004542551934719,30.808237075805664,23.83144187927246,0.1052340418100357,18.903905868530273,25.543094635009766,0.05692946910858154,20.15972900390625,20.30805206298828,19.156953811645508,0.15553617477416992,100.0,0.12954659759998322,0.2319275587797165,964,996,0.1930951178073883,0,0,0.002212126739323139,0.0008301876951009035,26.153362274169922,0.0024247330147773027,0.10552811622619629,0.011147311888635159,0.16697974503040314,18.95085334777832,0.012732530944049358,0.18464522063732147,0.004138623364269733,0.0096388915553689,24.82483673095703,0.0032924285624176264,0.11448683589696884,0.012870914302766323,0.18215246498584747,18.72081184387207,0.013425145298242569,0.198221817612648,0.0027905560564249754,0.009315257892012596,27.479347229003906,0.0017867560964077711,0.05888673663139343,0.012142402119934559,0.0,18.535476684570312,0.01401046384125948,0.17223912477493286,29.470796585083008,0.001129588927142322,0.06626676023006439,37.41958236694336,0.00018115155398845673,28.943187713623047,0.0012755023781210184,0.07711531221866608,19.91670036315918,0.010193657130002975,0.14612612128257751,19.298744201660156,0.011752376332879066,0.16192902624607086,26.82737159729004,0.0020761701744049788,0.0781819224357605,34.68552780151367,0.00033997526043094695,26.3017635345459,0.002343276981264353,0.0910106748342514,19.487031936645508,0.011253740638494492,0.15741941332817078,18.875667572021484,0.012954875826835632,0.17416487634181976,29.834917068481445,0.0010387435322627425,0.027697883546352386,36.981407165527344,0.00020038223010487854,29.32660675048828,0.0011677222792059183,0.03252951800823212
472252,6097,3,2993,-1,2,17.595111846923828,0.22577886283397675,16.584957122802734,0.12714801728725433,30.847503662109375,17.166454315185547,0.24437390267848969,16.21473503112793,26.267784118652344,0.03258044645190239,20.29716682434082,20.498233795166016,16.345928192138672,0.3309440612792969,100.0,0.21085543930530548,0.603010356426239,2993,3025,0.17528380453586578,0,0,0.01739758439362049,0.0008227156358771026,17.001102447509766,0.019947564229369164,0.24715012311935425,0.0219535231590271,0.3262709677219391,15.980392456054688,0.025232531130313873,0.36795544624328613,0.019202355295419693,0.00933863129466772,16.83613395690918,0.020719852298498154,0.2625965476036072,0.023907089605927467,0.3371194899082184,15.820340156555176,0.026179788634181023,0.37465110421180725,0.0023616838734596968,0.008916137740015984,28.686038970947266,0.0013533063465729356,0.029726708307862282,0.02319568209350109,0.0,15.724449157714844,0.026764249429106712,0.3771345615386963,17.80827522277832,0.016564276069402695,0.21765777468681335,37.97071075439453,0.000159561779582873,17.192378997802734,0.019088078290224075,0.24108003079891205,16.67727279663086,0.021491797640919685,0.32261785864830017,16.05799102783203,0.024785682559013367,0.36849597096443176,17.62303924560547,0.017286062240600586,0.22032387554645538,35.15302276611328,0.00030527979834005237,17.011798858642578,0.019898492842912674,0.24450014531612396,16.501129150390625,0.02238139696419239,0.32403019070625305,15.8854398727417,0.025790279731154442,0.3704949915409088,31.245803833007812,0.0007506194524466991,0.013484102673828602,36.735923767089844,0.00021203490905463696,30.79105567932129,0.00083347869804129,0.015489009208977222
476018,6098,4,1920,-1,0,19.4111385345459,0.1589571237564087,17.202016830444336,0.17029273509979248,30.67416000366211,18.8855037689209,0.16923481225967407,16.868141174316406,27.439964294433594,0.022184263914823532,19.85162925720215,20.00187873840332,17.13443946838379,0.3476768136024475,100.0,0.30300793051719666,0.5620075464248657,1920,1952,0.278303325176239,0,0,0.011452130042016506,0.0008562175207771361,18.833168029785156,0.013082271441817284,0.18309205770492554,0.019045762717723846,0.3525362014770508,16.599239349365234,0.021881455555558205,0.4079233705997467,0.012925568968057632,0.01034754142165184,18.75424575805664,0.013322187587618828,0.18821942806243896,0.020567717030644417,0.36226898431777954,16.5410213470459,0.022176750004291534,0.41271641850471497,0.001803033403120935,0.009995673783123493,32.65498352050781,0.0005426272982731462,0.0165577232837677,0.019344443455338478,0.0,16.51296043395996,0.02232050895690918,0.4027618169784546,19.62920570373535,0.010891294106841087,0.1570049226284027,34.74532699584961,0.0003353259526193142,19.025592803955078,0.012515288777649403,0.1818160116672516,17.32754898071289,0.018503129482269287,0.34508204460144043,16.70830726623535,0.02133876271545887,0.40096020698547363,19.47801971435547,0.01127711869776249,0.15781590342521667,32.233577728271484,0.000597918638959527,18.887351989746094,0.012920072302222252,0.18280988931655884,17.2319278717041,0.01891503855586052,0.3473990261554718,16.61864471435547,0.021783903241157532,0.4030833840370178,34.56471252441406,0.00034956581657752395,0.010156896896660328,35.218441009521484,0.000300715648336336,34.472328186035156,0.00035708126961253583,0.011792125180363655
477627,6098,4,3561,-1,0,26.818492889404297,0.09169739484786987,22.509437561035156,0.062006331980228424,30.160629272460938,24.841100692749023,0.10293702036142349,21.688993453979492,28.095569610595703,0.030317235738039017,20.381879806518555,20.53960418701172,22.518943786621094,0.22131946682929993,100.0,0.14236529171466827,0.43554389476776123,3561,3593,0.23596172034740448,0,0,0.002080419799312949,0.0009636892355047166,26.4738826751709,0.002252224599942565,0.11051912605762482,0.0056112101301550865,0.22484548389911652,21.950666427612305,0.006381655111908913,0.26812732219696045,0.00328012160025537,0.00915823969990015,26.241910934448242,0.0023757959716022015,0.11758119612932205,0.006777987815439701,0.2320728600025177,21.895435333251953,0.006463333498686552,0.27065524458885193,0.0015503972535952926,0.008831609040498734,33.663185119628906,0.0004302110173739493,0.02963562309741974,0.0055989352986216545,0.0,21.8974666595459,0.00646031042560935,0.26342156529426575,27.74219512939453,0.0016818236326798797,0.08355540037155151,34.38658905029297,0.00036420111428014934,27.247961044311523,0.0018845348386093974,0.10213156789541245,22.802257537841797,0.0052453456446528435,0.22290001809597015,22.18438720703125,0.006047298666089773,0.26649442315101624,27.170560836791992,0.001918421359732747,0.08759822696447372,33.06047058105469,0.0004942569648846984,26.70089340209961,0.0021375236101448536,0.10695657134056091,22.62814712524414,0.0054599083960056305,0.22392965853214264,22.02745819091797,0.006269808392971754,0.2666569948196411,35.550697326660156,0.0002785674878396094,0.01640234887599945,36.98149108886719,0.0002003785193664953,35.367095947265625,0.0002905965375248343,0.020057229325175285
478241,6098,4,4175,-1,2,27.638343811035156,0.13512635231018066,21.889148712158203,0.08847284317016602,30.55719566345215,25.23116111755371,0.1536942720413208,21.135448455810547,28.0295352935791,0.030057400465011597,20.1210994720459,20.234283447265625,21.865524291992188,0.3351573348045349,100.0,0.21664653718471527,0.4083741307258606,4175,4207,0.29194486141204834,0,0,0.0017225249903276563,0.0008795902831479907,27.323102951049805,0.0018522072350606322,0.16363416612148285,0.006472695618867874,0.34004300832748413,21.324359893798828,0.007371637504547834,0.409658282995224,0.0029983611311763525,0.009725010022521019,27.06970977783203,0.001963492017239332,0.17966219782829285,0.007699372246861458,0.3424994945526123,21.27783966064453,0.007451027166098356,0.4062729477882385,0.0015741520328447223,0.00947483628988266,34.45314407348633,0.00035866221878677607,0.027738362550735474,0.006508000660687685,0.0,21.24404525756836,0.007509231101721525,0.4049087166786194,28.53961181640625,0.0013997125206515193,0.13181903958320618,34.37208557128906,0.00036541916779242456,28.072002410888672,0.0015588343376293778,0.16154924035072327,22.125337600708008,0.006130085326731205,0.3343357443809509,21.51058006286621,0.0070622325874865055,0.40368396043777466,27.91213607788086,0.0016172848409041762,0.1339036226272583,32.62137985229492,0.0005468425806611776,27.490999221801758,0.0017819682834669948,0.16380420327186584,21.946821212768555,0.006387306842952967,0.3354569375514984,21.345413208007812,0.007335992529988289,0.4060560464859009,35.929100036621094,0.0002553230442572385,0.013626703992486,36.56327819824219,0.00022063407232053578,35.83926010131836,0.0002606598427519202,0.017314178869128227
480440,6099,5,1294,-1,1,26.40488052368164,0.1748448610305786,22.980426788330078,0.18133477866649628,32.068912506103516,24.639671325683594,0.17847993969917297,22.121822357177734,28.630958557128906,0.022761985659599304,20.398025512695312,20.540328979492188,23.107614517211914,0.2225642204284668,100.0,0.2640016973018646,0.686869740486145,1294,1326,0.3657117784023285,0,0,0.002288294490426779,0.0006210244027897716,25.943470001220703,0.0025447977241128683,0.2086229771375656,0.005034510977566242,0.2258717119693756,22.417638778686523,0.005731077399104834,0.2728714346885681,0.00343584013171494,0.00912425760179758,25.916414260864258,0.002560699125751853,0.20649370551109314,0.006135044153779745,0.23595449328422546,22.44573402404785,0.005694119725376368,0.2783679962158203,0.0013705798191949725,0.008830134756863117,36.51780700683594,0.00022295615053735673,0.01885431446135044,0.00488920696079731,0.0,22.486135482788086,0.005641392897814512,0.2702447772026062,26.837308883666992,0.0020714246202260256,0.17219993472099304,38.166053771972656,0.00015254381287377328,26.258682250976562,0.002366637112572789,0.2065153270959854,23.23389434814453,0.004749090410768986,0.22222572565078735,22.61883544921875,0.005471629556268454,0.26963672041893005,26.679115295410156,0.0021482687443494797,0.17230790853500366,34.66415786743164,0.0003416520485188812,26.150718688964844,0.0024262096267193556,0.20681586861610413,23.141672134399414,0.0048510171473026276,0.22309191524982452,22.552318572998047,0.005556077230721712,0.2709614932537079,39.084022521972656,0.00012348033487796783,0.00693830382078886,35.858150482177734,0.0002595283731352538,39.89065170288086,0.00010254986409563571,0.008195454254746437
483053,6099,5,4067,-1,2,21.630950927734375,0.11230586469173431,18.937055587768555,0.08183154463768005,30.89920425415039,20.643291473388672,0.13189628720283508,18.360435485839844,26.063892364501953,0.04395357146859169,20.141098022460938,20.211122512817383,18.651966094970703,0.19655412435531616,100.0,0.16077972948551178,0.5089668035507202,4067,4099,0.26143163442611694,0,0,0.006869182921946049,0.0008129793568514287,21.078550338745117,0.007800905965268612,0.12791824340820312,0.012773048132658005,0.19605860114097595,18.34454345703125,0.014640155248343945,0.21956999599933624,0.008623247034847736,0.00968033354729414,20.72597885131836,0.008460618555545807,0.14453499019145966,0.014586679637432098,0.21228989958763123,18.133256912231445,0.015370015054941177,0.2331913709640503,0.002475203014910221,0.009525498375296593,28.568157196044922,0.0013905421365052462,0.04428160935640335,0.013639654032886028,0.0,18.030488967895508,0.01573806256055832,0.22005978226661682,22.137104034423828,0.006113497540354729,0.10437170416116714,39.149234771728516,0.00012164004874648526,21.52716064453125,0.007035321556031704,0.1190609484910965,19.176067352294922,0.012089082039892673,0.18578675389289856,18.55772590637207,0.013938864693045616,0.20712000131607056,21.61644744873047,0.0068921614438295364,0.11171098053455353,35.52291488647461,0.00028035533614456654,21.018585205078125,0.007909362204372883,0.12758751213550568,18.87835121154785,0.012946871109306812,0.19164133071899414,18.26663589477539,0.014905158430337906,0.2139182984828949,30.788326263427734,0.0008340029162354767,0.024881843477487564,36.634422302246094,0.00021704903338104486,30.320222854614258,0.0009289190056733787,0.02909100241959095
