index,episode,map,start,action,tics_since_decision,psnr_dec,lpips_dec,copy_psnr_dec,latent_mse,hud_psnr_dec,psnr_raw,lpips_raw,copy_psnr_raw,vae_psnr,vae_lpips,hud_psnr_raw,hud_vae_psnr,persist_psnr_raw,persist_lpips_raw,persist_hud_psnr_raw,copy_latent_mse,latent_mse_ratio,start_tic,scored_tic,context_motion,dup_latent,dup_raw,mse_dec,hud_mse_dec,scene_psnr_dec,scene_mse_dec,scene_lpips_dec,copy_mse_dec,copy_lpips_dec,scene_copy_psnr_dec,scene_copy_mse_dec,scene_copy_lpips_dec,mse_raw,hud_mse_raw,scene_psnr_raw,scene_mse_raw,scene_lpips_raw,copy_mse_raw,copy_lpips_raw,scene_copy_psnr_raw,scene_copy_mse_raw,scene_copy_lpips_raw,vae_mse,hud_vae_mse,scene_vae_psnr,scene_vae_mse,scene_vae_lpips,persist_mse_raw,persist_hud_mse_raw,scene_persist_psnr_raw,scene_persist_mse_raw,scene_persist_lpips_raw,psnr_dec_tuned,mse_dec_tuned,lpips_dec_tuned,hud_psnr_dec_tuned,hud_mse_dec_tuned,scene_psnr_dec_tuned,scene_mse_dec_tuned,scene_lpips_dec_tuned,copy_psnr_dec_tuned,copy_mse_dec_tuned,copy_lpips_dec_tuned,scene_copy_psnr_dec_tuned,scene_copy_mse_dec_tuned,scene_copy_lpips_dec_tuned,psnr_raw_tuned,mse_raw_tuned,lpips_raw_tuned,hud_psnr_raw_tuned,hud_mse_raw_tuned,scene_psnr_raw_tuned,scene_mse_raw_tuned,scene_lpips_raw_tuned,copy_psnr_raw_tuned,copy_mse_raw_tuned,copy_lpips_raw_tuned,scene_copy_psnr_raw_tuned,scene_copy_mse_raw_tuned,scene_copy_lpips_raw_tuned,vae_psnr_tuned,vae_mse_tuned,vae_lpips_tuned,hud_vae_psnr_tuned,hud_vae_mse_tuned,scene_vae_psnr_tuned,scene_vae_mse_tuned,scene_vae_lpips_tuned
67,39,1,67,-1,3,24.270286560058594,0.22527974843978882,22.8453426361084,0.21280215680599213,25.528564453125,21.913042068481445,0.26114189624786377,21.000526428222656,23.485681533813477,0.09909996390342712,18.035694122314453,17.957740783691406,21.990402221679688,0.14824140071868896,100.0,0.25577089190483093,0.8320030570030212,67,99,0.41935768723487854,0,0,0.0037408596836030483,0.002799907699227333,24.105396270751953,0.0038856216706335545,0.2689143419265747,0.005193567369133234,0.16867965459823608,22.452625274658203,0.0056850905530154705,0.20240481197834015,0.006437184289097786,0.015719205141067505,23.002334594726562,0.00500918086618185,0.29927578568458557,0.00794232077896595,0.19139577448368073,21.692363739013672,0.006772724911570549,0.2170025259256363,0.004481585696339607,0.01600390300154686,25.672035217285156,0.002708922140300274,0.10344226658344269,0.006323533598333597,0.0,21.36892318725586,0.007296385243535042,0.1769142895936966,25.774818420410156,0.0026455644983798265,0.19456887245178223,33.72111511230469,0.0004245107702445239,25.24726104736328,0.0029872646555304527,0.2390144318342209,23.891782760620117,0.004081519320607185,0.14547863602638245,23.28824806213379,0.004690025467425585,0.17391562461853027,23.824827194213867,0.004144931677728891,0.22333240509033203,28.530242919921875,0.0014027352444827557,23.403873443603516,0.0045668077655136585,0.27068060636520386,22.529094696044922,0.005585870239883661,0.16352082788944244,22.051725387573242,0.006234873551875353,0.19558589160442352,26.866058349609375,0.002057756995782256,0.06674495339393616,28.7205867767334,0.001342583796940744,26.639841079711914,0.0021677834447473288,0.0812162458896637
161,39,1,161,-1,1,23.164461135864258,0.2166147232055664,21.102676391601562,0.27497243881225586,26.134674072265625,21.2440185546875,0.25767961144447327,19.801551818847656,23.86756134033203,0.10413818806409836,18.285430908203125,18.260845184326172,20.19698715209961,0.20466947555541992,100.0,0.39664891362190247,0.6932388544082642,161,193,0.415414035320282,0,0,0.004825630225241184,0.0024351885076612234,22.845489501953125,0.005193390883505344,0.2553800642490387,0.007757690269500017,0.21049511432647705,20.629409790039062,0.008650854229927063,0.24814921617507935,0.007509278599172831,0.014840793795883656,21.95087242126465,0.006381352432072163,0.2937620282173157,0.010467546060681343,0.2453703135251999,20.061038970947266,0.009860433638095856,0.27791348099708557,0.004104345105588436,0.014925041235983372,26.12677574157715,0.0024396225344389677,0.10617315024137497,0.00955655612051487,0.0,19.57550811767578,0.011026795022189617,0.24584238231182098,23.984344482421875,0.003995448816567659,0.20186960697174072,34.06464767456055,0.00039222484338097274,23.420085906982422,0.0045497906394302845,0.23950758576393127,21.519245147705078,0.007048156578093767,0.195915088057518,20.910717010498047,0.008108272217214108,0.23530057072639465,22.65423583984375,0.005427208263427019,0.22005364298820496,28.570650100708008,0.001389744458720088,22.18362808227539,0.006048356648534536,0.25992685556411743,20.69969940185547,0.008511971682310104,0.21511419117450714,20.156436920166016,0.009646203368902206,0.2567019760608673,27.209121704101562,0.0019014629069715738,0.0669548511505127,29.356050491333008,0.001159831415861845,26.956043243408203,0.0020155601669102907,0.0772252082824707
253,39,1,253,-1,1,24.146488189697266,0.34514591097831726,21.100963592529297,0.2202436923980713,23.816978454589844,21.97870445251465,0.39811140298843384,19.867029190063477,23.806581497192383,0.12349223345518112,17.846904754638672,18.14804458618164,20.2834529876709,0.34249550104141235,100.0,0.3699429929256439,0.5953449606895447,253,285,0.4252299666404724,0,0,0.0038490307051688433,0.004152429755777121,24.19947624206543,0.00380235374905169,0.4087982475757599,0.007760749664157629,0.37103840708732605,20.663015365600586,0.00858417060226202,0.43292731046676636,0.006340586580336094,0.016417594626545906,23.196393966674805,0.004790277685970068,0.45838457345962524,0.010310912504792213,0.383418470621109,20.18446922302246,0.009584138169884682,0.43386560678482056,0.004162381868809462,0.015317762270569801,26.115135192871094,0.002446169266477227,0.12922266125679016,0.009368167258799076,0.0,19.661975860595703,0.01080942340195179,0.40174153447151184,25.701982498168945,0.0026903063990175724,0.3254737854003906,32.205631256103516,0.0006017789128236473,25.21200180053711,0.00301161827519536,0.39270925521850586,21.69579315185547,0.006767382845282555,0.3408809006214142,21.090566635131836,0.007779351435601711,0.40633612871170044,23.919361114501953,0.00405568303540349,0.351879358291626,28.029430389404297,0.0015741895185783505,23.528663635253906,0.004437451716512442,0.4192054867744446,20.876049041748047,0.008173256181180477,0.3489252030849457,20.336999893188477,0.009253373369574547,0.40897873044013977,27.3580265045166,0.0018373734783381224,0.08197884261608124,29.453857421875,0.0011340035125613213,27.109498977661133,0.001945584430359304,0.09638825058937073
305,39,1,305,-1,1,23.416059494018555,0.23756226897239685,20.493602752685547,0.22451142966747284,24.860885620117188,21.124980926513672,0.29584723711013794,19.154024124145508,22.4223690032959,0.13156850636005402,18.09352684020996,18.142244338989258,19.525644302368164,0.2985695004463196,100.0,0.3567553758621216,0.6293147802352905,305,337,0.4313267767429352,0,0,0.004554013255983591,0.0032652139198035,23.230972290039062,0.004752289969474077,0.2686358094215393,0.008925649337470531,0.3092746138572693,20.05570411682129,0.009872561320662498,0.35826772451400757,0.007717952597886324,0.015511268749833107,21.858203887939453,0.006518980488181114,0.3240698575973511,0.012150599621236324,0.33355605602264404,19.332427978515625,0.011661576107144356,0.372460275888443,0.005724838003516197,0.015338250435888767,23.720352172851562,0.0042458511888980865,0.1389804482460022,0.011154131032526493,0.0,18.904165267944336,0.012870151549577713,0.34773051738739014,25.58175277709961,0.0027658259496092796,0.20660686492919922,33.50176239013672,0.0004465026140678674,25.05477523803711,0.003122644731774926,0.2393447607755661,21.601713180541992,0.006915583275258541,0.28710517287254333,21.004154205322266,0.007935687899589539,0.3348660171031952,22.871402740478516,0.005162495654076338,0.2398589551448822,28.746965408325195,0.0013344540493562818,22.402246475219727,0.00575142540037632,0.27566662430763245,20.244741439819336,0.009452048689126968,0.3079158365726471,19.6991024017334,0.010717406868934631,0.3572928011417389,24.94356918334961,0.0032036369666457176,0.09117981046438217,28.81334114074707,0.001314213965088129,24.566375732421875,0.0034943174105137587,0.10569838434457779
354,39,1,354,-1,2,24.802343368530273,0.19857044517993927,21.82581901550293,0.20886445045471191,25.965450286865234,21.9881591796875,0.2559947967529297,20.101158142089844,23.26449203491211,0.12131893634796143,18.215417861938477,18.291015625,20.44161605834961,0.2474854290485382,100.0,0.38559839129447937,0.5416631698608398,354,386,0.43339523673057556,0,0,0.0033095255494117737,0.0025319496635347605,24.64813232421875,0.0034291523043066263,0.22792750597000122,0.006567774340510368,0.24985668063163757,21.324708938598633,0.007371047046035528,0.29661351442337036,0.006326801609247923,0.015081974677741528,23.0278377532959,0.00497985165566206,0.28687989711761475,0.00976976752281189,0.28349894285202026,20.461627960205078,0.008991606533527374,0.31889092922210693,0.004715749528259039,0.014821716584265232,25.00177574157715,0.003160985419526696,0.12508216500282288,0.009033135138452053,0.0,19.82013702392578,0.010422849096357822,0.29408910870552063,26.327465057373047,0.0023294503334909678,0.18097618222236633,35.32072448730469,0.00029371591517701745,25.779621124267578,0.002642640145495534,0.2132585048675537,22.356950759887695,0.005811723414808512,0.22504952549934387,21.747821807861328,0.006686790846288204,0.2710250914096832,23.882474899291992,0.004090275149792433,0.21541225910186768,29.063411712646484,0.0012406776659190655,23.440288543701172,0.004528675228357315,0.25138917565345764,21.19106101989746,0.007601408753544092,0.25135576725006104,20.65556526184082,0.008598912507295609,0.29727673530578613,26.224559783935547,0.002385304542258382,0.08095312118530273,29.628108978271484,0.001089403871446848,25.87594223022461,0.0025846739299595356,0.09304338693618774
511,39,1,511,-1,3,25.243953704833984,0.21449384093284607,23.14488410949707,0.21422278881072998,27.280113220214844,22.26906967163086,0.2639434337615967,20.985679626464844,23.42714500427246,0.12886852025985718,18.254859924316406,18.176204681396484,21.805675506591797,0.21112796664237976,100.0,0.34827539324760437,0.6150959730148315,511,543,0.4090655446052551,0,0,0.002989540807902813,0.0018706339178606868,25.000822067260742,0.0031616801861673594,0.254183292388916,0.004847430158406496,0.2203250229358673,22.70600128173828,0.0053629023022949696,0.26250165700912476,0.005930525716394186,0.0149456225335598,23.426010131835938,0.004543587565422058,0.29850876331329346,0.007969518192112446,0.2543514668941498,21.667749404907227,0.006811225786805153,0.2852941155433655,0.004542401526123285,0.015218771062791348,25.376195907592773,0.002899883547797799,0.1355394721031189,0.006598306819796562,0.0,21.18419647216797,0.007613430730998516,0.24866075813770294,26.6866455078125,0.00214454741217196,0.1958683580160141,34.90339660644531,0.0003233405586797744,26.153362274169922,0.0024247330147773027,0.23921668529510498,24.083511352539062,0.003905249759554863,0.19929687678813934,23.480457305908203,0.004486980382353067,0.23990707099437714,24.179744720458984,0.00381966819986701,0.22549289464950562,28.924711227416992,0.0012809407198801637,23.75693130493164,0.004210241138935089,0.2704635262489319,22.45199966430664,0.005685911979526281,0.22388365864753723,21.953121185302734,0.006378052290529013,0.26553821563720703,26.472074508666992,0.0022531626746058464,0.0875013992190361,29.50161361694336,0.0011216015554964542,26.148855209350586,0.00242724921554327,0.10492640733718872
561,39,1,561,-1,1,24.165449142456055,0.1923292726278305,21.67550277709961,0.20079441368579865,26.281688690185547,21.692462921142578,0.2480025440454483,20.09420394897461,22.716175079345703,0.12175488471984863,18.207290649414062,18.190380096435547,20.527116775512695,0.2642419934272766,100.0,0.3523430824279785,0.5698832273483276,561,593,0.4154578447341919,0,0,0.0038322615437209606,0.00235413433983922,23.915098190307617,0.004059665836393833,0.21963967382907867,0.006799072027206421,0.2789551615715027,21.217544555664062,0.007555194199085236,0.3256593942642212,0.006772574502974749,0.015110224485397339,22.604389190673828,0.005489859264343977,0.27223360538482666,0.009785423055291176,0.30043166875839233,20.48189926147461,0.00894973799586296,0.33569571375846863,0.0053503550589084625,0.015169184654951096,24.156953811645508,0.0038397659081965685,0.12645602226257324,0.00885703507810831,0.0,19.905637741088867,0.010219655930995941,0.3117559552192688,26.471345901489258,0.002253541024401784,0.15846817195415497,34.843536376953125,0.00032782828202471137,25.934932708740234,0.0025498042814433575,0.18551740050315857,22.97968292236328,0.005035375244915485,0.24782505631446838,22.377824783325195,0.005783860106021166,0.29368624091148376,23.585330963134766,0.004379927646368742,0.20354264974594116,27.837553024291992,0.0016452984418720007,23.187007904052734,0.004800640046596527,0.23597940802574158,21.404447555541992,0.007236944977194071,0.2693624198436737,20.90604591369629,0.00811699964106083,0.3167904019355774,25.348217010498047,0.002918625483289361,0.0893365815281868,28.145740509033203,0.001532590133138001,25.041973114013672,0.0031318620312958956,0.10369899868965149
570,39,1,570,-1,2,24.409507751464844,0.20547105371952057,21.94805908203125,0.21777963638305664,25.305831909179688,22.019020080566406,0.25858956575393677,20.401683807373047,23.226682662963867,0.12276783585548401,18.19405746459961,18.10226821899414,20.98505973815918,0.14449149370193481,100.0,0.32578662037849426,0.6684732437133789,570,602,0.42598235607147217,0,0,0.0036228415556252003,0.002947250148281455,24.286666870117188,0.0037267787847667933,0.2323489934206009,0.00638548843562603,0.17971311509609222,21.63129997253418,0.0068686287850141525,0.21016113460063934,0.00628200126811862,0.015156339854001999,23.083248138427734,0.004916718229651451,0.28133565187454224,0.009116576053202152,0.21171995997428894,20.874204635620117,0.008176727220416069,0.2334595024585724,0.004756984766572714,0.01548007596284151,25.076200485229492,0.003107278374955058,0.1300377994775772,0.007970655336976051,0.0,20.36358070373535,0.009196910075843334,0.17119301855564117,26.37005615234375,0.0023067183792591095,0.18289554119110107,34.67637252807617,0.000340692640747875,25.83495330810547,0.0026091840118169785,0.21304377913475037,23.113208770751953,0.00488291634246707,0.1471729725599289,22.524898529052734,0.005591267254203558,0.17541733384132385,23.943008422851562,0.004033658653497696,0.20827576518058777,27.920713424682617,0.001614093198440969,23.559654235839844,0.004405899904668331,0.2393348515033722,21.70794677734375,0.006748470012098551,0.17671746015548706,21.21298599243164,0.0075631276704370975,0.20670412480831146,26.17922019958496,0.0024103380274027586,0.0907013937830925,28.34684181213379,0.0014632412930950522,25.92431640625,0.0025560453068464994,0.10403120517730713
572,39,1,572,-1,0,24.38494873046875,0.18320201337337494,22.860992431640625,0.22312681376934052,26.528854370117188,21.895156860351562,0.2419600784778595,20.99580955505371,23.12574577331543,0.11867880821228027,18.192455291748047,18.142467498779297,21.553260803222656,0.13096776604652405,100.0,0.31614547967910767,0.7057725787162781,572,604,0.4268457591533661,0,0,0.003643386298790574,0.0022238970268517733,24.132137298583984,0.00386176910251379,0.20943570137023926,0.005174885503947735,0.14310821890830994,22.44921875,0.005689551588147879,0.16643106937408447,0.0064637502655386925,0.015161930583417416,22.90258026123047,0.005125568713992834,0.2613570988178253,0.007950949482619762,0.1717665046453476,21.643993377685547,0.006848582066595554,0.18655800819396973,0.004868840333074331,0.015337452292442322,24.8701114654541,0.0032582839485257864,0.12162332981824875,0.006993165705353022,0.0,20.931781768798828,0.008069037459790707,0.1542614847421646,26.251022338867188,0.0023708150256425142,0.1559561938047409,34.991859436035156,0.0003168213297612965,25.707624435424805,0.002686814172193408,0.18139663338661194,24.058095932006836,0.003928171005100012,0.11961041390895844,23.463603973388672,0.004504428710788488,0.14360865950584412,23.78890037536621,0.004179361276328564,0.1903323382139206,28.04843521118164,0.0015673161251470447,23.390195846557617,0.004581214394420385,0.21857455372810364,22.43090057373047,0.005713600665330887,0.13827185332775116,21.968984603881836,0.006354795768857002,0.16332033276557922,26.06528091430664,0.002474412089213729,0.08292275667190552,28.1850643157959,0.0015187751268967986,25.814611434936523,0.0026214332319796085,0.09459035843610764
600,39,1,600,-1,0,23.793376922607422,0.25129440426826477,21.94552230834961,0.2676851451396942,25.329687118530273,21.51686668395996,0.3138703405857086,20.23904037475586,23.321216583251953,0.12280410528182983,18.1649112701416,18.15213966369629,20.641820907592773,0.2420433759689331,100.0,0.3498173654079437,0.7652140259742737,600,632,0.4211558699607849,0,0,0.004175056237727404,0.002931104740127921,23.598731994628906,0.004366433713585138,0.2905650734901428,0.006389221642166376,0.2563502788543701,21.50402069091797,0.007072906009852886,0.2944203019142151,0.007052019238471985,0.015258396044373512,22.37359046936035,0.005789500195533037,0.35496291518211365,0.009464465081691742,0.28425896167755127,20.659618377685547,0.00859089195728302,0.314106822013855,0.0046545579098165035,0.015303336083889008,25.205278396606445,0.0030162848997861147,0.12551186978816986,0.008626168593764305,0.0,20.020341873168945,0.0099532725289464,0.28544503450393677,25.02135467529297,0.0031467676162719727,0.24165304005146027,34.573333740234375,0.0003488724469207227,24.46455192565918,0.003577213501557708,0.2864071726799011,22.595722198486328,0.005500822328031063,0.22232887148857117,21.999401092529297,0.006310444325208664,0.2614445090293884,23.15082550048828,0.004840802401304245,0.2731660306453705,28.702198028564453,0.001348281279206276,22.693700790405273,0.0053781126625835896,0.3217461109161377,21.33000946044922,0.007362058386206627,0.24703894555568695,20.79827308654785,0.008320948109030724,0.2875384986400604,26.316192626953125,0.0023355057928711176,0.08354051411151886,29.15353012084961,0.0012151983100920916,26.00696563720703,0.0025078607723116875,0.09647317230701447
606,39,1,606,-1,2,24.1977481842041,0.1957138180732727,21.346742630004883,0.20599265396595,26.237716674804688,21.764202117919922,0.25075188279151917,19.81208610534668,22.902191162109375,0.12243983894586563,18.189258575439453,18.21804428100586,20.150150299072266,0.2805648446083069,100.0,0.3686610162258148,0.5587589740753174,606,638,0.4307003915309906,0,0,0.0038038662169128656,0.002378090750426054,23.954267501831055,0.004023216664791107,0.22607892751693726,0.007333741988986731,0.2875262200832367,20.896259307861328,0.008135311305522919,0.338929682970047,0.006661620922386646,0.01517309620976448,22.71470832824707,0.005352162756025791,0.2792930603027344,0.010442188009619713,0.31382960081100464,20.128673553466797,0.009708062745630741,0.35614925622940063,0.0051260292530059814,0.015072859823703766,24.442108154296875,0.0035957477521151304,0.1265098601579666,0.009660172276198864,0.0,19.52867317199707,0.01114635169506073,0.3326571583747864,26.158971786499023,0.0024216033052653074,0.1724626123905182,34.50114059448242,0.00035472025047056377,25.623151779174805,0.0027395854704082012,0.20723646879196167,22.319564819335938,0.005861972458660603,0.2722417116165161,21.714385986328125,0.006738470867276192,0.3231155276298523,23.61223030090332,0.004352882970124483,0.21346093714237213,28.442031860351562,0.0014315180014818907,23.18548583984375,0.004802323412150145,0.25008490681648254,20.93362808227539,0.008065609261393547,0.2925397455692291,20.40521240234375,0.009109172970056534,0.34442344307899475,25.762693405151367,0.0026529596652835608,0.09126345813274384,28.862205505371094,0.0012995100114494562,25.43454360961914,0.0028611826710402966,0.10580030083656311
893,39,1,957,-1,1,24.67104148864746,0.2673613429069519,21.94129753112793,0.22144447267055511,24.380142211914062,22.183528900146484,0.33197933435440063,20.301294326782227,24.137451171875,0.12404488772153854,17.820877075195312,18.175729751586914,20.843486785888672,0.24626509845256805,100.0,0.3317239582538605,0.6675564646720886,957,989,0.42403051257133484,0,0,0.0034111118875443935,0.0036474193911999464,24.71757698059082,0.0033747567795217037,0.31438443064689636,0.006395439617335796,0.25961995124816895,21.491621017456055,0.0070931315422058105,0.3036397695541382,0.006048494949936867,0.01651628315448761,23.52806282043457,0.004438066389411688,0.3835928440093994,0.009329763241112232,0.2982074022293091,20.788951873779297,0.008338826708495617,0.33688509464263916,0.0038570465985685587,0.015220439992845058,26.75958251953125,0.0021088318899273872,0.13210055232048035,0.008234771899878979,0.0,20.22200584411621,0.009501660242676735,0.2909247577190399,25.773574829101562,0.00264632236212492,0.2376020848751068,32.6502799987793,0.0005432156031019986,25.272615432739258,0.0029698775615543127,0.2846221327781677,22.351520538330078,0.005818996578454971,0.2294936329126358,21.74738121032715,0.006687471177428961,0.2720324397087097,23.955610275268555,0.004021971952170134,0.2686499357223511,25.35430908203125,0.0029145346488803625,23.775426864624023,0.004192346706986427,0.3215096592903137,21.32581329345703,0.007369175553321838,0.25475770235061646,20.901973724365234,0.008124612271785736,0.30008918046951294,27.325294494628906,0.001851274399086833,0.07244397699832916,26.038911819458008,0.0024894820526242256,27.561960220336914,0.001753088552504778,0.08482836931943893
1010,39,1,1106,-1,2,24.467021942138672,0.20153334736824036,21.493595123291016,0.2269195169210434,25.64990234375,22.06899642944336,0.2815147638320923,20.175472259521484,23.56429672241211,0.15400511026382446,18.10487937927246,18.102420806884766,20.664567947387695,0.2199854552745819,100.0,0.3181210458278656,0.7133118510246277,1106,1138,0.4206196367740631,0,0,0.0035751787945628166,0.002722762757912278,24.310571670532227,0.0037063201889395714,0.23436260223388672,0.007089907303452492,0.24696700274944305,21.11648941040039,0.007733053527772427,0.2937718331813812,0.006210126914083958,0.01547077763825655,23.200807571411133,0.004785411525517702,0.31328991055488586,0.00960401352494955,0.28204941749572754,20.543243408203125,0.008824207819998264,0.31835684180259705,0.0044011943973600864,0.015479538589715958,25.691455841064453,0.0026968340389430523,0.16585825383663177,0.008581104688346386,0.0,20.043088912963867,0.009901274926960468,0.2613036334514618,25.66115379333496,0.002715717302635312,0.17521008849143982,34.55235290527344,0.00035056183696724474,25.11507797241211,0.0030795868951827288,0.21097946166992188,22.088645935058594,0.006182091776281595,0.20610317587852478,21.499248504638672,0.007080684881657362,0.24831876158714294,23.955373764038086,0.004022189415991306,0.21780511736869812,28.785053253173828,0.0013228022726252675,23.528636932373047,0.004437480121850967,0.2580389678478241,21.228504180908203,0.00753615191206336,0.23417812585830688,20.699071884155273,0.00851320382207632,0.27774542570114136,26.758298873901367,0.002109454944729805,0.0945766344666481,28.50994873046875,0.0014093058416619897,26.542011260986328,0.0022171703167259693,0.1115678995847702
1064,39,1,1160,-1,0,25.11772918701172,0.2230544090270996,22.91973304748535,0.21137173473834991,25.033050537109375,22.349594116210938,0.29618239402770996,20.934131622314453,23.251684188842773,0.12573736906051636,18.083168029785156,17.924007415771484,21.52431297302246,0.2551847994327545,100.0,0.32420799136161804,0.6519633531570435,1160,1192,0.4099784791469574,0,0,0.0030777063220739365,0.003138304455205798,25.130903244018555,0.003068383550271392,0.265676349401474,0.005105365067720413,0.2640974819660187,22.53573226928711,0.005577337462455034,0.3205145597457886,0.00582157913595438,0.015548314899206161,23.63998031616211,0.004325158428400755,0.33918577432632446,0.008064673282206059,0.3013278841972351,21.638107299804688,0.006857871077954769,0.34610095620155334,0.004729677457362413,0.016128696501255035,25.26369857788086,0.002975981682538986,0.13572478294372559,0.0070399390533566475,0.0,20.90283203125,0.008123007602989674,0.3075569272041321,27.20886993408203,0.0019015736179426312,0.20689529180526733,33.45096969604492,0.00045175504055805504,26.727182388305664,0.0021246226970106363,0.25278136134147644,24.007923126220703,0.003973815124481916,0.23752924799919128,23.40888023376465,0.0045615448616445065,0.2907301187515259,24.4215030670166,0.0036128468345850706,0.2455909252166748,28.118824005126953,0.0015421180287376046,24.054506301879883,0.0039314208552241325,0.29714518785476685,22.417625427246094,0.005731094162911177,0.2612914443016052,21.917617797851562,0.006430407054722309,0.3147777020931244,26.321199417114258,0.0023328138049691916,0.0841393917798996,28.937814712524414,0.0012770812027156353,26.028888702392578,0.0024952341336756945,0.10046901553869247
1324,39,1,1516,-1,1,24.067340850830078,0.22532281279563904,24.310894012451172,0.27032002806663513,25.091243743896484,21.838504791259766,0.268271803855896,21.910491943359375,23.91230010986328,0.1058146059513092,18.176591873168945,18.177608489990234,22.903348922729492,0.16038468480110168,100.0,0.2169950306415558,1.245742917060852,1516,1548,0.4280911684036255,0,0,0.0039198207668960094,0.0030965334735810757,23.92922592163086,0.004046480171382427,0.26445460319519043,0.0037060449831187725,0.18206869065761566,23.965049743652344,0.0040132394060492516,0.2120496928691864,0.006548615638166666,0.015217414125800133,22.827495574951172,0.005214954260736704,0.3064528703689575,0.006440966390073299,0.2151540219783783,22.88021469116211,0.005152029450982809,0.23702989518642426,0.004062281455844641,0.01521384995430708,26.295507431030273,0.0023466558195650578,0.10609519481658936,0.005124661605805159,0.0,22.28186798095703,0.00591307133436203,0.1886289417743683,25.117679595947266,0.0030777407810091972,0.20516660809516907,33.97251892089844,0.00040063445339910686,24.572240829467773,0.003489603055641055,0.24675506353378296,25.291109085083008,0.0029572576750069857,0.15013515949249268,24.696264266967773,0.0033913576044142246,0.17825032770633698,23.471847534179688,0.004495886154472828,0.22655147314071655,28.072711944580078,0.0015585795044898987,23.055896759033203,0.0049477797001600266,0.26920628547668457,23.544933319091797,0.004420860670506954,0.17437325417995453,23.108684539794922,0.0048880018293857574,0.2036529928445816,27.354337692260742,0.0018389337928965688,0.06797058135271072,28.421955108642578,0.0014381512301042676,27.211111068725586,0.0019005925860255957,0.07858821749687195
1382,39,1,1574,-1,3,24.78877067565918,0.2541290521621704,22.54385757446289,0.1986549198627472,23.892257690429688,22.498653411865234,0.31009209156036377,20.980674743652344,23.684803009033203,0.11810657382011414,17.93979263305664,17.939748764038086,21.62441635131836,0.28726184368133545,100.0,0.33681127429008484,0.5898107886314392,1574,1606,0.3938399851322174,0,0,0.003319884417578578,0.004081072751432657,24.944732666015625,0.003202778287231922,0.2992396354675293,0.005566914100199938,0.29496121406555176,22.298076629638672,0.005891046952456236,0.34597861766815186,0.005625158082693815,0.016070181503891945,23.959651947021484,0.004018231760710478,0.3570665121078491,0.007978705689311028,0.32219254970550537,21.64823341369629,0.0068419016897678375,0.3689119815826416,0.004280749708414078,0.016070345416665077,26.078369140625,0.002466965699568391,0.12380699813365936,0.006879523396492004,0.0,21.002939224243164,0.007937910966575146,0.34503424167633057,26.772993087768555,0.002102330094203353,0.23603224754333496,33.025726318359375,0.0004982270766049623,26.290958404541016,0.0023491152096539736,0.284639835357666,23.4544734954834,0.004513909108936787,0.2740626931190491,22.887454986572266,0.005143452435731888,0.328238308429718,24.723665237426758,0.0033700275234878063,0.26843002438545227,27.702411651611328,0.0016973009333014488,24.404083251953125,0.0036273703444749117,0.3212377727031708,22.324119567871094,0.005855826195329428,0.2888074517250061,21.81208610534668,0.006588574033230543,0.34564653038978577,27.316139221191406,0.0018551803659647703,0.07194773107767105,28.64080047607422,0.0013674773508682847,27.143953323364258,0.0019302115542814136,0.08494417369365692
1569,39,1,1825,-1,1,26.624988555908203,0.1500081866979599,29.85248374938965,0.10577733814716339,28.35869598388672,22.679311752319336,0.20783275365829468,23.1473331451416,23.27435302734375,0.12855206429958344,18.1075439453125,18.118459701538086,31.023231506347656,0.038403771817684174,100.0,0.06744315475225449,1.5683925151824951,1825,1857,0.29583966732025146,0,0,0.002175208879634738,0.0014592522056773305,26.410463333129883,0.0022853559348732233,0.17654737830162048,0.0010345510672777891,0.06685260683298111,29.362306594848633,0.0011581621365621686,0.0786147266626358,0.005395960528403521,0.015461289323866367,24.148273468017578,0.003847448155283928,0.2326565980911255,0.004844699054956436,0.1425977647304535,24.923315048217773,0.0032186114694923162,0.15201906859874725,0.004705056082457304,0.015422476455569267,25.148151397705078,0.003056223038583994,0.13452233374118805,0.0007900908822193742,0.0,30.401752471923828,0.0009116432629525661,0.04506254568696022,29.017498016357422,0.0012538633309304714,0.11828756332397461,36.9011344909668,0.0002041203697444871,28.49132537841797,0.0014153621159493923,0.14137427508831024,33.33482360839844,0.00046399980783462524,0.041430696845054626,32.72910690307617,0.0005334445741027594,0.050054825842380524,25.16212272644043,0.0030464057344943285,0.15639826655387878,28.891277313232422,0.0012908397475257516,24.793209075927734,0.0033164930064231157,0.18566900491714478,26.07518768310547,0.0024687740951776505,0.09681478887796402,25.740299224853516,0.00266667571850121,0.11270493268966675,26.348344802856445,0.0023182786535471678,0.08451415598392487,29.263317108154297,0.0011848636204376817,26.03338623046875,0.0024926504120230675,0.09878472238779068
1647,39,1,1935,-1,2,24.897396087646484,0.19390590488910675,22.038555145263672,0.17918358743190765,25.214326858520508,22.108753204345703,0.23941144347190857,20.396007537841797,23.036956787109375,0.13668912649154663,17.952821731567383,17.95003890991211,20.884113311767578,0.20801272988319397,100.0,0.36827635765075684,0.4865465462207794,1935,1967,0.3883618712425232,0,0,0.0032378772739320993,0.003010006155818701,24.850627899169922,0.0032729345839470625,0.22275826334953308,0.006253806408494711,0.23067162930965424,21.699541091918945,0.006761543918401003,0.25869274139404297,0.006153536029160023,0.016022037714719772,23.339218139648438,0.004635304678231478,0.2596200406551361,0.00912849698215723,0.24697890877723694,20.942340850830078,0.00804944895207882,0.26373565196990967,0.004969405010342598,0.01603231020271778,24.85795021057129,0.003267420455813408,0.1414853036403656,0.008158092387020588,0.0,20.26263427734375,0.00941318366676569,0.2396666705608368,27.20938491821289,0.001901348470710218,0.1602254956960678,35.07471466064453,0.00031083408975973725,26.683616638183594,0.0021460428833961487,0.1880568116903305,23.116514205932617,0.004879200831055641,0.1933194249868393,22.520309448242188,0.00559717882424593,0.2208455204963684,24.255802154541016,0.003753355937078595,0.19618172943592072,28.249170303344727,0.00149652105756104,23.871566772460938,0.004100561607629061,0.22590722143650055,21.746904373168945,0.006688201799988747,0.21659688651561737,21.247501373291016,0.0075032589957118034,0.24435704946517944,26.0651798248291,0.002474469132721424,0.08587636798620224,28.440113067626953,0.0014321509515866637,25.792482376098633,0.0026348261162638664,0.09776186943054199
1681,39,1,1969,-1,0,25.946216583251953,0.20136767625808716,24.571168899536133,0.1869654655456543,24.40021514892578,22.978422164916992,0.2515559792518616,22.078155517578125,23.835662841796875,0.13075727224349976,17.95342445373535,17.993423461914062,23.0466365814209,0.18393005430698395,100.0,0.3157149851322174,0.5921970009803772,1969,2001,0.3887598216533661,0,0,0.0025431879330426455,0.00363060156814754,26.241731643676758,0.002375893760472536,0.23780959844589233,0.0034904635977,0.205606147646904,24.276691436767578,0.003735348116606474,0.24481914937496185,0.005036836490035057,0.01601981371641159,24.753253936767578,0.003347147488966584,0.28842195868492126,0.006197042763233185,0.23056909441947937,23.194900512695312,0.004791927523910999,0.25946396589279175,0.004134602844715118,0.015872953459620476,26.328859329223633,0.002328702947124839,0.1414094716310501,0.004958341829478741,0.0,22.425155639648438,0.005721163935959339,0.2193896472454071,28.407819747924805,0.001442840090021491,0.17024965584278107,33.55311584472656,0.00044125408749096096,27.967140197753906,0.0015969303203746676,0.20824484527111053,25.820056915283203,0.0026181484572589397,0.17458902299404144,25.230180740356445,0.002999036805704236,0.21172980964183807,25.58822250366211,0.002761708339676261,0.20091284811496735,28.15985107421875,0.0015276179183274508,25.299470901489258,0.0029515682253986597,0.24101772904396057,23.933597564697266,0.004042410291731358,0.19218233227729797,23.507781982421875,0.004458841402083635,0.2286917269229889,27.383712768554688,0.0018265375401824713,0.08774204552173615,28.908103942871094,0.0012858483241871,27.190303802490234,0.0019097203621640801,0.1036558747291565
1770,39,1,2090,-1,2,25.31461524963379,0.19657433032989502,22.87616539001465,0.16599102318286896,26.155431747436523,22.187400817871094,0.2635136544704437,20.890846252441406,22.958065032958984,0.13082559406757355,18.057695388793945,18.126750946044922,21.44373321533203,0.1537758708000183,100.0,0.2685900330543518,0.6180088520050049,2090,2122,0.38045722246170044,0,0,0.0029412938747555017,0.002423577243462205,25.198575973510742,0.0030209426768124104,0.2260831892490387,0.005156837869435549,0.16477666795253754,22.53437042236328,0.0055790855549275875,0.18983536958694458,0.006043103989213705,0.01563977263867855,23.403980255126953,0.0045666941441595554,0.29516279697418213,0.00814545527100563,0.21096709370613098,21.523473739624023,0.0070412978529930115,0.2358858734369278,0.005060501396656036,0.015393057838082314,24.595605850219727,0.0034708776511251926,0.14048726856708527,0.007171775214374065,0.0,20.822256088256836,0.008275125175714493,0.1807929277420044,27.903507232666016,0.0016205011634156108,0.16723671555519104,34.8340950012207,0.00032854179153218865,27.401044845581055,0.001819264143705368,0.19987808167934418,24.275279998779297,0.003736562095582485,0.129174143075943,23.683345794677734,0.0042821853421628475,0.1529911458492279,24.47170066833496,0.003571330802515149,0.2061973512172699,28.41077995300293,0.0014418564969673753,24.090534210205078,0.0038989426102489233,0.2430916726589203,22.37108039855957,0.005792846903204918,0.16351845860481262,21.88314437866211,0.006481648422777653,0.19277650117874146,25.870304107666016,0.002588031580671668,0.09087721258401871,29.03518295288086,0.0012487682979553938,25.53762435913086,0.0027940720319747925,0.10671966522932053
1823,39,1,2175,-1,1,23.408321380615234,0.46762463450431824,22.205101013183594,0.22162126004695892,23.750205993652344,21.541954040527344,0.5106255412101746,20.74384880065918,25.624141693115234,0.07400043308734894,17.779558181762695,17.961923599243164,21.79912567138672,0.3643416464328766,100.0,0.3086857497692108,0.7179510593414307,2175,2207,0.39681440591812134,0,0,0.004562130197882652,0.004216767381876707,23.3580379486084,0.004615262616425753,0.5569275617599487,0.006018524523824453,0.36164000630378723,21.83321762084961,0.006556592416018248,0.4329273998737335,0.007011400070041418,0.016674168407917023,22.576818466186523,0.005524820648133755,0.5966491103172302,0.008425877429544926,0.3926681578159332,21.40669822692871,0.007233195472508669,0.45330876111984253,0.002738961251452565,0.01598849892616272,31.545482635498047,0.000700570410117507,0.07423163950443268,0.006608267314732075,0.0,21.177644729614258,0.007624924182891846,0.4394327998161316,24.123977661132812,0.0038690296933054924,0.44988760352134705,30.77393341064453,0.0008367710397578776,23.62957763671875,0.004335531033575535,0.5439230799674988,22.124828338623047,0.006130801048129797,0.35334908962249756,21.525585174560547,0.007037872914224863,0.42820021510124207,23.69754409790039,0.00426821131259203,0.46736571192741394,26.822242736816406,0.0020786223467439413,23.36763572692871,0.004605071619153023,0.5633678436279297,21.80376434326172,0.006601209752261639,0.3665076792240143,21.314254760742188,0.0073888120241463184,0.4400497376918793,31.690013885498047,0.0006776395021006465,0.0410681813955307,28.24693489074707,0.001497292541898787,32.58423614501953,0.0005515390075743198,0.04783404618501663
1871,39,1,2255,-1,0,24.207355499267578,0.2062842696905136,21.31239891052246,0.1898585557937622,25.604028701782227,21.699073791503906,0.2654709815979004,19.916526794433594,23.05934715270996,0.137711301445961,18.009475708007812,17.9014835357666,20.334365844726562,0.26517269015312195,100.0,0.38309571146965027,0.4955903887748718,2255,2287,0.4649980664253235,0,0,0.0037954594008624554,0.0027516745030879974,24.027389526367188,0.003956041764467955,0.23718538880348206,0.007391967810690403,0.2871910035610199,20.905330657958984,0.008118336088955402,0.32226964831352234,0.006762275006622076,0.015814390033483505,22.70054817199707,0.0053696418181061745,0.29425129294395447,0.010194064117968082,0.30447521805763245,20.330875396728516,0.00926643144339323,0.3332340717315674,0.004943850450217724,0.016212567687034607,24.934677124023438,0.0032102016266435385,0.14195990562438965,0.009258988313376904,0.0,19.7128849029541,0.010683448985219002,0.301045686006546,25.869970321655273,0.0025882318150252104,0.17211993038654327,34.34541702270508,0.0003676701453514397,25.3315372467041,0.0029298565350472927,0.20278625190258026,22.193084716796875,0.006035198923200369,0.2501215934753418,21.595239639282227,0.006925900466740131,0.28461456298828125,23.55699348449707,0.004408600274473429,0.20866437256336212,28.086631774902344,0.0015535913407802582,23.14452362060547,0.00484783248975873,0.24075555801391602,21.11078453063965,0.007743219844996929,0.2677071690559387,20.592666625976562,0.008724360726773739,0.3027561902999878,26.13854217529297,0.002433021320030093,0.07891884446144104,28.40884780883789,0.0014424987602978945,25.87470817565918,0.0025854092091321945,0.08942314982414246
2455,39,1,2967,-1,2,25.565183639526367,0.18672369420528412,24.503480911254883,0.1652236431837082,25.92839813232422,22.436216354370117,0.23738403618335724,21.74704360961914,23.018320083618164,0.13888798654079437,18.033611297607422,17.947669982910156,22.631990432739258,0.12500542402267456,100.0,0.24744239449501038,0.667725682258606,2967,2999,0.37737956643104553,0,0,0.0027763976249843836,0.0025536443572491407,25.511905670166016,0.0028106672689318657,0.21817970275878906,0.0035452910233289003,0.14115512371063232,24.140819549560547,0.0038540568202733994,0.16250012814998627,0.005706612952053547,0.01572675071656704,23.803794860839844,0.004165053367614746,0.2654520571231842,0.006687994115054607,0.184708833694458,22.734241485595703,0.005328143015503883,0.19898909330368042,0.004990777000784874,0.01604105718433857,24.827072143554688,0.0032907340209931135,0.1478247046470642,0.0054550776258111,0.0,22.010513305664062,0.006294320337474346,0.14754444360733032,28.35645294189453,0.0014600068097934127,0.15424564480781555,34.5500602722168,0.00035074696643278003,27.876359939575195,0.0016306622419506311,0.18170879781246185,26.65432357788086,0.0021605663932859898,0.10909056663513184,26.067094802856445,0.0024733792524784803,0.1296553909778595,24.74358558654785,0.0033546052873134613,0.18600067496299744,28.48308753967285,0.0014180494472384453,24.374053955078125,0.003652537241578102,0.2152937650680542,23.773767471313477,0.0041939495131373405,0.14744903147220612,23.350109100341797,0.004623694811016321,0.17154286801815033,26.04112434387207,0.0024882142897695303,0.09946031868457794,28.76203155517578,0.0013298328267410398,25.74070167541504,0.002666427055373788,0.11685235798358917
2481,39,1,2993,-1,0,27.4018497467041,0.12110281735658646,27.719764709472656,0.1514035016298294,27.36703109741211,23.51657485961914,0.18785196542739868,23.384544372558594,23.864383697509766,0.13587042689323425,18.348567962646484,18.257661819458008,25.70798110961914,0.07940609008073807,100.0,0.16297884285449982,0.9289764165878296,2993,3025,0.35022416710853577,0,0,0.0018189268885180354,0.0018335678614675999,27.407228469848633,0.0018166744848713279,0.1437191665172577,0.0016905328957363963,0.10104584693908691,27.34992027282715,0.0018408062169328332,0.11910919845104218,0.004449821542948484,0.014626593329012394,25.399799346923828,0.002884164685383439,0.20717650651931763,0.004587176721543074,0.1567009836435318,25.242273330688477,0.0029906989075243473,0.17013432085514069,0.004107350017875433,0.014935987070202827,26.123600006103516,0.00244140625,0.1458505243062973,0.0026865939144045115,0.0,25.08650016784668,0.003099916037172079,0.09439626336097717,30.0723934173584,0.0009834691882133484,0.10238957405090332,36.174983978271484,0.0002412692119833082,29.595346450805664,0.0010976539924740791,0.1242649108171463,30.04725456237793,0.0009891781955957413,0.07318689674139023,29.46994400024414,0.0011298106983304024,0.08695098757743835,26.23063850402832,0.002381970640271902,0.13810688257217407,28.71485137939453,0.0013443578500300646,25.948923110961914,0.002541603520512581,0.16334319114685059,26.063095092773438,0.0024756579659879208,0.10666374117136002,25.754806518554688,0.0026577815879136324,0.12534359097480774,27.212617874145508,0.0018999336753040552,0.08431506156921387,29.069490432739258,0.001238942495547235,26.986175537109375,0.0020016247872263193,0.09815911203622818
2750,39,1,3294,-1,1,23.863523483276367,0.19048628211021423,21.90945816040039,0.18929122388362885,25.339073181152344,21.459474563598633,0.24633577466011047,20.358827590942383,22.85693359375,0.12274222820997238,17.87478256225586,17.816545486450195,20.861032485961914,0.1611390858888626,100.0,0.3635868728160858,0.5206217169761658,3294,3326,0.4484773576259613,0,0,0.004108163993805647,0.0029247754719108343,23.675201416015625,0.004290224052965641,0.21285299956798553,0.006442494224756956,0.18966878950595856,21.63212013244629,0.0068673305213451385,0.20777882635593414,0.00714582996442914,0.01631254144012928,22.414236068725586,0.005735567305237055,0.26558640599250793,0.009206983260810375,0.2181740701198578,20.842926025390625,0.008235831744968891,0.23126304149627686,0.005179724656045437,0.016532760113477707,24.64313316345215,0.0034331041388213634,0.1259174346923828,0.008201565593481064,0.0,20.239553451538086,0.00946334470063448,0.18235647678375244,25.83188247680664,0.002611028729006648,0.151375874876976,34.60034942626953,0.00034670892637223005,25.287986755371094,0.0029593852814286947,0.17559050023555756,23.153057098388672,0.004838316701352596,0.15793301165103912,22.58760643005371,0.005511111579835415,0.18014264106750488,23.39139747619629,0.004579945933073759,0.18408770859241486,28.129634857177734,0.0015382844721898437,22.968900680541992,0.005047893151640892,0.20893877744674683,21.71541976928711,0.006736870855093002,0.17737889289855957,21.197784423828125,0.007589647546410561,0.2004716396331787,25.90837287902832,0.0025654465425759554,0.07624354958534241,28.255882263183594,0.001494210446253419,25.637971878051758,0.002730252221226692,0.08747883141040802
2760,39,1,3304,-1,3,23.552417755126953,0.23979438841342926,20.63676643371582,0.2553585171699524,25.184553146362305,21.304275512695312,0.28654444217681885,19.382049560546875,23.50166130065918,0.12846529483795166,17.925302505493164,18.07868194580078,19.73749351501465,0.2383446842432022,100.0,0.38427039980888367,0.6645281910896301,3304,3336,0.4325917959213257,0,0,0.004413248505443335,0.0030307136476039886,23.34799575805664,0.004625945817679167,0.2745947241783142,0.008636212907731533,0.2551684081554413,20.240459442138672,0.009461374953389168,0.28739577531814575,0.007405806798487902,0.016123885288834572,22.17200469970703,0.006064563523977995,0.3168492913246155,0.011529095470905304,0.28241297602653503,19.613605499267578,0.010930486023426056,0.3057069182395935,0.004465129692107439,0.015564383007586002,25.59476089477539,0.0027575527783483267,0.129177525639534,0.0106230853125453,0.0,19.116012573242188,0.012257407419383526,0.2707688510417938,24.36439323425293,0.0036606730427592993,0.2049436718225479,34.680519104003906,0.00034036755096167326,23.797090530395508,0.004171488806605339,0.24172405898571014,21.112157821655273,0.007740772794932127,0.22501471638679504,20.510961532592773,0.008890040218830109,0.25851526856422424,22.774856567382812,0.00527854822576046,0.23825868964195251,28.59097671508789,0.001383255235850811,22.30783462524414,0.005877824034541845,0.2770989239215851,20.276718139648438,0.009382707998156548,0.24142493307590485,19.734540939331055,0.010630310513079166,0.27286767959594727,26.77718162536621,0.0021003030706197023,0.08055511862039566,28.890094757080078,0.0012911914382129908,26.527128219604492,0.0022247815504670143,0.0907970443367958
2931,39,1,3475,-1,2,24.67542839050293,0.1792667657136917,22.422344207763672,0.17528055608272552,24.857040405273438,22.09623146057129,0.22972890734672546,20.66809844970703,23.36057472229004,0.12058579921722412,18.061458587646484,18.1485538482666,21.263835906982422,0.23296207189559937,100.0,0.3274345397949219,0.5353147983551025,3475,3507,0.38270798325538635,0,0,0.003407667391002178,0.0032681056763976812,24.648149490356445,0.0034291385672986507,0.21227476000785828,0.005724869668483734,0.25105464458465576,21.99112892150879,0.006322476547211409,0.2968873083591461,0.006171301938593388,0.015626225620508194,23.26361846923828,0.004716698545962572,0.26286500692367554,0.00857413001358509,0.27565112709999084,21.22372817993164,0.0075444430112838745,0.3141437768936157,0.004612565506249666,0.015315978787839413,25.278453826904297,0.002965887077152729,0.12981675565242767,0.007475088816136122,0.0,20.642356872558594,0.008625101298093796,0.28464171290397644,26.99681282043457,0.0019967276602983475,0.15201503038406372,32.83539962768555,0.0005205473280511796,26.528980255126953,0.0022238322999328375,0.18517358601093292,23.60986328125,0.004355256911367178,0.21668294072151184,23.011154174804688,0.004999017808586359,0.26174646615982056,24.222576141357422,0.003782181767746806,0.19930127263069153,27.990585327148438,0.001588332699611783,23.851348876953125,0.004119697026908398,0.2437489777803421,22.086305618286133,0.0061854226514697075,0.2470400333404541,21.577062606811523,0.006954945158213377,0.2983689308166504,26.36528968811035,0.0023092504125088453,0.08961784839630127,29.18677520751953,0.0012059311848133802,26.0572509765625,0.002478991635143757,0.11045590043067932
3172,39,1,3780,-1,3,25.09400177001953,0.19184333086013794,23.182754516601562,0.19112585484981537,26.32209587097168,22.053897857666016,0.2471064180135727,20.97385597229004,23.114099502563477,0.13797418773174286,18.013397216796875,18.098644256591797,21.545316696166992,0.15270236134529114,100.0,0.30527380108833313,0.6260800957679749,3780,3812,0.408128947019577,0,0,0.003094567684456706,0.0023323323111981153,24.93246841430664,0.0032118347007781267,0.2288304567337036,0.004805345553904772,0.1539028435945511,22.760658264160156,0.005295833107084036,0.18315108120441437,0.006231754086911678,0.01580011285841465,23.224205017089844,0.004759699571877718,0.28107842803001404,0.007991244085133076,0.18985044956207275,21.66459846496582,0.006816165056079626,0.21285085380077362,0.004881915170699358,0.01549299992620945,24.881916046142578,0.003249439876526594,0.14952346682548523,0.007005972322076559,0.0,20.923839569091797,0.00808381475508213,0.18283744156360626,27.16806411743164,0.0019195243949070573,0.15242715179920197,34.860015869140625,0.00032658647978678346,26.646242141723633,0.002164591569453478,0.18660372495651245,24.498523712158203,0.003549340181052685,0.13029669225215912,23.895591735839844,0.004077938850969076,0.15733149647712708,24.087749481201172,0.0039014420472085476,0.2006228119134903,28.694805145263672,0.0013505774550139904,23.671497344970703,0.004293882753700018,0.23929724097251892,22.521167755126953,0.005596075672656298,0.16435128450393677,22.02336883544922,0.006275713909417391,0.19488051533699036,26.008426666259766,0.002507016994059086,0.09420604258775711,29.426387786865234,0.0011411987943574786,25.658876419067383,0.0027171429246664047,0.11173799633979797
3185,39,1,3793,-1,0,26.587478637695312,0.16641832888126373,24.141809463500977,0.13921688497066498,26.26986312866211,23.008697509765625,0.23772352933883667,21.64839744567871,23.599531173706055,0.13176167011260986,18.16983985900879,18.041000366210938,22.42568016052246,0.17067420482635498,100.0,0.30554109811782837,0.4556404650211334,3793,3825,0.3959071934223175,0,0,0.002194079104810953,0.0023605534806847572,26.638471603393555,0.0021684677340090275,0.20115508139133453,0.0038531776517629623,0.18421784043312073,23.705596923828125,0.004260301124304533,0.22058767080307007,0.00500184902921319,0.015241088345646858,24.651391983032227,0.0034265818540006876,0.27395468950271606,0.006841639522463083,0.21991200745105743,22.543811798095703,0.00556696904823184,0.2500172555446625,0.004365629516541958,0.015700016170740128,25.813875198364258,0.002621878171339631,0.14339366555213928,0.005720474757254124,0.0,21.804201126098633,0.006600547581911087,0.20475369691848755,28.63513946533203,0.0013692607171833515,0.13723471760749817,34.835235595703125,0.0003284556441940367,28.15483283996582,0.0015293846372514963,0.17097346484661102,24.876691818237305,0.003253350267186761,0.14907240867614746,24.272319793701172,0.0037391087971627712,0.1823766976594925,25.468557357788086,0.0028388623613864183,0.17342108488082886,28.85211181640625,0.001302533783018589,25.121238708496094,0.003075220389291644,0.2106425166130066,23.210533142089844,0.004774708766490221,0.16466934978961945,22.735403060913086,0.005326718557626009,0.19912749528884888,26.890466690063477,0.00204622489400208,0.07855405658483505,29.39090919494629,0.0011505595175549388,26.60743522644043,0.0021840196568518877,0.09630979597568512
3313,39,1,3953,-1,3,25.983386993408203,0.17966978251934052,23.17683219909668,0.18254601955413818,25.5462646484375,22.4898681640625,0.24105557799339294,21.01455307006836,23.1145076751709,0.13083671033382416,17.88118553161621,17.929399490356445,21.650541305541992,0.171249657869339,100.0,0.31923002004623413,0.5718322396278381,3953,3985,0.4061180353164673,0,0,0.002521514194086194,0.0027885192539542913,26.05472183227539,0.002480436349287629,0.2080114781856537,0.004811902530491352,0.1809616982936859,22.87723731994629,0.0051555633544921875,0.21099074184894562,0.005636550020426512,0.01628851890563965,23.98180389404297,0.003997786436229944,0.2705625295639038,0.007916709408164024,0.22501827776432037,21.773395538330078,0.006647533271461725,0.25545305013656616,0.004881454631686211,0.016108687967061996,25.011123657226562,0.003154187463223934,0.14149336516857147,0.006838265340775251,0.0,21.029062271118164,0.007890306413173676,0.20051534473896027,28.421804428100586,0.0014382012886926532,0.14853356778621674,33.36690139770508,0.0004605850263033062,27.989843368530273,0.001588603830896318,0.17731043696403503,24.313308715820312,0.003703983733430505,0.14942698180675507,23.728761672973633,0.004237636458128691,0.179235577583313,24.805858612060547,0.0033068477641791105,0.18288303911685944,27.637948989868164,0.0017226823838427663,24.497024536132812,0.003550565568730235,0.21856114268302917,22.531641006469727,0.005582593381404877,0.18278589844703674,22.05959129333496,0.00622358825057745,0.2180662751197815,26.100067138671875,0.0024546708445996046,0.08865128457546234,28.406574249267578,0.0014432532479986548,25.833141326904297,0.002610273426398635,0.10729485750198364
3418,39,1,4090,-1,3,25.63889503479004,0.4200302064418793,24.441364288330078,0.2541808784008026,22.936115264892578,22.810070037841797,0.4923554062843323,22.226438522338867,25.01766014099121,0.16393479704856873,17.557308197021484,17.854358673095703,23.44190216064453,0.2813476026058197,100.0,0.3534277379512787,0.7191876769065857,4090,4122,0.4057958126068115,0,0,0.0027296729385852814,0.005086142104119062,26.257762908935547,0.0023671393282711506,0.5048779845237732,0.003596364753320813,0.28506016731262207,24.353086471557617,0.0036702139768749475,0.34619876742362976,0.0052359201945364475,0.017549682408571243,24.760591506958008,0.00334149575792253,0.5786678791046143,0.00598902627825737,0.33732062578201294,23.530771255493164,0.004435298033058643,0.39485177397727966,0.003149445168673992,0.01638944447040558,29.536914825439453,0.0011125219753012061,0.1772841215133667,0.004526995122432709,0.0,22.820423126220703,0.005223455838859081,0.34439048171043396,27.317588806152344,0.001854561036452651,0.36663857102394104,30.004608154296875,0.0009989396203309298,27.01978302001953,0.0019861951004713774,0.4465141296386719,24.64443016052246,0.0034320768900215626,0.25030165910720825,24.07151222229004,0.003916055429726839,0.3113677203655243,25.96896743774414,0.0025299014523625374,0.40062230825424194,26.005199432373047,0.0025088817346841097,25.96341896057129,0.002533135237172246,0.4815461039543152,23.79631233215332,0.004172234795987606,0.27452969551086426,23.429767608642578,0.004539661109447479,0.3343033194541931,29.873920440673828,0.0010294567327946424,0.08861583471298218,27.789125442504883,0.0016637477092444897,30.30643081665039,0.0009318735101260245,0.10800229012966156
3541,39,1,4213,-1,2,23.934040069580078,0.3834364116191864,23.55632781982422,0.2571053206920624,22.531898498535156,22.035537719726562,0.4174853265285492,21.757591247558594,25.162384033203125,0.1282103955745697,17.671611785888672,17.894756317138672,22.96197509765625,0.2894454598426819,100.0,0.3365574777126312,0.7639269232749939,4213,4245,0.39501187205314636,0,0,0.004041996784508228,0.005582262296229601,24.1964168548584,0.003805032931268215,0.44650936126708984,0.0044092764146625996,0.3144233226776123,23.318002700805664,0.004658002872020006,0.3730720281600952,0.006258155219256878,0.01709381304681301,23.38080406188965,0.004591131582856178,0.47855859994888306,0.0066717700101435184,0.3348577320575714,22.779495239257812,0.0052729113958776,0.3852512240409851,0.00304622296243906,0.016237692907452583,29.927791595458984,0.001016765832901001,0.13391923904418945,0.005055948160588741,0.0,22.340496063232422,0.005833785980939865,0.3463970124721527,24.861431121826172,0.0032648032065480947,0.35663658380508423,29.535484313964844,0.0011128885671496391,24.441965103149414,0.003595866961404681,0.42270100116729736,23.803930282592773,0.0041649253107607365,0.28348517417907715,23.214317321777344,0.0047705513425171375,0.3424241542816162,23.921024322509766,0.004054129123687744,0.36858826875686646,24.195449829101562,0.0038058809004724026,23.88030242919922,0.004092321265488863,0.4320322573184967,22.997339248657227,0.005014945287257433,0.2919347882270813,22.731782913208008,0.0053311618976294994,0.3503204882144928,29.596832275390625,0.0010972784366458654,0.06593481451272964,25.392059326171875,0.0028893090784549713,30.853496551513672,0.0008215813431888819,0.07828536629676819
3778,156,1,157,-1,2,24.380876541137695,0.32135093212127686,21.71198272705078,0.29018330574035645,23.943634033203125,22.269277572631836,0.3481179475784302,20.36071014404297,25.40414047241211,0.08137676119804382,18.009082794189453,18.133058547973633,21.23953628540039,0.2993619740009308,100.0,0.37218138575553894,0.779682457447052,157,189,0.46196210384368896,0,0,0.003646804252639413,0.004033077508211136,24.45223045349121,0.003587377490475774,0.36960506439208984,0.006742202211171389,0.309440553188324,21.382041931152344,0.007274380419403315,0.35583987832069397,0.0059302374720573425,0.015815822407603264,23.556228637695312,0.004409377928823233,0.3919554650783539,0.009202991612255573,0.3280485272407532,20.875999450683594,0.008173348382115364,0.3634335696697235,0.0028812838718295097,0.015370719134807587,30.17804718017578,0.0009598323376849294,0.07663913071155548,0.007517035584896803,0.0,20.618057250976562,0.008673502132296562,0.3469988703727722,25.10639190673828,0.003085751784965396,0.30337202548980713,33.04470443725586,0.0004960549995303154,24.579011917114258,0.0034841669257730246,0.36297622323036194,21.800403594970703,0.006606322713196278,0.2949434220790863,21.20296859741211,0.007580592297017574,0.3459973931312561,24.250869750976562,0.0037576218601316214,0.3130524456501007,28.006010055541992,0.0015827020397409797,23.88040542602539,0.004092225339263678,0.36864563822746277,21.322586059570312,0.007374647073447704,0.3057340085506439,20.800559997558594,0.00831657089293003,0.35374367237091064,30.644134521484375,0.0008621574379503727,0.04680107161402702,29.033843994140625,0.00124915293417871,30.954904556274414,0.0008026196737773716,0.05226726830005646
3836,156,1,215,-1,0,17.320281982421875,0.3321913182735443,16.56128692626953,0.3561897277832031,23.7096004486084,16.566442489624023,0.3655218183994293,15.911800384521484,23.414308547973633,0.09775189310312271,17.936220169067383,18.10077476501465,15.908360481262207,0.2946757674217224,100.0,0.4530200958251953,0.7862558960914612,215,247,0.3931354284286499,0,0,0.018534118309617043,0.004256376996636391,16.8338623046875,0.020730694755911827,0.3716699779033661,0.02207350730895996,0.3152802288532257,16.022838592529297,0.024987123906612396,0.35117292404174805,0.022047318518161774,0.016083406284451485,16.389366149902344,0.0229648444801569,0.40309175848960876,0.02563421055674553,0.32781025767326355,15.635526657104492,0.02731790952384472,0.358254075050354,0.004555848892778158,0.015485407784581184,25.414560317993164,0.0028743783477693796,0.09562013298273087,0.025654520839452744,0.0,15.286882400512695,0.02960136905312538,0.33200860023498535,17.12824058532715,0.01937207393348217,0.29807502031326294,28.986637115478516,0.0012628048425540328,16.5446720123291,0.02215811423957348,0.3391624987125397,16.56298828125,0.02206486649811268,0.2934914827346802,15.948456764221191,0.025418762117624283,0.3318807780742645,16.721193313598633,0.02127554826438427,0.313384085893631,26.979475021362305,0.0020047142170369625,16.154621124267578,0.024240294471383095,0.35414087772369385,16.18783187866211,0.024055633693933487,0.302079975605011,15.59399127960205,0.027580423280596733,0.3420509994029999,26.51244354248047,0.0022323154844343662,0.06399483978748322,29.654560089111328,0.0010827896185219288,26.181333541870117,0.002409165957942605,0.07093048095703125
4051,156,1,462,-1,2,24.119834899902344,0.17436903715133667,21.18271827697754,0.2028990536928177,25.63648223876953,21.637582778930664,0.2273915559053421,19.728675842285156,23.12814712524414,0.11330745369195938,17.969863891601562,17.965652465820312,20.246578216552734,0.24674177169799805,100.0,0.3531670570373535,0.5745129585266113,462,494,0.4434386193752289,0,0,0.0038727244827896357,0.0027311898302286863,23.927227020263672,0.004048345144838095,0.2013610154390335,0.007616021204739809,0.2544189393520355,20.775588989257812,0.008364521898329258,0.2956591844558716,0.006858700420707464,0.015959298238158226,22.629180908203125,0.005458608735352755,0.2514303922653198,0.010644673369824886,0.2775189280509949,20.075576782226562,0.009827489033341408,0.30850088596343994,0.0048661488108336926,0.015974774956703186,25.007076263427734,0.0031571295112371445,0.11420972645282745,0.009448050521314144,0.0,19.625099182128906,0.010901597328484058,0.2901178002357483,25.707462310791016,0.0026869154535233974,0.1547251045703888,35.13330078125,0.0003066688368562609,25.15258026123047,0.003053107066079974,0.1810811161994934,21.96814727783203,0.006356019526720047,0.22774381935596466,21.364055633544922,0.007304569706320763,0.26669538021087646,23.468530654907227,0.00449932087212801,0.1840357631444931,28.50186538696289,0.0014119308907538652,23.032676696777344,0.004974304232746363,0.2166195958852768,20.826427459716797,0.00826717633754015,0.24571961164474487,20.307636260986328,0.009316151030361652,0.2863074839115143,26.188159942626953,0.002405382227152586,0.06915491074323654,28.841230392456055,0.001305800979025662,25.892990112304688,0.0025745490565896034,0.0800032913684845
4177,156,1,620,-1,1,24.106842041015625,0.3296053409576416,21.47740936279297,0.2506442964076996,24.470090866088867,21.78274154663086,0.37511056661605835,19.996122360229492,24.742019653320312,0.09220826625823975,17.866052627563477,18.115575790405273,20.675317764282227,0.2988471984863281,100.0,0.3806540071964264,0.6584569811820984,620,652,0.46835020184516907,0,0,0.00388432783074677,0.003572653979063034,24.053558349609375,0.003932277671992779,0.37824133038520813,0.007116382475942373,0.3129222095012665,20.996706008911133,0.007949311286211014,0.3611150085926056,0.006633243523538113,0.016345374286174774,22.891155242919922,0.005139069631695747,0.4173523187637329,0.010008935816586018,0.33231309056282043,20.390289306640625,0.00914052501320839,0.36690792441368103,0.0033558153081685305,0.015432718209922314,28.24537467956543,0.0014978302642703056,0.0858156830072403,0.00855989009141922,0.0,20.05384063720703,0.00987679697573185,0.3452739715576172,24.877410888671875,0.0032528131268918514,0.29826289415359497,33.21961975097656,0.00047647266183048487,24.341590881347656,0.003679942572489381,0.35257595777511597,21.612232208251953,0.006898852996528149,0.2999913990497589,21.005226135253906,0.007933731190860271,0.34885117411613464,23.617286682128906,0.004347818437963724,0.32435473799705505,28.29676628112793,0.00148021022323519,23.19756317138672,0.0047889887355268,0.37662240862846375,20.920886993408203,0.008089307695627213,0.30751851201057434,20.37378692626953,0.009175322018563747,0.3543897867202759,29.22254180908203,0.0011960407719016075,0.05133172124624252,29.666263580322266,0.001079875510185957,29.158126831054688,0.0012139123864471912,0.05636429041624069
4196,156,1,639,-1,0,24.41497802734375,0.1873900592327118,22.45091438293457,0.22065988183021545,25.1173038482666,21.75346565246582,0.24218246340751648,20.556936264038086,23.14514923095703,0.12009274959564209,17.85865020751953,17.992040634155273,21.193862915039062,0.15190532803535461,100.0,0.3338213860988617,0.661011815071106,639,671,0.4493919909000397,0,0,0.00361827970482409,0.003078007372096181,24.31634521484375,0.0037013983819633722,0.21199148893356323,0.005687333177775145,0.17119871079921722,22.107648849487305,0.006155100651085377,0.1922559142112732,0.0066781057976186275,0.016373248770833015,22.851219177246094,0.005186545196920633,0.26462262868881226,0.008796431124210358,0.20598667860031128,21.143857955932617,0.007684476673603058,0.21809172630310059,0.004847137723118067,0.01587800681591034,25.016782760620117,0.003150081494823098,0.1252635270357132,0.007596505340188742,0.0,20.572383880615234,0.008765197359025478,0.17068266868591309,26.20622444152832,0.0023953982163220644,0.16554974019527435,33.98263931274414,0.0003997017629444599,25.682458877563477,0.002702428260818124,0.1930338740348816,23.512454986572266,0.004454045556485653,0.1434948891401291,22.925819396972656,0.005098213907331228,0.162993922829628,23.671510696411133,0.00429387204349041,0.20163199305534363,28.42292594909668,0.0014378305058926344,23.248394012451172,0.004733263049274683,0.23046807944774628,21.952905654907227,0.0063783638179302216,0.167247012257576,21.454242706298828,0.007154441904276609,0.18870213627815247,26.171710968017578,0.0024145101197063923,0.0821051150560379,28.57952308654785,0.0013869082322344184,25.896272659301758,0.002572602592408657,0.09406857937574387
4282,156,1,757,-1,0,25.2451114654541,0.30002641677856445,25.431358337402344,0.28109660744667053,24.00860023498535,22.641124725341797,0.3686501085758209,22.622852325439453,24.395221710205078,0.1595102697610855,17.826406478881836,17.899627685546875,23.93594741821289,0.21458937227725983,100.0,0.3544629216194153,0.7930212020874023,757,789,0.4161592423915863,0,0,0.002988744992762804,0.0039731962606310844,25.470962524414062,0.0028372909873723984,0.35716795921325684,0.002863281639292836,0.23352809250354767,25.414501190185547,0.002874419093132019,0.27707135677337646,0.005443616770207882,0.016495274379849434,24.267383575439453,0.0037433619145303965,0.4289487600326538,0.005466568283736706,0.28191298246383667,24.180072784423828,0.003819379024207592,0.32485005259513855,0.0036347764544188976,0.016219494864344597,27.69891929626465,0.0016986657865345478,0.17872419953346252,0.004040221683681011,0.0,23.314468383789062,0.004661794286221266,0.25911352038383484,26.56649398803711,0.0022047057282179594,0.2670021653175354,33.37757110595703,0.0004594550409819931,26.067398071289062,0.002473205793648958,0.325408399105072,26.212377548217773,0.0023920058738440275,0.19853565096855164,25.642423629760742,0.002727455459535122,0.2411476969718933,24.90907859802246,0.00322917802259326,0.3046068847179413,27.790786743164062,0.0016631117323413491,24.596567153930664,0.0034701116383075714,0.36933061480522156,24.6125431060791,0.0034573699813336134,0.22023674845695496,24.221393585205078,0.0037832127418369055,0.2653071880340576,28.50794219970703,0.0014099571853876114,0.08779902756214142,28.755958557128906,0.0013316930271685123,28.471012115478516,0.0014219977892935276,0.10706179589033127
4467,156,1,1006,-1,1,24.195058822631836,0.43678611516952515,21.275634765625,0.22732782363891602,23.656923294067383,22.132301330566406,0.471284419298172,20.034360885620117,25.15679168701172,0.08489940315485,17.692182540893555,18.003070831298828,20.843427658081055,0.4143914580345154,100.0,0.325423926115036,0.698559045791626,1006,1038,0.40561312437057495,0,0,0.00380622292868793,0.004308316390961409,24.284103393554688,0.003728977870196104,0.515316367149353,0.007454809732735157,0.40356722474098206,20.872562408447266,0.008179819211363792,0.4848659634590149,0.0061202626675367355,0.017013033851981163,23.52181625366211,0.004444452002644539,0.5467265844345093,0.00992119312286377,0.4161404073238373,20.441455841064453,0.009033466689288616,0.48239532113075256,0.003050149418413639,0.015837736427783966,29.65440559387207,0.0010828283848240972,0.08456004410982132,0.00823487900197506,0.0,20.221948623657227,0.009501783177256584,0.4975605607032776,25.120128631591797,0.003076005494222045,0.415254145860672,31.087263107299805,0.000778527173679322,24.647735595703125,0.003429464064538479,0.498975545167923,21.3765869140625,0.007283524144440889,0.38732218742370605,20.777935028076172,0.008360001258552074,0.46731287240982056,24.199996948242188,0.0038018994964659214,0.42873841524124146,27.03144073486328,0.0019808707293123007,23.89120864868164,0.0040820580907166,0.5128033757209778,20.88373374938965,0.008158806711435318,0.39950183033943176,20.369203567504883,0.009185011498630047,0.4783450663089752,30.122928619384766,0.000972091918811202,0.05130008980631828,28.62744140625,0.0013716901885345578,30.40665054321289,0.0009106151992455125,0.06039222329854965
4521,156,1,1060,-1,3,19.304096221923828,0.32686716318130493,17.871746063232422,0.2791764438152313,24.048442840576172,17.958694458007812,0.37880802154541016,16.823097229003906,21.68451690673828,0.12954671680927277,17.890460968017578,17.903493881225586,16.897275924682617,0.3130062520503998,100.0,0.4257814884185791,0.6556800603866577,1060,1092,0.4282649755477905,0,0,0.011737897992134094,0.003936913795769215,18.88131332397461,0.012938049621880054,0.3658599853515625,0.016323957592248917,0.31675413250923157,17.371000289916992,0.01831892877817154,0.3582135736942291,0.016000397503376007,0.016253763809800148,17.96928596496582,0.01596141792833805,0.4156776964664459,0.020782148465514183,0.34935903549194336,16.664722442626953,0.021553993225097656,0.382218599319458,0.00678497739136219,0.016205059364438057,22.728059768676758,0.005335734225809574,0.12981712818145752,0.02043018862605095,0.0,16.275798797607422,0.023573294281959534,0.3586447834968567,19.748382568359375,0.010596482083201408,0.29318252205848694,32.783477783203125,0.0005268077366054058,19.15578842163086,0.012145662680268288,0.3331529200077057,18.211647033691406,0.015095079317688942,0.29348161816596985,17.601200103759766,0.017373213544487953,0.340192049741745,18.634307861328125,0.013695222325623035,0.3335162401199341,27.68958282470703,0.0017023226246237755,18.085411071777344,0.015540284104645252,0.3748508393764496,17.36199951171875,0.0183569323271513,0.32080113887786865,16.782129287719727,0.020979110151529312,0.364126592874527,23.99629783630371,0.003984467126429081,0.09528430551290512,28.630754470825195,0.0013706436147913337,23.578723907470703,0.00438659405335784,0.1054919958114624
4525,156,1,1064,-1,3,22.948942184448242,0.22739623486995697,19.71612548828125,0.2580893635749817,25.29096794128418,20.866954803466797,0.29612284898757935,18.516817092895508,23.044565200805664,0.14841653406620026,18.04708480834961,18.32166290283203,18.930850982666016,0.2993496358394623,100.0,0.355059951543808,0.7268895506858826,1064,1096,0.4307021498680115,0,0,0.00507114315405488,0.0029573531355708838,22.679006576538086,0.005396341439336538,0.2693668007850647,0.010675481520593166,0.3224773406982422,19.189916610717773,0.012050588615238667,0.37222492694854736,0.008190387859940529,0.015678033232688904,21.52523422241211,0.00703844241797924,0.3369293510913849,0.014070783741772175,0.33812394738197327,18.572933197021484,0.01389014720916748,0.37901169061660767,0.004960706923156977,0.014717490412294865,24.609661102294922,0.003459664061665535,0.15904587507247925,0.012791309505701065,0.0,18.309371948242188,0.014759202487766743,0.34716495871543884,23.864381790161133,0.004107352811843157,0.21004454791545868,34.49271774291992,0.0003554088470991701,23.29330062866211,0.004684575367718935,0.25541242957115173,20.138416290283203,0.009686311706900597,0.2729457914829254,19.527236938476562,0.011150039732456207,0.3202550709247589,22.216501235961914,0.00600274745374918,0.24809473752975464,28.284576416015625,0.00148437125608325,21.740625381469727,0.006697882432490587,0.29472386837005615,19.296907424926758,0.011757350526750088,0.29573461413383484,18.738487243652344,0.013370619155466557,0.34252139925956726,25.727951049804688,0.0026742671616375446,0.08972647786140442,28.98381233215332,0.0012636265018954873,25.389087677001953,0.00289128883741796,0.10325174778699875
4779,156,1,1382,-1,2,27.235084533691406,0.19872450828552246,24.14019012451172,0.17809627950191498,25.985515594482422,23.24907684326172,0.2509201765060425,21.68144416809082,24.04451560974121,0.14735202491283417,18.00347900390625,18.154829025268555,22.3801326751709,0.16924168169498444,100.0,0.3613375425338745,0.492880642414093,1382,1414,0.4048682749271393,0,0,0.0018901298753917217,0.0025202794931828976,27.46375274658203,0.0017931837355718017,0.23321059346199036,0.003854612587019801,0.19886311888694763,23.786592483520508,0.0041815852746367455,0.23475195467472076,0.004732517991214991,0.015836242586374283,25.19382095336914,0.0030242525972425938,0.2837107181549072,0.006789776962250471,0.23718954622745514,22.60261344909668,0.005492102354764938,0.2692151665687561,0.003940473776310682,0.015293865464627743,26.588035583496094,0.0021937983110547066,0.1599743664264679,0.005780783016234636,0.0,21.75865364074707,0.006670133676379919,0.20239385962486267,29.023696899414062,0.0012520753080025315,0.15998739004135132,35.553489685058594,0.0002783882664516568,28.532913208007812,0.001401873305439949,0.1925424337387085,24.661645889282227,0.003418499603867531,0.16898909211158752,24.065324783325195,0.003921637311577797,0.20274198055267334,25.95638656616211,0.002537238411605358,0.1863941252231598,28.715538024902344,0.0013441449264064431,25.65304946899414,0.002720791380852461,0.2212434709072113,23.15424156188965,0.004836997948586941,0.17727646231651306,22.686325073242188,0.005387254990637302,0.2109079211950302,27.551755905151367,0.001757213263772428,0.07732338458299637,28.85928726196289,0.0013003831263631582,27.381439208984375,0.001827494939789176,0.08990933001041412
4784,156,1,1387,-1,3,26.39673614501953,0.3110494911670685,23.342670440673828,0.21624760329723358,23.931182861328125,23.55059814453125,0.36092644929885864,21.57209014892578,24.9959716796875,0.11104118824005127,17.90796661376953,17.91968536376953,22.61773681640625,0.3020169138908386,100.0,0.3116467297077179,0.693886935710907,1387,1419,0.40339410305023193,0,0,0.0022925897501409054,0.0040446557104587555,26.939952850341797,0.002023041248321533,0.3717108964920044,0.00463161850348115,0.3049401044845581,22.98049545288086,0.005034433677792549,0.36500284075737,0.004415096715092659,0.016188377514481544,25.843887329101562,0.002603823086246848,0.4200661778450012,0.0069629172794520855,0.3400951325893402,22.51160430908203,0.005608407314866781,0.38735395669937134,0.0031652143225073814,0.016144761815667152,29.324234008789062,0.0011683607008308172,0.11529909074306488,0.005473011638969183,0.0,21.996257781982422,0.006315013859421015,0.3626657724380493,27.80384063720703,0.0016581196105107665,0.2818446755409241,32.912105560302734,0.0005114338709972799,27.36474609375,0.0018345329444855452,0.3396550118923187,23.666851043701172,0.00429847976192832,0.28253185749053955,23.070789337158203,0.004930844064801931,0.34213897585868835,26.25286865234375,0.002369808731600642,0.30111879110336304,27.518949508666992,0.0017705376958474517,26.087112426757812,0.002462004078552127,0.3629610538482666,23.007509231567383,0.005003213882446289,0.2979307770729065,22.553985595703125,0.00555394496768713,0.35913336277008057,29.948823928833008,0.0010118536883965135,0.06337209790945053,28.26418685913086,0.0014913567574694753,30.277584075927734,0.0009380840347148478,0.07665335386991501
4872,156,1,1507,-1,2,25.133533477783203,0.17988890409469604,23.583498001098633,0.18347159028053284,24.964927673339844,22.243993759155273,0.24855008721351624,21.32613182067871,22.983760833740234,0.12975215911865234,17.945560455322266,17.998445510864258,22.046926498413086,0.1318044513463974,100.0,0.27622270584106445,0.664216160774231,1507,1539,0.42016860842704773,0,0,0.003066525561735034,0.0031879181042313576,25.160064697265625,0.0030478499829769135,0.21189816296100616,0.004381775856018066,0.13923119008541107,23.352943420410156,0.004620679188519716,0.1618914157152176,0.005964865442365408,0.01604885794222355,23.552186965942383,0.004413481801748276,0.28172385692596436,0.0073686339892446995,0.1833454668521881,22.16822624206543,0.006069843657314777,0.20289437472820282,0.0050306497141718864,0.0158546082675457,24.729602813720703,0.0033654251601547003,0.14108794927597046,0.00624176487326622,0.0,21.425447463989258,0.007202036213129759,0.15808004140853882,27.867359161376953,0.0016340455040335655,0.1544036567211151,34.144073486328125,0.0003851169312838465,27.384546279907227,0.0018261882942169905,0.18805786967277527,25.39301300048828,0.0028886753134429455,0.11338195204734802,24.820941925048828,0.0032953820191323757,0.13820086419582367,24.456167221069336,0.0035841267090290785,0.20020809769630432,28.318283081054688,0.0014728951500728726,24.07942008972168,0.003908931277692318,0.23975351452827454,23.094058990478516,0.004904496017843485,0.15050725638866425,22.646160125732422,0.005437310319393873,0.1789989173412323,25.90349006652832,0.002568331779912114,0.09756650775671005,28.222442626953125,0.0015057607088238,25.63550567626953,0.002731804735958576,0.116252601146698
4988,156,1,1623,-1,2,26.44902992248535,0.16789782047271729,24.349491119384766,0.16079483926296234,26.132984161376953,22.744464874267578,0.24303680658340454,21.685083389282227,23.250810623168945,0.1379147469997406,17.96037483215332,18.088476181030273,22.48826789855957,0.1602228879928589,100.0,0.28516170382499695,0.5638725161552429,1623,1655,0.3940482437610626,0,0,0.002265150425955653,0.0024361356627196074,26.499759674072266,0.0022388447541743517,0.20097339153289795,0.003673253580927849,0.16453143954277039,24.0078182220459,0.003973911050707102,0.19589480757713318,0.00531561765819788,0.015994200482964516,24.350078582763672,0.0036727588158100843,0.27876606583595276,0.006784092169255018,0.2131287157535553,22.62073516845703,0.005469233728945255,0.23844274878501892,0.004730629734694958,0.015529320575296879,25.129619598388672,0.0030692920554429293,0.14983925223350525,0.005638625472784042,0.0,21.866788864135742,0.0065061068162322044,0.19035914540290833,29.040904998779297,0.0012471243971958756,0.1513974368572235,34.77274703979492,0.00033321575028821826,28.57696533203125,0.001387725817039609,0.18293878436088562,25.55198860168457,0.0027848456520587206,0.1358521282672882,24.965805053710938,0.0031872750259935856,0.16235922276973724,25.19995880126953,0.003019979689270258,0.19482484459877014,28.454479217529297,0.0014274207642301917,24.861183166503906,0.003264988772571087,0.2315407693386078,23.35550308227539,0.004617956001311541,0.17298531532287598,22.89919662475586,0.005129565019160509,0.20468606054782867,26.256011962890625,0.002368094166740775,0.08896902948617935,28.85598373413086,0.0013013726565986872,25.965011596679688,0.0025322050787508488,0.10469163954257965
5156,156,1,1791,-1,2,25.42486000061035,0.1721680909395218,23.739185333251953,0.1973719298839569,26.158893585205078,22.3856143951416,0.23294582962989807,21.488056182861328,23.390514373779297,0.12622366845607758,18.0394344329834,17.98679542541504,22.241077423095703,0.18891645967960358,100.0,0.3343014717102051,0.5904009938240051,1791,1823,0.4028371572494507,0,0,0.0028675715439021587,0.0024216470774263144,25.322179794311523,0.0029361755587160587,0.19993767142295837,0.004227480385452509,0.1991901695728302,23.51880645751953,0.00444753747433424,0.22141768038272858,0.005773493554443121,0.01570567488670349,23.720748901367188,0.004245465155690908,0.25554996728897095,0.007098952773958445,0.23831170797348022,22.372737884521484,0.005790637340396643,0.2544606924057007,0.004580878186970949,0.015897199511528015,25.466960906982422,0.0028399056755006313,0.12730740010738373,0.005968872923403978,0.0,21.619598388671875,0.006887160241603851,0.2142762839794159,27.256650924682617,0.0018807663582265377,0.14205685257911682,35.26055145263672,0.0002978138509206474,26.727848052978516,0.002124297432601452,0.16667909920215607,24.989959716796875,0.003169597592204809,0.1695862114429474,24.418590545654297,0.003615271532908082,0.1921224445104599,24.549686431884766,0.00350777106359601,0.18484482169151306,28.60047149658203,0.0013802347239106894,24.16225242614746,0.003835084615275264,0.21334773302078247,23.145092010498047,0.004847198259085417,0.20034979283809662,22.687198638916016,0.005386172793805599,0.22594478726387024,26.68836784362793,0.0021436966490000486,0.08028104901313782,28.922183990478516,0.0012816863600164652,26.42767906188965,0.002276313491165638,0.09093213826417923
5290,156,1,1925,-1,0,25.418617248535156,0.19183261692523956,23.682897567749023,0.17556601762771606,26.651479721069336,22.477949142456055,0.2514406144618988,21.561363220214844,23.428054809570312,0.12640413641929626,18.033687591552734,18.059328079223633,22.31075668334961,0.16282473504543304,100.0,0.3201668858528137,0.5483578443527222,1925,1957,0.381850004196167,0,0,0.0028716952074319124,0.0021619820035994053,25.256553649902344,0.002980882069095969,0.21939539909362793,0.0042826286517083645,0.17889678478240967,23.385255813598633,0.004586427938193083,0.20870280265808105,0.005652038846164942,0.015726469457149506,23.869911193847656,0.004102126229554415,0.2764764130115509,0.00698013324290514,0.2086213082075119,22.461929321289062,0.005672923754900694,0.23122556507587433,0.0045414515770971775,0.015633897855877876,25.47458839416504,0.0028349217027425766,0.1319778859615326,0.005873868241906166,0.0,21.68927764892578,0.006777541246265173,0.19223661720752716,27.684690475463867,0.0017042405670508742,0.1559295952320099,35.25508499145508,0.0002981889701914042,27.165729522705078,0.0019205561839044094,0.1798665076494217,25.091312408447266,0.003096485510468483,0.14118608832359314,24.508758544921875,0.0035409857518970966,0.16728554666042328,24.86081886291504,0.003265263279899955,0.19790183007717133,28.650714874267578,0.0013643588172271848,24.48829460144043,0.0035577102098613977,0.22892580926418304,23.277280807495117,0.004701885860413313,0.17212751507759094,22.80868911743164,0.005237584467977285,0.20330141484737396,26.79237174987793,0.0020929693710058928,0.08087547868490219,28.959272384643555,0.0012707877904176712,26.53752899169922,0.0022194592747837305,0.0927811712026596
5518,156,1,2153,-1,0,22.912094116210938,0.286632239818573,20.677886962890625,0.25532013177871704,25.11391830444336,21.039201736450195,0.3352353274822235,19.439311981201172,23.40703010559082,0.10459917038679123,18.060184478759766,18.207548141479492,19.962547302246094,0.2935156524181366,100.0,0.36497393250465393,0.6995571851730347,2153,2185,0.41415563225746155,0,0,0.005114353261888027,0.003080408088862896,22.65418815612793,0.0054272678680717945,0.3337506651878357,0.008554832078516483,0.30693820118904114,20.17949867248535,0.0095951147377491,0.35553058981895447,0.007871906273066998,0.01563080959022045,21.753387451171875,0.006678229197859764,0.38282114267349243,0.011378075927495956,0.3279612064361572,19.703807830810547,0.010705807246267796,0.3700183033943176,0.004563489463180304,0.015109329484403133,25.314971923828125,0.00294105289503932,0.11080262064933777,0.01008661463856697,0.0,19.341066360473633,0.011638402007520199,0.3445490300655365,23.81378173828125,0.004155484959483147,0.2586647868156433,32.304847717285156,0.0005881868419237435,23.27505111694336,0.0047043003141880035,0.306175172328949,21.22368621826172,0.007544517517089844,0.2782788574695587,20.615467071533203,0.008678670972585678,0.3281925916671753,22.429677963256836,0.005715209990739822,0.2950076460838318,28.204540252685547,0.0015119793824851513,21.96415901184082,0.006361860781908035,0.3470374345779419,20.452974319458008,0.009009539149701595,0.2923114597797394,19.901779174804688,0.010228738188743591,0.34201040863990784,26.67110252380371,0.0021522357128560543,0.07403405010700226,29.451004028320312,0.0011347488034516573,26.366188049316406,0.0023087721783667803,0.08654768764972687
5584,156,1,2219,-1,2,25.58938217163086,0.4780789613723755,24.63527488708496,0.22602581977844238,22.41024398803711,23.14171028137207,0.515113353729248,22.633054733276367,25.78738021850586,0.09412702172994614,17.498231887817383,17.816495895385742,24.16191864013672,0.4108591079711914,100.0,0.3411695063114166,0.6625030040740967,2219,2251,0.3998355567455292,0,0,0.0027609718963503838,0.005740840919315815,26.377946853637695,0.002302530687302351,0.5578446984291077,0.003439320018514991,0.40207964181900024,24.61020278930664,0.0034592326264828444,0.47503095865249634,0.004850975703448057,0.017790036275982857,25.435808181762695,0.0028603512328118086,0.5920267701148987,0.005453742574900389,0.4284886419773102,24.153635025024414,0.003842701902613044,0.49485111236572266,0.002637923462316394,0.016532951965928078,33.008331298828125,0.0005002268590033054,0.09098909795284271,0.0038353789132088423,0.0,23.54043960571289,0.004425436723977327,0.49129366874694824,27.212116241455078,0.0019001518376171589,0.4340894818305969,30.250701904296875,0.0009439086425118148,26.888256072998047,0.0020472661126405,0.5125068426132202,24.843273162841797,0.0032784813083708286,0.37508416175842285,24.294614791870117,0.0037199626676738262,0.4495544731616974,26.47298812866211,0.002252689329907298,0.4516036808490753,27.161930084228516,0.0019222379196435213,26.376066207885742,0.0023035279009491205,0.5347188115119934,24.40509796142578,0.0036265221424400806,0.39163559675216675,23.977447509765625,0.004001800902187824,0.4690009355545044,32.893035888671875,0.0005136844702064991,0.045950766652822495,28.731731414794922,0.0013391431421041489,34.12636184692383,0.000386690953746438,0.053607311099767685
5677,156,1,2312,-1,3,25.873035430908203,0.1793091893196106,23.290210723876953,0.17602108418941498,25.88360023498535,22.78932762145996,0.24185873568058014,21.179115295410156,23.43735122680664,0.1325429081916809,18.1651668548584,18.044565200805664,22.01398468017578,0.2641183137893677,100.0,0.3104250431060791,0.567032516002655,2312,2344,0.4148479700088501,0,0,0.0025864047929644585,0.0025801213923841715,25.87141227722168,0.002587371738627553,0.21377119421958923,0.004687909502536058,0.25482285022735596,22.918493270874023,0.00510682025924325,0.2980315089225769,0.005260988604277372,0.015257501974701881,24.290996551513672,0.003723063739016652,0.2734774649143219,0.0076223439536988735,0.29158350825309753,21.952363967895508,0.006379163358360529,0.3283958435058594,0.004531737416982651,0.015687134116888046,25.504413604736328,0.0028155220206826925,0.14172399044036865,0.00628929166123271,0.0,21.392505645751953,0.007256874814629555,0.31499233841896057,28.529552459716797,0.0014029581798240542,0.1515551656484604,35.60326385498047,0.0002752161235548556,28.023181915283203,0.001576456823386252,0.18766050040721893,24.661258697509766,0.0034188025165349245,0.2309018075466156,24.066946029663086,0.003920176066458225,0.27441301941871643,25.254880905151367,0.002982029691338539,0.1947397142648697,28.20966339111328,0.0015101974131539464,24.937026977539062,0.0032084656413644552,0.2325638234615326,22.848400115966797,0.005189909599721432,0.2549998164176941,22.38981056213379,0.0057679167948663235,0.30305495858192444,26.79266357421875,0.002092828042805195,0.08262740075588226,28.667816162109375,0.0013589966110885143,26.564485549926758,0.0022057252936065197,0.09741535037755966
5746,156,1,2381,-1,0,24.90810775756836,0.2009313553571701,23.88923454284668,0.1749560832977295,25.01544189453125,22.028114318847656,0.26249241828918457,21.333175659179688,22.578847885131836,0.142310231924057,17.92269515991211,17.894826889038086,22.22367286682129,0.12724877893924713,100.0,0.28366923332214355,0.6167608499526978,2381,2413,0.2901182472705841,0,0,0.0032299004960805178,0.003151054261252284,24.891830444335938,0.003242030506953597,0.22807273268699646,0.004083915613591671,0.14857183396816254,23.55647087097168,0.004409128800034523,0.17119765281677246,0.006268860772252083,0.016133572906255722,23.231956481933594,0.004751212429255247,0.2849964201450348,0.0073566921055316925,0.18708869814872742,22.249080657958984,0.005957883782684803,0.19673103094100952,0.005522239487618208,0.01623743213713169,24.118688583374023,0.0038737477734684944,0.14227433502674103,0.00599284004420042,0.0,21.60219383239746,0.006914815865457058,0.14850834012031555,27.83625602722168,0.0016457907622680068,0.17724323272705078,32.642913818359375,0.0005441376706585288,27.410573959350586,0.0018152757547795773,0.20468895137310028,26.182260513305664,0.0024086518678814173,0.11619452387094498,25.603933334350586,0.002751734806224704,0.13820558786392212,24.23326301574707,0.003772887634113431,0.218816876411438,27.762741088867188,0.0016738863196223974,23.87660026550293,0.0040958113968372345,0.24859492480754852,23.31377410888672,0.0046625398099422455,0.14597301185131073,22.882673263549805,0.0051491158083081245,0.16720907390117645,25.391157150268555,0.0028899097815155983,0.09923435002565384,28.395919799804688,0.0014467986766248941,25.06970977783203,0.0031119268387556076,0.11172683537006378
5959,156,1,2658,-1,3,24.25948143005371,0.28246065974235535,22.97182846069336,0.3062838613986969,24.534921646118164,21.7641658782959,0.34363335371017456,20.864330291748047,24.109315872192383,0.12743112444877625,18.01527214050293,18.016864776611328,21.54409408569336,0.2740369141101837,100.0,0.38751181960105896,0.7903858423233032,2658,2690,0.4486982822418213,0,0,0.0037501780316233635,0.0035197180695831776,24.21861457824707,0.0037856334820389748,0.335784375667572,0.00504448963329196,0.2931550443172455,22.56507682800293,0.0055397795513272285,0.34509730339050293,0.006661674939095974,0.015793301165103912,22.79277801513672,0.005256808828562498,0.3956025540828705,0.008195342496037483,0.3082656264305115,21.50475311279297,0.00707171531394124,0.34988126158714294,0.0038821157068014145,0.015787506476044655,26.881366729736328,0.00205051782540977,0.13459616899490356,0.007007944397628307,0.0,20.9226131439209,0.008086089976131916,0.32246989011764526,24.748764038085938,0.00335060921497643,0.24196353554725647,32.22215270996094,0.0005994936800561845,24.23214340209961,0.003773857606574893,0.28860920667648315,23.166873931884766,0.004822948481887579,0.2661925256252289,22.572185516357422,0.005530716385692358,0.3129896819591522,23.244382858276367,0.0047376384027302265,0.2629087567329407,28.18354034423828,0.0015193080762401223,22.81268882751465,0.0052327667362987995,0.3138560950756073,22.029613494873047,0.0062666949816048145,0.26922672986984253,21.514938354492188,0.007055150344967842,0.3172324001789093,27.6514835357666,0.0017173219239339232,0.07332359999418259,28.906455993652344,0.0012863362208008766,27.486961364746094,0.0017836274346336722,0.08723921328783035
5986,156,1,2685,-1,2,24.928512573242188,0.24770203232765198,23.60692024230957,0.2083572894334793,25.285045623779297,22.20882225036621,0.31917664408683777,21.414405822753906,23.566904067993164,0.13892929255962372,17.923789978027344,18.068359375,22.144672393798828,0.2212052196264267,100.0,0.3024752736091614,0.6888407468795776,2685,2717,0.44752851128578186,0,0,0.0032147609163075686,0.0029613887891173363,24.87617301940918,0.0032537411898374557,0.28606846928596497,0.004358208738267422,0.23123398423194885,23.261098861694336,0.004719437099993229,0.26881423592567444,0.006013370119035244,0.016129503026604652,23.509532928466797,0.004457042086869478,0.3624512553215027,0.007220372091978788,0.25766831636428833,22.25156593322754,0.005954476073384285,0.288546085357666,0.004398552235215902,0.015601418912410736,25.726707458496094,0.002675034571439028,0.15055598318576813,0.00610284972935915,0.0,21.523193359375,0.007041750010102987,0.2640809714794159,26.46896743774414,0.002254774793982506,0.22383396327495575,33.1441764831543,0.00048482214333489537,25.973817825317383,0.0025270755868405104,0.2625223994255066,24.64672088623047,0.003430267097428441,0.20362919569015503,24.051389694213867,0.0039342427626252174,0.24055863916873932,24.306795120239258,0.0037095430307090282,0.26180481910705566,28.073110580444336,0.0015584363136440516,23.9356689453125,0.004040482919663191,0.3068757653236389,22.978225708007812,0.0050370641984045506,0.22871840000152588,22.498485565185547,0.005625376012176275,0.26741787791252136,26.898113250732422,0.0020426257979124784,0.09065726399421692,29.150876998901367,0.00121594057418406,26.635787963867188,0.002169807907193899,0.10638318955898285
6034,156,1,2733,-1,2,25.500696182250977,0.1891167312860489,22.08942413330078,0.19171135127544403,25.810354232788086,22.401334762573242,0.259488582611084,20.360225677490234,23.455928802490234,0.14146007597446442,18.226110458374023,18.24293327331543,20.82473373413086,0.20488794147968292,100.0,0.3412245512008667,0.561833381652832,2733,2765,0.40683168172836304,0,0,0.00281793181784451,0.002624005312100053,25.454957962036133,0.0028477662708610296,0.22316160798072815,0.006180984433740377,0.22931000590324402,21.651857376098633,0.006836192216724157,0.2634219527244568,0.005752632860094309,0.015044890344142914,23.642091751098633,0.0043230545707046986,0.28989356756210327,0.009204016998410225,0.2664697766304016,20.789377212524414,0.008338009007275105,0.2931934595108032,0.004512396175414324,0.014986722730100155,25.374582290649414,0.002900961320847273,0.14877575635910034,0.008270403370261192,0.0,20.20325469970703,0.00954277254641056,0.23708000779151917,27.111318588256836,0.0019447702215984464,0.17270830273628235,34.676631927490234,0.00034067235537804663,26.592479705810547,0.002191554754972458,0.20823535323143005,22.758333206176758,0.005298667587339878,0.19364485144615173,22.152503967285156,0.006091855466365814,0.2282174974679947,24.430753707885742,0.0036051601637154818,0.20334286987781525,28.59066390991211,0.0013833545381203294,24.037353515625,0.003946976736187935,0.23872454464435577,21.482864379882812,0.007107448298484087,0.21647630631923676,20.961719512939453,0.008013609796762466,0.24854566156864166,26.486757278442383,0.0022455586586147547,0.09402187168598175,29.15545654296875,0.0012146586086601019,26.19036865234375,0.002404158702120185,0.10772787034511566
6297,156,1,3028,-1,0,24.850078582763672,0.1864771991968155,23.07478904724121,0.19591818749904633,24.350994110107422,22.01025390625,0.24492713809013367,20.908836364746094,22.90346908569336,0.13236674666404724,17.91105842590332,17.872257232666016,21.548221588134766,0.1565397083759308,100.0,0.3058110177516937,0.6406511664390564,3028,3060,0.3945859670639038,0,0,0.003273349953815341,0.003671983489766717,24.932214736938477,0.003212021430954337,0.2173304557800293,0.004926301538944244,0.16670942306518555,22.814138412475586,0.005231018643826246,0.1977130025625229,0.006294691003859043,0.0161768589168787,23.21084976196289,0.004774357192218304,0.2773146331310272,0.008111780509352684,0.20468074083328247,21.608291625976562,0.006905113346874714,0.23181578516960144,0.00512451957911253,0.01632203347980976,24.682880401611328,0.0034018252044916153,0.1434709131717682,0.007001286838203669,0.0,20.926742553710938,0.008078407496213913,0.1861228346824646,27.054405212402344,0.001970423385500908,0.1657898873090744,33.872161865234375,0.0004099999205209315,26.555116653442383,0.0022104885429143906,0.19940480589866638,24.523529052734375,0.00352896167896688,0.1299172341823578,23.948972702026367,0.0040281242690980434,0.15847641229629517,24.073444366455078,0.003914314322173595,0.20027023553848267,28.353363037109375,0.001461045816540718,23.673667907714844,0.004291740246117115,0.23866675794124603,22.485919952392578,0.005641675554215908,0.15905003249645233,21.998414993286133,0.0063118766993284225,0.1905737817287445,25.879295349121094,0.00258267973549664,0.08535411208868027,28.8559627532959,0.0013013790594413877,25.559860229492188,0.002779803005978465,0.10047173500061035
6319,156,1,3050,-1,2,25.689485549926758,0.1881619095802307,23.72042465209961,0.17873592674732208,25.986616134643555,22.305633544921875,0.25693392753601074,21.201040267944336,23.193218231201172,0.13306643068790436,18.07366371154785,18.056591033935547,21.814687728881836,0.16568373143672943,100.0,0.31902167201042175,0.5602626204490662,3050,3082,0.38383910059928894,0,0,0.0026980601251125336,0.0025196403730660677,25.645523071289062,0.0027255096938461065,0.21340078115463257,0.004245781805366278,0.17390424013137817,23.412994384765625,0.0045572249218821526,0.20231959223747253,0.00588080333545804,0.015582375228404999,23.577083587646484,0.004388254135847092,0.28228381276130676,0.007583957631140947,0.20091277360916138,22.006540298461914,0.006300079170614481,0.2231801152229309,0.004793780855834484,0.01564374566078186,25.052120208740234,0.003124555107206106,0.1374020278453827,0.006584628950804472,0.0,21.193206787109375,0.007597649469971657,0.195395827293396,27.910945892333984,0.0016177278012037277,0.16074630618095398,33.88624954223633,0.0004086722037754953,27.438268661499023,0.0018037365516647696,0.1902051568031311,24.899091720581055,0.003236612770706415,0.14644114673137665,24.318073272705078,0.0036999238654971123,0.17569778859615326,24.55540657043457,0.003503155428916216,0.2030213475227356,28.673017501831055,0.001357369706965983,24.16429901123047,0.0038332766853272915,0.23530201613903046,22.76859474182129,0.005286162253469229,0.16918444633483887,22.286989212036133,0.005906104110181332,0.198714941740036,26.15355682373047,0.002424623817205429,0.0899381935596466,29.239986419677734,0.0011912465561181307,25.826322555541992,0.002614374039694667,0.10267116129398346
6446,156,1,3177,-1,1,22.657432556152344,0.2382374107837677,19.947694778442383,0.23027554154396057,25.07370376586914,20.686492919921875,0.2903778553009033,18.72767448425293,23.067399978637695,0.1229291781783104,18.13191795349121,18.17807960510254,18.79862403869629,0.2445959448814392,100.0,0.39830413460731506,0.5781399607658386,3177,3209,0.4090716242790222,0,0,0.005423215217888355,0.003109063720330596,22.38129425048828,0.0057792384177446365,0.2788638472557068,0.010121169500052929,0.27211251854896545,19.513490676879883,0.01118538249284029,0.320547878742218,0.008537894114851952,0.015374752692878246,21.25745964050293,0.0074860709719359875,0.33001473546028137,0.013403945602476597,0.2912790775299072,18.78338623046875,0.013233089819550514,0.33171799778938293,0.004934690892696381,0.015212198719382286,24.744970321655273,0.0033535361289978027,0.13036876916885376,0.01318674348294735,0.0,18.17714500427246,0.015215474180877209,0.29016417264938354,23.453275680541992,0.004515153355896473,0.21261081099510193,33.99367904663086,0.0003986871743109077,22.883228302001953,0.0051484559662640095,0.25221168994903564,20.263872146606445,0.009410502389073372,0.24258293211460114,19.660778045654297,0.010812402702867985,0.29044872522354126,21.923057556152344,0.006422355771064758,0.24234741926193237,28.59233856201172,0.0013828218216076493,21.428081512451172,0.0071976687759160995,0.2840798795223236,19.403396606445312,0.011472564190626144,0.2523033022880554,18.84078598022461,0.013059345073997974,0.29990923404693604,25.971393585205078,0.0025284879375249147,0.07429125905036926,29.147464752197266,0.001216896460391581,25.637941360473633,0.0027302715461701155,0.08819769322872162
6533,156,1,3296,-1,3,24.892681121826172,0.173204705119133,22.68916893005371,0.181044340133667,26.11270523071289,21.967594146728516,0.24079003930091858,20.688600540161133,23.089418411254883,0.1286534070968628,17.878755569458008,18.071584701538086,21.191753387451172,0.16357703506946564,100.0,0.27313780784606934,0.6628314852714539,3296,3328,0.38727879524230957,0,0,0.0032413944136351347,0.0024475394748151302,24.732053756713867,0.003363525727763772,0.19714879989624023,0.005383729003369808,0.16628842055797577,22.29844093322754,0.005890552885830402,0.18792757391929626,0.006356827449053526,0.016297630965709686,23.16280174255371,0.004827473312616348,0.26183369755744934,0.008533753454685211,0.20569272339344025,21.329071044921875,0.007363646291196346,0.22333651781082153,0.004909737501293421,0.015589834190905094,24.858980178833008,0.0032666458282619715,0.13213610649108887,0.007600194774568081,0.0,20.570276260375977,0.00876945536583662,0.1858895719051361,26.865516662597656,0.0020580152049660683,0.15090596675872803,35.23273468017578,0.0002997276314999908,26.32919692993164,0.0023285208735615015,0.1763402819633484,23.694725036621094,0.0042709787376224995,0.1407952904701233,23.09391212463379,0.004904658999294043,0.1620914489030838,24.046710968017578,0.003938484005630016,0.18843407928943634,28.753129959106445,0.001332561019808054,23.625707626342773,0.004339395556598902,0.21464598178863525,22.1109619140625,0.00615040585398674,0.1727859228849411,21.60231590270996,0.0069146244786679745,0.19685715436935425,26.054363250732422,0.002480638911947608,0.08797603845596313,29.16150665283203,0.0012129689566791058,25.725685119628906,0.002675664843991399,0.10098162293434143
6777,156,1,3604,-1,3,20.507871627807617,0.458908349275589,18.286855697631836,0.30849477648735046,23.9121036529541,19.003259658813477,0.506361722946167,17.33821678161621,22.801115036010742,0.11352133750915527,17.930524826049805,18.27242660522461,17.29627799987793,0.3718787729740143,100.0,0.4358235001564026,0.7078433632850647,3604,3636,0.4697991609573364,0,0,0.008896373212337494,0.00406246492639184,20.159208297729492,0.009640051051974297,0.5211847424507141,0.014835922978818417,0.3679885268211365,17.758272171020508,0.016756094992160797,0.4217101037502289,0.012579814530909061,0.01610451005399227,19.194618225097656,0.012037553824484348,0.5707224607467651,0.01845773495733738,0.38795650005340576,17.2182559967041,0.018974678590893745,0.43418067693710327,0.00524672819301486,0.014885294251143932,24.243650436401367,0.003763872431591153,0.11441956460475922,0.018636837601661682,0.0,16.6747989654541,0.021504046395421028,0.4270895719528198,20.733016967773438,0.008446921594440937,0.411581814289093,28.47000503540039,0.001422327128238976,20.210153579711914,0.009527628310024738,0.4731026291847229,18.407737731933594,0.014428664930164814,0.358097642660141,17.7969913482666,0.016607370227575302,0.41551923751831055,19.650970458984375,0.010836845263838768,0.43590956926345825,26.296676635742188,0.0023460229858756065,19.156696319580078,0.012143125757575035,0.49935200810432434,17.78084945678711,0.01666921004652977,0.37656736373901367,17.206947326660156,0.01902415044605732,0.43404531478881836,25.406721115112305,0.002879572566598654,0.08286990970373154,28.962270736694336,0.0012699100188910961,25.048425674438477,0.0031272131018340588,0.09228610247373581
6992,156,1,3819,-1,2,27.10996437072754,0.3081524670124054,22.984603881835938,0.22006641328334808,24.321243286132812,23.53792953491211,0.39293134212493896,21.183794021606445,25.013113021850586,0.15907366573810577,17.852848052978516,18.09147071838379,21.999549865722656,0.297681987285614,100.0,0.34313449263572693,0.6413415670394897,3819,3851,0.40927767753601074,0,0,0.0019453768618404865,0.003697223262861371,27.757617950439453,0.001675862236879766,0.3684147596359253,0.005029670894145966,0.3032256066799164,22.627336502075195,0.005460926331579685,0.36048775911331177,0.004427995998412371,0.016395146027207375,25.872209548950195,0.002586896065622568,0.45995309948921204,0.007614139001816511,0.3440852165222168,21.972179412841797,0.006350121460855007,0.39599019289016724,0.003152744146063924,0.0155186140909791,29.029848098754883,0.001250302535481751,0.17770501971244812,0.006310229655355215,0.0,21.378070831298828,0.00728103332221508,0.3562484383583069,28.66584014892578,0.0013596152421087027,0.285837858915329,32.1325798034668,0.0006119867321103811,28.313156127929688,0.0014746348606422544,0.3498106598854065,23.100889205932617,0.004896785598248243,0.27748894691467285,22.50453758239746,0.005617544054985046,0.33382371068000793,26.74747085571289,0.0021147201769053936,0.3157988488674164,27.702348709106445,0.0016973260790109634,26.61756134033203,0.0021789344027638435,0.3852050304412842,22.462013244628906,0.0056728157214820385,0.29251518845558167,21.969717025756836,0.006353725213557482,0.35274791717529297,29.780961990356445,0.0010517287300899625,0.08881400525569916,29.251863479614258,0.0011879928642883897,29.8684024810791,0.0010307651245966554,0.10604865103960037
7042,156,1,3869,-1,0,25.257644653320312,0.20426800847053528,23.526708602905273,0.16379821300506592,26.182071685791016,22.22943115234375,0.25146353244781494,21.242984771728516,22.9114990234375,0.13211733102798462,18.040210723876953,17.98973846435547,21.98347282409668,0.1511714607477188,100.0,0.2938273847103119,0.557464063167572,3869,3901,0.38025301694869995,0,0,0.0029801332857459784,0.002408756408840418,25.13139533996582,0.0030680375639349222,0.24026089906692505,0.0044394489377737045,0.1698426604270935,23.087352752685547,0.0049120704643428326,0.19948816299438477,0.005984901916235685,0.0157028678804636,23.477703094482422,0.004489830229431391,0.2816437780857086,0.007511065807193518,0.2082175761461258,22.049774169921875,0.006237672176212072,0.23201924562454224,0.005115054082125425,0.015886425971984863,24.611852645874023,0.003457919927313924,0.1385713666677475,0.0063336314633488655,0.0,21.36199188232422,0.007308037020266056,0.1780048906803131,27.807228088378906,0.0016568268183618784,0.17744408547878265,34.26290512084961,0.00037472244002856314,27.318729400634766,0.0018540736055001616,0.21158194541931152,25.073261260986328,0.0031093803700059652,0.13715797662734985,24.475357055664062,0.0035683244932442904,0.16108685731887817,24.4278621673584,0.003607562743127346,0.2120293527841568,28.229328155517578,0.0015033745439723134,24.054656982421875,0.003931283950805664,0.24467387795448303,22.9119873046875,0.005114478059113026,0.1742832213640213,22.439411163330078,0.005702418740838766,0.2029169499874115,25.841638565063477,0.0026051702443510294,0.10013563185930252,28.78337860107422,0.0013233115896582603,25.524730682373047,0.0028023794293403625,0.11589846760034561
7076,156,1,3903,-1,2,27.846250534057617,0.2427467554807663,27.809749603271484,0.16900849342346191,25.073780059814453,24.06696128845215,0.27273890376091003,23.881572723388672,25.746429443359375,0.05991920456290245,17.794830322265625,17.924745559692383,27.275543212890625,0.10580211877822876,100.0,0.21684984862804413,0.7793802618980408,3903,3935,0.3955519199371338,0,0,0.0016420064494013786,0.0031090083066374063,28.488405227661133,0.0014163140440359712,0.28428107500076294,0.0016558660427108407,0.1140880435705185,27.501888275146484,0.0017775065498426557,0.13846781849861145,0.003920162562280893,0.01661563478410244,27.061927795410156,0.0019670133478939533,0.30700257420539856,0.004091124981641769,0.140842005610466,26.413070678710938,0.0022839833982288837,0.15661680698394775,0.0026629134081304073,0.016125954687595367,32.27915954589844,0.0005916763329878449,0.05261232331395149,0.0018726022681221366,0.0,26.654064178466797,0.0021606951486319304,0.13044939935207367,28.86842918395996,0.0012976486468687654,0.22672846913337708,33.394073486328125,0.00045771239092573524,28.456157684326172,0.0014268695376813412,0.2693203091621399,27.783002853393555,0.0016660955734550953,0.1083332821726799,27.188081741333008,0.001910697901621461,0.13382896780967712,27.67143440246582,0.0017094510840252042,0.2350263148546219,28.089908599853516,0.0015524193877354264,27.610488891601562,0.0017336097080260515,0.27917084097862244,26.608394622802734,0.0021835367660969496,0.12034647166728973,26.40141487121582,0.0022901215124875307,0.14594295620918274,32.19619369506836,0.0006030877120792866,0.03418590500950813,28.100215911865234,0.0015487391501665115,33.39511489868164,0.0004576028441078961,0.03871368244290352
7486,156,1,4377,-1,0,24.743310928344727,0.18994179368019104,23.44291877746582,0.21872885525226593,27.15396499633789,21.92781639099121,0.23773883283138275,21.22450828552246,22.999286651611328,0.12427114695310593,18.060104370117188,17.969924926757812,22.01153564453125,0.1474004089832306,100.0,0.27740997076034546,0.7884678840637207,4377,4409,0.402191698551178,0,0,0.003354818094521761,0.0019257663516327739,24.467639923095703,0.003574672155082226,0.22099550068378448,0.004525933414697647,0.17377956211566925,23.081357955932617,0.0049188584089279175,0.20550008118152618,0.006415318697690964,0.01563110202550888,23.012468338012695,0.0049975053407251835,0.26734456419944763,0.007543089333921671,0.2017553150653839,21.970077514648438,0.006353198550641537,0.22896748781204224,0.0050126961432397366,0.015959076583385468,24.77733612060547,0.0033286376856267452,0.13341347873210907,0.00629283906891942,0.0,21.39005470275879,0.007260968443006277,0.1774216592311859,26.735252380371094,0.002120677614584565,0.16980496048927307,35.371604919433594,0.0002902948472183198,26.19377326965332,0.0024022748693823814,0.20526036620140076,24.92231559753418,0.003219351638108492,0.14165103435516357,24.330039978027344,0.0036897447425872087,0.16959336400032043,23.927305221557617,0.004048272036015987,0.19489800930023193,28.476045608520508,0.0014203507453203201,23.513893127441406,0.004452567547559738,0.23016268014907837,22.872068405151367,0.00516170309856534,0.1717085987329483,22.390300750732422,0.0057672662660479546,0.2061060667037964,25.925151824951172,0.002555552637204528,0.0914812907576561,29.13204574584961,0.0012212240835651755,25.589597702026367,0.0027608340606093407,0.10885392874479294
7540,156,1,4431,-1,2,27.18022346496582,0.19020748138427734,25.31805992126465,0.17494791746139526,26.350017547607422,23.3351993560791,0.25608476996421814,22.384740829467773,23.906112670898438,0.14581823348999023,18.028873443603516,18.0417537689209,23.521038055419922,0.15091602504253387,100.0,0.2888753414154053,0.605617344379425,4431,4463,0.40228474140167236,0,0,0.001914157997816801,0.002317385282367468,27.32330322265625,0.0018521231831982732,0.23144292831420898,0.002938962308689952,0.17078834772109985,24.9765682220459,0.003179386490955949,0.20832379162311554,0.004639596212655306,0.015743916854262352,25.329490661621094,0.0029312390834093094,0.29350730776786804,0.0057746535167098045,0.20521745085716248,23.7404727935791,0.004226225428283215,0.2332533448934555,0.004068073816597462,0.015697285532951355,26.422624588012695,0.002278964500874281,0.16027456521987915,0.004445252008736134,0.0,22.899555206298828,0.005129137542098761,0.18518997728824615,29.505096435546875,0.0011207025963813066,0.16276787221431732,35.09153747558594,0.00030963224708102643,29.04662322998047,0.0012454827083274722,0.20047542452812195,26.39835548400879,0.0022917354945093393,0.1309165358543396,25.804719924926758,0.0026274113915860653,0.16195082664489746,26.263347625732422,0.0023640969302505255,0.18841251730918884,28.743789672851562,0.001335429958999157,25.98194122314453,0.0025223533157259226,0.22722633183002472,24.383390426635742,0.003644693410024047,0.15968523919582367,23.960792541503906,0.004017176106572151,0.19418367743492126,27.603904724121094,0.0017362390644848347,0.08509880304336548,29.096824645996094,0.0012311687460169196,27.41376495361328,0.0018139424500986934,0.10159899294376373
7749,169,1,88,-1,0,23.96902084350586,0.4844815731048584,24.378822326660156,0.25489968061447144,23.203617095947266,21.74539566040039,0.5130531787872314,22.08827781677246,25.5510311126709,0.09747453033924103,17.487409591674805,17.835790634155273,23.436771392822266,0.18589089810848236,100.0,0.3122933506965637,0.8162187337875366,88,120,0.4082035720348358,0,0,0.004009571857750416,0.004782319534569979,24.09973907470703,0.0038906875997781754,0.5575278401374817,0.0036485297605395317,0.1973574012517929,24.00668716430664,0.003974946681410074,0.2253791093826294,0.006690526846796274,0.01783442310988903,23.031124114990234,0.004976080730557442,0.5804048776626587,0.006182616110891104,0.2271106243133545,23.310869216918945,0.004665661137551069,0.2443329095840454,0.002785460324957967,0.016459662467241287,31.663835525512695,0.0006817366811446846,0.09260450303554535,0.004532345570623875,0.0,22.815288543701172,0.005229630507528782,0.21610216796398163,24.612104415893555,0.003457717364653945,0.4590934216976166,30.955780029296875,0.0008024575654417276,24.12713623046875,0.003866218961775303,0.5430740118026733,23.86676025390625,0.004105100873857737,0.18471279740333557,23.271099090576172,0.00470858346670866,0.2148175984621048,24.2229061126709,0.0037818951532244682,0.4629746675491333,28.127145767211914,0.0015391666674986482,23.84372901916504,0.004126930143684149,0.544896125793457,23.466197967529297,0.004501738585531712,0.19487689435482025,22.984386444091797,0.005029924213886261,0.22541622817516327,32.522117614746094,0.0005594853428192437,0.05266773700714111,29.864465713500977,0.0010317000560462475,33.12616729736328,0.0004868369724135846,0.06095235049724579
7768,169,1,107,-1,3,26.29263687133789,0.40220025181770325,25.068866729736328,0.22930927574634552,24.37540054321289,22.836246490478516,0.43786853551864624,22.528648376464844,25.70847511291504,0.09310332685709,17.468463897705078,17.940942764282227,24.21996307373047,0.2616410553455353,100.0,0.3290601670742035,0.6968612670898438,107,139,0.3809811472892761,0,0,0.002348207402974367,0.0036514049861580133,26.680233001708984,0.002147715538740158,0.46781453490257263,0.0031125282403081656,0.26663336157798767,24.84868049621582,0.003274402115494013,0.30970317125320435,0.005204456392675638,0.01791238971054554,24.881982803344727,0.0032493900507688522,0.4974774718284607,0.0055864411406219006,0.28898969292640686,24.05116844177246,0.003934443928301334,0.3206719756126404,0.002686286810785532,0.01606593281030655,32.02123260498047,0.0006278801010921597,0.09053754806518555,0.003784456290304661,0.0,23.59848403930664,0.004366680514067411,0.308807373046875,26.85669708251953,0.00206219800747931,0.3899627923965454,31.25615692138672,0.0007488320698030293,26.450748443603516,0.0022642542608082294,0.46562230587005615,24.697111129760742,0.003390696831047535,0.255276083946228,24.10824966430664,0.0038830675184726715,0.3038775622844696,26.224853515625,0.002385144354775548,0.40031859278678894,28.1362361907959,0.001535948016680777,25.993255615234375,0.00251578981988132,0.4766468107700348,24.237548828125,0.003769163740798831,0.26394766569137573,23.773544311523438,0.004194167442619801,0.31227418780326843,33.40776062011719,0.0004562721005640924,0.049202751368284225,30.022220611572266,0.0009948972146958113,34.27817916870117,0.00037340668495744467,0.05874946340918541
7979,169,1,350,-1,1,25.3774356842041,0.30476823449134827,23.60504150390625,0.2588096559047699,24.715229034423828,22.74653434753418,0.33952176570892334,21.56611442565918,25.23166847229004,0.07931703329086304,17.822277069091797,17.994159698486328,22.74596405029297,0.2831449508666992,100.0,0.3603699505329132,0.7181776762008667,350,382,0.41785505414009094,0,0,0.0028990551363676786,0.0033765826374292374,25.488910675048828,0.002825588919222355,0.34667882323265076,0.004360093269497156,0.2950173020362854,23.20096206665039,0.00478524062782526,0.34226247668266296,0.005313083063811064,0.016510959714651108,24.448654174804688,0.003590333042666316,0.3774023652076721,0.0069725001230835915,0.31579089164733887,22.52446174621582,0.0055918279103934765,0.35457322001457214,0.002998010953888297,0.01587025262415409,29.9239501953125,0.0010176660725846887,0.07313967496156693,0.0053137824870646,0.0,22.124483108520508,0.006131287198513746,0.3335680663585663,25.93416404724121,0.0025502555072307587,0.282629132270813,32.53261184692383,0.0005581349250860512,25.441301345825195,0.0028567358385771513,0.3282545506954193,23.626977920532227,0.004338126163929701,0.2833920121192932,23.02672576904297,0.004981124307960272,0.3363180458545685,25.085819244384766,0.003100403817370534,0.2923838794231415,28.122406005859375,0.0015408467734232545,24.76209831237793,0.003340335562825203,0.33659398555755615,23.004344940185547,0.005006859079003334,0.29338014125823975,22.511693954467773,0.005608293693512678,0.34436294436454773,30.519615173339844,0.0008872352191247046,0.046566471457481384,29.766735076904297,0.0010551797458902001,30.647964477539062,0.0008613976533524692,0.052203647792339325
8073,169,1,444,-1,3,24.35849380493164,0.1776241958141327,22.64141273498535,0.20119047164916992,25.76153564453125,21.760332107543945,0.24037373065948486,20.693674087524414,22.85528564453125,0.1338236778974533,18.09330177307129,18.014049530029297,21.235807418823242,0.18700583279132843,100.0,0.33157727122306824,0.6067679524421692,444,476,0.43228158354759216,0,0,0.003665647003799677,0.002653667004778981,24.177846908569336,0.00382133643142879,0.2027909755706787,0.0054432544857263565,0.1960098296403885,22.31117057800293,0.005873310845345259,0.21446740627288818,0.00666755810379982,0.015512069687247276,22.75162124633789,0.005306864157319069,0.2661835551261902,0.008523787371814251,0.22733132541179657,21.323246002197266,0.0073735276237130165,0.2464677095413208,0.005181688815355301,0.01579774171113968,24.499614715576172,0.0035484498366713524,0.1404518038034439,0.0075234901160001755,0.0,20.614328384399414,0.008680949918925762,0.21187405288219452,26.35879135131836,0.0023127098102122545,0.14721006155014038,36.14241027832031,0.0002430853055557236,25.79860496520996,0.002631113864481449,0.1731559932231903,23.981830596923828,0.003997763153165579,0.1671551764011383,23.388500213623047,0.0045830002054572105,0.18863876163959503,23.71729850769043,0.004248837940394878,0.1883879005908966,28.999155044555664,0.0012591705890372396,23.270910263061523,0.004708786495029926,0.21855652332305908,22.22195816040039,0.005995206069201231,0.19192105531692505,21.71637725830078,0.006735383532941341,0.21697261929512024,25.892431259155273,0.0025748794432729483,0.08334539830684662,29.136560440063477,0.0012199559714645147,25.554353713989258,0.0027833294589072466,0.0953046977519989
8293,169,1,664,-1,3,24.18815803527832,0.22132354974746704,22.11794662475586,0.2563419044017792,25.936298370361328,21.581029891967773,0.2820196747779846,20.26504135131836,23.29690933227539,0.12141937017440796,17.969200134277344,18.065826416015625,20.66289520263672,0.2676984965801239,100.0,0.3943394124507904,0.6500539779663086,664,696,0.41448894143104553,0,0,0.0038122760597616434,0.002549001481384039,23.972213745117188,0.004006626084446907,0.25097134709358215,0.006140522658824921,0.25584083795547485,21.715925216674805,0.0067360857501626015,0.29040151834487915,0.006948596332222223,0.01596173085272312,22.54772186279297,0.005561960395425558,0.3092714846134186,0.00940797384828329,0.28973937034606934,20.737396240234375,0.008438408374786377,0.317190945148468,0.004680681508034468,0.015610522590577602,25.229991912841797,0.0029991676565259695,0.12093150615692139,0.008584411814808846,0.0,20.04141616821289,0.009905089624226093,0.3083277940750122,25.59333038330078,0.002758461283519864,0.1799946278333664,35.8533935546875,0.000259812775766477,25.0267391204834,0.003142868634313345,0.20688693225383759,22.989200592041016,0.005024350713938475,0.22303661704063416,22.39011001586914,0.005767518188804388,0.2586216926574707,23.331239700317383,0.004643828142434359,0.21322396397590637,29.13344383239746,0.0012208311818540096,22.864723205566406,0.005170443095266819,0.24082159996032715,21.534133911132812,0.007024033926427364,0.2518525719642639,21.008106231689453,0.007928472943603992,0.2877298593521118,26.348581314086914,0.0023181531578302383,0.07356101274490356,29.357099533081055,0.0011595517862588167,26.026859283447266,0.002496399451047182,0.08279799669981003
8301,169,1,672,-1,3,24.682640075683594,0.2635878920555115,23.185178756713867,0.2571440637111664,25.14495086669922,21.887821197509766,0.3432655334472656,20.939022064208984,23.518400192260742,0.13619276881217957,17.94791030883789,17.95090103149414,21.517629623413086,0.1761050671339035,100.0,0.3627606928348541,0.7088531851768494,672,704,0.42711105942726135,0,0,0.003402011701837182,0.003058474976569414,24.615692138671875,0.003454863326624036,0.300303190946579,0.004802664276212454,0.19697783887386322,22.813495635986328,0.005231791641563177,0.22597508132457733,0.006474671885371208,0.016040172427892685,23.007644653320312,0.005003056488931179,0.38564208149909973,0.008055598475039005,0.22930756211280823,21.636917114257812,0.006859749089926481,0.2525196373462677,0.004447950515896082,0.016029134392738342,25.741024017333984,0.0026662296149879694,0.1422421634197235,0.007050779182463884,0.0,20.896150588989258,0.008135514333844185,0.2055618166923523,25.996742248535156,0.0025137716438621283,0.2329109013080597,34.67072677612305,0.00034113589208573103,25.454566955566406,0.00284802308306098,0.27079105377197266,24.046585083007812,0.003938597626984119,0.15870505571365356,23.452594757080078,0.004515860695391893,0.18571767210960388,23.655309677124023,0.004309917334467173,0.27256515622138977,27.82291603088379,0.0016508534317836165,23.261499404907227,0.004719003569334745,0.31635531783103943,22.34814453125,0.005823521409183741,0.1922304332256317,21.884525299072266,0.00647959066554904,0.2243082970380783,26.683570861816406,0.002146064769476652,0.08571051806211472,28.251123428344727,0.0014958488754928112,26.4857120513916,0.0022460981272161007,0.09801162034273148
8869,169,1,1304,-1,1,22.692277908325195,0.2356714904308319,20.422382354736328,0.21538452804088593,23.671131134033203,20.629249572753906,0.28660959005355835,18.990699768066406,22.351472854614258,0.1225639283657074,17.7325496673584,17.77091407775879,19.20069122314453,0.24744291603565216,100.0,0.3625262379646301,0.5941212177276611,1304,1336,0.45001155138015747,0,0,0.005379876587539911,0.004294244572520256,22.559499740600586,0.005546897649765015,0.2641042172908783,0.0090732267126441,0.250459760427475,19.92925453186035,0.010164231061935425,0.29365330934524536,0.00865117460489273,0.01685563661158085,21.314172744750977,0.007388950325548649,0.30956754088401794,0.012616240419447422,0.2781325578689575,19.18478775024414,0.012064830400049686,0.31297776103019714,0.0058190603740513325,0.016707390546798706,23.82587432861328,0.004143932834267616,0.12504519522190094,0.012020734138786793,0.0,18.579212188720703,0.013870078139007092,0.2853354811668396,24.156902313232422,0.0038398117758333683,0.19995979964733124,32.17627716064453,0.000605860142968595,23.627761840820312,0.004337342921644449,0.22679780423641205,21.141584396362305,0.007688499055802822,0.22730103135108948,20.540306091308594,0.008830173872411251,0.26672011613845825,21.99700927734375,0.006313921418040991,0.23593097925186157,25.257854461669922,0.0029799877665936947,21.657806396484375,0.006826833821833134,0.2653907835483551,19.863704681396484,0.010318811051547527,0.2549167573451996,19.400156021118164,0.011481123976409435,0.294950932264328,24.742916107177734,0.003355123335495591,0.0895683765411377,25.629638671875,0.002735496498644352,24.62124252319336,0.0034504507202655077,0.09976063668727875
8889,169,1,1324,-1,1,23.38475227355957,0.2579350471496582,21.05965805053711,0.2473338097333908,23.814193725585938,21.166114807128906,0.31141793727874756,19.550119400024414,22.66549301147461,0.12531942129135132,17.681692123413086,17.80447769165039,19.854780197143555,0.2484041303396225,100.0,0.39047741889953613,0.6334138512611389,1324,1356,0.42450472712516785,0,0,0.004586958326399326,0.004155091941356659,23.322296142578125,0.004653399344533682,0.2991093397140503,0.007834913209080696,0.25527942180633545,20.60304832458496,0.008703526109457016,0.29299819469451904,0.00764519814401865,0.017054177820682526,22.077722549438477,0.006197661627084017,0.34535881876945496,0.011091446503996849,0.288087397813797,19.864566802978516,0.0103167574852705,0.3171103000640869,0.005413157399743795,0.01657876931130886,24.323421478271484,0.003695370629429817,0.12768594920635223,0.010340036824345589,0.0,19.233299255371094,0.011930813081562519,0.2880120873451233,25.037870407104492,0.003134822938591242,0.22889335453510284,31.330520629882812,0.000736118876375258,24.55453872680664,0.003503854153677821,0.2739901840686798,21.946720123291016,0.006387455854564905,0.23553143441677094,21.350082397460938,0.00732810702174902,0.2739589810371399,22.677335739135742,0.0053984178230166435,0.2678862512111664,25.13124656677246,0.00306814000941813,22.39809799194336,0.005756921600550413,0.31202536821365356,20.558469772338867,0.00879332423210144,0.2585999667644501,20.12882423400879,0.009707726538181305,0.299378365278244,25.019004821777344,0.0031484707724303007,0.08981691300868988,25.29758071899414,0.002952853450551629,24.97768783569336,0.003178565762937069,0.10172031819820404
9005,169,1,1472,-1,3,26.57938003540039,0.17257341742515564,24.412212371826172,0.17973123490810394,26.74178123474121,22.95859146118164,0.24601025879383087,22.009857177734375,23.614124298095703,0.13292551040649414,18.129079818725586,18.098114013671875,22.846057891845703,0.14108972251415253,34.79906463623047,0.2651585638523102,0.6778255105018616,1472,1504,0.38938745856285095,0,0,0.0021981745958328247,0.0021174922585487366,26.5549259185791,0.0022105872631073,0.20635122060775757,0.003620584961026907,0.15242120623588562,24.1733341217041,0.0038253124803304672,0.1848846822977066,0.005059887655079365,0.015384800732135773,24.594905853271484,0.0034714394714683294,0.28150123357772827,0.006295269820839167,0.18446388840675354,23.047073364257812,0.004957843571901321,0.209589883685112,0.004350984003394842,0.015494897961616516,25.789663314819336,0.0026365353260189295,0.14456573128700256,0.005192713811993599,0.0003312027838546783,22.261667251586914,0.005940639413893223,0.17265775799751282,28.769433975219727,0.001327567850239575,0.1479857861995697,35.18376922607422,0.0003031260275747627,28.2822265625,0.0014851741725578904,0.18080280721187592,25.601776123046875,0.0027531026862561703,0.11578381061553955,25.04814338684082,0.0031274163629859686,0.14245939254760742,25.46570587158203,0.002840727800503373,0.19057586789131165,28.925439834594727,0.0012807253515347838,25.113468170166016,0.00308072823099792,0.22947415709495544,23.78180503845215,0.004186196718364954,0.1467004418373108,23.3382568359375,0.004636331927031279,0.1776919960975647,26.998126983642578,0.0019961227662861347,0.0812416523694992,29.566822052001953,0.001104887342080474,26.709613800048828,0.002133235801011324,0.09748434275388718
9257,169,1,1788,-1,3,22.741605758666992,0.2536650598049164,19.741127014160156,0.25530335307121277,24.758005142211914,20.719308853149414,0.30882933735847473,18.62636375427246,23.17009735107422,0.1249103844165802,17.887483596801758,17.866867065429688,18.847410202026367,0.3440491557121277,100.0,0.444137305021286,0.5748298168182373,1788,1820,0.44760239124298096,0,0,0.005319114308804274,0.003343486925587058,22.500276565551758,0.005623056553304195,0.291768878698349,0.010614202357828617,0.36937928199768066,19.284841537475586,0.011790056712925434,0.4206084907054901,0.008473623543977737,0.016264909878373146,21.38169288635254,0.007274964824318886,0.3381044566631317,0.01372030284255743,0.38796842098236084,18.698429107666016,0.013494511134922504,0.42726024985313416,0.0048193722032010555,0.01634230837225914,25.161828994750977,0.0030466122552752495,0.12940771877765656,0.013039440847933292,0.0,18.225933074951172,0.015045508742332458,0.39157605171203613,23.61785125732422,0.004347250796854496,0.2097548395395279,34.572017669677734,0.00034897829755209386,23.043109893798828,0.004962369333952665,0.24189957976341248,20.093414306640625,0.009787199087440968,0.33410829305648804,19.490936279296875,0.011243627406656742,0.3808077871799469,22.108976364135742,0.006153220310807228,0.23374630510807037,28.66598129272461,0.0013595708878710866,21.61736488342285,0.0068907043896615505,0.26506370306015015,19.3409366607666,0.011638755910098553,0.3488696217536926,18.777664184570312,0.013250543735921383,0.3947943150997162,26.224077224731445,0.002385571366176009,0.08267659693956375,28.805660247802734,0.0013165392447263002,25.934534072875977,0.002550038043409586,0.09295770525932312
9328,169,1,1859,-1,2,26.45403289794922,0.2742598056793213,25.282466888427734,0.210316464304924,23.83510398864746,23.411483764648438,0.31921130418777466,22.630870819091797,24.783079147338867,0.11554162204265594,17.9505672454834,18.117551803588867,23.9018611907959,0.18994653224945068,100.0,0.2965354919433594,0.709245502948761,1859,1891,0.3935021758079529,0,0,0.0022625422570854425,0.004135135095566511,27.045536041259766,0.00197445135563612,0.3241187036037445,0.0029631489887833595,0.20623600482940674,25.03406524658203,0.0031375703401863575,0.24334251880645752,0.004558811895549297,0.016030360013246536,25.537799835205078,0.002793958643451333,0.3666170835494995,0.005456485319882631,0.22586511075496674,24.02418327331543,0.003958966117352247,0.2545711398124695,0.003324238583445549,0.015425698831677437,28.3491153717041,0.0014624751638621092,0.12277401983737946,0.004072058480232954,0.0,23.280380249023438,0.004698529373854399,0.23019392788410187,28.05465316772461,0.0015650737332180142,0.23448127508163452,32.05717468261719,0.0006227052654139698,27.669904708862305,0.0017100536497309804,0.28257662057876587,25.8277530670166,0.002613513730466366,0.17232203483581543,25.234729766845703,0.002995898947119713,0.2081347107887268,26.187551498413086,0.002405719831585884,0.25774282217025757,28.315597534179688,0.0014738060999661684,25.936147689819336,0.002549090888351202,0.3091968297958374,24.505701065063477,0.003543479833751917,0.18342342972755432,24.085655212402344,0.003903323784470558,0.22123578190803528,29.285287857055664,0.0011788845295086503,0.0702892541885376,29.287506103515625,0.0011782830115407705,29.28494644165039,0.0011789769632741809,0.08604726195335388
9397,169,1,1960,-1,2,24.254491806030273,0.2754758596420288,22.133216857910156,0.27240338921546936,22.913055419921875,21.977834701538086,0.3423813581466675,20.443214416503906,23.96436309814453,0.12203618884086609,17.83550453186035,17.886226654052734,20.959264755249023,0.2699921727180481,100.0,0.4208923280239105,0.6472044587135315,1960,1992,0.4361530840396881,0,0,0.003754490753635764,0.005113218445330858,24.503278732299805,0.0035454558674246073,0.31756412982940674,0.0061189718544483185,0.28066474199295044,21.855680465698242,0.006522767711430788,0.32716041803359985,0.006341857369989157,0.01646074652671814,23.201086044311523,0.004785105120390654,0.38582712411880493,0.009029806591570377,0.30056655406951904,20.967714309692383,0.008002551272511482,0.3404395878314972,0.004013874568045139,0.01626962050795555,26.719520568847656,0.002128374995663762,0.12351695448160172,0.008018137887120247,0.0,20.337787628173828,0.009251697920262814,0.3154471218585968,25.25697898864746,0.0029805894009768963,0.2529926598072052,31.798274993896484,0.0006609561387449503,24.765846252441406,0.0033374561462551355,0.2992189824581146,22.623977661132812,0.005465155001729727,0.24583983421325684,22.032188415527344,0.006262979935854673,0.2896805703639984,23.72978401184082,0.004236640874296427,0.2853703498840332,28.08818817138672,0.0015530353412032127,23.325937271118164,0.004649503622204065,0.3333643078804016,21.53705596923828,0.007019309792667627,0.26534363627433777,21.032333374023438,0.007884363643825054,0.31159234046936035,27.409446716308594,0.00181574746966362,0.07334419339895248,28.482967376708984,0.0014180887956172228,27.26552963256836,0.0018769255839288235,0.08402654528617859
9454,169,1,2017,-1,3,26.833972930908203,0.16839252412319183,24.769556045532227,0.1545458883047104,26.546810150146484,23.192798614501953,0.24418647587299347,21.998136520385742,23.799448013305664,0.12863421440124512,18.07866668701172,18.15991973876953,23.040712356567383,0.17183730006217957,100.0,0.2958529591560364,0.5223739743232727,2017,2049,0.4045448899269104,0,0,0.0020730162505060434,0.002214721404016018,26.879886627197266,0.0020512156188488007,0.20359233021736145,0.0033346042037010193,0.17400556802749634,24.356285095214844,0.0036675131414085627,0.20962399244308472,0.004794244188815355,0.015564431436359882,25.03445053100586,0.003137292107567191,0.27864694595336914,0.006312281358987093,0.22491750121116638,23.132221221923828,0.004861585330218077,0.25565633177757263,0.004169223830103874,0.015275944024324417,26.089771270751953,0.00246049789711833,0.14133235812187195,0.004965110681951046,0.0,22.419233322143555,0.005728973541408777,0.20636510848999023,29.25680160522461,0.0011866420973092318,0.14274904131889343,34.92444610595703,0.00032177724642679095,28.79525375366211,0.0013196981744840741,0.1753113567829132,25.938987731933594,0.0025474245194345713,0.14667491614818573,25.337848663330078,0.0029256008565425873,0.17784155905246735,25.862228393554688,0.0025928488466888666,0.18234029412269592,28.23054313659668,0.0015029538189992309,25.590084075927734,0.0027605246286839247,0.22050750255584717,23.902935028076172,0.0040710498578846455,0.17760273814201355,23.474510192871094,0.004493129439651966,0.21364173293113708,27.158525466918945,0.0019237450323998928,0.0768030434846878,28.7862606048584,0.0013224334688857198,26.954545974731445,0.00201625470072031,0.09384088963270187
9469,169,1,2032,-1,2,25.874319076538086,0.2999870181083679,25.271728515625,0.2416759729385376,23.56050682067871,22.80658721923828,0.37236231565475464,22.452342987060547,24.71660614013672,0.15042252838611603,17.69813346862793,18.027856826782227,23.6699275970459,0.23753070831298828,100.0,0.3429211676120758,0.7047566771507263,2032,2064,0.40506911277770996,0,0,0.002585639478638768,0.004405033774673939,26.371910095214844,0.002305732574313879,0.3579188287258148,0.002970484783872962,0.2530335485935211,25.184139251708984,0.00303100049495697,0.3081865906715393,0.005240121390670538,0.016989735886454582,24.643909454345703,0.0034324885345995426,0.42855995893478394,0.005685461685061455,0.29933029413223267,23.8673038482666,0.0041045877151191235,0.348201185464859,0.0033755097538232803,0.01574760302901268,28.32059669494629,0.001472110510803759,0.16801276803016663,0.004295438062399626,0.0,23.048446655273438,0.004956274759024382,0.29112449288368225,27.474876403808594,0.001788597204722464,0.2664497196674347,31.885221481323242,0.000647855456918478,27.068374633789062,0.0019640959799289703,0.3250730037689209,25.619903564453125,0.0027416362427175045,0.21516241133213043,25.057403564453125,0.0031207541469484568,0.2662527859210968,25.636747360229492,0.002731023356318474,0.2947351336479187,27.217130661010742,0.001897959504276514,25.43757438659668,0.0028591868467628956,0.3549686372280121,24.330078125,0.0036897114478051662,0.2355298399925232,23.914947509765625,0.004059807397425175,0.28708416223526,29.133071899414062,0.0012209361884742975,0.07994881272315979,29.086193084716797,0.0012341862311586738,29.14032745361328,0.001218897639773786,0.09716355800628662
9606,169,1,2169,-1,3,25.85817527770996,0.2937203049659729,25.668012619018555,0.22547438740730286,23.015827178955078,22.993499755859375,0.3456551432609558,22.907119750976562,25.9217472076416,0.08923019468784332,17.40786361694336,17.946550369262695,25.123414993286133,0.17203688621520996,100.0,0.28192242980003357,0.7997745871543884,2169,2201,0.4083293676376343,0,0,0.002595269586890936,0.0049936408177018166,26.52418327331543,0.0022262895945459604,0.3541082441806793,0.0027114322874695063,0.1818951666355133,25.290077209472656,0.0029579615220427513,0.21678265929222107,0.005019380245357752,0.01816408336162567,25.232961654663086,0.002997118281200528,0.4025883674621582,0.005120214074850082,0.2184695303440094,24.62036895751953,0.0034511450212448835,0.24892129004001617,0.0025575575418770313,0.01604519784450531,33.164703369140625,0.0004825362120755017,0.0910291001200676,0.003073678119108081,0.0,24.501935958862305,0.0035465515684336424,0.21129515767097473,28.1934757232666,0.0015158371534198523,0.25852733850479126,31.773481369018555,0.0006647402187809348,27.833656311035156,0.0016467751702293754,0.32300305366516113,25.588903427124023,0.002761275740340352,0.16855750977993011,24.987751007080078,0.003171210875734687,0.20417733490467072,27.26171875,0.0018785734428092837,0.2806604206562042,27.447479248046875,0.0017999160336330533,27.23383140563965,0.0018906743498519063,0.35090944170951843,24.991378784179688,0.0031685614958405495,0.18409433960914612,24.59693717956543,0.003469815943390131,0.22386479377746582,33.42037582397461,0.0004549489531200379,0.0464472621679306,29.093740463256836,0.0012320437235757709,34.744422912597656,0.0003353958891239017,0.057916101068258286
9781,169,1,2376,-1,2,23.564958572387695,0.2810792326927185,21.883445739746094,0.26589885354042053,24.7950439453125,21.408281326293945,0.3315330445766449,20.321857452392578,23.269359588623047,0.12830567359924316,18.052854537963867,18.033721923828125,20.804386138916016,0.3353845477104187,100.0,0.374066561460495,0.7108330130577087,2376,2408,0.4594934284687042,0,0,0.004400521982461214,0.003315093694254756,23.4032039642334,0.004567510914057493,0.32344868779182434,0.006481202784925699,0.33894041180610657,21.52175521850586,0.0070440866984426975,0.3876991868019104,0.007230557035654783,0.015657220035791397,22.266416549682617,0.005934147629886866,0.3693781793117523,0.00928568933159113,0.3646266460418701,20.78079605102539,0.008354497142136097,0.4080732464790344,0.0047104693949222565,0.015726352110505104,25.206092834472656,0.003015718189999461,0.13237613439559937,0.008309245109558105,0.0,20.182905197143555,0.009587590582668781,0.3882730007171631,24.943979263305664,0.003203333355486393,0.2576083540916443,34.0799560546875,0.00039084494346752763,24.393733978271484,0.003636023961007595,0.29937443137168884,22.85873031616211,0.005177582614123821,0.3146112859249115,22.26414680480957,0.0059372493997216225,0.36444345116615295,22.983821868896484,0.005030576605349779,0.29518476128578186,28.578527450561523,0.0013872263953089714,22.525033950805664,0.005591091699898243,0.3371823728084564,21.53658676147461,0.00702007208019495,0.3428340256214142,21.026443481445312,0.007895063608884811,0.3947933614253998,26.400066375732422,0.002290833741426468,0.08552160859107971,28.67122459411621,0.0013579304795712233,26.136154174804688,0.0024343577679246664,0.0993305891752243
9940,169,1,2599,-1,2,27.267200469970703,0.15714630484580994,24.036436080932617,0.17799167335033417,26.028545379638672,23.3887882232666,0.2439688742160797,21.592697143554688,23.993518829345703,0.14511342346668243,18.037015914916992,18.135597229003906,22.342796325683594,0.17790266871452332,100.0,0.3471026122570038,0.5127926468849182,2599,2631,0.3993225395679474,0,0,0.0018762033432722092,0.0024954306427389383,27.493513107299805,0.001780937658622861,0.18872207403182983,0.003947811666876078,0.19207905232906342,23.718154907226562,0.004248002544045448,0.2257145345211029,0.004582696594297886,0.01571442373096943,25.42099380493164,0.002870123367756605,0.2754247784614563,0.006929953582584858,0.23786091804504395,22.495634078979492,0.005629069171845913,0.2709228992462158,0.003987019415944815,0.015361743047833443,26.50322151184082,0.002237061969935894,0.15572330355644226,0.005830694455653429,0.0,21.721317291259766,0.006727723870426416,0.2098802775144577,29.27223014831543,0.0011824342655017972,0.1406911313533783,35.61830139160156,0.0002742646902333945,28.787185668945312,0.0013221526751294732,0.17102068662643433,24.5816593170166,0.003482044441625476,0.15553061664104462,23.983203887939453,0.003996499814093113,0.18566638231277466,26.19348907470703,0.0024024315644055605,0.17746293544769287,28.847196578979492,0.0013040091143921018,25.898273468017578,0.0025714195799082518,0.21214671432971954,23.085729598999023,0.004913907498121262,0.18558600544929504,22.60564613342285,0.005488269962370396,0.22192031145095825,27.40225601196289,0.0018187565729022026,0.08600903302431107,29.31001853942871,0.0011721899500116706,27.17099952697754,0.0019182282267138362,0.10119488835334778
9944,169,1,2603,-1,2,27.49856185913086,0.2275092899799347,24.502273559570312,0.2170511782169342,25.005474090576172,23.734914779663086,0.3211093246936798,22.028968811035156,24.596839904785156,0.18102189898490906,17.936256408691406,17.99312973022461,23.21297836303711,0.23748986423015594,100.0,0.34341031312942505,0.6320461630821228,2603,2635,0.4005431532859802,0,0,0.0017788676777854562,0.0031582957599312067,28.0502872467041,0.001566647901199758,0.283221960067749,0.0035462789237499237,0.24802345037460327,24.224685668945312,0.0037803449667990208,0.29705458879470825,0.004231639206409454,0.01608327217400074,26.182876586914062,0.0024083107709884644,0.38343751430511475,0.006267629563808441,0.29927876591682434,23.241939544677734,0.004740304779261351,0.34420597553253174,0.003469893243163824,0.015874028205871582,28.064401626586914,0.0015615647425875068,0.19942620396614075,0.00477201770991087,0.0,22.59149932861328,0.005506174638867378,0.2882324457168579,29.282197952270508,0.0011797238839790225,0.20497067272663116,33.50518798828125,0.00044615016668103635,28.885421752929688,0.0012925814371556044,0.259366899728775,24.910785675048828,0.003227910026907921,0.22209644317626953,24.322710037231445,0.0036959771532565355,0.2681761384010315,26.770112991333008,0.0021037249825894833,0.23746366798877716,27.521331787109375,0.0017695671413093805,26.665258407592773,0.002155133755877614,0.2959531247615814,23.76013946533203,0.004207130055874586,0.24042204022407532,23.329906463623047,0.004645251203328371,0.28965118527412415,28.824892044067383,0.0013107230188325047,0.09588939696550369,28.686697006225586,0.0013531014556065202,28.84654998779297,0.0013042031787335873,0.11369525641202927
9981,169,1,2672,-1,0,25.245086669921875,0.18185052275657654,22.713842391967773,0.17080102860927582,25.730690002441406,22.298776626586914,0.2335575819015503,20.817689895629883,23.301612854003906,0.1287091076374054,18.077966690063477,18.05537223815918,21.41106605529785,0.19752681255340576,100.0,0.37064725160598755,0.4608182907104492,2672,2704,0.4208196699619293,0,0,0.0029887633863836527,0.0026725814677774906,25.174970626831055,0.0030374068301171064,0.2096160501241684,0.005353229586035013,0.21093890070915222,22.324512481689453,0.005855295341461897,0.24314826726913452,0.005890097003430128,0.015566937625408173,23.564138412475586,0.004401353187859058,0.26187601685523987,0.00828382559120655,0.23810428380966187,21.460968017578125,0.0071433717384934425,0.2671704888343811,0.004675615578889847,0.015648147091269493,25.246870040893555,0.0029875338077545166,0.13327880203723907,0.007225925102829933,0.0,20.789587020874023,0.008337605744600296,0.2324639856815338,27.083755493164062,0.0019571527373045683,0.15029847621917725,34.457332611083984,0.00035831646528095007,26.569604873657227,0.0022031276021152735,0.17689362168312073,23.719791412353516,0.004246399737894535,0.17972934246063232,23.12112808227539,0.004874019883573055,0.21059615910053253,24.3577880859375,0.003666244214400649,0.19115470349788666,28.10155487060547,0.0015482630115002394,23.987998962402344,0.003992087673395872,0.22215548157691956,22.221023559570312,0.005996497813612223,0.1987350583076477,21.731529235839844,0.0067119235172867775,0.231694296002388,26.40027618408203,0.002290722681209445,0.07776693999767303,28.707050323486328,0.00134677451569587,26.133325576782227,0.0024359452072530985,0.08834748715162277
10025,169,1,2716,-1,0,25.199392318725586,0.3356042206287384,23.741779327392578,0.2655472159385681,24.290199279785156,22.796194076538086,0.3603477478027344,21.853534698486328,25.880950927734375,0.06795806437730789,17.819255828857422,18.036663055419922,23.300212860107422,0.284612238407135,100.0,0.3129394054412842,0.8485579490661621,2716,2748,0.40051618218421936,0,0,0.0030203750357031822,0.003723747795447707,25.35784149169922,0.002912163734436035,0.3974285423755646,0.004224954638630152,0.28918612003326416,23.336490631103516,0.004638216458261013,0.34440696239471436,0.005252675153315067,0.016522450372576714,24.53597640991211,0.003518864046782255,0.41757479310035706,0.0065259914845228195,0.31285399198532104,22.93600082397461,0.005086277611553669,0.35836365818977356,0.002581695094704628,0.015715697780251503,32.50975799560547,0.000561079359613359,0.06366084516048431,0.004677122924476862,0.0,22.678733825683594,0.005396680440753698,0.3418614864349365,25.634319305419922,0.002732550259679556,0.3080606460571289,32.19313049316406,0.0006035139667801559,25.14265251159668,0.0030600945465266705,0.3720536231994629,23.6011905670166,0.004363961983472109,0.28611862659454346,23.001178741455078,0.005010512657463551,0.347135454416275,25.0711727142334,0.003110875142738223,0.3128400444984436,27.317886352539062,0.0018544349586591125,24.809371948242188,0.003304173471406102,0.3752133548259735,23.223655700683594,0.004760303534567356,0.2885865569114685,22.790592193603516,0.005259458441287279,0.34682852029800415,32.657798767089844,0.0005422756657935679,0.03648333251476288,28.31993293762207,0.0014723356580361724,33.98820877075195,0.00039918950642459095,0.04427999630570412
10048,169,1,2739,-1,3,25.262264251708984,0.2158125638961792,22.769447326660156,0.17969782650470734,25.75439453125,22.315773010253906,0.27899670600891113,20.902313232421875,23.203018188476562,0.13248787820339203,17.957225799560547,17.965377807617188,21.565723419189453,0.18654878437519073,100.0,0.2939433455467224,0.6113349199295044,2739,2771,0.3946878910064697,0,0,0.0029769623652100563,0.002658033510670066,25.19127082824707,0.003026028163731098,0.2579437494277954,0.0052851284854114056,0.20143038034439087,22.438926696777344,0.005703052040189505,0.2326602339744568,0.00586708914488554,0.016005802899599075,23.657962799072266,0.004307286813855171,0.3175830841064453,0.008123979903757572,0.2408265471458435,21.599655151367188,0.0069188582710921764,0.2636756896972656,0.00478297658264637,0.015975790098309517,25.141361236572266,0.0030610058456659317,0.13886895775794983,0.006973131559789181,0.0,20.944242477416992,0.008045921102166176,0.2171943038702011,27.203989028930664,0.0019037112360820174,0.18613314628601074,34.5146598815918,0.0003536177391652018,26.69142723083496,0.0021421872079372406,0.22416087985038757,23.835859298706055,0.004134414251893759,0.16605831682682037,23.245044708251953,0.0047369166277348995,0.19341261684894562,24.47222900390625,0.003570893779397011,0.22374436259269714,27.962358474731445,0.0015986902872100472,24.118057250976562,0.0038743093609809875,0.2661530375480652,22.377464294433594,0.005784336011856794,0.1904686987400055,21.882362365722656,0.006482819095253944,0.2201904058456421,26.355722427368164,0.00231434335000813,0.08601579815149307,28.889610290527344,0.0012913350947201252,26.069992065429688,0.0024717291817069054,0.10183373093605042
10254,169,1,2977,-1,2,26.154685974121094,0.17636358737945557,24.828197479248047,0.19248808920383453,26.647174835205078,22.812023162841797,0.22077122330665588,22.084978103637695,23.550500869750977,0.1337791383266449,18.125503540039062,18.068973541259766,23.051424026489258,0.13126248121261597,100.0,0.2542695701122284,0.7570236921310425,2977,3009,0.38915199041366577,0,0,0.0024239933118224144,0.0021641263738274574,26.083642959594727,0.0024639726616442204,0.2087385356426239,0.0032898823264986277,0.15218138694763184,24.550155639648438,0.0035073922481387854,0.17884103953838348,0.005233567673712969,0.015397489070892334,24.353473663330078,0.003669887548312545,0.24894392490386963,0.006187316030263901,0.1880771368741989,23.23839569091797,0.004744171630591154,0.20590220391750336,0.004415194969624281,0.015599214471876621,25.69509506225586,0.0026945762801915407,0.14433446526527405,0.004952879156917334,0.0,22.429943084716797,0.005714860279113054,0.15696528553962708,28.16750717163086,0.001524927793070674,0.14988787472248077,35.12031173706055,0.00030758773209527135,27.6644287109375,0.0017122108256444335,0.1802324801683426,26.34737777709961,0.0023187955375760794,0.11874206364154816,25.7637882232666,0.002652291441336274,0.14593780040740967,25.14076042175293,0.003061428666114807,0.17196175456047058,28.422183990478516,0.0014380759093910456,24.80017852783203,0.003311175387352705,0.20302146673202515,24.060333251953125,0.003926148638129234,0.14123830199241638,23.638103485107422,0.004327027592808008,0.16971059143543243,26.807918548583984,0.002085490385070443,0.08523409068584442,28.677146911621094,0.0013560802908614278,26.580303192138672,0.0021977073047310114,0.101668581366539
10409,169,1,3196,-1,3,25.793964385986328,0.17139850556850433,22.550460815429688,0.17693912982940674,25.616111755371094,22.542816162109375,0.23314011096954346,20.726036071777344,23.485774993896484,0.14739057421684265,17.87335968017578,18.025663375854492,21.434322357177734,0.1610453575849533,100.0,0.28385859727859497,0.6233354806900024,3196,3228,0.4233636260032654,0,0,0.0026339266914874315,0.0027440302073955536,25.821983337402344,0.0026169882621616125,0.20024214684963226,0.005558451637625694,0.19024407863616943,22.23110008239746,0.005982602015137672,0.21872101724147797,0.0055682482197880745,0.01631789281964302,24.073286056518555,0.003914456814527512,0.2589077949523926,0.008460508659482002,0.22038134932518005,21.372310638427734,0.007290696259588003,0.24188169836997986,0.004481492564082146,0.015755558386445045,25.61138153076172,0.0027470216155052185,0.15366727113723755,0.007187334820628166,0.0,20.812843322753906,0.00829307921230793,0.1861298382282257,27.752782821655273,0.00167772825807333,0.14165793359279633,35.05790328979492,0.000312039686832577,27.2403621673584,0.0018878343980759382,0.16894342005252838,23.33025360107422,0.004644882399588823,0.15229389071464539,22.734989166259766,0.0053272247314453125,0.17767368257045746,24.84356117248535,0.003278263844549656,0.1688162088394165,28.049057006835938,0.0015670917928218842,24.508102416992188,0.003541521029546857,0.19754791259765625,22.05661392211914,0.0062278569675982,0.17405538260936737,21.572776794433594,0.0069618127308785915,0.2004314661026001,26.71617889404297,0.002130012260749936,0.0819549411535263,28.42292022705078,0.0014378317864611745,26.504308700561523,0.002236501546576619,0.09306982904672623
10469,169,1,3256,-1,3,25.416366577148438,0.1823137402534485,23.6043758392334,0.19775782525539398,26.762287139892578,22.19160270690918,0.24746735394001007,21.245113372802734,22.997020721435547,0.13754771649837494,17.890050888061523,17.995956420898438,21.873340606689453,0.1431598961353302,100.0,0.2942771017551422,0.6720122694969177,3256,3288,0.3877130150794983,0,0,0.002873183460906148,0.002107517793774605,25.24186897277832,0.0029909780714660883,0.21460634469985962,0.004360762424767017,0.14797377586364746,23.220226287841797,0.00476405955851078,0.17672163248062134,0.0060372562147676945,0.016255298629403114,23.501541137695312,0.0044652498327195644,0.27253440022468567,0.0075073870830237865,0.18884208798408508,22.05876350402832,0.0062247756868600845,0.20623253285884857,0.005015309900045395,0.015863696113228798,24.754316329956055,0.0033463272266089916,0.14644894003868103,0.006496299058198929,0.0,21.251859664916992,0.007495730184018612,0.17304712533950806,27.696781158447266,0.0016995029291138053,0.1556422859430313,35.30173873901367,0.00029500285745598376,27.176998138427734,0.0019155797781422734,0.18590758740901947,25.1584415435791,0.003048989921808243,0.11496508121490479,24.56972885131836,0.003491622395813465,0.13874903321266174,24.39594268798828,0.0036341736558824778,0.19746312499046326,28.451078414916992,0.001428539864718914,24.00826644897461,0.003973502200096846,0.22740042209625244,22.933631896972656,0.0050890520215034485,0.15657871961593628,22.462921142578125,0.005671629682183266,0.184859961271286,25.928203582763672,0.002553757047280669,0.09377114474773407,28.962787628173828,0.0012697585625573993,25.60462760925293,0.002751295454800129,0.1094261109828949
10470,169,1,3257,-1,0,25.344179153442383,0.19071809947490692,23.394763946533203,0.16150346398353577,25.314449310302734,22.207794189453125,0.2560751438140869,21.152603149414062,23.048667907714844,0.12919670343399048,17.9333438873291,18.15612030029297,21.721431732177734,0.15079113841056824,100.0,0.2953178286552429,0.5468801856040955,3257,3289,0.38695797324180603,0,0,0.002921339822933078,0.0029414070304483175,25.348773956298828,0.002918252255767584,0.22076568007469177,0.0045763966627418995,0.1747123897075653,23.047367095947266,0.004957509692758322,0.20433710515499115,0.006014792248606682,0.016094058752059937,23.502626419067383,0.004464135970920324,0.28589266538619995,0.007669016718864441,0.20652629435062408,21.932575225830078,0.006408296525478363,0.23043449223041534,0.0049560219049453735,0.015289315022528172,24.728492736816406,0.0033662845380604267,0.13699568808078766,0.006727549247443676,0.0,21.099950790405273,0.007762557826936245,0.18373611569404602,27.855844497680664,0.0016383836045861244,0.16921526193618774,34.10318374633789,0.0003887601487804204,27.37398910522461,0.0018306333804503083,0.20494243502616882,24.71007537841797,0.003380588022992015,0.1371876746416092,24.116302490234375,0.0038758767768740654,0.16471225023269653,24.41686248779297,0.003616711823269725,0.21133653819561005,28.267995834350586,0.0014900489477440715,24.040752410888672,0.0039438907988369465,0.2500647306442261,22.757537841796875,0.005299638025462627,0.16521768271923065,22.277061462402344,0.0059196194633841515,0.19755691289901733,25.902023315429688,0.002569198375567794,0.09219575673341751,29.06348991394043,0.0012406548485159874,25.569576263427734,0.002773589687421918,0.11071671545505524
10714,169,1,3533,-1,3,25.406171798706055,0.2085636556148529,22.74340057373047,0.16786058247089386,24.65381622314453,22.54767417907715,0.27199873328208923,20.832923889160156,23.418142318725586,0.1277853399515152,18.02654457092285,18.078943252563477,21.57269287109375,0.27467647194862366,100.0,0.307838499546051,0.5452877879142761,3533,3565,0.4018515646457672,0,0,0.002879936480894685,0.0034246675204485655,25.534423828125,0.0027961316518485546,0.25141575932502747,0.005316916853189468,0.2704337239265442,22.326190948486328,0.005853032227605581,0.32591935992240906,0.005562021397054195,0.015752362087368965,23.985618591308594,0.003994276747107506,0.312151163816452,0.008254819549620152,0.304848313331604,21.490928649902344,0.007094259839504957,0.347947895526886,0.0045518274419009686,0.015563443303108215,25.439786911010742,0.00285773235373199,0.13788309693336487,0.006961947772651911,0.0,20.951213836669922,0.008033016696572304,0.3304661512374878,27.708473205566406,0.0016949333949014544,0.1818956881761551,33.58885192871094,0.00043763811117969453,27.23914337158203,0.0018883633892983198,0.22244754433631897,23.688617706298828,0.004276991821825504,0.25210344791412354,23.084381103515625,0.004915436264127493,0.30475038290023804,24.906742095947266,0.0032309170346707106,0.215853750705719,28.400325775146484,0.0014453321928158402,24.55234718322754,0.0035056222695857286,0.2586562931537628,22.257793426513672,0.005945943761616945,0.2707888185977936,21.75762176513672,0.006671721115708351,0.32379475235939026,26.691112518310547,0.0021423413418233395,0.07901498675346375,29.160011291503906,0.001213385839946568,26.410648345947266,0.0022852576803416014,0.09380566328763962
10795,169,1,3614,-1,0,24.89773178100586,0.17668981850147247,22.469453811645508,0.18529383838176727,25.533016204833984,21.809051513671875,0.25509047508239746,20.401199340820312,22.94164276123047,0.13288775086402893,17.897287368774414,18.048450469970703,21.012264251708984,0.1746208369731903,100.0,0.29333263635635376,0.6316850185394287,3614,3646,0.3905188739299774,0,0,0.003237625351175666,0.002797037595883012,24.807748794555664,0.0033054077066481113,0.2040063440799713,0.005663106683641672,0.18145863711833954,22.00562286376953,0.0063014100305736065,0.20730488002300262,0.006593180820345879,0.016228236258029938,22.915058135986328,0.005110864993184805,0.2829374074935913,0.009117594920098782,0.22579263150691986,20.865678787231445,0.008192796260118484,0.2442779242992401,0.005079674534499645,0.015673110261559486,24.621917724609375,0.0034499147441238165,0.13394324481487274,0.007920884527266026,0.0,20.390785217285156,0.00913948193192482,0.20047906041145325,26.77931785583496,0.002099269302561879,0.16386280953884125,34.06912612915039,0.0003918208531104028,26.267284393310547,0.0023619539570063353,0.1900518834590912,23.23386001586914,0.004749129060655832,0.15336425602436066,22.626096725463867,0.005462485831230879,0.17574931681156158,23.794265747070312,0.004174203146249056,0.20096269249916077,28.070384979248047,0.001559414784424007,23.39468765258789,0.004576477687805891,0.23182709515094757,21.585819244384766,0.006940933875739574,0.18653729557991028,21.0721378326416,0.007812431547790766,0.21335574984550476,25.743003845214844,0.0026650161016732454,0.0872836709022522,28.905349731445312,0.001286664162762463,25.41049575805664,0.0028770703356713057,0.09907164424657822
10853,169,1,3672,-1,2,25.691612243652344,0.2749197483062744,23.32550048828125,0.19803927838802338,25.552074432373047,22.794200897216797,0.33221834897994995,21.371610641479492,24.30099105834961,0.1028703823685646,17.993730545043945,18.00614356994629,22.471101760864258,0.3120590150356293,100.0,0.32168617844581604,0.6156287789344788,3672,3704,0.4071711003780365,0,0,0.0026967383455485106,0.002784790936857462,25.713483810424805,0.0026831920258700848,0.3258567750453949,0.004649967886507511,0.2991606295108795,22.954605102539062,0.005064536351710558,0.35498473048210144,0.005255088210105896,0.01587183214724064,24.41082191467285,0.0036217437591403723,0.3791496157646179,0.007291870657354593,0.33264586329460144,22.234081268310547,0.0059784953482449055,0.37753623723983765,0.0037145072128623724,0.015826528891921043,27.32565689086914,0.0018511194502934813,0.10188556462526321,0.005660958122462034,0.0,21.84962272644043,0.0065318746492266655,0.3728824257850647,26.90013885498047,0.0020416725892573595,0.25978970527648926,33.43538284301758,0.000453379558166489,26.409189224243164,0.002286025555804372,0.3148036599159241,23.740238189697266,0.004226453602313995,0.29181599617004395,23.14068603515625,0.004852120764553547,0.34887969493865967,25.083396911621094,0.0031021335162222385,0.28956127166748047,27.978256225585938,0.001592849032022059,24.769914627075195,0.003334331326186657,0.3461900055408478,22.77256965637207,0.005281325429677963,0.3115794360637665,22.28753662109375,0.005905361846089363,0.36976224184036255,28.4093074798584,0.0014423457905650139,0.0626765564084053,29.134384155273438,0.0012205676175653934,28.30776596069336,0.001476465491577983,0.0721840187907219
11127,169,1,3978,-1,3,24.613113403320312,0.29805657267570496,22.496042251586914,0.21021965146064758,23.611339569091797,22.4276065826416,0.3509586751461029,20.89989471435547,24.050777435302734,0.12215225398540497,17.952917098999023,18.018253326416016,21.783737182617188,0.23043739795684814,100.0,0.2946573495864868,0.7134376764297485,3978,4010,0.3951164782047272,0,0,0.0034569143317639828,0.004353776574134827,24.79001235961914,0.003318935167044401,0.35709479451179504,0.005628542508929968,0.2401386797428131,22.1969051361084,0.006029890850186348,0.28783655166625977,0.005717938765883446,0.016021687537431717,23.83761215209961,0.00413274671882391,0.41063791513442993,0.008128504268825054,0.2721463143825531,21.617860794067383,0.006889915093779564,0.3121332824230194,0.003934798296540976,0.015782460570335388,26.752893447875977,0.0021120812743902206,0.13072305917739868,0.006631718948483467,0.0,21.162260055541992,0.007651984225958586,0.2818000912666321,26.254497528076172,0.0023689207155257463,0.26998019218444824,32.17832565307617,0.000605574285145849,25.78362464904785,0.002640204969793558,0.3336884379386902,23.342567443847656,0.00463173259049654,0.20996668934822083,22.74776268005371,0.005311582703143358,0.25790610909461975,24.480802536010742,0.003563852747902274,0.304592490196228,27.818347930908203,0.0016525906976312399,24.13650131225586,0.003857892705127597,0.3700464963912964,22.28731346130371,0.005905662663280964,0.23753227293491364,21.798641204833984,0.00660900492221117,0.28574588894844055,27.9191951751709,0.0016146578127518296,0.0810234472155571,28.56031036376953,0.0013930575223639607,27.828453063964844,0.0016487502725794911,0.09778545051813126
11141,169,1,3992,-1,1,25.07369613647461,0.28778964281082153,22.878332138061523,0.2074388712644577,23.885814666748047,22.725250244140625,0.32118117809295654,21.29165267944336,24.138198852539062,0.1075783520936966,17.803909301757812,17.84173583984375,22.364727020263672,0.31273847818374634,100.0,0.305509090423584,0.6789941191673279,3992,4024,0.39810773730278015,0,0,0.0031090707052499056,0.004087131004780531,25.28913688659668,0.002958600176498294,0.3472232520580292,0.005154265556484461,0.32605722546577454,22.481220245361328,0.005647784098982811,0.3896918296813965,0.005339186172932386,0.016580937430262566,24.42530632019043,0.0036096854601055384,0.3750620484352112,0.007427369710057974,0.34236910939216614,22.065330505371094,0.006215372122824192,0.39647650718688965,0.003856383264064789,0.016437143087387085,27.164995193481445,0.001920882030390203,0.11270783841609955,0.005801328923553228,0.0,21.743247985839844,0.006693840958178043,0.37776461243629456,27.205604553222656,0.0019030030816793442,0.25638073682785034,32.89906692504883,0.0005129714263603091,26.74308967590332,0.0021168540697544813,0.3131042718887329,23.87628746032715,0.0040961061604321,0.30029261112213135,23.269649505615234,0.004710155073553324,0.3619847297668457,25.235164642333984,0.0029955978970974684,0.27076485753059387,27.880046844482422,0.0016292789950966835,24.940635681152344,0.003205800661817193,0.3285917341709137,22.78141975402832,0.005270576570183039,0.3085164427757263,22.30341911315918,0.005883802194148302,0.3714000880718231,28.435287475585938,0.0014337431639432907,0.07083934545516968,29.034446716308594,0.0012489791261032224,28.350027084350586,0.0014621682930737734,0.08385220170021057
11208,169,1,4091,-1,1,18.51953125,0.3062897026538849,17.7264404296875,0.2896669805049896,23.3617000579834,17.75063705444336,0.34995466470718384,17.0023136138916,23.498966217041016,0.11767183244228363,17.870628356933594,17.94812774658203,17.12764549255371,0.2693217694759369,100.0,0.3796575963497162,0.7629690170288086,4091,4123,0.4075259864330292,0,0,0.014061996713280678,0.004611371085047722,18.092220306396484,0.015515940263867378,0.3525564968585968,0.016879359260201454,0.2804355323314667,17.19742774963379,0.01906590163707733,0.32453617453575134,0.01678558439016342,0.016328152269124985,17.732465744018555,0.016855958849191666,0.3936409056186676,0.01994200050830841,0.30231964588165283,16.835939407348633,0.02072078175842762,0.33592116832733154,0.004467898979783058,0.016039371490478516,25.706235885620117,0.00268767261877656,0.11616507917642593,0.019374720752239227,0.0,16.506168365478516,0.022355444729328156,0.3146069049835205,18.755374908447266,0.013318723067641258,0.27457812428474426,31.069263458251953,0.0007817604928277433,18.168018341064453,0.015247487463057041,0.3211161494255066,17.84695816040039,0.01641738973557949,0.24658437073230743,17.23747444152832,0.018890894949436188,0.2898526191711426,18.311363220214844,0.014752430841326714,0.30032914876937866,27.7440242767334,0.00168111571110785,17.756378173828125,0.01676340214908123,0.34722700715065,17.415292739868164,0.018133047968149185,0.26773831248283386,16.831783294677734,0.02074061706662178,0.31109878420829773,26.9526309967041,0.0020171445794403553,0.07050424814224243,28.705528259277344,0.0013472470454871655,26.736221313476562,0.0021202056668698788,0.07886350899934769
11524,169,1,4407,-1,1,26.782840728759766,0.1445024609565735,25.455961227416992,0.1611100733280182,27.22766876220703,23.1003475189209,0.19979839026927948,22.441669464111328,23.637521743774414,0.12981991469860077,18.22317886352539,18.15155601501465,23.550559997558594,0.1434359848499298,100.0,0.22864405810832977,0.7046326994895935,4407,4439,0.4000355303287506,0,0,0.0020975670777261257,0.0018933607498183846,26.718276977539062,0.0021289836149662733,0.16994573175907135,0.002847107592970133,0.14930683374404907,25.087181091308594,0.00309943244792521,0.174460768699646,0.004897397477179766,0.01505504921078682,24.76945686340332,0.0033346822019666433,0.2267698496580124,0.005699454341083765,0.1777312010526657,23.704998016357422,0.004260887857526541,0.19660986959934235,0.004327608272433281,0.015305392444133759,25.78607177734375,0.002638718578964472,0.13772809505462646,0.004415135830640793,0.0,22.929080963134766,0.0050943875685334206,0.17138177156448364,29.303319931030273,0.0011740000918507576,0.11795275658369064,35.917022705078125,0.00025603407993912697,28.80999755859375,0.001315225730650127,0.14336936175823212,27.070234298706055,0.00196325546130538,0.12054648995399475,26.476207733154297,0.0022510199341923,0.14398281276226044,25.645832061767578,0.0027253145817667246,0.1552341878414154,28.719873428344727,0.0013428041711449623,25.319469451904297,0.002938008401542902,0.18616965413093567,24.518774032592773,0.003532830625772476,0.14202365279197693,24.109745025634766,0.0038817308377474546,0.1678895652294159,26.899860382080078,0.0020418039057403803,0.08750161528587341,28.80154800415039,0.0013177867513149977,26.66917610168457,0.002153191016986966,0.10362937301397324
11844,195,1,226,-1,2,27.66899299621582,0.19858327507972717,24.4968204498291,0.12250702828168869,25.857933044433594,24.190502166748047,0.22060996294021606,22.3435001373291,25.873830795288086,0.05302371457219124,17.988754272460938,18.001819610595703,24.44189453125,0.23905275762081146,100.0,0.2754436135292053,0.444762647151947,226,258,0.39165401458740234,0,0,0.0017104125581681728,0.002595414873212576,28.029239654541016,0.0015742583200335503,0.23914802074432373,0.0035507329739630222,0.23803755640983582,24.125337600708008,0.003867820603772998,0.28167659044265747,0.003810218535363674,0.015890030190348625,27.095678329467773,0.0019517859909683466,0.2547522783279419,0.005829752888530493,0.2543888986110687,23.705650329589844,0.004260250832885504,0.2906491756439209,0.0025859319139271975,0.015842292457818985,32.62416458129883,0.0005464917630888522,0.04671180248260498,0.003595922840759158,0.0,23.820417404174805,0.004149142187088728,0.28803551197052,28.654827117919922,0.001363067072816193,0.190228670835495,35.33500289916992,0.00029275196720846,28.15953254699707,0.0015277309576049447,0.23142576217651367,24.51310157775879,0.0035374462604522705,0.23193174600601196,23.909454345703125,0.004064944107085466,0.27932751178741455,27.68463897705078,0.0017042618710547686,0.1930951327085495,30.283288955688477,0.0009368523024022579,27.393741607666016,0.00182232481893152,0.23503591120243073,24.109901428222656,0.0038815923035144806,0.23687094449996948,23.625295639038086,0.004339807201176882,0.28439193964004517,33.18870162963867,0.0004798768786713481,0.028367137536406517,30.515480041503906,0.0008880800451152027,33.79784393310547,0.00041707640048116446,0.033474888652563095
12061,195,1,475,-1,0,25.657032012939453,0.3240385949611664,24.850404739379883,0.22675637900829315,23.26296043395996,22.94188690185547,0.411070853471756,22.3436336517334,25.042207717895508,0.1614612340927124,17.66610336303711,17.95712661743164,23.49329948425293,0.22176945209503174,100.0,0.35752153396606445,0.6342453956604004,475,507,0.41927066445350647,0,0,0.002718297066166997,0.004717413801699877,26.178495407104492,0.002410740591585636,0.39155006408691406,0.003273103153333068,0.2309013158082962,24.54891586303711,0.0035083943512290716,0.27552202343940735,0.005079388152807951,0.017115503549575806,24.91109848022461,0.0032276783604174852,0.4826173782348633,0.005829572211951017,0.28936177492141724,23.575424194335938,0.004389930982142687,0.3366232216358185,0.0031316946260631084,0.016006171703338623,29.38922691345215,0.0011510057374835014,0.17724275588989258,0.004473732318729162,0.0,22.8718204498291,0.0051619987934827805,0.27100563049316406,27.623262405395508,0.001728517352603376,0.2867099642753601,30.896041870117188,0.0008135720272548497,27.283260345458984,0.0018692784942686558,0.35265594720840454,24.738943099975586,0.0033581946045160294,0.21695657074451447,24.166053771972656,0.0038317260332405567,0.26659518480300903,25.991012573242188,0.002517090179026127,0.3170493543148041,24.803386688232422,0.003308730898424983,26.206401824951172,0.0023952992632985115,0.38892626762390137,23.719039916992188,0.0042471373453736305,0.2241472750902176,23.445951461791992,0.004522775299847126,0.27273669838905334,29.282987594604492,0.001179509679786861,0.08587726950645447,26.003814697265625,0.0025096815079450607,30.11054229736328,0.000974868074990809,0.10320696979761124
12536,195,1,1014,-1,0,21.986629486083984,0.21739663183689117,17.438047409057617,0.1923256814479828,25.91452407836914,20.346250534057617,0.2666044235229492,16.749155044555664,23.015972137451172,0.12553338706493378,18.071439743041992,18.19099998474121,16.973445892333984,0.3365166187286377,100.0,0.3845707178115845,0.5001048445701599,1014,1046,0.4082927107810974,0,0,0.006329027470201254,0.002561814384534955,21.606101989746094,0.0069085992872715,0.25580033659935,0.01803828775882721,0.3368437886238098,16.867387771606445,0.020571276545524597,0.3942522406578064,0.009233682416379452,0.01559035386890173,20.832443237304688,0.008255734108388424,0.30447328090667725,0.021139001473784447,0.35595592856407166,16.57377815246582,0.022010110318660736,0.404845654964447,0.00499347597360611,0.015167014673352242,24.649192810058594,0.0034283155109733343,0.13082288205623627,0.0200749970972538,0.0,16.351966857910156,0.023163458332419395,0.39958491921424866,22.919578552246094,0.005105546209961176,0.19227387011051178,33.85240936279297,0.0004118688520975411,22.345064163208008,0.005827650893479586,0.23290115594863892,17.722999572753906,0.01689274050295353,0.30761513113975525,17.10618782043457,0.019470687955617905,0.36938777565956116,21.566547393798828,0.006971803028136492,0.22102990746498108,28.718307495117188,0.0013432884588837624,21.0580997467041,0.007837728597223759,0.262746661901474,17.228525161743164,0.01892986334860325,0.3236873149871826,16.639928817749023,0.021677399054169655,0.3845154047012329,25.84967613220215,0.002600354142487049,0.08142304420471191,29.404678344726562,0.0011469179298728704,25.491413116455078,0.0028239600360393524,0.09708325564861298
12664,195,1,1206,-1,3,26.11231231689453,0.17728513479232788,25.540340423583984,0.13961796462535858,26.134614944458008,22.7930850982666,0.22516292333602905,22.354928970336914,23.578779220581055,0.1092292070388794,17.841400146484375,18.094684600830078,24.867618560791016,0.11331489682197571,100.0,0.19919858872890472,0.7008983492851257,1206,1238,0.40031370520591736,0,0,0.0024477592669427395,0.002435221802443266,26.1088924407959,0.002449688268825412,0.20375119149684906,0.002792326034978032,0.13097360730171204,25.163944244384766,0.0030451302882283926,0.15369923412799835,0.0052564372308552265,0.01643841341137886,24.51471519470215,0.0035361333284527063,0.24472300708293915,0.005814427509903908,0.17228341102600098,23.65288543701172,0.004312325734645128,0.18289941549301147,0.004386540036648512,0.015507134608924389,25.72566032409668,0.002675678813830018,0.10821184515953064,0.0032601559069007635,0.0,24.246139526367188,0.0037617182824760675,0.13522671163082123,28.354223251342773,0.001460755942389369,0.15700799226760864,33.92145538330078,0.00040537287713959813,27.896488189697266,0.0016231226036325097,0.18718047440052032,26.97923469543457,0.0020048257429152727,0.10740987211465836,26.389835357666016,0.002296236576512456,0.1295730173587799,25.444490432739258,0.0028546375688165426,0.18332400918006897,28.80162811279297,0.0013177631190046668,25.09889793395996,0.003091079881414771,0.21292760968208313,24.545137405395508,0.003511447925120592,0.13513828814029694,24.127243041992188,0.0038661241997033358,0.15825742483139038,26.94108009338379,0.0020225171465426683,0.07027190923690796,28.7799072265625,0.0013243701541796327,26.716358184814453,0.002129924250766635,0.08018909394741058
12672,195,1,1214,-1,3,25.38541030883789,0.32730868458747864,25.51732635498047,0.23069606721401215,22.10022735595703,23.29277992248535,0.3484448194503784,23.064374923706055,25.63706398010254,0.07086936384439468,17.77424430847168,17.839723587036133,25.462478637695312,0.2523733377456665,100.0,0.29202771186828613,0.7899800539016724,1214,1246,0.3838859796524048,0,0,0.0028937365859746933,0.00616562832146883,26.215351104736328,0.002390369074419141,0.38061434030532837,0.0028071622364223003,0.2421056032180786,25.586875915527344,0.00276256469078362,0.2821305990219116,0.004685134161263704,0.01669458858668804,25.47060203552246,0.002837525447830558,0.39778339862823486,0.004938130266964436,0.2723778486251831,24.934661865234375,0.0032102130353450775,0.30421218276023865,0.002730823587626219,0.016444768756628036,32.069183349609375,0.0006209860439412296,0.06519518792629242,0.002842837944626808,0.0,24.841001510620117,0.003280197735875845,0.2995093762874603,27.43120002746582,0.0018066749908030033,0.31272009015083313,31.367374420166016,0.0007298992131836712,27.050199508666992,0.0019723328296095133,0.37301862239837646,25.977136611938477,0.002525145187973976,0.23720811307430267,25.411710739135742,0.0028762652073055506,0.28398728370666504,26.574325561523438,0.0022007343359291553,0.3162429928779602,27.433021545410156,0.0018059175927191973,26.45608139038086,0.0022614754270762205,0.37444421648979187,25.188648223876953,0.0030278554186224937,0.2559056878089905,24.859331130981445,0.0032663808669894934,0.3032667636871338,31.845415115356445,0.000653820694424212,0.04293259233236313,28.16051483154297,0.0015273852040991187,32.84476089477539,0.0005194262485019863,0.05047081038355827
12677,195,1,1219,-1,0,25.74471664428711,0.2915036082267761,24.41505241394043,0.2386520355939865,24.473779678344727,23.191469192504883,0.33030521869659424,22.33281135559082,24.84529685974121,0.10280608385801315,17.91414451599121,17.86612892150879,23.838031768798828,0.28733116388320923,100.0,0.3262331187725067,0.7315383553504944,1219,1251,0.3825250267982483,0,0,0.0026639641728252172,0.003569620195776224,25.97801971435547,0.0025246322620660067,0.3469141125679016,0.0036182203330099583,0.30426597595214844,24.322402954101562,0.0036962369922548532,0.36234477162361145,0.004795711953192949,0.016165364533662796,25.161941528320312,0.003046534489840269,0.38357794284820557,0.0058441185392439365,0.3206692039966583,23.686674118041992,0.004278905689716339,0.3705047369003296,0.0032769532408565283,0.016345079988241196,28.974040985107422,0.0012664723908528686,0.10547091066837311,0.004132348578423262,0.0,23.216552734375,0.004768094513565302,0.3451404571533203,26.972068786621094,0.002008136361837387,0.25831902027130127,33.0927734375,0.0004905946552753448,26.49441146850586,0.0022416042629629374,0.31312984228134155,24.996652603149414,0.003164716064929962,0.2749221920967102,24.416790008544922,0.0036167725920677185,0.3344164192676544,25.715938568115234,0.0026816760655492544,0.27317723631858826,27.56808090209961,0.0017506205476820469,25.489948272705078,0.002824915573000908,0.33082178235054016,24.124263763427734,0.0038687766063958406,0.2886641323566437,23.71407699584961,0.004251990467309952,0.3493178188800812,29.59531021118164,0.0010976629564538598,0.06356719881296158,28.71520233154297,0.0013442498166114092,29.748062133789062,0.0010597265791147947,0.07317955046892166
12682,195,1,1224,-1,1,25.363811492919922,0.2606360912322998,23.72478485107422,0.18741963803768158,25.07667350769043,22.844036102294922,0.31045597791671753,21.774578094482422,24.34897232055664,0.12242737412452698,18.070453643798828,18.178874969482422,22.987167358398438,0.24010328948497772,100.0,0.3077384829521179,0.6090224385261536,1224,1256,0.37982630729675293,0,0,0.0029081644024699926,0.0031069384422153234,25.409719467163086,0.002877583960071206,0.315862238407135,0.004241521004587412,0.24045497179031372,23.442399978637695,0.004526474513113499,0.2866837978363037,0.005195130594074726,0.015593895688652992,24.442625045776367,0.0035953198093920946,0.3682771921157837,0.006645721849054098,0.27320072054862976,22.778100967407227,0.005274603608995676,0.31468701362609863,0.0036736929323524237,0.01520941499620676,27.214824676513672,0.0018989667296409607,0.13238877058029175,0.005026704166084528,0.0,22.36568832397461,0.005800042767077684,0.29192304611206055,26.92613983154297,0.0020294866990298033,0.230936199426651,33.360984802246094,0.00046121329069137573,26.438289642333984,0.0022707597818225622,0.2842015027999878,24.717941284179688,0.0033744745887815952,0.22124560177326202,24.129261016845703,0.003864327212795615,0.26908770203590393,25.123193740844727,0.0030738371424376965,0.2542475461959839,27.80948829650879,0.0016559648793190718,24.825439453125,0.00329197128303349,0.31092599034309387,23.488283157348633,0.004478903021663427,0.24252277612686157,23.040573120117188,0.004965268075466156,0.29432159662246704,28.358896255493164,0.00145918526686728,0.0759911984205246,28.973209381103516,0.0012667152332141995,28.271648406982422,0.0014887959696352482,0.09267083555459976
12714,195,1,1256,-1,1,26.239606857299805,0.1864400953054428,23.835365295410156,0.17973501980304718,26.654653549194336,22.7396297454834,0.24823927879333496,21.428340911865234,23.598535537719727,0.1313786655664444,17.985536575317383,18.125919342041016,22.150856018066406,0.24632516503334045,100.0,0.31251397728919983,0.5751263499259949,1256,1288,0.4050407111644745,0,0,0.0023770565167069435,0.002160402247682214,26.17913055419922,0.002410388085991144,0.22302614152431488,0.004134886432439089,0.25698649883270264,23.451614379882812,0.004516880959272385,0.31568923592567444,0.005321537144482136,0.015901807695627213,24.32526397705078,0.0036938032135367393,0.2871285676956177,0.0071972389705479145,0.28857311606407166,22.34564208984375,0.005826877895742655,0.34249797463417053,0.004366631153970957,0.015396003611385822,25.735206604003906,0.002669804496690631,0.14324039220809937,0.006094170268625021,0.0,21.529373168945312,0.00703173503279686,0.30384355783462524,28.177867889404297,0.0015212951693683863,0.16887418925762177,35.224178314208984,0.00030031861388124526,27.672229766845703,0.0017091379268094897,0.21143941581249237,24.89109992980957,0.00324257486499846,0.22710639238357544,24.291507720947266,0.003722623223438859,0.2819996774196625,25.222700119018555,0.003004207741469145,0.18731772899627686,28.726045608520508,0.001340897404588759,24.86768913269043,0.003260101191699505,0.22978946566581726,23.112316131591797,0.004883918911218643,0.24656715989112854,22.630714416503906,0.005456679966300726,0.3044164478778839,26.843978881835938,0.0020682455506175756,0.08179936558008194,29.292434692382812,0.0011769457487389445,26.565187454223633,0.002205368597060442,0.10112114995718002
12889,195,1,1495,-1,1,24.94576644897461,0.2013433575630188,22.205217361450195,0.23116393387317657,25.702716827392578,22.292953491210938,0.25739002227783203,20.612590789794922,23.4957218170166,0.13703449070453644,18.063556671142578,18.010086059570312,21.228981018066406,0.2625674605369568,100.0,0.33199572563171387,0.6962859034538269,1495,1527,0.4096755385398865,0,0,0.003202013671398163,0.0026898514479398727,24.840192794799805,0.003280807752162218,0.23814499378204346,0.0060183643363416195,0.2703562080860138,21.87617301940918,0.0064920648001134396,0.3226897120475769,0.005898000672459602,0.015618686564266682,23.56299591064453,0.004402510356158018,0.2911110520362854,0.008684421889483929,0.29728367924690247,21.190902709960938,0.007601684890687466,0.33566343784332275,0.004471237305551767,0.015812167897820473,25.643978118896484,0.0027264792006462812,0.14627058804035187,0.0075353230349719524,0.0,20.607501983642578,0.0086946040391922,0.314574658870697,26.562522888183594,0.0022067222744226456,0.17658457159996033,35.63679122924805,0.0002730995474848896,26.0133056640625,0.0025042027700692415,0.2119058519601822,23.118303298950195,0.004877191036939621,0.24341557919979095,22.516347885131836,0.005602284334599972,0.29644328355789185,24.341289520263672,0.0036801989190280437,0.2014452964067459,28.350025177001953,0.0014621688751503825,23.956192016601562,0.0040214345790445805,0.2408379167318344,21.921844482421875,0.006424151826649904,0.26481693983078003,21.42085075378418,0.00720966188237071,0.3169601559638977,26.81924819946289,0.0020800563506782055,0.0867428183555603,28.84072494506836,0.0013059526681900024,26.57745361328125,0.0021991494577378035,0.10239879786968231
13030,195,1,1668,-1,0,22.881183624267578,0.22129854559898376,19.436389923095703,0.21726155281066895,24.438955307006836,20.577716827392578,0.27987968921661377,18.215892791748047,22.365514755249023,0.123850017786026,17.69072151184082,18.02627944946289,18.362773895263672,0.33335137367248535,100.0,0.4086085259914398,0.5317107439041138,1668,1700,0.4005791246891022,0,0,0.005150882992893457,0.0035983584821224213,22.684328079223633,0.005389733240008354,0.2487979382276535,0.011385731399059296,0.3337438702583313,18.921091079711914,0.012820087373256683,0.38053855299949646,0.008754439651966095,0.0170187596231699,21.259239196777344,0.007483005989342928,0.3015834093093872,0.015080329030752182,0.3618384003639221,18.227876663208008,0.015038774348795414,0.3990308344364166,0.005800276529043913,0.01575331762433052,23.696699142456055,0.004269039258360863,0.11933024227619171,0.014578829519450665,0.0,17.741294860839844,0.01682172529399395,0.3839796781539917,24.199390411376953,0.0038024282548576593,0.20170846581459045,30.592361450195312,0.0008724969229660928,23.71285629272461,0.004253186751157045,0.23724277317523956,19.983394622802734,0.010038311593234539,0.30169054865837097,19.372800827026367,0.011553672142326832,0.3522537648677826,22.039901733398438,0.006251869257539511,0.2342180609703064,27.4591064453125,0.0017951029585674405,21.587953567504883,0.006937526166439056,0.2673136591911316,18.959136962890625,0.012708268128335476,0.327676385641098,18.3927001953125,0.014478710480034351,0.3762301206588745,24.960262298583984,0.0031913439743220806,0.08014429360628128,29.120912551879883,0.0012243585661053658,24.566823959350586,0.003493957221508026,0.0894666537642479
13063,195,1,1733,-1,1,25.203866958618164,0.1709481030702591,22.327064514160156,0.17432399094104767,25.622089385986328,22.248302459716797,0.21231719851493835,20.618057250976562,23.204936981201172,0.11669792234897614,17.921937942504883,17.807424545288086,21.22858428955078,0.20535635948181152,100.0,0.3310241401195526,0.5266201496124268,1733,1765,0.44700485467910767,0,0,0.003017263486981392,0.0027402560226619244,25.142955780029297,0.0030598801095038652,0.20389696955680847,0.0058518522419035435,0.23055881261825562,21.975526809692383,0.006345230620354414,0.27694007754325867,0.005958952475339174,0.01613638922572136,23.57219886779785,0.0043931929394602776,0.2383958250284195,0.008673503063619137,0.2520483136177063,21.21974754333496,0.007551361806690693,0.2864411175251007,0.004780864808708429,0.016567522659897804,25.276046752929688,0.0029675329569727182,0.12488394230604172,0.007536008954048157,0.0,20.607107162475586,0.008695394732058048,0.24774432182312012,27.40058708190918,0.0018194556469097733,0.13642920553684235,34.85124588012695,0.00032724696211516857,26.884525299072266,0.0020490260794758797,0.1670471578836441,23.355091094970703,0.004618392791599035,0.19223527610301971,22.76139259338379,0.005294938571751118,0.23490053415298462,24.53384780883789,0.003520588157698512,0.15860891342163086,28.17437744140625,0.0015225177630782127,24.17030143737793,0.0038279835134744644,0.18958699703216553,21.996109008789062,0.006315229460597038,0.2103061079978943,21.50742530822754,0.0070673637092113495,0.2536199688911438,26.51156997680664,0.0022327660117298365,0.07269848883152008,28.400081634521484,0.0014454125193879008,26.282127380371094,0.0023538973182439804,0.08524157106876373
13118,195,1,1788,-1,0,25.572513580322266,0.19029811024665833,22.301321029663086,0.15325729548931122,25.16460418701172,22.3769474029541,0.2524655759334564,20.662071228027344,23.17542266845703,0.13762885332107544,17.790321350097656,17.980684280395508,21.324935913085938,0.167690247297287,100.0,0.3105865716934204,0.49344468116760254,1788,1820,0.402391254901886,0,0,0.0027717147022485733,0.0030446667224168777,25.638816833496094,0.002729722298681736,0.2247861921787262,0.005886645056307316,0.1888621747493744,22.032958984375,0.006261871196329594,0.21870583295822144,0.005785026587545872,0.016632897779345512,23.85511589050293,0.004116124007850885,0.2796829044818878,0.008586043491959572,0.21819756925106049,21.26075553894043,0.007480395957827568,0.24112313985824585,0.004813462495803833,0.015919579192996025,25.079622268676758,0.003104829229414463,0.1458863914012909,0.007370662875473499,0.0,20.703453063964844,0.008504611440002918,0.19598250091075897,27.86247444152832,0.0016358846332877874,0.15841330587863922,35.095916748046875,0.0003093203413300216,27.351890563964844,0.001839971635490656,0.19004128873348236,23.344776153564453,0.004629374947398901,0.15624399483203888,22.751232147216797,0.00530733959749341,0.184431254863739,24.726478576660156,0.003367846831679344,0.18622542917728424,28.00582504272461,0.0015827694442123175,24.38603401184082,0.0036424745339900255,0.2178669422864914,21.992223739624023,0.006320883519947529,0.1837475299835205,21.495962142944336,0.007086041383445263,0.21400515735149384,26.24079132080078,0.0023764066863805056,0.08727841079235077,28.649951934814453,0.0013645980507135391,25.96524429321289,0.002532069804146886,0.10190992802381516
13126,195,1,1796,-1,0,25.944011688232422,0.1698288768529892,23.103418350219727,0.17451898753643036,25.976768493652344,22.59406280517578,0.23442548513412476,21.016674041748047,23.07776641845703,0.12951619923114777,17.863784790039062,17.759492874145508,21.70728302001953,0.14936883747577667,100.0,0.2745147943496704,0.6357361674308777,1796,1828,0.39078453183174133,0,0,0.0025444794446229935,0.0025253603234887123,25.938995361328125,0.002547420794144273,0.20063365995883942,0.00489393575116992,0.15803930163383484,22.768688201904297,0.005286051891744137,0.18801991641521454,0.005502928048372269,0.016353905200958252,24.163991928100586,0.003833547467365861,0.2613036334514618,0.007912845350801945,0.1967824250459671,21.868045806884766,0.006504221819341183,0.21822336316108704,0.004922926891595125,0.016751382499933243,25.081951141357422,0.0031031642574816942,0.1387685239315033,0.006749505177140236,0.0,21.085800170898438,0.007787890732288361,0.1764998584985733,28.699968338012695,0.0013489731354638934,0.14130614697933197,36.01283645629883,0.000250447221333161,28.187347412109375,0.0015179772162809968,0.17623110115528107,24.342477798461914,0.003679190296679735,0.12625068426132202,23.748838424682617,0.00421809172257781,0.15399867296218872,25.084135055541992,0.0031016047578305006,0.18077611923217773,28.37822723388672,0.0014527048915624619,24.74271011352539,0.0033552818931639194,0.21654796600341797,22.65566062927246,0.005425428040325642,0.15709197521209717,22.185684204101562,0.006045491900295019,0.18725699186325073,26.29758644104004,0.0023455333430320024,0.08419949561357498,28.572175979614258,0.0013892566785216331,26.033382415771484,0.0024926529731601477,0.1009332686662674
13332,195,1,2034,-1,2,25.720918655395508,0.19159512221813202,23.596576690673828,0.16827671229839325,26.211528778076172,22.42028045654297,0.26065412163734436,21.246137619018555,23.188194274902344,0.12295004725456238,18.011384963989258,18.147493362426758,21.822816848754883,0.14265547692775726,100.0,0.2828633487224579,0.5949046015739441,2034,2066,0.39432746171951294,0,0,0.0026786027010530233,0.002392473630607128,25.650127410888672,0.0027226225938647985,0.22835402190685272,0.004368601832538843,0.15581205487251282,23.242273330688477,0.004739939235150814,0.18308374285697937,0.005727590527385473,0.015807440504431725,23.791515350341797,0.004176844842731953,0.29308074712753296,0.007505615241825581,0.18955503404140472,22.00970458984375,0.006295490078628063,0.21063931286334991,0.00479933014139533,0.015319716185331345,24.97462272644043,0.0031808100175112486,0.13323187828063965,0.006572312209755182,0.0,21.201339721679688,0.007583437487483025,0.1704728901386261,28.21884536743164,0.0015070076333358884,0.1693934053182602,35.17951965332031,0.0003034226829186082,27.71554946899414,0.001692174351774156,0.20752084255218506,25.0235595703125,0.00314516993239522,0.11688242852687836,24.433582305908203,0.0036028150934726,0.14320065081119537,24.70369529724121,0.0033855587244033813,0.20290088653564453,28.436182022094727,0.0014334480511024594,24.334585189819336,0.003685883479192853,0.24094274640083313,22.86779022216797,0.0051667941734194756,0.14508475363254547,22.39794158935547,0.005757128354161978,0.1728438287973404,26.053035736083984,0.0024813986383378506,0.08759292215108871,28.991832733154297,0.0012612956343218684,25.73634147644043,0.0026691067032516003,0.10449513792991638
13359,195,1,2093,-1,0,25.017459869384766,0.17278166115283966,22.242347717285156,0.16717040538787842,24.510278701782227,22.297935485839844,0.22542943060398102,20.543729782104492,23.385812759399414,0.12247457355260849,18.015579223632812,18.150550842285156,21.209854125976562,0.2289423942565918,100.0,0.3349093794822693,0.49915117025375366,2093,2125,0.4554177522659302,0,0,0.003149591153487563,0.003539747092872858,25.101022720336914,0.0030895674135535955,0.20823076367378235,0.005967126227915287,0.24482104182243347,21.91379165649414,0.00643607322126627,0.29305508732795715,0.0058912369422614574,0.015792174264788628,23.59716033935547,0.00436801603063941,0.25567013025283813,0.008823218755424023,0.27040958404541016,21.121034622192383,0.0077249640598893166,0.30879655480384827,0.004585838411003351,0.015308937057852745,25.322246551513672,0.0029361313208937645,0.13089555501937866,0.007568581961095333,0.0,20.588376998901367,0.00873297918587923,0.27721160650253296,27.22734832763672,0.001893499749712646,0.14225870370864868,34.89448928833008,0.0003240044752601534,26.70610237121582,0.002134960610419512,0.17794658243656158,23.287071228027344,0.0046912976540625095,0.2114180028438568,22.692842483520508,0.005379176698625088,0.26000383496284485,24.460758209228516,0.0035803387872874737,0.17773041129112244,28.158649444580078,0.001528040855191648,24.093725204467773,0.0038960769306868315,0.21449075639247894,21.90572738647461,0.006448034197092056,0.2307204157114029,21.412841796875,0.007222968619316816,0.276705801486969,26.373031616210938,0.002305137924849987,0.07583659887313843,28.330442428588867,0.001468776841647923,26.137134552001953,0.0024338087532669306,0.08900994062423706
13486,195,1,2252,-1,3,26.32248878479004,0.24662113189697266,24.363468170166016,0.18852150440216064,24.574182510375977,23.45107650756836,0.2886616885662079,22.120807647705078,24.632125854492188,0.09817661345005035,18.002622604370117,18.008663177490234,23.641639709472656,0.2768639922142029,100.0,0.27682819962501526,0.6810054183006287,2252,2284,0.40279197692871094,0,0,0.0023321211338043213,0.003488043788820505,26.66696548461914,0.002154286950826645,0.2929527163505554,0.0036614518612623215,0.2853579521179199,24.043319702148438,0.003941561095416546,0.33955520391464233,0.0045174420811235905,0.015839364379644394,25.566417694091797,0.002775608329102397,0.3292856514453888,0.006136481184512377,0.3091559410095215,23.290603637695312,0.004687484819442034,0.35434842109680176,0.0034418145660310984,0.015817349776625633,28.13075828552246,0.0015378863317891955,0.09902475774288177,0.004323506727814674,0.0,23.020160675048828,0.004988661501556635,0.33488553762435913,28.091800689697266,0.0015517439460381866,0.23289057612419128,33.533294677734375,0.00044327229261398315,27.63896942138672,0.0017222780734300613,0.28025561571121216,24.98979949951172,0.003169713541865349,0.26809075474739075,24.396671295166016,0.0036335631739348173,0.323661208152771,26.14669418334961,0.0024284592363983393,0.2499925196170807,28.00701141357422,0.0015823369612917304,25.919923782348633,0.0025586318224668503,0.29808345437049866,23.807924270629883,0.00416109524667263,0.27868109941482544,23.380184173583984,0.004591786302626133,0.3336600661277771,29.103778839111328,0.0012291986495256424,0.058747176080942154,28.855255126953125,0.0013015909353271127,29.143306732177734,0.0012180614285171032,0.06835056096315384
13590,195,1,2356,-1,3,24.980533599853516,0.26192352175712585,21.352325439453125,0.22128872573375702,25.19173812866211,22.151029586791992,0.3198811709880829,19.8331241607666,23.197004318237305,0.14962631464004517,18.03188705444336,17.934484481811523,20.234691619873047,0.3112078011035919,100.0,0.34171056747436523,0.6475911140441895,2356,2388,0.383527010679245,0,0,0.0031764842569828033,0.003025703364983201,24.948932647705078,0.0031996809411793947,0.3094601035118103,0.007324324920773506,0.32494229078292847,20.89645767211914,0.008134935982525349,0.38115033507347107,0.006093925330787897,0.015732992440462112,23.362056732177734,0.004610992036759853,0.36584943532943726,0.010391725227236748,0.3557395040988922,20.163402557373047,0.00963074341416359,0.40609610080718994,0.004789602942764759,0.016089830547571182,25.155426025390625,0.0030511068180203438,0.15994930267333984,0.009473945014178753,0.0,19.61321258544922,0.010931474156677723,0.3618644177913666,26.82636070251465,0.002076653065159917,0.25164392590522766,34.33916473388672,0.00036820003879256546,26.30878448486328,0.0023394920863211155,0.3003048300743103,22.021522521972656,0.006278381682932377,0.28939497470855713,21.4161319732666,0.0072175003588199615,0.3429415822029114,24.211685180664062,0.003791679395362735,0.2818976938724518,28.63768768310547,0.0013684571022167802,23.80438804626465,0.004164482932537794,0.3324052393436432,20.894739151000977,0.008138157427310944,0.3154713809490204,20.355539321899414,0.009213956072926521,0.37110620737075806,26.366044998168945,0.0023088487796485424,0.10345682501792908,29.455739974975586,0.0011335115414112806,26.03858184814453,0.0024896699469536543,0.12050513923168182
13654,195,1,2452,-1,2,23.529586791992188,0.45455223321914673,21.61760139465332,0.23512311279773712,22.700592041015625,21.83230209350586,0.4819769263267517,20.30202865600586,25.368610382080078,0.09109105169773102,17.57724952697754,17.873741149902344,21.229860305786133,0.37500622868537903,100.0,0.3341074585914612,0.7037349939346313,2452,2484,0.42029231786727905,0,0,0.004436507821083069,0.005369589198380709,23.672435760498047,0.004292956553399563,0.5354555249214172,0.00689033092930913,0.3713452219963074,21.210498809814453,0.0075674597173929214,0.4384235441684723,0.006557977292686701,0.017469285055994987,23.116413116455078,0.004879313986748457,0.5558227896690369,0.009328189305961132,0.3999439477920532,20.86052131652832,0.00820253323763609,0.4597405195236206,0.002904952270910144,0.01631646417081356,30.748722076416016,0.0008416426717303693,0.09227132797241211,0.00753379613161087,0.0,20.608383178710938,0.008692841976881027,0.449788361787796,24.864194869995117,0.003262727288529277,0.4273737967014313,30.45276641845703,0.0009009971981868148,24.4056396484375,0.003626070450991392,0.5134850144386292,21.579147338867188,0.006951608695089817,0.3624576926231384,20.977062225341797,0.007985344156622887,0.4363331198692322,24.281574249267578,0.0037311501801013947,0.43992313742637634,26.337862014770508,0.002323881257325411,24.036609649658203,0.003947652876377106,0.5224951505661011,21.224849700927734,0.0075424970127642155,0.38032564520835876,20.735952377319336,0.00844121165573597,0.4519387483596802,30.834579467773438,0.0008251674589700997,0.049452051520347595,27.88129997253418,0.0016288087936118245,31.53953742980957,0.000701530312653631,0.056866832077503204
13758,195,1,2588,-1,2,24.317808151245117,0.1621633917093277,22.597911834716797,0.17489652335643768,24.684629440307617,21.69114875793457,0.23101842403411865,20.641380310058594,22.796165466308594,0.11858703196048737,17.867259979248047,17.98810577392578,21.23264503479004,0.14021645486354828,100.0,0.31125178933143616,0.5619133114814758,2588,2620,0.469047486782074,0,0,0.003700149478390813,0.0034004549961537123,24.264026641845703,0.0037462564650923014,0.18336203694343567,0.005498051177710295,0.1525735855102539,22.265758514404297,0.005935046821832657,0.1678466498851776,0.006774627137929201,0.016340825706720352,22.75486183166504,0.005302904173731804,0.2515327036380768,0.008627045899629593,0.19791093468666077,21.27045440673828,0.007463705260306597,0.20911434292793274,0.005252709146589041,0.015892401337623596,24.41791534423828,0.0036158335860818624,0.1204061210155487,0.007528968155384064,0.0,20.611167907714844,0.008687270805239677,0.1587303727865219,26.934600830078125,0.002025536959990859,0.14840015769004822,32.76447296142578,0.000529118231497705,26.467082977294922,0.0022557550109922886,0.17168307304382324,24.101228713989258,0.003889352548867464,0.12309711426496506,23.514251708984375,0.004452202469110489,0.13915356993675232,23.813003540039062,0.004156230017542839,0.18804721534252167,28.026378631591797,0.0015752959297969937,23.41674041748047,0.0045532966032624245,0.21356819570064545,22.230484008789062,0.005983447190374136,0.15254315733909607,21.746692657470703,0.00668853335082531,0.1717192828655243,25.747047424316406,0.0026625364553183317,0.07609568536281586,28.439247131347656,0.0014324367512017488,25.448837280273438,0.0028517821338027716,0.08572125434875488
13874,195,1,2736,-1,0,24.406246185302734,0.17672160267829895,21.924219131469727,0.22863511741161346,25.17151641845703,21.795047760009766,0.24016830325126648,20.174110412597656,22.835716247558594,0.12243247777223587,18.075958251953125,18.00660514831543,20.544240951538086,0.1923152506351471,100.0,0.35865116119384766,0.6374860405921936,2736,2768,0.4307979345321655,0,0,0.0036255621816962957,0.0030398245435208082,24.299623489379883,0.003715676022693515,0.20063915848731995,0.006420638412237167,0.19853980839252472,21.54808235168457,0.007001511286944151,0.23059235513210297,0.006614475045353174,0.015574146993458271,22.809947967529297,0.005236064549535513,0.2618464231491089,0.00960703007876873,0.23650380969047546,20.5867977142334,0.00873615127056837,0.2609997093677521,0.005205092020332813,0.015824850648641586,24.471757888793945,0.003571282373741269,0.12471867352724075,0.0088221849873662,0.0,19.922760009765625,0.010179445147514343,0.22746405005455017,26.173439025878906,0.0024135487619787455,0.15037846565246582,33.11168670654297,0.0004884626250714064,25.670764923095703,0.00270971585996449,0.17724333703517914,22.69052505493164,0.00538204750046134,0.17633461952209473,22.09317398071289,0.006175646558403969,0.21116560697555542,23.593473434448242,0.0043717240914702415,0.1986333429813385,27.460277557373047,0.0017946198349818587,23.216455459594727,0.004768201615661383,0.22820675373077393,21.284698486328125,0.007439269218593836,0.20154494047164917,20.784164428710938,0.008348026312887669,0.23555271327495575,25.68047332763672,0.0027036641258746386,0.07788163423538208,28.033248901367188,0.0015728056896477938,25.409631729125977,0.002877642400562763,0.08790477365255356
14095,195,1,2957,-1,1,21.230697631835938,0.24014294147491455,18.918020248413086,0.22789065539836884,23.49704933166504,19.707401275634766,0.2913045883178711,17.894380569458008,22.178842544555664,0.12244035303592682,17.863243103027344,18.131696701049805,17.946372985839844,0.16514724493026733,100.0,0.3254392147064209,0.7002556920051575,2957,2989,0.43044382333755493,0,0,0.007532345596700907,0.004469872452318668,20.967205047607422,0.008003495633602142,0.28114017844200134,0.012829153798520565,0.18144841492176056,18.38777732849121,0.014495139941573143,0.21230003237724304,0.010696947574615479,0.016355954110622406,20.076086044311523,0.009826330468058586,0.33089545369148254,0.016239101067185402,0.21541959047317505,17.86219024658203,0.016359912231564522,0.2402641475200653,0.006055021658539772,0.015375539660453796,23.352550506591797,0.004621096421033144,0.12934979796409607,0.016045859083533287,0.0,17.324892044067383,0.018514452502131462,0.20011484622955322,22.45273208618164,0.00568495225161314,0.21178695559501648,30.24951934814453,0.0009441657457500696,21.928504943847656,0.006414304953068495,0.25279173254966736,19.609678268432617,0.010940377600491047,0.1677999198436737,19.001882553100586,0.012583796866238117,0.20221079885959625,20.72650909423828,0.008459584787487984,0.24298733472824097,26.32469940185547,0.002330935327336192,20.26758575439453,0.00940245483070612,0.28916484117507935,18.64508819580078,0.0136612793430686,0.1855538934469223,18.09122085571289,0.015519504435360432,0.22148461639881134,24.47465705871582,0.0035688988864421844,0.08649522066116333,28.26888656616211,0.0014897431246936321,24.101879119873047,0.0038887690752744675,0.10256381332874298
14120,195,1,3014,-1,0,24.306732177734375,0.178416445851326,22.04568862915039,0.18263784050941467,24.88348960876465,21.7402286529541,0.23743954300880432,20.29679298400879,23.02482795715332,0.1175733283162117,17.867734909057617,18.053497314453125,20.82840347290039,0.17479006946086884,100.0,0.34166163206100464,0.5345576405525208,3014,3046,0.46566447615623474,0,0,0.0037095993757247925,0.003248261520639062,24.224422454833984,0.003780574072152376,0.20763792097568512,0.006243546027690172,0.1927507221698761,21.648263931274414,0.006841851864010096,0.21869277954101562,0.006698493380099535,0.016339046880602837,22.82718276977539,0.0052153319120407104,0.26963919401168823,0.009339436888694763,0.22640518844127655,20.809650421142578,0.008299177512526512,0.24745814502239227,0.0049833012744784355,0.015654899179935455,24.76056671142578,0.0033415169455111027,0.12436504662036896,0.008263416588306427,0.0,20.206926345825195,0.009534711018204689,0.20174211263656616,26.352205276489258,0.0023162185680121183,0.14638523757457733,32.981658935546875,0.0005033083725720644,25.85841178894043,0.0025951280258595943,0.17478236556053162,23.093164443969727,0.004905502777546644,0.16756117343902588,22.496566772460938,0.005627862643450499,0.19296467304229736,23.7467098236084,0.004220161586999893,0.1906927227973938,27.268707275390625,0.001875552930869162,23.390520095825195,0.004580870736390352,0.22596599161624908,21.583972930908203,0.006943890359252691,0.19074316322803497,21.094833374023438,0.007771712727844715,0.21982036530971527,25.96347999572754,0.002533098915591836,0.08502241224050522,28.073589324951172,0.0015582639025524259,25.713674545288086,0.002683073515072465,0.09899792820215225
14170,195,1,3064,-1,2,25.81383514404297,0.4260275959968567,24.86820411682129,0.24863092601299286,23.251338958740234,22.680469512939453,0.4940669536590576,22.46282386779785,25.175867080688477,0.1518619954586029,17.404630661010742,17.95122528076172,23.776580810546875,0.2985466420650482,100.0,0.36372992396354675,0.6835591793060303,3064,3096,0.41261518001556396,0,0,0.0026219028513878584,0.00473005510866642,26.387310028076172,0.0022975720930844545,0.5013477802276611,0.0032597144600003958,0.29145348072052,24.73626708984375,0.0033602649345993996,0.34931743144989014,0.005394525360316038,0.018177619203925133,24.64972496032715,0.0034278950188308954,0.5708722472190857,0.00567175867035985,0.34521570801734924,23.93609619140625,0.004040086176246405,0.40116164088249207,0.0030367798171937466,0.016027934849262238,29.83743667602539,0.0010381408501416445,0.15971796214580536,0.004191234242171049,0.0,23.155101776123047,0.004836039151996374,0.3626193106174469,27.56529998779297,0.001751741860061884,0.37471240758895874,29.56592559814453,0.0011051153996959329,27.32541275024414,0.0018512229435145855,0.4517987370491028,25.004440307617188,0.003159046871587634,0.27038460969924927,24.43151092529297,0.0036045329179614782,0.33169442415237427,26.21823501586914,0.0023887818679213524,0.4040672779083252,25.958873748779297,0.0025357857812196016,26.25954818725586,0.00236616563051939,0.4843934178352356,24.149694442749023,0.0038461871445178986,0.2842260003089905,23.790122985839844,0.004178186878561974,0.34400731325149536,30.2164363861084,0.0009513851837255061,0.08038466423749924,27.765052795410156,0.0016729955095797777,30.75530242919922,0.0008403682732023299,0.09553057700395584
14274,195,1,3168,-1,2,24.84862518310547,0.23170709609985352,22.13188934326172,0.19933265447616577,24.27737808227539,22.3544979095459,0.2660645842552185,20.553081512451172,23.792516708374023,0.11678095161914825,17.854063034057617,17.92288589477539,21.265872955322266,0.29326131939888,100.0,0.33153751492500305,0.6012371182441711,3168,3200,0.4097647964954376,0,0,0.003274444490671158,0.003734756261110306,24.943580627441406,0.003203627420589328,0.2713243365287781,0.006120843812823296,0.2988737225532532,21.752422332763672,0.00667971558868885,0.3457193076610565,0.0058150081895291805,0.016390563920140266,23.77993392944336,0.0041879997588694096,0.30015623569488525,0.008804242126643658,0.3174091577529907,21.140789031982422,0.007689907681196928,0.35760924220085144,0.004175884183496237,0.016132861375808716,26.31462287902832,0.002336349105462432,0.12009415030479431,0.007471581920981407,0.0,20.64439582824707,0.008621055632829666,0.3433293402194977,26.614498138427734,0.002180470386520028,0.1949179768562317,32.0586051940918,0.0006225001416169107,26.161563873291016,0.002420158125460148,0.23214179277420044,22.9583740234375,0.005060142837464809,0.2694091498851776,22.36212921142578,0.005804798565804958,0.3196110427379608,24.521257400512695,0.0035308091901242733,0.2151220738887787,27.064620971679688,0.0019657937809824944,24.23476791381836,0.003771580522879958,0.2543722987174988,21.88414764404297,0.0064801499247550964,0.2893507778644562,21.398693084716797,0.007246540859341621,0.3399113416671753,27.41263198852539,0.0018144159112125635,0.07078778743743896,28.238048553466797,0.001500359270721674,27.29849624633789,0.0018627323443070054,0.08131645619869232
14654,195,1,3612,-1,1,26.513978958129883,0.3415336310863495,25.000579833984375,0.23781847953796387,24.140018463134766,22.904247283935547,0.4243799149990082,22.36988067626953,24.711572647094727,0.1904384195804596,17.623104095458984,17.93154525756836,23.42270278930664,0.2618339955806732,100.0,0.3418879210948944,0.695603609085083,3612,3644,0.4010589122772217,0,0,0.0022315271198749542,0.0038547657895833254,27.029407501220703,0.0019817983265966177,0.4077075123786926,0.003161855973303318,0.2767501771450043,24.81377410888672,0.0033008267637342215,0.32636696100234985,0.005123598966747522,0.017285801470279694,24.87784194946289,0.003252490656450391,0.49271708726882935,0.005794447381049395,0.32243290543556213,23.6497802734375,0.004315407481044531,0.3656034767627716,0.00337942480109632,0.016100721433758736,28.470081329345703,0.0014223023317754269,0.20766758918762207,0.004547049757093191,0.0,22.801225662231445,0.005246595945209265,0.3103918135166168,27.871732711791992,0.0016324007883667946,0.3148883283138275,30.307024002075195,0.0009317463263869286,27.594024658203125,0.0017401936929672956,0.3844703137874603,25.009235382080078,0.0031555599998682737,0.24861237406730652,24.42786979675293,0.0036075569223612547,0.299371600151062,26.095672607421875,0.0024571570102125406,0.3495190441608429,26.563100814819336,0.0022064296063035727,26.02802276611328,0.0024957305286079645,0.42044275999069214,23.909767150878906,0.004064652137458324,0.260699987411499,23.50141143798828,0.004465384874492884,0.3076394498348236,29.097057342529297,0.0012311028549447656,0.09223654866218567,28.263145446777344,0.0014917143853381276,29.24085235595703,0.00119100883603096,0.10836910456418991
14673,195,1,3631,-1,0,25.238893508911133,0.2596156895160675,23.842952728271484,0.20878207683563232,24.73086166381836,22.586181640625,0.3050859868526459,21.66024398803711,24.417255401611328,0.10140571743249893,17.777950286865234,18.02199935913086,22.79859161376953,0.2870805263519287,100.0,0.2927952706813812,0.7130650877952576,3631,3663,0.39669907093048096,0,0,0.002993027912452817,0.0033644498325884342,25.322607040405273,0.0029358863830566406,0.3064219653606415,0.004127667285501957,0.2925467789173126,23.450820922851562,0.004517706576734781,0.34757715463638306,0.005512924399226904,0.016680341213941574,24.20804214477539,0.003794859629124403,0.3485054075717926,0.0068230037577450275,0.3133319914340973,22.68537139892578,0.005388439632952213,0.3591707646846771,0.00361638399772346,0.015768859535455704,27.577638626098633,0.0017467725556343794,0.10422606021165848,0.005249778740108013,0.0,22.177112579345703,0.006057437043637037,0.3448777198791504,26.332435607910156,0.0023267867509275675,0.2497108429670334,31.779064178466797,0.0006638862541876733,25.8794002532959,0.0025826175697147846,0.2994563579559326,24.24880027770996,0.003759413957595825,0.28428924083709717,23.653562545776367,0.0043116542510688305,0.34286195039749146,24.790924072265625,0.0033182387705892324,0.26790815591812134,26.88615608215332,0.0020482572726905346,24.542449951171875,0.0035136204678565264,0.31881457567214966,23.17089080810547,0.004818489775061607,0.29105472564697266,22.7237491607666,0.0053410311229527,0.3475973606109619,28.52294158935547,0.0014050957979634404,0.06197844818234444,28.440095901489258,0.0014321564231067896,28.53582763671875,0.0014009326696395874,0.0721966102719307
14722,195,1,3680,-1,1,24.712581634521484,0.19514480233192444,20.81045913696289,0.19598709046840668,24.417869567871094,21.88736343383789,0.24610505998134613,19.329818725585938,23.106164932250977,0.13119694590568542,17.98276710510254,18.06732940673828,19.57645034790039,0.23146307468414307,100.0,0.3631809651851654,0.5396403074264526,3680,3712,0.38998323678970337,0,0,0.003378639928996563,0.0036158727016299963,24.759750366210938,0.0033421425614506006,0.22267228364944458,0.008297629654407501,0.24265116453170776,20.387794494628906,0.009145773015916348,0.27330201864242554,0.006475354544818401,0.015911949798464775,22.98987579345703,0.005023570731282234,0.27052533626556396,0.011668580584228039,0.26342228055000305,19.57415008544922,0.011030243709683418,0.28956377506256104,0.004890842363238335,0.015605123713612556,24.891212463378906,0.003242491278797388,0.13931933045387268,0.011024401523172855,0.0,18.954971313476562,0.012720462866127491,0.25949615240097046,26.25074577331543,0.00237096706405282,0.16329021751880646,31.694622039794922,0.0006769206956960261,25.79781723022461,0.0026315897703170776,0.19154345989227295,21.202852249145508,0.0075807953253388405,0.2140612155199051,20.604312896728516,0.008700994774699211,0.24315409362316132,23.731586456298828,0.004234882537275553,0.19197401404380798,26.875587463378906,0.0020532484631985426,23.400346755981445,0.004570518620312214,0.2178816944360733,20.19857406616211,0.009553062729537487,0.23186656832695007,19.673965454101562,0.01077961828559637,0.2623063623905182,25.88365364074707,0.0025800885632634163,0.08614727109670639,28.174808502197266,0.0015223665395751595,25.6180362701416,0.002742815064266324,0.09952498972415924
14920,195,1,3910,-1,2,27.003631591796875,0.2967326045036316,24.91145896911621,0.19119857251644135,23.802230834960938,23.598812103271484,0.3399410843849182,22.49854278564453,25.13564109802246,0.09490834176540375,17.673290252685547,17.999250411987305,24.19924545288086,0.26880842447280884,100.0,0.31804224848747253,0.6011735200881958,3910,3942,0.40172621607780457,0,0,0.001993594691157341,0.004166553728282452,27.80076789855957,0.001659293076954782,0.35101139545440674,0.003227411536499858,0.2768244743347168,24.722002029418945,0.0033713195007294416,0.32808613777160645,0.004366354551166296,0.017087198793888092,26.181089401245117,0.002409301232546568,0.39127522706985474,0.0056252991780638695,0.2941289246082306,23.93262481689453,0.0040433164685964584,0.3327541947364807,0.003065038938075304,0.015851667150855064,29.59450912475586,0.0010978654026985168,0.09532760083675385,0.0038025553803890944,0.0,23.57776641845703,0.004387564025819302,0.32323157787323,28.365306854248047,0.0014570332132279873,0.2784777879714966,32.03248596191406,0.0006262556416913867,28.000133514404297,0.0015848450129851699,0.33759355545043945,25.126516342163086,0.003071485785767436,0.2614250183105469,24.543174743652344,0.003513036062940955,0.3160310685634613,26.68809700012207,0.002143830293789506,0.2912234663963318,27.024442672729492,0.001984064234420657,26.638587951660156,0.0021684097591787577,0.3488425314426422,24.230926513671875,0.0037749188486486673,0.27070969343185425,23.848369598388672,0.004122524056583643,0.3215087056159973,30.141845703125,0.0009678672649897635,0.05351134017109871,28.16317367553711,0.0015264512039721012,30.545652389526367,0.0008819313370622694,0.06248325854539871
14939,195,1,3929,-1,1,25.831623077392578,0.181185781955719,22.19554901123047,0.16166983544826508,25.90367317199707,22.24786949157715,0.25075751543045044,20.286407470703125,22.879016876220703,0.1490703821182251,17.80005645751953,17.9988956451416,20.76215362548828,0.1806633323431015,100.0,0.24946486949920654,0.648066520690918,3929,3961,0.3971185088157654,0,0,0.002611186122521758,0.0025682232808321714,25.82064437866211,0.002617795718833804,0.20265066623687744,0.006031776778399944,0.20031192898750305,21.835506439208984,0.006553139537572861,0.21958120167255402,0.005959543865174055,0.016595659777522087,23.641929626464844,0.004323218017816544,0.27324843406677246,0.00936180166900158,0.2422604262828827,20.811796188354492,0.008295075036585331,0.2646934390068054,0.00515345623716712,0.01585296541452408,24.550172805786133,0.003507378278300166,0.15437635779380798,0.008390440605580807,0.0,20.140674591064453,0.009681276977062225,0.20460842549800873,28.089561462402344,0.0015525446506217122,0.15713900327682495,33.38103103637695,0.0004590889730025083,27.64277458190918,0.0017207687487825751,0.18478934466838837,22.97728729248047,0.005038152448832989,0.16127732396125793,22.386837005615234,0.005771867465227842,0.1859743446111679,24.525671005249023,0.00352722336538136,0.1922493427991867,27.254392623901367,0.001881745527498424,24.224653244018555,0.0037803740706294775,0.21738068759441376,21.475608825683594,0.007119332440197468,0.1951020359992981,20.986827850341797,0.007967409677803516,0.22137369215488434,25.696508407592773,0.002693700371310115,0.09945685416460037,28.022363662719727,0.0015767533332109451,25.427936553955078,0.0028655382338911295,0.1118326187133789
15157,195,1,4179,-1,3,25.447359085083008,0.18717634677886963,23.523263931274414,0.17664895951747894,24.92305564880371,22.361528396606445,0.25469183921813965,21.234622955322266,23.037761688232422,0.13419778645038605,18.04984474182129,17.85342788696289,21.869604110717773,0.15802104771137238,100.0,0.3063979744911194,0.5765343308448792,4179,4211,0.3902910351753235,0,0,0.002852753270417452,0.0032188051845878363,25.533946990966797,0.002796437591314316,0.22292113304138184,0.004442973993718624,0.17529253661632538,23.221437454223633,0.004762733355164528,0.20583263039588928,0.005805598106235266,0.015668071806430817,23.677154541015625,0.004288294352591038,0.28792816400527954,0.007525542750954628,0.2126561850309372,22.035282135009766,0.006258523557335138,0.23766136169433594,0.004968482069671154,0.016392963007092476,24.933773040771484,0.0032108703162521124,0.14386960864067078,0.006501892115920782,0.0,21.248123168945312,0.0075021833181381226,0.18765601515769958,27.613033294677734,0.0017325925873592496,0.16467536985874176,32.288211822509766,0.0005904443678446114,27.193517684936523,0.001908307895064354,0.20034447312355042,24.651775360107422,0.003426277544349432,0.13989436626434326,24.070436477661133,0.003917024936527014,0.1671236753463745,24.510343551635742,0.003539694705978036,0.20300209522247314,27.41518211364746,0.001813350128941238,24.19612693786621,0.0038052864838391542,0.2422410547733307,22.764680862426758,0.005290929228067398,0.1658012717962265,22.306922912597656,0.0058790589682757854,0.1997634470462799,26.0319881439209,0.0024934529792517424,0.08382266759872437,28.348491668701172,0.0014626859920099378,25.76421356201172,0.002652032533660531,0.09811335802078247
15310,195,1,4364,-1,3,24.76038932800293,0.19262099266052246,22.428598403930664,0.16757936775684357,24.666889190673828,21.977853775024414,0.25978150963783264,20.5311279296875,22.82335662841797,0.13224193453788757,18.11640167236328,18.139596939086914,20.978490829467773,0.17074427008628845,100.0,0.28386908769607544,0.5903403162956238,4364,4396,0.42468762397766113,0,0,0.00334165059030056,0.003414375241845846,24.77495574951172,0.003330462146550417,0.21910279989242554,0.005716631654649973,0.1980714350938797,22.121553421020508,0.0061354259960353374,0.23103582859039307,0.006341828964650631,0.015429784543812275,23.059494018554688,0.004943682346493006,0.2872193455696106,0.00884886085987091,0.22621574997901917,21.071348190307617,0.007813852280378342,0.251916766166687,0.005219926591962576,0.01534759160131216,24.36302375793457,0.0036618246231228113,0.13971634209156036,0.007982720620930195,0.0,20.357013702392578,0.009210832417011261,0.20138925313949585,27.180538177490234,0.0019140188815072179,0.16413280367851257,32.68680953979492,0.0005386658012866974,26.725160598754883,0.002125611761584878,0.1926352083683014,23.79876136779785,0.00416988180950284,0.16562800109386444,23.218202590942383,0.004766283091157675,0.19531196355819702,23.923114776611328,0.0040521761402487755,0.20638546347618103,27.28268814086914,0.0018695247126743197,23.57736587524414,0.004387968685477972,0.237576425075531,21.95981216430664,0.006368229631334543,0.1854705810546875,21.492168426513672,0.0070922342129051685,0.21639484167099,25.421228408813477,0.00286996946670115,0.08806278556585312,27.68024444580078,0.0017059873789548874,25.15836524963379,0.003049043705686927,0.09993822872638702
15324,195,1,4378,-1,1,17.70136070251465,0.32360953092575073,17.118534088134766,0.31125059723854065,23.418628692626953,16.981332778930664,0.36291608214378357,16.453094482421875,23.518253326416016,0.10737074911594391,17.8752498626709,18.11620330810547,16.65666389465332,0.30224189162254333,36.56401824951172,0.38919001817703247,0.799739420413971,4378,4410,0.4097219407558441,0,0,0.01697711832821369,0.0045513189397752285,17.237960815429688,0.01888877898454666,0.368566632270813,0.01941540651023388,0.32164400815963745,16.616275787353516,0.02179577760398388,0.36582285165786743,0.020038574934005737,0.016310792416334152,16.858781814575195,0.0206120815128088,0.40417444705963135,0.022630318999290466,0.3325492739677429,16.24803924560547,0.023724449798464775,0.3689707815647125,0.004448103252798319,0.015430492348968983,25.59326171875,0.0027585048228502274,0.10581095516681671,0.021594032645225525,0.00022059625189285725,16.04110336303711,0.024882253259420395,0.3470456004142761,17.90930938720703,0.01618337444961071,0.3040241301059723,31.09820556640625,0.0007765680202282965,17.315706253051758,0.018553653731942177,0.35332149267196655,17.32068634033203,0.018532389774918556,0.29557210206985474,16.713909149169922,0.021311257034540176,0.34242820739746094,17.45033836364746,0.017987310886383057,0.3196890354156494,26.887954711914062,0.0020474076736718416,16.89527702331543,0.020439600571990013,0.3687288761138916,16.883296966552734,0.020496061071753502,0.3062719702720642,16.30672836303711,0.023406000807881355,0.35130399465560913,26.6866512298584,0.002144543919712305,0.06693049520254135,27.915950775146484,0.001615864341147244,26.52498435974121,0.0022258793469518423,0.07499190419912338
15560,208,1,218,-1,2,23.47775650024414,0.1621471345424652,22.105098724365234,0.13225185871124268,27.497900009155273,20.96674346923828,0.22730867564678192,20.03805923461914,22.567806243896484,0.12827959656715393,18.074665069580078,18.22722816467285,20.60976791381836,0.09100130200386047,100.0,0.18999357521533966,0.6960859298706055,218,250,0.3689616322517395,0,0,0.004489774815738201,0.0017791399732232094,23.092021942138672,0.004906794987618923,0.19083648920059204,0.006158718839287758,0.1125197559595108,21.552419662475586,0.006994524039328098,0.1332370638847351,0.008004342205822468,0.015578784979879856,21.650047302246094,0.006839042529463768,0.25696566700935364,0.009912751615047455,0.15541373193264008,20.39727210998535,0.009125839918851852,0.17182309925556183,0.005536296870559454,0.015041020698845387,23.899757385253906,0.004074031487107277,0.14065158367156982,0.008690069429576397,0.0,19.988290786743164,0.010027002543210983,0.10786936432123184,25.30379867553711,0.0029486301355063915,0.13211306929588318,36.078182220458984,0.0002467072627041489,24.731040954589844,0.003364310599863529,0.15778161585330963,23.272397994995117,0.004707174375653267,0.08536878228187561,22.660457611083984,0.005419440101832151,0.10235048085451126,22.584861755371094,0.005514598451554775,0.18346178531646729,28.986190795898438,0.0012629341799765825,22.09806251525879,0.006168700754642487,0.21721544861793518,21.265743255615234,0.007471807766705751,0.1164640337228775,20.729883193969727,0.008453015238046646,0.13902917504310608,24.988306045532227,0.003170805051922798,0.08524146676063538,29.667341232299805,0.001079607754945755,24.568603515625,0.0034925276413559914,0.10175478458404541
15680,208,1,370,-1,1,22.766611099243164,0.39164161682128906,21.043413162231445,0.26893535256385803,24.413244247436523,20.82342529296875,0.4500688314437866,19.524648666381836,22.934179306030273,0.1470486968755722,17.984596252441406,18.190275192260742,19.964893341064453,0.2224390208721161,100.0,0.35947513580322266,0.7481334209442139,370,402,0.4456920921802521,0,0,0.005288576241582632,0.0036197241861373186,22.560731887817383,0.00554532278329134,0.4665578603744507,0.007864276878535748,0.2490348219871521,20.518779754638672,0.008874054998159409,0.2941311299800873,0.008272891864180565,0.015905248001217842,21.488224029541016,0.007098682224750519,0.5193988680839539,0.011156681925058365,0.2939460873603821,19.76824188232422,0.010548138059675694,0.33107268810272217,0.005088409874588251,0.015169542282819748,24.51307487487793,0.0035374662838876247,0.160008043050766,0.01008116640150547,0.0,19.343412399291992,0.011632115580141544,0.260464608669281,23.860511779785156,0.004111012909561396,0.34424519538879395,32.92759704589844,0.0005096126697026193,23.31141471862793,0.004665074869990349,0.41456541419029236,21.69696617126465,0.006765554193407297,0.21207989752292633,21.085664749145508,0.007788137532770634,0.25197237730026245,22.159488677978516,0.006082067731767893,0.37738755345344543,28.012819290161133,0.0015802215784788132,21.691123962402344,0.006774659734219313,0.44574683904647827,20.522972106933594,0.008865494281053543,0.24165073037147522,19.983407974243164,0.010038281790912151,0.283010333776474,25.721302032470703,0.0026783645153045654,0.09326979517936707,28.988677978515625,0.00126221205573529,25.381664276123047,0.002896233694627881,0.11078281700611115
15774,208,1,496,-1,2,23.641088485717773,0.25788092613220215,21.866016387939453,0.2509208619594574,24.199321746826172,21.273117065429688,0.33161693811416626,20.04086685180664,23.531217575073242,0.14197757840156555,17.91010284423828,18.023035049438477,20.348939895629883,0.23563286662101746,100.0,0.38658618927001953,0.6490683555603027,496,528,0.41223907470703125,0,0,0.0043240562081336975,0.0038024880923330784,23.56123161315918,0.0044042980298399925,0.2963480055332184,0.006507263518869877,0.2433730661869049,21.481225967407227,0.007110132370144129,0.28036537766456604,0.007459132932126522,0.016180410981178284,22.13433265686035,0.006117398384958506,0.3753122389316559,0.009906341321766376,0.30030950903892517,20.439212799072266,0.009038134478032589,0.33394497632980347,0.004434843547642231,0.01576509326696396,25.699687957763672,0.0026917285285890102,0.14740875363349915,0.009227968752384186,0.0,19.727460861206055,0.01064765639603138,0.27552610635757446,24.222200393676758,0.0037825098261237144,0.22926665842533112,32.85242462158203,0.0005185104091651738,23.680835723876953,0.004284663125872612,0.26974746584892273,21.975452423095703,0.006345340516418219,0.21620260179042816,21.37221336364746,0.007290859706699848,0.2559932768344879,22.692157745361328,0.005380023270845413,0.264051616191864,28.353256225585938,0.0014610813232138753,22.23085594177246,0.005982938222587109,0.30629053711891174,20.92424201965332,0.008083062246441841,0.2418970763683319,20.400985717773438,0.009118039160966873,0.2838365435600281,26.655975341796875,0.002159744966775179,0.08885295689105988,28.88812255859375,0.001291777240112424,26.39543342590332,0.0022932784631848335,0.10293321311473846
15988,208,1,774,-1,1,22.860498428344727,0.39878392219543457,22.074329376220703,0.27865347266197205,24.665008544921875,21.099979400634766,0.4258325695991516,20.630146026611328,25.71346664428711,0.07608778774738312,17.896163940429688,17.996171951293945,21.378515243530273,0.3370610475540161,100.0,0.42310190200805664,0.6585965752601624,774,806,0.43591490387916565,0,0,0.005175475031137466,0.003415854647755623,22.639074325561523,0.005446185823529959,0.4637845456600189,0.006202504970133305,0.3424921929836273,21.692380905151367,0.006772701628506184,0.3975546658039093,0.007762507069855928,0.016232434660196304,21.89805030822754,0.006459441967308521,0.4882809519767761,0.008649391122162342,0.3615497350692749,21.198997497558594,0.0075875259935855865,0.40510237216949463,0.002683202503249049,0.01586291193962097,31.833908081054688,0.0006555551080964506,0.06815288960933685,0.007280285935848951,0.0,20.757036209106445,0.008400330320000648,0.3966585397720337,23.06377410888672,0.004938813857734203,0.3802416920661926,31.793901443481445,0.000661621626932174,22.52056884765625,0.005596843082457781,0.45354321599006653,21.960979461669922,0.006366519723087549,0.32784053683280945,21.372526168823242,0.007290337234735489,0.38609737157821655,22.720958709716797,0.005344463977962732,0.3869980275630951,27.388111114501953,0.0018246894469484687,22.30181884765625,0.005885968450456858,0.4618600904941559,21.710233688354492,0.006744920276105404,0.3343004584312439,21.195865631103516,0.007593004032969475,0.39241379499435425,32.109413146972656,0.0006152602145448327,0.037910621613264084,28.466373443603516,0.0014235173584893346,33.0899543762207,0.0004909129347652197,0.044339731335639954
16180,208,1,998,-1,0,24.966739654541016,0.2867240309715271,23.465171813964844,0.23630808293819427,24.473243713378906,22.69196319580078,0.34135645627975464,21.71428680419922,24.6470947265625,0.10301107168197632,17.974578857421875,18.03959083557129,22.885761260986328,0.29148638248443604,100.0,0.32143959403038025,0.735155463218689,998,1030,0.43751633167266846,0,0,0.003186589339748025,0.0035700625739991665,25.047897338867188,0.0031275933142751455,0.33798813819885254,0.004502804018557072,0.3012312948703766,23.283187866210938,0.004695493262261152,0.35974907875061035,0.005380265414714813,0.01594197377562523,24.25345230102539,0.003755387617275119,0.3891736567020416,0.006738625466823578,0.32336142659187317,22.67632484436035,0.005399674642831087,0.3735584616661072,0.0034299714025110006,0.015705110505223274,28.12059783935547,0.0015414883382618427,0.10224824398756027,0.00514545664191246,0.0,22.2642822265625,0.005937065463513136,0.3540138304233551,25.940170288085938,0.0025467316154390574,0.2654784619808197,32.163360595703125,0.0006076648132875562,25.459102630615234,0.0028450496029108763,0.3189304769039154,23.925071716308594,0.004050352610647678,0.2688414454460144,23.35177230834961,0.004621924366801977,0.3299604058265686,24.627084732055664,0.003445811802521348,0.2879420518875122,25.139816284179688,0.003062094794586301,24.55331039428711,0.0035048455465584993,0.34171125292778015,22.983135223388672,0.005031374283134937,0.2822035551071167,22.690343856811523,0.005382272880524397,0.3438469171524048,28.565406799316406,0.0013914236333221197,0.05786029249429703,25.778505325317383,0.0026433186139911413,29.212444305419922,0.0011988243786618114,0.06767040491104126
16226,208,1,1044,-1,2,26.882631301879883,0.16987290978431702,23.926115036010742,0.15468953549861908,26.793746948242188,23.060028076171875,0.23650966584682465,21.576766967773438,23.835468292236328,0.1362413913011551,18.054920196533203,18.234098434448242,22.395626068115234,0.2323910892009735,100.0,0.31520402431488037,0.49076002836227417,1044,1076,0.4072365462779999,0,0,0.002049919217824936,0.0020923076663166285,26.896472930908203,0.0020433978643268347,0.20152606070041656,0.00404938030987978,0.24213768541812897,23.48596954345703,0.004481289070099592,0.2866499423980713,0.004943074192851782,0.01564977876842022,24.820274353027344,0.0032958886586129665,0.26369184255599976,0.006955419201403856,0.2779460549354553,22.421876907348633,0.005725485272705555,0.3163595497608185,0.004134787246584892,0.015017237514257431,26.089651107788086,0.002460564486682415,0.1486906111240387,0.00576019985601306,0.0,21.774147033691406,0.006646384485065937,0.27931252121925354,29.26865005493164,0.0011834092438220978,0.14842110872268677,34.819427490234375,0.0003296532086096704,28.81155014038086,0.001314756227657199,0.1795048862695694,24.839263916015625,0.003281510667875409,0.20193982124328613,24.243019104003906,0.003764420747756958,0.2431599348783493,25.435096740722656,0.002860818989574909,0.18693920969963074,25.54530906677246,0.0027891339268535376,25.418386459350586,0.002871847478672862,0.22193750739097595,23.006839752197266,0.005003985017538071,0.23437631130218506,22.69538116455078,0.005376031156629324,0.2797551453113556,26.736408233642578,0.0021201143972575665,0.09005489200353622,25.74004364013672,0.002666831249371171,26.912212371826172,0.002036004327237606,0.10685775429010391
16303,208,1,1153,-1,1,25.05502700805664,0.38974639773368835,25.301551818847656,0.25391703844070435,21.71882438659668,22.428762435913086,0.44366347789764404,22.699995040893555,25.220779418945312,0.15709784626960754,17.179983139038086,17.952274322509766,24.24852752685547,0.29050689935684204,100.0,0.34888598322868347,0.7277937531471252,1153,1185,0.414995402097702,0,0,0.003122462658211589,0.006731588393449783,25.905380249023438,0.0025672127958387136,0.45674219727516174,0.0029501563403755426,0.2766690254211426,25.3260498046875,0.002933561336249113,0.33270981907844543,0.0057164141908288,0.019142640754580498,24.376070022583008,0.00365084083750844,0.5133145451545715,0.005370326805859804,0.33531028032302856,24.303380966186523,0.003712461329996586,0.3933942914009094,0.0030055369716137648,0.016024060547351837,29.988344192504883,0.001002687495201826,0.1694592386484146,0.003759648185223341,0.0,23.627050399780273,0.00433805538341403,0.3539755344390869,27.081615447998047,0.0019581157248467207,0.347653865814209,25.462196350097656,0.0028430239763110876,27.394573211669922,0.0018219760386273265,0.42150354385375977,25.483455657958984,0.002829141216352582,0.2704681158065796,24.9097900390625,0.003228651126846671,0.33050233125686646,26.039411544799805,0.002489193808287382,0.3688579499721527,24.02391242980957,0.003959213383495808,26.45308494567871,0.002263037022203207,0.44661375880241394,24.53076171875,0.0035230908542871475,0.2792212665081024,24.184043884277344,0.0038158888928592205,0.34343305230140686,30.436365127563477,0.0009044059552252293,0.08740763366222382,27.872419357299805,0.0016321426955983043,31.01030158996582,0.0007924463716335595,0.10635228455066681
16523,208,1,1405,-1,2,23.688613891601562,0.22228048741817474,20.837787628173828,0.22087784111499786,26.227298736572266,21.309112548828125,0.2927871346473694,19.48036766052246,23.65185546875,0.1284358948469162,18.125194549560547,18.04707145690918,19.78436851501465,0.253376841545105,100.0,0.4120943248271942,0.5359885692596436,1405,1437,0.4758874773979187,0,0,0.004276994150131941,0.0023838032502681017,23.402498245239258,0.004568254109472036,0.2565084993839264,0.008245578035712242,0.2866845726966858,20.408842086791992,0.009101559408009052,0.32231268286705017,0.007397561799734831,0.015398576855659485,22.099515914916992,0.006166636943817139,0.3240053057670593,0.011271021328866482,0.3023189902305603,19.716938018798828,0.010673483833670616,0.33135396242141724,0.004313349258154631,0.015678077936172485,25.909244537353516,0.002564929658547044,0.13325150310993195,0.010509045794606209,0.0,19.162887573242188,0.012125822715461254,0.2889045178890228,24.411602020263672,0.0036210946273058653,0.19460123777389526,34.95296096801758,0.0003196713514626026,23.84154510498047,0.004129006061702967,0.2256488800048828,21.19624137878418,0.007592346053570509,0.25644418597221375,20.600261688232422,0.008709113113582134,0.29214733839035034,22.800933837890625,0.0052469465881586075,0.22625893354415894,28.85443115234375,0.001301838201470673,22.325557708740234,0.005853886250406504,0.26033833622932434,20.347537994384766,0.009230947121977806,0.26095911860466003,19.799776077270508,0.010471828281879425,0.2985646724700928,26.87854766845703,0.0020518493838608265,0.07700464129447937,28.993431091308594,0.0012608312536031008,26.628314971923828,0.0021735448390245438,0.08713621646165848
16688,208,1,1570,-1,3,27.49701690673828,0.19050773978233337,23.848243713378906,0.20228123664855957,24.19738006591797,23.737079620361328,0.28883880376815796,21.73177719116211,24.353145599365234,0.18139676749706268,18.00262451171875,18.020519256591797,22.570466995239258,0.193756103515625,100.0,0.36459067463874817,0.5548173785209656,1570,1602,0.4006418287754059,0,0,0.0017795015592128038,0.003804189385846257,28.332706451416016,0.001468011294491589,0.22555384039878845,0.004122644662857056,0.2198462188243866,23.717870712280273,0.004248279146850109,0.26154497265815735,0.004229530692100525,0.015839360654354095,26.12004852294922,0.0024434032384306192,0.3295285403728485,0.0067115407437086105,0.2855772078037262,22.6937255859375,0.005378081928938627,0.32605984807014465,0.0036701629869639874,0.015774229541420937,27.42801856994629,0.0018079990986734629,0.19270113110542297,0.005532905925065279,0.0,21.94898796081543,0.006384122185409069,0.23726141452789307,29.541187286376953,0.0011114280205219984,0.15502934157848358,33.39348220825195,0.0004577750223688781,29.165010452270508,0.0012119899038225412,0.1847822368144989,24.355224609375,0.0036684058140963316,0.17435821890830994,23.784412384033203,0.0041836826130747795,0.21773487329483032,26.75440788269043,0.0021113448310643435,0.19794368743896484,28.45986557006836,0.0014256517169997096,26.542665481567383,0.002216836204752326,0.2307126224040985,23.206066131591797,0.004779619164764881,0.20698188245296478,22.736452102661133,0.005325432401150465,0.25215113162994385,28.18468475341797,0.001518908073194325,0.08908170461654663,29.09522247314453,0.0012316229986026883,28.060115814208984,0.0015631058486178517,0.10378024727106094
16702,208,1,1584,-1,1,26.34537124633789,0.19182153046131134,24.211862564086914,0.1727680116891861,26.685279846191406,22.97097396850586,0.2482348382472992,21.823083877563477,23.925739288330078,0.12448780238628387,18.217390060424805,18.20864486694336,22.726003646850586,0.20966298878192902,100.0,0.30220940709114075,0.5716831088066101,1584,1616,0.4098079204559326,0,0,0.002319865394383669,0.002145221456885338,26.295364379882812,0.002346733585000038,0.2369052916765213,0.0037915250286459923,0.22787688672542572,23.981067657470703,0.003998463973402977,0.27463164925575256,0.005045481026172638,0.015075132250785828,24.556272506713867,0.0035024581011384726,0.2855660915374756,0.006571909412741661,0.2546105682849884,22.8610782623291,0.005174784921109676,0.2925863564014435,0.0040497309528291225,0.01510552130639553,26.291465759277344,0.0023488400038331747,0.1346103847026825,0.005338259041309357,0.0,22.10452651977539,0.006159530021250248,0.25715571641921997,27.963468551635742,0.00159828073810786,0.16572529077529907,35.94255828857422,0.00025453331181779504,27.435203552246094,0.0018050108337774873,0.2056238204240799,25.13067054748535,0.0030685490928590298,0.19256430864334106,24.548213958740234,0.0035089622251689434,0.23565956950187683,25.317241668701172,0.0029395162127912045,0.18917299807071686,28.897994995117188,0.001288844272494316,24.957378387451172,0.003193465992808342,0.22813867032527924,23.530548095703125,0.0044355266727507114,0.21373936533927917,23.073165893554688,0.004928144160658121,0.2593827247619629,27.294818878173828,0.001864309306256473,0.08183348178863525,29.19508934020996,0.0012036252301186323,27.064268112182617,0.0019659532699733973,0.09846319258213043
16736,208,1,1618,-1,3,26.164396286010742,0.2239036113023758,23.796573638916016,0.19500109553337097,25.349590301513672,22.982206344604492,0.28377631306648254,21.658241271972656,23.912853240966797,0.1384352296590805,17.943870544433594,18.08725929260254,22.548463821411133,0.22173206508159637,100.0,0.30817705392837524,0.6327567100524902,1618,1650,0.4048607349395752,0,0,0.0024185797665268183,0.002917702542617917,26.304519653320312,0.0023417917545884848,0.2714059352874756,0.004171987064182758,0.23863491415977478,23.426055908203125,0.004543540999293327,0.28785067796707153,0.005032448563724756,0.01605510339140892,24.76688575744629,0.003336654743179679,0.33200058341026306,0.0068261511623859406,0.2583695352077484,22.569570541381836,0.0055340491235256195,0.29458117485046387,0.004061764571815729,0.015533671714365482,26.38866424560547,0.0022968559060245752,0.15056034922599792,0.005561010912060738,0.0,21.926984786987305,0.006416550371795893,0.26613491773605347,28.257904052734375,0.0014935150975361466,0.18746830523014069,33.469356536865234,0.00044984676060266793,27.814435958862305,0.0016540795331820846,0.2324296534061432,24.70132827758789,0.0033874057698994875,0.21401570737361908,24.10311508178711,0.0038876619655638933,0.2592998147010803,25.561355590820312,0.0027788449078798294,0.22637434303760529,28.289138793945312,0.0014828122220933437,25.26041030883789,0.002978234551846981,0.2759005129337311,23.25311279296875,0.004728125408291817,0.22596465051174164,22.771678924560547,0.005282411817461252,0.2729036211967468,27.547813415527344,0.0017588096670806408,0.08894050866365433,29.351886749267578,0.0011609441135078669,27.326431274414062,0.0018507890636101365,0.10709286481142044
16813,208,1,1695,-1,0,24.449987411499023,0.17848026752471924,21.964330673217773,0.1883411854505539,25.702865600585938,21.864240646362305,0.2401951253414154,20.309226989746094,23.24028205871582,0.13037091493606567,18.08106803894043,18.123300552368164,20.696117401123047,0.26820969581604004,100.0,0.3518475592136383,0.5352920293807983,1695,1727,0.4122631251811981,0,0,0.0035892308223992586,0.002689761109650135,24.285696029663086,0.003727610455825925,0.20931902527809143,0.006361608859151602,0.2870757281780243,21.554594039916992,0.006991022266447544,0.34076163172721863,0.006509925238788128,0.015555835328996181,22.90878677368164,0.00511824619024992,0.27127569913864136,0.009312737733125687,0.30747324228286743,20.753450393676758,0.008407270535826683,0.35093745589256287,0.004742111545056105,0.015405289828777313,25.0841121673584,0.0031016229186207056,0.13980835676193237,0.008518991991877556,0.0,20.07463836669922,0.009829605929553509,0.322391539812088,26.10361099243164,0.002452668733894825,0.14716872572898865,34.77998352050781,0.00033266074024140835,25.561391830444336,0.0027788232546299696,0.1768326759338379,22.77078628540039,0.0052834986709058285,0.2488088309764862,22.167203903198242,0.006071274168789387,0.3001634478569031,23.781570434570312,0.004186420701444149,0.175471231341362,28.640567779541016,0.0013675494119524956,23.353492736816406,0.004620092920958996,0.20821762084960938,21.475637435913086,0.007119284942746162,0.26633182168006897,20.949878692626953,0.00803548563271761,0.320553183555603,26.33345603942871,0.002326239598914981,0.07873077690601349,29.153759002685547,0.0012151339324191213,26.02550506591797,0.002497179200872779,0.09381459653377533
16834,208,1,1716,-1,1,23.575321197509766,0.30102381110191345,22.03573989868164,0.24561169743537903,22.94100570678711,21.2403507232666,0.3860130310058594,20.162551879882812,22.955303192138672,0.13237611949443817,17.681987762451172,17.99717140197754,20.639095306396484,0.2596931457519531,100.0,0.3548854887485504,0.6920871734619141,1716,1748,0.42558079957962036,0,0,0.0043900348246097565,0.005080420523881912,23.681686401367188,0.004283822141587734,0.3586513102054596,0.0062578641809523106,0.27620911598205566,21.57894515991211,0.006951930001378059,0.3274500072002411,0.007515623699873686,0.01705302484333515,22.183645248413086,0.0060483310371637344,0.44488686323165894,0.00963263027369976,0.31382012367248535,20.602771759033203,0.008704079315066338,0.3560048043727875,0.005063722375780344,0.01585925742983818,24.68154525756836,0.003402871545404196,0.14205899834632874,0.008631587028503418,0.0,20.017616271972656,0.009959523566067219,0.30856671929359436,24.519676208496094,0.003532095579430461,0.27422475814819336,29.570209503173828,0.0011040258686989546,24.083072662353516,0.0039056448731571436,0.3318747282028198,22.720340728759766,0.005345223005861044,0.23991885781288147,22.124755859375,0.006130904424935579,0.2898746132850647,22.423620223999023,0.005723190028220415,0.3128191828727722,24.451122283935547,0.0035882932133972645,22.181272506713867,0.0060516358353197575,0.37366417050361633,21.197641372680664,0.007589899003505707,0.26415112614631653,20.791656494140625,0.008333631791174412,0.31395530700683594,25.414941787719727,0.002874126425012946,0.08414291590452194,25.436538696289062,0.002859868574887514,25.4116268157959,0.0028763199225068092,0.09874526411294937
16882,208,1,1764,-1,1,24.127656936645508,0.22405371069908142,21.329734802246094,0.19809114933013916,24.849552154541016,21.677780151367188,0.2774709165096283,19.82196617126465,22.56918716430664,0.12287935614585876,17.90391731262207,17.934188842773438,20.350008010864258,0.3136185109615326,100.0,0.3099973201751709,0.6390092372894287,1764,1796,0.41696470975875854,0,0,0.003865754697471857,0.0032737446017563343,24.026525497436523,0.003956833388656378,0.25535911321640015,0.007362523581832647,0.3173730671405792,20.861814498901367,0.008200090378522873,0.36286553740501404,0.006795508321374655,0.01620347611606121,22.717981338500977,0.0053481291979551315,0.3023095726966858,0.01041845791041851,0.34977811574935913,20.1878662109375,0.009576646611094475,0.3834037780761719,0.005534537602216005,0.016090933233499527,24.07770347595215,0.00391047727316618,0.12235470116138458,0.009225698187947273,0.0,19.72852897644043,0.010645037516951561,0.3629516065120697,26.814178466796875,0.0020824861712753773,0.21426931023597717,31.75055503845215,0.0006682587554678321,26.38260841369629,0.0023000596556812525,0.25042247772216797,22.72252655029297,0.005342535208910704,0.29045048356056213,22.123046875,0.006133317947387695,0.339633047580719,23.577556610107422,0.004387774970382452,0.2490515112876892,25.529691696166992,0.0027991808019578457,23.342151641845703,0.004632174037396908,0.28387975692749023,21.02872085571289,0.007890922948718071,0.3182494640350342,20.612409591674805,0.008684787899255753,0.3693687915802002,25.106609344482422,0.003085596486926079,0.08638085424900055,25.557785034179688,0.0027811317704617977,25.04117774963379,0.0031324371229857206,0.09710771590471268
16918,208,1,1800,-1,1,22.973167419433594,0.28439342975616455,20.726680755615234,0.23887263238430023,23.961471557617188,20.641565322875977,0.350954532623291,19.07143783569336,21.9089298248291,0.14226938784122467,17.998960494995117,18.069252014160156,19.138227462768555,0.2891310751438141,100.0,0.3434583246707916,0.6954923272132874,1800,1832,0.4064388573169708,0,0,0.005042933393269777,0.004016545135527849,22.83926773071289,0.005200838670134544,0.3248840868473053,0.008459256030619144,0.3231887221336365,20.244998931884766,0.009451488964259624,0.36834320425987244,0.008626677095890045,0.01585272140800953,21.24072265625,0.007514978293329477,0.39126136898994446,0.01238386519253254,0.3411986529827118,19.2717342376709,0.011825693771243095,0.37242385745048523,0.006443281192332506,0.015598214231431484,22.980154037475586,0.005034829955548048,0.14152327179908752,0.01219487190246582,0.0,18.516748428344727,0.014071005396544933,0.33022892475128174,24.644916534423828,0.0034316927194595337,0.25426816940307617,30.741008758544922,0.00084313889965415,24.1680908203125,0.0038299316074699163,0.3024219274520874,21.751081466674805,0.006681772880256176,0.2849653959274292,21.150693893432617,0.007672389503568411,0.3282603323459625,21.89620018005371,0.006462195888161659,0.30725809931755066,25.249401092529297,0.0029857950285077095,21.550867080688477,0.006997026037424803,0.35674363374710083,20.01304817199707,0.009970000013709068,0.306942343711853,19.559791564941406,0.011066767387092113,0.3493611812591553,23.88995933532715,0.0040832338854670525,0.10758852958679199,25.60234260559082,0.0027527431957423687,23.67753028869629,0.004287925083190203,0.12084559351205826
17310,208,1,2320,-1,2,25.09006690979004,0.3481016755104065,23.622276306152344,0.3186325132846832,23.97111701965332,22.379465103149414,0.3987666964530945,21.485557556152344,24.554866790771484,0.11977445334196091,17.84253692626953,18.036964416503906,22.112991333007812,0.25051671266555786,100.0,0.4204352796077728,0.7578634023666382,2320,2352,0.46331703662872314,0,0,0.003097372129559517,0.004007638432085514,25.29100227355957,0.0029573312494903803,0.4080621898174286,0.0043428256176412106,0.276039719581604,23.29659652709961,0.004681018181145191,0.322846919298172,0.005781672894954681,0.016434120014309883,23.827022552490234,0.004142834804952145,0.4551098048686981,0.0071030426770448685,0.2988567352294922,22.338394165039062,0.00583660788834095,0.33620455861091614,0.003503589192405343,0.015714608132839203,27.891544342041016,0.001624970929697156,0.12465119361877441,0.006147532723844051,0.0,21.491512298583984,0.007093307562172413,0.29435601830482483,25.794151306152344,0.0026338135357946157,0.3077297508716583,31.244726181030273,0.0007508052513003349,25.340959548950195,0.0029235072433948517,0.3612806499004364,23.846328735351562,0.0041244602762162685,0.24795420467853546,23.254690170288086,0.004726407118141651,0.2910724878311157,24.304540634155273,0.003711472498252988,0.3240576982498169,27.092632293701172,0.0019531550351530313,23.999006271362305,0.003981982823461294,0.37704792618751526,22.801647186279297,0.0052460841834545135,0.2560291886329651,22.343769073486328,0.005829390604048967,0.29919421672821045,28.390405654907227,0.0014486368745565414,0.06865477561950684,28.418733596801758,0.0014392188750207424,28.386066436767578,0.0014500856632366776,0.0794411301612854
17331,208,1,2341,-1,3,25.042476654052734,0.22051511704921722,22.347702026367188,0.20391392707824707,23.64699363708496,22.36107063293457,0.2922273278236389,20.588781356811523,24.15233612060547,0.1266513168811798,18.021839141845703,17.95885467529297,21.12685203552246,0.2695212960243225,100.0,0.3991487920284271,0.510871946811676,2341,2373,0.45471012592315674,0,0,0.003131501143798232,0.004318180028349161,25.303346633911133,0.0029489353764802217,0.25200265645980835,0.005824112333357334,0.30008289217948914,22.00180435180664,0.006306950934231281,0.34533512592315674,0.005806214641779661,0.015769438818097115,23.69225311279297,0.004273410886526108,0.3267943263053894,0.008732161484658718,0.3128774166107178,21.140705108642578,0.007690058089792728,0.3480059802532196,0.0038438495248556137,0.015999799594283104,27.04718017578125,0.0019737037364393473,0.12850046157836914,0.007714626379311085,0.0,20.50537109375,0.008901492692530155,0.31321969628334045,26.165695190429688,0.002417856827378273,0.19273415207862854,30.77531623840332,0.0008365045650862157,25.74932098388672,0.002661141799762845,0.22282108664512634,22.699201583862305,0.005371307488530874,0.26157867908477783,22.108516693115234,0.00615387037396431,0.3038112223148346,24.22515869140625,0.0037799342535436153,0.2251536250114441,27.457965850830078,0.0017955740913748741,23.887845993041992,0.004085220396518707,0.26049143075942993,21.647289276123047,0.0068433890119194984,0.2734988331794739,21.160585403442383,0.007654935121536255,0.3147805333137512,27.6121826171875,0.0017329329857602715,0.07624787092208862,28.123294830322266,0.0015405310550704598,27.538625717163086,0.0017625332111492753,0.08716902136802673
17372,208,1,2382,-1,0,24.924423217773438,0.25304341316223145,22.000972747802734,0.22101639211177826,24.909317016601562,22.1697998046875,0.317364901304245,20.250577926635742,23.578330993652344,0.12522581219673157,18.001426696777344,18.004716873168945,20.603849411010742,0.2957535982131958,100.0,0.3816746771335602,0.5790700912475586,2382,2414,0.4621789753437042,0,0,0.003217790275812149,0.003229001071304083,24.926753997802734,0.0032160652335733175,0.29462218284606934,0.006308160722255707,0.2859077453613281,21.582813262939453,0.006945743691176176,0.32945716381073,0.006067643873393536,0.015843726694583893,23.40689468383789,0.0045636314898729324,0.3584898114204407,0.009439353831112385,0.3167974352836609,20.74761199951172,0.008418579585850239,0.3556631803512573,0.004386992193758488,0.015831734985113144,25.80661964416504,0.002626262605190277,0.13237358629703522,0.00870191864669323,0.0,19.982372283935547,0.010040674358606339,0.3445548415184021,26.17835807800293,0.002410816727206111,0.21530011296272278,32.39394760131836,0.0005762421060353518,25.697540283203125,0.0026930589228868484,0.2523675858974457,22.554166793823242,0.005553713999688625,0.2579353451728821,21.95438003540039,0.006376201752573252,0.29990366101264954,23.93106460571289,0.004044767469167709,0.24927829205989838,27.505008697509766,0.0017762292409315705,23.571624755859375,0.004393773153424263,0.28872013092041016,21.3625545501709,0.007307092659175396,0.2874022126197815,20.855329513549805,0.008212345652282238,0.33144646883010864,26.68745231628418,0.002144148573279381,0.08758753538131714,28.592851638793945,0.001382658607326448,26.456417083740234,0.0022613010369241238,0.10074646770954132
17621,208,1,2695,-1,0,22.2337703704834,0.31911376118659973,20.18346405029297,0.33331623673439026,23.0750732421875,20.669525146484375,0.37118828296661377,19.104677200317383,24.453298568725586,0.12514281272888184,17.7751407623291,18.170949935913086,19.567604064941406,0.3175979554653168,100.0,0.42589759826660156,0.7826206088066101,2695,2727,0.4617649018764496,0,0,0.005978924687951803,0.004925982095301151,22.1176700592041,0.006140915676951408,0.3610552251338959,0.00958635751157999,0.33885958790779114,19.763351440429688,0.010560025461018085,0.39388561248779297,0.008571314625442028,0.016691137105226517,21.3536376953125,0.007322111167013645,0.41755032539367676,0.012289447709918022,0.35109299421310425,19.295705795288086,0.01176060177385807,0.39649438858032227,0.003586494829505682,0.01523719821125269,27.461585998535156,0.0017940787365660071,0.12799225747585297,0.011046879924833775,0.0,18.946125030517578,0.012746399268507957,0.3678986430168152,22.731447219848633,0.005331574473530054,0.29465964436531067,30.133399963378906,0.0009697502828203142,22.216588973999023,0.006002624984830618,0.3390190601348877,20.476463317871094,0.008960947394371033,0.30985909700393677,19.874378204345703,0.01029348187148571,0.36289191246032715,21.8472957611084,0.006535373628139496,0.3082694113254547,27.182445526123047,0.0019131783628836274,21.398731231689453,0.007246479857712984,0.3548206388950348,19.871776580810547,0.010299649089574814,0.3239164352416992,19.34339141845703,0.01163217518478632,0.37694334983825684,28.065195083618164,0.0015612796414643526,0.08170147985219955,27.7574462890625,0.0016759273130446672,28.11453628540039,0.0015436414396390319,0.09292078018188477
17679,208,1,2753,-1,2,25.378931045532227,0.25809037685394287,24.00925064086914,0.22137217223644257,23.750307083129883,22.744121551513672,0.3087684214115143,21.765384674072266,24.591014862060547,0.10555246472358704,17.770750045776367,17.974685668945312,23.16278839111328,0.3003547191619873,100.0,0.3152620494365692,0.7021846771240234,2753,2785,0.41037240624427795,0,0,0.0028980569913983345,0.004216666333377361,25.694101333618164,0.0026951939798891544,0.29916688799858093,0.00397260207682848,0.3002271056175232,23.643287658691406,0.004321865271776915,0.3520888686180115,0.005316037219017744,0.016708016395568848,24.4813232421875,0.0035634252708405256,0.35315170884132385,0.00665980763733387,0.327320396900177,22.797298431396484,0.005251341033726931,0.37356168031692505,0.0034745503216981888,0.015941577032208443,28.078380584716797,0.001556546427309513,0.1097363606095314,0.004827485885471106,0.0,22.541311264038086,0.0055701760575175285,0.3586050271987915,26.67179298400879,0.0021518925204873085,0.24577775597572327,31.648595809936523,0.0006841328577138484,26.238426208496094,0.0023777016904205084,0.2890748083591461,24.304115295410156,0.0037118326872587204,0.28444841504096985,23.708030700683594,0.0042579141445457935,0.3367064893245697,25.093250274658203,0.003095102496445179,0.263639897108078,27.439102172851562,0.001803389866836369,24.82299041748047,0.0032938276417553425,0.3095393776893616,23.226398468017578,0.004757294896990061,0.3051815629005432,22.795875549316406,0.00525306211784482,0.3610159456729889,28.85334014892578,0.0013021649792790413,0.06713207811117172,28.207550048828125,0.0015109323430806398,28.961803436279297,0.0012700469233095646,0.07712447643280029
17711,208,1,2785,-1,2,27.19690704345703,0.17502960562705994,23.728023529052734,0.19273269176483154,25.380313873291016,23.221343994140625,0.2548307478427887,21.51183319091797,23.906288146972656,0.15286216139793396,18.012893676757812,18.01015281677246,22.154428482055664,0.178950235247612,100.0,0.3531486988067627,0.5457550883293152,2785,2817,0.4058421850204468,0,0,0.0019068175461143255,0.002897134982049465,27.558563232421875,0.0017544610891491175,0.20559531450271606,0.004238358233124018,0.18321020901203156,23.48932647705078,0.0044778259471058846,0.21772438287734985,0.004762834869325161,0.015801943838596344,25.136390686035156,0.003064510878175497,0.2898220717906952,0.0070601943880319595,0.2294209748506546,22.376922607421875,0.005785059649497271,0.2587094306945801,0.004067909438163042,0.015811925753951073,26.456729888916016,0.002261138055473566,0.16650354862213135,0.00608915975317359,0.0,21.532947540283203,0.007025953847914934,0.21369048953056335,28.983604431152344,0.001263687270693481,0.13571465015411377,33.21929168701172,0.00047650866326875985,28.586156845092773,0.0013847916852682829,0.16260001063346863,24.39695167541504,0.003633330576121807,0.15328355133533478,23.822458267211914,0.004147192928940058,0.18379627168178558,25.708444595336914,0.002686308231204748,0.17971724271774292,27.5507755279541,0.0017576098907738924,25.483386993408203,0.002829184988513589,0.21141591668128967,22.964441299438477,0.005053076893091202,0.18493013083934784,22.51226806640625,0.005607549101114273,0.21833157539367676,27.31562042236328,0.001855401205830276,0.0876479372382164,28.03593635559082,0.0015718325739726424,27.214689254760742,0.0018990272656083107,0.10014594346284866
17912,208,1,3018,-1,2,24.535959243774414,0.2606246769428253,21.149581909179688,0.22654786705970764,24.685791015625,21.881406784057617,0.3226203918457031,19.68856430053711,23.536144256591797,0.11746055632829666,17.94766616821289,18.084070205688477,20.244525909423828,0.29997166991233826,100.0,0.39696869254112244,0.5706945657730103,3018,3050,0.45805615186691284,0,0,0.003518876852467656,0.0033995467238128185,24.51335906982422,0.0035372355487197638,0.3030472695827484,0.007674354128539562,0.32139480113983154,20.79148292541504,0.008333966135978699,0.3739248514175415,0.006484245881438255,0.016041075810790062,22.998188018798828,0.0050139641389250755,0.36612170934677124,0.010743449442088604,0.3399086594581604,20.095714569091797,0.009782022796571255,0.3801785111427307,0.004429814871400595,0.015545082278549671,25.654674530029297,0.00271977367810905,0.12058022618293762,0.009452512487769127,0.0,19.623048782348633,0.010906745679676533,0.3502078056335449,26.038606643676758,0.002489655977115035,0.22274693846702576,32.957366943359375,0.0005061316769570112,25.536470413208008,0.0027948138304054737,0.2624680995941162,21.7478084564209,0.00668681226670742,0.28132402896881104,21.149930953979492,0.0076737357303500175,0.3302059471607208,23.767871856689453,0.0041996487416327,0.2607487142086029,27.530235290527344,0.0017659413861110806,23.396976470947266,0.00457406509667635,0.3025052547454834,20.74701690673828,0.008419732563197613,0.3000928461551666,20.235191345214844,0.009472857229411602,0.34871748089790344,26.656017303466797,0.002159724710509181,0.07875221222639084,28.049707412719727,0.0015668572159484029,26.476367950439453,0.00225093518383801,0.08952932059764862
18114,208,1,3220,-1,0,25.788959503173828,0.18012572824954987,23.81565284729004,0.15926788747310638,25.822044372558594,22.56092071533203,0.23450881242752075,21.47892951965332,23.367015838623047,0.12448278069496155,18.075315475463867,18.260683059692383,22.367633819580078,0.14956489205360413,100.0,0.27146968245506287,0.5866875648498535,3220,3252,0.3474399149417877,0,0,0.0026369623374193907,0.0026169519405812025,25.783893585205078,0.002640040824189782,0.21523669362068176,0.004153697285801172,0.15499484539031982,23.43213653564453,0.004537184722721577,0.17861071228981018,0.005545082036405802,0.015576452948153019,23.97745132446289,0.004001794848591089,0.26685425639152527,0.007113888394087553,0.20156744122505188,22.295076370239258,0.005895114969462156,0.21855394542217255,0.004605730064213276,0.014925596304237843,25.20272445678711,0.003018059069290757,0.1318657249212265,0.005797442514449358,0.0,21.746156692504883,0.00668935663998127,0.1731066107749939,28.363801956176758,0.0014575377572327852,0.1514035165309906,33.25328826904297,0.0004727932973764837,27.93433952331543,0.001609036815352738,0.18935927748680115,25.3057861328125,0.0029472806490957737,0.12510627508163452,24.713470458984375,0.0033779474906623363,0.1474548876285553,24.86184310913086,0.003264492377638817,0.18683595955371857,27.512535095214844,0.0017731542466208339,24.56686019897461,0.0034939292818307877,0.22639939188957214,23.200971603393555,0.004785229451954365,0.16493454575538635,22.763368606567383,0.0052925278432667255,0.19123439490795135,26.322147369384766,0.0023323046043515205,0.09095335751771927,28.333398818969727,0.0014677776489406824,26.081287384033203,0.0024653086438775063,0.10577842593193054
18148,208,1,3254,-1,2,25.333892822265625,0.16614048182964325,22.68753433227539,0.1635330617427826,24.474185943603516,22.418655395507812,0.2158602625131607,20.764406204223633,23.26708221435547,0.11765848845243454,18.015602111816406,18.040184020996094,21.330373764038086,0.2332918345928192,100.0,0.3455471694469452,0.47325828671455383,3254,3286,0.41525042057037354,0,0,0.0029282672330737114,0.0035692863166332245,25.482675552368164,0.002829649019986391,0.19163376092910767,0.005385752767324448,0.251926064491272,22.284759521484375,0.005909135099500418,0.2921321988105774,0.005729736294597387,0.01579209603369236,23.786489486694336,0.004181681666523218,0.23927395045757294,0.008386090397834778,0.2727206349372864,21.365638732910156,0.007301908917725086,0.303955614566803,0.0047129369340837,0.01570296287536621,25.196821212768555,0.0030221634078770876,0.1228272020816803,0.007361438125371933,0.0,20.708894729614258,0.008493966422975063,0.2744479477405548,27.21421241760254,0.001899235532619059,0.1467670053243637,26.233566284179688,0.002380364341661334,27.386857986450195,0.0018252156442031264,0.1726939082145691,23.699295043945312,0.004266486968845129,0.22867169976234436,23.111080169677734,0.0048853084444999695,0.2698723077774048,24.384990692138672,0.003643352771177888,0.17146432399749756,24.433395385742188,0.0036029687616974115,24.37759017944336,0.0036495656240731478,0.2000684142112732,22.123321533203125,0.006132925860583782,0.24469923973083496,21.644479751586914,0.00684781651943922,0.28568917512893677,26.29717254638672,0.0023457554634660482,0.07541998475790024,28.156238555908203,0.0015288908034563065,26.07052230834961,0.0024714269675314426,0.08784604072570801
18264,208,1,3402,-1,0,24.65235137939453,0.23852747678756714,20.944499969482422,0.1991126835346222,26.049793243408203,21.81840705871582,0.31029653549194336,19.593454360961914,23.07988929748535,0.12571574747562408,18.087425231933594,17.940950393676758,19.91351890563965,0.23934687674045563,100.0,0.40076762437820435,0.49682825803756714,3402,3434,0.45162642002105713,0,0,0.0034258232917636633,0.00248325290158391,24.47230339050293,0.003570834407582879,0.27481240034103394,0.008045446127653122,0.27250179648399353,20.579753875732422,0.008750335313379765,0.3026158809661865,0.006578992586582899,0.015533076599240303,22.838764190673828,0.005201440770179033,0.3455435335636139,0.010981320403516293,0.2893143892288208,19.908300399780273,0.010213394649326801,0.31329381465911865,0.004920523148030043,0.016065899282693863,24.940567016601562,0.0032058500219136477,0.12908761203289032,0.010201126337051392,0.0,19.29203987121582,0.011770529672503471,0.26815304160118103,26.112060546875,0.0024479010608047247,0.20080825686454773,32.46418380737305,0.0005669978563673794,25.62682342529297,0.002737270900979638,0.23166680335998535,21.636484146118164,0.0068604364059865475,0.23698124289512634,21.047773361206055,0.007856382057070732,0.26688718795776367,23.642578125,0.004322573076933622,0.2383018434047699,27.333751678466797,0.001847672276198864,23.275949478149414,0.00470332708209753,0.27382415533065796,20.599349975585938,0.008710934780538082,0.24851135909557343,20.077598571777344,0.009822909720242023,0.2794867157936096,25.9677734375,0.0025305948220193386,0.07863494008779526,27.69316864013672,0.0017009166767820716,25.75406265258789,0.0026582377031445503,0.08861421048641205
18271,208,1,3409,-1,3,24.16827964782715,0.3272567689418793,22.352630615234375,0.288349449634552,24.108264923095703,21.822715759277344,0.39982491731643677,20.660831451416016,24.917585372924805,0.12690897285938263,17.841737747192383,18.14975357055664,21.226551055908203,0.3139117658138275,100.0,0.4014883041381836,0.7182013392448425,3409,3441,0.42510759830474854,0,0,0.003829763736575842,0.0038830565754324198,24.177587509155273,0.003821565071120858,0.38150885701179504,0.005817506927996874,0.3293103575706482,22.020761489868164,0.0062794811092317104,0.3828255236148834,0.00657246820628643,0.016437141224741936,22.962936401367188,0.005054826382547617,0.4575188159942627,0.008588491007685661,0.34659141302108765,21.271141052246094,0.007462526671588421,0.3906916677951813,0.0032228610944002867,0.015311747789382935,28.654939651489258,0.0013630326138809323,0.13189245760440826,0.007539544254541397,0.0,20.605070114135742,0.008699473924934864,0.36835962533950806,24.694847106933594,0.0033924642484635115,0.30339303612709045,30.53628921508789,0.0008838346693664789,24.226913452148438,0.0037784073501825333,0.3583495020866394,22.41260528564453,0.005737723782658577,0.3086869716644287,21.8240966796875,0.006570375990122557,0.36415955424308777,23.75994873046875,0.004207315389066935,0.3337300419807434,26.66492462158203,0.0021552990656346083,23.445724487304688,0.004523010458797216,0.3908463716506958,21.70818519592285,0.006748097017407417,0.31940194964408875,21.22710418701172,0.0075385794043540955,0.37221232056617737,29.164533615112305,0.0012121227337047458,0.0716657042503357,28.315933227539062,0.0014736925950273871,29.31116485595703,0.0011718813329935074,0.08242839574813843
18604,208,1,3774,-1,3,23.575284957885742,0.30455535650253296,19.253507614135742,0.25182458758354187,24.282129287719727,21.45563507080078,0.34829238057136536,18.22998046875,24.359825134277344,0.10420839488506317,17.77198600769043,18.09243392944336,18.696882247924805,0.31414857506752014,100.0,0.3931923508644104,0.6404615640640259,3774,3806,0.42725273966789246,0,0,0.004390073008835316,0.003730674274265766,23.4760684967041,0.004491519182920456,0.3562140464782715,0.01187543012201786,0.31353145837783813,18.75199317932129,0.013329100795090199,0.3645455837249756,0.007152149453759193,0.01670326478779316,22.454416275024414,0.005682747345417738,0.3969499468803406,0.015031486749649048,0.3468192219734192,18.290658950805664,0.014822933822870255,0.3884306252002716,0.003664522897452116,0.015515181235969067,27.348649978637695,0.0018413446377962828,0.10655196756124496,0.013499317690730095,0.0,18.07540512084961,0.0155761344358325,0.36626550555229187,23.9748477935791,0.004004195332527161,0.2830743193626404,32.17881393432617,0.000605506356805563,23.44182777404785,0.004527070559561253,0.3366777300834656,19.268770217895508,0.01183377020061016,0.2974940538406372,18.659944534301758,0.013614625670015812,0.34649866819381714,22.918807983398438,0.0051064505241811275,0.3016510009765625,26.972457885742188,0.0020079563837498426,22.531213760375977,0.0055831423960626125,0.3583996295928955,18.822917938232422,0.013113187626004219,0.30475667119026184,18.26860237121582,0.014898405410349369,0.3525884449481964,28.221012115478516,0.0015062562888488173,0.06130916625261307,27.98122215270996,0.0015917607815936208,28.25910758972168,0.0014931017067283392,0.06927527487277985
18645,208,1,3815,-1,0,27.00841522216797,0.20695869624614716,24.50737190246582,0.22632446885108948,24.21546173095703,23.497140884399414,0.29825225472450256,21.99378776550293,24.51593589782715,0.17887088656425476,17.972450256347656,18.088184356689453,22.994991302490234,0.24427053332328796,100.0,0.33946073055267334,0.6667176485061646,3815,3847,0.42491650581359863,0,0,0.001991401193663478,0.0037883834447711706,27.65750503540039,0.0017149423947557807,0.2392510175704956,0.003542115679010749,0.2521252930164337,24.217636108398438,0.00378648703917861,0.2980932295322418,0.004469779320061207,0.01594979502260685,25.680538177490234,0.002703623380511999,0.3345184922218323,0.006318606436252594,0.30184340476989746,23.121143341064453,0.004874004051089287,0.3378840684890747,0.0035351377446204424,0.015530368313193321,27.721860885620117,0.0016897174064069986,0.19025254249572754,0.005017656832933426,0.0,22.373512268066406,0.005789604038000107,0.2861928343772888,28.119661331176758,0.0015418209368363023,0.19081541895866394,32.012237548828125,0.0006291824392974377,27.74115562438965,0.0016822267789393663,0.22555962204933167,24.616268157958984,0.003454405115917325,0.21788069605827332,24.02582359313965,0.003957470878958702,0.25883933901786804,25.96350860595703,0.0025330819189548492,0.23031958937644958,26.978967666625977,0.0020049489103257656,25.826393127441406,0.0026143330615013838,0.2677949368953705,23.454315185546875,0.00451407115906477,0.24837906658649445,23.02117347717285,0.0049874987453222275,0.2883894145488739,28.258543014526367,0.0014932957710698247,0.10141641646623611,28.052467346191406,0.001565861515700817,28.2911319732666,0.0014821317745372653,0.11620122194290161
18657,208,1,3827,-1,0,25.421802520751953,0.23238122463226318,22.823583602905273,0.17939816415309906,24.549968719482422,22.480838775634766,0.2881026566028595,20.994653701782227,23.58530044555664,0.13073095679283142,17.778514862060547,18.078338623046875,21.60789680480957,0.2548995912075043,100.0,0.31625089049339294,0.5672653317451477,3827,3859,0.41395893692970276,0,0,0.002869590185582638,0.0035075442865490913,25.572938919067383,0.00277144368737936,0.27197715640068054,0.005219653714448214,0.27088648080825806,22.47634506225586,0.005654128734022379,0.3188818097114563,0.00564828235656023,0.016678178682923317,24.032516479492188,0.003951375838369131,0.32005977630615234,0.007953066378831863,0.2866552770137787,21.67505645751953,0.006799771916121244,0.3198752999305725,0.00437995744869113,0.015565612353384495,25.752676010131836,0.0026590873021632433,0.1385706216096878,0.0069057391956448555,0.0,20.986419677734375,0.007968160323798656,0.3033314347267151,27.190101623535156,0.001909809187054634,0.2029569447040558,31.15494728088379,0.000766487792134285,26.807472229003906,0.0020857048220932484,0.24092353880405426,23.715927124023438,0.004250179976224899,0.23711195588111877,23.120410919189453,0.004874826408922672,0.2853988707065582,24.652141571044922,0.0034259872045367956,0.232895627617836,26.732566833496094,0.0021219905465841293,24.40500259399414,0.0036266022361814976,0.26958903670310974,22.39283561706543,0.005763900000602007,0.2513943910598755,21.92110824584961,0.0064252400770783424,0.2974468767642975,26.924880981445312,0.002030074130743742,0.08059686422348022,28.16921615600586,0.001524327788501978,26.761539459228516,0.0021078812424093485,0.09145504236221313
18722,208,1,3892,-1,1,26.098718643188477,0.17575272917747498,22.786893844604492,0.2195364087820053,22.881183624267578,23.168659210205078,0.2661435604095459,21.06328773498535,24.160825729370117,0.15439748764038086,17.922733306884766,18.010831832885742,21.739261627197266,0.2320381999015808,100.0,0.3960927724838257,0.5542550086975098,3892,3924,0.39588463306427,0,0,0.0024554338306188583,0.005150883458554745,26.9021053314209,0.0020407491829246283,0.20694583654403687,0.005263936705887318,0.2429160177707672,22.51268768310547,0.005607008934020996,0.2839546799659729,0.004820966627448797,0.016133423894643784,25.11366081237793,0.0030805894639343023,0.30642634630203247,0.007828369736671448,0.2915152907371521,21.729928970336914,0.0067143975757062435,0.32551226019859314,0.0038363428320735693,0.015809452161192894,27.002038955688477,0.0019943262450397015,0.16609768569469452,0.006699986755847931,0.0,21.117782592773438,0.007730753626674414,0.27099838852882385,27.622207641601562,0.0017289371462538838,0.15005676448345184,28.364643096923828,0.0014572557993233204,27.518465042114258,0.0017707342049106956,0.17990578711032867,23.219467163085938,0.004764895886182785,0.21155311167240143,22.62936782836914,0.005458372179418802,0.25154992938041687,25.549251556396484,0.002786600962281227,0.1851489394903183,26.229236602783203,0.002382739447057247,25.453481674194336,0.0028487336821854115,0.21885600686073303,22.288284301757812,0.005904343910515308,0.237276092171669,21.81313705444336,0.0065869796089828014,0.27872270345687866,27.815139770507812,0.0016538120107725263,0.08229155838489532,28.036691665649414,0.0015715594636276364,27.78203582763672,0.0016664661234244704,0.09749752283096313
18723,208,1,3893,-1,2,26.78066635131836,0.2227550595998764,24.216768264770508,0.23275558650493622,23.820335388183594,23.485000610351562,0.3051697909832001,21.919010162353516,24.32326316833496,0.1848929226398468,18.050518035888672,17.965600967407227,22.866897583007812,0.22218570113182068,100.0,0.3873971998691559,0.6008189916610718,3893,3925,0.3969091475009918,0,0,0.0020986178424209356,0.004149221815168858,27.48814582824707,0.001783140585757792,0.27109360694885254,0.003787243040278554,0.23501451313495636,23.997934341430664,0.003982967231422663,0.2759209871292114,0.004482290707528591,0.01566564291715622,25.588115692138672,0.0027617751620709896,0.365333616733551,0.0064283437095582485,0.2797071933746338,23.023263931274414,0.004985096864402294,0.3177785575389862,0.0036955033428967,0.015974966809153557,27.43196678161621,0.0018063551979139447,0.20153625309467316,0.005167854018509388,0.0,22.245418548583984,0.005962908733636141,0.2649645209312439,28.358898162841797,0.001459184568375349,0.17492634057998657,31.146446228027344,0.000767989840824157,28.053409576416016,0.0015655221650376916,0.21273136138916016,24.636592864990234,0.0034382774028927088,0.20098978281021118,24.0430908203125,0.003941766452044249,0.23942865431308746,26.135051727294922,0.0024349766317754984,0.21403047442436218,26.908361434936523,0.0020378108602017164,26.027416229248047,0.002496079308912158,0.2605159878730774,23.472700119018555,0.004495002329349518,0.2149491012096405,23.05854606628418,0.004944763146340847,0.2574090361595154,28.129974365234375,0.0015381643315777183,0.09758009761571884,27.980031967163086,0.0015921969898045063,28.153507232666016,0.001529851695522666,0.1160605400800705
19132,208,1,4366,-1,0,23.151451110839844,0.36977407336235046,21.631343841552734,0.28547191619873047,23.064041137695312,21.43548011779785,0.42378079891204834,20.298784255981445,25.232341766357422,0.10442579537630081,17.65693473815918,17.97502899169922,21.09573745727539,0.27754637598991394,100.0,0.4146469235420227,0.6884698867797852,4366,4398,0.455593466758728,0,0,0.0048401085659861565,0.004938509315252304,23.165054321289062,0.004824970383197069,0.4319472908973694,0.006868562661111355,0.2893815338611603,21.221370697021484,0.007548540830612183,0.33709603548049927,0.007185416761785746,0.017151672393083572,22.47786521911621,0.00565214641392231,0.4892032742500305,0.009335162118077278,0.3100680410861969,20.80706787109375,0.008304111659526825,0.34766510128974915,0.0029975464567542076,0.01594032533466816,29.97251319885254,0.0010063496883958578,0.10409082472324371,0.007770095020532608,0.0,20.474258422851562,0.008965494111180305,0.3279869854450226,23.980449676513672,0.003999032080173492,0.34486085176467896,30.262332916259766,0.0009413844090886414,23.497468948364258,0.004469438921660185,0.408946692943573,21.62400245666504,0.006880179513245821,0.27021193504333496,21.02499771118164,0.007897693663835526,0.3184061646461487,23.3809757232666,0.004590949043631554,0.36326009035110474,26.395605087280273,0.002293187892064452,23.058818817138672,0.0049444506876170635,0.4273735284805298,21.215803146362305,0.00755822379142046,0.2772161364555359,20.72277069091797,0.008466874249279499,0.32344213128089905,30.268774032592773,0.0009399887640029192,0.055702656507492065,27.873085021972656,0.0016318932175636292,30.790727615356445,0.000833541969768703,0.06221894547343254
19289,286,1,10,-1,2,24.211652755737305,0.39315029978752136,24.353534698486328,0.2584421634674072,22.007553100585938,22.473012924194336,0.4408208727836609,22.31824493408203,25.576353073120117,0.09940048307180405,17.65656089782715,17.81856918334961,23.826045989990234,0.284839391708374,100.0,0.3311125338077545,0.7805266976356506,10,42,0.39635393023490906,0,0,0.0037917078007012606,0.006298611871898174,24.67751693725586,0.003406030125916004,0.46447598934173584,0.0036698360927402973,0.3063465654850006,24.234102249145508,0.003772158408537507,0.3661297559738159,0.005658466834574938,0.017153151333332062,24.100444793701172,0.003890053601935506,0.5066232085227966,0.005863751284778118,0.3434833586215973,23.660146713256836,0.00430512148886919,0.39700597524642944,0.0027692655567079782,0.016525065526366234,31.8509464263916,0.0006529886741191149,0.09876895695924759,0.004143767524510622,0.0,23.204566955566406,0.004781270399689674,0.3458068072795868,26.49440574645996,0.002241607755422592,0.35779431462287903,31.192914962768555,0.0007598162046633661,26.07377815246582,0.0024695757310837507,0.42324453592300415,24.52354621887207,0.0035289486404508352,0.2733848989009857,23.94622039794922,0.00403067609295249,0.33579033613204956,25.819990158081055,0.002618189435452223,0.3665301501750946,27.626619338989258,0.0017271817196160555,25.598363876342773,0.002755267545580864,0.431075781583786,24.01932144165039,0.0039634001441299915,0.2841864824295044,23.579120635986328,0.0043861959129571915,0.3462165892124176,32.13897705078125,0.000611086143180728,0.04740779474377632,29.360754013061523,0.0011585765751078725,32.78307342529297,0.0005268569220788777,0.05549010634422302
19295,286,1,16,-1,0,24.971139907836914,0.2688291072845459,22.0316219329834,0.21065929532051086,24.536802291870117,22.629108428955078,0.30337464809417725,20.580352783203125,24.01658821105957,0.10885238647460938,17.9226016998291,17.981794357299805,21.51597023010254,0.3027050793170929,100.0,0.3162790834903717,0.6660550832748413,16,48,0.39851999282836914,0,0,0.0031833616085350513,0.0035181951243430376,25.0419921875,0.0031318487599492073,0.3260859251022339,0.0062637971714138985,0.2943609356880188,21.638296127319336,0.00685757165774703,0.35004228353500366,0.0054587009362876415,0.01613391935825348,24.18350601196289,0.0038163599092513323,0.3508380949497223,0.008749127388000488,0.32684534788131714,21.16461944580078,0.007647830061614513,0.3746938407421112,0.003965896554291248,0.015915511175990105,26.721315383911133,0.002127494430169463,0.10982942581176758,0.007053474895656109,0.0,20.894489288330078,0.0081386249512434,0.3653501272201538,26.7356014251709,0.0021205078810453415,0.25764572620391846,33.82509994506836,0.00041446718387305737,26.228805541992188,0.002382975770160556,0.31550636887550354,22.86962127685547,0.005164616275578737,0.27663472294807434,22.26404571533203,0.00593738816678524,0.33340176939964294,24.911710739135742,0.0032272241078317165,0.2709886133670807,28.391313552856445,0.001448333845473826,24.558202743530273,0.003500899998471141,0.32738232612609863,21.919578552246094,0.006427498999983072,0.3031062185764313,21.409358978271484,0.007228764705359936,0.36315515637397766,27.952011108398438,0.0016025035874918103,0.07182440161705017,29.27884292602539,0.0011806351831182837,27.779586791992188,0.0016674064099788666,0.08527491241693497
19509,286,1,262,-1,1,26.54547691345215,0.16543513536453247,24.077232360839844,0.19140440225601196,26.360815048217773,23.148094177246094,0.24034446477890015,21.6966552734375,23.929861068725586,0.14143657684326172,18.308841705322266,18.312232971191406,22.45785140991211,0.17479076981544495,100.0,0.30058541893959045,0.636772096157074,262,294,0.35061824321746826,0,0,0.0022154008038342,0.00231163133867085,26.574596405029297,0.002200596034526825,0.2031935751438141,0.003910901490598917,0.2047189474105835,23.68412971496582,0.004281412344425917,0.24511423707008362,0.004843851085752249,0.014761003665626049,24.791059494018555,0.0033181356266140938,0.28056347370147705,0.00676603801548481,0.23647890985012054,22.573049545288086,0.005529618356376886,0.2733471989631653,0.004045890644192696,0.014749479480087757,26.19936180114746,0.0023991847410798073,0.15978409349918365,0.005678252782672644,0.0,21.836374282836914,0.006551830098032951,0.2139461636543274,28.401601791381836,0.0014449075097218156,0.13755378127098083,34.654422760009766,0.0003424189635552466,27.91956329345703,0.0016145211411640048,0.17196497321128845,24.86058235168457,0.003265440696850419,0.16396081447601318,24.263017654418945,0.0037471267860382795,0.2022150158882141,25.54701042175293,0.002788039855659008,0.18411153554916382,29.097915649414062,0.0012308600125834346,25.189006805419922,0.0030276060570031404,0.2265520840883255,23.231115341186523,0.004752132575958967,0.18588967621326447,22.736587524414062,0.0053252666257321835,0.2273872196674347,27.31128692626953,0.0018572538392618299,0.08775337785482407,29.864593505859375,0.001031670137308538,27.02400016784668,0.001984266797080636,0.10706941038370132
19554,286,1,307,-1,2,24.16817855834961,0.28849369287490845,20.572052001953125,0.19074881076812744,25.69687271118164,21.867835998535156,0.32912659645080566,19.376331329345703,23.6397647857666,0.1099274680018425,18.095386505126953,18.02579689025879,19.846939086914062,0.3082808554172516,100.0,0.341482013463974,0.5585910677909851,307,339,0.38996750116348267,0,0,0.0038298529107123613,0.0026934745255857706,23.974323272705078,0.004004680085927248,0.34310317039489746,0.008765867911279202,0.32172301411628723,20.061378479003906,0.009859669022262096,0.3847235143184662,0.006504538934677839,0.015504631213843822,22.907379150390625,0.005119909066706896,0.3804589807987213,0.011544282548129559,0.33983129262924194,19.59226417541504,0.010984335094690323,0.3934246301651001,0.004325374029576778,0.0157550647854805,25.905807495117188,0.0025669606402516365,0.11663049459457397,0.010358717292547226,0.0,19.225461959838867,0.011952366679906845,0.37095165252685547,25.439298629760742,0.0028580534271895885,0.2672690153121948,33.89570617675781,0.0004077835474163294,24.901233673095703,0.00323501811362803,0.3240149915218353,21.042156219482422,0.007866555824875832,0.30463144183158875,20.432247161865234,0.009052639827132225,0.3688822388648987,23.68180274963379,0.004283705726265907,0.28815603256225586,28.65300178527832,0.0013636410003528,23.24868392944336,0.004732946865260601,0.34721750020980835,20.280426025390625,0.009374702349305153,0.3132491409778595,19.722124099731445,0.0106607461348176,0.3774694502353668,27.194202423095703,0.0019080069614574313,0.07365858554840088,29.675512313842773,0.001077578286640346,26.9127254486084,0.0020357652101665735,0.08836926519870758
19607,286,1,392,-1,1,24.743825912475586,0.3724381923675537,25.215648651123047,0.2431139051914215,23.248472213745117,22.512056350708008,0.4121564030647278,22.682510375976562,25.51791763305664,0.0932743176817894,17.7562255859375,18.064382553100586,24.875202178955078,0.23036591708660126,100.0,0.28427940607070923,0.8551934957504272,392,424,0.43899017572402954,0,0,0.003354419954121113,0.004733176901936531,25.02752113342285,0.003142303554341197,0.44391873478889465,0.0030090902000665665,0.23738977313041687,24.968589782714844,0.0031852314714342356,0.28280654549598694,0.00560782290995121,0.016763994470238686,24.09884262084961,0.003891489002853632,0.4791175425052643,0.005391988903284073,0.2639549970626831,24.31621551513672,0.0037015078123658895,0.3020002543926239,0.0028067799285054207,0.01561571005731821,30.777027130126953,0.0008361751097254455,0.0930718407034874,0.0032544664572924376,0.0,24.25372314453125,0.0037551536224782467,0.28094354271888733,26.26343536376953,0.002364050131291151,0.3465961217880249,32.028133392333984,0.0006268832948990166,25.79828453063965,0.002631306415423751,0.41785430908203125,25.35108184814453,0.002916700206696987,0.22969090938568115,24.766252517700195,0.0033371432218700647,0.2796286940574646,25.375503540039062,0.0029003445524722338,0.35893136262893677,27.41248893737793,0.0018144756322726607,25.132293701171875,0.00306740147061646,0.42830580472946167,24.619892120361328,0.0034515238367021084,0.23591084778308868,24.23740577697754,0.003769290167838335,0.2851784825325012,31.070449829101562,0.0007815471035428345,0.050912387669086456,28.818204879760742,0.0013127424754202366,31.550106048583984,0.0006998248281888664,0.057614631950855255
19622,286,1,407,-1,0,23.685483932495117,0.2076348513364792,17.92847442626953,0.2014886885881424,25.683692932128906,21.406352996826172,0.25745251774787903,17.10308837890625,23.586795806884766,0.10879835486412048,17.949220657348633,18.070417404174805,17.356618881225586,0.29276201128959656,100.0,0.3760283589363098,0.5358337759971619,407,439,0.436267226934433,0,0,0.004280077759176493,0.0027016601525247097,23.445819854736328,0.00452291127294302,0.23805692791938782,0.016112113371491432,0.3123754560947418,17.38359832763672,0.01826586201786995,0.36339011788368225,0.007233770564198494,0.016035331413149834,22.306461334228516,0.00587968435138464,0.2871329188346863,0.019484588876366615,0.33131325244903564,16.978103637695312,0.020053476095199585,0.3737272620201111,0.0043784501031041145,0.015594027936458588,25.76266860961914,0.002652976429089904,0.10632875561714172,0.018379688262939453,0.0,16.735139846801758,0.021207332611083984,0.3471011817455292,24.39500617980957,0.0036349594593048096,0.176919087767601,33.84549331665039,0.0004125253763049841,23.839744567871094,0.004130718298256397,0.20890367031097412,17.903278350830078,0.016205862164497375,0.2824733257293701,17.28838348388672,0.018670745193958282,0.33736714720726013,23.05425453186035,0.004949650261551142,0.20473453402519226,28.779518127441406,0.0013244881993159652,22.590560913085938,0.005507367663085461,0.23861679434776306,17.508705139160156,0.01774718053638935,0.2929769456386566,16.924928665161133,0.020300520583987236,0.34672412276268005,27.123958587646484,0.0019391184905543923,0.061719298362731934,29.385290145874023,0.0011520491680130363,26.86089515686035,0.002060206141322851,0.07040172070264816
19677,286,1,462,-1,3,25.53675079345703,0.35561829805374146,23.707626342773438,0.23041503131389618,24.29648208618164,22.913715362548828,0.3822844922542572,21.691478729248047,25.39999771118164,0.08299896121025085,17.814353942871094,17.867149353027344,22.926738739013672,0.21131330728530884,100.0,0.31007319688796997,0.7430988550186157,462,494,0.4223913848400116,0,0,0.0027946336194872856,0.003718363353982568,25.763412475585938,0.002652521012350917,0.42648380994796753,0.004258313216269016,0.2269497811794281,23.254804611206055,0.0047262804582715034,0.27139848470687866,0.0051124440506100655,0.01654110848903656,24.74412727355957,0.0033541882876306772,0.44957107305526733,0.006774107925593853,0.2443086802959442,22.70618438720703,0.005362676922231913,0.27723169326782227,0.0028840331360697746,0.01634123921394348,30.89539337158203,0.0008136934484355152,0.08211648464202881,0.005097134504467249,0.0,22.305259704589844,0.005881308577954769,0.2542048990726471,26.21973419189453,0.0023879576474428177,0.3404236435890198,31.49892807006836,0.0007081205840222538,25.773456573486328,0.002646394306793809,0.4139401912689209,23.59445571899414,0.004370734095573425,0.21127046644687653,22.991703033447266,0.005021458026021719,0.2581903338432312,25.112112045288086,0.003081689588725567,0.34824469685554504,25.037189483642578,0.003135314676910639,25.12375259399414,0.003073439234867692,0.4225355386734009,22.89350128173828,0.005136295221745968,0.22181552648544312,22.578598022460938,0.005522557999938726,0.26557329297065735,30.153940200805664,0.0009651751024648547,0.043898459523916245,25.745361328125,0.0026635692920535803,31.524991989135742,0.0007038838230073452,0.05276183784008026
19854,286,1,671,-1,1,22.209671020507812,0.19671329855918884,21.074390411376953,0.2224331945180893,24.592147827148438,20.304401397705078,0.24943993985652924,19.44379234313965,22.869646072387695,0.127202108502388,18.04181671142578,18.191484451293945,19.562408447265625,0.2097327709197998,100.0,0.3755349814891815,0.5923101902008057,671,703,0.3939712941646576,0,0,0.0060121952556073666,0.003473644843325019,21.93634033203125,0.006402742117643356,0.23335865139961243,0.007808379363268614,0.21874655783176422,20.560396194458008,0.008789421990513802,0.2595939040184021,0.009323090314865112,0.015697065740823746,20.78704833984375,0.008342480286955833,0.28114867210388184,0.011366346850991249,0.2494909167289734,19.6616153717041,0.01081031933426857,0.28378307819366455,0.005164584144949913,0.015165316872298717,24.405710220336914,0.003626010147854686,0.13676689565181732,0.011060104705393314,0.0,18.940929412841797,0.012761658057570457,0.24757878482341766,22.69375228881836,0.005378049332648516,0.17725516855716705,27.976722717285156,0.0015934108523651958,22.247318267822266,0.005960301496088505,0.21352896094322205,21.370161056518555,0.007294309791177511,0.19209212064743042,20.757692337036133,0.008399062789976597,0.2301565408706665,21.241788864135742,0.007513132411986589,0.20578832924365997,26.260662078857422,0.002365558408200741,20.806568145751953,0.00830506719648838,0.24209585785865784,20.25146484375,0.009437426924705505,0.2083112895488739,19.703004837036133,0.010707784444093704,0.24827627837657928,25.6304931640625,0.002734959125518799,0.08190278708934784,29.298892974853516,0.0011751973070204258,25.265243530273438,0.0029749225359410048,0.0968269556760788
19968,286,1,817,-1,2,24.164325714111328,0.18046191334724426,23.176057815551758,0.21698486804962158,25.051658630371094,21.93393325805664,0.22930753231048584,21.211721420288086,22.87737274169922,0.12284301966428757,18.01435089111328,17.885330200195312,22.0778865814209,0.15484225749969482,100.0,0.30064645409584045,0.7217276692390442,817,849,0.428915798664093,0,0,0.0038332531694322824,0.0031248864252120256,24.042577743530273,0.003942232578992844,0.20247283577919006,0.004812760278582573,0.16477803885936737,22.977066040039062,0.00503840995952487,0.1826971024274826,0.006406293250620365,0.01579664833843708,23.04376220703125,0.004961623344570398,0.2516638934612274,0.007565333042293787,0.19982652366161346,22.05664825439453,0.006227805744856596,0.21004220843315125,0.005155405029654503,0.016272980719804764,24.628097534179688,0.003445008536800742,0.12600627541542053,0.006197428796440363,0.0,21.456405639648438,0.0071508800610899925,0.1769491732120514,26.464262008666992,0.002257220447063446,0.15379467606544495,34.45624542236328,0.00035840642522089183,25.935714721679688,0.002549345837906003,0.17682085931301117,25.022415161132812,0.0031459967140108347,0.1271090805530548,24.441965103149414,0.003595866961404681,0.1456199288368225,24.038793563842773,0.003945669624954462,0.18702663481235504,28.87717056274414,0.0012950401287525892,23.611658096313477,0.004353458993136883,0.21440193057060242,23.060565948486328,0.004942463710904121,0.1538364291191101,22.57657241821289,0.0055251345038414,0.17583389580249786,26.017093658447266,0.0025020185858011246,0.08236053586006165,29.615785598754883,0.0010925005190074444,25.65612030029297,0.002718867501243949,0.09331876784563065
19994,286,1,843,-1,0,23.73224449157715,0.30840110778808594,21.878067016601562,0.25241702795028687,24.76557159423828,21.724952697753906,0.3403702974319458,20.396080017089844,24.683286666870117,0.09486674517393112,17.922626495361328,18.100723266601562,21.150846481323242,0.31447702646255493,100.0,0.3453330993652344,0.7309378385543823,843,875,0.4294205605983734,0,0,0.004234241787344217,0.0033376652281731367,23.5930233001709,0.004372177645564079,0.3673587739467621,0.006489231251180172,0.3179399073123932,21.431425094604492,0.007192130666226149,0.3736552894115448,0.006722093094140291,0.016133824363350868,22.77849006652832,0.005274134688079357,0.3938063681125641,0.009128343313932419,0.33907315135002136,20.936321258544922,0.008060610853135586,0.38627102971076965,0.0034015069250017405,0.015485581941902637,28.117979049682617,0.00154241849668324,0.09719586372375488,0.007672118488699198,0.0,20.529367446899414,0.008852444589138031,0.37255924940109253,24.362707138061523,0.003662091912701726,0.2783198356628418,32.41447830200195,0.0005735248560085893,23.832876205444336,0.004137256182730198,0.3367158770561218,22.104873657226562,0.006159035488963127,0.2953944802284241,21.498062133789062,0.007082617841660976,0.3527578115463257,23.37228012084961,0.004600150976330042,0.2985458970069885,28.136180877685547,0.0015359665267169476,22.94858169555664,0.005071563180536032,0.3572814464569092,21.48779296875,0.00709938257932663,0.3157602846622467,20.952722549438477,0.008030225522816181,0.3763720691204071,29.00834846496582,0.0012565075885504484,0.059872809797525406,29.567384719848633,0.001104744034819305,28.928390502929688,0.0012798558454960585,0.07058840245008469
20000,286,1,849,-1,2,26.730194091796875,0.19964617490768433,24.314189910888672,0.16856010258197784,26.52179718017578,23.14826774597168,0.25930193066596985,21.81918716430664,24.027835845947266,0.13979651033878326,18.177892684936523,18.235742568969727,22.591686248779297,0.17623306810855865,100.0,0.3432520031929016,0.4910680949687958,849,881,0.43713057041168213,0,0,0.0021231495775282383,0.002227514050900936,26.76316261291504,0.0021070935763418674,0.2399999499320984,0.0037032344844192266,0.17580395936965942,23.883136749267578,0.004089651629328728,0.2100723832845688,0.0048436569049954414,0.015212864615023136,24.883312225341797,0.0032483942341059446,0.295283704996109,0.006577810738235712,0.21366050839424133,22.774477005004883,0.00527900829911232,0.23988784849643707,0.003955637104809284,0.015011557377874851,26.46906089782715,0.002254726365208626,0.1482761651277542,0.005505937151610851,0.0,21.97020721435547,0.006353004369884729,0.21333341300487518,28.42423439025879,0.0014373967424035072,0.1644560545682907,34.36109161376953,0.00036634551361203194,27.952903747558594,0.0016021737828850746,0.20497652888298035,25.06546974182129,0.0031149655114859343,0.14356957376003265,24.47005844116211,0.0035726805217564106,0.17616315186023712,25.55606460571289,0.002782234689220786,0.2062862515449524,28.64566421508789,0.0013659462565556169,25.228605270385742,0.0030001250561326742,0.2511659264564514,23.426477432250977,0.004543098621070385,0.1754097193479538,22.96004867553711,0.005058192182332277,0.2097155600786209,27.509611129760742,0.0017743486678227782,0.08587491512298584,29.326366424560547,0.0011677861912176013,27.28700828552246,0.001867666025646031,0.10242997854948044
20065,286,1,914,-1,3,23.586923599243164,0.18724331259727478,23.739730834960938,0.19760216772556305,25.054794311523438,21.204614639282227,0.2563990354537964,21.34048843383789,23.166954040527344,0.12997807562351227,17.9870662689209,18.353557586669922,21.87911033630371,0.12025269865989685,100.0,0.3018985986709595,0.6545315980911255,914,946,0.4252088963985443,0,0,0.004378321580588818,0.0031226319260895252,23.3994083404541,0.004571504425257444,0.2137441784143448,0.004226948134601116,0.12703388929367065,23.319852828979492,0.004656018689274788,0.14974278211593628,0.007577723357826471,0.015896201133728027,22.00800132751465,0.0062979585491120815,0.2807198762893677,0.007344311568886042,0.1805303543806076,22.06650161743164,0.006213693413883448,0.19823408126831055,0.004822858609259129,0.014609798789024353,24.792316436767578,0.003317175665870309,0.139990895986557,0.00648767314851284,0.0,21.257631301879883,0.007485777139663696,0.1415596455335617,24.570091247558594,0.003491330426186323,0.17102019488811493,30.63628387451172,0.0008637174032628536,24.094280242919922,0.003895578673109412,0.19930708408355713,24.839677810668945,0.0032811970449984074,0.10639301687479019,24.242156982421875,0.0037651672028005123,0.1252622902393341,22.660978317260742,0.0054187895730137825,0.20022787153720856,27.462791442871094,0.0017935801297426224,22.235523223876953,0.005976514425128698,0.22882460057735443,22.893159866333008,0.005136699415743351,0.13518577814102173,22.395278930664062,0.005760657601058483,0.1591978520154953,26.058822631835938,0.0024780952371656895,0.08118857443332672,29.51064682006836,0.0011192717356607318,25.707090377807617,0.00268714502453804,0.09561771154403687
20083,286,1,932,-1,1,26.67532730102539,0.2557421624660492,24.011877059936523,0.26532647013664246,25.320932388305664,23.069473266601562,0.33243778347969055,21.70632553100586,24.170991897583008,0.16160276532173157,17.954448699951172,18.07903480529785,22.4010009765625,0.2821219861507416,100.0,0.3486681878566742,0.7609712481498718,932,964,0.40189385414123535,0,0,0.0021501430310308933,0.0029370191041380167,26.9269962310791,0.002029085299000144,0.3117351233959198,0.003970200661569834,0.2881680130958557,23.680065155029297,0.004285423085093498,0.3470694422721863,0.004932337906211615,0.01601603627204895,24.91180419921875,0.003227153792977333,0.38854652643203735,0.006750988774001598,0.3252854347229004,22.601110458374023,0.005494001787155867,0.3754732310771942,0.0038273725658655167,0.01556311547756195,26.942461013793945,0.0020218733698129654,0.17338113486766815,0.005753073375672102,0.0,21.779521942138672,0.00663816137239337,0.33355534076690674,27.798917770385742,0.001660001347772777,0.2447196990251541,33.04783248901367,0.0004956976626999676,27.3538875579834,0.0018391249468550086,0.29907527565956116,24.499998092651367,0.003548135282471776,0.25419119000434875,23.90648078918457,0.004067728761583567,0.3032735586166382,25.254047393798828,0.0029826026875525713,0.2624817490577698,25.641393661499023,0.0027281022630631924,25.197406768798828,0.003021756187081337,0.31910228729248047,23.0869083404541,0.0049125757068395615,0.2734518349170685,22.76445770263672,0.0052911993116140366,0.32173606753349304,27.306320190429688,0.0018593796994537115,0.08338384330272675,26.070255279541016,0.0024715792387723923,27.532073974609375,0.0017651952803134918,0.09528928995132446
20252,286,1,1165,-1,3,26.659358978271484,0.22583405673503876,24.240549087524414,0.19816243648529053,25.767934799194336,23.156856536865234,0.29697781801223755,21.864837646484375,23.967449188232422,0.15306183695793152,18.07334327697754,18.09818458557129,22.65601921081543,0.20941585302352905,100.0,0.3414178490638733,0.5804103016853333,1165,1197,0.39714178442955017,0,0,0.0021580629982054234,0.002649760339409113,26.81432342529297,0.0020824172534048557,0.2689369320869446,0.00376656255684793,0.2153152972459793,24.012027740478516,0.00397006468847394,0.25729960203170776,0.004834085237234831,0.015583526343107224,24.975282669067383,0.003180325496941805,0.3398459553718567,0.006509029772132635,0.26023218035697937,22.89606285095215,0.005133267026394606,0.29498887062072754,0.004011021461337805,0.015494649298489094,26.489173889160156,0.002244309289380908,0.16557711362838745,0.005424980539828539,0.0,22.03453826904297,0.0062595936469733715,0.24946825206279755,28.62156867980957,0.0013735456159338355,0.1981712430715561,34.117679595947266,0.0003874647372867912,28.166589736938477,0.0015252503799274564,0.23994103074073792,25.033775329589844,0.0031377810519188643,0.19147802889347076,24.457454681396484,0.0035830645356327295,0.23048366606235504,25.721698760986328,0.002678121440112591,0.22970685362815857,28.443008422851562,0.0014311965787783265,25.421247482299805,0.0028699561953544617,0.27487942576408386,23.473819732666016,0.004493844695389271,0.21101748943328857,23.01300811767578,0.004996883682906628,0.2515527307987213,27.52737808227539,0.0017671047244220972,0.09140646457672119,29.14961051940918,0.0012162950588390231,27.32395362854004,0.001851844834163785,0.10749387741088867
20332,286,1,1245,-1,3,23.247455596923828,0.24345767498016357,18.31050682067871,0.2235862761735916,24.974651336669922,21.212453842163086,0.3068121373653412,17.566957473754883,23.328777313232422,0.1410837322473526,17.875062942504883,18.058740615844727,17.77082061767578,0.2528199851512909,100.0,0.36353135108947754,0.6150398850440979,1245,1277,0.3945296108722687,0,0,0.004734283313155174,0.003180788131430745,23.0335693359375,0.0049732825718820095,0.2894650101661682,0.014755343087017536,0.2646726071834564,17.771286010742188,0.016705956310033798,0.315212219953537,0.0075640552677214146,0.016311494633555412,22.06328582763672,0.00621829554438591,0.35705941915512085,0.017510728910565376,0.3069992661476135,17.466489791870117,0.017920540645718575,0.35294127464294434,0.0046464609913527966,0.015636015683412552,25.293310165405273,0.002955760108307004,0.15556031465530396,0.01670774444937706,0.0,17.149341583251953,0.019278166815638542,0.30266326665878296,24.506832122802734,0.003542558988556266,0.22141778469085693,33.163177490234375,0.0004827055090572685,23.964977264404297,0.004013305529952049,0.2695682942867279,18.75200843811035,0.01332905050367117,0.23951256275177002,18.13814353942871,0.015352731570601463,0.28798580169677734,22.79019546508789,0.0052599371410906315,0.25126296281814575,28.308460235595703,0.0014762296341359615,22.334348678588867,0.005842046346515417,0.3048614263534546,18.204177856445312,0.015121054835617542,0.25621601939201355,17.62786102294922,0.017266882583498955,0.3068700134754181,26.523754119873047,0.0022265096195042133,0.08392846584320068,29.401397705078125,0.0011477844091132283,26.21154022216797,0.0023924673441797495,0.10324433445930481
21043,286,1,2052,-1,3,25.862083435058594,0.2587760388851166,23.420019149780273,0.18445229530334473,23.8889102935791,23.209545135498047,0.30424967408180237,21.48636817932129,24.3995304107666,0.10138192772865295,17.866939544677734,18.018178939819336,22.654563903808594,0.29705774784088135,100.0,0.3056388795375824,0.6034975051879883,2052,2084,0.4078701436519623,0,0,0.002592935459688306,0.004084218759089708,26.264429092407227,0.002363507403060794,0.30212852358818054,0.004549859557300806,0.29832789301872253,23.059289932250977,0.0049439165741205215,0.35193556547164917,0.0047757928259670734,0.016342036426067352,25.234046936035156,0.0029963701963424683,0.3465513586997986,0.007101715542376041,0.32198500633239746,22.355438232421875,0.005813750438392162,0.36802637577056885,0.0036311738658696413,0.015782726928591728,27.540668487548828,0.0017617045668885112,0.10417282581329346,0.005426795221865177,0.0,22.033084869384766,0.0062616863287985325,0.3540116250514984,27.618371963500977,0.0017304650973528624,0.23091807961463928,32.4490966796875,0.0005689713871106505,27.19158363342285,0.0019091564463451505,0.27156561613082886,23.870410919189453,0.004101654049009085,0.27399778366088867,23.271804809570312,0.0047078183852136135,0.329019159078598,25.654998779296875,0.0027195706497877836,0.2526274025440216,25.63631248474121,0.00273129646666348,25.657880783081055,0.00271776644513011,0.29795753955841064,22.74517822265625,0.005314745474606752,0.29801222681999207,22.416343688964844,0.005732784513384104,0.35409921407699585,28.077199935913086,0.0015569694805890322,0.062042199075222015,25.909204483032227,0.002564954338595271,28.53284454345703,0.0014018950751051307,0.07265371084213257
21111,286,1,2152,-1,1,24.068471908569336,0.259228378534317,20.367212295532227,0.22764432430267334,24.3320369720459,21.62405776977539,0.2908504903316498,19.17037582397461,23.547086715698242,0.10452941060066223,18.06830596923828,18.30318832397461,19.461563110351562,0.341270387172699,100.0,0.4161701798439026,0.546998143196106,2152,2184,0.4409560561180115,0,0,0.003918799106031656,0.003688046708703041,24.02930450439453,0.003954299259930849,0.3019389808177948,0.009189222007989883,0.34744784235954285,19.935091018676758,0.01015058346092701,0.4064892530441284,0.0068800924345850945,0.015601614490151405,22.566221237182617,0.005538320168852806,0.32633844017982483,0.012104934081435204,0.3658815026283264,19.323013305664062,0.01168688666075468,0.4151467978954315,0.004418669268488884,0.014780228026211262,25.490455627441406,0.0028245835565030575,0.10253885388374329,0.011319927871227264,0.0,18.840085983276367,0.013061454519629478,0.40644511580467224,25.335979461669922,0.0029268618673086166,0.2221149057149887,32.00119400024414,0.0006307839648798108,24.84112548828125,0.003280104836449027,0.2648763060569763,20.6676025390625,0.00857511442154646,0.32519033551216125,20.069677352905273,0.009840842336416245,0.3873381018638611,23.349275588989258,0.0046245804987847805,0.2415558397769928,28.224239349365234,0.0015051369555294514,22.920473098754883,0.005104494746774435,0.2841351330280304,19.912639617919922,0.010203192941844463,0.3437173664569855,19.35796546936035,0.011593200266361237,0.40792569518089294,26.621253967285156,0.002177082234993577,0.06609699130058289,29.16759490966797,0.0012112690601497889,26.334522247314453,0.0023256689310073853,0.07587932050228119
21348,286,1,2453,-1,3,26.38994598388672,0.1850735992193222,23.29545783996582,0.17546014487743378,26.871994018554688,23.01907730102539,0.2503823935985565,21.33970069885254,24.091060638427734,0.12360106408596039,18.320396423339844,18.444246292114258,21.983806610107422,0.24668949842453003,100.0,0.34631839394569397,0.5066440105438232,2453,2485,0.3991768956184387,0,0,0.0022961776703596115,0.0020549471955746412,26.3203125,0.0023332901764661074,0.2222619354724884,0.004682246129959822,0.24896037578582764,22.99905014038086,0.005012968555092812,0.29866063594818115,0.0049899062141776085,0.014721782878041267,24.56839370727539,0.003492694813758135,0.2831992506980896,0.007345645222812891,0.28353577852249146,22.079336166381836,0.006195355672389269,0.3218819499015808,0.003898468567058444,0.014307886362075806,26.388355255126953,0.0022970198187977076,0.13085292279720306,0.006333142053335905,0.0,21.362327575683594,0.0073074717074632645,0.29655128717422485,27.997299194335938,0.0015858795959502459,0.16483402252197266,34.88092803955078,0.00032501781242899597,27.49614715576172,0.0017798584885895252,0.1996106505393982,24.05096435546875,0.003934626001864672,0.2163294106721878,23.459508895874023,0.004508678335696459,0.26365014910697937,25.2611083984375,0.002977757016196847,0.20509621500968933,28.703453063964844,0.0013478909386321902,24.909984588623047,0.0032285056076943874,0.24525320529937744,22.73271369934082,0.005330018699169159,0.24156993627548218,22.2397403717041,0.005970712285488844,0.28920215368270874,27.33538818359375,0.0018469758797436953,0.07877930998802185,29.12858772277832,0.0012221978977322578,27.11505889892578,0.0019430957036092877,0.09193259477615356
21390,286,1,2495,-1,1,26.42758560180664,0.16137206554412842,24.132667541503906,0.16058877110481262,26.809194564819336,22.929851531982422,0.22872991859912872,21.72823715209961,23.417856216430664,0.14029355347156525,18.088895797729492,18.018230438232422,22.656436920166016,0.1344330906867981,100.0,0.2659115791320801,0.6039179563522339,2495,2527,0.3864545226097107,0,0,0.0022763628512620926,0.0020848787389695644,26.37174415588379,0.002305821981281042,0.19703930616378784,0.0038612980861216784,0.14338849484920502,23.78728485107422,0.004180918913334608,0.17435380816459656,0.005093482788652182,0.015527823008596897,24.573986053466797,0.003488200018182397,0.2601964473724365,0.006717015523463488,0.17737409472465515,22.70407485961914,0.005365282762795687,0.20384755730628967,0.004552128724753857,0.015782540664076805,25.490781784057617,0.002824372611939907,0.15460151433944702,0.0054244608618319035,0.0,22.034954071044922,0.006258993409574032,0.1661950945854187,29.06468391418457,0.0012403144501149654,0.13778232038021088,36.008514404296875,0.0002506968448869884,28.561851501464844,0.0013925633393228054,0.17191126942634583,25.460712432861328,0.002843995112925768,0.10930810868740082,24.867027282714844,0.003260599682107568,0.13819970190525055,25.458776473999023,0.002845263108611107,0.17337320744991302,28.230316162109375,0.001503033097833395,25.154497146606445,0.0030517596751451492,0.20818419754505157,23.501598358154297,0.0044651939533650875,0.13522060215473175,23.063827514648438,0.004938754253089428,0.16689333319664001,26.672645568847656,0.002151471097022295,0.08929808437824249,28.7545108795166,0.0013321373844519258,26.425373077392578,0.0022775225806981325,0.10815256834030151
21401,286,1,2506,-1,0,25.956344604492188,0.17467853426933289,23.624767303466797,0.16763310134410858,25.722248077392578,22.59732437133789,0.2413027137517929,21.245458602905273,23.146455764770508,0.13106916844844818,18.013883590698242,17.989261627197266,21.875953674316406,0.14628325402736664,100.0,0.2767190933227539,0.605787992477417,2506,2538,0.3818550109863281,0,0,0.00253726402297616,0.002677781041711569,25.99350357055664,0.0025156461633741856,0.20599815249443054,0.004340336192399263,0.15676052868366241,23.336715698242188,0.004637976177036762,0.1856199949979782,0.005498796235769987,0.01579834334552288,24.073514938354492,0.003914250060915947,0.27037373185157776,0.007506791036576033,0.1917860060930252,22.042673110961914,0.006247881334275007,0.21626289188861847,0.00484567740932107,0.015888169407844543,25.021265029907227,0.003146832576021552,0.14045941829681396,0.006492389366030693,0.0,21.254474639892578,0.007491218391805887,0.1744384616613388,28.569974899291992,0.0013899605255573988,0.1555585414171219,34.8746452331543,0.0003254883049521595,28.086257934570312,0.001553725334815681,0.18931269645690918,24.78076934814453,0.003326007630676031,0.12503764033317566,24.199256896972656,0.003802545601502061,0.15214189887046814,24.985401153564453,0.0031729256734251976,0.18449504673480988,28.484878540039062,0.0014174645766615868,24.630634307861328,0.0034429964143782854,0.2175365537405014,22.837127685546875,0.005203399807214737,0.14640867710113525,22.359895706176758,0.005807783454656601,0.1779712438583374,26.15736198425293,0.002422499470412731,0.09232936054468155,29.11426544189453,0.001226234482601285,25.83935546875,0.0026065402198582888,0.10927829146385193
21434,286,1,2539,-1,1,25.662033081054688,0.1649228036403656,22.809284210205078,0.1687002032995224,26.553991317749023,22.337413787841797,0.2268957793712616,20.811687469482422,23.305492401123047,0.12108435481786728,18.017545700073242,18.2239990234375,21.298171997070312,0.1514260321855545,35.63117980957031,0.31522849202156067,0.5351679921150208,2539,2571,0.3890432119369507,0,0,0.0027151680551469326,0.002211062703281641,25.539722442626953,0.0027927225455641747,0.19913886487483978,0.00523687107488513,0.15661810338497162,22.41546630859375,0.005733944941312075,0.1924230307340622,0.0058379280380904675,0.015785034745931625,23.657642364501953,0.004307604394853115,0.2616753578186035,0.008295289240777493,0.19882531464099884,21.418376922607422,0.007213773671537638,0.22885027527809143,0.0046714418567717075,0.015052203088998795,25.122392654418945,0.0030744022224098444,0.13317051529884338,0.007416224107146263,0.0002734525769483298,20.698097229003906,0.008515112102031708,0.18414881825447083,27.540695190429688,0.0017616942059248686,0.1413087397813797,34.31093978881836,0.0003706006973516196,27.042770385742188,0.001975708408281207,0.1761423796415329,23.670312881469727,0.004295056220144033,0.13124297559261322,23.075963973999023,0.004924970678985119,0.16369473934173584,24.496191024780273,0.0035512479953467846,0.1702328324317932,28.48297882080078,0.0014180854195728898,24.112323760986328,0.003879426745697856,0.20931226015090942,22.123123168945312,0.00613320991396904,0.16203927993774414,21.62027359008789,0.006886090151965618,0.2002899944782257,26.227806091308594,0.0023835233878344297,0.07905492186546326,28.924880981445312,0.0012808907777071,25.929222106933594,0.0025531589053571224,0.09728419035673141
21492,286,1,2597,-1,3,27.07912826538086,0.2995673716068268,25.112197875976562,0.243727445602417,23.495433807373047,23.440139770507812,0.3909914791584015,22.372482299804688,24.514129638671875,0.17346349358558655,17.86759376525879,18.0272159576416,23.429332733154297,0.2089015394449234,100.0,0.34949401021003723,0.697372317314148,2597,2629,0.4187013506889343,0,0,0.0019592377357184887,0.004471535328775644,28.033458709716797,0.0015727303689345717,0.3610481321811676,0.003081629052758217,0.23105071485042572,25.204891204833984,0.0030165519565343857,0.27410727739334106,0.004528832156211138,0.01633957400918007,25.667430877685547,0.002711795037612319,0.4535408318042755,0.0057909791357815266,0.2854090929031372,23.699993133544922,0.004265801049768925,0.32929062843322754,0.0035366101656109095,0.015749922022223473,27.80510139465332,0.0016576392808929086,0.19103877246379852,0.004540114663541317,0.0,22.80785369873047,0.005238593555986881,0.25380849838256836,28.67452621459961,0.0013568989234045148,0.2723406255245209,31.362268447875977,0.0007307570776902139,28.376659393310547,0.0014532285276800394,0.3289155066013336,25.474143981933594,0.0028352122753858566,0.19559629261493683,24.935224533081055,0.003209797665476799,0.23883485794067383,26.417543411254883,0.0022816320415586233,0.3003970682621002,27.779945373535156,0.0016672678757458925,26.24126434326172,0.0023761496413499117,0.35904160141944885,24.020692825317383,0.003962147980928421,0.21620479226112366,23.583410263061523,0.004381864797323942,0.26170584559440613,28.45995330810547,0.0014256228459998965,0.08371816575527191,28.852218627929688,0.0013025011867284775,28.402629852294922,0.001444564783014357,0.09885040670633316
21557,286,1,2662,-1,0,25.01438331604004,0.40820661187171936,24.416446685791016,0.24373626708984375,22.751754760742188,22.25576400756836,0.45963433384895325,22.006999969482422,25.364925384521484,0.1085488498210907,17.271202087402344,17.91350746154785,23.23168182373047,0.2631150186061859,100.0,0.33739256858825684,0.7224115133285522,2662,2694,0.4094350337982178,0,0,0.003151821671053767,0.005306699313223362,25.49704360961914,0.00282030226662755,0.4735894799232483,0.0036170571111142635,0.26111695170402527,24.153060913085938,0.003843209706246853,0.3101438283920288,0.005948722828179598,0.018744761124253273,24.001056671142578,0.003980102017521858,0.5255653858184814,0.0062994142062962055,0.30013078451156616,23.20638656616211,0.004779269453138113,0.34632426500320435,0.0029074186459183693,0.016167741268873215,30.61795997619629,0.0008673694101162255,0.10843632370233536,0.004751512780785561,0.0,22.610204696655273,0.005482514854520559,0.3216860592365265,26.999671936035156,0.0019954144954681396,0.38688021898269653,30.059551239013672,0.0009863816667348146,26.674301147460938,0.0021506506018340588,0.45433875918388367,24.187965393066406,0.003812444629147649,0.25242871046066284,23.599031448364258,0.0043661342933773994,0.308474063873291,26.048860549926758,0.0024837851524353027,0.39929139614105225,27.037948608398438,0.001977904001250863,25.914867401123047,0.002561613218858838,0.46757060289382935,23.5665225982666,0.004398937802761793,0.26512277126312256,23.112333297729492,0.0048839012160897255,0.3216359615325928,31.45598602294922,0.000715157191734761,0.06085158884525299,29.166812896728516,0.0012114873388782144,31.946361541748047,0.000638798694126308,0.07145316898822784
21751,286,1,2920,-1,1,24.029796600341797,0.23104321956634521,21.94986343383789,0.223902627825737,24.7243595123291,21.65880584716797,0.28177061676979065,20.30238151550293,22.827739715576172,0.12607122957706451,17.92301368713379,17.889741897583008,20.804119110107422,0.2902223467826843,100.0,0.38979050517082214,0.5744178891181946,2920,2952,0.45692089200019836,0,0,0.003953853156417608,0.0033694885205477476,23.932151794433594,0.004043756052851677,0.2613730728626251,0.0063828337006270885,0.28315654397010803,21.61919593811035,0.006887798197567463,0.31748247146606445,0.006825262680649757,0.01613238826394081,22.681377410888672,0.005393397528678179,0.3132345378398895,0.009327428415417671,0.3078852891921997,20.800912857055664,0.008315890096127987,0.3390890061855316,0.005214659031480551,0.016256460919976234,24.53961181640625,0.0035159196704626083,0.12837830185890198,0.00830975640565157,0.0,20.18263816833496,0.009588181041181087,0.3324698209762573,26.111221313476562,0.002448375802487135,0.20605674386024475,34.225284576416016,0.0003779823600780219,25.58007049560547,0.002766897901892662,0.2381218522787094,23.171249389648438,0.004818093962967396,0.25852659344673157,22.5820369720459,0.005518185440450907,0.29640817642211914,23.55997085571289,0.004405579064041376,0.23636305332183838,28.45037269592285,0.001428771996870637,23.13046646118164,0.004863549489527941,0.26943227648735046,21.62785530090332,0.006874078884720802,0.2860378921031952,21.1209716796875,0.007725077215582132,0.3274477422237396,25.814313888549805,0.0026216134428977966,0.08229497075080872,28.6696720123291,0.0013584163971245289,25.50374984741211,0.002815951593220234,0.09337527304887772
21937,286,1,3106,-1,3,25.634977340698242,0.24551481008529663,24.47027587890625,0.21590638160705566,24.523406982421875,22.750900268554688,0.2844502925872803,22.143705368041992,24.00233268737793,0.1152305006980896,17.875102996826172,17.90835189819336,23.28790855407715,0.16164880990982056,100.0,0.24441710114479065,0.8833521604537964,3106,3138,0.40665188431739807,0,0,0.002732135821133852,0.0035290629602968693,25.834373474121094,0.0026095318607985973,0.2844780385494232,0.003572500078007579,0.18430496752262115,24.348413467407227,0.00367416488006711,0.20992828905582428,0.0053077442571520805,0.016311338171362877,24.419057846069336,0.0036148843355476856,0.32304060459136963,0.0061042108573019505,0.20417669415473938,23.332178115844727,0.004642821848392487,0.22330787777900696,0.003978934604674578,0.016186945140361786,26.77619743347168,0.002100778976455331,0.11815181374549866,0.004690391942858696,0.0,22.666431427001953,0.005411989986896515,0.18868017196655273,27.285911560058594,0.0018681377405300736,0.21266651153564453,32.066131591796875,0.0006214224267750978,26.8614559173584,0.002059940015897155,0.2539677917957306,25.506610870361328,0.0028140959329903126,0.1491464525461197,24.9442195892334,0.0032031568698585033,0.17638495564460754,25.180246353149414,0.003033719025552273,0.23206958174705505,27.726661682128906,0.0016878501046448946,24.893510818481445,0.0032407757826149464,0.27411001920700073,23.992197036743164,0.003988231066614389,0.16666051745414734,23.569364547729492,0.004396058619022369,0.19514617323875427,27.934858322143555,0.0016088448464870453,0.06750966608524323,28.93242835998535,0.0012786659644916654,27.799856185913086,0.00165964150801301,0.0806371197104454
22136,286,1,3337,-1,3,23.038883209228516,0.2568248510360718,20.65738296508789,0.2548496425151825,24.857200622558594,20.922325134277344,0.30641433596611023,19.283550262451172,22.343442916870117,0.12564603984355927,17.934829711914062,18.035409927368164,19.582733154296875,0.31891563534736633,100.0,0.35473600029945374,0.7184205651283264,3337,3369,0.39936164021492004,0,0,0.004967201501131058,0.0032679832074791193,22.81612777709961,0.005228620022535324,0.2919088900089264,0.008595317602157593,0.3256002962589264,20.229665756225586,0.009484918788075447,0.37738221883773804,0.008086631074547768,0.01608855649828911,21.639568328857422,0.006855565123260021,0.34291887283325195,0.01179356686770916,0.34840741753578186,19.519805908203125,0.0111691327765584,0.39202576875686646,0.005829826928675175,0.01572023704648018,23.65701675415039,0.004308225587010384,0.12706753611564636,0.01100846379995346,0.0,18.961254119873047,0.012702073901891708,0.37282198667526245,24.501150131225586,0.0035471953451633453,0.24201767146587372,32.70216369628906,0.0005367643898352981,23.968189239501953,0.004010338801890612,0.2828134000301361,21.66495132446289,0.006815612781792879,0.29516249895095825,21.062898635864258,0.007829069159924984,0.35019248723983765,22.37931251525879,0.005781876854598522,0.26987960934638977,27.945026397705078,0.0016050824197009206,21.921634674072266,0.006424461025744677,0.31047600507736206,20.32625961303711,0.009276283904910088,0.32334598898887634,19.789079666137695,0.010497651994228363,0.3777134418487549,24.859859466552734,0.003265984822064638,0.09402082860469818,28.716400146484375,0.0013438784517347813,24.483434677124023,0.003561693709343672,0.10655423998832703
22208,286,1,3441,-1,0,24.833511352539062,0.18773388862609863,22.38117027282715,0.18274803459644318,26.259475708007812,21.975194931030273,0.24287916719913483,20.59669303894043,23.423709869384766,0.1447523832321167,17.892093658447266,17.97223663330078,21.174955368041992,0.18659915030002594,100.0,0.33223649859428406,0.5500540733337402,3441,3473,0.43355196714401245,0,0,0.0032858585473150015,0.002366206841543317,24.65042495727539,0.0034273432102054358,0.22132985293865204,0.0057794032618403435,0.21352173388004303,21.950584411621094,0.006381778046488762,0.25228351354599,0.006345715839415789,0.01624765247106552,23.16741943359375,0.00482234125956893,0.271621972322464,0.008716270327568054,0.2482585459947586,21.173343658447266,0.0076324790716171265,0.2806011736392975,0.004545996896922588,0.015950579196214676,25.54170799255371,0.002791446167975664,0.15312185883522034,0.007629650644958019,0.0,20.553476333618164,0.008803443051874638,0.22210443019866943,26.409095764160156,0.002286074683070183,0.1454625129699707,35.748600006103516,0.00026615860406309366,25.85556411743164,0.0025968311820179224,0.17877888679504395,23.210582733154297,0.0047746505588293076,0.17044652998447418,22.612598419189453,0.005479488987475634,0.20570825040340424,24.012184143066406,0.003969918936491013,0.18328158557415009,28.500024795532227,0.0014125296147540212,23.601787567138672,0.004363363143056631,0.21828484535217285,21.916982650756836,0.006431343499571085,0.19931083917617798,21.422826766967773,0.007206385023891926,0.2376118302345276,26.62429428100586,0.0021755590569227934,0.08392422646284103,28.59600257873535,0.001381655572913587,26.38707160949707,0.0022976980544626713,0.09540830552577972
22394,286,1,3691,-1,2,23.90406036376953,0.17957930266857147,22.134769439697266,0.2159646600484848,25.6991024017334,21.543270111083984,0.22335824370384216,20.433218002319336,23.219125747680664,0.12593702971935272,18.055465698242188,17.93537712097168,20.93810272216797,0.1538400948047638,100.0,0.35062938928604126,0.6159342527389526,3691,3723,0.4902627170085907,0,0,0.004069995600730181,0.0026920908130705357,23.683551788330078,0.004281981382519007,0.20774634182453156,0.006116783712059259,0.18788498640060425,21.769800186157227,0.006653040647506714,0.2180667668581009,0.00700927572324872,0.015647808089852333,22.456310272216797,0.005680271424353123,0.24265778064727783,0.00905061885714531,0.20794928073883057,20.951005935668945,0.00803340319544077,0.2255496233701706,0.0047652688808739185,0.016086526215076447,25.194847106933594,0.0030235378071665764,0.1265534609556198,0.008057302795350552,0.0,20.316621780395508,0.00929688848555088,0.17727458477020264,25.334177017211914,0.0029280753806233406,0.15399789810180664,35.36630630493164,0.000290649535600096,24.77056121826172,0.0033338333014398813,0.18204116821289062,23.07488441467285,0.004926195368170738,0.1455068439245224,22.48541831970215,0.00564232561737299,0.1715569645166397,23.254091262817383,0.004727059509605169,0.1844741404056549,28.563434600830078,0.0013920555356889963,22.80657196044922,0.005240137223154306,0.21207588911056519,21.733627319335938,0.006708684843033552,0.1585073322057724,21.22573471069336,0.007540959864854813,0.18378151953220367,26.39044952392578,0.002295911079272628,0.07810628414154053,28.640995025634766,0.0013674154179170728,26.128314971923828,0.0024387564044445753,0.08717256039381027
22410,286,1,3707,-1,2,13.115376472473145,0.6699590682983398,12.439908981323242,0.4187076687812805,22.955581665039062,12.749470710754395,0.6911302208900452,12.132824897766113,22.136310577392578,0.12397682666778564,17.844026565551758,18.173696517944336,12.234052658081055,0.5291892290115356,34.5550537109375,0.48622533679008484,0.8611391186714172,3707,3739,0.45528149604797363,0,0,0.04880477860569954,0.005063395947217941,12.554393768310547,0.05553422123193741,0.771574854850769,0.05701762065291405,0.5644891262054443,11.852922439575195,0.06526913493871689,0.64271080493927,0.05309492349624634,0.016428476199507713,12.310962677001953,0.058735914528369904,0.7862921953201294,0.061195213347673416,0.5660364031791687,11.663976669311523,0.06817140430212021,0.6358275413513184,0.0061146109364926815,0.015227564610540867,23.267375946044922,0.004712617956101894,0.12487064301967621,0.05978534370660782,0.00035034408210776746,11.615967750549316,0.06892919540405273,0.6108319759368896,13.137800216674805,0.04855342581868172,0.6561129093170166,28.147666931152344,0.0015319101512432098,12.534629821777344,0.05578750744462013,0.7624182105064392,12.479890823364258,0.05649512633681297,0.5377969741821289,11.865052223205566,0.06508708745241165,0.6184283494949341,12.895965576171875,0.05133381113409996,0.6724655628204346,26.38990020751953,0.0022962032817304134,12.300466537475586,0.05887805297970772,0.7785152196884155,12.286442756652832,0.059068482369184494,0.5501664876937866,11.682652473449707,0.06787889450788498,0.6314342617988586,24.194639205932617,0.0038065905682742596,0.09591563045978546,28.217987060546875,0.0015073049580678344,23.808725357055664,0.0041603269055485725,0.10656104236841202
22623,286,1,3952,-1,3,27.31313705444336,0.17784744501113892,23.725297927856445,0.17642423510551453,24.890979766845703,23.46437644958496,0.2566317021846771,21.5493221282959,24.028118133544922,0.16019676625728607,18.005958557128906,18.12774085998535,22.382810592651367,0.201602041721344,100.0,0.35743728280067444,0.49358096718788147,3952,3984,0.41609448194503784,0,0,0.0018564638448879123,0.0032426652032881975,27.84309196472168,0.0016432020347565413,0.20229332149028778,0.004241018556058407,0.21672557294368744,23.406667709350586,0.004563871771097183,0.2575250267982483,0.004503626376390457,0.015827203169465065,25.588491439819336,0.0027615376748144627,0.2836107611656189,0.006999509409070015,0.26996976137161255,22.432193756103516,0.005711900535970926,0.3040955364704132,0.003955379594117403,0.015389548614621162,26.5831298828125,0.002196276793256402,0.1730780303478241,0.005777221173048019,0.0,21.76133155822754,0.0066660246811807156,0.23914220929145813,29.70465087890625,0.0010703721782192588,0.14889155328273773,33.871456146240234,0.0004100665682926774,29.310882568359375,0.0011719577014446259,0.17686505615711212,24.37503433227539,0.0036517127882689238,0.1835384964942932,23.795785903930664,0.004172740504145622,0.2215675711631775,26.33635711669922,0.002324685687199235,0.18898919224739075,28.27402114868164,0.001487983507104218,26.10230255126953,0.0024534091353416443,0.21981297433376312,23.10042381286621,0.004897311329841614,0.21010041236877441,22.623014450073242,0.00546636525541544,0.2505817413330078,27.52853775024414,0.0017666321946308017,0.08867029845714569,29.029605865478516,0.001250372501090169,27.33755111694336,0.0018460567807778716,0.10362369567155838
22723,286,1,4052,-1,3,22.483779907226562,0.23096366226673126,20.961002349853516,0.22584748268127441,23.867704391479492,20.435178756713867,0.28938189148902893,19.31424331665039,22.705047607421875,0.1367570161819458,17.861562728881836,17.9811954498291,19.434696197509766,0.18857795000076294,100.0,0.34375062584877014,0.6570096611976624,4052,4084,0.3830781877040863,0,0,0.005644455086439848,0.004104211460798979,22.3051815032959,0.005881416145712137,0.263889878988266,0.008014930412173271,0.20867590606212616,20.535123825073242,0.008840721100568771,0.24061542749404907,0.009046531282365322,0.016362274065613747,21.012182235717773,0.007921033538877964,0.3177846372127533,0.011710512451827526,0.23821642994880676,19.53065299987793,0.011141273193061352,0.26126930117607117,0.005364079959690571,0.01591770350933075,24.270767211914062,0.003740445477887988,0.14424170553684235,0.01139017567038536,0.0,18.813217163085938,0.013142510317265987,0.2156558632850647,23.581571578979492,0.004383721388876438,0.20652848482131958,31.77427101135254,0.0006646192050538957,23.048784255981445,0.00495589105412364,0.237797349691391,21.63345718383789,0.006865215487778187,0.1779172122478485,21.0299015045166,0.00788878183811903,0.2063455879688263,21.75449562072754,0.006676525343209505,0.24072444438934326,28.099796295166016,0.0015488890931010246,21.269474029541016,0.007465392351150513,0.2713595926761627,20.282161712646484,0.009370953775942326,0.20067468285560608,19.734603881835938,0.010630156844854355,0.22889035940170288,25.457637786865234,0.002846009097993374,0.08400177210569382,29.120037078857422,0.0012246058322489262,25.092754364013672,0.003095455700531602,0.0973956510424614
22911,286,1,4304,-1,0,25.693363189697266,0.2087009847164154,23.702281951904297,0.1780230700969696,25.00830841064453,22.652437210083008,0.26997342705726624,21.54240608215332,23.548114776611328,0.13707619905471802,17.79888343811035,17.97153091430664,22.258167266845703,0.20766718685626984,100.0,0.26631486415863037,0.6684684157371521,4304,4336,0.39552247524261475,0,0,0.002695651026442647,0.003156234510242939,25.809051513671875,0.0026247920468449593,0.25304609537124634,0.004263554699718952,0.2147519290447235,23.384353637695312,0.00458737974986434,0.258207768201828,0.005429456476122141,0.016600139439105988,24.305219650268555,0.003710889955982566,0.3118321895599365,0.007010665722191334,0.24090659618377686,22.455028533935547,0.005681944079697132,0.2758496105670929,0.004417622461915016,0.015953170135617256,25.779155731201172,0.002642922569066286,0.15010446310043335,0.005945431534200907,0.0,21.636688232421875,0.006860112771391869,0.2501107454299927,27.991130828857422,0.0015881335129961371,0.19053636491298676,33.8030891418457,0.00041657310794107616,27.524261474609375,0.001768373535014689,0.2345924973487854,24.91718101501465,0.003223160980269313,0.18296359479427338,24.331226348876953,0.0036887347232550383,0.22265209257602692,25.09822654724121,0.003091558115556836,0.22277098894119263,27.409645080566406,0.0018156651640310884,24.830883026123047,0.0032878494821488857,0.2697971761226654,23.22747039794922,0.00475612236186862,0.21385176479816437,22.79733657836914,0.005251295864582062,0.25530439615249634,26.937023162841797,0.0020244072657078505,0.09217752516269684,28.148029327392578,0.0015317827928811312,26.777402877807617,0.0021001955028623343,0.11031707376241684
22968,312,1,36,-1,0,26.874435424804688,0.2157033085823059,25.764570236206055,0.14532725512981415,23.51499366760254,24.018142700195312,0.2464582324028015,23.063316345214844,25.937782287597656,0.04611391946673393,17.784015655517578,17.992469787597656,25.5245418548584,0.14952021837234497,100.0,0.27837681770324707,0.5220522880554199,36,68,0.45691004395484924,0,0,0.002053791657090187,0.004451443906873465,27.734203338623047,0.0016849221428856254,0.257423460483551,0.0026518143713474274,0.15154826641082764,25.46759796142578,0.0028394898399710655,0.1839025765657425,0.003964474890381098,0.016657067462801933,26.964221954345703,0.0020117685198783875,0.28221771121025085,0.004939335864037275,0.171156644821167,24.928138732910156,0.0032150386832654476,0.19104452431201935,0.0025481332559138536,0.015876440331339836,33.030982971191406,0.000497624569106847,0.03847470134496689,0.0028025005012750626,0.0,24.903064727783203,0.0032336541917175055,0.18278999626636505,28.255516052246094,0.001494337455369532,0.20112992823123932,32.87843322753906,0.0005154148093424737,27.838497161865234,0.0016449409304186702,0.24680888652801514,25.801807403564453,0.0026291741523891687,0.1500265747308731,25.204021453857422,0.003017155919224024,0.18439145386219025,27.314359664916992,0.0018559398595243692,0.21018970012664795,28.6102294921875,0.0013771369121968746,27.14532470703125,0.001929601887241006,0.2557024359703064,25.245189666748047,0.0029886909760534763,0.15514524281024933,24.844972610473633,0.0032771998085081577,0.18812915682792664,33.164615631103516,0.00048254572902806103,0.025563092902302742,29.708595275878906,0.0010694008087739348,34.06425476074219,0.00039226035005412996,0.029508069157600403
23246,312,1,346,-1,1,24.159433364868164,0.2310638129711151,21.645187377929688,0.22885814309120178,25.195302963256836,21.63715362548828,0.2890594005584717,19.958454132080078,23.8087100982666,0.13647238910198212,18.264495849609375,18.19100570678711,20.29311180114746,0.21376749873161316,100.0,0.4036007821559906,0.5670408606529236,346,378,0.42725101113319397,0,0,0.0038375714793801308,0.003023219760507345,24.01991844177246,0.003962856251746416,0.2648160755634308,0.006846696604043245,0.23523513972759247,21.28331184387207,0.007441644556820393,0.26897454261779785,0.006859378423541784,0.014912500977516174,22.502300262451172,0.005620436277240515,0.3198406994342804,0.01009612437337637,0.26317262649536133,20.34062385559082,0.009245655499398708,0.28993332386016846,0.004160341806709766,0.015166987664997578,26.078289031982422,0.0024670118000358343,0.1417405903339386,0.009347359649837017,0.0,19.671632766723633,0.010785414837300777,0.24435970187187195,24.974824905395508,0.0031806626357138157,0.19556748867034912,34.40027618408203,0.00036305520916357636,24.41994857788086,0.003614140907302499,0.22948405146598816,22.051979064941406,0.006234509404748678,0.20242470502853394,21.453325271606445,0.007155952975153923,0.23259985446929932,23.18729019165039,0.004800328053534031,0.22490575909614563,29.67951202392578,0.0010765864280983806,22.697660446166992,0.005373211577534676,0.2599949836730957,20.952852249145508,0.008029990829527378,0.2184111475944519,20.410022735595703,0.009099086746573448,0.2507674992084503,26.96011734008789,0.0020136695820838213,0.08652212470769882,29.58721351623535,0.0010997109347954392,26.666982650756836,0.0021542785689234734,0.09714695811271667
23274,312,1,374,-1,1,22.241304397583008,0.42815208435058594,20.69622039794922,0.3239580988883972,23.907564163208008,20.48593521118164,0.46019789576530457,19.434019088745117,25.348453521728516,0.08401478826999664,17.7186279296875,18.05265235900879,19.983707427978516,0.29996800422668457,100.0,0.40686407685279846,0.796231746673584,374,406,0.4586874544620514,0,0,0.005968563258647919,0.0040667131543159485,22.03345489501953,0.006261156406253576,0.49424639344215393,0.008518794551491737,0.31378495693206787,20.215234756469727,0.009516483172774315,0.364003986120224,0.008941417559981346,0.016909748315811157,21.1263484954834,0.007715519983321428,0.5235741138458252,0.011391951702535152,0.33675912022590637,19.706798553466797,0.010698435828089714,0.3782884478569031,0.0029184657614678144,0.0156579427421093,30.183870315551758,0.0009585463558323681,0.082252137362957,0.010037587955594063,0.0,19.362228393554688,0.011581831611692905,0.35634857416152954,22.46250343322754,0.005672176368534565,0.3793577253818512,30.883506774902344,0.0008159233257174492,21.925128936767578,0.006419292185455561,0.4502319097518921,20.46392059326172,0.008986860513687134,0.28934359550476074,19.86138153076172,0.010324327275156975,0.3420412540435791,22.033855438232422,0.006260579451918602,0.3899054229259491,27.5731258392334,0.001748588401824236,21.57719612121582,0.006954732351005077,0.46115392446517944,20.18792152404785,0.00957652647048235,0.2991878390312195,19.641300201416016,0.010861004702746868,0.35309502482414246,31.12649154663086,0.0007715266547165811,0.03697546198964119,28.772693634033203,0.0013265719171613455,31.63590431213379,0.0006861350848339498,0.042159706354141235
23300,312,1,400,-1,3,23.848865509033203,0.2621428668498993,20.950519561767578,0.22437039017677307,25.623987197875977,21.477130889892578,0.30829960107803345,19.458927154541016,22.89171600341797,0.12706811726093292,18.16175651550293,18.112136840820312,19.776390075683594,0.31640881299972534,100.0,0.36967942118644714,0.6069323420524597,400,432,0.45227813720703125,0,0,0.004122051876038313,0.0027390585746616125,23.630290985107422,0.004334819968789816,0.2971964478492737,0.008034302853047848,0.317789763212204,20.449295043945312,0.009017177857458591,0.36362603306770325,0.007116834167391062,0.015269492752850056,22.319114685058594,0.005862578749656677,0.3428560793399811,0.011326798237860203,0.34956735372543335,19.708873748779297,0.010693327523767948,0.3880048394203186,0.0051384055987000465,0.015444943681359291,24.494312286376953,0.0035527844447642565,0.1309804767370224,0.010528367944061756,0.0,19.154911041259766,0.0121481167152524,0.3656542897224426,25.719263076782227,0.0026796229649335146,0.22410543262958527,35.14560317993164,0.00030580165912397206,25.16437530517578,0.003044826677069068,0.2602221369743347,21.758602142333984,0.006670215632766485,0.29197266697883606,21.151445388793945,0.0076710619032382965,0.33879631757736206,23.20793342590332,0.004777564201503992,0.2526795268058777,29.037708282470703,0.0012480418663471937,22.740419387817383,0.005320568103343248,0.2882535457611084,20.519283294677734,0.00887302402406931,0.31445297598838806,19.974462509155273,0.010058975778520107,0.3632742464542389,25.777196884155273,0.0026441155932843685,0.08642391860485077,29.383209228515625,0.0011526014422997832,25.415771484375,0.002873579040169716,0.098631851375103
23465,312,1,629,-1,3,24.240806579589844,0.23260729014873505,22.021282196044922,0.2188304215669632,25.880651473999023,21.713420867919922,0.27769312262535095,20.355215072631836,22.900588989257812,0.11506742984056473,18.067901611328125,17.89702606201172,20.818635940551758,0.28692784905433655,100.0,0.3502860367298126,0.6247192025184631,629,661,0.42417335510253906,0,0,0.003766339272260666,0.002581873210147023,24.035608291625977,0.003948564641177654,0.2729871869087219,0.006278731860220432,0.2944409251213074,21.61273193359375,0.006898058578372002,0.3455340266227722,0.006739969365298748,0.015603064559400082,22.695072174072266,0.0053764162585139275,0.31178268790245056,0.009214645251631737,0.32333678007125854,20.843217849731445,0.008235282264649868,0.3657948970794678,0.005127920303493738,0.016229212284088135,24.65970230102539,0.0034200295340269804,0.11867697536945343,0.00828202161937952,0.0,20.197158813476562,0.00955617893487215,0.34049394726753235,26.19431495666504,0.002401975682005286,0.20489488542079926,35.438453674316406,0.00028586105327121913,25.642303466796875,0.0027275318279862404,0.2429080307483673,23.258953094482422,0.004721770063042641,0.2618722915649414,22.65791130065918,0.0054226163774728775,0.31165561079978943,23.557998657226562,0.0044075786136090755,0.23366710543632507,28.607370376586914,0.0013780435547232628,23.121448516845703,0.004873661324381828,0.2748684585094452,21.687156677246094,0.006780854891985655,0.29350459575653076,21.174192428588867,0.0076309870928525925,0.3470146059989929,25.881370544433594,0.0025814448017627,0.07930795103311539,29.096675872802734,0.001231210888363421,25.545244216918945,0.0027891730424016714,0.09294039011001587
23533,312,1,697,-1,3,24.820444107055664,0.20832692086696625,23.896286010742188,0.2002168744802475,24.96857452392578,22.1878662109375,0.2632926404476166,21.57396125793457,24.138174057006836,0.133914053440094,18.047954559326172,18.37493133544922,22.247285842895508,0.21362051367759705,100.0,0.3405962288379669,0.5878422856330872,697,729,0.39221298694610596,0,0,0.0032957601360976696,0.0031852435786277056,24.798097610473633,0.0033127625938504934,0.25865983963012695,0.0040772887878119946,0.23019510507583618,23.53365707397461,0.0044323536567389965,0.2765941023826599,0.0060424511320889,0.0156748965382576,23.409841537475586,0.004560536239296198,0.31336766481399536,0.006959917489439249,0.25791651010513306,22.41888427734375,0.005729432683438063,0.29561498761177063,0.0038564049173146486,0.014538072049617767,26.550045013427734,0.002213072031736374,0.14397378265857697,0.005960344802588224,0.0,21.62580680847168,0.0068773203529417515,0.25751104950904846,26.01871681213379,0.0025010835379362106,0.1765432059764862,33.45204544067383,0.00045164325274527073,25.503084182739258,0.0028163818642497063,0.22361397743225098,24.602603912353516,0.0034652897156774998,0.1953432559967041,24.00183868408203,0.0039793867617845535,0.238062784075737,24.088817596435547,0.0039004841819405556,0.21332599222660065,28.62047576904297,0.0013738912530243397,23.676246643066406,0.004289190750569105,0.2674176096916199,23.07221221923828,0.004929227754473686,0.21380016207695007,22.58156967163086,0.005518780555576086,0.25719571113586426,27.49901580810547,0.0017786829266697168,0.08309485018253326,29.451303482055664,0.001134670339524746,27.263595581054688,0.0018777619116008282,0.09981837868690491
23629,312,1,793,-1,3,26.38812255859375,0.20570728182792664,24.290878295898438,0.19832627475261688,26.606525421142578,23.049413681030273,0.2669459581375122,21.854188919067383,23.962432861328125,0.13770927488803864,18.19310760498047,18.215373992919922,22.739774703979492,0.17800386250019073,100.0,0.2980140745639801,0.6654929518699646,793,825,0.39673399925231934,0,0,0.0022971408907324076,0.0021844764705747366,26.35547637939453,0.0023144742008298635,0.24229182302951813,0.0037231636233627796,0.18601460754871368,23.874835968017578,0.004097475670278072,0.21949368715286255,0.004955172073096037,0.015159651637077332,24.704090118408203,0.003385252086445689,0.3003793954849243,0.006525012664496899,0.22320562601089478,22.828805923461914,0.005213381722569466,0.24465420842170715,0.004015657585114241,0.015082123689353466,26.35801124572754,0.0023131247144192457,0.14389239251613617,0.005321358796209097,0.0,22.11829376220703,0.006140029523521662,0.20823538303375244,28.137828826904297,0.0015353849157691002,0.1767200529575348,35.474037170410156,0.00028352838126011193,27.624616622924805,0.0017279782332479954,0.215162456035614,25.078317642211914,0.003105762880295515,0.1547720730304718,24.477251052856445,0.003566768718883395,0.1874452531337738,25.451324462890625,0.0028501495253294706,0.20382994413375854,28.642595291137695,0.001366912154480815,25.11683464050293,0.0030783398542553186,0.24163515865802765,23.510711669921875,0.004455833695828915,0.18113519251346588,23.046154022216797,0.004958892706781626,0.21490633487701416,27.424697875976562,0.001809381996281445,0.08202292025089264,29.093263626098633,0.00123217876534909,27.21662139892578,0.001898182206787169,0.0968448594212532
23726,312,1,890,-1,0,27.932228088378906,0.1562788486480713,25.280925750732422,0.17245863378047943,26.621585845947266,23.728271484375,0.2323775589466095,22.36841583251953,24.23740577697754,0.14895404875278473,18.157691955566406,18.20132064819336,23.411178588867188,0.15396490693092346,100.0,0.3199104964733124,0.5390840172767639,890,922,0.4139394462108612,0,0,0.001609819126315415,0.002176915295422077,28.174219131469727,0.0015225735260173678,0.18593093752861023,0.002964198589324951,0.1777501106262207,24.912921905517578,0.0032263242173939943,0.21444429457187653,0.00423811748623848,0.01528378389775753,25.95374298095703,0.00253878440707922,0.2661092281341553,0.005796398501843214,0.215661883354187,23.598918914794922,0.004366246517747641,0.24649059772491455,0.003769290167838335,0.015131007879972458,26.943618774414062,0.0020213336683809757,0.16081827878952026,0.004559132736176252,0.0,22.789697647094727,0.0052605378441512585,0.19005699455738068,30.38496971130371,0.000915172859095037,0.12997764348983765,35.5489387512207,0.00027868023607879877,29.943500518798828,0.0010130947921425104,0.15814781188964844,26.06503677368164,0.002474549924954772,0.14179867506027222,25.46739387512207,0.002839623251929879,0.1746489703655243,26.738445281982422,0.0021191195119172335,0.1629277914762497,28.635549545288086,0.0013691311469301581,26.508193969726562,0.002234502462670207,0.1971486657857895,24.211833953857422,0.0037915490102022886,0.16285718977451324,23.781930923461914,0.0041860733181238174,0.19784554839134216,27.85089683532715,0.0016402514884248376,0.08575475960969925,29.179975509643555,0.0012078206054866314,27.678226470947266,0.0017067792359739542,0.10334232449531555
23979,312,1,1175,-1,0,24.109975814819336,0.23021095991134644,20.890762329101562,0.21958358585834503,24.35124969482422,21.63041114807129,0.2969428598880768,19.48568344116211,22.55170440673828,0.13024529814720154,17.829362869262695,17.932830810546875,19.928936004638672,0.3167659640312195,100.0,0.343036025762558,0.6401181221008301,1175,1207,0.40885627269744873,0,0,0.003881526179611683,0.00367176765576005,24.074018478393555,0.003913796506822109,0.269098699092865,0.008145613595843315,0.32968705892562866,20.464664459228516,0.00898532010614872,0.38302719593048096,0.006870035082101822,0.01648404262959957,22.683338165283203,0.0053909579291939735,0.3355414867401123,0.011257235892117023,0.3611721396446228,19.786666870117188,0.010503481142222881,0.40902650356292725,0.005556864198297262,0.01609596610069275,24.05004119873047,0.003935464192181826,0.13293512165546417,0.010164975188672543,0.0,19.307458877563477,0.011728817597031593,0.3717936873435974,26.780187606811523,0.0020988495089113712,0.20366202294826508,33.4586181640625,0.00045096021494828165,26.284942626953125,0.0023523711133748293,0.24477136135101318,22.11665916442871,0.006142343394458294,0.30109238624572754,21.518814086914062,0.007048853673040867,0.3555437922477722,23.720075607299805,0.0042461222037673,0.2458113431930542,28.516950607299805,0.0014070352772250772,23.29484748840332,0.004682904575020075,0.2895151674747467,20.708044052124023,0.008495630696415901,0.32246097922325134,20.18026351928711,0.00959342997521162,0.3812471330165863,25.238208770751953,0.0029934989288449287,0.09425392746925354,28.52657699584961,0.001403919537551701,24.897165298461914,0.0032380500342696905,0.10893546044826508
24022,312,1,1218,-1,3,26.02402687072754,0.2660583257675171,24.437969207763672,0.17417657375335693,25.191265106201172,23.101669311523438,0.3093431293964386,21.98789405822754,24.34670639038086,0.10317415744066238,18.08611297607422,18.13290786743164,23.35247230529785,0.2696693539619446,100.0,0.2872923016548157,0.6062695384025574,1218,1250,0.4178006649017334,0,0,0.0024980283342301846,0.0030260332860052586,26.167600631713867,0.002416796749457717,0.3129349648952484,0.00359917851164937,0.27601325511932373,23.96759033203125,0.004010891541838646,0.32909712195396423,0.0048959082923829556,0.015537776984274387,24.869558334350586,0.0032586976885795593,0.3549388647079468,0.0063271853141486645,0.29562580585479736,23.076709747314453,0.004924123175442219,0.34001606702804565,0.0036756095942109823,0.015371253713965416,27.267024993896484,0.0018762795953080058,0.10500459372997284,0.004621180705726147,0.0,22.730995178222656,0.005332130938768387,0.3254075050354004,27.65941619873047,0.0017141882563009858,0.24590593576431274,33.948055267333984,0.0004028974799439311,27.17621612548828,0.0019159252988174558,0.2985825538635254,25.130088806152344,0.0030689595732837915,0.25763171911239624,24.524517059326172,0.003528159111738205,0.31436946988105774,25.597373962402344,0.0027558933943510056,0.26866739988327026,28.90773582458496,0.0012859575217589736,25.25486946105957,0.0029820376075804234,0.3232343792915344,23.75152587890625,0.0042154835537076,0.2671167850494385,23.276283264160156,0.004702964331954718,0.32271310687065125,28.369895935058594,0.0014554940862581134,0.0627494677901268,29.766311645507812,0.0010552828898653388,28.189960479736328,0.0015170651022344828,0.07481004297733307
24073,312,1,1269,-1,2,21.606674194335938,0.4481838345527649,20.446285247802734,0.3364469110965729,25.69122314453125,20.218477249145508,0.46833086013793945,19.32693099975586,24.330337524414062,0.10408933460712433,18.13180160522461,18.201248168945312,19.876630783081055,0.37328025698661804,100.0,0.4126528799533844,0.8153266906738281,1269,1301,0.4118528366088867,0,0,0.006907687522470951,0.0026969797909259796,21.217374801635742,0.007555488497018814,0.5297605395317078,0.009023423306643963,0.39208558201789856,19.967208862304688,0.01007579080760479,0.4677116274833679,0.009509382769465446,0.01537516713142395,20.651504516601562,0.008606953546404839,0.5467036366462708,0.011676345951855183,0.4020661413669586,19.52780532836914,0.011148580349981785,0.4708980321884155,0.003689488861709833,0.015131273306906223,27.146196365356445,0.0019292145734652877,0.10881798714399338,0.010288141667842865,0.0,19.25515365600586,0.011870930902659893,0.45095670223236084,22.056060791015625,0.006228652782738209,0.4222927689552307,33.225555419921875,0.0004758221039082855,21.479042053222656,0.007113703992217779,0.5081031918525696,20.67464828491211,0.00856120977550745,0.36745569109916687,20.06538200378418,0.009850580245256424,0.445370078086853,21.329753875732422,0.0073624905198812485,0.4313124120235443,28.499528884887695,0.001412690500728786,20.82082748413086,0.00827784463763237,0.5181831121444702,20.092622756958008,0.00978898722678423,0.37641751766204834,19.537662506103516,0.01112330425530672,0.45396730303764343,28.297283172607422,0.0014800338540226221,0.06854381412267685,29.44609832763672,0.001136031118221581,28.14470100402832,0.001532957423478365,0.08039207756519318
24116,312,1,1312,-1,1,26.512577056884766,0.18781210482120514,23.356754302978516,0.16861453652381897,26.188610076904297,22.870676040649414,0.24492457509040833,21.358928680419922,23.505290985107422,0.11821343004703522,17.981693267822266,17.962305068969727,21.994173049926758,0.28074946999549866,100.0,0.34334149956703186,0.4910986125469208,1312,1344,0.41344597935676575,0,0,0.0022322472650557756,0.00240513333119452,26.56463623046875,0.0022056493908166885,0.2222941815853119,0.004616625607013702,0.28404730558395386,23.075611114501953,0.004925370682030916,0.33691349625587463,0.005163361318409443,0.0159158892929554,24.548011779785156,0.003509126603603363,0.2747762203216553,0.007313195616006851,0.31365683674812317,22.150489807128906,0.006094681099057198,0.3539988696575165,0.00446139695122838,0.015987098217010498,25.705366134643555,0.0026882123202085495,0.1228858157992363,0.006318044848740101,0.0,21.372695922851562,0.007290051784366369,0.33458420634269714,29.384172439575195,0.0011523457942530513,0.16410818696022034,35.45945739746094,0.0002844816481228918,28.908052444458008,0.0012858634581789374,0.20178736746311188,24.711400985717773,0.0033795596100389957,0.2651206851005554,24.12802505493164,0.0038654289674013853,0.32090675830841064,25.521175384521484,0.002804674208164215,0.1997499167919159,28.813568115234375,0.001314145396463573,25.17986488342285,0.0030339858494699,0.23873190581798553,22.951757431030273,0.005067856051027775,0.2851865291595459,22.467979431152344,0.005665029864758253,0.33906587958335876,26.834108352661133,0.0020729515235871077,0.07676699757575989,29.354442596435547,0.0011602609883993864,26.549470901489258,0.0022133653983473778,0.08885735273361206
24229,312,1,1425,-1,2,24.632606506347656,0.21128514409065247,21.21595001220703,0.20365767180919647,25.417430877685547,21.99850082397461,0.26098936796188354,19.750886917114258,23.468896865844727,0.12053486704826355,17.90349578857422,18.19089126586914,20.212753295898438,0.2520884573459625,100.0,0.3294261395931244,0.6182195544242859,1425,1457,0.40405672788619995,0,0,0.0034414345864206553,0.0028724800795316696,24.52352523803711,0.0035289661027491093,0.24721413850784302,0.007557970006018877,0.2664026618003845,20.701234817504883,0.008508959785103798,0.3192305862903595,0.006311751436442137,0.01620504818856716,23.196910858154297,0.004789705853909254,0.2944118082523346,0.010590377263724804,0.29012027382850647,20.071529388427734,0.009836643934249878,0.33265456557273865,0.004498942755162716,0.015167392790317535,25.43992042541504,0.0028576429467648268,0.13037744164466858,0.009521926753222942,0.0,19.59127426147461,0.010986839421093464,0.30057841539382935,26.30139923095703,0.0023434751201421022,0.18157102167606354,33.21123504638672,0.0004773937107529491,25.799510955810547,0.0026305646169930696,0.21633537113666534,21.88015365600586,0.006486115045845509,0.2376786768436432,21.269113540649414,0.007466014474630356,0.28496605157852173,23.99034309387207,0.003989933058619499,0.21128737926483154,28.266008377075195,0.0014907310251146555,23.590791702270508,0.004374425858259201,0.24974942207336426,20.837203979492188,0.008246689103543758,0.2532314658164978,20.28761863708496,0.009359186515212059,0.30257749557495117,26.67406463623047,0.0021507677156478167,0.07776141911745071,29.606630325317383,0.0010948056587949395,26.357824325561523,0.002313223434612155,0.0930454432964325
24265,312,1,1493,-1,1,25.354413986206055,0.22840851545333862,23.19570541381836,0.20120282471179962,25.627418518066406,22.379732131958008,0.2848427891731262,21.13695526123047,23.49535369873047,0.13124707341194153,17.83816909790039,17.874876022338867,21.89662742614746,0.21470145881175995,100.0,0.3634946048259735,0.5535235404968262,1493,1525,0.4506314694881439,0,0,0.0029144641011953354,0.0027368958108127117,25.313894271850586,0.002941782120615244,0.2610872983932495,0.004791039042174816,0.23962095379829407,22.911043167114258,0.0051155900582671165,0.27864694595336914,0.005781317595392466,0.016450658440589905,23.830123901367188,0.004139880184084177,0.31475818157196045,0.0076966965571045876,0.26883381605148315,21.95138931274414,0.006380593869835138,0.2969326078891754,0.004471617750823498,0.016312194988131523,25.767555236816406,0.002649991074576974,0.13436046242713928,0.006461561191827059,0.0,21.275148391723633,0.007455647457391024,0.24835309386253357,27.067415237426758,0.001964529510587454,0.20911237597465515,34.24750900268555,0.0003760530089493841,26.55821990966797,0.0022089104168117046,0.24099890887737274,24.36172866821289,0.0036629154346883297,0.1963052898645401,23.77499771118164,0.0041927616111934185,0.22816984355449677,24.546926498413086,0.0035100027453154325,0.23221051692962646,28.371267318725586,0.0014550341293215752,24.172380447387695,0.0038261516019701958,0.263610303401947,22.76970672607422,0.005284810904413462,0.22004346549510956,22.296375274658203,0.005893352907150984,0.25322359800338745,26.80792236328125,0.002085487823933363,0.09002700448036194,28.691165924072266,0.0013517099432647228,26.5789794921875,0.0021983766928315163,0.10162433981895447
24335,312,1,1563,-1,3,26.14919662475586,0.18475313484668732,24.510391235351562,0.18103604018688202,26.895132064819336,22.588518142700195,0.22774147987365723,21.75409507751465,23.320846557617188,0.12527811527252197,18.090187072753906,18.169721603393555,22.57399559020996,0.13224217295646667,100.0,0.2629636824131012,0.6884450316429138,1563,1595,0.35720589756965637,0,0,0.002427059691399336,0.002044027904048562,26.045013427734375,0.0024859874974936247,0.2176048755645752,0.0035396546591073275,0.14796403050422668,24.180187225341797,0.0038192763458937407,0.17481258511543274,0.0055099595338106155,0.01552320271730423,24.012683868408203,0.003969461191445589,0.2561715245246887,0.006677138153463602,0.1795409619808197,22.74111557006836,0.0053197164088487625,0.19913135468959808,0.004654954187572002,0.015241502784192562,25.19094467163086,0.0030262551736086607,0.12915092706680298,0.005528413224965334,0.0,21.952516555786133,0.006378937978297472,0.16007423400878906,28.469249725341797,0.0014225748600438237,0.15794479846954346,35.047096252441406,0.00031281719566322863,27.977006912231445,0.0015933067770674825,0.1912371814250946,25.893917083740234,0.0025739993434399366,0.10855044424533844,25.301218032836914,0.0029503824189305305,0.1314947009086609,24.869861602783203,0.0032584716100245714,0.18246904015541077,28.72010040283203,0.0013427346711978316,24.493804931640625,0.003553200513124466,0.21794214844703674,23.49993896484375,0.0044668992049992085,0.14150464534759521,23.035171508789062,0.004971446935087442,0.1694423258304596,26.324810028076172,0.0023308750241994858,0.08246596157550812,28.996191024780273,0.001260029966942966,26.028215408325195,0.0024956201668828726,0.09789198637008667
24457,312,1,1685,-1,1,24.00165367126465,0.2240467518568039,22.309730529785156,0.2196578085422516,22.73272705078125,21.803102493286133,0.266838014125824,20.57411003112793,23.59755516052246,0.1308581829071045,17.761825561523438,18.13583755493164,21.16110610961914,0.14449411630630493,100.0,0.27100345492362976,0.8105350732803345,1685,1717,0.4058855473995209,0,0,0.003979558125138283,0.005329999141395092,24.234516143798828,0.003771797986701131,0.25755244493484497,0.005875260569155216,0.1630226969718933,21.908300399780273,0.006444215774536133,0.18704324960708618,0.006602217443287373,0.016742395237088203,22.97380828857422,0.0050421892665326595,0.2969396114349365,0.008761715143918991,0.20288008451461792,21.048141479492188,0.007855722680687904,0.22133545577526093,0.004367617424577475,0.015360884368419647,25.724580764770508,0.0026763456407934427,0.1375884711742401,0.007654021959751844,0.0,20.53962516784668,0.008831565268337727,0.16615548729896545,25.464868545532227,0.0028412744868546724,0.18963314592838287,29.069271087646484,0.001239005010575056,25.10354232788086,0.0030877774115651846,0.22325186431407928,23.055217742919922,0.004948553629219532,0.13097123801708221,22.46225357055664,0.005672501865774393,0.1504134237766266,23.614883422851562,0.0043502249754965305,0.22138947248458862,27.114051818847656,0.0019435461144894361,23.260135650634766,0.004720483440905809,0.2560483515262604,21.796663284301758,0.006612014025449753,0.16537322103977203,21.277587890625,0.00745146069675684,0.18795207142829895,26.88043785095215,0.0020509546156972647,0.08496292680501938,29.252426147460938,0.0011878383811563253,26.607988357543945,0.002183741657063365,0.0967509001493454
24558,312,1,1818,-1,3,25.702009201049805,0.27364981174468994,23.5448055267334,0.295615017414093,25.394575119018555,22.840864181518555,0.35983923077583313,21.453933715820312,24.727041244506836,0.13020378351211548,18.009469985961914,17.995412826538086,22.254390716552734,0.3134728968143463,100.0,0.423880010843277,0.6974025964736938,1818,1850,0.43944302201271057,0,0,0.0026902903337031603,0.002887637121602893,25.751300811767578,0.0026599292177706957,0.3233664929866791,0.004420990124344826,0.32808995246887207,23.19474983215332,0.004792091902345419,0.3830850124359131,0.0051989248022437096,0.015814416110515594,24.478464126586914,0.0035657724365592003,0.40887871384620667,0.007154948078095913,0.34792661666870117,22.385955810546875,0.0057730418629944324,0.39245522022247314,0.003367409808561206,0.01586567796766758,28.402528762817383,0.001444599125534296,0.1327037513256073,0.005950601305812597,0.0,21.632911682128906,0.006866078823804855,0.36660927534103394,26.424190521240234,0.002278143772855401,0.24978762865066528,33.4117431640625,0.0004558541113510728,25.92015266418457,0.0025584960822016,0.29730424284935,23.76152992248535,0.004205784294754267,0.29261448979377747,23.16314697265625,0.004827091004699469,0.3426716923713684,25.040145874023438,0.003133182879537344,0.2848677933216095,28.124290466308594,0.001540178433060646,24.713069915771484,0.003378260647878051,0.33427637815475464,22.840499877929688,0.005199362523853779,0.30663472414016724,22.35867691040039,0.005809413734823465,0.3592669367790222,28.961257934570312,0.0012702062958851457,0.06862592697143555,29.099952697753906,0.001230282592587173,28.9403076171875,0.001276348251849413,0.07984574139118195
24722,312,1,2014,-1,1,24.284582138061523,0.2419636994600296,21.116487503051758,0.24487903714179993,25.11209487915039,21.65418815612793,0.3130669891834259,19.664352416992188,22.804412841796875,0.1488265097141266,17.90677261352539,17.991605758666992,20.012832641601562,0.3127971887588501,33.86492919921875,0.3720845878124237,0.6581273078918457,2014,2046,0.4403904378414154,0,0,0.0037285659927874804,0.003081702394410968,24.17018699645996,0.0038280836306512356,0.27314838767051697,0.0077330581843853,0.3093222975730896,20.725679397583008,0.00846120435744524,0.34992679953575134,0.006832522805780172,0.016192834824323654,22.682117462158203,0.005392475984990597,0.34770068526268005,0.010803506709635258,0.3378625214099884,20.012571334838867,0.009971097111701965,0.3748065233230591,0.005242747254669666,0.015879597514867783,24.429370880126953,0.0036063084844499826,0.15332449972629547,0.009970497339963913,0.0004106834239792079,19.41526985168457,0.011441238224506378,0.35699355602264404,26.271575927734375,0.002359621925279498,0.19930176436901093,35.55570983886719,0.00027824603603221476,25.718921661376953,0.0026798334438353777,0.23009008169174194,22.0777587890625,0.006197609473019838,0.27352577447891235,21.499252319335938,0.007080678828060627,0.31674420833587646,23.640560150146484,0.004324581939727068,0.2460634410381317,29.04137420654297,0.0012469891225919127,23.18934440612793,0.004798058420419693,0.2802424728870392,20.815324783325195,0.008288337849080563,0.30910101532936096,20.29442024230957,0.009344538673758507,0.3555139899253845,25.788223266601562,0.002637410070747137,0.0944758951663971,29.265148162841797,0.0011843641987070441,25.434890747070312,0.0028609551955014467,0.1084204837679863
24883,312,1,2175,-1,2,27.19883155822754,0.18472608923912048,25.28436851501465,0.1729222536087036,25.97677230834961,23.372087478637695,0.24853840470314026,22.386333465576172,24.081890106201172,0.12813396751880646,18.026901245117188,18.16994857788086,23.597414016723633,0.14065010845661163,100.0,0.278068482875824,0.6218693256378174,2175,2207,0.39596760272979736,0,0,0.0019059728365391493,0.0025253575295209885,27.42157745361328,0.0018106830539181828,0.22336652874946594,0.002961850492283702,0.14935293793678284,25.103744506835938,0.0030876323580741882,0.18143169581890106,0.004600354470312595,0.0157510694116354,25.398752212524414,0.0028848599176853895,0.28693416714668274,0.0057725380174815655,0.19041688740253448,23.77061653137207,0.004196993075311184,0.21108518540859222,0.003906707279384136,0.015240713953971863,26.64940643310547,0.002163014141842723,0.13877058029174805,0.004367757588624954,0.0,22.975936889648438,0.005039720330387354,0.1681879162788391,29.37687110900879,0.0011542844586074352,0.1571536660194397,34.112220764160156,0.000387951877200976,28.95450782775879,0.001272181747481227,0.19334129989147186,26.420164108276367,0.0022802564781159163,0.12282595783472061,25.842439651489258,0.0026046906132251024,0.1494463086128235,26.197940826416016,0.0023999696131795645,0.18658456206321716,28.373638153076172,0.0014542408753186464,25.942325592041016,0.002545466646552086,0.2270468920469284,24.42788314819336,0.0036075441166758537,0.14243073761463165,23.99113655090332,0.003989205230027437,0.1697574406862259,27.774715423583984,0.0016692777862772346,0.08416992425918579,29.499757766723633,0.0011220810702070594,27.561037063598633,0.0017534620128571987,0.10067356377840042
25022,312,1,2346,-1,0,26.5718994140625,0.23356938362121582,24.692689895629883,0.19772060215473175,26.737857818603516,22.918851852416992,0.3114611804485321,22.012683868408203,23.82124900817871,0.1465660035610199,17.971569061279297,18.090099334716797,22.930370330810547,0.17802241444587708,100.0,0.300407350063324,0.658174991607666,2346,2378,0.41611769795417786,0,0,0.002201964147388935,0.0021194068249315023,26.546920776367188,0.0022146652918308973,0.27960526943206787,0.00339415087364614,0.1816672533750534,24.402875900268555,0.0036283766385167837,0.21891126036643982,0.005106402561068535,0.015953030437231064,24.6373348236084,0.0034376909025013447,0.35542821884155273,0.0062911720015108585,0.22580687701702118,23.193126678466797,0.004793883301317692,0.2550347149372101,0.004148346371948719,0.015523513779044151,26.200927734375,0.0023983209393918514,0.1573735773563385,0.005092876497656107,0.0,22.30889129638672,0.0058763958513736725,0.21643932163715363,28.554405212402344,0.001394952298142016,0.21271221339702606,34.56380081176758,0.00034963912912644446,28.080549240112305,0.001555769587866962,0.2577614188194275,25.863750457763672,0.0025919401086866856,0.15797299146652222,25.275272369384766,0.002968060551211238,0.19316880404949188,25.396583557128906,0.002886301837861538,0.2503184974193573,28.454498291015625,0.0014274150598794222,25.07135581970215,0.0031107456889003515,0.298189252614975,23.88564109802246,0.004087293986231089,0.18666765093803406,23.43024253845215,0.004539163317531347,0.2235223352909088,27.183391571044922,0.0019127614796161652,0.09790973365306854,29.032678604125977,0.001249487861059606,26.957674026489258,0.002014803234487772,0.11536580324172974
25363,312,1,2719,-1,0,26.59920883178711,0.17700882256031036,24.778316497802734,0.17694661021232605,26.31687355041504,22.85811996459961,0.25000178813934326,21.971107482910156,23.439207077026367,0.13407984375953674,18.005077362060547,18.07297134399414,22.933866500854492,0.14527471363544464,100.0,0.2380482703447342,0.7433223724365234,2719,2751,0.3993184566497803,0,0,0.002188161015510559,0.00233513955026865,26.64432144165039,0.002165548736229539,0.21446681022644043,0.003327885176986456,0.15931661427021027,24.513744354248047,0.003536922624334693,0.19051620364189148,0.005178311374038458,0.01583041436970234,24.51055145263672,0.003539526369422674,0.2905803322792053,0.006351689342409372,0.19950145483016968,23.08062744140625,0.004919685423374176,0.22533303499221802,0.004529803525656462,0.01558486558496952,25.483631134033203,0.002829024801030755,0.14372247457504272,0.00508877681568265,0.0,22.312389373779297,0.005871666129678488,0.1782616376876831,28.998416900634766,0.0012593844439834356,0.15722794830799103,35.017555236816406,0.0003149519907310605,28.52422332763672,0.0014046819414943457,0.1951446831226349,26.115236282348633,0.0024461131542921066,0.12285156548023224,25.530851364135742,0.002798433881253004,0.15217779576778412,25.37328338623047,0.002901829779148102,0.20180706679821014,28.528287887573242,0.0014033671468496323,25.041278839111328,0.0031323623843491077,0.24354228377342224,23.845577239990234,0.004125174134969711,0.15934988856315613,23.3937931060791,0.004577421583235264,0.1927891969680786,26.616382598876953,0.002179524628445506,0.0851733386516571,29.129770278930664,0.0012218644842505455,26.332304000854492,0.0023268568329513073,0.10320460051298141
25818,312,1,3270,-1,1,26.533653259277344,0.2033061683177948,23.992233276367188,0.18723110854625702,25.532447814941406,23.038959503173828,0.2768533229827881,21.701156616210938,23.790281295776367,0.15441831946372986,18.02195167541504,17.9741268157959,22.47358512878418,0.2115505486726761,100.0,0.32255080342292786,0.5804701447486877,3270,3302,0.40988677740097046,0,0,0.0022214397322386503,0.0027974029071629047,26.71043586730957,0.002132830210030079,0.2471620738506317,0.003988196607679129,0.21675223112106323,23.66122055053711,0.004304058384150267,0.2573351263999939,0.004967113025486469,0.015769025310873985,24.807918548583984,0.003305280115455389,0.3181072473526001,0.006759029347449541,0.2621639370918274,22.64486312866211,0.005438933148980141,0.2975935935974121,0.004178035072982311,0.015943629667162895,26.25628662109375,0.0023679432924836874,0.16693730652332306,0.0056577217765152454,0.0,21.852108001708984,0.006528140045702457,0.2533382773399353,28.628040313720703,0.0013715015957131982,0.18226118385791779,33.85053253173828,0.0004120473167859018,28.18410873413086,0.0015191100537776947,0.22771473228931427,24.872751235961914,0.0032563037239015102,0.18858307600021362,24.279922485351562,0.0037325676530599594,0.2281053066253662,25.63507080078125,0.0027320771478116512,0.21381807327270508,28.376943588256836,0.0014531335327774286,25.333045959472656,0.0029288381338119507,0.2607005536556244,23.2711181640625,0.004708561580628157,0.21178127825260162,22.81032371520996,0.005235614720731974,0.2537376284599304,27.298677444458008,0.001862654578872025,0.09061282873153687,28.80864143371582,0.001315636676736176,27.106761932373047,0.0019468112150207162,0.10782302916049957
25892,312,1,3344,-1,3,26.010835647583008,0.25270190834999084,23.696788787841797,0.1729593276977539,24.161239624023438,23.531021118164062,0.27063387632369995,21.910818099975586,25.793163299560547,0.058052510023117065,17.859643936157227,17.92227554321289,23.31359100341797,0.25354549288749695,100.0,0.30757758021354675,0.56232750415802,3344,3376,0.4165540933609009,0,0,0.002505627693608403,0.0038359793834388256,26.38091278076172,0.0023009583819657564,0.2981387972831726,0.004268948920071125,0.25095000863075256,23.396623611450195,0.004574439022690058,0.29924681782722473,0.004435042850673199,0.016369514167308807,25.85198974609375,0.0025989701971411705,0.30749642848968506,0.006440481171011925,0.27139222621917725,22.998559951782227,0.005013536661863327,0.312844455242157,0.002634411444887519,0.01613513194024563,32.53850555419922,0.0005573774105869234,0.05351999029517174,0.004662736784666777,0.0,22.69211196899414,0.005380081478506327,0.3083442449569702,26.885467529296875,0.0020485827699303627,0.2337917983531952,33.10184860229492,0.0004895704332739115,26.404621124267578,0.0022884306963533163,0.28450459241867065,23.63518524169922,0.004329937044531107,0.24649953842163086,23.041812896728516,0.004963850136846304,0.29841628670692444,26.31756019592285,0.002334769582375884,0.24078932404518127,28.360273361206055,0.0014587226323783398,26.073827743530273,0.0024695463944226503,0.29243624210357666,23.327999114990234,0.004647295922040939,0.2540428042411804,22.861478805541992,0.005174305755645037,0.30581042170524597,32.70330810546875,0.0005366230034269392,0.03362457826733589,29.467437744140625,0.0011304629733785987,33.51383590698242,0.00044526299461722374,0.03916001319885254
26021,312,1,3505,-1,3,26.02046775817871,0.27965906262397766,25.903385162353516,0.1966811567544937,24.507328033447266,23.036243438720703,0.3258311152458191,22.936279296875,24.258560180664062,0.1161525622010231,17.927505493164062,18.029138565063477,24.654937744140625,0.16723565757274628,100.0,0.2409117966890335,0.8164031505584717,3505,3537,0.39874210953712463,0,0,0.002500076312571764,0.00354215269908309,26.308292388916016,0.00233975681476295,0.331302285194397,0.002568393712863326,0.18112815916538239,25.752338409423828,0.0026592924259603024,0.21709008514881134,0.004970218986272812,0.016115713864564896,24.87378692626953,0.0032555279321968555,0.3757239580154419,0.0050859516486525536,0.2259526550769806,24.541414260864258,0.0035144605208188295,0.260991632938385,0.003750972216948867,0.01574295200407505,27.198654174804688,0.0019060526974499226,0.12471060454845428,0.0034237850923091173,0.0,24.033458709716797,0.003950521349906921,0.20400425791740417,27.91082191467285,0.001617774716578424,0.26125821471214294,32.301849365234375,0.0005885931313969195,27.50530242919922,0.0017761103808879852,0.31295400857925415,27.278045654296875,0.0018715241458266973,0.15478628873825073,26.698017120361328,0.002138938521966338,0.1882832795381546,25.768327713012695,0.0026495198253542185,0.2779093086719513,28.10692024230957,0.001546350889839232,25.49868392944336,0.0028192379977554083,0.3345279395580292,25.287033081054688,0.0029600351117551327,0.1786348670721054,24.878490447998047,0.003252002876251936,0.21546798944473267,28.297992706298828,0.0014797927578911185,0.07418419420719147,29.408857345581055,0.0011458148946985602,28.149755477905273,0.0015311739407479763,0.08964031934738159
26144,312,1,3628,-1,2,26.12001609802246,0.15849602222442627,23.0350399017334,0.1622951328754425,26.367507934570312,22.59363555908203,0.2212708741426468,20.8962459564209,23.470840454101562,0.14339827001094818,18.036788940429688,18.118967056274414,21.526906967163086,0.18189655244350433,100.0,0.3130253255367279,0.5184728503227234,3628,3660,0.3869076073169708,0,0,0.0024434207007288933,0.002308072056621313,26.08316421508789,0.0024642436765134335,0.19016209244728088,0.004971599671989679,0.1918545961380005,22.599294662475586,0.005496304016560316,0.22493033111095428,0.005503468215465546,0.015715250745415688,24.053394317626953,0.003932425286620855,0.2513720989227295,0.00813533179461956,0.23546068370342255,21.5627384185791,0.006977924145758152,0.26505497097969055,0.004496927373111248,0.015420672483742237,25.503131866455078,0.0028163513634353876,0.15437260270118713,0.007035735063254833,0.0,20.905427932739258,0.008118155412375927,0.2162630259990692,28.04485321044922,0.0015686092665418983,0.14190606772899628,34.38573455810547,0.00036427268059924245,27.559974670410156,0.0017538918182253838,0.1718602478504181,23.701383590698242,0.004264437593519688,0.15688112378120422,23.098852157592773,0.004899081774055958,0.18679092824459076,24.665321350097656,0.003415606915950775,0.17842356860637665,25.52570343017578,0.0028017526492476463,24.546873092651367,0.003510046051815152,0.21202844381332397,22.10310173034668,0.006161546800285578,0.18935391306877136,21.731422424316406,0.006712090689688921,0.2242661714553833,26.25400733947754,0.00236918730661273,0.08720618486404419,25.848033905029297,0.0026013373862951994,26.319976806640625,0.002333472017198801,0.1023097038269043
26195,312,1,3711,-1,1,23.343059539794922,0.23932254314422607,21.624696731567383,0.254779189825058,24.46912384033203,21.351242065429688,0.2929967939853668,20.01744270324707,23.100852966308594,0.12032099068164825,18.217147827148438,17.825416564941406,20.420310974121094,0.2970820665359497,100.0,0.3986626863479614,0.6390846371650696,3711,3743,0.45227959752082825,0,0,0.004631206393241882,0.003573451191186905,23.19307518005371,0.004793937783688307,0.27192869782447815,0.006879082880914211,0.29085680842399597,21.198509216308594,0.007588380482047796,0.3371219336986542,0.007326151710003614,0.015075967647135258,22.122652053833008,0.006133873015642166,0.32244575023651123,0.009959918446838856,0.32843291759490967,20.432754516601562,0.009051584638655186,0.36834290623664856,0.004896827507764101,0.016499022021889687,25.069780349731445,0.0031118744518607855,0.1255369782447815,0.009077557362616062,0.0,19.798831939697266,0.01047410536557436,0.3427911698818207,24.739940643310547,0.0033574227709323168,0.20253098011016846,32.389015197753906,0.0005768974078819156,24.2191162109375,0.0037851957604289055,0.23396213352680206,22.502347946166992,0.005620375741273165,0.2688903212547302,21.9112491607666,0.006439839955419302,0.3136402368545532,22.790891647338867,0.0052590942941606045,0.2393718659877777,29.045658111572266,0.001245760009624064,22.30879020690918,0.005876530427485704,0.2719085216522217,21.18825912475586,0.007606311701238155,0.2923943102359772,20.662290573120117,0.008585608564317226,0.33848193287849426,26.250022888183594,0.00237136147916317,0.08765364438295364,28.423744201660156,0.0014375592581927776,25.994579315185547,0.0025150233414024115,0.09999777376651764
26257,312,1,3805,-1,3,24.96530532836914,0.22718395292758942,22.280323028564453,0.18059031665325165,25.01713752746582,22.26272964477539,0.2816597819328308,20.572914123535156,23.22549819946289,0.12122352421283722,18.10399627685547,18.021413803100586,21.099586486816406,0.26798272132873535,100.0,0.3810936510562897,0.4738738536834717,3805,3837,0.4390907883644104,0,0,0.0031876417342573404,0.003149823984131217,24.957386016845703,0.003193459939211607,0.2702285945415497,0.005915177054703236,0.2869170010089874,21.90507698059082,0.006448999047279358,0.34077730774879456,0.005939186085015535,0.015473920851945877,23.494686126708984,0.004472303669899702,0.3243768811225891,0.008764122612774372,0.31855717301368713,21.14032554626465,0.007690728176385164,0.3647547662258148,0.004758281633257866,0.01577097922563553,25.137083053588867,0.003064021235331893,0.1307508796453476,0.00776321068406105,0.0,20.478107452392578,0.00895755086094141,0.3174004852771759,27.132469177246094,0.0019353226525709033,0.18942180275917053,35.062042236328125,0.00031174224568530917,26.60527992248535,0.0021851041819900274,0.23085469007492065,23.355152130126953,0.004618328996002674,0.24664215743541718,22.76728630065918,0.005287754815071821,0.30005738139152527,24.398147583007812,0.0036323294043540955,0.22110344469547272,28.505138397216797,0.0014108677860349417,24.00762176513672,0.003974093124270439,0.2638729512691498,21.933629989624023,0.006406740285456181,0.2697320580482483,21.445959091186523,0.007168103940784931,0.32235270738601685,26.368549346923828,0.002307518385350704,0.07394903153181076,28.806476593017578,0.0013162922114133835,26.09062385559082,0.002460015006363392,0.09053948521614075
26396,312,1,3944,-1,2,25.84477996826172,0.19570699334144592,24.003665924072266,0.17425422370433807,26.424806594848633,22.3898983001709,0.25379276275634766,21.47075653076172,23.034988403320312,0.13164326548576355,17.986934661865234,17.971466064453125,22.271099090576172,0.17617376148700714,100.0,0.2611563801765442,0.6672409176826477,3944,3976,0.3950456976890564,0,0,0.0026032873429358006,0.002277819439768791,25.762039184570312,0.002653359202668071,0.23599645495414734,0.0039777145721018314,0.17836220562458038,23.73859214782715,0.004228057339787483,0.2157476842403412,0.005767799448221922,0.01589667983353138,23.7576847076416,0.004209510050714016,0.28860020637512207,0.007127290591597557,0.2114439606666565,22.39950942993164,0.005755048245191574,0.23914887011051178,0.00497165834531188,0.01595340482890606,24.838401794433594,0.0032821595668792725,0.146232008934021,0.005927754566073418,0.0,21.64961814880371,0.00683971680700779,0.20867405831813812,28.23952865600586,0.001499847392551601,0.16557085514068604,35.749908447265625,0.000266078335698694,27.722013473510742,0.001689658034592867,0.200375497341156,25.545969009399414,0.0027887097094208,0.1515335887670517,24.956398010253906,0.0031941873021423817,0.1834583878517151,24.614065170288086,0.0034561576321721077,0.2027166783809662,28.34957504272461,0.0014623203314840794,24.244770050048828,0.00376290176063776,0.24036827683448792,23.247169494628906,0.00473459716886282,0.1829867660999298,22.79309844970703,0.0052564251236617565,0.2188238501548767,25.97830581665039,0.002524466020986438,0.09495707601308823,28.843700408935547,0.0013050580164417624,25.666996002197266,0.0027120676822960377,0.11158972233533859
26444,312,1,4024,-1,1,22.601123809814453,0.2947703003883362,20.761211395263672,0.255423903465271,22.58180809020996,21.063554763793945,0.338096022605896,19.654584884643555,24.471378326416016,0.09078620374202728,17.671192169189453,17.921512603759766,20.392133712768555,0.36034101247787476,100.0,0.3723686635494232,0.685943603515625,4024,4056,0.4544752538204193,0,0,0.005493989214301109,0.0055184755474328995,22.604103088378906,0.00549022201448679,0.34087100625038147,0.00839226320385933,0.3623301386833191,20.484203338623047,0.008944983594119549,0.4221843481063843,0.007827888242900372,0.017095455899834633,21.936769485473633,0.0064021083526313305,0.3814600706100464,0.010827836580574512,0.37933874130249023,20.041183471679688,0.009905621409416199,0.43174904584884644,0.0035715936683118343,0.01613796502351761,27.856048583984375,0.001638305839151144,0.0885634571313858,0.009136641398072243,0.0,19.77065658569336,0.010542278178036213,0.4198830723762512,23.289974212646484,0.004688164684921503,0.2742384076118469,30.819801330566406,0.0008279801695607603,22.771984100341797,0.005282038357108831,0.32297414541244507,21.1921329498291,0.007599533069878817,0.3490983247756958,20.598447799682617,0.008712749928236008,0.41093358397483826,22.388111114501953,0.005770175717771053,0.30341094732284546,26.98177719116211,0.002003652276471257,21.97250747680664,0.006349640898406506,0.3506021797657013,20.589616775512695,0.00873048510402441,0.35920825600624084,20.07390785217285,0.009831267409026623,0.41796159744262695,28.598430633544922,0.0013808838557451963,0.06370241940021515,27.97621726989746,0.001593596301972866,28.702590942382812,0.001348158810287714,0.07116173207759857
26602,312,1,4214,-1,1,25.174867630004883,0.1985456347465515,22.746749877929688,0.18481449782848358,25.092992782592773,22.19550323486328,0.25741198658943176,20.62209129333496,23.04901123046875,0.1364298164844513,17.88576889038086,17.969587326049805,21.205162048339844,0.1978946030139923,100.0,0.3122905194759369,0.5918030738830566,4214,4246,0.4146498143672943,0,0,0.003037478309124708,0.0030952857341617346,25.187602996826172,0.0030285846441984177,0.23396523296833038,0.005312821362167597,0.19749394059181213,22.309280395507812,0.0058758677914738655,0.22595171630382538,0.006031836848706007,0.016271328553557396,23.510028839111328,0.004456530790776014,0.29279065132141113,0.008665443398058414,0.239943265914917,21.266202926635742,0.007471017073839903,0.26169416308403015,0.004955630749464035,0.01596030406653881,24.864356994628906,0.0032626038882881403,0.14556477963924408,0.007576764095574617,0.0,20.58368492126465,0.008742420002818108,0.22791381180286407,27.42311668395996,0.0018100410234183073,0.1680794656276703,32.323219299316406,0.0005857042851857841,26.99317741394043,0.0019984005484730005,0.2033485472202301,23.83100128173828,0.00413904432207346,0.1698797047138214,23.23813247680664,0.004744460340589285,0.1985723078250885,24.302993774414062,0.0037127933464944363,0.21155253052711487,27.447315216064453,0.0017999844858422875,23.971729278564453,0.0040070717222988605,0.2523166537284851,22.064926147460938,0.006215949542820454,0.20967888832092285,21.5913028717041,0.006932178046554327,0.2431270182132721,25.872188568115234,0.002586910268291831,0.09928058832883835,27.977502822875977,0.0015931244706735015,25.62281036376953,0.0027398003730922937,0.11766564100980759
26642,312,1,4254,-1,1,25.370197296142578,0.22030314803123474,22.00385284423828,0.18538393080234528,25.501972198486328,22.522567749023438,0.2781146466732025,20.405437469482422,23.880779266357422,0.12140265852212906,17.919010162353516,18.036794662475586,20.981996536254883,0.2684749960899353,100.0,0.33549070358276367,0.5525754690170288,4254,4286,0.40860939025878906,0,0,0.002903890796005726,0.002817104570567608,25.35027503967285,0.0029172427020967007,0.2586095333099365,0.006303980015218258,0.28063061833381653,21.577659606933594,0.006953990552574396,0.3307609260082245,0.005594267509877682,0.01614726148545742,24.01129722595215,0.003970729652792215,0.3164783716201782,0.009108700789511204,0.29736796021461487,20.949199676513672,0.00803674478083849,0.3338790237903595,0.004091872833669186,0.0157152246683836,26.375808715820312,0.002303664805367589,0.12725147604942322,0.007976279594004154,0.0,20.360517501831055,0.00920340046286583,0.3130663335323334,26.932430267333984,0.002026548609137535,0.2032935470342636,33.30830383300781,0.00046684136032126844,26.446435928344727,0.002266503870487213,0.24450448155403137,22.592727661132812,0.005504619795829058,0.25749364495277405,21.987987518310547,0.0063270507380366325,0.30292949080467224,24.75858497619629,0.0033430401235818863,0.23532305657863617,27.742273330688477,0.0016817937139421701,24.43864631652832,0.0035986166913062334,0.27922698855400085,21.60062026977539,0.006917320191860199,0.26969683170318604,21.09072494506836,0.007779071573168039,0.31328028440475464,27.443828582763672,0.0018014293164014816,0.07820969074964523,28.89754867553711,0.0012889769859611988,27.257802963256836,0.0018802682170644403,0.0895141065120697
26755,312,1,4399,-1,3,24.841835021972656,0.1882953643798828,22.23065948486328,0.16812725365161896,25.434722900390625,22.130300521850586,0.23705065250396729,20.457599639892578,22.95919418334961,0.12970976531505585,17.969100952148438,18.08527946472168,20.963382720947266,0.24719122052192688,100.0,0.3382321298122406,0.49707654118537903,4399,4431,0.4386882483959198,0,0,0.0032795656006783247,0.0028610655572265387,24.757402420043945,0.0033439502585679293,0.21542991697788239,0.00598320784047246,0.25955116748809814,21.757728576660156,0.006671558599919081,0.302337110042572,0.006123078987002373,0.015962092205882072,23.363571166992188,0.004609384573996067,0.2658369243144989,0.008999953977763653,0.2816702425479889,20.99869155883789,0.00794567633420229,0.3180449903011322,0.005059187300503254,0.01554075162857771,24.62604331970215,0.00344663904979825,0.13747458159923553,0.008010538294911385,0.0,20.341903686523438,0.009242928586900234,0.29245737195014954,26.98581314086914,0.002001791959628463,0.16354061663150787,32.52392578125,0.0005592520465143025,26.529197692871094,0.0022237212397158146,0.19212126731872559,23.38949966430664,0.0045819468796253204,0.21815326809883118,22.79029083251953,0.0052598207257688046,0.26063376665115356,24.207002639770508,0.0037957688327878714,0.19749383628368378,27.26853370666504,0.0018756280187517405,23.881521224975586,0.004091174807399511,0.22782942652702332,21.855754852294922,0.006522655487060547,0.24164408445358276,21.37810516357422,0.007280974183231592,0.2859770357608795,25.994367599487305,0.0025151465088129044,0.0849817618727684,28.15545082092285,0.001529167639091611,25.740039825439453,0.0026668356731534004,0.09825262427330017
26895,325,1,26,-1,2,22.78326416015625,0.20228013396263123,20.315196990966797,0.20503664016723633,25.74024200439453,20.684467315673828,0.25642627477645874,18.942468643188477,22.48204803466797,0.12183089554309845,18.158340454101562,18.321063995361328,19.067378997802734,0.1567050963640213,100.0,0.32684075832366943,0.6273288726806641,26,58,0.39916741847991943,0,0,0.005268337205052376,0.0026667104102671146,22.465251922607422,0.005668587051331997,0.23836401104927063,0.009299944154918194,0.18897345662117004,19.796239852905273,0.010480357334017754,0.22184064984321594,0.008541876450181007,0.015281500294804573,21.24648666381836,0.00750501174479723,0.2894120514392853,0.012757138349115849,0.21643948554992676,19.04784393310547,0.01245132740586996,0.23982392251491547,0.005646709818392992,0.014719519764184952,23.715198516845703,0.004250893369317055,0.12856127321720123,0.012395448051393032,0.0,18.445898056030273,0.014302439987659454,0.18406856060028076,24.14391326904297,0.0038513117469847202,0.17764981091022491,33.817108154296875,0.00041523075196892023,23.58531951904297,0.004379939753562212,0.21169735491275787,21.045944213867188,0.007859691977500916,0.16002413630485535,20.43524742126465,0.009046390652656555,0.19032208621501923,22.086183547973633,0.006185597274452448,0.2119550108909607,29.090152740478516,0.0012330618919804692,21.58169937133789,0.00694752624258399,0.2499416321516037,19.82844352722168,0.010402931831777096,0.1749962866306305,19.266345977783203,0.011840373277664185,0.2045525312423706,24.90715217590332,0.0032306117936968803,0.07858756184577942,29.975984573364258,0.0010055452585220337,24.469755172729492,0.003572929883375764,0.09145241975784302
26972,325,1,103,-1,3,24.431034088134766,0.28213781118392944,22.724885940551758,0.2264406681060791,25.02000617980957,22.11430549621582,0.3614286780357361,21.033105850219727,24.245624542236328,0.14128175377845764,18.016054153442383,18.067794799804688,21.813440322875977,0.24649307131767273,100.0,0.32762983441352844,0.6911478638648987,103,135,0.44052979350090027,0,0,0.0036049294285476208,0.0031477436423301697,24.34711265563965,0.003675265936180949,0.3412967622280121,0.005339634604752064,0.2744327485561371,22.43516731262207,0.005707991775125265,0.31899672746658325,0.006145675200968981,0.01579045131802559,23.314403533935547,0.0046618627384305,0.42449796199798584,0.007882962003350258,0.30964431166648865,21.735294342041016,0.006706107407808304,0.3538933992385864,0.0037621636874973774,0.015603442676365376,27.12102508544922,0.0019404288614168763,0.15249991416931152,0.006586519069969654,0.0,21.19196128845215,0.007599829696118832,0.29274189472198486,25.327159881591797,0.0029328097589313984,0.277546763420105,33.14094543457031,0.00048518271069042385,24.802549362182617,0.0033093676902353764,0.33976495265960693,23.346479415893555,0.004627561662346125,0.24010902643203735,22.751150131225586,0.005307436920702457,0.2868870496749878,23.88847541809082,0.004084628075361252,0.30732157826423645,28.36357307434082,0.0014576147077605128,23.478713989257812,0.00448878388851881,0.3748641908168793,22.339189529418945,0.005835539661347866,0.2620607614517212,21.83783531188965,0.006549627520143986,0.31320327520370483,28.176355361938477,0.0015218241605907679,0.08289823681116104,29.447355270385742,0.001135702128522098,28.010059356689453,0.0015812275232747197,0.09959004074335098
26986,325,1,117,-1,1,22.896495819091797,0.2568495273590088,20.692758560180664,0.26314616203308105,24.85467529296875,20.8037109375,0.3093436658382416,19.280479431152344,23.322750091552734,0.1208873838186264,18.11830711364746,18.490737915039062,19.425273895263672,0.2566096782684326,100.0,0.3922264575958252,0.6709036231040955,117,149,0.4402505159378052,0,0,0.005132754798978567,0.0032698868308216333,22.660526275634766,0.005419350229203701,0.3020721971988678,0.008525584824383259,0.27224478125572205,20.200855255126953,0.009548044763505459,0.32492899894714355,0.00831053126603365,0.015423021279275417,21.416854858398438,0.007216302212327719,0.3492286205291748,0.011801906861364841,0.293304443359375,19.417245864868164,0.011436037719249725,0.3309839963912964,0.004652915056794882,0.01415553130209446,24.96076774597168,0.003190973773598671,0.12745606899261475,0.011414913460612297,0.0,18.803794860839844,0.013171054422855377,0.30299896001815796,23.5169677734375,0.0044494192115962505,0.22853009402751923,33.040016174316406,0.0004965903353877366,22.960601806640625,0.005057546775788069,0.27355146408081055,20.918975830078125,0.008092870004475117,0.24607816338539124,20.307693481445312,0.009316024370491505,0.2973458170890808,21.950389862060547,0.006382063031196594,0.25248390436172485,28.218128204345703,0.001507256762124598,21.467866897583008,0.007132032886147499,0.2940655052661896,19.98780059814453,0.010028131306171417,0.2585894465446472,19.431917190551758,0.011397463269531727,0.30583271384239197,26.031410217285156,0.002493784762918949,0.07296475023031235,29.475011825561523,0.0011284935753792524,25.680208206176758,0.002703829435631633,0.08300566673278809
27256,325,1,483,-1,1,24.470365524291992,0.387421190738678,23.888519287109375,0.18419502675533295,22.396432876586914,22.638412475585938,0.4159988760948181,21.98087501525879,25.832904815673828,0.0731954276561737,17.66448402404785,17.932533264160156,23.53775405883789,0.26663079857826233,100.0,0.28025102615356445,0.657250165939331,483,515,0.39927569031715393,0,0,0.0035724283661693335,0.005759130232036114,24.899898529052734,0.003236012766137719,0.462333083152771,0.004084587562829256,0.26424044370651245,23.511016845703125,0.004455520771443844,0.3156612813472748,0.005447021219879389,0.01712188869714737,24.376014709472656,0.003650887869298458,0.48607876896858215,0.0063374219462275505,0.30128687620162964,23.123382568359375,0.00487148854881525,0.3458176255226135,0.002610413823276758,0.016097065061330795,32.71204376220703,0.0005355445318855345,0.06869100779294968,0.004428172018378973,0.0,22.916276931762695,0.0051094298250973225,0.32072681188583374,26.576623916625977,0.0021995697170495987,0.35326558351516724,31.255407333374023,0.0007489615236409009,26.156932830810547,0.0024227402172982693,0.4364733397960663,23.967498779296875,0.004010976757854223,0.25969457626342773,23.36606788635254,0.004606736358255148,0.31365934014320374,25.934534072875977,0.0025500382762402296,0.3613924980163574,27.21294403076172,0.0018997902516275644,25.767417907714844,0.0026500762905925512,0.44586795568466187,23.503929138183594,0.0044627985917031765,0.2718842029571533,23.070911407470703,0.00493070250377059,0.32577019929885864,32.4824333190918,0.0005646207719109952,0.03897639364004135,28.539897918701172,0.0013996203197166324,33.60354995727539,0.00043615937465801835,0.0440729483962059
27297,325,1,524,-1,2,23.230894088745117,0.3489684462547302,21.476669311523438,0.26235634088516235,25.505237579345703,20.948516845703125,0.4006507396697998,19.83869171142578,23.46999168395996,0.1272210031747818,17.93903160095215,18.178598403930664,20.107995986938477,0.2526613473892212,100.0,0.3771972358226776,0.695541501045227,524,556,0.4100281298160553,0,0,0.0047523751854896545,0.0028149858117103577,22.966712951660156,0.005050435196608305,0.4080645442008972,0.007117594592273235,0.24783262610435486,21.01116943359375,0.007922881282866001,0.2867978513240814,0.008038005791604519,0.016072997823357582,21.67372703552246,0.00680185342207551,0.46101999282836914,0.01037841197103262,0.2792074382305145,20.15732765197754,0.009644226171076298,0.3122480809688568,0.004497807007282972,0.015210387296974659,25.451982498168945,0.00284971809014678,0.13519220054149628,0.009754396043717861,0.0,19.48651885986328,0.011255072429776192,0.29700157046318054,24.08639907836914,0.003902655793353915,0.3344085216522217,32.87012481689453,0.0005164017202332616,23.542224884033203,0.004423618316650391,0.39593392610549927,21.887426376342773,0.00647526141256094,0.23169712722301483,21.28106117248535,0.007445499300956726,0.27226272225379944,22.386152267456055,0.005772776436060667,0.3469153046607971,28.174205780029297,0.0015225777169689536,21.920150756835938,0.006426652427762747,0.41017669439315796,20.78830337524414,0.008340070024132729,0.25117576122283936,20.24697494506836,0.00944718811661005,0.29328182339668274,26.440927505493164,0.0022693793289363384,0.09117520600557327,29.58055305480957,0.0011013990733772516,26.1099910736084,0.002449068706482649,0.10715184360742569
27383,325,1,642,-1,2,23.852554321289062,0.27773186564445496,20.572986602783203,0.2202010154724121,24.303491592407227,21.442642211914062,0.3416368365287781,19.162979125976562,22.427600860595703,0.12488257139921188,17.878442764282227,18.00541114807129,19.547121047973633,0.34582212567329407,100.0,0.35436543822288513,0.6213952898979187,642,674,0.4457100033760071,0,0,0.0041185528971254826,0.003712367732077837,23.787153244018555,0.004181043244898319,0.3168846368789673,0.00876398291438818,0.349028080701828,20.084548950195312,0.009807202033698559,0.4103119671344757,0.007173576857894659,0.01629880629479885,22.388473510742188,0.005769695155322552,0.3772701621055603,0.012125572189688683,0.3753310441970825,19.381114959716797,0.011531575582921505,0.425727903842926,0.005717945285141468,0.01582919806241989,23.80659294128418,0.00416236836463213,0.1254200041294098,0.01109910849481821,0.0,18.925640106201172,0.01280666422098875,0.40631982684135437,26.087446212768555,0.00246181502006948,0.2547668218612671,31.808761596679688,0.0006593617727048695,25.6238956451416,0.002739115385338664,0.293499231338501,21.511455535888672,0.007060813717544079,0.32201024889945984,20.902822494506836,0.008123025298118591,0.3845558762550354,23.265941619873047,0.004714175593107939,0.2936578392982483,28.11689567565918,0.0015428030164912343,22.838232040405273,0.0052020796574652195,0.33600229024887085,20.199207305908203,0.009551667608320713,0.34714189171791077,19.65752410888672,0.010820506140589714,0.4098651707172394,25.026330947875977,0.003143163863569498,0.08914012461900711,28.86357879638672,0.0012990988325327635,24.651029586791992,0.003426866140216589,0.09989137202501297
27478,325,1,769,-1,1,25.97858428955078,0.22293822467327118,23.815338134765625,0.1836305409669876,25.176265716552734,23.014301300048828,0.267534077167511,21.72603416442871,24.080657958984375,0.1171419769525528,17.9224796295166,18.06165313720703,22.821855545043945,0.17893977463245392,100.0,0.27978426218032837,0.6563290357589722,769,801,0.38628801703453064,0,0,0.0025243035051971674,0.00303650158457458,26.116317749023438,0.002445503370836377,0.2674728035926819,0.00415399856865406,0.19034770131111145,23.460655212402344,0.0045074885711073875,0.23042333126068115,0.004995394963771105,0.016134371981024742,24.83900260925293,0.003281706478446722,0.3056309223175049,0.006720423232764006,0.22906355559825897,22.702110290527344,0.005367712117731571,0.25939369201660156,0.003907816484570503,0.015625527128577232,26.767292022705078,0.002105091931298375,0.12516041100025177,0.005221731495112181,0.0,22.200376510620117,0.006025074981153011,0.2163194715976715,27.92435073852539,0.0016127419658005238,0.19979584217071533,34.041954040527344,0.0003942796611227095,27.446796417236328,0.0018001977587118745,0.2440015971660614,24.76148796081543,0.0033408058807253838,0.16469165682792664,24.167261123657227,0.003830664325505495,0.1988765448331833,25.582056045532227,0.002765632700175047,0.21888718008995056,28.311573028564453,0.0014751723501831293,25.280975341796875,0.002964165061712265,0.2637988328933716,23.41902732849121,0.0045508998446166515,0.18322239816188812,22.969350814819336,0.005047368351370096,0.2196582555770874,27.884014129638672,0.001627791440114379,0.07559957355260849,28.967853546142578,0.0012682790402323008,27.73889923095703,0.0016831010580062866,0.0901060402393341
27550,325,1,841,-1,1,26.671154022216797,0.24289140105247498,24.90602684020996,0.23661132156848907,24.646589279174805,23.302902221679688,0.341816246509552,22.182767868041992,24.306163787841797,0.17514044046401978,17.957080841064453,17.906553268432617,23.154590606689453,0.23476071655750275,100.0,0.3483458459377289,0.6792425513267517,841,873,0.4109323024749756,0,0,0.0021522101014852524,0.003430370008572936,27.08726692199707,0.001955570187419653,0.2854838967323303,0.003231448121368885,0.24448436498641968,24.681041717529297,0.0034032664261758327,0.2856248617172241,0.004674226976931095,0.016006335616111755,25.330101013183594,0.00293082557618618,0.39538705348968506,0.0060495538637042046,0.30507802963256836,23.421878814697266,0.004547911696135998,0.34487980604171753,0.00371008412912488,0.016193650662899017,27.47259521484375,0.001789535628631711,0.18942254781723022,0.004836610052734613,0.0,22.533111572265625,0.005580704193562269,0.27928462624549866,27.917177200317383,0.0016154079930856824,0.22202666103839874,33.26006317138672,0.00047205615555867553,27.468297958374023,0.0017913082847371697,0.2682829797267914,25.12258529663086,0.0030742662493139505,0.20987729728221893,24.53063201904297,0.0035231970250606537,0.2511771321296692,25.893577575683594,0.002574199577793479,0.2530921399593353,28.579517364501953,0.0013869107933714986,25.595853805541992,0.0027568598743528128,0.3028002977371216,23.806926727294922,0.0041620489209890366,0.23744890093803406,23.338092803955078,0.0046365042217075825,0.27996546030044556,28.287731170654297,0.0014832932502031326,0.09170079976320267,29.560110092163086,0.0011065952712669969,28.121278762817383,0.0015412468928843737,0.10657897591590881
27568,325,1,859,-1,3,24.53127098083496,0.3733256161212921,23.542137145996094,0.211351677775383,22.756616592407227,22.43923568725586,0.39954066276550293,21.711139678955078,25.692951202392578,0.07391458749771118,17.56658172607422,17.844154357910156,23.07938003540039,0.2505057156085968,100.0,0.2756107449531555,0.7668484449386597,859,891,0.40975403785705566,0,0,0.0035226785112172365,0.005300764460116625,24.882335662841797,0.0032491269521415234,0.43632736802101135,0.004423706792294979,0.2521023750305176,23.259384155273438,0.004721302073448896,0.2978266477584839,0.005702645052224398,0.017512250691652298,24.105215072631836,0.0038857830222696066,0.4573420286178589,0.006743510719388723,0.28583016991615295,22.756694793701172,0.005300667602568865,0.32119306921958923,0.0026959062088280916,0.01642800308763981,32.34125900268555,0.0005832761526107788,0.06874217838048935,0.004921098239719868,0.0,22.457901000976562,0.005678190384060144,0.3019428253173828,26.327136993408203,0.002329625654965639,0.3452399671077728,30.61952781677246,0.000867056252900511,25.926712036132812,0.0025546359829604626,0.4161641001701355,23.483116149902344,0.004484233912080526,0.2506953477859497,22.907686233520508,0.005119546316564083,0.30297940969467163,25.714054107666016,0.0026828390546143055,0.3486238420009613,27.618072509765625,0.0017305852379649878,25.483150482177734,0.002829339588060975,0.4181830883026123,23.10305404663086,0.004894346930086613,0.2584145665168762,22.634605407714844,0.0054517947137355804,0.3104259967803955,32.659812927246094,0.0005420246161520481,0.039959680289030075,29.383949279785156,0.0011524048168212175,33.48605728149414,0.000448119972134009,0.04739301651716232
27894,325,1,1281,-1,0,24.238908767700195,0.20862755179405212,22.83513641357422,0.20993490517139435,24.850509643554688,21.695240020751953,0.27656325697898865,20.779861450195312,23.405683517456055,0.11779990792274475,18.000551223754883,17.934947967529297,21.313302993774414,0.1896679550409317,100.0,0.37151214480400085,0.5650821924209595,1281,1313,0.45172083377838135,0,0,0.003767984453588724,0.0032730232924222946,24.152015686035156,0.003844132646918297,0.23986293375492096,0.005205787252634764,0.21356818079948425,22.540462493896484,0.005571264773607254,0.24344810843467712,0.0067682452499866486,0.015846921131014824,22.69902229309082,0.005371526349335909,0.3042483329772949,0.00835629552602768,0.23287370800971985,21.412334442138672,0.007223812863230705,0.25442972779273987,0.004564905073493719,0.016088124364614487,25.540687561035156,0.0027921022847294807,0.11553899943828583,0.007390431594103575,0.0,20.691823959350586,0.0085274213925004,0.21565936505794525,25.424406051635742,0.0028678709641098976,0.1836957037448883,34.87181091308594,0.0003257009375374764,24.86919403076172,0.003258973825722933,0.21311908960342407,23.706981658935547,0.0042589446529746056,0.1721908152103424,23.1130313873291,0.00488311517983675,0.2005646824836731,23.35516929626465,0.0046183099038898945,0.21955077350139618,28.14732551574707,0.0015320305246859789,22.930160522460938,0.005093121901154518,0.24794338643550873,22.150779724121094,0.006094277370721102,0.19578532874584198,21.664602279663086,0.0068161580711603165,0.22220957279205322,26.432655334472656,0.00227370741777122,0.07809239625930786,28.61241912841797,0.001376443193294108,26.176681518554688,0.00241174828261137,0.08491784334182739
27903,325,1,1290,-1,1,22.854816436767578,0.4256385862827301,22.596092224121094,0.2983497083187103,23.305654525756836,21.289226531982422,0.46030497550964355,21.109596252441406,25.59198570251465,0.08955219388008118,17.904987335205078,18.036806106567383,21.80533218383789,0.30822017788887024,100.0,0.3502161204814911,0.8519017100334167,1290,1322,0.4458472430706024,0,0,0.005182249005883932,0.004671264439821243,22.789430618286133,0.005260861478745937,0.4900323152542114,0.005500357132405043,0.31756332516670227,22.270275115966797,0.005928879138082266,0.3721984326839447,0.0074315145611763,0.016199490055441856,22.15911102294922,0.006082594860345125,0.5199064612388611,0.007745341397821903,0.33762648701667786,21.794157028198242,0.0066158282570540905,0.3852091133594513,0.002759316237643361,0.015715181827545166,31.157114028930664,0.0007661058334633708,0.08712486922740936,0.006598830688744783,0.0,21.18385124206543,0.0076140351593494415,0.36669427156448364,22.99839210510254,0.0050137280486524105,0.4164122939109802,31.27227783203125,0.000746057543437928,22.463947296142578,0.0056702932342886925,0.4845394492149353,22.445011138916016,0.005695069208741188,0.30337151885032654,21.850584030151367,0.006530430633574724,0.3627565801143646,22.558591842651367,0.005548056680709124,0.42278337478637695,27.633573532104492,0.0017244184855371714,22.120929718017578,0.006136308889836073,0.4907614588737488,22.044763565063477,0.006244874559342861,0.3081737160682678,21.537899017333984,0.007017945405095816,0.36796876788139343,31.5573787689209,0.000698653981089592,0.04504552483558655,28.941316604614258,0.0012760518584400415,32.14795684814453,0.0006098235608078539,0.052503567188978195
28003,325,1,1422,-1,3,27.01085090637207,0.23919589817523956,24.404083251953125,0.21009783446788788,25.036584854125977,23.907730102539062,0.27101582288742065,22.388803482055664,25.73610496520996,0.06773737818002701,17.888782501220703,17.90235710144043,24.25358009338379,0.2766438126564026,100.0,0.25104403495788574,0.8368963599205017,1422,1454,0.39437738060951233,0,0,0.0019902833737432957,0.003135750303044915,27.413490295410156,0.0018140578176826239,0.2859916090965271,0.0036273691803216934,0.2711491584777832,24.197301864624023,0.0038042583037167788,0.32157230377197266,0.004066558554768562,0.016260044649243355,26.594295501708984,0.0021906374022364616,0.3140694200992584,0.005769255105406046,0.29423701763153076,23.790494918823242,0.004177828319370747,0.3382622301578522,0.0026692512910813093,0.016209298744797707,32.31978988647461,0.0005861670360900462,0.06449442356824875,0.003755276557058096,0.0,23.632102966308594,0.004333011340349913,0.3322180211544037,27.636335372924805,0.0017233224352821708,0.22691120207309723,32.79807662963867,0.0005250402027741075,27.19495964050293,0.0019076736643910408,0.27384868264198303,24.48348617553711,0.0035616515669971704,0.2695721983909607,23.918304443359375,0.0040566702373325825,0.32390087842941284,26.9117374420166,0.002036227146163583,0.23475617170333862,28.77349090576172,0.0013263284927234054,26.684833526611328,0.0021454421803355217,0.2833518087863922,24.111915588378906,0.0038797929883003235,0.2775333821773529,23.67662239074707,0.004288819618523121,0.33182018995285034,32.25333023071289,0.0005952059291303158,0.03520508110523224,28.31502914428711,0.001473998767323792,33.37235641479492,0.0004600070242304355,0.040445476770401
28052,325,1,1471,-1,0,21.582374572753906,0.24219174683094025,20.24710464477539,0.24049043655395508,23.912109375,19.809682846069336,0.29638057947158813,18.842546463012695,22.372650146484375,0.12219760566949844,17.8885498046875,18.06610870361328,18.984466552734375,0.30947843194007874,100.0,0.3686864376068115,0.652289867401123,1471,1503,0.4067537188529968,0,0,0.006946444045752287,0.004062460269778967,21.3134765625,0.007390133570879698,0.27669841051101685,0.009446904994547367,0.3106875717639923,19.816936492919922,0.010430526919662952,0.35406047105789185,0.010447966866195202,0.016260916367173195,20.198299407958984,0.009553667157888412,0.3284168541431427,0.013054056093096733,0.33823633193969727,18.966796875,0.012685876339673996,0.37370648980140686,0.005790751427412033,0.015609501861035824,23.685386657714844,0.004280174151062965,0.12457258999347687,0.01263436023145914,0.0,18.362987518310547,0.014578107744455338,0.3561798334121704,22.477825164794922,0.00565219996497035,0.21558699011802673,27.956026077270508,0.0016010226681828499,22.02354621887207,0.006275458261370659,0.25125354528427124,21.036890029907227,0.007876097224652767,0.28410184383392334,20.438642501831055,0.0090393191203475,0.3273724317550659,20.856826782226562,0.008209512569010258,0.258512020111084,26.265430450439453,0.002362963277846575,20.405302047729492,0.009108982048928738,0.29719701409339905,19.767887115478516,0.010549002327024937,0.3114948868751526,19.211400985717773,0.011991128325462341,0.3575931787490845,24.8912410736084,0.0032424693927168846,0.08288950473070145,29.203792572021484,0.0012012154329568148,24.489763259887695,0.0035565083380788565,0.09422505646944046
28232,325,1,1715,-1,2,24.137659072875977,0.20961223542690277,21.334379196166992,0.19851970672607422,25.25640106201172,21.64208221435547,0.268508642911911,19.847124099731445,22.951919555664062,0.1404314786195755,17.898237228393555,17.91820526123047,20.15631675720215,0.19679221510887146,100.0,0.33841490745544434,0.5866163372993469,1715,1747,0.4066654145717621,0,0,0.003856861498206854,0.0029809873085469007,23.98851776123047,0.003991611301898956,0.23333247005939484,0.0073546539060771465,0.20461146533489227,20.986324310302734,0.00796833448112011,0.2237345278263092,0.00685159582644701,0.016224680468440056,22.66836166381836,0.0054095834493637085,0.2958713173866272,0.010358277708292007,0.2374805212020874,20.190380096435547,0.009571107104420662,0.25391021370887756,0.0050676665268838406,0.016150260344147682,24.73318099975586,0.0033626514486968517,0.1474866420030594,0.009646466933190823,0.0,19.53483772277832,0.011130538769066334,0.2199535071849823,25.705148696899414,0.0026883461978286505,0.16439759731292725,33.00286102294922,0.0005008573643863201,25.192913055419922,0.003024882869794965,0.18857626616954803,22.06882095336914,0.0062103793025016785,0.16898493468761444,21.4748477935791,0.007120577152818441,0.1871369481086731,23.50222396850586,0.004464551340788603,0.2086670845746994,28.051549911499023,0.0015661923680454493,23.088783264160156,0.0049104527570307255,0.2380213886499405,20.8858585357666,0.00815481785684824,0.20103351771831512,20.35921287536621,0.009206163696944714,0.22365929186344147,25.88876724243164,0.0025770538486540318,0.09037807583808899,28.689279556274414,0.0013522973749786615,25.582298278808594,0.0027654776349663734,0.10143154859542847
28416,325,1,1931,-1,3,26.021072387695312,0.17421552538871765,22.27281951904297,0.16872255504131317,26.433441162109375,22.687833786010742,0.22806549072265625,20.454345703125,23.354318618774414,0.139188751578331,18.245555877685547,18.037189483642578,20.917051315307617,0.22664082050323486,100.0,0.3400631248950958,0.4961507022380829,1931,1963,0.41027727723121643,0,0,0.002499727765098214,0.002273295307531953,25.960968017578125,0.0025345636531710625,0.20214059948921204,0.00592540530487895,0.24154488742351532,21.84339141845703,0.006541254930198193,0.27885663509368896,0.005385383032262325,0.01497767772525549,24.07862663269043,0.003909645602107048,0.2514258325099945,0.009006698615849018,0.2679046094417572,20.925065994262695,0.00808152835816145,0.2982821464538574,0.004619214683771133,0.015713796019554138,25.357555389404297,0.002912356285378337,0.14681904017925262,0.008096454665064812,0.0,20.29557228088379,0.009342063218355179,0.2644568979740143,27.834491729736328,0.001646458520554006,0.14942577481269836,35.34670639038086,0.0002919640683103353,27.316930770874023,0.001854842179454863,0.17767593264579773,22.827959060668945,0.0052143968641757965,0.20716625452041626,22.225217819213867,0.0059907082468271255,0.2418118417263031,24.855133056640625,0.0032695415429770947,0.17533071339130402,28.08657455444336,0.001553612295538187,24.517913818359375,0.003533530980348587,0.20469895005226135,21.579376220703125,0.006951242219656706,0.2223583608865738,21.070255279541016,0.007815820164978504,0.2592202425003052,26.35149383544922,0.002316597383469343,0.08925238251686096,28.560483932495117,0.0013930025743320584,26.092966079711914,0.002458689035847783,0.10578974336385727
28451,325,1,1966,-1,2,26.393983840942383,0.21610641479492188,23.564697265625,0.18090496957302094,24.19295310974121,23.335037231445312,0.2656119763851166,21.600791931152344,24.549606323242188,0.09568549692630768,17.869815826416016,17.905771255493164,22.99132537841797,0.2933279573917389,100.0,0.30024707317352295,0.6025203466415405,1966,1998,0.4020593762397766,0,0,0.0022940440103411674,0.0038080676458775997,26.858976364135742,0.002061116974800825,0.25278735160827637,0.0044007860124111176,0.2940894067287445,23.233015060424805,0.004750054329633713,0.34710100293159485,0.00463976850733161,0.01633121818304062,25.465160369873047,0.00284108379855752,0.2993723154067993,0.0069170487113296986,0.31529009342193604,22.557132720947266,0.005549920257180929,0.3594835102558136,0.003507838351652026,0.016196565702557564,28.080669403076172,0.001555726514197886,0.09495459496974945,0.005021893419325352,0.0,22.36984634399414,0.005794492084532976,0.3520640730857849,28.10661506652832,0.0015464600874111056,0.203558087348938,32.94064712524414,0.0005080837290734053,27.679676055908203,0.0017062101978808641,0.24345847964286804,24.014312744140625,0.003967972472310066,0.2792932391166687,23.424335479736328,0.004545342642813921,0.3349023759365082,26.058340072631836,0.0024783695116639137,0.22528383135795593,27.97675323486328,0.0015933995600789785,25.826082229614258,0.002614518627524376,0.2669256329536438,23.07765007019043,0.004923059605062008,0.29215025901794434,22.624300003051758,0.005464747082442045,0.3477596044540405,28.975406646728516,0.0012660755310207605,0.05861133709549904,28.8592529296875,0.0013003929052501917,28.99355125427246,0.0012607959797605872,0.06834825128316879
28483,325,1,1998,-1,2,25.32445526123047,0.19991639256477356,21.569250106811523,0.17798903584480286,26.117374420166016,22.187763214111328,0.2573481798171997,19.92336082458496,23.028400421142578,0.13664233684539795,17.874719619750977,17.936370849609375,20.320682525634766,0.20339009165763855,100.0,0.3237434923648834,0.5497841238975525,1998,2030,0.4023934602737427,0,0,0.0029346381779760122,0.002444908721372485,25.21436309814453,0.0030099807772785425,0.23311066627502441,0.006967468652874231,0.21401140093803406,21.136533737182617,0.007697446271777153,0.24065656960010529,0.006042598746716976,0.01631278358399868,23.504150390625,0.004462569952011108,0.28589242696762085,0.010178032331168652,0.25083547830581665,20.352210998535156,0.00922101829200983,0.2699835002422333,0.004979205783456564,0.016082843765616417,24.853256225585938,0.0032709541264921427,0.14144094288349152,0.009288206696510315,0.0,19.699203491210938,0.010717160999774933,0.22897276282310486,27.6505126953125,0.0017177052795886993,0.17379909753799438,35.80530548095703,0.0002627055800985545,27.118511199951172,0.001941551105119288,0.2081936001777649,22.434770584106445,0.00570851331576705,0.18321804702281952,21.833595275878906,0.006556021049618721,0.21037492156028748,24.385807037353516,0.0036426654551178217,0.20493130385875702,28.397537231445312,0.0014462608378380537,24.000545501708984,0.003980573732405901,0.23981182277202606,21.118263244628906,0.007729897275567055,0.20979580283164978,20.599979400634766,0.008709677495062351,0.23826931416988373,25.948795318603516,0.002541678724810481,0.09276971220970154,28.61539649963379,0.001375499414280057,25.652570724487305,0.0027210908010601997,0.10790657997131348
28650,325,1,2229,-1,1,24.957439422607422,0.250985324382782,22.488975524902344,0.26507818698883057,25.1015625,22.329158782958984,0.3171268105506897,20.734025955200195,24.509506225585938,0.12957370281219482,17.928178787231445,18.001380920410156,21.369930267333984,0.2073921412229538,100.0,0.4460967183113098,0.5942168235778809,2229,2261,0.4631015956401825,0,0,0.0031934205908328295,0.003089185571298003,24.935684204101562,0.0032094570342451334,0.28822916746139526,0.005637705326080322,0.23344050347805023,22.10649871826172,0.006156729534268379,0.26994287967681885,0.005849034991115332,0.01611321233212948,23.69579315185547,0.004269930999726057,0.35530516505241394,0.008444957435131073,0.2716459333896637,21.370515823364258,0.007293708622455597,0.30188071727752686,0.003540376666933298,0.015843894332647324,27.83167266845703,0.0016475275624543428,0.13297507166862488,0.007294694427400827,0.0,20.748451232910156,0.00841695535928011,0.24126753211021423,25.69890785217285,0.0026922125834971666,0.2295626997947693,33.41322708129883,0.0004556981148198247,25.176565170288086,0.003036291804164648,0.26379892230033875,22.61478614807129,0.005476732272654772,0.20339450240135193,22.015628814697266,0.006286908406764269,0.23810867965221405,24.31519317626953,0.003702377900481224,0.2503755986690521,27.92565155029297,0.0016122597735375166,23.953493118286133,0.004023934248834848,0.2880040407180786,21.832277297973633,0.006558013614267111,0.2172810137271881,21.322803497314453,0.007374283391982317,0.2533486485481262,28.457969665527344,0.0014262747718021274,0.07131746411323547,28.79905891418457,0.0013185422867536545,28.407793045043945,0.0014428490540012717,0.08351001143455505
28661,325,1,2240,-1,0,24.790727615356445,0.21061725914478302,22.087831497192383,0.2201499044895172,25.289594650268555,22.239667892456055,0.26905888319015503,20.46441078186035,23.878782272338867,0.12334666401147842,18.065834045410156,17.840055465698242,21.029966354370117,0.2614746689796448,100.0,0.3854036331176758,0.5712190866470337,2240,2272,0.45666995644569397,0,0,0.003318389877676964,0.0029582884162664413,24.718820571899414,0.003373789833858609,0.23832696676254272,0.006183252669870853,0.28547897934913635,21.75497055053711,0.0066757951863110065,0.3239692151546478,0.005970812402665615,0.015610490925610065,23.479679107666016,0.004487785045057535,0.2992429733276367,0.008985843509435654,0.31059232354164124,21.0506649017334,0.00785115733742714,0.3465806543827057,0.0040937550365924835,0.016443515196442604,26.58804702758789,0.002193792024627328,0.12411409616470337,0.007888664491474628,0.0,20.408485412597656,0.00910230539739132,0.3055131435394287,25.869617462158203,0.002588441362604499,0.1882101595401764,34.70338439941406,0.0003385800519026816,25.32455062866211,0.0029345741495490074,0.2222033143043518,22.627696990966797,0.00546047231182456,0.24997149407863617,22.030315399169922,0.006265684496611357,0.2896507680416107,24.089275360107422,0.003900073003023863,0.2073512077331543,28.411157608032227,0.001441731583327055,23.687307357788086,0.0042782798409461975,0.24351876974105835,21.62474822998047,0.006878998130559921,0.2689932882785797,21.117664337158203,0.007730965968221426,0.3115346133708954,27.363601684570312,0.0018350172322243452,0.07844304293394089,28.54086685180664,0.0013993082102388144,27.207782745361328,0.0019020495237782598,0.08967884629964828
28698,325,1,2277,-1,1,25.24469566345215,0.19451311230659485,23.274248123168945,0.18532779812812805,27.689180374145508,22.077634811401367,0.2569023370742798,21.08578872680664,23.225662231445312,0.1326657235622406,18.082393646240234,18.09543228149414,21.66122817993164,0.15953278541564941,100.0,0.33060523867607117,0.5605712532997131,2277,2309,0.4241032302379608,0,0,0.00298903021030128,0.0017024800181388855,24.966232299804688,0.00318696117028594,0.2292383909225464,0.004705168306827545,0.1685890555381775,23.020423889160156,0.004988356493413448,0.19512587785720825,0.006197788752615452,0.015551087446510792,23.22500991821289,0.004758819472044706,0.2870557904243469,0.007787913549691439,0.202679842710495,21.869342803955078,0.006502281408756971,0.22605901956558228,0.004758103750646114,0.015504471026360989,25.079639434814453,0.003104817122220993,0.14247769117355347,0.006821454968303442,0.0,21.039751052856445,0.007870909757912159,0.19110170006752014,27.07931900024414,0.0019591515883803368,0.17556515336036682,36.434471130371094,0.00022727590112481266,26.52553939819336,0.0022255938965827227,0.2094392478466034,24.696779251098633,0.003390955738723278,0.1329461634159088,24.119503021240234,0.003873019479215145,0.1577204018831253,24.102088928222656,0.0038885795511305332,0.20862215757369995,29.17930793762207,0.0012080064043402672,23.664331436157227,0.004300975240767002,0.24493423104286194,22.713836669921875,0.005353233776986599,0.16318011283874512,22.24544906616211,0.0059628672897815704,0.19162578880786896,26.298799514770508,0.0023448767606168985,0.08582332730293274,29.223634719848633,0.0011957394890487194,25.983121871948242,0.0025216671638190746,0.09993444383144379
28778,325,1,2389,-1,3,24.956815719604492,0.29895779490470886,23.52606773376465,0.2407628297805786,24.800189971923828,22.549453735351562,0.3363083302974701,21.588603973388672,24.143569946289062,0.10970381647348404,18.090431213378906,17.962499618530273,22.868854522705078,0.27749910950660706,100.0,0.3041686415672302,0.7915439009666443,2389,2421,0.41718390583992004,0,0,0.0031938795000314713,0.003311166539788246,24.981422424316406,0.0031758351251482964,0.35556888580322266,0.004440105985850096,0.28187862038612366,23.29950714111328,0.004677881021052599,0.33327579498291016,0.0055597443133592606,0.015522335655987263,23.95014190673828,0.0040270378813147545,0.38912534713745117,0.0069364868104457855,0.3120774030685425,22.570049285888672,0.005533438641577959,0.3590799570083618,0.003851616755127907,0.015986379235982895,27.022987365722656,0.0019847301300615072,0.1126815527677536,0.005165525246411562,0.0,22.24737548828125,0.005960221402347088,0.33279865980148315,26.182310104370117,0.0024086234625428915,0.2762170135974884,33.429874420166016,0.0004539546207524836,25.671363830566406,0.002709341701120138,0.33480724692344666,24.277545928955078,0.0037346123717725277,0.258841872215271,23.69034194946289,0.004275290295481682,0.3118216097354889,24.531862258911133,0.003522197948768735,0.2941685616970062,27.94333267211914,0.0016057094326242805,24.182729721069336,0.0038170423358678818,0.35172978043556213,23.165128707885742,0.004824887961149216,0.2789562940597534,22.7120304107666,0.005355462897568941,0.3325417637825012,27.984619140625,0.0015905163018032908,0.07355432957410812,28.766584396362305,0.0013284392189234495,27.875898361206055,0.0016308360500261188,0.08655741065740585
29226,325,1,2869,-1,3,26.34726333618164,0.17956134676933289,23.85314178466797,0.13900524377822876,25.638511657714844,23.051685333251953,0.24101059138774872,21.586204528808594,23.768024444580078,0.11560941487550735,17.951541900634766,17.8992919921875,22.533435821533203,0.17919979989528656,100.0,0.29814204573631287,0.4662383198738098,2869,2901,0.41111382842063904,0,0,0.0023188560735434294,0.0027299136854708195,26.46734619140625,0.0022556164767593145,0.21037915349006653,0.00411799643188715,0.19820484519004822,23.513429641723633,0.004453046713024378,0.23443004488945007,0.004952580668032169,0.016026759520173073,24.882688522338867,0.0032488612923771143,0.2723442614078522,0.006940321531146765,0.22294950485229492,22.628347396850586,0.005459654610604048,0.24796390533447266,0.004199501127004623,0.01622074283659458,26.289175033569336,0.0023500798270106316,0.12458066642284393,0.0055802855640649796,0.0,21.911956787109375,0.006438790820538998,0.2163446694612503,28.702342987060547,0.0013482356444001198,0.1503792107105255,34.05215072631836,0.0003933552070520818,28.25318145751953,0.0014951403718441725,0.18534524738788605,24.82403564453125,0.003293036250397563,0.16523250937461853,24.232036590576172,0.003773950971662998,0.19854551553726196,25.661027908325195,0.0027157969307154417,0.19087347388267517,27.96306800842285,0.001598428818397224,25.394479751586914,0.0028876999858766794,0.23071181774139404,23.253786087036133,0.004727390129119158,0.18744784593582153,22.824928283691406,0.005218038335442543,0.2238376885652542,27.3995418548584,0.0018198930192738771,0.080106720328331,28.325288772583008,0.0014705209759995341,27.27313232421875,0.001873642555437982,0.09688075631856918
29417,325,1,3092,-1,0,22.758214950561523,0.4423653781414032,22.66259765625,0.2625584304332733,21.92592430114746,21.346818923950195,0.4662945866584778,21.046489715576172,25.91231918334961,0.04520302265882492,17.546899795532227,17.785417556762695,22.255050659179688,0.3254575729370117,100.0,0.31806451082229614,0.8254879713058472,3092,3124,0.40926703810691833,0,0,0.005298812873661518,0.00641811965033412,22.901697158813477,0.005126611329615116,0.5255765914916992,0.005416770465672016,0.32607418298721313,22.247398376464844,0.0059601916000247,0.3891245722770691,0.0073336148634552956,0.017591791227459908,22.399219512939453,0.005755433347076178,0.5437536835670471,0.007858705706894398,0.3433710038661957,21.852407455444336,0.0065276892855763435,0.3977055251598358,0.002563115442171693,0.01665169559419155,34.026981353759766,0.0003956416912842542,0.038576435297727585,0.005949698388576508,0.0,21.633569717407227,0.006865037139505148,0.3946097791194916,23.399751663208008,0.004571143537759781,0.4168386459350586,29.382036209106445,0.0011529132025316358,22.926834106445312,0.005097024608403444,0.5012345910072327,22.55902099609375,0.005547508131712675,0.31849345564842224,21.955867767333984,0.00637401919811964,0.3848322629928589,23.070714950561523,0.0049309274181723595,0.4207075238227844,26.612163543701172,0.002181644318625331,22.713300704956055,0.005353894550353289,0.506945013999939,22.23800277709961,0.005973099730908871,0.32755333185195923,21.75121307373047,0.006681574042886496,0.396111398935318,34.08277893066406,0.00039059107075445354,0.024047859013080597,28.636940002441406,0.0013686935417354107,36.19582748413086,0.0002401137608103454,0.027464939281344414
29425,325,1,3100,-1,0,25.764850616455078,0.23321282863616943,23.485572814941406,0.1875368058681488,25.097286224365234,22.889507293701172,0.2758837640285492,21.423221588134766,24.185972213745117,0.10056652128696442,17.994314193725586,18.011964797973633,22.43222999572754,0.2781187891960144,100.0,0.30776381492614746,0.6093530058860779,3100,3132,0.4088018238544464,0,0,0.002651642542332411,0.003092226106673479,25.87731170654297,0.002583860419690609,0.27843913435935974,0.004481698386371136,0.28139352798461914,23.08287811279297,0.0049171349965035915,0.3355221748352051,0.005141021683812141,0.01586969755589962,24.571178436279297,0.003490455448627472,0.3154953420162201,0.00720573216676712,0.3114742040634155,22.303142547607422,0.005884180311113596,0.355158269405365,0.003814196214079857,0.015805328264832497,27.0566463470459,0.0019694066140800714,0.10396157205104828,0.00571185490116477,0.0,21.810749053955078,0.006590601988136768,0.3322618007659912,27.437484741210938,0.0018040622817352414,0.2245972752571106,33.67119216918945,0.00042941878200508654,26.956073760986328,0.002015545964241028,0.2726665139198303,24.078258514404297,0.003909976687282324,0.2737117111682892,23.470964431762695,0.004496798384934664,0.32915616035461426,25.36416244506836,0.0029079290106892586,0.23607000708580017,28.32460594177246,0.0014707515947520733,25.0458984375,0.003129033138975501,0.2834709584712982,22.885896682739258,0.005145295523107052,0.28609299659729004,22.400104522705078,0.005754263140261173,0.34158703684806824,28.142723083496094,0.0015336548676714301,0.06343595683574677,29.38266944885254,0.0011527446331456304,27.979869842529297,0.0015922564780339599,0.07356832176446915
29523,325,1,3230,-1,1,26.312427520751953,0.1635790765285492,23.739933013916016,0.16742755472660065,24.478530883789062,22.795818328857422,0.23718395829200745,21.51597023010254,23.488142013549805,0.13532611727714539,17.785831451416016,17.884803771972656,22.357301712036133,0.19262871146202087,100.0,0.2896919846534729,0.5779502391815186,3230,3262,0.4231210947036743,0,0,0.002337530953809619,0.0035657179541885853,26.67848777770996,0.002148579340428114,0.19862967729568481,0.004226752556860447,0.19569003582000732,23.587711334228516,0.0043775285594165325,0.23647497594356537,0.005253131967037916,0.01665010116994381,24.559629440307617,0.0034997519105672836,0.274463027715683,0.007053473964333534,0.2246696501970291,22.52008819580078,0.005597463343292475,0.25545305013656616,0.004479048773646355,0.016274945810437202,25.744178771972656,0.0026642950251698494,0.14763854444026947,0.005811253562569618,0.0,21.735822677612305,0.006705292966216803,0.2295907586812973,28.928720474243164,0.0012797584058716893,0.1396380364894867,33.0589714050293,0.0004944281536154449,28.53692626953125,0.0014005786506459117,0.1739068180322647,25.061960220336914,0.0031174819450825453,0.15713056921958923,24.492855072021484,0.0035539765376597643,0.19410645961761475,25.344877243041992,0.0029208704363554716,0.17993633449077606,27.27629852294922,0.001872277818620205,25.111404418945312,0.0030821922700852156,0.2208239883184433,23.275619506835938,0.004703687038272619,0.18220162391662598,22.853816986083984,0.005183441564440727,0.22182413935661316,26.760116577148438,0.002108572283759713,0.08068592101335526,27.949373245239258,0.0016034772852435708,26.602943420410156,0.002186279511079192,0.0966518223285675
29678,325,1,3449,-1,1,26.385581970214844,0.18066562712192535,23.770748138427734,0.18789267539978027,25.082311630249023,22.879566192626953,0.25445055961608887,21.468008041381836,23.55879020690918,0.14042694866657257,17.728227615356445,17.939640045166016,22.2403507232666,0.18963560461997986,100.0,0.3039543330669403,0.6181608438491821,3449,3481,0.42458486557006836,0,0,0.0022984857205301523,0.003102908143773675,26.62594985961914,0.0021747287828475237,0.2180592566728592,0.004196867812424898,0.19847355782985687,23.421039581298828,0.004548793192952871,0.24205443263053894,0.005152801983058453,0.01687241904437542,24.749834060668945,0.0033497835975140333,0.2895166575908661,0.0071318005211651325,0.23784609138965607,22.423858642578125,0.005722872447222471,0.2722753882408142,0.004406774882227182,0.01607075147330761,25.829742431640625,0.002612316980957985,0.15595901012420654,0.0059698703698813915,0.0,21.618871688842773,0.006888312753289938,0.2269389033317566,28.733007431030273,0.0013387497747316957,0.15992684662342072,33.308815002441406,0.000466786848846823,28.318273544311523,0.0014728980604559183,0.19583697617053986,24.780860900878906,0.003325937781482935,0.16401270031929016,24.18939781188965,0.0038111864123493433,0.20188993215560913,25.472543716430664,0.00283625815063715,0.19567357003688812,27.570646286010742,0.0017495868960395455,25.223812103271484,0.0030034384690225124,0.23408108949661255,23.09587287902832,0.004902447573840618,0.18859156966209412,22.671798706054688,0.00540530402213335,0.22703200578689575,26.85868263244629,0.002061255509033799,0.08606785535812378,28.052614212036133,0.0015658081974834204,26.70098304748535,0.002137478208169341,0.10491541028022766
29790,325,1,3593,-1,0,26.494762420654297,0.14440633356571198,24.78826141357422,0.1642436534166336,25.375839233398438,22.95383644104004,0.21744665503501892,22.079256057739258,23.38813018798828,0.13006216287612915,18.01509666442871,18.1212215423584,22.749727249145508,0.1407797932624817,100.0,0.28301987051963806,0.5803255438804626,3593,3625,0.39858925342559814,0,0,0.0022414226550608873,0.0029001212678849697,26.695690155029297,0.002140084747225046,0.17421439290046692,0.0033202741760760546,0.14523957669734955,24.47867202758789,0.003565603168681264,0.17422275245189667,0.005065432284027338,0.015793930739164352,24.666229248046875,0.0034148937556892633,0.2503952383995056,0.006195473950356245,0.18745602667331696,23.155153274536133,0.0048359837383031845,0.21328973770141602,0.004583392757922411,0.015412666834890842,25.350114822387695,0.0029173502698540688,0.1453384906053543,0.005309179425239563,0.0,22.12824821472168,0.006125976797193289,0.1703125238418579,29.035797119140625,0.0012485918123275042,0.1275722235441208,34.39756774902344,0.00036328163696452975,28.586151123046875,0.0013847934314981103,0.1562739908695221,26.012901306152344,0.0025044362992048264,0.11439190059900284,25.424592971801758,0.002867747563868761,0.1394307166337967,25.410484313964844,0.0028770770877599716,0.16423127055168152,27.574630737304688,0.0017479825764894485,25.155885696411133,0.0030507841147482395,0.19678671658039093,23.82377815246582,0.004145932383835316,0.1470753699541092,23.43030548095703,0.004539099056273699,0.1759500801563263,26.419723510742188,0.002280488144606352,0.08263764530420303,28.180683135986328,0.0015203084331005812,26.202526092529297,0.0023974385112524033,0.10024165362119675
29834,325,1,3637,-1,0,25.787322998046875,0.16866521537303925,23.469120025634766,0.15187768638134003,25.815296173095703,22.438383102416992,0.23020999133586884,21.146778106689453,23.116533279418945,0.13239526748657227,17.983688354492188,18.085065841674805,21.854782104492188,0.15691545605659485,100.0,0.2874334752559662,0.528392493724823,3637,3669,0.39514243602752686,0,0,0.0026379574555903673,0.002621021121740341,25.783035278320312,0.0026405630633234978,0.1958540976047516,0.004498713184148073,0.16586993634700775,23.117921829223633,0.004877618979662657,0.1918172538280487,0.005703768227249384,0.01590857468545437,23.83650779724121,0.004133798647671938,0.2603429853916168,0.007679311092942953,0.20341576635837555,21.871074676513672,0.00649968720972538,0.2241109311580658,0.004879176616668701,0.015541517175734043,24.896137237548828,0.003238816512748599,0.14256419241428375,0.006524119060486555,0.0,21.23330307006836,0.007527829613536596,0.18217970430850983,28.205677032470703,0.0015115842688828707,0.14544160664081573,33.40763854980469,0.0004562849353533238,27.762605667114258,0.0016739380080252886,0.172968327999115,24.50579833984375,0.0035433995071798563,0.12950050830841064,23.919204711914062,0.004055829253047705,0.15258564054965973,24.738521575927734,0.0033585194032639265,0.17806123197078705,27.49778938293457,0.0017791840946301818,24.4351749420166,0.003601494012400508,0.20878860354423523,22.612205505371094,0.005479989107698202,0.1558738797903061,22.14317512512207,0.006104953587055206,0.18077267706394196,26.09775733947754,0.00245597749017179,0.08662696927785873,28.604795455932617,0.001378860673867166,25.814189910888672,0.002621687715873122,0.10098738223314285
29850,325,1,3653,-1,0,22.695720672607422,0.2598024904727936,20.47924041748047,0.22953788936138153,23.91781234741211,20.60523223876953,0.3053438365459442,19.13939094543457,22.210081100463867,0.14761865139007568,17.807748794555664,17.813640594482422,19.311023712158203,0.3248838782310486,100.0,0.3798609673976898,0.6042681932449341,3653,3685,0.38866740465164185,0,0,0.005375615321099758,0.004057128448039293,22.53485870361328,0.005578459240496159,0.29707759618759155,0.008955215103924274,0.34748220443725586,20.04436492919922,0.00989836547523737,0.39900314807891846,0.008699147030711174,0.016566284000873566,21.25586700439453,0.007488818373531103,0.3393750488758087,0.012191605754196644,0.3505074381828308,19.300342559814453,0.011748054064810276,0.39793068170547485,0.0060116262175142765,0.016543827950954437,23.57408332824707,0.004391286987811327,0.15555861592292786,0.011719194240868092,0.0,18.689542770385742,0.013522147201001644,0.37519535422325134,24.170894622802734,0.003827458480373025,0.22857420146465302,30.32830238342285,0.000927192741073668,23.692007064819336,0.004273653496056795,0.2681982219219208,21.298049926757812,0.0074164289981126785,0.3042793273925781,20.698524475097656,0.008514273911714554,0.3566935062408447,22.003414154052734,0.006304615177214146,0.26300540566444397,26.493167877197266,0.0022422464098781347,21.59292221069336,0.006929594557732344,0.3042494058609009,20.044591903686523,0.009897850453853607,0.3236081004142761,19.503299713134766,0.01121166255325079,0.37659090757369995,24.84737777709961,0.003275383962318301,0.10318469256162643,28.242050170898438,0.001498977653682232,24.49933624267578,0.0035486773122102022,0.11820504069328308
30026,325,1,3893,-1,0,25.484371185302734,0.15030963718891144,22.418977737426758,0.1809031069278717,25.429485321044922,22.44561767578125,0.214104562997818,20.579835891723633,23.38235092163086,0.1423017680644989,18.115253448486328,18.2469482421875,21.066808700561523,0.1940971463918686,100.0,0.34541136026382446,0.5237323641777039,3893,3925,0.41211482882499695,0,0,0.0028285435400903225,0.002864517504349351,25.492877960205078,0.0028230093885213137,0.17235761880874634,0.005729307886213064,0.21161681413650513,22.02619171142578,0.006271637510508299,0.23821426928043365,0.005694275256246328,0.015433864668011665,23.771772384643555,0.004195877350866795,0.23344698548316956,0.008750169537961483,0.2336401343345642,21.08560562133789,0.007788241375237703,0.2556030750274658,0.004589494317770004,0.014972873032093048,25.240310668945312,0.0029920509550720453,0.14890725910663605,0.007822022773325443,0.0,20.445329666137695,0.009025411680340767,0.2223135083913803,27.415285110473633,0.0018133082194253802,0.12091267108917236,33.72612762451172,0.00042402089457027614,26.931365966796875,0.0020270447712391615,0.14352501928806305,23.09970474243164,0.004898124374449253,0.18153856694698334,22.503925323486328,0.0056183356791734695,0.2070493996143341,24.59298324584961,0.0034729759208858013,0.15636281669139862,27.895872116088867,0.0016233519418165088,24.250972747802734,0.003757533384487033,0.1806725263595581,21.752117156982422,0.006680184509605169,0.1965709626674652,21.260652542114258,0.007480574306100607,0.22340062260627747,26.333465576171875,0.0023262344766408205,0.08165398240089417,28.597354888916016,0.0013812258839607239,26.0701847076416,0.0024716202169656754,0.0951889157295227
30049,325,1,3916,-1,3,24.96743392944336,0.1871531903743744,22.17214584350586,0.1877896785736084,24.657489776611328,22.140636444091797,0.246101975440979,20.41817855834961,23.121774673461914,0.13448502123355865,17.9240779876709,18.03473663330078,21.0235595703125,0.2670578062534332,100.0,0.3522433638572693,0.5331248044967651,3916,3948,0.4153216481208801,0,0,0.0031860792078077793,0.0034217718057334423,25.01714515686035,0.003149818629026413,0.2145659327507019,0.006064366549253464,0.2792125940322876,21.80687713623047,0.006596483755856752,0.3256734609603882,0.006108525674790144,0.016128435730934143,23.403690338134766,0.004567001014947891,0.27742648124694824,0.009082012809813023,0.30372023582458496,20.93073272705078,0.008070985786616802,0.34007471799850464,0.00487329438328743,0.01572267897427082,24.94286346435547,0.003204158041626215,0.14110448956489563,0.00790030974894762,0.0,20.402080535888672,0.009115742519497871,0.311485230922699,26.939605712890625,0.002023202832788229,0.15597239136695862,31.5752010345459,0.0006957926671020687,26.52198028564453,0.0022274197544902563,0.18361900746822357,23.05743980407715,0.004946022294461727,0.24365051090717316,22.45797348022461,0.005678094923496246,0.2864091992378235,24.19747543334961,0.003804104868322611,0.1906263381242752,27.149269104003906,0.0019278493709862232,23.879837036132812,0.004092759918421507,0.2232213318347931,21.651039123535156,0.006837481167167425,0.26506516337394714,21.15789031982422,0.00765968905761838,0.3086547255516052,26.1357479095459,0.0024345864076167345,0.08109884709119797,28.279237747192383,0.0014861964154988527,25.882972717285156,0.0025804927572607994,0.09635935723781586
30175,325,1,4074,-1,3,25.078336715698242,0.20304417610168457,22.029632568359375,0.1690026968717575,25.55903434753418,22.059242248535156,0.25675901770591736,20.213422775268555,22.859926223754883,0.13064008951187134,17.90789794921875,17.959178924560547,20.662145614624023,0.251851350069046,100.0,0.334143728017807,0.505778431892395,4074,4106,0.4177033305168152,0,0,0.003105748677626252,0.0027803308330476284,25.008888244628906,0.003155812621116638,0.2342180758714676,0.006266666576266289,0.27083221077919006,21.61452865600586,0.006895207799971104,0.3152962028980255,0.0062240902334451675,0.016188640147447586,23.287269592285156,0.004691082984209061,0.284357488155365,0.009520454332232475,0.28549283742904663,20.70842742919922,0.008494882844388485,0.3151291608810425,0.005176156293600798,0.01599860191345215,24.545488357543945,0.003511164803057909,0.13708169758319855,0.008585896342992783,0.0,20.040664672851562,0.00990680418908596,0.2890927791595459,27.22197723388672,0.0018958430737257004,0.1751975119113922,32.87699508666992,0.000515585474204272,26.760902404785156,0.002108190441504121,0.20650067925453186,23.000391006469727,0.005011422093957663,0.23132678866386414,22.41002082824707,0.005741136614233255,0.27229177951812744,24.094966888427734,0.003894962603226304,0.2059045433998108,27.307701110839844,0.0018587883096188307,23.759017944335938,0.0042082201689481735,0.23921838402748108,21.501047134399414,0.007077750284224749,0.24476437270641327,21.007097244262695,0.007930313237011433,0.2825694978237152,25.75326156616211,0.002658726880326867,0.08609464019536972,28.256446838378906,0.001494016614742577,25.47001075744629,0.002837912878021598,0.0991317629814148
