index,episode,map,start,action,tics_since_decision,psnr_dec,lpips_dec,copy_psnr_dec,latent_mse,hud_psnr_dec,psnr_raw,lpips_raw,copy_psnr_raw,vae_psnr,vae_lpips,hud_psnr_raw,hud_vae_psnr,persist_psnr_raw,persist_lpips_raw,persist_hud_psnr_raw,copy_latent_mse,latent_mse_ratio,start_tic,scored_tic,context_motion,dup_latent,dup_raw,mse_dec,hud_mse_dec,scene_psnr_dec,scene_mse_dec,scene_lpips_dec,copy_mse_dec,copy_lpips_dec,scene_copy_psnr_dec,scene_copy_mse_dec,scene_copy_lpips_dec,mse_raw,hud_mse_raw,scene_psnr_raw,scene_mse_raw,scene_lpips_raw,copy_mse_raw,copy_lpips_raw,scene_copy_psnr_raw,scene_copy_mse_raw,scene_copy_lpips_raw,vae_mse,hud_vae_mse,scene_vae_psnr,scene_vae_mse,scene_vae_lpips,persist_mse_raw,persist_hud_mse_raw,scene_persist_psnr_raw,scene_persist_mse_raw,scene_persist_lpips_raw,psnr_dec_tuned,mse_dec_tuned,lpips_dec_tuned,hud_psnr_dec_tuned,hud_mse_dec_tuned,scene_psnr_dec_tuned,scene_mse_dec_tuned,scene_lpips_dec_tuned,copy_psnr_dec_tuned,copy_mse_dec_tuned,copy_lpips_dec_tuned,scene_copy_psnr_dec_tuned,scene_copy_mse_dec_tuned,scene_copy_lpips_dec_tuned,psnr_raw_tuned,mse_raw_tuned,lpips_raw_tuned,hud_psnr_raw_tuned,hud_mse_raw_tuned,scene_psnr_raw_tuned,scene_mse_raw_tuned,scene_lpips_raw_tuned,copy_psnr_raw_tuned,copy_mse_raw_tuned,copy_lpips_raw_tuned,scene_copy_psnr_raw_tuned,scene_copy_mse_raw_tuned,scene_copy_lpips_raw_tuned,vae_psnr_tuned,vae_mse_tuned,vae_lpips_tuned,hud_vae_psnr_tuned,hud_vae_mse_tuned,scene_vae_psnr_tuned,scene_vae_mse_tuned,scene_vae_lpips_tuned
896,6000,2,896,-1,0,24.87858772277832,0.10101278126239777,22.349868774414062,0.15268035233020782,25.373804092407227,22.069801330566406,0.14585533738136292,20.592674255371094,23.384511947631836,0.09459729492664337,17.796035766601562,17.81948471069336,21.288047790527344,0.1090850681066513,100.0,0.2561710774898529,0.5960093140602112,896,928,0.38630834221839905,0,0,0.0032519304659217596,0.0029014793690294027,24.807174682617188,0.0033058463595807552,0.11593116074800491,0.00582120893523097,0.12741629779338837,21.991025924682617,0.006322627887129784,0.14619089663028717,0.006208973005414009,0.016611024737358093,23.3642578125,0.00460865767672658,0.1546124815940857,0.008724339306354523,0.14936453104019165,21.199445724487305,0.007586747407913208,0.15837381780147552,0.004587211180478334,0.016521578654646873,25.60485076904297,0.0027511545922607183,0.09482227265834808,0.007433533668518066,0.0,20.666568756103516,0.008577154949307442,0.12741762399673462,26.469818115234375,0.0022543345112353563,0.0777171328663826,35.26496124267578,0.0002975117531605065,25.925437927246094,0.0025553845334798098,0.09383893013000488,22.971622467041016,0.005044728983193636,0.10559511184692383,22.372751235961914,0.005790620110929012,0.12587694823741913,24.234647750854492,0.0037716845981776714,0.1054702028632164,29.84844398498535,0.0010355133563280106,23.775131225585938,0.004192634020000696,0.12499383836984634,21.83743667602539,0.006550227291882038,0.11606737971305847,21.29833984375,0.007415936794131994,0.13731873035430908,26.88471221923828,0.002048937603831291,0.05664793401956558,30.481781005859375,0.0008949976763688028,26.52383804321289,0.002226466778665781,0.0664474293589592
4194,6000,2,4290,-1,1,24.9280948638916,0.11363647878170013,21.92608642578125,0.1731186956167221,28.067485809326172,21.912681579589844,0.1427493691444397,20.057353973388672,23.212566375732422,0.09676292538642883,18.110286712646484,18.08108901977539,20.859909057617188,0.11433614045381546,36.46255874633789,0.2688525319099426,0.6439169049263,4290,4322,0.4166839122772217,0,0,0.0032150703482329845,0.0015604551881551743,24.597171783447266,0.003469626884907484,0.1300709843635559,0.006417876575142145,0.1294090896844864,21.53703498840332,0.007019343785941601,0.14773662388324738,0.006437716074287891,0.015451522544026375,22.96624755859375,0.005050976760685444,0.14943763613700867,0.009868809022009373,0.15900184214115143,20.517595291137695,0.008876476436853409,0.17071115970611572,0.004772470332682133,0.015555760823190212,25.067508697509766,0.0031135024037212133,0.09541282057762146,0.008203687146306038,0.00022581062512472272,20.2544002532959,0.009431052021682262,0.13280870020389557,26.224246978759766,0.002385478001087904,0.09239070117473602,37.847923278808594,0.00016413741104770452,25.642793655395508,0.002727222628891468,0.10834798961877823,22.342105865478516,0.00583162484690547,0.11036404967308044,21.749391555786133,0.006684375461190939,0.1276719570159912,24.3411808013916,0.003680290188640356,0.10964000225067139,32.300846099853516,0.0005887288134545088,23.813335418701172,0.004155914764851332,0.1260666847229004,21.39185333251953,0.007257960736751556,0.1250210851430893,20.827333450317383,0.008265454322099686,0.14418341219425201,27.252288818359375,0.0018826575251296163,0.053566452115774155,32.6640625,0.0005414945771917701,26.800636291503906,0.002088990295305848,0.06132780387997627
4754,6000,2,4850,-1,1,27.10653305053711,0.17511554062366486,25.44060516357422,0.17174164950847626,27.36081886291504,23.221561431884766,0.2468741536140442,22.44348907470703,23.556488037109375,0.11749733984470367,17.983489990234375,17.986417770385742,23.581951141357422,0.19243291020393372,100.0,0.2811148762702942,0.6109305024147034,4850,4882,0.40615496039390564,0,0,0.0019469138933345675,0.0018361922120675445,27.068700790405273,0.00196394813247025,0.2058859020471573,0.002857194049283862,0.17338615655899048,25.27154541015625,0.0029706100467592478,0.20215743780136108,0.004762597847729921,0.01590929739177227,25.160247802734375,0.003047720994800329,0.28460970520973206,0.005697065498679876,0.2236141413450241,23.906513214111328,0.004067699424922466,0.25237300992012024,0.00440911203622818,0.015898574143648148,25.781490325927734,0.002641502534970641,0.12291300296783447,0.004383339546620846,0.0,22.960472106933594,0.005057699047029018,0.23044002056121826,31.038433074951172,0.0007873300928622484,0.14711329340934753,37.54751968383789,0.00017589276831131428,30.54828453063965,0.0008813972817733884,0.17706921696662903,27.513811111450195,0.001772633520886302,0.1569230556488037,26.932323455810547,0.0020265989005565643,0.187770813703537,26.51383399963379,0.002231601160019636,0.18335939943790436,32.27388000488281,0.00059239607071504,26.048858642578125,0.0024837865494191647,0.2204069197177887,24.85443878173828,0.0032700644806027412,0.18369990587234497,24.328105926513672,0.0036913855001330376,0.21996182203292847,27.402400970458984,0.0018186949891969562,0.06639062613248825,32.74835205078125,0.0005310859996825457,26.95339584350586,0.0020167885813862085,0.0786958858370781
5063,6001,3,61,-1,1,25.910654067993164,0.3272320628166199,27.365463256835938,0.2329515516757965,24.70028305053711,23.134552001953125,0.36459869146347046,23.5568904876709,24.361125946044922,0.14961743354797363,17.734230041503906,17.873762130737305,25.82332992553711,0.1620214581489563,100.0,0.26220759749412537,0.8884240984916687,61,93,0.33373379707336426,0,0,0.002564098685979843,0.003388221375644207,26.130889892578125,0.0024373105261474848,0.39546361565589905,0.001834229682572186,0.17052684724330902,27.239051818847656,0.0018884044839069247,0.20558404922485352,0.004858979023993015,0.016849109902977943,25.208072662353516,0.003014343325048685,0.4298967123031616,0.004408704582601786,0.2159864902496338,26.010591506958008,0.002505767624825239,0.24487298727035522,0.003663427196443081,0.016316378489136696,27.652755737304688,0.0017168192425742745,0.16397443413734436,0.0026161756832152605,0.0,25.201852798461914,0.0030186644289642572,0.1943887621164322,27.722270965576172,0.0016895581502467394,0.32459014654159546,33.535499572753906,0.00044304734910838306,27.255353927612305,0.0018813289934769273,0.39789316058158875,29.52195167541504,0.0011163619346916676,0.14332011342048645,28.95376968383789,0.0012723986292257905,0.1723317950963974,25.873424530029297,0.002586173126474023,0.34005922079086304,29.764163970947266,0.0010558048961684108,25.495023727416992,0.0028216142673045397,0.417926162481308,26.854633331298828,0.002063177293166518,0.16245795786380768,26.4541015625,0.002262506866827607,0.1948830783367157,28.91858673095703,0.001282748649828136,0.08334049582481384,30.968637466430664,0.0008000853704288602,28.67418670654297,0.0013570047449320555,0.09995424002408981
7567,6001,3,2725,-1,0,24.704866409301758,0.13128072023391724,23.319190979003906,0.1408311128616333,28.205791473388672,21.735363006591797,0.1866166591644287,20.933027267456055,23.170333862304688,0.10951188206672668,17.990318298339844,18.10988426208496,22.28935432434082,0.1028050035238266,100.0,0.1959967166185379,0.7185381054878235,2725,2757,0.31178581714630127,0,0,0.003384646959602833,0.0015115449205040932,24.350006103515625,0.0036728165578097105,0.1531694382429123,0.0046567292883992195,0.11140678077936172,22.83501625061035,0.005205931141972542,0.12773968279361725,0.00670600263401866,0.015884308144450188,22.762195587158203,0.005293956492096186,0.20585687458515167,0.008066723123192787,0.14773932099342346,21.609506607055664,0.006903182715177536,0.15777617692947388,0.004819108173251152,0.015452957712113857,24.971454620361328,0.0031831308733671904,0.11459028720855713,0.005902889650315046,0.0,21.667877197265625,0.006811026483774185,0.11858169734477997,26.107059478759766,0.0024507232010364532,0.12308244407176971,36.5662727355957,0.00022048184473533183,25.53799057006836,0.002793836873024702,0.14552344381809235,24.23467445373535,0.0037716617807745934,0.09009058773517609,23.63502311706543,0.004330098628997803,0.10341216623783112,24.139934539794922,0.003854843322187662,0.14442089200019836,29.23759651184082,0.0011919016251340508,23.7012939453125,0.004264526534825563,0.17110152542591095,22.78655242919922,0.0052643511444330215,0.10659198462963104,22.287635803222656,0.005905227269977331,0.12300460785627365,27.121675491333008,0.0019401367753744125,0.05689474195241928,29.58184814453125,0.0011010708985850215,26.8419246673584,0.002069223904982209,0.06705822050571442
9581,6001,3,4803,-1,2,29.639509201049805,0.07470960915088654,32.863548278808594,0.05852489545941353,28.968172073364258,24.461963653564453,0.12094993144273758,24.830127716064453,24.887184143066406,0.08581767976284027,18.066936492919922,18.023601531982422,34.89642333984375,0.015342301689088345,100.0,0.04224003106355667,1.3855315446853638,4803,4835,0.10877417027950287,0,0,0.0010865486692637205,0.001268186024390161,29.752662658691406,0.0010586046846583486,0.08669545501470566,0.0005171839147806168,0.031989265233278275,33.0356330871582,0.0004970919108018279,0.037846557796001434,0.003579346928745508,0.015606533735990524,27.622024536132812,0.0017290107207372785,0.12682701647281647,0.003288421779870987,0.09052085131406784,28.618701934814453,0.0013744526077061892,0.09169744700193405,0.0032454989850521088,0.015763038769364357,28.795169830322266,0.0013197239022701979,0.08608551323413849,0.00032386017846874893,0.0,34.27494812011719,0.00037368483026511967,0.01926940120756626,32.93521499633789,0.0005087194149382412,0.05440746620297432,38.73152160644531,0.00013392078108154237,32.46891403198242,0.0005663806805387139,0.06505690515041351,38.166622161865234,0.0001525239204056561,0.018480341881513596,37.72827911376953,0.00016872222477104515,0.022370129823684692,28.74700355529785,0.00133444182574749,0.08064340800046921,29.049373626708984,0.0012446945765987039,28.702299118041992,0.0013482491485774517,0.09742763638496399,29.812299728393555,0.001044166856445372,0.04237771034240723,29.92473793029785,0.0010174806229770184,0.05076726898550987,30.021936416625977,0.0009949620580300689,0.043947938829660416,29.15576171875,0.0012145735090598464,30.171974182128906,0.0009611756540834904,0.05284280702471733
9666,6001,3,4888,-1,3,29.72602081298828,0.06021362543106079,36.98096466064453,0.03966113552451134,29.183263778686523,24.442031860351562,0.11439651995897293,24.897663116455078,24.92306137084961,0.0883449986577034,18.193496704101562,18.05988311767578,43.66260528564453,0.002907834015786648,100.0,0.014505458064377308,2.7342214584350586,4888,4920,0.10098046809434891,0,0,0.001065118471160531,0.0012069069780409336,29.815887451171875,0.0010433049174025655,0.06913718581199646,0.00020040279196109623,0.015159308910369873,36.65501022338867,0.00021602259948849678,0.018411748111248016,0.00359581271186471,0.015158294700086117,27.406522750854492,0.001816969714127481,0.1181839182972908,0.0032376786693930626,0.08941398561000824,28.81049156188965,0.0013150760205462575,0.09072315692901611,0.0032187981996685266,0.015631897374987602,28.830303192138672,0.0013090907596051693,0.09003153443336487,4.302685920265503e-05,0.0,43.04112243652344,4.9646372644929215e-05,0.003558522555977106,32.77338409423828,0.0005280339391902089,0.04591054469347,38.417198181152344,0.00014397282211575657,32.31272888183594,0.000587120302952826,0.05479193106293678,43.3760986328125,4.5961067371536046e-05,0.0062279971316456795,42.85512924194336,5.1818788051605225e-05,0.007761056534945965,28.521268844604492,0.0014056370127946138,0.08077862113714218,28.955387115478516,0.0012719244696199894,28.458173751831055,0.0014262080658227205,0.0966990515589714,29.950546264648438,0.0010114521719515324,0.04915427416563034,30.11168670654297,0.0009746110299602151,0.05864367634057999,29.970508575439453,0.0010068139526993036,0.048564136028289795,29.01531410217285,0.0012544936034828424,30.138063430786133,0.0009687094134278595,0.05845075845718384
10346,6002,4,626,-1,2,26.9400577545166,0.21227501332759857,22.758384704589844,0.20702724158763885,23.320846557617188,23.951261520385742,0.2739415764808655,21.38128662109375,25.123117446899414,0.09585873037576675,17.566024780273438,17.558910369873047,22.901823043823242,0.2586575448513031,100.0,0.2992080748081207,0.6919173002243042,626,658,0.367535799741745,0,0,0.0020229925867170095,0.004654953256249428,27.91001319885254,0.0016180755337700248,0.2486245036125183,0.005298607051372528,0.2614136040210724,22.664043426513672,0.005414966493844986,0.31580469012260437,0.004026002250611782,0.01751449517905712,27.097763061523438,0.0019508496625348926,0.30948925018310547,0.007275640033185482,0.2880120575428009,22.41815185546875,0.005730400327593088,0.33734631538391113,0.0030738890636712313,0.017543209716677666,30.716861724853516,0.0008478400413878262,0.09483378380537033,0.005126461386680603,0.0,22.280345916748047,0.0059151481837034225,0.31942370533943176,29.074790954589844,0.0012374308425933123,0.19271087646484375,33.13124465942383,0.000486267963424325,28.687040328979492,0.0013529944699257612,0.23284673690795898,23.42955780029297,0.004539879504591227,0.24222391843795776,22.85735321044922,0.005179224535822868,0.30009493231773376,27.64737319946289,0.00171894789673388,0.22055289149284363,29.228498458862305,0.0011944009456783533,27.44812774658203,0.0017996475799009204,0.2659849226474762,23.01399040222168,0.004995754454284906,0.25363409519195557,22.513744354248047,0.005605642683804035,0.31513267755508423,31.452896118164062,0.0007156659848988056,0.053645677864551544,29.543331146240234,0.0011108794715255499,31.838491439819336,0.0006548639503307641,0.06432969123125076
11741,6002,4,2021,-1,1,26.522977828979492,0.1916060447692871,22.310409545898438,0.20328672230243683,24.51280403137207,23.429365158081055,0.23117123544216156,20.85646629333496,24.56927490234375,0.0906907394528389,17.390663146972656,17.34893035888672,22.21709442138672,0.2625179886817932,100.0,0.33252307772636414,0.6113461852073669,2021,2053,0.3939698338508606,0,0,0.0022269082255661488,0.003537689335644245,26.93521499633789,0.00202524964697659,0.22505362331867218,0.005874339025467634,0.27888190746307373,22.094635009765625,0.006173573434352875,0.327038049697876,0.004540079738944769,0.01823616772890091,26.138599395751953,0.002432989189401269,0.2585466504096985,0.008210193365812302,0.29694420099258423,21.798751831054688,0.006608834955841303,0.3406485915184021,0.003491985145956278,0.018412260338664055,29.220664978027344,0.0011965581215918064,0.08750227093696594,0.006001926027238369,0.0,21.595613479614258,0.006925300229340792,0.3186849057674408,28.603107452392578,0.0013793972320854664,0.1725262701511383,33.06409454345703,0.0004938447382301092,28.194049835205078,0.0015156361041590571,0.20928965508937836,23.0740909576416,0.004927095957100391,0.2507549822330475,22.48070526123047,0.005648452788591385,0.3091663718223572,26.87110710144043,0.002055366989225149,0.19212567806243896,27.68520736694336,0.0017040373058989644,26.75837516784668,0.0021094176918268204,0.23079495131969452,22.487869262695312,0.005639140959829092,0.2614189684391022,22.043163299560547,0.006247174460440874,0.31779587268829346,30.050067901611328,0.0009885374456644058,0.04890405386686325,27.695045471191406,0.0017001818632707,30.559846878051758,0.0008790536667220294,0.058903131633996964
12008,6002,4,2288,-1,0,24.651472091674805,0.16953983902931213,22.641883850097656,0.22167335450649261,24.365142822265625,22.455135345458984,0.2036498785018921,21.00276756286621,24.80887222290039,0.08513204008340836,17.418373107910156,17.380535125732422,22.35734748840332,0.24671626091003418,100.0,0.3359488546848297,0.6598425507545471,2288,2320,0.3787443935871124,0,0,0.0034265166614204645,0.00366003904491663,24.697248458862305,0.0033905901946127415,0.19580671191215515,0.005442666821181774,0.25215548276901245,22.32681655883789,0.005852187983691692,0.29632070660591125,0.0056818085722625256,0.018120193853974342,24.238651275634766,0.0037682100664824247,0.23190122842788696,0.007938222028315067,0.27119937539100647,21.99392318725586,0.006318411789834499,0.31305956840515137,0.0033045539166778326,0.018278753384947777,29.99639320373535,0.001000831020064652,0.08702653646469116,0.0058111934922635555,0.0,21.735868453979492,0.0067052231170237064,0.2972651422023773,25.690994262695312,0.0026971232146024704,0.1425301879644394,32.92745590209961,0.0005096293753013015,25.180330276489258,0.0030336608178913593,0.169206440448761,23.09767723083496,0.004900409374386072,0.23491501808166504,22.50119972229004,0.00562185887247324,0.2806394398212433,24.84223175048828,0.0032792675774544477,0.16155049204826355,28.158445358276367,0.0015281136147677898,24.49933624267578,0.003548676148056984,0.19475983083248138,22.562082290649414,0.005543600767850876,0.2452327460050583,22.0863037109375,0.006185424979776144,0.29634180665016174,30.914222717285156,0.0008101729908958077,0.04030225798487663,28.690528869628906,0.001351908198557794,31.385677337646484,0.0007268291665241122,0.048621468245983124
12722,6002,4,3002,-1,2,24.13046646118164,0.15858083963394165,24.707443237304688,0.17523573338985443,25.328882217407227,21.400543212890625,0.1937498152256012,21.677457809448242,23.09756851196289,0.10334628075361252,17.5524845123291,17.54315948486328,23.762165069580078,0.066656693816185,36.46255874633789,0.1602027863264084,1.093837022781372,3002,3034,0.44433701038360596,0,0,0.0038632568903267384,0.0029316474683582783,23.972261428833008,0.0040065813809633255,0.18400143086910248,0.003382639493793249,0.09348452091217041,24.726627349853516,0.0033677297178655863,0.10585199296474457,0.007243456784635782,0.017569182440638542,22.475765228271484,0.005654883570969105,0.21213139593601227,0.006796012632548809,0.13157525658607483,22.96432876586914,0.005053207278251648,0.13653406500816345,0.004900533705949783,0.0176069475710392,25.30811309814453,0.002945701126009226,0.10333256423473358,0.004205171950161457,0.00022581062512472272,23.171890258789062,0.004817381501197815,0.07751037925481796,25.323646545410156,0.002935184398666024,0.1310030221939087,32.65176010131836,0.0005430302699096501,24.810640335083008,0.0033032081555575132,0.15525734424591064,26.0495662689209,0.0024833811912685633,0.07066702842712402,25.528165817260742,0.002800162648782134,0.08340713381767273,23.391035079956055,0.004580327309668064,0.14662155508995056,26.88329315185547,0.0020496081560850143,23.036725997924805,0.0049696690402925014,0.17336972057819366,23.833467483520508,0.004136691801249981,0.0907963365316391,23.495866775512695,0.004471088293939829,0.1051984652876854,26.586158752441406,0.0021947461646050215,0.06498977541923523,27.26283836364746,0.0018780898535624146,26.490812301635742,0.002243462484329939,0.07602722197771072
17163,6003,5,2370,-1,2,25.488779067993164,0.28964319825172424,20.568653106689453,0.23630979657173157,25.527603149414062,22.505634307861328,0.3472836911678314,19.278656005859375,23.86031150817871,0.11851191520690918,17.569969177246094,17.688692092895508,20.005970001220703,0.28587788343429565,100.0,0.34470245242118835,0.6855471730232239,2370,2402,0.45692503452301025,0,0,0.0028256746008992195,0.002800527261570096,25.482837677001953,0.002829543314874172,0.3414602279663086,0.008772735483944416,0.2920871376991272,20.09699058532715,0.009779148735105991,0.3342050313949585,0.005616122391074896,0.017498590052127838,24.21584129333496,0.00378805142827332,0.3929770588874817,0.011806863360106945,0.327360063791275,19.606868743896484,0.010947455652058125,0.3615892231464386,0.004111203830689192,0.017026714980602264,26.72804069519043,0.002124201972037554,0.12153065204620361,0.009986263699829578,0.0,19.384490966796875,0.01152261346578598,0.33041080832481384,27.227462768554688,0.0018934492254629731,0.27507081627845764,33.22392272949219,0.00047600100515410304,26.754053115844727,0.002111518057063222,0.32829877734184265,20.923545837402344,0.008084357716143131,0.2713624835014343,20.31778335571289,0.009294407442212105,0.3145589232444763,24.984111785888672,0.003173868404701352,0.30919110774993896,26.651798248291016,0.0021618232131004333,24.776123046875,0.0033295676112174988,0.3658587336540222,20.243011474609375,0.009455815888941288,0.2876901924610138,19.738752365112305,0.010620007291436195,0.3317590653896332,27.66563606262207,0.0017117351526394486,0.07456007599830627,27.123031616210938,0.0019395316485315561,27.755474090576172,0.0016766893677413464,0.08584978431463242
18967,6003,5,4238,-1,0,24.262798309326172,0.24191975593566895,21.957435607910156,0.2610161006450653,24.32461929321289,21.84027671813965,0.27723264694213867,20.340038299560547,24.321897506713867,0.10132163763046265,17.456912994384766,17.70844268798828,21.166095733642578,0.2687741816043854,100.0,0.3912453353404999,0.6671417355537415,4238,4270,0.39988669753074646,0,0,0.003747315611690283,0.0036943501327186823,24.25336456298828,0.003755464218556881,0.27927911281585693,0.006371716968715191,0.2664062976837158,21.486404418945312,0.007101656869053841,0.3086761236190796,0.006545946933329105,0.017960093915462494,23.196714401245117,0.004789924249053001,0.31052613258361816,0.009246902540326118,0.3012687563896179,20.93740463256836,0.008058601059019566,0.3357849419116974,0.003696666331961751,0.01694945991039276,27.804744720458984,0.001657775486819446,0.09769576787948608,0.007645231205970049,0.0,20.544614791870117,0.00882142037153244,0.3149625360965729,24.97844886779785,0.00317800953052938,0.22176149487495422,35.39621353149414,0.0002886549336835742,24.40988540649414,0.0036225258372724056,0.26174670457839966,22.1986083984375,0.006027529016137123,0.2448578029870987,21.58855438232422,0.00693656736984849,0.287672221660614,23.823974609375,0.004145747050642967,0.24968910217285156,29.63661003112793,0.0010872742859646678,23.35707664489746,0.004616281483322382,0.29454028606414795,21.582910537719727,0.006945586763322353,0.2665631175041199,21.034452438354492,0.007880515418946743,0.3120708167552948,28.75187873840332,0.0013329448411241174,0.05803970992565155,30.741540908813477,0.0008430355810560286,28.513002395629883,0.001408315496519208,0.0673770010471344
21234,6004,2,1471,-1,3,29.250707626342773,0.08989778906106949,25.58648109436035,0.13908779621124268,27.194787979125977,24.423603057861328,0.13556022942066193,22.906147003173828,24.862497329711914,0.08854418992996216,17.867643356323242,18.02066421508789,25.046913146972656,0.15762251615524292,100.0,0.2794574201107025,0.4977065920829773,1471,1503,0.37656480073928833,0,0,0.001188308815471828,0.001907748868688941,29.675321578979492,0.0010776256676763296,0.10589092969894409,0.0027628156822174788,0.15922383964061737,25.350942611694336,0.002916793804615736,0.1913461685180664,0.003611101070418954,0.016339389607310295,27.817527770996094,0.0016529029235243797,0.1463547796010971,0.005121361464262009,0.1794736087322235,24.529434204101562,0.003524170024320483,0.20122858881950378,0.0032640032004565,0.015773702412843704,28.730789184570312,0.0013394338311627507,0.08990348875522614,0.0031283018179237843,0.0,24.425434112548828,0.003609578823670745,0.190962553024292,32.73839569091797,0.0005323050427250564,0.07221956551074982,36.138771057128906,0.00024328927975147963,32.38998031616211,0.0005767690017819405,0.08782300353050232,26.7198486328125,0.0021282134111970663,0.1450946182012558,26.150419235229492,0.002426375402137637,0.17599765956401825,29.01126480102539,0.0012556650908663869,0.09918755292892456,30.82076644897461,0.0008277964079752564,28.789358139038086,0.001321490970440209,0.11932381987571716,25.407609939575195,0.002878981875255704,0.15999391674995422,24.946941375732422,0.003201148472726345,0.19349265098571777,30.2501277923584,0.0009440332069061697,0.047078803181648254,31.623851776123047,0.0006880419095978141,30.07262420654297,0.0009834165684878826,0.05671553686261177
22851,6004,2,3088,-1,0,27.52660369873047,0.20962361991405487,24.367712020874023,0.16636650264263153,23.635560989379883,24.24281120300293,0.2524805963039398,22.448070526123047,25.45366668701172,0.08665938675403595,17.620223999023438,17.759645462036133,24.174156188964844,0.2682357728481293,100.0,0.31839480996131897,0.5225163698196411,3088,3120,0.39901426434516907,0,0,0.0017674200935289264,0.004329562187194824,28.622522354125977,0.001373244565911591,0.24750706553459167,0.0036578753497451544,0.2734488844871521,24.296478271484375,0.0037183668464422226,0.3281342387199402,0.0037646014243364334,0.01729726791381836,27.74005699157715,0.001682652742601931,0.2915818393230438,0.005691058002412319,0.29247617721557617,23.912700653076172,0.004061905201524496,0.33781489729881287,0.0028486130759119987,0.016750795766711235,31.488544464111328,0.000709815532900393,0.09127047657966614,0.0038245851173996925,0.0,23.552677154541016,0.004412982612848282,0.324964314699173,29.691936492919922,0.0010735106188803911,0.20135383307933807,34.147804260253906,0.0003847865154966712,29.283138275146484,0.0011794683523476124,0.2419441193342209,24.91436195373535,0.0032252524979412556,0.2597021460533142,24.328380584716797,0.0036911547649651766,0.31531262397766113,28.395580291748047,0.0014469119487330317,0.21833404898643494,29.85891342163086,0.0010330196237191558,28.208541870117188,0.0015105877537280321,0.2644839286804199,24.426513671875,0.0036086831241846085,0.2607470452785492,23.945659637451172,0.004031198099255562,0.31595295667648315,32.444908142089844,0.0005695202853530645,0.04760938137769699,30.42365074157715,0.000907057779841125,32.860130310058594,0.0005175914266146719,0.05937639996409416
23068,6004,2,3305,-1,1,24.705276489257812,0.1610954999923706,22.81123924255371,0.18118713796138763,26.028945922851562,22.239334106445312,0.20497292280197144,21.09722328186035,24.00739288330078,0.09862329810857773,17.705354690551758,17.759872436523438,22.185199737548828,0.1277378350496292,100.0,0.2813241481781006,0.6440511345863342,3305,3337,0.38902878761291504,0,0,0.0033843268174678087,0.002495201537385583,24.533199310302734,0.003521115053445101,0.1834210604429245,0.0052345129661262035,0.13096854090690613,22.485580444335938,0.0056421165354549885,0.14825887978076935,0.005971268750727177,0.016961514949798584,23.685094833374023,0.004280461929738522,0.22911572456359863,0.007767433766275644,0.1661989986896515,21.902137756347656,0.006453368347138166,0.17795194685459137,0.003974302671849728,0.016749925911426544,26.9705867767334,0.002008821815252304,0.10146982222795486,0.00604616804048419,0.0,21.563718795776367,0.006976347882300615,0.14971470832824707,26.252735137939453,0.002369882306084037,0.145473450422287,35.843624114990234,0.00026039787917397916,25.695350646972656,0.0026944181881844997,0.17396177351474762,23.751422882080078,0.0042155832052230835,0.10683255642652512,23.153987884521484,0.004837282467633486,0.12835335731506348,24.606416702270508,0.0034622489474713802,0.17313015460968018,29.721487045288086,0.0010662312852218747,24.167030334472656,0.0038308671209961176,0.20663079619407654,22.68214225769043,0.005392447113990784,0.13701863586902618,22.152450561523438,0.006091930903494358,0.16112294793128967,28.330747604370117,0.0014686734648421407,0.06448858976364136,30.547285079956055,0.0008816003100946546,28.07155990600586,0.0015589925460517406,0.07797855138778687
25613,6005,3,990,-1,2,24.8560791015625,0.11365184932947159,23.658933639526367,0.14446115493774414,27.507667541503906,22.103670120239258,0.14700566232204437,21.32958984375,23.708568572998047,0.08684607595205307,17.950288772583008,17.916791915893555,22.847484588623047,0.07056475430727005,100.0,0.1659371703863144,0.8705774545669556,990,1022,0.37364912033081055,0,0,0.0032688300125300884,0.0017751430859789252,24.561023712158203,0.0034986278042197227,0.1324622482061386,0.004306325688958168,0.09024675190448761,23.23558807373047,0.004747240338474512,0.10329531878232956,0.006160745397210121,0.01603139564394951,23.33277702331543,0.004642183892428875,0.1567554473876953,0.007362768519669771,0.12771299481391907,22.212146759033203,0.006008765194565058,0.13029156625270844,0.00425738887861371,0.016155514866113663,26.14946746826172,0.002426908118650317,0.0830380767583847,0.0051910062320530415,0.0,22.22600555419922,0.005989622790366411,0.08433131873607635,26.133560180664062,0.002435812959447503,0.09502477198839188,36.86235046386719,0.0002059516846202314,25.561317443847656,0.0027788688894361258,0.11361247301101685,24.58267593383789,0.0034812281373888254,0.06714580953121185,23.974533081054688,0.004004487302154303,0.0791076198220253,24.433372497558594,0.003602987853810191,0.11616671830415726,29.292049407958984,0.0011770506389439106,24.005308151245117,0.0039762090891599655,0.13822801411151886,23.24646759033203,0.0047353641130030155,0.08721736073493958,22.76165771484375,0.005294615402817726,0.10194583982229233,28.17510986328125,0.001522260601632297,0.04834473878145218,29.47113800048828,0.0011295001022517681,28.006057739257812,0.001582685043103993,0.058667007833719254
25894,6005,3,1303,-1,1,24.28872299194336,0.17237511277198792,25.34665870666504,0.2371729165315628,24.49658966064453,21.9512939453125,0.20976649224758148,22.42302703857422,23.999174118041992,0.09861499071121216,17.799861907958984,17.95615005493164,23.67854118347168,0.09262605011463165,30.059289932250977,0.2172059565782547,1.0919263362884521,1303,1335,0.35552796721458435,0,0,0.0037250122986733913,0.0035509224981069565,24.257610321044922,0.0037517952732741833,0.19192001223564148,0.002919673454016447,0.09771063923835754,25.293270111083984,0.002955786418169737,0.1106337308883667,0.0063807349652051926,0.016596391797065735,23.179367065429688,0.004809095524251461,0.22569076716899872,0.005723970476537943,0.13322852551937103,23.992624282836914,0.003987839911133051,0.1383490264415741,0.00398182962089777,0.01600976474583149,26.713394165039062,0.002131378510966897,0.099674753844738,0.004286924377083778,0.000986440689302981,23.19239616394043,0.004794691223651171,0.10653761029243469,25.800874710083008,0.0026297392323613167,0.14996546506881714,29.619037628173828,0.001091682119295001,25.42668914794922,0.0028663636185228825,0.1720283329486847,26.85635757446289,0.002062359591946006,0.07955294102430344,26.516416549682617,0.0022302751895040274,0.09116387367248535,24.163406372070312,0.0038340638857334852,0.16495934128761292,27.4117488861084,0.0018147843657061458,23.82504653930664,0.004144721664488316,0.18988382816314697,24.73598289489746,0.003360484493896365,0.09333866834640503,24.416736602783203,0.00361681473441422,0.1090814620256424,28.336641311645508,0.001466682180762291,0.0489506796002388,30.749584197998047,0.0008414756739512086,28.06077766418457,0.0015628677792847157,0.05710214376449585
28068,6005,3,3605,-1,2,23.07549285888672,0.1356639862060547,19.066936492919922,0.20272782444953918,27.78352928161621,20.886943817138672,0.1750519722700119,18.000091552734375,23.245044708251953,0.07994206994771957,18.078304290771484,18.155349731445312,18.47831916809082,0.19642166793346405,33.61024475097656,0.3312492072582245,0.6120100021362305,3605,3637,0.25122153759002686,0,0,0.00492550665512681,0.0016658925451338291,22.654415130615234,0.005426986608654261,0.1593068540096283,0.01239671092480421,0.19917334616184235,18.555055618286133,0.013947438448667526,0.23244094848632812,0.008152778260409832,0.015565740875899792,21.5413818359375,0.007012322079390287,0.18976326286792755,0.01584859937429428,0.2291029691696167,17.98984146118164,0.01588604599237442,0.25153204798698425,0.004736917559057474,0.015292024239897728,25.068132400512695,0.003113055368885398,0.07647018879652023,0.014196065254509449,0.000435487600043416,17.8746395111084,0.01631307788193226,0.23083552718162537,23.689857482910156,0.004275770392268896,0.11696523427963257,38.570194244384766,0.00013898911129217595,23.087242126464844,0.004912198521196842,0.14042213559150696,19.160037994384766,0.012133781798183918,0.18680118024349213,18.56270408630371,0.013922897167503834,0.22181372344493866,22.624967575073242,0.005463908426463604,0.1360558122396469,32.16613006591797,0.0006072772084735334,22.068326950073242,0.0062110829167068005,0.16110318899154663,18.718868255615234,0.01343114860355854,0.20101094245910645,18.13938331604004,0.015348349697887897,0.23585690557956696,27.742633819580078,0.0016816542483866215,0.0391399972140789,32.777103424072266,0.0005275819567032158,27.306730270385742,0.0018592039123177528,0.04576970636844635
28245,6005,3,3782,-1,3,26.309354782104492,0.0885598361492157,23.875396728515625,0.09889962524175644,28.303600311279297,22.43671417236328,0.1332695186138153,21.296422958374023,23.13803482055664,0.0835537314414978,17.89889144897461,18.019094467163086,22.828311920166016,0.08627421408891678,100.0,0.19099923968315125,0.5178011655807495,3782,3814,0.2570691406726837,0,0,0.0023391861468553543,0.0014778828481212258,26.070053100585938,0.0024716942571103573,0.10247153043746948,0.004096949007362127,0.09770818054676056,23.358932495117188,0.00461431173607707,0.11517921090126038,0.0057059600949287415,0.016222242265939713,23.884815216064453,0.004088070709258318,0.13965606689453125,0.007419212255626917,0.1307663470506668,22.11330223083496,0.006147095002233982,0.138240247964859,0.004855082370340824,0.0157794002443552,24.983360290527344,0.003174418117851019,0.08076302707195282,0.005213974975049496,0.0,22.206832885742188,0.006016124505549669,0.10507266968488693,28.927640914916992,0.0012800769181922078,0.07519526779651642,38.68391418457031,0.0001353969710180536,28.36784553527832,0.0014561815187335014,0.08930414170026779,24.958179473876953,0.0031928778626024723,0.07438799738883972,24.345245361328125,0.0036768470890820026,0.08924156427383423,25.80194091796875,0.002629093127325177,0.09526403248310089,31.919878005981445,0.0006427057087421417,25.32437515258789,0.0029346912633627653,0.11313202232122421,23.461267471313477,0.0045068529434502125,0.0866832509636879,22.915142059326172,0.005110763479024172,0.10525196045637131,27.607460021972656,0.001734818215481937,0.03732621669769287,32.40481948852539,0.0005748018156737089,27.182209014892578,0.001913282205350697,0.045614901930093765
30237,6006,4,935,-1,3,27.98710060119629,0.10670817643404007,24.662574768066406,0.13972054421901703,24.865379333496094,24.154850006103516,0.12520024180412292,22.56182861328125,25.38181495666504,0.050363339483737946,17.2203426361084,17.459545135498047,24.876937866210938,0.1573060303926468,100.0,0.24210630357265472,0.5771040916442871,935,967,0.3348850905895233,0,0,0.001589608145877719,0.0032618362456560135,28.753843307495117,0.0013323421590030193,0.12720441818237305,0.003417767584323883,0.1593102216720581,24.607357025146484,0.003461499698460102,0.18852800130844116,0.003841626225039363,0.018965570256114006,28.196260452270508,0.0015148655511438847,0.13578376173973083,0.005543923005461693,0.18182766437530518,24.395877838134766,0.0036342276725918055,0.19826509058475494,0.0028961331117898226,0.017949217930436134,32.363670349121094,0.000580273917876184,0.041619785130023956,0.0032531663309782743,0.0,24.25545883178711,0.0037536530289798975,0.18921810388565063,30.149662017822266,0.0009661265648901463,0.09402330219745636,34.57476043701172,0.0003487579815555364,29.74241065979004,0.0010611063335090876,0.11467889696359634,25.49901580810547,0.002819022163748741,0.15390488505363464,24.923107147216797,0.003218764904886484,0.18482232093811035,28.77576446533203,0.0013256339589133859,0.09841078519821167,28.919382095336914,0.0012825134908780456,28.75408363342285,0.0013322678860276937,0.12163046002388,24.95077896118164,0.0031983216758817434,0.1578068882226944,24.531042098999023,0.0035228647757321596,0.18981459736824036,32.981632232666016,0.0005033115739934146,0.021469514816999435,29.534317016601562,0.001113187987357378,33.87762451171875,0.00040948446257971227,0.027017291635274887
30604,6006,4,1302,-1,2,27.219318389892578,0.10403403639793396,25.48282814025879,0.1876693218946457,24.341886520385742,23.547517776489258,0.12567570805549622,22.621755599975586,24.361587524414062,0.06206457316875458,17.357765197753906,17.539865493774414,24.6265869140625,0.07627274841070175,100.0,0.21204864978790283,0.8850295543670654,1302,1334,0.35723674297332764,0,0,0.0018970033852383494,0.0036796932108700275,27.89750099182129,0.001622743671759963,0.12208130955696106,0.0028295491356402636,0.08423810452222824,25.409257888793945,0.002877891529351473,0.0981220155954361,0.0044182296842336655,0.018374845385551453,26.437719345092773,0.002271058037877083,0.13296103477478027,0.00546795129776001,0.10111134499311447,24.52155876159668,0.003530564485117793,0.10642769932746887,0.0036630360409617424,0.017620308324694633,28.19368553161621,0.0015157632296904922,0.058768387883901596,0.003446208080276847,0.0,24.005107879638672,0.003976393956691027,0.09512411057949066,29.63943862915039,0.0010865655494853854,0.09031794965267181,32.77714157104492,0.0005275774747133255,29.308635711669922,0.001172563643194735,0.11071362346410751,26.816083908081055,0.002081572776660323,0.06531786173582077,26.237028121948242,0.002378467470407486,0.07932713627815247,27.16827392578125,0.001919431728310883,0.1054224818944931,27.839641571044922,0.0016445080982521176,27.073612213134766,0.001961727626621723,0.12665173411369324,25.27161407470703,0.002970562083646655,0.08029761910438538,24.905208587646484,0.0032320579048246145,0.0987943485379219,29.17778778076172,0.0012084299232810736,0.03519102558493614,29.03622817993164,0.0012484673643484712,29.199979782104492,0.0012022702721878886,0.04710754007101059
31088,6006,4,1786,-1,2,24.843034744262695,0.15315735340118408,18.56197738647461,0.20195670425891876,25.243247985839844,22.518848419189453,0.1808464080095291,17.84343910217285,24.62325096130371,0.08051921427249908,17.313262939453125,17.476627349853516,18.362159729003906,0.28491753339767456,100.0,0.3946760892868042,0.5117024183273315,1786,1818,0.4391445815563202,0,0,0.0032786629162728786,0.0029900267254561186,24.78460693359375,0.003323068842291832,0.17911827564239502,0.013925230130553246,0.29397469758987427,18.050453186035156,0.015665872022509575,0.3501097559928894,0.005599061027169228,0.018564093858003616,24.43161964416504,0.0036044407170265913,0.19993731379508972,0.016430702060461044,0.312607079744339,17.90960121154785,0.01618228666484356,0.3624877333641052,0.003448854899033904,0.017878752201795578,29.104938507080078,0.001228870707564056,0.08132557570934296,0.01458088681101799,0.0,17.740680694580078,0.01682410016655922,0.3469890356063843,26.29087257385254,0.0023491624742746353,0.13737881183624268,35.01656723022461,0.00031502373167313635,25.747745513916016,0.0026621066499501467,0.1657867729663849,18.82127571105957,0.013118148781359196,0.269783079624176,18.21160316467285,0.015095229260623455,0.32741570472717285,25.15009307861328,0.003054856788367033,0.15066470205783844,28.336009979248047,0.0014668952208012342,24.815969467163086,0.003299158765003085,0.18327271938323975,18.534494400024414,0.014013629406690598,0.2804054915904999,17.973134994506836,0.01594727858901024,0.34033137559890747,30.292041778564453,0.000934966083150357,0.043635930866003036,28.681154251098633,0.0013548295246437192,30.60295295715332,0.0008703717612661421,0.052075620740652084
34752,6007,5,306,-1,2,24.126853942871094,0.15135891735553741,22.33047103881836,0.17137424647808075,26.557086944580078,21.505325317382812,0.18442678451538086,20.586498260498047,23.430408477783203,0.08528818190097809,17.340774536132812,17.406009674072266,21.563053131103516,0.20609599351882935,100.0,0.31167086958885193,0.5498564839363098,306,338,0.3691905438899994,0,0,0.0038664713501930237,0.0022094857413321733,23.84956169128418,0.004121392033994198,0.1746130883693695,0.0058472673408687115,0.2196013182401657,21.96721076965332,0.006357393693178892,0.254457026720047,0.00707078306004405,0.018446868285536766,22.74038314819336,0.005320615600794554,0.20312218368053436,0.008736755698919296,0.24325613677501678,21.27178382873535,0.007461423519998789,0.2713054120540619,0.004538988694548607,0.018171848729252815,26.12320899963379,0.00244162674061954,0.08074826747179031,0.0069774179719388485,0.0,20.941574096679688,0.008050866425037384,0.24224480986595154,25.808719635009766,0.0026249918155372143,0.13278692960739136,36.217628479003906,0.00023891169985290617,25.240266799926758,0.002992080757394433,0.1580401062965393,23.276729583740234,0.0047024814411997795,0.20458167791366577,22.675302505493164,0.005400944035500288,0.24083246290683746,23.847360610961914,0.00412348285317421,0.1465100795030594,30.553075790405273,0.0008804252138361335,23.35131072998047,0.004622414708137512,0.17389893531799316,22.097213745117188,0.0061699096113443375,0.2131233960390091,21.541221618652344,0.007012583315372467,0.25077906250953674,27.59432029724121,0.0017400749493390322,0.04004009813070297,31.52622413635254,0.0007036837632767856,27.213563919067383,0.0018995197024196386,0.046907585114240646
34758,6007,5,312,-1,0,25.547712326049805,0.10685177147388458,22.63064193725586,0.15150898694992065,27.799266815185547,22.025224685668945,0.14273782074451447,20.5594482421875,23.281858444213867,0.09406093508005142,17.23428726196289,17.41327667236328,21.398324966430664,0.10872683674097061,35.63117980957031,0.28007981181144714,0.5409493446350098,312,344,0.35814952850341797,0,0,0.0027875900268554688,0.0016598670044913888,25.285491943359375,0.0029610861092805862,0.1228243038058281,0.0054567730985581875,0.12528181076049805,22.173908233642578,0.006061907391995192,0.14373843371868134,0.006273030303418636,0.01890476793050766,23.63543701171875,0.004329686518758535,0.1521991789340973,0.008791336789727211,0.15412560105323792,21.29815101623535,0.007416261825710535,0.16306254267692566,0.004696930758655071,0.018141470849514008,25.802852630615234,0.0026285401545464993,0.09152783453464508,0.007247153669595718,0.0002734525769483298,20.798749923706055,0.008320030756294727,0.12737414240837097,27.38363265991211,0.0018265723483636975,0.08828724175691605,37.67762756347656,0.0001707014162093401,26.816608428955078,0.0020813215523958206,0.10496316105127335,23.545028686523438,0.004420763347297907,0.10229333490133286,22.940671920776367,0.005080810282379389,0.1213594600558281,24.57394790649414,0.003488230751827359,0.1047503650188446,31.202068328857422,0.0007582164253108203,24.080198287963867,0.003908232785761356,0.12589558959007263,22.18410301208496,0.0060476926155388355,0.1164998859167099,21.635040283203125,0.006862716283649206,0.13831785321235657,27.045867919921875,0.001974301179870963,0.04908596724271774,31.55388641357422,0.0006992162670940161,26.63446617126465,0.0021704682148993015,0.05865669995546341
35227,6007,5,781,-1,1,23.867633819580078,0.20579640567302704,20.50873565673828,0.24115677177906036,25.286596298217773,21.685617446899414,0.24108299612998962,19.307941436767578,23.82883071899414,0.1070198342204094,17.569215774536133,17.5616397857666,20.10062026977539,0.21225735545158386,100.0,0.3480769395828247,0.6928260326385498,781,813,0.4058144688606262,0,0,0.004104278050363064,0.0029603338334709406,23.685291290283203,0.004280269145965576,0.23640990257263184,0.00889460276812315,0.21048873662948608,20.014188766479492,0.009967383928596973,0.2557023763656616,0.00678325816988945,0.017501629889011383,22.895204544067383,0.005134278442710638,0.2661392092704773,0.011727509088814259,0.25483667850494385,19.64706039428711,0.010846605524420738,0.29509517550468445,0.004141112323850393,0.017532186582684517,26.8173885345459,0.002080947160720825,0.10932250320911407,0.009770979173481464,0.0,19.47913932800293,0.011274207383394241,0.26162463426589966,25.04682731628418,0.0031283628195524216,0.189219132065773,34.36793518066406,0.0003657687339000404,24.493587493896484,0.003553377464413643,0.22820384800434113,20.961994171142578,0.008013098500669003,0.1935119777917862,20.352859497070312,0.009219642728567123,0.2415333092212677,23.75313949584961,0.004213919397443533,0.20239844918251038,28.556442260742188,0.0013942989753559232,23.327613830566406,0.004647707566618919,0.23833012580871582,20.372865676879883,0.009177269414067268,0.21954824030399323,19.827314376831055,0.010405633598566055,0.26874661445617676,28.091960906982422,0.001551687135361135,0.06782317161560059,29.33403205871582,0.001165727386251092,27.928869247436523,0.001611065468750894,0.08070872724056244
48895,6010,4,295,-1,3,26.86844825744629,0.17073100805282593,20.99517822265625,0.22621460258960724,25.07736587524414,23.74951934814453,0.20521757006645203,19.978593826293945,25.512601852416992,0.08667801320552826,17.799665451049805,18.096925735473633,20.82109832763672,0.23140521347522736,34.79906463623047,0.4022301733493805,0.5624008774757385,295,327,0.4685429036617279,0,0,0.0020566252060234547,0.003106442280113697,27.22364616394043,0.001895114895887673,0.19854001700878143,0.007952109910547733,0.23776710033416748,20.627151489257812,0.00865535531193018,0.2802119553089142,0.004217433277517557,0.016597149893641472,26.358505249023438,0.0023128618486225605,0.2295946329832077,0.010049411095678806,0.26700568199157715,20.40035629272461,0.009119359776377678,0.3045208752155304,0.00281021767295897,0.015499131754040718,30.664737701416016,0.0008580771973356605,0.08717148005962372,0.00827732589095831,0.0003312027838546783,20.22285270690918,0.00949980691075325,0.27492010593414307,28.225528717041016,0.0015046907356008887,0.15866221487522125,34.34082794189453,0.00036805900163017213,27.7480525970459,0.001679557142779231,0.18817275762557983,21.270462036132812,0.007463696878403425,0.2172470986843109,20.676921844482422,0.008556729182600975,0.2603602707386017,27.032649993896484,0.001980318920686841,0.1728997528553009,29.692174911499023,0.0010734519455581903,26.736974716186523,0.002119836863130331,0.20651279389858246,21.02355194091797,0.007900319993495941,0.23148325085639954,20.473711013793945,0.00896662101149559,0.2765171527862549,31.78299331665039,0.0006632859585806727,0.04075765982270241,31.177772521972656,0.0007624700665473938,31.884071350097656,0.0006480267620645463,0.05003060773015022
52833,6010,4,4233,-1,1,19.01272964477539,0.40722817182540894,13.862325668334961,0.269021600484848,22.46328353881836,18.171104431152344,0.42549341917037964,13.559038162231445,24.184185028076172,0.0741385966539383,17.071929931640625,17.041566848754883,13.733020782470703,0.3541286587715149,100.0,0.4785524308681488,0.5621569752693176,4233,4265,0.4635983407497406,0,0,0.0125524140894413,0.005671159364283085,18.66107749938965,0.01361106988042593,0.46444547176361084,0.04109296202659607,0.36087387800216675,13.293656349182129,0.04684189334511757,0.4141579270362854,0.01523665338754654,0.019624881446361542,18.36792755126953,0.014561541378498077,0.4795256555080414,0.04406524822115898,0.3725569248199463,13.201813697814941,0.047843024134635925,0.41782185435295105,0.003815764794126153,0.019762571901082993,28.656923294067383,0.0013624096754938364,0.06713040173053741,0.04233483597636223,0.0,13.111542701721191,0.04884788393974304,0.4109511077404022,19.153778076171875,0.012151285074651241,0.36440789699554443,29.58125877380371,0.00110121991019696,18.58509635925293,0.013851296156644821,0.4241234064102173,13.888336181640625,0.04084759205579758,0.3474840521812439,13.272289276123047,0.04707292094826698,0.40428075194358826,18.84706687927246,0.01304047554731369,0.37370094656944275,25.972688674926758,0.0025277333334088326,18.339305877685547,0.014657819643616676,0.43324506282806396,13.786352157592773,0.04181815683841705,0.3533092141151428,13.192317962646484,0.047947756946086884,0.411250501871109,29.324722290039062,0.0011682281037792563,0.04578958451747894,27.116392135620117,0.0019424997735768557,29.791793823242188,0.0010491093853488564,0.051242537796497345
54922,6011,5,1171,-1,1,25.612457275390625,0.11468503624200821,23.72260284423828,0.2305038422346115,28.382518768310547,22.149612426757812,0.14691847562789917,21.10837745666504,23.342493057250977,0.09337394684553146,17.9190673828125,17.881938934326172,22.196475982666016,0.12359955161809921,100.0,0.33142295479774475,0.6954975128173828,1171,1203,0.36347246170043945,0,0,0.0027463410515338182,0.0014512700727209449,25.30828857421875,0.0029455828480422497,0.12795908749103546,0.00424365047365427,0.13967345654964447,23.306398391723633,0.004670465365052223,0.15629664063453674,0.006095911841839552,0.016147058457136154,23.420284271240234,0.004549582023173571,0.15256215631961823,0.007747514173388481,0.17481717467308044,21.907909393310547,0.0064447978511452675,0.18515600264072418,0.004631810821592808,0.016285693272948265,25.468490600585938,0.002838905667886138,0.09091510623693466,0.00603048549965024,0.0,21.574996948242188,0.006958251819014549,0.14038078486919403,27.13839340209961,0.0019326838664710522,0.09376682341098785,37.300392150878906,0.0001861919299699366,26.573062896728516,0.002201374853029847,0.10798120498657227,24.694700241088867,0.0033925792668014765,0.12122706323862076,24.090797424316406,0.0038987034931778908,0.1377153992652893,24.597911834716797,0.0034690354950726032,0.10641586035490036,29.919015884399414,0.0010188224259763956,24.14991569519043,0.0038459913339465857,0.1218627467751503,23.003541946411133,0.005007785279303789,0.13093796372413635,22.491661071777344,0.005634222645312548,0.14891429245471954,27.300111770629883,0.0018620395567268133,0.047678615897893906,30.10953140258789,0.0009750949102453887,26.99297332763672,0.001998492516577244,0.054270219057798386
55443,6011,5,1724,-1,3,24.11594009399414,0.22727037966251373,23.544357299804688,0.3151004910469055,23.17413330078125,21.748653411865234,0.28092172741889954,21.201169967651367,23.864431381225586,0.12441074848175049,17.53700828552246,17.564687728881836,22.175621032714844,0.2351309061050415,100.0,0.40321967005729675,0.7814611196517944,1724,1756,0.41514745354652405,0,0,0.0038762008771300316,0.004814892075955868,24.280832290649414,0.0037317867390811443,0.2500638961791992,0.004421446938067675,0.23293763399124146,23.35181427001953,0.004621879197657108,0.2617829740047455,0.006685515865683556,0.017631901428103447,23.009035110473633,0.005001457408070564,0.308348685503006,0.007583735045045614,0.2784956693649292,22.176631927490234,0.006058103870600462,0.3033532500267029,0.004107304848730564,0.017519885674118996,26.895551681518555,0.0020438306964933872,0.126742422580719,0.006059516221284866,0.0,21.55414390563965,0.006991749629378319,0.26730769872665405,25.32154083251953,0.0029366076923906803,0.2033720761537552,32.08440399169922,0.0006188131519593298,24.823829650878906,0.00329319154843688,0.23268747329711914,24.285118103027344,0.0037281059194356203,0.22242265939712524,23.706436157226562,0.0042594787664711475,0.25338390469551086,23.59103012084961,0.00437418557703495,0.228399395942688,27.3117618560791,0.0018570508109405637,23.222620010375977,0.004761436954140663,0.26025423407554626,22.78902244567871,0.0052613564766943455,0.24118055403232574,22.335975646972656,0.005839860532432795,0.27261483669281006,27.723560333251953,0.0016890558181330562,0.06571662425994873,28.475181579589844,0.001420632703229785,27.6186580657959,0.001730351592414081,0.07437241077423096
56748,6011,5,3061,-1,3,25.658235549926758,0.15321488678455353,22.015398025512695,0.16396045684814453,26.83281135559082,22.565698623657227,0.20433872938156128,20.358293533325195,24.136781692504883,0.10129746049642563,17.785490036010742,17.991464614868164,21.27910614013672,0.2329358458518982,100.0,0.3017018735408783,0.5434519052505493,3061,3093,0.38590186834335327,0,0,0.002717542229220271,0.0020735710859298706,25.502727508544922,0.0028166144620627165,0.17903567850589752,0.006287243217229843,0.22101545333862305,21.53801727294922,0.007017758209258318,0.2647472620010376,0.005538986995816231,0.016651403158903122,24.168710708618164,0.0038293846882879734,0.23210224509239197,0.009208114817738533,0.26634466648101807,20.90631103515625,0.008116505108773708,0.30253490805625916,0.0038576419465243816,0.01588011346757412,26.9722957611084,0.0020080311223864555,0.10353951901197433,0.007448853924870491,0.0,20.65762710571289,0.008594831451773643,0.280417799949646,27.622196197509766,0.0017289419192820787,0.1372685730457306,35.61569595336914,0.00027442918508313596,27.093616485595703,0.0019527130061760545,0.16682058572769165,22.62594985961914,0.005462672095745802,0.20830127596855164,22.018356323242188,0.0062829614616930485,0.25289157032966614,25.477903366088867,0.002832760801538825,0.15848013758659363,29.595138549804688,0.001097706495784223,25.086814880371094,0.0030996922869235277,0.19264638423919678,21.69168472290039,0.006773787550628185,0.23021124303340912,21.158092498779297,0.007659331429749727,0.27528607845306396,28.46418571472168,0.0014242338947951794,0.0626114159822464,29.75044059753418,0.0010591464815661311,28.296207427978516,0.001480401260778308,0.07455798983573914
60167,6012,2,1595,-1,0,24.77170753479004,0.20572718977928162,22.971755981445312,0.24067167937755585,26.255996704101562,21.482315063476562,0.2444751262664795,20.572845458984375,22.280441284179688,0.10302872955799103,17.998044967651367,18.181015014648438,20.933752059936523,0.3618221580982208,100.0,0.3463629484176636,0.6948540210723877,1595,1627,0.3833920657634735,0,0,0.0033329541329294443,0.0023681020829826593,24.582469940185547,0.0034813929814845324,0.2403566837310791,0.005044570658355951,0.3143896758556366,22.524356842041016,0.00559196388348937,0.3685961961746216,0.007108346093446016,0.015856072306632996,22.393857955932617,0.005762542597949505,0.2704817056655884,0.008764267899096012,0.3645023703575134,21.048986434936523,0.007854186929762363,0.4130293130874634,0.005915017798542976,0.015201924368739128,23.481155395507812,0.0044862632639706135,0.1020507887005806,0.008065378293395042,0.0,20.312273025512695,0.009306206367909908,0.42507150769233704,27.474756240844727,0.001788645633496344,0.17617470026016235,32.308555603027344,0.000587684684433043,27.047828674316406,0.0019734089728444815,0.2105681598186493,24.786418914794922,0.0033216814044862986,0.3262996971607208,24.19198226928711,0.0038089200388640165,0.3879352807998657,23.88521385192871,0.004087697248905897,0.20096680521965027,28.825395584106445,0.0013105710968375206,23.453474044799805,0.004514947067946196,0.23690259456634521,22.435115814208984,0.0057080574333667755,0.35625356435775757,21.90699577331543,0.006446151062846184,0.42136019468307495,25.314395904541016,0.002941443817690015,0.06285149604082108,30.55005645751953,0.0008810380240902305,24.869918823242188,0.0032584290020167828,0.07344286143779755
60450,6012,2,1910,-1,3,26.52585792541504,0.1717444211244583,22.81324577331543,0.19472955167293549,24.99490737915039,23.519832611083984,0.2203851044178009,21.18634033203125,24.68166732788086,0.10576637834310532,18.059856414794922,18.01260757446289,22.05289077758789,0.22648394107818604,100.0,0.35690590739250183,0.5456047058105469,1910,1942,0.3671843409538269,0,0,0.0022254320792853832,0.003165988717228174,26.817840576171875,0.0020807310938835144,0.20757168531417847,0.005232092458754778,0.23185136914253235,22.537246704101562,0.005575392860919237,0.27287372946739197,0.004446482751518488,0.01563199982047081,25.64532470703125,0.002725633792579174,0.2563605010509491,0.007609673775732517,0.24784520268440247,21.943681716918945,0.006391928996890783,0.2849906086921692,0.0034027742221951485,0.015802988782525063,28.253448486328125,0.0014950486365705729,0.11400340497493744,0.006233198568224907,0.0,21.431411743164062,0.007192152086645365,0.26851317286491394,28.209381103515625,0.0015102956676855683,0.1579151302576065,35.663238525390625,0.0002714412985369563,27.6932430267334,0.0017008886206895113,0.19119581580162048,23.135303497314453,0.004858134780079126,0.21360287070274353,22.5400447845459,0.005571798421442509,0.25418832898139954,26.621171951293945,0.002177122514694929,0.17826981842517853,30.506189346313477,0.0008899823878891766,26.24310302734375,0.0023751440457999706,0.21399153769016266,22.446022033691406,0.005693743005394936,0.22642533481121063,21.899085998535156,0.006457905285060406,0.2683548629283905,30.030241012573242,0.0009930614614859223,0.06634850800037384,31.28112030029297,0.000744540011510253,29.866168975830078,0.0010312955128028989,0.07871614396572113
61832,6012,2,3324,-1,3,28.0693359375,0.09413608908653259,24.176307678222656,0.15572719275951385,25.923519134521484,24.265239715576172,0.13689011335372925,22.284364700317383,24.850872039794922,0.08340904861688614,18.15450096130371,18.333555221557617,23.597618103027344,0.14442051947116852,100.0,0.30592337250709534,0.5090398788452148,3324,3356,0.3872995972633362,0,0,0.001559790805913508,0.0025565128307789564,28.518760681152344,0.0014064490096643567,0.10900362581014633,0.003822693368420005,0.14538514614105225,23.958332061767578,0.004019451327621937,0.16789981722831726,0.003745211288332939,0.015295017510652542,27.059049606323242,0.0019683181308209896,0.14867399632930756,0.005909675266593695,0.16672074794769287,23.42411231994629,0.004545575473457575,0.1892419010400772,0.0032727497164160013,0.014677247032523155,28.18667984008789,0.0015182113274931908,0.08349553495645523,0.004367554560303688,0.0,22.976139068603516,0.005039486102759838,0.17632260918617249,31.410602569580078,0.0007226692978292704,0.07380980998277664,36.25284957885742,0.00023698186851106584,30.983291625976562,0.0007973905303515494,0.08964414894580841,25.27198600769043,0.0029703082982450724,0.1252492219209671,24.69585418701172,0.003391677513718605,0.15346218645572662,28.397796630859375,0.001446173875592649,0.09858957678079605,29.90970802307129,0.0010210082400590181,28.205678939819336,0.001511584036052227,0.11967765539884567,24.173009872436523,0.0038255969993770123,0.1368820071220398,23.68511199951172,0.004280444234609604,0.16939178109169006,29.92841339111328,0.0010166203137487173,0.045786432921886444,30.186222076416016,0.00095802714349702,29.89007568359375,0.0010256347013637424,0.05677160620689392
63615,6013,3,80,-1,0,27.400178909301758,0.19917690753936768,26.480863571166992,0.16975998878479004,26.688968658447266,23.728235244750977,0.24787861108779907,23.20840835571289,24.302270889282227,0.09722019731998444,17.854337692260742,18.000070571899414,25.285079956054688,0.15059968829154968,100.0,0.22089062631130219,0.7685250639915466,80,112,0.3555695116519928,0,0,0.0018196265446022153,0.00214339978992939,27.520721435546875,0.0017698154551908374,0.23996716737747192,0.0022486073430627584,0.1471998691558838,26.23917579650879,0.0023772921413183212,0.18248525261878967,0.004238153342157602,0.016389522701501846,26.254878997802734,0.002368711866438389,0.28527867794036865,0.004777043592184782,0.1733483225107193,25.184497833251953,0.003030751133337617,0.1998843550682068,0.00371341104619205,0.015848681330680847,27.336633682250977,0.0018464465392753482,0.09965178370475769,0.002961365971714258,0.0,24.66360092163086,0.0034169608261436224,0.19042935967445374,30.627395629882812,0.0008654867415316403,0.18164168298244476,34.355777740478516,0.0003667940036393702,30.258529663085938,0.000942208687774837,0.22179099917411804,28.884689331054688,0.0012927987845614552,0.13438734412193298,28.30256462097168,0.0014782355865463614,0.17194244265556335,27.267086029052734,0.001876253169029951,0.21367871761322021,30.215299606323242,0.0009516341960988939,26.949708938598633,0.0020185024477541447,0.25894150137901306,26.305862426757812,0.0023410669527947903,0.14334213733673096,25.87363052368164,0.00258604995906353,0.18223677575588226,28.775402069091797,0.0013257453683763742,0.06096969544887543,31.178585052490234,0.0007623276324011385,28.500347137451172,0.0014124250737950206,0.07385331392288208
64416,6013,3,945,-1,0,27.517471313476562,0.09234941005706787,25.131471633911133,0.11929132789373398,27.2860164642334,23.525178909301758,0.12506985664367676,22.508380889892578,24.17052459716797,0.07695910334587097,17.81663703918457,17.893890380859375,24.171688079833984,0.08575417101383209,100.0,0.1811644285917282,0.6584699153900146,945,977,0.2872276306152344,0,0,0.0017711403779685497,0.0018680923385545611,27.55419921875,0.0017562246648594737,0.10576102137565613,0.00306798261590302,0.09644978493452072,24.854602813720703,0.0032699396833777428,0.11031731963157654,0.0044410135596990585,0.01653241366147995,25.882461547851562,0.002580798463895917,0.13479430973529816,0.005612572655081749,0.11526410281658173,24.03476333618164,0.003949334844946861,0.12292525917291641,0.003827785374596715,0.016240933910012245,27.171354293823242,0.0019180706003680825,0.0756293460726738,0.0038267597556114197,0.0,23.550209045410156,0.004415492061525583,0.1010248064994812,30.470478057861328,0.000897329649887979,0.07616361975669861,35.543663024902344,0.0002790190337691456,30.032894134521484,0.0009924544719979167,0.08870737254619598,26.363327026367188,0.002310294657945633,0.07773946225643158,25.7689266204834,0.0026491566095501184,0.09039601683616638,27.476884841918945,0.0017877696081995964,0.0958605483174324,30.264732360839844,0.0009408643236383796,27.17137336730957,0.0019180625677108765,0.11284002661705017,24.866714477539062,0.0032608334440737963,0.08964613080024719,24.36885643005371,0.0036569118965417147,0.10553544759750366,29.3706111907959,0.0011559503618627787,0.04170410335063934,31.825801849365234,0.0006567799719050527,29.091264724731445,0.001232745940797031,0.048770274966955185
65302,6013,3,1831,-1,2,26.422531127929688,0.1332816779613495,23.746627807617188,0.16753339767456055,25.759065628051758,22.992990493774414,0.17265531420707703,21.412935256958008,23.945011138916016,0.10043860971927643,18.111722946166992,18.064308166503906,22.206056594848633,0.12184454500675201,100.0,0.23213469982147217,0.7217077016830444,1831,1863,0.3597544729709625,0,0,0.002279014093801379,0.0026551769115030766,26.53423500061035,0.0022211428731679916,0.15251919627189636,0.00422024168074131,0.1222509890794754,23.31993293762207,0.004655933007597923,0.13843092322349548,0.005019967909902334,0.015446418896317482,24.66495132446289,0.003415898187085986,0.18629342317581177,0.007222816348075867,0.16046704351902008,22.285337448120117,0.005908351857215166,0.16917666792869568,0.004031799267977476,0.015615981072187424,26.478912353515625,0.0022496175952255726,0.10306400060653687,0.006017198786139488,0.0,21.584577560424805,0.006942921783775091,0.13995487987995148,28.695377349853516,0.0013503996888175607,0.10600809752941132,35.92045593261719,0.00025583189562894404,28.185009002685547,0.0015187945682555437,0.12491079419851303,24.555089950561523,0.003503411542624235,0.10217757523059845,23.956676483154297,0.004020985681563616,0.1183418333530426,25.598573684692383,0.0027551334351301193,0.1330513209104538,28.586627960205078,0.0013846410438418388,25.2783203125,0.002965978579595685,0.1543801724910736,23.009933471679688,0.005000422243028879,0.1199377179145813,22.534072875976562,0.005579469725489616,0.13693420588970184,27.678447723388672,0.0017066929722204804,0.052077051252126694,29.08200454711914,0.0012353777419775724,27.497745513916016,0.0017792029539123178,0.060182299464941025
66694,6013,3,3287,-1,0,25.31458282470703,0.22310058772563934,21.702787399291992,0.15933416783809662,26.125747680664062,22.4872989654541,0.24893492460250854,20.266983032226562,23.8179874420166,0.11871393024921417,17.806896209716797,18.039697647094727,21.006061553955078,0.15474708378314972,100.0,0.2667611241340637,0.5972915887832642,3287,3319,0.3451675474643707,0,0,0.002941315993666649,0.002440199488773942,25.20221710205078,0.003018410876393318,0.2481415867805481,0.006756492890417576,0.17329153418540955,21.312088012695312,0.007392494939267635,0.1881076991558075,0.005639885552227497,0.016569538041949272,24.024803161621094,0.003958400804549456,0.26709288358688354,0.00940376240760088,0.20825447142124176,20.736446380615234,0.008440251462161541,0.21891415119171143,0.004151465371251106,0.015704721212387085,26.2451171875,0.002374041359871626,0.11923673003911972,0.007932202890515327,0.0,20.38458251953125,0.009152541868388653,0.17222359776496887,26.96466636657715,0.002011561766266823,0.19675587117671967,36.30228805541992,0.00023429951397702098,26.411163330078125,0.0022849866654723883,0.2239101678133011,22.30342674255371,0.0058837952092289925,0.1441621333360672,21.703411102294922,0.006755525711923838,0.1613747477531433,24.90283966064453,0.0032338218297809362,0.21529635787010193,29.780466079711914,0.0010518486378714442,24.473915100097656,0.0035695096012204885,0.24668896198272705,21.441831588745117,0.007174918428063393,0.1626894474029541,20.8978271484375,0.008132372051477432,0.18314871191978455,27.62204933166504,0.0017290014075115323,0.06744322925806046,30.065061569213867,0.0009851306676864624,27.34370231628418,0.0018434429075568914,0.0786462128162384
68927,6014,4,674,-1,2,22.243473052978516,0.24964019656181335,18.109214782714844,0.2527105212211609,25.170515060424805,20.330331802368164,0.2732073664665222,17.239295959472656,23.731231689453125,0.08190162479877472,17.589567184448242,17.928770065307617,17.487314224243164,0.34537312388420105,35.134666442871094,0.4348139762878418,0.5811922550201416,674,706,0.34772518277168274,0,0,0.005965579301118851,0.003040526295080781,21.927635192871094,0.00641558738425374,0.2884051203727722,0.015455338172614574,0.34412556886672974,17.629152297973633,0.017261745408177376,0.3924351930618286,0.009267591871321201,0.017419802024960518,20.961828231811523,0.0080134067684412,0.3007288873195648,0.018882976844906807,0.36307966709136963,17.148860931396484,0.01928029954433441,0.4027981460094452,0.004235229454934597,0.016111019998788834,26.183101654052734,0.0024081848096102476,0.079444020986557,0.017834816128015518,0.00030657282331958413,16.87579917907715,0.020531469956040382,0.39422985911369324,22.812114715576172,0.005233457777649164,0.23218123614788055,34.74364471435547,0.00033545613405294716,22.22791290283203,0.0059869964607059956,0.2723720669746399,17.975976943969727,0.015936845913529396,0.32787758111953735,17.365537643432617,0.01834198273718357,0.37684106826782227,21.992910385131836,0.0063198828138411045,0.23690959811210632,30.480754852294922,0.0008952090283855796,21.454238891601562,0.007154447957873344,0.2779284715652466,17.658935546875,0.017143772915005684,0.33678603172302246,17.061378479003906,0.01967262104153633,0.3866444528102875,28.93804359436035,0.0012770146131515503,0.04003753513097763,31.085386276245117,0.0007788633811287582,28.684925079345703,0.0013536532642319798,0.047946520149707794
70155,6014,4,1934,-1,1,28.710269927978516,0.12388180196285248,24.909408569335938,0.1526271104812622,27.7213191986084,24.513957977294922,0.1616540104150772,22.77789306640625,26.03452491760254,0.07040444016456604,17.936695098876953,18.057443618774414,25.02683448791504,0.2496051788330078,100.0,0.3368884027004242,0.4530494511127472,1934,1966,0.4016087055206299,0,0,0.001345777534879744,0.0016899274196475744,28.884580612182617,0.0012928314972668886,0.14941763877868652,0.003228935180231929,0.23976129293441772,24.751079559326172,0.0033488229382783175,0.2951562702655792,0.0035367505624890327,0.01608164981007576,27.940473556518555,0.001606766483746469,0.18264736235141754,0.005274857394397259,0.2743138074874878,24.520557403564453,0.0035313793923705816,0.3219168186187744,0.002491998253390193,0.015640685334801674,33.28712844848633,0.00046912333345972,0.06671475619077682,0.003142798785120249,0.0,24.40535545349121,0.0036263063084334135,0.30943289399147034,30.08875274658203,0.0009797712555155158,0.11819975078105927,35.15179443359375,0.0003053659456782043,29.6516056060791,0.0010835259454324841,0.14171716570854187,25.52943229675293,0.0027993477415293455,0.23565077781677246,24.955406188964844,0.0031949172262102365,0.2937054932117462,28.786033630371094,0.0013225032016634941,0.12841925024986267,29.733762741088867,0.0010632217163220048,28.6569766998291,0.0013623929116874933,0.15590906143188477,25.061065673828125,0.003118125256150961,0.24689655005931854,24.608993530273438,0.003460196079686284,0.30576762557029724,33.99106216430664,0.0003989272809121758,0.031953729689121246,30.580184936523438,0.0008749469416216016,34.871910095214844,0.00032569345785304904,0.039632316678762436
76030,6015,5,2800,-1,0,25.446575164794922,0.17951858043670654,20.8765811920166,0.2739892899990082,24.942123413085938,22.47130584716797,0.22583091259002686,19.492456436157227,23.648195266723633,0.1148517057299614,17.812768936157227,17.64788055419922,20.1697998046875,0.3505391776561737,100.0,0.4835568368434906,0.5666123628616333,2800,2832,0.4746895432472229,0,0,0.0028532680589705706,0.003204703563824296,25.529659271240234,0.0027992010582238436,0.19999900460243225,0.008172255009412766,0.3572882413864136,20.472620010375977,0.008968876674771309,0.40091705322265625,0.005660693161189556,0.016547150909900665,23.994787216186523,0.003985853865742683,0.24616500735282898,0.011239695362746716,0.37595707178115845,19.884906768798828,0.010268558748066425,0.4087953567504883,0.004316986072808504,0.017187468707561493,26.313579559326172,0.0023369116242974997,0.1127254068851471,0.009616568684577942,0.0,19.54831886291504,0.011096041649580002,0.39513397216796875,27.188823699951172,0.0019103718223050237,0.1585426926612854,35.641029357910156,0.0002728332474362105,26.65083885192871,0.0021623007487505674,0.1827215850353241,21.326099395751953,0.007368691731244326,0.3309584856033325,20.721635818481445,0.008469085209071636,0.3760894536972046,25.098648071289062,0.0030912584625184536,0.18589532375335693,30.401729583740234,0.0009116475121118128,24.651386260986328,0.003426583716645837,0.21484480798244476,20.579208374023438,0.008751432411372662,0.34059011936187744,20.01559829711914,0.009964155033230782,0.3856976628303528,28.08149528503418,0.0015554302372038364,0.0617789700627327,30.70000648498535,0.0008511372143402696,27.78903579711914,0.0016637829830870032,0.07076764106750488
82308,6016,2,4392,-1,2,26.076377868652344,0.10463961958885193,19.135438919067383,0.14992468059062958,26.77519989013672,22.495319366455078,0.14149875938892365,18.085020065307617,23.365381240844727,0.09333446621894836,17.96799087524414,17.927715301513672,18.497407913208008,0.29513877630233765,100.0,0.38829347491264343,0.3861117660999298,4392,4424,0.3873622715473175,0,0,0.0024680967908352613,0.002101261168718338,25.978191375732422,0.0025245328433811665,0.12049843370914459,0.012202709913253784,0.2922303080558777,18.629945755004883,0.013708990067243576,0.3359006643295288,0.005629477556794882,0.015966176986694336,23.937030792236328,0.004039216320961714,0.15004834532737732,0.01554168201982975,0.3185364902019501,18.088090896606445,0.015530689619481564,0.35696011781692505,0.004607462789863348,0.01611493155360222,25.47127914428711,0.0028370837680995464,0.09148964285850525,0.014133814722299576,0.0,17.87592887878418,0.016308246180415154,0.3499125838279724,27.827259063720703,0.0016492035938426852,0.08258536458015442,37.55256271362305,0.00017568861949257553,27.26791000366211,0.001875898102298379,0.09802332520484924,19.255502700805664,0.011869968846440315,0.2740817964076996,18.641742706298828,0.01367180049419403,0.3232402205467224,25.426551818847656,0.0028664530254900455,0.10616359114646912,31.23233985900879,0.0007529498543590307,24.95990562438965,0.003191607538610697,0.12535423040390015,18.790483474731445,0.013211484998464584,0.28803595900535583,18.19945526123047,0.015137515030801296,0.33888760209083557,27.671987533569336,0.001709233270958066,0.04783857986330986,31.503047943115234,0.0007074491586536169,27.297046661376953,0.0018633540021255612,0.05672034993767738
82785,6016,2,4869,-1,3,29.16743278503418,0.1011657640337944,25.276777267456055,0.14296460151672363,27.698612213134766,24.216583251953125,0.14584483206272125,22.90133285522461,24.94156265258789,0.08996319770812988,17.82977294921875,18.022825241088867,24.533096313476562,0.17045558989048004,100.0,0.31554803252220154,0.4530676305294037,4869,4901,0.4046594202518463,0,0,0.0012113142292946577,0.0016987863928079605,29.44499969482422,0.0011363184312358499,0.1184183657169342,0.0029670328367501497,0.16944940388202667,25.1212215423584,0.003075233194977045,0.1989501267671585,0.0037874055560678244,0.016482483595609665,27.365257263183594,0.0018343167612329125,0.157149076461792,0.00512704299762845,0.19469615817070007,24.457050323486328,0.0035833995789289474,0.21761125326156616,0.0032051154412329197,0.015765856951475143,28.952762603759766,0.0012726935092359781,0.0888458788394928,0.003521198173984885,0.0,23.911617279052734,0.0040629212744534016,0.20471182465553284,31.82889747619629,0.0006563120405189693,0.0878179669380188,37.35856246948242,0.00018371468468103558,31.372608184814453,0.0007290194043889642,0.10515202581882477,26.018451690673828,0.002501236740499735,0.15176905691623688,25.439550399780273,0.0028578874189406633,0.18422240018844604,28.849821090698242,0.0013032204005867243,0.10462527722120285,30.63892364501953,0.0008631927194073796,28.62989044189453,0.0013709169579669833,0.12374700605869293,25.027313232421875,0.0031424525659531355,0.1627528965473175,24.542295455932617,0.003513747127726674,0.19594183564186096,30.85474967956543,0.0008213440305553377,0.047792620956897736,31.3234920501709,0.0007373112603090703,30.786922454833984,0.0008342721848748624,0.05791322886943817
84237,6017,3,1358,-1,3,24.088735580444336,0.10767126083374023,18.73487091064453,0.15337978303432465,25.441572189331055,21.394847869873047,0.14692282676696777,17.7155704498291,23.557353973388672,0.07294277846813202,17.526195526123047,17.782678604125977,18.060129165649414,0.131154865026474,100.0,0.2549916207790375,0.6015090942382812,1358,1390,0.28714993596076965,0,0,0.0039005563594400883,0.002856555627658963,23.91348648071289,0.004061171784996986,0.12437450885772705,0.013381751254200935,0.14170590043067932,18.27384376525879,0.014880435541272163,0.15974891185760498,0.007252958137542009,0.017675861716270447,22.479951858520508,0.005649434868246317,0.1581590175628662,0.016921665519475937,0.17095330357551575,17.72509765625,0.01688457652926445,0.17785823345184326,0.0044082351960241795,0.016662191599607468,25.98080825805664,0.0025230112951248884,0.06944426149129868,0.015631014481186867,0.0,17.438650131225586,0.018035786226391792,0.14761096239089966,24.791427612304688,0.0033178541343659163,0.08308494091033936,36.248775482177734,0.0002372041781200096,24.2115478515625,0.0037918007001280785,0.10118208825588226,18.643247604370117,0.013667071238160133,0.12977227568626404,18.03146743774414,0.015734508633613586,0.14592345058918,23.550891876220703,0.004414799157530069,0.09794588387012482,30.387685775756836,0.0009146005613729358,23.051061630249023,0.004953291732817888,0.11868608742952347,18.28472328186035,0.014843206852674484,0.13995346426963806,17.69498062133789,0.017002074047923088,0.15782105922698975,28.525381088256836,0.0014043066184967756,0.03615942969918251,30.95227813720703,0.0008031048346310854,28.24836540222168,0.0014967991737648845,0.042565103620290756
86480,6017,3,3729,-1,3,25.262720108032227,0.13072267174720764,22.120121002197266,0.15494705736637115,24.515918731689453,22.563262939453125,0.15398937463760376,20.571941375732422,24.031661987304688,0.06749185919761658,17.46414566040039,17.462434768676758,21.667598724365234,0.2455299198627472,100.0,0.27359700202941895,0.5663331747055054,3729,3761,0.31062906980514526,0,0,0.0029766501393169165,0.0035351512487977743,25.389928817749023,0.0028907270170748234,0.14710435271263123,0.006137448363006115,0.2482163906097412,21.76668357849121,0.006657812278717756,0.2861752212047577,0.005542093887925148,0.01793021894991398,24.39348602294922,0.0036362295504659414,0.16291849315166473,0.00876608770340681,0.26885655522346497,21.35049819946289,0.007327406667172909,0.29612088203430176,0.003952151630073786,0.01793728396296501,27.44584846496582,0.0018005921738222241,0.062271296977996826,0.006811459083110094,0.0,21.04612159729004,0.007859375327825546,0.28722959756851196,27.145416259765625,0.0019295603269711137,0.11471083015203476,33.68798828125,0.0004277612315490842,26.65424346923828,0.0021606064401566982,0.13518281280994415,22.909603118896484,0.0051172878593206406,0.2385057508945465,22.312992095947266,0.005870849825441837,0.27921655774116516,25.149383544921875,0.0030553562100976706,0.1315000206232071,27.86089324951172,0.0016364793991670012,24.84968376159668,0.0032736449502408504,0.154118612408638,22.050249099731445,0.0062369899824261665,0.2469530552625656,21.561389923095703,0.006980094127357006,0.2871934175491333,28.689937591552734,0.0013520924840122461,0.03900507465004921,28.940505981445312,0.0012762898113578558,28.652639389038086,0.001363754621706903,0.04543213173747063
88245,6018,4,623,-1,3,22.614395141601562,0.19795598089694977,19.62322998046875,0.24149346351623535,24.475374221801758,20.53339958190918,0.2366209626197815,18.368741989135742,23.093717575073242,0.09188602864742279,17.679874420166016,17.872737884521484,18.785560607910156,0.3227454721927643,100.0,0.4352310597896576,0.5548626780509949,623,655,0.4404408931732178,0,0,0.0054772235453128815,0.0035683107562363148,22.387563705444336,0.005770903080701828,0.22834669053554535,0.010906289331614971,0.3208484649658203,19.125259399414062,0.012231343425810337,0.3788246214389801,0.008844234049320221,0.017061317339539528,21.203269958496094,0.007580066565424204,0.2672172784805298,0.01455880980938673,0.34627509117126465,18.471277236938477,0.014219108037650585,0.39688512682914734,0.004904877860099077,0.016320230439305305,25.018728256225586,0.0031486700754612684,0.09465174376964569,0.013226465322077274,0.0,18.16408348083496,0.015261305496096611,0.38353657722473145,23.342531204223633,0.004631771706044674,0.17436614632606506,34.998111724853516,0.0003163653309457004,22.76078224182129,0.005295680835843086,0.20424768328666687,19.92925262451172,0.010164237581193447,0.3089732527732849,19.317611694335938,0.011701430194079876,0.3692032992839813,21.899276733398438,0.006457619834691286,0.19688621163368225,27.864990234375,0.001634937128983438,21.42693519592285,0.007199571467936039,0.23192518949508667,19.186798095703125,0.012059248052537441,0.31931227445602417,18.63812255859375,0.013683204539120197,0.38007450103759766,26.342674255371094,0.002321307547390461,0.05804583430290222,28.254600524902344,0.001494652358815074,26.111026763916016,0.002448485465720296,0.06840509176254272
88448,6018,4,858,-1,2,27.95978355407715,0.13693897426128387,25.908336639404297,0.16070328652858734,25.719188690185547,24.273731231689453,0.16638556122779846,23.30550193786621,25.59349250793457,0.06709685176610947,17.702423095703125,17.698991775512695,25.948713302612305,0.21827781200408936,100.0,0.32027655839920044,0.5017641186714172,858,890,0.3541536331176758,0,0,0.0015996383735910058,0.0026796685997396708,28.436084747314453,0.00143347994890064,0.16049492359161377,0.0025654674973338842,0.2256913036108017,25.864953994750977,0.0025912229903042316,0.2711138129234314,0.0037378931883722544,0.016972972080111504,27.69110107421875,0.0017017271602526307,0.1823558807373047,0.0046714297495782375,0.2441454976797104,25.580156326293945,0.0027668424881994724,0.2738267481327057,0.0027583595365285873,0.016986386850476265,32.445579528808594,0.0005694320425391197,0.0628085732460022,0.00254172645509243,0.0,25.327234268188477,0.0029327613301575184,0.2637794017791748,29.726394653320312,0.0010650272015482187,0.12301281839609146,36.31777572631836,0.00023346557281911373,29.23374366760254,0.0011929598404094577,0.14571116864681244,26.73520851135254,0.0021206997334957123,0.2164706289768219,26.154006958007812,0.002424373058602214,0.2641061544418335,28.509693145751953,0.0014093891950324178,0.13237661123275757,31.11203384399414,0.0007740992587059736,28.218502044677734,0.0015071261441335082,0.15677925944328308,26.13003921508789,0.002437788061797619,0.2226243019104004,25.668350219726562,0.0027112234383821487,0.26957523822784424,33.65658950805664,0.0004308647767174989,0.028602296486496925,31.964885711669922,0.0006360793486237526,33.98707962036133,0.00039929329068399966,0.03462652117013931
91673,6018,4,4147,-1,1,27.300540924072266,0.17734748125076294,26.189071655273438,0.167444109916687,24.120380401611328,23.770570755004883,0.2216755598783493,23.059829711914062,24.961545944213867,0.10413799434900284,17.263154983520508,17.67462921142578,25.45121192932129,0.1242668554186821,100.0,0.2503553330898285,0.6688258051872253,4147,4179,0.3900766968727112,0,0,0.0018618552712723613,0.0038722376339137554,28.089500427246094,0.0015525658382102847,0.21980449557304382,0.002404876286163926,0.1234932541847229,26.302927017211914,0.0023426490370184183,0.15518872439861298,0.004197040107101202,0.01877952180802822,27.091686248779297,0.0019535815808922052,0.2574371099472046,0.004943301901221275,0.17135408520698547,25.37749481201172,0.002899014623835683,0.20044833421707153,0.003190401941537857,0.017081934958696365,29.774715423583984,0.0010532427113503218,0.11415749043226242,0.0028502230998128653,0.0,24.82973289489746,0.003288719104602933,0.1602310985326767,29.422836303710938,0.0011421326780691743,0.16217674314975739,31.492521286010742,0.0007091659354045987,29.17666244506836,0.001208743080496788,0.2031809240579605,27.276721954345703,0.0018720958614721894,0.1043005958199501,26.70673370361328,0.002134650247171521,0.1331605315208435,27.68421173095703,0.0017044295091181993,0.17860838770866394,28.261117935180664,0.0014924100833013654,27.60188102722168,0.0017370481509715319,0.2254745066165924,26.021554946899414,0.0024994509294629097,0.12451168894767761,25.607431411743164,0.002749519655480981,0.15987184643745422,30.7820987701416,0.0008351994911208749,0.05915657430887222,30.63939094543457,0.000863099645357579,30.804473876953125,0.0008309071999974549,0.07606811076402664
93580,6019,5,1052,-1,1,22.895801544189453,0.17631444334983826,20.026609420776367,0.2402692288160324,25.308656692504883,21.001604080200195,0.20003072917461395,18.874961853027344,23.823505401611328,0.09867995232343674,17.924617767333984,17.762191772460938,19.372861862182617,0.17435620725154877,100.0,0.30397462844848633,0.7904253005981445,1052,1084,0.44085249304771423,0,0,0.005133573431521654,0.0029453334864228964,22.619949340820312,0.0054702251218259335,0.1971760392189026,0.009938918054103851,0.19447670876979828,19.5539493560791,0.011081668548285961,0.21733833849430084,0.007940350100398064,0.016126427799463272,21.751617431640625,0.00668095238506794,0.21739666163921356,0.012956984341144562,0.2199636697769165,19.098575592041016,0.01230672374367714,0.23238401114940643,0.004146193619817495,0.01674097776412964,26.5589599609375,0.002208534860983491,0.09482786059379578,0.01155350636690855,0.0,18.751384735107422,0.013330969028174877,0.19685450196266174,23.45820426940918,0.004510032013058662,0.1620606780052185,35.41365051269531,0.00028749811463057995,22.873798370361328,0.0051596518605947495,0.18547196686267853,20.265600204467773,0.009406755678355694,0.1772952377796173,19.652976989746094,0.010831843130290508,0.2007162868976593,22.422216415405273,0.005725040566176176,0.18245333433151245,31.179336547851562,0.0007621955592185259,21.878520965576172,0.006488554645329714,0.20816564559936523,19.70189666748047,0.010710515081882477,0.18969793617725372,19.11602210998535,0.012257383204996586,0.21377699077129364,28.43163299560547,0.0014349500415846705,0.05721438676118851,31.853036880493164,0.0006526740617118776,28.081857681274414,0.001555300084874034,0.06403908133506775
94392,6019,5,1896,-1,1,26.046239852905273,0.1324891448020935,23.109560012817383,0.1997516006231308,26.300012588500977,22.541175842285156,0.17844036221504211,20.9012508392334,23.585195541381836,0.0918356403708458,17.801198959350586,17.68648338317871,21.596803665161133,0.19848783314228058,100.0,0.37465715408325195,0.5331583619117737,1896,1928,0.4482349455356598,0,0,0.0024852838832885027,0.002344223205000162,26.008481979370117,0.0025069855619221926,0.14790554344654083,0.004887019749730825,0.2073327749967575,22.80399513244629,0.005243250168859959,0.2346884310245514,0.005570352543145418,0.016591286286711693,24.117481231689453,0.0038748246151953936,0.19110581278800964,0.008125964552164078,0.23810049891471863,21.692340850830078,0.006772765424102545,0.2564157247543335,0.0043800645507872105,0.01703537441790104,26.138410568237305,0.002433093963190913,0.08998765051364899,0.006923406384885311,0.0,20.975324630737305,0.007988546043634415,0.22666198015213013,27.721622467041016,0.001689809956587851,0.11056160926818848,34.84054183959961,0.00032805444789119065,27.214038848876953,0.001899310969747603,0.12416206300258636,23.971040725708008,0.004007706884294748,0.186651811003685,23.375682830810547,0.0045965490862727165,0.21393264830112457,24.900224685668945,0.00323576875962317,0.12902802228927612,29.67441749572754,0.0010778497671708465,24.476049423217773,0.0035677561536431313,0.14363901317119598,22.47043800354004,0.00566182192414999,0.1955917626619339,21.945783615112305,0.0063888318836688995,0.22224800288677216,27.427976608276367,0.0018080167938023806,0.04638693481683731,30.479652404785156,0.0008954362710937858,27.103191375732422,0.001948413671925664,0.052565474063158035
99170,6020,2,1899,-1,3,27.325593948364258,0.10863110423088074,24.439990997314453,0.15489822626113892,23.993471145629883,23.497573852539062,0.1435035914182663,22.06498146057129,24.168540954589844,0.08719339221715927,16.915733337402344,17.204219818115234,23.848772048950195,0.17652513086795807,100.0,0.3086272180080414,0.5018942356109619,1899,1931,0.3880937099456787,0,0,0.0018511468078941107,0.003987062722444534,28.174301147460938,0.0015225441893562675,0.1256130486726761,0.0035975005012005568,0.17313061654567719,24.3839054107666,0.0036442619748413563,0.20576609671115875,0.004469333216547966,0.02034355141222477,26.93115234375,0.0020271458197385073,0.15176337957382202,0.006215868983417749,0.19940795004367828,23.6575870513916,0.004307660274207592,0.22510500252246857,0.00382953230291605,0.019036103039979935,28.26796531677246,0.0014900596579536796,0.08633152395486832,0.004122140351682901,0.0,23.227293014526367,0.00475631607696414,0.20882508158683777,29.988229751586914,0.0010027146199718118,0.09230062365531921,31.373912811279297,0.0007288006017915905,29.809438705444336,0.0010448552202433348,0.11222824454307556,25.521631240844727,0.002804381074383855,0.16048118472099304,25.005126953125,0.003158548614010215,0.19600610435009003,27.100452423095703,0.0019496409222483635,0.10932909697294235,25.548479080200195,0.002787097357213497,27.397375106811523,0.0018208015244454145,0.1302971988916397,24.14137840270996,0.003853559959679842,0.17149171233177185,23.902719497680664,0.004071253817528486,0.20551039278507233,28.594846725463867,0.001382023561745882,0.055155497044324875,25.87261390686035,0.0025866562500596046,29.220163345336914,0.0011966954916715622,0.06414307653903961
99341,6020,2,2070,-1,2,27.88582992553711,0.10691124945878983,23.264379501342773,0.15701407194137573,26.510828018188477,23.426362991333008,0.15225279331207275,21.23152732849121,24.016525268554688,0.09314873069524765,17.08029556274414,17.207117080688477,22.780445098876953,0.1575789451599121,100.0,0.3211851716041565,0.4888584017753601,2070,2102,0.3973512649536133,0,0,0.0016271109925583005,0.002233146922662854,28.142101287841797,0.0015338746597990394,0.12157581001520157,0.0047158729285001755,0.16369390487670898,22.9647159576416,0.0050527555868029594,0.18768389523029327,0.004543219227343798,0.019587116315960884,26.51934051513672,0.002228773897513747,0.16235101222991943,0.0075309076346457005,0.18648704886436462,22.351993560791016,0.005818360950797796,0.2037472128868103,0.003965951967984438,0.019023409113287926,27.826688766479492,0.0016494201263412833,0.09192869067192078,0.005271759815514088,0.0,22.158966064453125,0.006082799285650253,0.18554219603538513,30.387386322021484,0.0009146633092314005,0.08982204645872116,35.36505889892578,0.00029073291807435453,29.953983306884766,0.001010652631521225,0.10847941040992737,23.966320037841797,0.004012067336589098,0.1434103548526764,23.38156509399414,0.004590327851474285,0.16907203197479248,27.321178436279297,0.0018530294764786959,0.10948414355516434,28.448869705200195,0.0014292660634964705,27.171009063720703,0.0019182239193469286,0.1314256191253662,23.050443649291992,0.004953996278345585,0.15752238035202026,22.583728790283203,0.0055160378105938435,0.18604247272014618,28.720394134521484,0.0013426432851701975,0.051689513027668,28.852832794189453,0.0013023173669353127,28.70037269592285,0.0013488472905009985,0.059626929461956024
100565,6020,2,3358,-1,2,25.42586898803711,0.22019536793231964,23.24734878540039,0.20468397438526154,26.229961395263672,22.056045532226562,0.29528751969337463,20.928430557250977,22.304018020629883,0.14830482006072998,17.829025268554688,17.982328414916992,21.268630981445312,0.3297729194164276,100.0,0.348181813955307,0.5878652334213257,3358,3390,0.40092217922210693,0,0,0.0028669051826000214,0.0023823415394872427,25.314380645751953,0.002941453130915761,0.25750166177749634,0.004734400659799576,0.32605475187301636,22.957778930664062,0.005060837138444185,0.3779754340648651,0.006228671874850988,0.016485324129462242,23.32479476928711,0.004650725517421961,0.33417439460754395,0.008075268939137459,0.36106547713279724,21.629222869873047,0.006871913094073534,0.40957337617874146,0.0058829933404922485,0.015913553535938263,23.625274658203125,0.0043398309499025345,0.1572301685810089,0.007466842886060476,0.0,20.647151947021484,0.008615587837994099,0.3897431492805481,28.308380126953125,0.0014762572245672345,0.20732323825359344,34.88169860839844,0.00032496024505235255,27.816274642944336,0.0016533798770979047,0.24836993217468262,24.848386764526367,0.0032746230717748404,0.30561885237693787,24.258628845214844,0.0037509147077798843,0.3636256754398346,24.330047607421875,0.00368973589502275,0.24433931708335876,30.659761428833008,0.0008590605575591326,23.845523834228516,0.0041252244263887405,0.2878575623035431,22.539546966552734,0.005572440102696419,0.33345016837120056,21.99445915222168,0.006317626219242811,0.39466091990470886,25.158559799194336,0.0030489058699458838,0.08647729456424713,31.64808464050293,0.000684213126078248,24.66901397705078,0.0034127046819776297,0.10034110397100449
104413,6021,3,2236,-1,2,24.798059463500977,0.1438142955303192,19.749942779541016,0.14640025794506073,27.45571517944336,22.442617416381836,0.17387555539608002,18.868907928466797,24.499393463134766,0.07268735766410828,18.04990005493164,18.211814880371094,19.275043487548828,0.27789363265037537,100.0,0.29968926310539246,0.48850685358047485,2236,2268,0.3594333827495575,0,0,0.0033127933274954557,0.001796505181118846,24.50252914428711,0.0035460684448480606,0.16613546013832092,0.010592681355774403,0.2851385176181793,19.225669860839844,0.011951792053878307,0.3240748643875122,0.005698209162801504,0.015667878091335297,23.804462432861328,0.004164413549005985,0.18854883313179016,0.01297505758702755,0.30108344554901123,18.97692108154297,0.012656336650252342,0.33057117462158203,0.0035486314445734024,0.015094497241079807,27.51451873779297,0.0017723443452268839,0.06911620497703552,0.011816686019301414,0.0,18.653562545776367,0.013634639792144299,0.3206096291542053,26.25385093688965,0.0023692729882895947,0.13229012489318848,36.66571807861328,0.00021549050870817155,25.68535804748535,0.0027006242889910936,0.15785475075244904,20.20481300354004,0.00953934621065855,0.26659876108169556,19.597408294677734,0.010971329174935818,0.3078051507472992,24.610149383544922,0.0034592740703374147,0.14706161618232727,30.584163665771484,0.0008741457131691277,24.13751983642578,0.0038569860626012087,0.17300033569335938,19.681591033935547,0.010760707780718803,0.2767963111400604,19.102081298828125,0.012296796776354313,0.3183913230895996,28.965007781982422,0.001269110362045467,0.04234827309846878,31.15906524658203,0.0007657615933567286,28.707780838012695,0.0013465487863868475,0.04964285343885422
104829,6021,3,2684,-1,2,29.310218811035156,0.08585789054632187,35.99460983276367,0.03472356125712395,29.060989379882812,23.953340530395508,0.12357836216688156,24.27273941040039,24.305946350097656,0.0924435555934906,18.044742584228516,18.091670989990234,43.4871711730957,0.002724182326346636,100.0,0.011223586276173592,3.0938026905059814,2684,2716,0.09443061798810959,0,0,0.0011721366317942739,0.001241370220668614,29.349863052368164,0.0011614853283390403,0.1003851369023323,0.0002515006926842034,0.01567773148417473,35.730560302734375,0.0002672663249541074,0.01845918968319893,0.004024074412882328,0.01568649336695671,26.517230987548828,0.0022298565600067377,0.13121283054351807,0.003738748375326395,0.09398560971021652,27.178909301757812,0.0019147363491356373,0.09528658539056778,0.0037102678325027227,0.015517901629209518,27.22686767578125,0.0018937090644612908,0.09387494623661041,4.480047937249765e-05,0.0,42.86569595336914,5.1692859415197745e-05,0.003397746942937374,32.89937210083008,0.0005129356868565083,0.06016355752944946,38.94844436645508,0.00012739600788336247,32.42414855957031,0.0005722494679503143,0.07233288139104843,42.462711334228516,5.671907638316043e-05,0.005967592820525169,41.89826583862305,6.459122960222885e-05,0.007394432555884123,28.39205551147461,0.0014480861136689782,0.08798074722290039,31.717174530029297,0.0006734148482792079,28.048572540283203,0.0015672662993893027,0.10452568531036377,29.51189422607422,0.0011189498472958803,0.05476917326450348,29.175416946411133,0.001209089532494545,0.06482198089361191,29.554534912109375,0.0011080174008384347,0.05062622204422951,32.668724060058594,0.0005409132572822273,29.225360870361328,0.0011952641652897,0.05994199216365814
109339,6022,4,2515,-1,3,27.674131393432617,0.14425277709960938,22.783449172973633,0.15777485072612762,25.885469436645508,24.2249755859375,0.17170557379722595,21.43479347229004,25.437719345092773,0.073137067258358,17.701379776000977,17.8315372467041,22.6516170501709,0.24841588735580444,100.0,0.36343517899513245,0.4341210126876831,2515,2547,0.4236583113670349,0,0,0.0017083901911973953,0.0025790100917220116,28.028717041015625,0.0015744487755000591,0.17261263728141785,0.00526811508461833,0.2542283535003662,22.5142765045166,0.005604960024356842,0.30806007981300354,0.003780093276873231,0.016977040097117424,27.570133209228516,0.0017497934168204665,0.194439098238945,0.007186554837971926,0.2724415361881256,22.32191276550293,0.005858799442648888,0.3154124617576599,0.0028590927831828594,0.016475792974233627,31.1678409576416,0.0007642156560905278,0.07640057057142258,0.0054304832592606544,0.0,22.030136108398438,0.006265942472964525,0.2982247471809387,29.469341278076172,0.0011299672769382596,0.1279851198196411,34.46609115600586,0.0003575943992473185,29.035091400146484,0.0012487939093261957,0.15559621155261993,23.258831024169922,0.004721900913864374,0.2402648627758026,22.661123275756836,0.00541860843077302,0.28895097970962524,28.14904022216797,0.0015314259799197316,0.1418209820985794,28.522884368896484,0.0014051137259230018,28.094276428222656,0.0015508588403463364,0.17341895401477814,22.897850036621094,0.005131155718117952,0.2504749298095703,22.395347595214844,0.005760564934462309,0.3027803599834442,32.014739990234375,0.0006288198637776077,0.03509094566106796,29.869068145751953,0.0010306076146662235,32.4641227722168,0.0005670064128935337,0.04418915510177612
111600,6022,4,4776,-1,0,26.263601303100586,0.09820409119129181,21.396778106689453,0.1444602757692337,25.216360092163086,23.28701400756836,0.14628615975379944,20.202302932739258,25.150983810424805,0.07214692234992981,17.884937286376953,17.96910858154297,21.10907554626465,0.2140333205461502,100.0,0.36531758308410645,0.3954375088214874,4776,4808,0.3933367133140564,0,0,0.0023639583960175514,0.003008596831932664,26.449735641479492,0.0022647830191999674,0.1154637336730957,0.007249739486724138,0.21615393459796906,20.950626373291016,0.008034102618694305,0.2565770447254181,0.0046913581900298595,0.016274448484182358,25.362049102783203,0.0029093436896800995,0.15926890075206757,0.009544866159558296,0.24524427950382233,20.65939712524414,0.008591326884925365,0.27837860584259033,0.003054230008274317,0.01596207357943058,29.712629318237305,0.001068407902494073,0.07199078053236008,0.007746267598122358,0.0,20.48759651184082,0.008938001468777657,0.2568979561328888,27.641563415527344,0.0017212489619851112,0.0844593346118927,34.16030502319336,0.00038368013338185847,27.1511173248291,0.0019270287593826652,0.10092341154813766,21.778051376342773,0.006640410050749779,0.20027770102024078,21.169260025024414,0.007639661896973848,0.24193377792835236,26.046876907348633,0.002484919736161828,0.11100175976753235,28.054391860961914,0.0015651669818907976,25.806358337402344,0.0026264204643666744,0.13101935386657715,21.29351806640625,0.0074241748079657555,0.2155955731868744,20.768014907836914,0.008379125036299229,0.25838467478752136,30.621807098388672,0.0008666013018228114,0.04030175879597664,29.159393310546875,0.0012135584838688374,30.897903442382812,0.0008132231887429953,0.0487125888466835
112383,6023,5,461,-1,1,22.065534591674805,0.15123140811920166,18.26885414123535,0.21669955551624298,26.215341567993164,19.768617630004883,0.21098655462265015,17.070199966430664,22.037446975708008,0.11826962977647781,17.75588607788086,18.04608154296875,17.183061599731445,0.2535220980644226,100.0,0.3851008415222168,0.5627086162567139,461,493,0.4282954931259155,0,0,0.006215075962245464,0.002390374429523945,21.672683715820312,0.006803492084145546,0.16931389272212982,0.0148975420743227,0.2603720724582672,17.70170021057129,0.016975797712802887,0.2953929603099823,0.010547228157520294,0.016765305772423744,20.181541442871094,0.009590600617229939,0.2246861308813095,0.019632698968052864,0.3002205193042755,16.95461654663086,0.020162226632237434,0.3293111026287079,0.006255406886339188,0.01568165235221386,23.182872772216797,0.004805215168744326,0.11852861195802689,0.01912907138466835,0.0,16.561582565307617,0.02207200601696968,0.29123082756996155,23.338308334350586,0.00463627465069294,0.14182165265083313,34.98579025268555,0.00031726426095701754,22.756637573242188,0.005300736986100674,0.1621047705411911,18.637645721435547,0.013684706762433052,0.23931115865707397,18.021339416503906,0.015771253034472466,0.2749471068382263,21.12746238708496,0.0077135395258665085,0.17355255782604218,28.563650131225586,0.0013919863849878311,20.611759185791016,0.008686086162924767,0.19624128937721252,17.66722297668457,0.017111094668507576,0.26156312227249146,17.090290069580078,0.019542088732123375,0.3002315163612366,24.383060455322266,0.003644969779998064,0.06434076279401779,28.775634765625,0.0013256736565381289,23.977462768554688,0.004001785069704056,0.07223615050315857
112553,6023,5,631,-1,3,24.260665893554688,0.25417813658714294,20.96306800842285,0.2510414719581604,26.267681121826172,21.67959976196289,0.28102976083755493,19.554988861083984,23.195919036865234,0.11780691891908646,17.692798614501953,17.718502044677734,20.046422958374023,0.287109375,100.0,0.387402206659317,0.6480125188827515,631,663,0.4202806353569031,0,0,0.003749155905097723,0.0023617392871528864,24.020193099975586,0.003962604328989983,0.2856353521347046,0.008011117577552795,0.3003249168395996,20.472944259643555,0.00896820705384016,0.3405940532684326,0.006792664527893066,0.01701061800122261,22.822734832763672,0.005220672581344843,0.3094005882740021,0.011079011484980583,0.31064239144325256,19.880477905273438,0.010279030539095402,0.3449392020702362,0.00479079969227314,0.016910238191485405,25.336854934692383,0.002926270943135023,0.11819656938314438,0.009893681854009628,0.0,19.42494010925293,0.011415787972509861,0.3310680687427521,25.854507446289062,0.0025974640157073736,0.24030420184135437,35.48134231567383,0.0002830518060363829,25.29659080505371,0.0029535277280956507,0.27611154317855835,21.617835998535156,0.0068899537436664104,0.2752169668674469,21.00872230529785,0.007927346043288708,0.317567378282547,23.691709518432617,0.004273947793990374,0.25359323620796204,29.23227310180664,0.0011933635687455535,23.23499870300293,0.004747883416712284,0.2907348871231079,20.653358459472656,0.008603283204138279,0.28746989369392395,20.10659408569336,0.00975754577666521,0.33139073848724365,26.638765335083008,0.002168320817872882,0.0792737603187561,30.07227897644043,0.000983495032414794,26.2882080078125,0.00235060160048306,0.0894588828086853
113839,6023,5,2013,-1,2,24.52721405029297,0.16440287232398987,22.467247009277344,0.19943787157535553,26.36380386352539,21.815746307373047,0.2054697424173355,20.47113037109375,23.731775283813477,0.09565037488937378,17.866819381713867,17.954971313476562,21.432811737060547,0.13896964490413666,100.0,0.28193172812461853,0.7073977589607239,2013,2045,0.38745078444480896,0,0,0.0035259700380265713,0.0023100401740521193,24.302709579467773,0.003713036421686411,0.1870625913143158,0.005665985867381096,0.15681207180023193,22.04326629638672,0.006247028708457947,0.17608670890331268,0.006583025678992271,0.016342490911483765,22.940021514892578,0.005081569775938988,0.22009021043777466,0.008971953764557838,0.18994057178497314,21.059206008911133,0.007835730910301208,0.19834637641906738,0.004234698135405779,0.016014112159609795,26.157398223876953,0.0024224803782999516,0.0890750139951706,0.0071898335590958595,0.0,20.81133270263672,0.008295961655676365,0.15825562179088593,25.997196197509766,0.0025135097093880177,0.13724075257778168,36.60132598876953,0.00021870936325285584,25.426395416259766,0.002866556169465184,0.16009819507598877,23.127185821533203,0.00486722681671381,0.13537593185901642,22.52179718017578,0.005595260765403509,0.15452329814434052,23.94035530090332,0.004036123398691416,0.16313807666301727,31.558141708374023,0.0006985313957557082,23.42026710510254,0.004549599252641201,0.18881793320178986,21.956199645996094,0.006373526994138956,0.15312112867832184,21.39120864868164,0.007259042467921972,0.17420849204063416,27.62674331665039,0.0017271328251808882,0.0522313192486763,32.30133819580078,0.000588662049267441,27.207250595092773,0.00190228212159127,0.05903126299381256
114967,6023,5,3205,-1,2,25.97734832763672,0.2584156095981598,24.783151626586914,0.23192773759365082,24.7006893157959,22.942073822021484,0.2902701199054718,22.12834930419922,24.01175308227539,0.12921185791492462,17.772930145263672,17.683164596557617,23.407791137695312,0.24459728598594666,100.0,0.35403746366500854,0.655093789100647,3205,3237,0.39991918206214905,0,0,0.002525022951886058,0.0033879042603075504,26.211894989013672,0.002392271999269724,0.31136012077331543,0.0033241829369217157,0.25339698791503906,24.49776840209961,0.0035499571822583675,0.308106929063797,0.005079168826341629,0.016699636355042458,24.826187133789062,0.0032914041075855494,0.33854785561561584,0.006125835236161947,0.2872259318828583,23.54526710510254,0.004420517943799496,0.330533891916275,0.0039703138172626495,0.017048392444849014,27.081205368041992,0.001958301989361644,0.13445056974887848,0.004562688991427422,0.0,22.786312103271484,0.005264641251415014,0.2971952557563782,27.988468170166016,0.0015891077928245068,0.24758942425251007,33.24130630493164,0.0004740995937027037,27.543275833129883,0.0017606476321816444,0.30783969163894653,25.751619338989258,0.0026597334071993828,0.22944669425487518,25.15436363220215,0.0030518544372171164,0.2838909924030304,25.680482864379883,0.002703659236431122,0.26084771752357483,29.02370834350586,0.001252071582712233,25.335803985595703,0.00292698061093688,0.32160043716430664,24.229557037353516,0.0037761079147458076,0.2450968325138092,23.748685836791992,0.004218241199851036,0.30050650238990784,28.089271545410156,0.0015526475617662072,0.07903403043746948,30.289487838745117,0.0009355161455459893,27.831506729125977,0.0016475907759740949,0.09549269080162048
121682,6025,3,182,-1,2,27.42902374267578,0.1048951968550682,26.556760787963867,0.1244678720831871,27.046411514282227,23.411762237548828,0.14544478058815002,22.99077606201172,24.161983489990234,0.08451814204454422,17.9611759185791,18.034154891967773,24.243701934814453,0.07935582101345062,100.0,0.16455917060375214,0.7563715577125549,182,214,0.31113290786743164,0,0,0.0018075810512527823,0.0019740532152354717,27.490997314453125,0.0017819700296968222,0.12100450694561005,0.002209651982411742,0.08515317738056183,26.267501831054688,0.002361837076023221,0.09833288192749023,0.004558517597615719,0.015991253778338432,25.52898597717285,0.0027996350545436144,0.1533803641796112,0.005022531375288963,0.11672604084014893,24.70102310180664,0.003387644188478589,0.11879567801952362,0.0038353228010237217,0.01572478376328945,26.976314544677734,0.002006174996495247,0.0798306092619896,0.0037638272624462843,0.0,23.622224807739258,0.004342877771705389,0.09391029179096222,30.35320281982422,0.0009218911291100085,0.08644762635231018,35.47834396362305,0.0002832472964655608,29.91338539123535,0.0010201440891250968,0.10442456603050232,28.384458541870117,0.0014506214065477252,0.06578097492456436,27.800912857055664,0.0016592383617535233,0.07690276205539703,26.50970458984375,0.0022337245754897594,0.10577894747257233,29.914146423339844,0.001019965740852058,26.161026000976562,0.002420456614345312,0.12543337047100067,25.55657196044922,0.0027819089591503143,0.07663805037736893,25.100767135620117,0.0030897483229637146,0.089747853577137,28.098604202270508,0.0015493144746869802,0.03941664472222328,31.178674697875977,0.0007623117417097092,27.771818161010742,0.0016703917644917965,0.04597296938300133
135402,6027,5,4069,-1,0,24.8798770904541,0.10256370157003403,22.212858200073242,0.22295866906642914,26.52165412902832,21.723445892333984,0.15149648487567902,20.08133888244629,22.90879249572754,0.08715593814849854,17.815736770629883,17.659753799438477,20.722339630126953,0.10394536703824997,100.0,0.32244589924812317,0.6914607286453247,4069,4101,0.3825547695159912,0,0,0.0032509644515812397,0.002227587392553687,24.674488067626953,0.0034084070939570665,0.11340107768774033,0.0060077840462327,0.1161004826426506,21.80108642578125,0.006605281960219145,0.12934759259223938,0.0067244283854961395,0.016535844653844833,22.827472686767578,0.005214979872107506,0.15899109840393066,0.009814455173909664,0.14683668315410614,20.570995330810547,0.008767997846007347,0.15139034390449524,0.005118240602314472,0.017140546813607216,24.856311798095703,0.003268653992563486,0.08405391871929169,0.008467713370919228,0.0,20.100860595703125,0.009770439006388187,0.11924955993890762,26.588436126708984,0.0021935952827334404,0.09286992251873016,36.73971939086914,0.000211849735933356,26.023242950439453,0.002498479327186942,0.10302726924419403,22.98907470703125,0.005024496000260115,0.0999622493982315,22.384300231933594,0.005775241646915674,0.11510316282510757,24.070737838745117,0.003916754387319088,0.11098108440637589,30.909133911132812,0.000811123289167881,23.57086181640625,0.004394543822854757,0.12356209754943848,21.585634231567383,0.006941232830286026,0.1103053092956543,21.03081512451172,0.00788712315261364,0.12531046569347382,26.83792495727539,0.0020711305551230907,0.045805905014276505,31.003253936767578,0.0007937332266010344,26.44423484802246,0.0022676533553749323,0.05256970226764679
136024,6027,5,4723,-1,2,22.691951751708984,0.19119791686534882,18.58350944519043,0.22731922566890717,26.314579010009766,20.148178100585938,0.22705207765102386,17.343799591064453,22.131956100463867,0.11072993278503418,18.06845474243164,18.090478897094727,17.446205139160156,0.3787606656551361,100.0,0.45710402727127075,0.4973030388355255,4723,4755,0.3400048613548279,0,0,0.00538027985021472,0.0023363737855106592,22.32950210571289,0.005848572589457035,0.21402651071548462,0.013856356032192707,0.37583428621292114,18.051944732666016,0.015660496428608894,0.42870497703552246,0.009664569981396198,0.015601072460412979,20.57929229736328,0.008751261979341507,0.244339257478714,0.01843402534723282,0.40323692560195923,17.25152587890625,0.01882988214492798,0.4434293806552887,0.006120749749243259,0.015522164292633533,23.302762985229492,0.0046743787825107574,0.1075315922498703,0.018004436045885086,0.0,16.824726104736328,0.020774347707629204,0.434143990278244,23.764667510986328,0.004202747251838446,0.16111049056053162,35.62092208862305,0.0002740994095802307,23.18111801147461,0.00480715511366725,0.18482720851898193,18.953922271728516,0.012723537161946297,0.3611479699611664,18.341325759887695,0.014651010744273663,0.4170263409614563,21.643272399902344,0.006849721074104309,0.18666169047355652,30.824182510375977,0.000827145529910922,21.09228515625,0.007776271086186171,0.2127305418252945,18.0479736328125,0.015674825757741928,0.3740159869194031,17.454822540283203,0.01796875149011612,0.42900413274765015,25.18789291381836,0.0030283823143690825,0.057483360171318054,31.73031234741211,0.0006713807815685868,24.696727752685547,0.0033909978810697794,0.06535451114177704
137689,6028,2,1539,-1,3,27.45905303955078,0.1339913159608841,26.618064880371094,0.18644466996192932,24.22193145751953,23.906360626220703,0.16614875197410583,23.431760787963867,24.568540573120117,0.09742660075426102,17.486419677734375,17.649240493774414,25.876779556274414,0.13021007180213928,100.0,0.30292069911956787,0.6154900193214417,1539,1571,0.3924388587474823,0,0,0.0017951244954019785,0.003782745683565736,28.270071029663086,0.0014893367188051343,0.15710040926933289,0.00217867991887033,0.13389120995998383,26.738908767700195,0.0021188948303461075,0.15815770626068115,0.004067842848598957,0.01783849112689495,27.101253509521484,0.0019492818973958492,0.1860576868057251,0.004537574946880341,0.16667483747005463,25.910179138183594,0.0025643783155828714,0.18282203376293182,0.003492576302960515,0.017182089388370514,28.580808639526367,0.0013864978682249784,0.10202193260192871,0.002584176603704691,0.0,25.255298614501953,0.0029817423783242702,0.16104744374752045,30.443592071533203,0.000902902684174478,0.10856004804372787,31.663593292236328,0.0006817741668783128,30.2829647064209,0.0009369225590489805,0.13305485248565674,28.547256469726562,0.0013972510350868106,0.11720915883779526,28.075794219970703,0.00155747274402529,0.1416442096233368,27.659414291381836,0.0017141884891316295,0.13381463289260864,27.440393447875977,0.0018028552876785398,27.69411277770996,0.0017005475237965584,0.16175174713134766,26.43677520751953,0.0022715518716722727,0.1410185843706131,26.322391510009766,0.0023321732878684998,0.17064212262630463,29.119216918945312,0.0012248370330780745,0.05477603152394295,26.904441833496094,0.002039650920778513,29.588125228881836,0.001099481014534831,0.06740869581699371
140598,6028,2,4512,-1,0,29.024497985839844,0.11097857356071472,24.569610595703125,0.13599522411823273,27.821455001831055,24.432373046875,0.14565952122211456,22.288209915161133,24.75271224975586,0.09849336743354797,18.062347412109375,18.129743576049805,23.76050567626953,0.2014119178056717,100.0,0.31929028034210205,0.4259297251701355,4512,4544,0.39489567279815674,0,0,0.0012518443400040269,0.0016514086164534092,29.243167877197266,0.0011903729755431414,0.12779033184051514,0.003491715295240283,0.20609888434410095,24.28455352783203,0.0037285916041582823,0.23499083518981934,0.0036038171965628862,0.015623033978044987,27.55795669555664,0.0017547067254781723,0.15685385465621948,0.005904442630708218,0.22231605648994446,23.59581756591797,0.004369365517050028,0.24822549521923065,0.00334756332449615,0.015382460318505764,28.250568389892578,0.0014960408443585038,0.10138163715600967,0.004206777084618807,0.0,23.139026641845703,0.004853973630815744,0.23575632274150848,31.943037033081055,0.0006392877548933029,0.0866498127579689,36.24924850463867,0.00023717853764537722,31.541885375976562,0.0007011507987044752,0.10205676406621933,25.298091888427734,0.002952506532892585,0.1825552135705948,24.710329055786133,0.003380392910912633,0.21693094074726105,28.48539161682129,0.0014172978699207306,0.10670317709445953,29.94572639465332,0.0010125752305611968,28.29866600036621,0.0014795628376305103,0.12537628412246704,24.24987030029297,0.003758487058803439,0.19743379950523376,23.765954971313477,0.00420150114223361,0.23173701763153076,29.450084686279297,0.001134988502599299,0.055996719747781754,30.800304412841797,0.0008317057508975267,29.275121688842773,0.001181647414341569,0.06620828807353973
140899,6028,2,4845,-1,0,20.02884864807129,0.3214503824710846,15.589747428894043,0.30743706226348877,23.163606643676758,18.59027671813965,0.3634992837905884,14.964344024658203,22.07793426513672,0.12843769788742065,17.722305297851562,17.94776725769043,14.94484806060791,0.3462609052658081,100.0,0.4844828248023987,0.6345674991607666,4845,4877,0.412518709897995,0,0,0.009933793917298317,0.004826578311622143,19.698246002197266,0.010719520039856434,0.3706938624382019,0.02760738506913185,0.342284619808197,15.042691230773926,0.031313445419073105,0.39431875944137573,0.013834788464009762,0.016895437613129616,18.74066162109375,0.013363920152187347,0.41564705967903137,0.031883470714092255,0.38087838888168335,14.637916564941406,0.03437229245901108,0.4308437705039978,0.006197360809892416,0.016040699556469917,23.294755935668945,0.004683001898229122,0.1345880776643753,0.032026924192905426,0.0,14.323369026184082,0.03695414587855339,0.4052197337150574,20.628658294677734,0.008652357384562492,0.28812071681022644,31.894058227539062,0.0006465381011366844,20.050661087036133,0.009884023107588291,0.34012335538864136,15.744067192077637,0.026643626391887665,0.3233274221420288,15.128678321838379,0.03069956973195076,0.38105690479278564,19.44225311279297,0.011370374821126461,0.3117697238922119,29.04768180847168,0.0012451790971681476,18.884654998779297,0.012928097508847713,0.3683578372001648,15.284656524658203,0.029616547748446465,0.3425777554512024,14.682758331298828,0.034019213169813156,0.39968907833099365,24.86049461364746,0.003265508683398366,0.07616647332906723,30.328933715820312,0.0009270572918467224,24.40659523010254,0.0036252704448997974,0.0909397304058075
143511,6029,3,2590,-1,0,24.773359298706055,0.19287517666816711,21.111936569213867,0.17747989296913147,27.02389907836914,22.322864532470703,0.21394586563110352,19.809288024902344,23.862491607666016,0.08495119214057922,18.200437545776367,18.15147590637207,20.461109161376953,0.26298946142196655,100.0,0.3253597021102905,0.5454882383346558,2590,2622,0.37353068590164185,0,0,0.00333168706856668,0.0019843121990561485,24.5112247467041,0.003538975492119789,0.22487643361091614,0.007741163019090891,0.27733445167541504,20.666954040527344,0.008576393127441406,0.3242862820625305,0.005857517477124929,0.015134094282984734,23.53561782836914,0.004430352710187435,0.2414938509464264,0.010448912158608437,0.29124197363853455,20.167926788330078,0.00962071307003498,0.3313373029232025,0.0041091423481702805,0.015305674634873867,26.22220802307129,0.0023865990806370974,0.0840788185596466,0.00899268127977848,0.0,19.839630126953125,0.010376171208918095,0.31361836194992065,26.040706634521484,0.002488452708348632,0.16367477178573608,34.82108688354492,0.00032952701440081,25.496593475341797,0.0028205951675772667,0.19267141819000244,21.620397567749023,0.006885892245918512,0.2549101710319519,21.010578155517578,0.007923959754407406,0.3023775517940521,24.422908782958984,0.003611680120229721,0.17388762533664703,31.33795166015625,0.0007348600192926824,23.92087745666504,0.004054268356412649,0.20751985907554626,20.902488708496094,0.008123653009533882,0.26619598269462585,20.32245445251465,0.009284413419663906,0.3166273534297943,28.189510345458984,0.0015172208659350872,0.04480340704321861,32.64325714111328,0.0005440943059511483,27.780818939208984,0.0016669327160343528,0.053103066980838776
145605,6029,3,4812,-1,1,21.652454376220703,0.23270480334758759,20.14112663269043,0.2019793540239334,25.042369842529297,20.06945037841797,0.2555069625377655,18.987272262573242,23.37787628173828,0.07981301844120026,17.909530639648438,17.85387420654297,19.640573501586914,0.3023146092891693,36.46255874633789,0.29077526926994324,0.694623589515686,4812,4844,0.3298968970775604,0,0,0.006835251115262508,0.0031315768137574196,21.30472183227539,0.007405047304928303,0.275543212890625,0.009680268354713917,0.3078914284706116,19.686006546020508,0.010749777778983116,0.3582530617713928,0.009841356426477432,0.0161825530230999,20.522825241088867,0.008865788578987122,0.2894561290740967,0.012626200914382935,0.3222295641899109,19.165550231933594,0.012118394486606121,0.36460041999816895,0.0045942277647554874,0.016391275450587273,25.560649871826172,0.0027792968321591616,0.07443134486675262,0.010862825438380241,0.00022581062512472272,19.031147003173828,0.012499288655817509,0.35558056831359863,22.382516860961914,0.005777611397206783,0.20887531340122223,35.9637565612793,0.0002532937505748123,21.7864990234375,0.006627506576478481,0.2491893470287323,20.57958984375,0.008750665932893753,0.28969529271125793,19.977283477783203,0.010052447207272053,0.34195324778556824,21.515424728393555,0.007054358720779419,0.21906781196594238,31.69052505493164,0.0006775593501515687,20.949920654296875,0.008035404607653618,0.26016148924827576,19.997802734375,0.010005059652030468,0.2994019389152527,19.419261932373047,0.011430726386606693,0.3540656268596649,28.10260772705078,0.0015478873392567039,0.039728693664073944,32.467529296875,0.0005665614153258502,27.698423385620117,0.0016988605493679643,0.046913497149944305
146237,6030,4,619,-1,3,23.746295928955078,0.25278744101524353,19.286081314086914,0.2522573471069336,25.273487091064453,21.270305633544922,0.2934436500072479,18.250289916992188,23.453067779541016,0.08608368784189224,17.476390838623047,17.78018569946289,18.68178367614746,0.3836783170700073,33.942527770996094,0.47603535652160645,0.529913067817688,619,651,0.4332636594772339,0,0,0.004220565780997276,0.002969280118122697,23.55259132385254,0.00441307108849287,0.2944912910461426,0.011786690913140774,0.38858741521835327,18.836544036865234,0.01307210698723793,0.45030561089515686,0.007463961374014616,0.017879731953144073,22.319887161254883,0.005861535202711821,0.3266279101371765,0.014961360022425652,0.407412588596344,18.35670280456543,0.01459922082722187,0.4593425989151001,0.0045153675600886345,0.016671763733029366,25.775493621826172,0.002645152620971203,0.08197697252035141,0.013546333648264408,0.0004034105804748833,18.07758140563965,0.015568321570754051,0.4468576908111572,24.91991424560547,0.0032211330253630877,0.22796984016895294,33.854976654052734,0.0004116255440749228,24.373069763183594,0.003653365420177579,0.2670636475086212,19.375009536743164,0.011547793634235859,0.37005096673965454,18.771514892578125,0.013269317336380482,0.43429309129714966,23.525083541870117,0.004441111348569393,0.24573253095149994,28.30434799194336,0.0014776288298889995,23.100671768188477,0.004897031933069229,0.2847289443016052,18.87806510925293,0.012947727926075459,0.37988507747650146,18.31906509399414,0.014726296998560429,0.442850261926651,28.018808364868164,0.0015780444955453277,0.04513042792677879,29.36701202392578,0.0011569078778848052,27.84406280517578,0.001642834860831499,0.05211353302001953
150470,6030,4,4980,-1,1,27.723085403442383,0.11527363955974579,26.681001663208008,0.15396438539028168,24.259557723999023,24.358139038085938,0.14241287112236023,23.82184600830078,25.894498825073242,0.06890714913606644,17.85041618347168,18.184598922729492,26.689788818359375,0.13556112349033356,100.0,0.25837862491607666,0.5958867073059082,4980,5012,0.341849684715271,0,0,0.0016892406856641173,0.0037501121405512094,28.625879287719727,0.0013721836730837822,0.13414081931114197,0.002147335559129715,0.14851577579975128,27.029848098754883,0.0019815971609205008,0.17887820303440094,0.003665946889668703,0.016404323279857635,27.67970848083496,0.001706196810118854,0.15681718289852142,0.004147779196500778,0.1731507033109665,26.432449340820312,0.0022738142870366573,0.19468294084072113,0.0025736535899341106,0.015189382247626781,31.987524032592773,0.0006327725714072585,0.06618808954954147,0.0021429944317787886,0.0,26.068309783935547,0.002472685882821679,0.16579651832580566,29.73203468322754,0.0010636451188474894,0.10239885747432709,34.10099792480469,0.00038895593024790287,29.327640533447266,0.0011674435809254646,0.12332949042320251,27.703630447387695,0.0016968250274658203,0.13277989625930786,27.150285720825195,0.0019273984944447875,0.16253632307052612,28.756065368652344,0.0013316600816324353,0.10660193860530853,30.562341690063477,0.0008785488316789269,28.534473419189453,0.0014013695763424039,0.12826938927173615,26.951086044311523,0.0020178621634840965,0.13941293954849243,26.531665802001953,0.0022224574349820614,0.16956359148025513,33.68191146850586,0.0004283601010683924,0.028458435088396072,31.781246185302734,0.000663552840705961,34.065181732177734,0.00039217661833390594,0.03426747769117355
160339,6032,2,4923,-1,2,26.376178741455078,0.2557615637779236,25.33441925048828,0.24305200576782227,24.625831604003906,23.407482147216797,0.2888370752334595,22.70000648498535,25.28466796875,0.08785655349493027,17.662826538085938,17.9114933013916,24.47903060913086,0.2414335012435913,100.0,0.29331403970718384,0.828640878200531,4923,4955,0.4003245532512665,0,0,0.002303467830643058,0.003446806687861681,26.721162796020508,0.0021275696344673634,0.3106688857078552,0.0029279121663421392,0.2382480800151825,25.07136344909668,0.0031107410322874784,0.29029783606529236,0.004563014023005962,0.01712842471897602,25.800649642944336,0.0026298740413039923,0.3345823884010315,0.005370310973376036,0.26413437724113464,24.386104583740234,0.0036424167919903994,0.3057311475276947,0.0029616476967930794,0.01617524027824402,30.320837020874023,0.0009287871071137488,0.08566480875015259,0.003565307706594467,0.0,23.85755157470703,0.0041138166561722755,0.2981889247894287,27.58452606201172,0.001744003384374082,0.2286195456981659,34.23394012451172,0.00037722988054156303,27.09014129638672,0.0019542761147022247,0.28507399559020996,25.764259338378906,0.0026520041283220053,0.22067251801490784,25.1718692779541,0.003039577743038535,0.2755873203277588,26.371076583862305,0.002306175883859396,0.24016250669956207,29.518625259399414,0.0011172168888151646,26.03959083557129,0.0024890925269573927,0.2956455945968628,24.886844635009766,0.003245753236114979,0.2362651526927948,24.411006927490234,0.0036215917207300663,0.29102078080177307,31.300670623779297,0.0007411956903524697,0.0494827926158905,31.3198184967041,0.0007379352464340627,31.297733306884766,0.0007416973239742219,0.060163289308547974
160613,6033,3,60,-1,0,26.341552734375,0.14124909043312073,23.38315200805664,0.14619086682796478,25.92099952697754,23.227479934692383,0.18091094493865967,21.580049514770508,24.443273544311523,0.08927123248577118,17.895519256591797,18.06159782409668,22.697601318359375,0.12955008447170258,100.0,0.21656815707683563,0.6750339865684509,60,92,0.3598001301288605,0,0,0.0023219073191285133,0.00255799712613225,26.410024642944336,0.0022855857387185097,0.1656797230243683,0.004588649608194828,0.13959713280200958,23.001262664794922,0.005010414402931929,0.1624126434326172,0.004756111651659012,0.01623484492301941,25.24306869506836,0.0029901524540036917,0.20382830500602722,0.006950164679437876,0.16062532365322113,22.44804573059082,0.0056910887360572815,0.17562390863895416,0.0035947838332504034,0.015625732019543648,27.584861755371094,0.0017438685754314065,0.09074582159519196,0.0053732856176793575,0.0,22.076122283935547,0.006199945230036974,0.15388402342796326,28.42379379272461,0.0014375423779711127,0.13388128578662872,36.006874084472656,0.00025079157785512507,27.904529571533203,0.0016201194375753403,0.1624424159526825,24.14029312133789,0.0038545227143913507,0.12096288800239563,23.536645889282227,0.004429304040968418,0.14355459809303284,26.410844802856445,0.0022851545363664627,0.15456007421016693,31.723405838012695,0.0006724491831846535,25.963199615478516,0.0025332628283649683,0.1880733072757721,23.21722412109375,0.00476735457777977,0.1312410980463028,22.66812515258789,0.005409877747297287,0.1551116406917572,29.12685203552246,0.0012226862600073218,0.05281354486942291,32.049644470214844,0.0006237857160158455,28.811321258544922,0.0013148246798664331,0.06380905956029892
161430,6033,3,877,-1,1,25.522628784179688,0.15014764666557312,23.95906639099121,0.17429287731647491,26.527902603149414,22.482181549072266,0.18995437026023865,21.653596878051758,23.99072265625,0.10077695548534393,17.929441452026367,18.024173736572266,22.539962768554688,0.11704471707344055,100.0,0.22919121384620667,0.7604692578315735,877,909,0.3940505385398865,0,0,0.002803737996146083,0.002224384108558297,25.3867130279541,0.002892869058996439,0.17329241335391998,0.004018772859126329,0.12579381465911865,23.66739273071289,0.004297945182770491,0.14199906587600708,0.00564653379842639,0.016108524054288864,23.939416885375977,0.004036996513605118,0.20823703706264496,0.006833452265709639,0.16869428753852844,22.582767486572266,0.005517259240150452,0.1802021712064743,0.00398958520963788,0.015760963782668114,26.618215560913086,0.0021786042489111423,0.10502821207046509,0.0055719055235385895,0.0,21.918485641479492,0.00642912182956934,0.13652363419532776,27.158451080322266,0.0019237784435972571,0.12754781544208527,35.30165100097656,0.00029500885284505785,26.626689910888672,0.002174358582124114,0.15135812759399414,24.970014572143555,0.0031841883901506662,0.10399778187274933,24.369041442871094,0.0036567561328411102,0.1201925054192543,24.834365844726562,0.0032852115109562874,0.14998605847358704,29.654666900634766,0.001082762610167265,24.408058166503906,0.003624049946665764,0.17697025835514069,23.35275650024414,0.004620877560228109,0.12158799916505814,22.872236251831055,0.005161506123840809,0.14016547799110413,27.612335205078125,0.0017328718677163124,0.05601587891578674,29.599592208862305,0.0010965814581140876,27.373680114746094,0.0018307624850422144,0.06453034281730652
162239,6033,3,1718,-1,0,27.301265716552734,0.16557252407073975,25.574745178222656,0.16621573269367218,25.793731689453125,23.894861221313477,0.21056802570819855,22.955732345581055,24.4657039642334,0.0987122505903244,17.993148803710938,18.013816833496094,24.882286071777344,0.17225441336631775,100.0,0.21177418529987335,0.7848724722862244,1718,1750,0.37050703167915344,0,0,0.0018615442095324397,0.0026340680196881294,27.587787628173828,0.00174269441049546,0.2031119018793106,0.00277029094286263,0.17478564381599426,25.371814727783203,0.002902810461819172,0.20635436475276947,0.004078625235706568,0.015873953700065613,26.451313018798828,0.0022639590315520763,0.24351465702056885,0.005063218995928764,0.21121211349964142,24.662960052490234,0.0034174639731645584,0.23511666059494019,0.003576264949515462,0.015798594802618027,27.705982208251953,0.0016959065105766058,0.1031448170542717,0.0032491632737219334,0.0,24.260807037353516,0.0037490343675017357,0.2063416838645935,30.708589553833008,0.0008494564099237323,0.14926265180110931,35.18467330932617,0.0003030630177818239,30.298778533935547,0.0009335169452242553,0.1866273134946823,27.716781616210938,0.0016916940221562982,0.15681573748588562,27.129253387451172,0.0019367554923519492,0.18855351209640503,27.36135482788086,0.001835965900681913,0.17134106159210205,29.01919937133789,0.0012533729895949364,27.15435028076172,0.0019255956867709756,0.21308305859565735,25.66413116455078,0.0027138555888086557,0.16923747956752777,25.277212142944336,0.002966736676171422,0.20388446748256683,28.996204376220703,0.0012600262416526675,0.056897055357694626,29.803564071655273,0.0010462698992341757,28.88431167602539,0.0012929115910083055,0.06866496801376343
162821,6033,3,2364,-1,1,18.14967155456543,0.394168883562088,17.626325607299805,0.3580944240093231,21.03099822998047,17.230913162231445,0.44211238622665405,16.770708084106445,23.13861083984375,0.12064947932958603,17.139089584350586,17.72597885131836,16.991350173950195,0.22239035367965698,100.0,0.4295671582221985,0.8336168527603149,2364,2396,0.452860563993454,0,0,0.015312036499381065,0.007886791601777077,17.83718490600586,0.016454381868243217,0.4542482793331146,0.017272986471652985,0.22863894701004028,17.077486038208008,0.01959979347884655,0.2679218351840973,0.018919464200735092,0.01932373084127903,17.24521255493164,0.018857266753911972,0.5057480335235596,0.021034356206655502,0.2635030448436737,16.62181282043457,0.021768013015389442,0.2960496246814728,0.004854438826441765,0.01688115857541561,25.222749710083008,0.0030041742138564587,0.12506219744682312,0.019992411136627197,0.0,16.369869232177734,0.02306816726922989,0.2678796648979187,18.32923126220703,0.014691866934299469,0.35883086919784546,24.10268783569336,0.0038880445063114166,17.86376190185547,0.016353994607925415,0.42169466614723206,17.69488525390625,0.017002448439598083,0.21192045509815216,17.078304290771484,0.019596099853515625,0.25489363074302673,17.82269859313965,0.01650935970246792,0.38270071148872375,23.27106475830078,0.004708621650934219,17.369592666625977,0.01832485757768154,0.4503457546234131,17.2708797454834,0.01874615252017975,0.22781023383140564,16.682048797607422,0.02146817371249199,0.2711982727050781,27.02658462524414,0.0019830872770398855,0.06559070944786072,29.803058624267578,0.0010463916696608067,26.721927642822266,0.002127194544300437,0.08002248406410217
169866,6034,4,4595,-1,3,28.281723022460938,0.08659408241510391,26.950077056884766,0.12766829133033752,26.245899200439453,23.71930694580078,0.1283029466867447,23.36327362060547,24.508258819580078,0.08342418819665909,16.94911003112793,17.069059371948242,26.451892852783203,0.10796146839857101,100.0,0.25909510254859924,0.49274682998657227,4595,4627,0.3940943479537964,0,0,0.001485346583649516,0.0023736138828098774,28.700878143310547,0.001348690246231854,0.1073048934340477,0.0020183303859084845,0.11657144129276276,27.428340911865234,0.001807864406146109,0.14135916531085968,0.004246874712407589,0.020187802612781525,27.46074867248535,0.0017944240244105458,0.1399703323841095,0.004609699361026287,0.153865784406662,26.49173355102539,0.002242986112833023,0.16983816027641296,0.0035413927398622036,0.019637856632471085,29.72644805908203,0.0010650140466168523,0.08292362838983536,0.002263658447191119,0.0,25.830413818359375,0.0026119134854525328,0.13421984016895294,31.0886173248291,0.0007782845641486347,0.07426673918962479,35.65058135986328,0.0002722339704632759,30.674560546875,0.0008561384747736156,0.09338626265525818,28.912660598754883,0.0012844997690990567,0.09986051917076111,28.393232345581055,0.001447694143280387,0.1278480440378189,28.177309036254883,0.0015214907471090555,0.09260126948356628,27.716577529907227,0.001691774232313037,28.252737045288086,0.0014952932251617312,0.11121638119220734,26.9923095703125,0.0019987993873655796,0.11389017850160599,26.821571350097656,0.0020789445843547583,0.14157593250274658,30.483047485351562,0.0008947366150096059,0.04363502562046051,28.198375701904297,0.0015141277108341455,30.972110748291016,0.0007994456682354212,0.054224587976932526
173536,6035,5,3210,-1,2,26.395578384399414,0.23672108352184296,24.871829986572266,0.253679484128952,25.33810806274414,22.9261474609375,0.29083681106567383,22.18570899963379,24.160266876220703,0.11940213292837143,17.624515533447266,17.792945861816406,23.644393920898438,0.18970085680484772,100.0,0.3689754009246826,0.6875240802764893,3210,3242,0.40764233469963074,0,0,0.0022932016290724277,0.0029254271648824215,26.583803176879883,0.0021959361620247364,0.2829691171646118,0.003256994066759944,0.2044176310300827,24.797916412353516,0.0033128997310996056,0.24992474913597107,0.005097830202430487,0.017280185595154762,24.916561126708984,0.003223622217774391,0.3378504812717438,0.006045454181730747,0.24591132998466492,23.651559829711914,0.004313640762120485,0.2881842851638794,0.003836839459836483,0.016622846946120262,27.28213882446289,0.0018697615014389157,0.12748757004737854,0.004320763051509857,0.0,23.022916793823242,0.004985495936125517,0.23543596267700195,28.051593780517578,0.001566176419146359,0.2102440595626831,31.919677734375,0.0006427356274798512,27.674501419067383,0.001708244439214468,0.2566688358783722,25.88075828552246,0.0025818091817200184,0.1779472529888153,25.32958221435547,0.0029311752878129482,0.2235620617866516,25.74888038635254,0.002661412116140127,0.23909372091293335,28.221324920654297,0.0015061468584463,25.468122482299805,0.0028391454834491014,0.29279452562332153,24.317026138305664,0.0037008149083703756,0.2014983594417572,23.883663177490234,0.0040891580283641815,0.24880968034267426,28.345863342285156,0.0014635700499638915,0.07086770236492157,29.955806732177734,0.001010228181257844,28.143688201904297,0.0015333151677623391,0.08617109060287476
173629,6035,5,3303,-1,3,26.818017959594727,0.2054695338010788,26.399188995361328,0.17128346860408783,26.092426300048828,23.106178283691406,0.26811686158180237,22.82044219970703,23.938405990600586,0.1340409219264984,17.589427947998047,17.749858856201172,24.497875213623047,0.09137316048145294,100.0,0.20464745163917542,0.8369684815406799,3303,3335,0.21216754615306854,0,0,0.002080647274851799,0.002458993112668395,26.94124412536621,0.002022440079599619,0.23971176147460938,0.0022912961430847645,0.10233721137046814,26.133651733398438,0.00243576243519783,0.11674979329109192,0.004890824668109417,0.017420358955860138,25.282386779785156,0.0029632034711539745,0.2995631992816925,0.005223430227488279,0.15835480391979218,24.722164154052734,0.0033711937721818686,0.17235031723976135,0.004037937149405479,0.01678858883678913,26.827102661132812,0.0020762986969202757,0.1404559165239334,0.0035498696379363537,0.0,23.87639808654785,0.004096003714948893,0.11010422557592392,29.209129333496094,0.0011997392866760492,0.20425856113433838,35.55680847167969,0.0002781756338663399,28.72403335571289,0.001341518247500062,0.24324476718902588,27.751901626586914,0.0016780695877969265,0.07058180868625641,27.175548553466797,0.0019162193639203906,0.08491536229848862,26.18032455444336,0.0024097252171486616,0.22831463813781738,27.880735397338867,0.001629020320251584,25.96908187866211,0.002529833698645234,0.2729887068271637,25.337615966796875,0.0029257589485496283,0.09859316796064377,25.003557205200195,0.003159688785672188,0.11930111795663834,27.869487762451172,0.0016332451486960053,0.07831200957298279,28.556175231933594,0.0013943846570327878,27.772855758666992,0.0016699929255992174,0.09399391710758209
175680,6036,2,476,-1,0,23.593891143798828,0.1632407307624817,19.748767852783203,0.21369417011737823,25.600061416625977,21.26896095275879,0.20818215608596802,18.614999771118164,23.32209014892578,0.08518096804618835,17.79325294494629,18.042579650878906,19.203754425048828,0.26978209614753723,100.0,0.3560667932033539,0.6001518964767456,476,508,0.3957669734954834,0,0,0.004371304530650377,0.002754190703853965,23.353496551513672,0.004620091523975134,0.19109521806240082,0.01059554424136877,0.2770296037197113,19.212112426757812,0.011989161372184753,0.32458066940307617,0.007466271985322237,0.016621671617031097,22.17688751220703,0.006057748571038246,0.23279616236686707,0.013756250962615013,0.3036969304084778,18.69319725036621,0.013510782271623611,0.3427448868751526,0.004653622396290302,0.015694309026002884,25.294343948364258,0.0029550560284405947,0.08271297067403793,0.012012259103357792,0.0,18.582273483276367,0.013860299251973629,0.32018595933914185,24.74721908569336,0.0033518013078719378,0.14035537838935852,35.01099395751953,0.00031542812939733267,24.180580139160156,0.0038189354818314314,0.17103540897369385,19.98451805114746,0.010035712271928787,0.2545815110206604,19.371479034423828,0.011557187885046005,0.3029983639717102,23.507640838623047,0.004458985291421413,0.16313642263412476,30.493009567260742,0.0008926867740228772,23.003664016723633,0.005007646977901459,0.19857476651668549,19.489206314086914,0.011248107068240643,0.26602599024772644,18.90390396118164,0.01287092361599207,0.3169667422771454,27.75457763671875,0.0016770358197391033,0.04073760658502579,31.3034725189209,0.0007407176308333874,27.396697998046875,0.0018210848793387413,0.04773253947496414
175973,6036,2,801,-1,1,24.055994033813477,0.10662352293729782,18.290142059326172,0.19781456887722015,26.35280990600586,21.44162940979004,0.16596363484859467,17.392601013183594,23.372514724731445,0.09173120558261871,17.98371124267578,17.9744873046875,17.739219665527344,0.2239227294921875,100.0,0.40843018889427185,0.484328955411911,801,833,0.37217751145362854,0,0,0.0039300741627812386,0.0023158953990787268,23.78989028930664,0.004178408998996019,0.12055480480194092,0.014824697747826576,0.24173912405967712,17.780567169189453,0.01667030155658722,0.2664144039154053,0.007175250444561243,0.015908485278487206,22.34206771850586,0.0058316756039857864,0.17603716254234314,0.018228037282824516,0.27090951800346375,17.30586814880371,0.018595727160573006,0.28674423694610596,0.0045999037101864815,0.01594230905175209,25.44406509399414,0.002854918362572789,0.089717797935009,0.01682976633310318,0.0,17.117740631103516,0.019418960437178612,0.2538382112979889,24.894617080688477,0.0032399496994912624,0.09049743413925171,36.21797180175781,0.0002388928842265159,24.3160457611084,0.0037016503047198057,0.10405181348323822,18.350622177124023,0.014619683846831322,0.21929612755775452,17.739774703979492,0.016827614977955818,0.2488432228565216,23.539018630981445,0.00442688399925828,0.11681807041168213,31.590051651000977,0.0006934176781214774,23.00920295715332,0.005001263227313757,0.13272587954998016,18.01547622680664,0.015792563557624817,0.23181064426898956,17.417091369628906,0.01812553219497204,0.261108934879303,27.633892059326172,0.0017242927569895983,0.04980968311429024,31.404922485351562,0.0007236155215650797,27.262481689453125,0.0018782432889565825,0.05739453807473183
177591,6036,2,2451,-1,3,20.526927947998047,0.29564040899276733,17.677143096923828,0.2663857042789459,24.2117977142334,19.1690616607666,0.3446510434150696,16.891036987304688,23.132976531982422,0.09744720160961151,17.82196807861328,17.764083862304688,17.01025390625,0.39582663774490356,31.07876205444336,0.4912724494934082,0.5422362089157104,2451,2483,0.41586726903915405,0,0,0.008857417851686478,0.003791581140831113,20.160682678222656,0.009636777453124523,0.33511000871658325,0.017072055488824844,0.3990848958492279,17.21245765686035,0.019000031054019928,0.45277196168899536,0.012108598835766315,0.016512136906385422,19.41910743713379,0.011431131511926651,0.3799039125442505,0.020459569990634918,0.4206817150115967,16.756183624267578,0.021104825660586357,0.46701350808143616,0.004860738757997751,0.01673368364572525,25.179656982421875,0.0030341320671141148,0.09453558921813965,0.01990557461977005,0.0007800526218488812,16.41152572631836,0.022847963497042656,0.45151811838150024,20.98453712463379,0.00797161553055048,0.28172677755355835,33.015419006347656,0.0004994109622202814,20.399486541748047,0.009121185168623924,0.3231021761894226,17.627979278564453,0.017266418784856796,0.39525651931762695,17.028766632080078,0.019820906221866608,0.4534689784049988,20.32284164428711,0.009283589199185371,0.30355992913246155,30.202646255493164,0.0009544109925627708,19.76130485534668,0.01056500244885683,0.34606069326400757,17.274904251098633,0.01872878521680832,0.39967718720436096,16.689123153686523,0.021433236077427864,0.45564547181129456,27.52486228942871,0.0017681278986856341,0.05592653900384903,32.071807861328125,0.000620610429905355,27.111541748046875,0.0019446691730991006,0.06348440796136856
177632,6036,2,2492,-1,0,26.289382934570312,0.11912723630666733,21.571941375732422,0.17391054332256317,26.06208038330078,22.9262638092041,0.17447134852409363,20.05951690673828,23.842144012451172,0.09697139263153076,17.96125602722168,17.853809356689453,20.822160720825195,0.3233286440372467,100.0,0.3808947801589966,0.45658421516418457,2492,2524,0.4054991900920868,0,0,0.002349967136979103,0.0024762358516454697,26.3254337310791,0.002330541145056486,0.1356656402349472,0.006963151041418314,0.3178413212299347,21.16980743408203,0.00763869471848011,0.36999478936195374,0.005097692366689444,0.015990950167179108,24.65744400024414,0.0034218067303299904,0.1868966668844223,0.00986389722675085,0.3491070568561554,20.486486434936523,0.008940290659666061,0.3921840190887451,0.0041284384205937386,0.016391512006521225,26.494009017944336,0.0022418114822357893,0.09493882209062576,0.008275304920971394,0.0,20.200681686401367,0.009548427537083626,0.3794206976890564,28.617067337036133,0.0013749704230576754,0.09940154105424881,37.431175231933594,0.00018066870688926429,28.072349548339844,0.0015587091911584139,0.1158495768904686,22.05223274230957,0.00623414246365428,0.3045870363712311,21.445755004882812,0.00716843456029892,0.3593984842300415,26.140413284301758,0.0024319724179804325,0.1300887018442154,32.35950469970703,0.0005808306741528213,25.659482955932617,0.0027167631778866053,0.15024301409721375,21.29936981201172,0.007414180785417557,0.31807929277420044,20.719470977783203,0.008473305962979794,0.3736758232116699,28.640830993652344,0.001367467804811895,0.054526131600141525,32.76254653930664,0.0005293528665788472,28.249500274658203,0.001496408600360155,0.06366471946239471
183808,6037,3,4111,-1,2,22.25314712524414,0.1780548393726349,19.671289443969727,0.2231108695268631,27.060396194458008,20.22072982788086,0.20990712940692902,18.45252799987793,22.93877410888672,0.09806003421545029,18.100074768066406,18.20825958251953,18.543304443359375,0.24777598679065704,100.0,0.33259108662605286,0.6708263754844666,4111,4143,0.37157803773880005,0,0,0.005952307488769293,0.0019677067175507545,21.82744026184082,0.006565322633832693,0.2039618045091629,0.010786264203488827,0.26367074251174927,19.124149322509766,0.012234465219080448,0.3038497567176819,0.009504447691142559,0.015487898141145706,20.663145065307617,0.008583917282521725,0.22711139917373657,0.014280620962381363,0.27947235107421875,18.487464904785156,0.014166206121444702,0.30712956190109253,0.005083028692752123,0.015106859616935253,24.508865356445312,0.0035409005358815193,0.09641017019748688,0.013985233381390572,0.0,17.921825408935547,0.016136806458234787,0.2872457802295685,22.998706817626953,0.0050133648328483105,0.14985886216163635,36.89492416381836,0.00020441263040993363,22.400903701782227,0.005753203295171261,0.17467784881591797,19.95246124267578,0.010110062547028065,0.23428182303905487,19.33750343322754,0.011647958308458328,0.2722613215446472,21.614288330078125,0.00689558545127511,0.17030221223831177,31.064533233642578,0.0007826123619452119,21.05903434753418,0.007836042903363705,0.19906260073184967,19.20575523376465,0.012006726115942001,0.24807193875312805,18.619028091430664,0.013743496499955654,0.28818511962890625,26.539291381835938,0.0022185579873621464,0.049395713955163956,31.593212127685547,0.0006929130759090185,26.102542877197266,0.002453272696584463,0.05707209184765816
184289,6037,3,4624,-1,1,28.052520751953125,0.06965932995080948,25.548870086669922,0.07741943001747131,27.65676498413086,23.80884552001953,0.09878295660018921,22.817983627319336,24.261173248291016,0.06907455623149872,17.820096969604492,17.812044143676758,24.656278610229492,0.10657599568367004,100.0,0.18859045207500458,0.4105161726474762,4624,4656,0.25753989815711975,0,0,0.0015658419579267502,0.0017152351792901754,28.116741180419922,0.001542858313769102,0.08019254356622696,0.0027868468314409256,0.10273104906082153,25.324308395385742,0.002934735966846347,0.11684897541999817,0.0041602118872106075,0.016519244760274887,26.461179733276367,0.002258822089061141,0.10077114403247833,0.005226389039307833,0.1301710456609726,24.568044662475586,0.003492974676191807,0.13857653737068176,0.0037487170193344355,0.016549909487366676,27.497501373291016,0.001779302954673767,0.06777413934469223,0.003422725712880492,0.0,24.034801483154297,0.003949298989027739,0.12498188763856888,31.736507415771484,0.0006704234983772039,0.049122948199510574,38.25830078125,0.00014933777856640518,31.245967864990234,0.000750590639654547,0.058532021939754486,27.21090316772461,0.0019006830407306552,0.08738398551940918,26.633739471435547,0.002170831197872758,0.1024310365319252,28.00725555419922,0.0015822474379092455,0.06827331334352493,31.48423194885254,0.0007105210679583251,27.653919219970703,0.0017163591692224145,0.07853104919195175,25.50116539001465,0.002817627741023898,0.10327669233083725,25.013761520385742,0.0031522740609943867,0.1207447201013565,29.405183792114258,0.0011467841686680913,0.03630559518933296,31.571529388427734,0.0006963816122151911,29.150390625,0.0012160767801105976,0.042991530150175095
188524,6038,4,4098,-1,2,27.611295700073242,0.17575910687446594,25.7119140625,0.19516462087631226,24.19588851928711,24.173372268676758,0.18865589797496796,23.177488327026367,25.676525115966797,0.07640491425991058,17.421001434326172,17.69638442993164,25.719867706298828,0.25897565484046936,100.0,0.3167721927165985,0.616104006767273,4098,4130,0.38361361622810364,0,0,0.0017332870047539473,0.0038054953329265118,28.494014739990234,0.0014144856249913573,0.22044606506824493,0.0026841622311621904,0.2693897485733032,25.670068740844727,0.0027101498562842607,0.3313039541244507,0.0038252761587500572,0.01810922659933567,27.884136199951172,0.0016277454560622573,0.21952152252197266,0.004811176098883152,0.29152774810791016,25.288427352905273,0.002959083765745163,0.3432660698890686,0.0027061235159635544,0.016996579244732857,32.94485092163086,0.0005075923399999738,0.07285518944263458,0.0026792511343955994,0.0,25.098388671875,0.0030914435628801584,0.3225349187850952,29.47181510925293,0.001129323965869844,0.16911369562149048,33.620933532714844,0.0004344169865362346,29.078998565673828,0.0012362328125163913,0.21595335006713867,26.39824867248535,0.0022917918395251036,0.25232353806495667,25.829065322875977,0.0026127242017537355,0.314941942691803,28.3896541595459,0.0014488875167444348,0.1685343235731125,28.869314193725586,0.0012973842676728964,28.32034683227539,0.0014721956104040146,0.21564608812332153,25.787899017333984,0.0026376063469797373,0.2591642439365387,25.412513732910156,0.002875733422115445,0.32184216380119324,33.443302154541016,0.0004525533877313137,0.03741295635700226,29.438079833984375,0.0011381300864741206,34.595703125,0.0003470800875220448,0.04587863013148308
188567,6038,4,4141,-1,1,27.729890823364258,0.11053521186113358,25.99993896484375,0.15652190148830414,26.190658569335938,24.00935173034668,0.15585441887378693,23.26822280883789,25.58220863342285,0.07037786394357681,17.413293838500977,17.6778621673584,25.949373245239258,0.19501575827598572,100.0,0.290412575006485,0.5389639139175415,4141,4173,0.407741516828537,0,0,0.001686595962382853,0.0024039994459599257,28.023815155029297,0.0015762262046337128,0.13235315680503845,0.0025119222700595856,0.1975647211074829,25.911914825439453,0.0025633538607507944,0.24068807065486908,0.003972508013248444,0.01814139448106289,27.464977264404297,0.0017926791915670037,0.17214375734329224,0.004711702931672335,0.22446466982364655,25.52464485168457,0.002802435075864196,0.25752896070480347,0.002765535842627287,0.017069226130843163,32.479759216308594,0.0005649681552313268,0.06772640347480774,0.0025413394905626774,0.0,25.32789421081543,0.0029323147609829903,0.23887646198272705,29.066062927246094,0.0012399202678352594,0.09937110543251038,35.576751708984375,0.0002769012935459614,28.575862884521484,0.0013880770420655608,0.12009017169475555,26.726238250732422,0.0021250853314995766,0.19315104186534882,26.146942138671875,0.0024283207021653652,0.2372158020734787,28.066951751708984,0.0015606475062668324,0.11717310547828674,29.364328384399414,0.0011576233664527535,27.897748947143555,0.0016226512379944324,0.1417013257741928,26.081092834472656,0.0024654187727719545,0.19793276488780975,25.707630157470703,0.0026868099812418222,0.24036797881126404,33.096717834472656,0.0004901491338387132,0.029985129833221436,29.47201919555664,0.0011292705312371254,34.0691032409668,0.00039182277396321297,0.03659651055932045
190199,6039,5,668,-1,2,20.042341232299805,0.19969722628593445,13.537681579589844,0.26153796911239624,23.00206184387207,18.967391967773438,0.2336822748184204,13.218610763549805,23.7684326171875,0.09906640648841858,17.792774200439453,17.650678634643555,13.222064018249512,0.35544297099113464,100.0,0.5691078305244446,0.4595578610897064,668,700,0.4781935214996338,0,0,0.009902982041239738,0.0050094942562282085,19.72412872314453,0.010655825026333332,0.21700476109981537,0.044282473623752594,0.36516058444976807,12.982853889465332,0.05031698942184448,0.40041017532348633,0.012684141285717487,0.01662350259721279,19.18001937866211,0.012078085914254189,0.2480788379907608,0.04765835404396057,0.3822946846485138,12.798006057739258,0.05250484123826027,0.4141603410243988,0.0041991048492491245,0.017176399007439613,26.570648193359375,0.0022025981452316046,0.09500900655984879,0.047620464116334915,0.0,12.600584983825684,0.054946690797805786,0.39728260040283203,20.459383010864258,0.008996259421110153,0.19013649225234985,32.42631912231445,0.0005719632608816028,19.874874114990234,0.01029230561107397,0.21283476054668427,13.582845687866211,0.04382433742284775,0.34595057368278503,12.966939926147461,0.05050170421600342,0.38516247272491455,19.72597885131836,0.010651283897459507,0.20619165897369385,28.366256713867188,0.0014567150501534343,19.18442726135254,0.012065832503139973,0.22927270829677582,13.385615348815918,0.04586046189069748,0.35601192712783813,12.781296730041504,0.0527072548866272,0.39654839038848877,27.436494827270508,0.0018044736934825778,0.06153728440403938,29.057958602905273,0.0012422362342476845,27.233150482177734,0.0018909717909991741,0.06915919482707977
190630,6039,5,1099,-1,1,24.675857543945312,0.17055945098400116,19.346506118774414,0.2219645082950592,23.546552658081055,22.213619232177734,0.19558335840702057,18.42380142211914,24.20720100402832,0.06202277913689613,17.508840560913086,17.62240219116211,18.83553123474121,0.2774941623210907,100.0,0.4374929368495941,0.5073556303977966,1099,1131,0.44767454266548157,0,0,0.003407330485060811,0.004419210832566023,24.878952026367188,0.0032516566570848227,0.18947544693946838,0.011623833328485489,0.28575825691223145,18.912561416625977,0.012845288962125778,0.3235696852207184,0.006006729789078236,0.017746634781360626,23.766897201538086,0.0042005907744169235,0.2084544450044632,0.014375395141541958,0.2921966314315796,18.550973892211914,0.013960552401840687,0.3209207057952881,0.003795596305280924,0.01728859543800354,27.645347595214844,0.0017197502311319113,0.055079538375139236,0.013075157068669796,0.0,18.214052200317383,0.015086719766259193,0.3186250627040863,26.07177734375,0.002470714272931218,0.15141476690769196,33.47613525390625,0.00044914535828866065,25.556859970092773,0.002781724790111184,0.16934476792812347,19.693008422851562,0.010732462629675865,0.26835721731185913,19.084915161132812,0.012345495633780956,0.3084455132484436,24.447105407714844,0.0035916133783757687,0.1586776226758957,29.47450828552246,0.0011286241933703423,24.01150894165039,0.003970534540712833,0.1766699105501175,19.214237213134766,0.011983298696577549,0.2717856764793396,18.638418197631836,0.013682270422577858,0.3114979565143585,28.886682510375977,0.0012922057649120688,0.03889892250299454,30.536911010742188,0.0008837083005346358,28.68044090270996,0.0013550515286624432,0.043379321694374084
193207,6039,5,3868,-1,3,23.321746826171875,0.14085018634796143,19.464447021484375,0.22285889089107513,24.337512969970703,20.798450469970703,0.17775745689868927,18.15796661376953,22.690826416015625,0.08563590049743652,17.5803165435791,17.554065704345703,18.332538604736328,0.2854444086551666,100.0,0.4029653072357178,0.5530473589897156,3868,3900,0.4391772747039795,0,0,0.004653988406062126,0.0036833977792412043,23.184595108032227,0.004803310614079237,0.15612637996673584,0.011312413029372692,0.29519811272621155,19.006855010986328,0.012569395825266838,0.33452722430229187,0.00832060631364584,0.01745694875717163,21.602067947387695,0.006915015634149313,0.1879178285598755,0.015282821841537952,0.32438045740127563,18.252111434936523,0.014955083839595318,0.3539409637451172,0.005381675437092781,0.01756279170513153,24.549827575683594,0.0035076579079031944,0.07881344854831696,0.014680680818855762,0.0,17.7110595703125,0.01693924516439438,0.32648390531539917,24.540651321411133,0.0035150782205164433,0.12242863327264786,33.18117904663086,0.00048070907359942794,23.99909210205078,0.0039819045923650265,0.13969282805919647,19.853538513183594,0.010342994704842567,0.2784631848335266,19.246633529663086,0.011894240975379944,0.3193950355052948,22.5484619140625,0.005561011843383312,0.13940739631652832,28.838966369628906,0.0013064822414889932,22.065200805664062,0.006215555593371391,0.15845340490341187,18.94578742980957,0.012747391127049923,0.28944727778434753,18.380298614501953,0.014520115219056606,0.3297010660171509,26.073585510253906,0.002469685859978199,0.046263910830020905,29.234840393066406,0.0011926579754799604,25.741153717041016,0.0026661516167223454,0.05142124369740486
193626,6039,5,4287,-1,2,26.107864379882812,0.16381880640983582,24.390445709228516,0.17708460986614227,25.599388122558594,22.529781341552734,0.19883330166339874,21.691570281982422,23.778316497802734,0.10610997676849365,17.53902244567871,17.627723693847656,22.794666290283203,0.12263428419828415,100.0,0.260931134223938,0.6786641478538513,4287,4319,0.44719257950782776,0,0,0.0024502677842974663,0.0027546167839318514,26.19165802001953,0.002403444843366742,0.1826997697353363,0.0036387776490300894,0.12536482512950897,24.03264617919922,0.0039512598887085915,0.1403598189353943,0.005584985017776489,0.01762373372912407,24.279571533203125,0.0037328707985579967,0.21739591658115387,0.006773967761546373,0.16603979468345642,22.866575241088867,0.005168238654732704,0.17753833532333374,0.004189559258520603,0.01726743020117283,26.620262145996094,0.0021775795612484217,0.10708856582641602,0.005254524759948254,0.0,22.173187255859375,0.006062912289053202,0.1392798125743866,27.777950286865234,0.001668033772148192,0.15447531640529633,34.095314025878906,0.00038946515996940434,27.293825149536133,0.0018647366669028997,0.17799188196659088,25.319377899169922,0.0029380701016634703,0.1116555854678154,24.7384090423584,0.0033586074132472277,0.12768512964248657,25.1859073638916,0.003029768355190754,0.16786345839500427,28.967689514160156,0.0012683258391916752,24.81386375427246,0.003300759242847562,0.19362638890743256,23.604948043823242,0.004360187333077192,0.12360639125108719,23.139232635498047,0.004853741265833378,0.1426199972629547,27.93755340576172,0.0016078472835943103,0.05873797833919525,29.140474319458008,0.001218856661580503,27.77884292602539,0.001667691976763308,0.06747347861528397
194303,6040,2,93,-1,1,28.33324432373047,0.09871569275856018,28.968751907348633,0.10474451631307602,28.668672561645508,23.933446884155273,0.13007213175296783,23.9776611328125,24.36035919189453,0.08917354792356491,17.82388687133789,18.008155822753906,28.781036376953125,0.05735253915190697,100.0,0.11511190235614777,0.9099364280700684,93,125,0.30450698733329773,0,0,0.0014678292209282517,0.0013587289722636342,28.283864974975586,0.0014846138656139374,0.11493714898824692,0.001268016523681581,0.07285724580287933,28.735950469970703,0.0013378425501286983,0.086847685277462,0.0040425509214401245,0.016504839062690735,26.725845336914062,0.002125276019796729,0.13665255904197693,0.0040016029961407185,0.10614041239023209,26.644105911254883,0.0021656551398336887,0.10779695957899094,0.003664073534309864,0.01581919752061367,27.46164321899414,0.001794054638594389,0.08668256551027298,0.0013240256812423468,0.0,28.159557342529297,0.001527721993625164,0.06984864175319672,31.370197296142578,0.0007294244132936001,0.07499457895755768,39.646602630615234,0.00010847754310816526,30.83570098876953,0.0008249548263847828,0.08962589502334595,32.28156280517578,0.0005913487984798849,0.053812142461538315,31.706897735595703,0.0006750097963958979,0.06487138569355011,28.254531860351562,0.0014946747105568647,0.0937182605266571,32.22595977783203,0.000598968705162406,27.87153434753418,0.0016324756434187293,0.11292850971221924,28.522518157958984,0.0014052328187972307,0.06992942839860916,28.128265380859375,0.0015387698076665401,0.0847562775015831,29.676013946533203,0.0010774544207379222,0.046152353286743164,32.6368408203125,0.0005448987358249724,29.35771942138672,0.0011593860108405352,0.05716397985816002
194465,6040,2,255,-1,3,24.857816696166992,0.11794412136077881,20.826948165893555,0.16820360720157623,27.289350509643555,21.909114837646484,0.14980721473693848,19.410320281982422,23.200183868408203,0.08627986907958984,18.069908142089844,18.251296997070312,20.024131774902344,0.11728432774543762,100.0,0.32041239738464355,0.5249597430229187,255,287,0.4199666678905487,0,0,0.0032675208058208227,0.001866658916696906,24.580419540405273,0.0034830381628125906,0.1382046788930893,0.008266186341643333,0.1315203756093979,20.377639770507812,0.009167180396616459,0.1527022272348404,0.006443006452172995,0.015595861710608006,22.980113983154297,0.0050348746590316296,0.1603250801563263,0.01145428791642189,0.14997084438800812,19.6512451171875,0.010836158879101276,0.1596207469701767,0.004786099772900343,0.014957892708480358,24.919811248779297,0.003221208695322275,0.07984501123428345,0.00994458794593811,0.0,19.40265464782715,0.011474523693323135,0.13906292617321014,26.4373779296875,0.0022712363861501217,0.09408066421747208,36.787696838378906,0.00020952233171556145,25.869647979736328,0.002588423201814294,0.11232179403305054,21.37802505493164,0.007281107362359762,0.10815120488405228,20.772308349609375,0.00837083999067545,0.13045260310173035,24.454696655273438,0.0035853402223438025,0.11083316802978516,31.651981353759766,0.0006835997337475419,23.945049285888672,0.0040317620150744915,0.1320263147354126,20.576953887939453,0.008755979128181934,0.11751746386289597,19.996395111083984,0.010008306242525578,0.14044348895549774,27.309782028198242,0.0018578977324068546,0.040893640369176865,32.72906494140625,0.0005334498127922416,26.857831954956055,0.0020616590045392513,0.04879113286733627
196005,6040,2,1891,-1,3,27.536365509033203,0.12001903355121613,22.708698272705078,0.15298965573310852,26.63212776184082,23.434782028198242,0.15995751321315765,20.909128189086914,23.97681427001953,0.09013816714286804,17.873241424560547,17.823989868164062,22.142972946166992,0.2354040890932083,100.0,0.3348771631717682,0.45685306191444397,1891,1923,0.4317852258682251,0,0,0.0017634512623772025,0.0021716367918998003,27.693843841552734,0.0017006535781547427,0.140458345413208,0.005359572358429432,0.240360289812088,22.378673553466797,0.005782728083431721,0.282179057598114,0.00453442195430398,0.016318341717123985,25.651897430419922,0.002721511758863926,0.17605018615722656,0.008111239410936832,0.26314061880111694,21.6444034576416,0.006847936660051346,0.2976285219192505,0.004002383444458246,0.016504455357789993,26.821481704711914,0.002078987890854478,0.0939713567495346,0.006105238571763039,0.0,21.521493911743164,0.007044506259262562,0.28061768412590027,29.978557586669922,0.001004949677735567,0.10974527895450592,35.97909927368164,0.00025240046670660377,29.5050048828125,0.0011207264615222812,0.13065749406814575,23.285892486572266,0.004692569375038147,0.21910874545574188,22.681781768798828,0.005392891354858875,0.26380470395088196,27.406681060791016,0.001816903823055327,0.12269417196512222,31.678590774536133,0.0006794243236072361,27.00732421875,0.0019919006153941154,0.14539574086666107,22.535175323486328,0.005578049458563328,0.2334095537662506,21.96485710144043,0.006360837258398533,0.27785229682922363,29.194049835205078,0.0012039134744554758,0.05455946549773216,32.826438903808594,0.0005216223653405905,28.830997467041016,0.0013088815612718463,0.06570985168218613
196374,6040,2,2260,-1,0,23.605125427246094,0.17749616503715515,18.494022369384766,0.21993346512317657,25.228450775146484,21.424293518066406,0.21430706977844238,17.6053524017334,23.495752334594727,0.09799119830131531,17.684406280517578,17.874439239501953,17.9429874420166,0.3531906306743622,100.0,0.4202490746974945,0.5233407616615295,2260,2292,0.41978827118873596,0,0,0.004360010847449303,0.0030002330895513296,23.401592254638672,0.004569207318127155,0.20862111449241638,0.014144833199679852,0.3565353751182556,17.957508087158203,0.016004763543605804,0.4135149121284485,0.007203947752714157,0.017043523490428925,22.44875144958496,0.005690166261047125,0.2413528859615326,0.01735660620033741,0.3730047345161438,17.579601287841797,0.01745983399450779,0.4213506579399109,0.004471206571906805,0.016313832253217697,25.768747329711914,0.002649264642968774,0.09970011562108994,0.016058364883065224,0.0,17.321508407592773,0.018528882414102554,0.4112980365753174,24.25562286376953,0.0037535112351179123,0.14964666962623596,33.314876556396484,0.00046613591257482767,23.70665740966797,0.004259261302649975,0.18035827577114105,18.653348922729492,0.01363531593233347,0.34149789810180664,18.039871215820312,0.015704091638326645,0.40100938081741333,23.037776947021484,0.004968465771526098,0.16907978057861328,28.454153060913086,0.0014275280991569161,22.5859432220459,0.005513225682079792,0.20365487039089203,18.190031051635742,0.01517039630562067,0.3487456738948822,17.61313247680664,0.017325539141893387,0.40849757194519043,27.371578216552734,0.0018316492205485702,0.05197422578930855,29.52800750732422,0.001114806393161416,27.117656707763672,0.0019419328309595585,0.06206817924976349
196737,6040,2,2623,-1,3,28.118181228637695,0.10532015562057495,21.759824752807617,0.13881130516529083,26.726972579956055,23.97797393798828,0.14297546446323395,20.42595672607422,24.395389556884766,0.08872703462839127,17.94196891784668,18.080825805664062,21.257728576660156,0.16056430339813232,100.0,0.3040538728237152,0.4565352201461792,2623,2655,0.387887179851532,0,0,0.0015423467848449945,0.0021247256081551313,28.378089904785156,0.0014527501771226525,0.1216985434293747,0.00666833994910121,0.16982297599315643,21.385900497436523,0.007267917972058058,0.1959899663925171,0.0040013138204813,0.01606212742626667,26.684101104736328,0.002145804464817047,0.15395180881023407,0.009065764024853706,0.2015053927898407,20.943248748779297,0.008047766052186489,0.22111313045024872,0.003634638385847211,0.015556699596345425,27.44613265991211,0.0018004750600084662,0.09001972526311874,0.007485606707632542,0.0,20.636253356933594,0.00863723736256361,0.18914556503295898,31.336700439453125,0.0007350723026320338,0.08515515178442001,36.96891403198242,0.0002009597374126315,30.87648582458496,0.0008172434172593057,0.10209791362285614,22.237995147705078,0.005973112303763628,0.14580592513084412,21.635906219482422,0.006861347239464521,0.17477166652679443,28.15032196044922,0.0015309742884710431,0.10607682168483734,30.723657608032227,0.0008465145365335047,27.861434936523438,0.0016362759051844478,0.12574811279773712,21.589435577392578,0.006935159210115671,0.16664578020572662,21.027027130126953,0.007894006557762623,0.1951213926076889,29.340612411499023,0.0011639621807262301,0.051505282521247864,31.203248977661133,0.0007580101955682039,29.11362075805664,0.0012264163233339787,0.06185538321733475
198265,6040,2,4215,-1,3,22.768413543701172,0.2340226024389267,20.833131790161133,0.2852427661418915,24.278650283813477,20.744430541992188,0.27201569080352783,19.369861602783203,23.226333618164062,0.10466873645782471,17.836650848388672,18.129079818725586,19.477514266967773,0.23943044245243073,100.0,0.387417733669281,0.7362666726112366,4215,4247,0.4522426426410675,0,0,0.0052863843739032745,0.003733661724254489,22.57646942138672,0.005525264423340559,0.2740152180194855,0.008254424668848515,0.23614433407783508,20.350391387939453,0.009224885143339634,0.27290967106819153,0.008424748666584492,0.016456404700875282,21.43324851989746,0.007189108990132809,0.30733177065849304,0.011561493389308453,0.252166748046875,19.601600646972656,0.010960739105939865,0.281784325838089,0.004757368005812168,0.015384810045361519,25.055145263671875,0.0031223769765347242,0.10646558552980423,0.011278429068624973,0.0,18.856035232543945,0.013013572432100773,0.2812633216381073,23.528514862060547,0.004437604919075966,0.21381962299346924,33.14915466308594,0.0004842666967306286,22.970691680908203,0.005045810714364052,0.2548595368862152,21.082813262939453,0.007793251890689135,0.20584869384765625,20.477706909179688,0.008958378806710243,0.2438177615404129,22.08055305480957,0.006193622015416622,0.24001666903495789,28.207164764404297,0.0015110672684386373,21.602697372436523,0.006914014928042889,0.28536179661750793,20.134355545043945,0.009695366956293583,0.22212742269039154,19.59136199951172,0.010986615903675556,0.2640422284603119,26.732637405395508,0.0021219560876488686,0.06272906064987183,28.998294830322266,0.0012594208819791675,26.469202041625977,0.0022546539548784494,0.07458654046058655
199285,6041,3,286,-1,2,26.50059700012207,0.12464968860149384,24.585983276367188,0.11846506595611572,27.685659408569336,22.87360191345215,0.15214382112026215,21.755950927734375,23.600740432739258,0.09206018596887589,17.872570037841797,17.867420196533203,23.926803588867188,0.1064186543226242,100.0,0.15339548885822296,0.7722852230072021,286,318,0.2909257709980011,0,0,0.002238414017483592,0.0017038611695170403,26.343900680541992,0.0023206528276205063,0.14809973537921906,0.003478576894849539,0.11995406448841095,24.13006591796875,0.003863611025735736,0.14171239733695984,0.005159882362931967,0.016320860013365746,24.630870819091797,0.003442809684202075,0.16453197598457336,0.006674287840723991,0.14774717390537262,22.873613357543945,0.005159869324415922,0.1576938033103943,0.00436441320925951,0.0163402259349823,25.982582092285156,0.0025219800882041454,0.0923590362071991,0.004048736300319433,0.0,23.30532455444336,0.004671618342399597,0.12936756014823914,29.246118545532227,0.0011895649367943406,0.10230545699596405,38.24203109741211,0.00014989842020440847,28.698230743408203,0.0013495136518031359,0.12316940724849701,25.927562713623047,0.0025541349314153194,0.09270726889371872,25.316904067993164,0.0029397448524832726,0.11227964609861374,26.534414291381836,0.0022210513707250357,0.1174946203827858,31.269655227661133,0.0007465082453563809,26.112056732177734,0.0024479045532643795,0.14243032038211823,24.4000244140625,0.0036307605914771557,0.10975851863622665,23.881664276123047,0.004091040231287479,0.13236212730407715,28.694255828857422,0.0013507488183677197,0.046828217804431915,31.991422653198242,0.000632205163128674,28.352624893188477,0.001461294130422175,0.057828404009342194
199805,6041,3,870,-1,3,19.46739959716797,0.27537932991981506,18.020137786865234,0.2584605813026428,21.418325424194336,18.38039779663086,0.3017553985118866,17.23627281188965,23.58169937133789,0.07860208302736282,17.16966438293457,18.174394607543945,17.364574432373047,0.26550036668777466,22.445297241210938,0.3581084907054901,0.7217382192611694,870,902,0.3080987334251404,0,0,0.011304727755486965,0.007213856093585491,19.232107162475586,0.01193409226834774,0.3106301426887512,0.015775611624121666,0.27280181646347046,17.655241012573242,0.017158368602395058,0.3102934956550598,0.014519782736897469,0.0191881712526083,18.60071563720703,0.013801570050418377,0.33200502395629883,0.01889611966907978,0.29003268480300903,17.219982147216797,0.018967140465974808,0.3221411108970642,0.004383591469377279,0.015225116163492203,25.661239624023438,0.0027156646829098463,0.07802538573741913,0.018346060067415237,0.005694692954421043,16.926660537719727,0.02029242180287838,0.3073384165763855,19.58084487915039,0.01101324986666441,0.25803080201148987,22.808032989501953,0.005238377954810858,19.243911743164062,0.011901691555976868,0.2951797842979431,18.049776077270508,0.015668321400880814,0.2569000720977783,17.621030807495117,0.017294058576226234,0.2960895299911499,19.064876556396484,0.012402592226862907,0.2691795825958252,22.120296478271484,0.006137200631201267,18.739824295043945,0.013366498053073883,0.30810612440109253,17.673858642578125,0.017084965482354164,0.2647501528263092,17.26146125793457,0.018786851316690445,0.30542290210723877,27.6169490814209,0.0017310320399701595,0.03838781639933586,30.33527374267578,0.0009257048950530589,27.316730499267578,0.0018549284432083368,0.045253265649080276
200776,6041,3,1873,-1,2,24.010971069335938,0.17229637503623962,20.719995498657227,0.18866126239299774,24.281999588012695,21.71288299560547,0.22755715250968933,19.464128494262695,23.728389739990234,0.11449719220399857,17.911680221557617,17.949235916137695,19.93280601501465,0.2821081280708313,100.0,0.31790414452552795,0.5934532880783081,1873,1905,0.40436020493507385,0,0,0.003971027210354805,0.003730784635990858,23.97073745727539,0.004007987678050995,0.19678084552288055,0.00847228616476059,0.2817384600639343,20.319711685180664,0.009290284477174282,0.3201349675655365,0.0067408084869384766,0.016174541786313057,22.765884399414062,0.005289464723318815,0.2535054683685303,0.011313245631754398,0.312888503074646,19.74644660949707,0.010601206682622433,0.3494017720222473,0.004238000605255365,0.016035277396440506,26.156402587890625,0.0024230352137237787,0.11558975279331207,0.010155927389860153,0.0,19.31132698059082,0.01171837653964758,0.32540544867515564,25.37779998779297,0.002898811362683773,0.1676139086484909,33.602901458740234,0.00043622427619993687,24.844345092773438,0.0032776708249002695,0.19712984561920166,21.28189468383789,0.007444071117788553,0.2626219689846039,20.673513412475586,0.008563450537621975,0.3030475676059723,23.69625473022461,0.004269475117325783,0.1984272003173828,30.885787963867188,0.0008154950337484479,23.18681526184082,0.004800856579095125,0.23190109431743622,20.483375549316406,0.008946694433689117,0.27891412377357483,19.90183448791504,0.010228609666228294,0.32054436206817627,27.903059005737305,0.0016206681029871106,0.055612534284591675,32.34093475341797,0.0005833195173181593,27.49516487121582,0.0017802601214498281,0.06484605371952057
202652,6041,3,3813,-1,2,21.447254180908203,0.22267334163188934,18.093887329101562,0.1988624781370163,27.278160095214844,19.603708267211914,0.25600624084472656,17.122108459472656,23.07164192199707,0.09936176240444183,17.993053436279297,18.15571403503418,17.43695640563965,0.3706014156341553,32.352603912353516,0.40871819853782654,0.48655155301094055,3813,3845,0.3513111174106598,0,0,0.007165965158492327,0.00187147397082299,20.979698181152344,0.00798050221055746,0.25372958183288574,0.015509987249970436,0.37380701303482056,17.54392433166504,0.01760384626686573,0.4233717918395996,0.010955422185361385,0.015874303877353668,19.914566040039062,0.010198671370744705,0.2815425992012024,0.01939944177865982,0.39803948998451233,16.998851776123047,0.019957898184657097,0.4415850043296814,0.004929874558001757,0.015290745534002781,24.76787757873535,0.0033358940854668617,0.09747494757175446,0.018042821437120438,0.0005817544879391789,16.83418846130371,0.02072913944721222,0.4235747754573822,21.917505264282227,0.0064305709674954414,0.20004156231880188,36.53679656982422,0.0002219831949332729,21.31606101989746,0.0073857381939888,0.23220548033714294,18.304264068603516,0.014776566997170448,0.35978490114212036,17.705215454101562,0.01696205884218216,0.41349682211875916,20.927953720092773,0.008076159283518791,0.21907153725624084,31.793991088867188,0.0006616086466237903,20.354171752929688,0.009216859936714172,0.25223010778427124,17.801233291625977,0.016591155901551247,0.37310299277305603,17.21612548828125,0.01898398995399475,0.42734622955322266,27.01927947998047,0.0019864251371473074,0.050174321979284286,32.83902359008789,0.0005201130989007652,26.552125930786133,0.002212011953815818,0.05780751258134842
208914,6042,4,5158,-1,1,24.709365844726562,0.2909700870513916,22.0870418548584,0.22342181205749512,23.0264949798584,22.50596809387207,0.34621983766555786,20.5428466796875,24.896076202392578,0.12696149945259094,17.543657302856445,17.81745719909668,21.42873764038086,0.25594601035118103,100.0,0.2940605878829956,0.759781539440155,5158,5190,0.36906296014785767,0,0,0.003381144255399704,0.0049813902005553246,25.037689208984375,0.0031349528580904007,0.3472256064414978,0.006184375379234552,0.25741812586784363,21.697589874267578,0.006764581892639399,0.3067353665828705,0.005615691188722849,0.017604928463697433,24.235212326049805,0.0037711933255195618,0.3998067378997803,0.008825015276670456,0.3047659397125244,21.236629486083984,0.007522066123783588,0.34956222772598267,0.00323886307887733,0.01652929000556469,29.22929573059082,0.0011941822012886405,0.1370309293270111,0.007196580059826374,0.0,20.80725860595703,0.008303746581077576,0.3072490990161896,25.714153289794922,0.002682777587324381,0.27521300315856934,31.623973846435547,0.0006880224100314081,25.243778228759766,0.0029896630439907312,0.33587634563446045,22.078161239624023,0.006197035312652588,0.26597997546195984,21.48164939880371,0.007109436206519604,0.3205960988998413,24.84046745300293,0.003280600067228079,0.291259765625,28.429523468017578,0.0014356473693624139,24.480091094970703,0.003564438782632351,0.35550522804260254,21.65168571472168,0.0068364632315933704,0.26911911368370056,21.13661003112793,0.007697312161326408,0.32268989086151123,30.273460388183594,0.0009389749029651284,0.06619247049093246,29.162220001220703,0.0012127688387408853,30.472789764404297,0.000896852754522115,0.08082299679517746
209415,6043,5,515,-1,1,24.488603591918945,0.12176715582609177,21.399404525756836,0.15574626624584198,26.86136245727539,21.904197692871094,0.14686903357505798,19.883638381958008,23.49703025817871,0.07800258696079254,17.811046600341797,17.79384422302246,20.517065048217773,0.11783736944198608,100.0,0.29463931918144226,0.528599739074707,515,547,0.3983585834503174,0,0,0.0035574580542743206,0.002059984253719449,24.216087341308594,0.0037878386210650206,0.14137887954711914,0.007245352026075125,0.13201019167900085,20.925613403320312,0.00808050949126482,0.15428514778614044,0.006450307089835405,0.016553713008761406,23.101642608642578,0.004895937163382769,0.16118057072162628,0.010271553881466389,0.15259502828121185,20.293941497802734,0.009345573373138905,0.16599340736865997,0.004469890147447586,0.016619408503174782,25.849040985107422,0.0026007341220974922,0.07585318386554718,0.008877557702362537,0.0,19.895587921142578,0.01024333480745554,0.14186948537826538,26.094676971435547,0.002457719063386321,0.10636276751756668,36.69536209106445,0.00021402470883913338,25.5239200592041,0.0028029032982885838,0.1293891817331314,22.092315673828125,0.0061768703162670135,0.11031089723110199,21.481544494628906,0.0071096038445830345,0.13236550986766815,24.043575286865234,0.003941329196095467,0.11912784725427628,31.079933166503906,0.0007798420265316963,23.538206100463867,0.0044277124106884,0.1466015726327896,21.129730224609375,0.007709513418376446,0.1211121529340744,20.554275512695312,0.008801819756627083,0.146908700466156,27.39966583251953,0.0018198407487943769,0.04324578493833542,31.915395736694336,0.0006433695671148598,26.987884521484375,0.0020008361898362637,0.053508613258600235
209784,6043,5,916,-1,1,26.110517501831055,0.2294749617576599,23.5804386138916,0.19182905554771423,26.624574661254883,22.826278686523438,0.27856385707855225,21.359821319580078,23.964689254760742,0.12852886319160461,17.68984603881836,17.84423828125,22.357948303222656,0.13378450274467468,100.0,0.28219252824783325,0.6797807812690735,916,948,0.3950466811656952,0,0,0.002448771381750703,0.0021754177287220955,26.03656768798828,0.0024908259510993958,0.26736685633659363,0.004384865518659353,0.14063988626003265,23.106807708740234,0.004890118259936571,0.1688867211341858,0.00521641643717885,0.017022186890244484,24.685028076171875,0.003400143701583147,0.3105514943599701,0.007311693858355284,0.18982338905334473,22.25332260131836,0.005952067207545042,0.20995649695396423,0.004013571422547102,0.01642768085002899,26.770143508911133,0.002103708451613784,0.14098353683948517,0.005810389295220375,0.0,21.736469268798828,0.006704295054078102,0.1603204905986786,28.126564025878906,0.0015393724897876382,0.216922327876091,35.32872009277344,0.0002931759809143841,27.616790771484375,0.001731095020659268,0.25805217027664185,24.32445526123047,0.00369449146091938,0.11661618202924728,23.718582153320312,0.004247582517564297,0.14098642766475677,25.73460578918457,0.002670173766091466,0.24600733816623688,30.85242462158203,0.0008217839058488607,25.295101165771484,0.0029545414727181196,0.28987234830856323,23.017169952392578,0.004992098081856966,0.14193153381347656,22.478561401367188,0.0056512425653636456,0.16997431218624115,27.974010467529297,0.0015944064361974597,0.07672396302223206,31.609176635742188,0.0006903705652803183,27.610790252685547,0.001733488985337317,0.0933118537068367
210580,6043,5,1776,-1,1,20.44832992553711,0.14312152564525604,17.701723098754883,0.2427486926317215,26.91087532043457,19.2684383392334,0.19382330775260925,16.935897827148438,22.041074752807617,0.08816254138946533,18.00537109375,17.894323348999023,17.5145206451416,0.13194501399993896,36.523681640625,0.4031486511230469,0.6021319627761841,1776,1808,0.4745125472545624,0,0,0.009019183926284313,0.0020366318058222532,19.959613800048828,0.010093423537909985,0.16077584028244019,0.016975708305835724,0.14596706628799438,17.156818389892578,0.01924501173198223,0.15728677809238434,0.011834674514830112,0.01582934521138668,19.500028610229492,0.011220110580325127,0.21094222366809845,0.02024931274354458,0.19121161103248596,16.814361572265625,0.020823992788791656,0.20112338662147522,0.006250179372727871,0.016239311546087265,23.26666831970215,0.004713389556854963,0.0874524861574173,0.017723437398672104,0.0002226547512691468,16.90032196044922,0.020415866747498512,0.1442055106163025,22.12109375,0.006136076524853706,0.13026386499404907,36.219173431396484,0.0002388266148045659,21.52220916748047,0.007043345365673304,0.148899108171463,18.42378807067871,0.014375445432960987,0.12933142483234406,17.811119079589844,0.01655343733727932,0.14005360007286072,20.80183219909668,0.008314132690429688,0.14533551037311554,29.131839752197266,0.0012212821748107672,20.26625633239746,0.009405340068042278,0.16570603847503662,17.70280647277832,0.016971465200185776,0.14562757313251495,17.122791290283203,0.01939639076590538,0.15793846547603607,25.516416549682617,0.0028077492024749517,0.0440986342728138,29.102359771728516,0.0012296008644625545,25.156230926513672,0.0030505412723869085,0.049103476107120514
213127,6043,5,4515,-1,1,23.681682586669922,0.1263151615858078,21.515850067138672,0.20920605957508087,27.457530975341797,20.90125846862793,0.17021870613098145,19.592979431152344,22.410459518432617,0.09865717589855194,18.032419204711914,17.976104736328125,20.498844146728516,0.13049156963825226,100.0,0.32271918654441833,0.6482603549957275,4515,4547,0.3663025200366974,0,0,0.004283824469894171,0.0017957546515390277,23.30999183654785,0.004666604101657867,0.142807736992836,0.0070536695420742035,0.1308264136314392,21.006052017211914,0.007932222448289394,0.14771196246147156,0.008125955238938332,0.015731066465377808,21.57644271850586,0.006955937948077917,0.18207967281341553,0.010982519946992397,0.16962407529354095,19.929481506347656,0.010163702070713043,0.17702654004096985,0.005740560125559568,0.01593637466430664,23.796586990356445,0.004171972628682852,0.09600579738616943,0.0089148860424757,0.0,19.877363204956055,0.010286407545208931,0.1503906399011612,25.116615295410156,0.003078496316447854,0.11364081501960754,36.89010238647461,0.00020463964028749615,24.533798217773438,0.0035206282045692205,0.13054867088794708,22.43796157836914,0.005704320501536131,0.12120512127876282,21.82552719116211,0.006568212993443012,0.13923193514347076,22.909324645996094,0.005117614753544331,0.1351841241121292,31.3541202545166,0.0007321300799958408,22.37148666381836,0.005792304407805204,0.15446889400482178,21.082468032836914,0.007793871685862541,0.13484925031661987,20.50501823425293,0.008902219124138355,0.15340782701969147,25.857444763183594,0.0025957070756703615,0.05158991366624832,32.357872009277344,0.0005810489528812468,25.367563247680664,0.002905654488131404,0.05963003635406494
213162,6043,5,4550,-1,0,25.7475643157959,0.1007523238658905,21.081851959228516,0.1420196145772934,27.725601196289062,21.96897315979004,0.15151000022888184,19.351980209350586,22.84583282470703,0.10998070985078812,18.090391159057617,17.98126983642578,19.699718475341797,0.11844629049301147,100.0,0.22189755737781525,0.6400233507156372,4550,4582,0.44582074880599976,0,0,0.0026622184086591005,0.001688262214884162,25.50975799560547,0.0028120579663664103,0.11231179535388947,0.007794974837452173,0.12999968230724335,20.56121826171875,0.008787759579718113,0.14579473435878754,0.006354812998324633,0.015522477217018604,23.058860778808594,0.0049444036558270454,0.15791797637939453,0.011609195731580257,0.1719212681055069,19.592052459716797,0.010984868742525578,0.18209032714366913,0.005192981101572514,0.01591743528842926,24.506208419799805,0.0035430651623755693,0.10664050281047821,0.010715893469750881,0.0,19.078237533569336,0.012364492751657963,0.13532191514968872,28.151304244995117,0.0015306281857192516,0.07266441732645035,37.89426803588867,0.00016239521210081875,27.591697692871094,0.001741125714033842,0.08437275886535645,21.63213539123535,0.006867309100925922,0.11334060877561569,21.022323608398438,0.007902557030320168,0.13003294169902802,24.580860137939453,0.003482684027403593,0.09756646305322647,30.58978843688965,0.0008730145054869354,24.107017517089844,0.003884171834215522,0.11245716363191605,20.510387420654297,0.008891221135854721,0.13091595470905304,19.941158294677734,0.010136407800018787,0.15031474828720093,26.313846588134766,0.002336768200621009,0.05228405445814133,30.79374122619629,0.000832963443826884,25.90384292602539,0.0025681224651634693,0.06049098074436188
222717,6046,4,28,-1,0,23.91498565673828,0.16443175077438354,18.192766189575195,0.1873689442873001,27.106897354125977,21.58647346496582,0.2090373933315277,17.373855590820312,23.937393188476562,0.0807701051235199,18.03173065185547,18.03523826599121,17.54047203063965,0.1856255978345871,100.0,0.4024965465068817,0.4655168950557709,28,60,0.4333944022655487,0,0,0.004059769678860903,0.0019467505626380444,23.580453872680664,0.004384849686175585,0.1952022910118103,0.015160845592617989,0.18715688586235046,17.653352737426758,0.017165830358862877,0.2234579175710678,0.006939892191439867,0.01573355495929718,22.528194427490234,0.005587021820247173,0.23976030945777893,0.018306881189346313,0.21235722303390503,17.265731811523438,0.01876838691532612,0.2420344352722168,0.004038877785205841,0.015720849856734276,26.494319915771484,0.0022416510619223118,0.08335983753204346,0.017617851495742798,0.0,16.918991088867188,0.02032829076051712,0.22396469116210938,24.780086517333984,0.0033265287056565285,0.14817143976688385,35.5845947265625,0.0002764018427114934,24.20699119567871,0.0037957788445055485,0.18068400025367737,18.3752498626709,0.014537006616592407,0.17540745437145233,17.758859634399414,0.01675383187830448,0.2127334475517273,23.41792106628418,0.004552061203867197,0.16083672642707825,31.042537689208984,0.0007865861407481134,22.897672653198242,0.005131365265697241,0.19590124487876892,17.923452377319336,0.01613076590001583,0.1876155436038971,17.322795867919922,0.01852339319884777,0.22672241926193237,28.2319278717041,0.0015024752356112003,0.04336452856659889,32.1707878112793,0.0006066261557862163,27.850770950317383,0.0016402981709688902,0.05230116471648216
224705,6046,4,2048,-1,1,20.170494079589844,0.3060770034790039,21.886337280273438,0.29396456480026245,23.098852157592773,19.324949264526367,0.33924564719200134,20.533920288085938,25.19826889038086,0.10487155616283417,17.636995315551758,17.576539993286133,21.678028106689453,0.22439192235469818,100.0,0.361343115568161,0.8135330677032471,2048,2080,0.3800807595252991,0,0,0.009615029208362103,0.004899080842733383,19.85455894470215,0.010340560227632523,0.357504278421402,0.00647688889876008,0.2393854260444641,21.504650115966797,0.007071882952004671,0.2819618880748749,0.011681675910949707,0.017230605706572533,19.65452003479004,0.010827993974089622,0.3897858262062073,0.00884317234158516,0.2766927182674408,21.228017807006836,0.007536994758993387,0.30961546301841736,0.003021157579496503,0.017472142353653908,30.980358123779297,0.000797928951214999,0.11034593731164932,0.006795121356844902,0.0,21.056549072265625,0.007840524427592754,0.26636603474617004,20.444576263427734,0.009026977233588696,0.27999764680862427,33.73804473876953,0.0004228589532431215,19.850309371948242,0.010350687429308891,0.33943119645118713,22.1589298248291,0.006082850508391857,0.2112967073917389,21.55325698852539,0.00699317641556263,0.2537249028682709,20.239999771118164,0.009462377056479454,0.2961316406726837,29.95311737060547,0.0010108534479513764,19.680824279785156,0.010762611404061317,0.35730618238449097,21.856050491333008,0.006522213574498892,0.22801366448402405,21.300167083740234,0.0074128154665231705,0.27205121517181396,31.9252986907959,0.0006419038400053978,0.04520189389586449,31.639528274536133,0.0006855627871118486,31.97098159790039,0.00063518708338961,0.053916968405246735
225291,6046,4,2634,-1,3,22.85558319091797,0.30497244000434875,21.540359497070312,0.24706783890724182,23.888362884521484,21.06377410888672,0.34869009256362915,19.990478515625,24.32300567626953,0.096531942486763,17.389814376831055,17.702129364013672,20.751115798950195,0.28895530104637146,100.0,0.3784259855747223,0.6528828740119934,2634,2666,0.488828182220459,0,0,0.005181339103728533,0.004084733780473471,22.7164249420166,0.005350047722458839,0.3599274158477783,0.007013972848653793,0.29644060134887695,21.068866729736328,0.007818319834768772,0.35100457072257996,0.00782749429345131,0.018239738419651985,22.05817985534668,0.006225611083209515,0.3994445502758026,0.01002194732427597,0.32332390546798706,20.476123809814453,0.008961644023656845,0.3662201464176178,0.0036957249976694584,0.016974108293652534,27.81754493713379,0.0016528964042663574,0.09845785796642303,0.008411788381636143,0.0,20.129638671875,0.00970590952783823,0.34656959772109985,23.343103408813477,0.004631160292774439,0.2894311547279358,30.018821716308594,0.000995675683952868,22.847938537597656,0.005190465599298477,0.34720897674560547,21.641250610351562,0.0068529099225997925,0.28420600295066833,21.03162956237793,0.007885638624429703,0.34132808446884155,22.544498443603516,0.005566089879721403,0.3058605492115021,27.330184936523438,0.0018491906812414527,22.119789123535156,0.006137921009212732,0.36525803804397583,21.067502975463867,0.00782077293843031,0.2957038879394531,20.53449821472168,0.008841995149850845,0.35340452194213867,28.947528839111328,0.0012742277467623353,0.05176412686705589,29.526268005371094,0.0011152529623359442,28.864959716796875,0.001298685441724956,0.06191645935177803
228270,6047,5,540,-1,3,23.043851852416992,0.11945220828056335,19.506813049316406,0.20023559033870697,26.917621612548828,20.949018478393555,0.15266460180282593,18.31329917907715,22.808073043823242,0.08808860182762146,17.941024780273438,17.89238739013672,18.539064407348633,0.1354493647813797,100.0,0.30956682562828064,0.6468250751495361,540,572,0.4751147925853729,0,0,0.0049615236930549145,0.0020334706641733646,22.666427612304688,0.005411993246525526,0.13033965229988098,0.011202595196664333,0.1431763917207718,18.976734161376953,0.012656877748668194,0.16100095212459564,0.008037079125642776,0.016065627336502075,21.673688888549805,0.006801916752010584,0.16189044713974,0.014745855703949928,0.17988577485084534,18.393905639648438,0.014474696479737759,0.19065333902835846,0.005238328594714403,0.016246551647782326,24.50413703918457,0.0035447562113404274,0.08646680414676666,0.01399888563901186,0.0,17.917587280273438,0.016152560710906982,0.15444481372833252,24.330846786499023,0.0036890569608658552,0.09983202815055847,35.265743255615234,0.0002974581439048052,23.756311416625977,0.004210841376334429,0.11394062638282776,19.778100967407227,0.010524224489927292,0.13321267068386078,19.16551399230957,0.01211849506944418,0.15249434113502502,22.67829704284668,0.00539722153916955,0.121094711124897,29.40414810180664,0.001147057511843741,22.18166160583496,0.006051092874258757,0.13746437430381775,19.070919036865234,0.012385341338813305,0.15043316781520844,18.501995086669922,0.014118887484073639,0.17084696888923645,26.052471160888672,0.002481722040101886,0.05563295632600784,29.476585388183594,0.0011280844919383526,25.702518463134766,0.0026899741496890783,0.06401181221008301
229207,6047,5,1541,-1,3,25.07465171813965,0.27049505710601807,24.486610412597656,0.31304097175598145,24.006254196166992,22.341808319091797,0.33534085750579834,22.00476837158203,24.47525405883789,0.13233783841133118,17.741262435913086,17.832767486572266,23.26535987854004,0.22137363255023956,100.0,0.39590245485305786,0.7907022833824158,1541,1573,0.4904250502586365,0,0,0.003108386183157563,0.003975344356149435,25.265119552612305,0.0029750079847872257,0.3179246783256531,0.003559090895578265,0.24144881963729858,24.491031646728516,0.0035554685164242983,0.277593195438385,0.005832021124660969,0.016821857541799545,23.828657150268555,0.004141276702284813,0.3819294571876526,0.0063026477582752705,0.28365588188171387,23.271015167236328,0.0047086747363209724,0.3124670684337616,0.003568409476429224,0.016471127048134804,28.004161834716797,0.0015833753859624267,0.13998499512672424,0.004714807961136103,0.0,22.64388084411621,0.00544016296043992,0.2557395398616791,25.942176818847656,0.0025455544237047434,0.2374931275844574,33.04941940307617,0.0004955166950821877,25.434906005859375,0.0028609444852918386,0.2844690680503845,24.929622650146484,0.0032139401882886887,0.21784593164920807,24.36042022705078,0.0036640199832618237,0.254814088344574,24.779207229614258,0.0033272034488618374,0.26760178804397583,30.37473487854004,0.0009173320722766221,24.320388793945312,0.0036979529540985823,0.3170989155769348,23.870241165161133,0.0041018142364919186,0.2327733039855957,23.343191146850586,0.00463106669485569,0.270633727312088,29.84522247314453,0.0010362814646214247,0.06623003631830215,31.341611862182617,0.0007342412136495113,29.654722213745117,0.001082749105989933,0.07736673951148987
231102,6047,5,3468,-1,3,23.306819915771484,0.18500176072120667,20.48273277282715,0.2698194682598114,24.910213470458984,20.910816192626953,0.22405019402503967,19.015737533569336,23.001176834106445,0.08741456270217896,17.74364471435547,17.483421325683594,19.421220779418945,0.15055230259895325,100.0,0.34978970885276794,0.7713762521743774,3468,3500,0.41071873903274536,0,0,0.0046700104139745235,0.003228335175663233,23.105308532714844,0.004891806747764349,0.20865124464035034,0.00894801877439022,0.15596415102481842,19.993993759155273,0.010013842023909092,0.17800021171569824,0.008108085952699184,0.016812628135085106,21.69480323791504,0.006768925115466118,0.24435439705848694,0.012543716467916965,0.18853090703487396,19.275821685791016,0.011814565397799015,0.1995343565940857,0.005010516382753849,0.017850816249847412,25.17828941345215,0.003035085741430521,0.08134712278842926,0.011425572447478771,0.0,18.799741744995117,0.01318335346877575,0.17516162991523743,24.341537475585938,0.0036799865774810314,0.16381368041038513,33.838653564453125,0.0004131756431888789,23.785564422607422,0.004182572942227125,0.19170260429382324,20.984722137451172,0.007971278391778469,0.13756653666496277,20.373008728027344,0.009176969528198242,0.1604023426771164,22.42891502380371,0.005716212559491396,0.18158096075057983,27.949722290039062,0.001603347947821021,21.972972869873047,0.006348961032927036,0.21197909116744995,19.97863006591797,0.01004932913929224,0.15287332236766815,19.436279296875,0.011386025696992874,0.1754603385925293,26.497880935668945,0.002239813329651952,0.046821653842926025,28.592472076416016,0.0013827795628458261,26.249467849731445,0.002371664624661207,0.053358644247055054
233246,6048,2,798,-1,1,28.9014835357666,0.09761597961187363,24.676496505737305,0.14196251332759857,27.431222915649414,24.214963912963867,0.14057694375514984,22.4010009765625,24.73660659790039,0.0855855643749237,17.692745208740234,17.814151763916016,24.16436767578125,0.14930063486099243,100.0,0.29343315958976746,0.48379847407341003,798,830,0.3894976079463959,0,0,0.0012878100387752056,0.0018066653283312917,29.179380416870117,0.0012079861480742693,0.11687562614679337,0.003406828036531806,0.15302442014217377,24.603580474853516,0.003464510664343834,0.183631032705307,0.003788818372413516,0.01701083593070507,27.558067321777344,0.001754661789163947,0.14954179525375366,0.005753075238317251,0.17879199981689453,23.938793182373047,0.004037575796246529,0.20258650183677673,0.0033600013703107834,0.016541877761483192,28.754892349243164,0.001332020154222846,0.08206942677497864,0.0038332175463438034,0.0,23.542888641357422,0.004422943107783794,0.1822892278432846,31.959224700927734,0.0006369096809066832,0.08193068951368332,37.67124557495117,0.00017095243674702942,31.496017456054688,0.0007085955003276467,0.09782364219427109,25.851613998413086,0.00259919255040586,0.13896815478801727,25.276363372802734,0.00296731642447412,0.17170411348342896,28.636877059936523,0.0013687126338481903,0.09792345017194748,30.75921058654785,0.0008396126213483512,28.385984420776367,0.0014501125551760197,0.1153949648141861,24.703290939331055,0.0033858756069093943,0.15202221274375916,24.217586517333984,0.003786529181525111,0.18587824702262878,30.059316635131836,0.0009864353341981769,0.046858444809913635,31.095579147338867,0.0007770379888825119,29.919748306274414,0.0010186503641307354,0.056648287922143936
233447,6048,2,999,-1,2,26.052217483520508,0.11308833956718445,23.718036651611328,0.1655283421278,25.66175079345703,23.219087600708008,0.1546945720911026,21.841419219970703,24.72970962524414,0.08811645209789276,17.777170181274414,17.82831573486328,23.098371505737305,0.16402174532413483,100.0,0.2712074816226959,0.6103383898735046,999,1031,0.3811647295951843,0,0,0.0024818661622703075,0.002715344773605466,26.11553192138672,0.0024459464475512505,0.13207535445690155,0.004248114302754402,0.164563849568367,23.423828125,0.004545872565358877,0.1964728832244873,0.0047653135843575,0.016683336347341537,25.32870101928711,0.002931771567091346,0.16781046986579895,0.006544224452227354,0.19469156861305237,22.913875579833984,0.005112254060804844,0.21735821664333344,0.0033653411082923412,0.01648801751434803,28.708040237426758,0.0013464678777381778,0.08950623124837875,0.004899627063423395,0.0,22.476890563964844,0.005653416272252798,0.19727042317390442,27.67174530029297,0.0017093283822759986,0.08995740860700607,34.85888671875,0.0003266716958023608,27.162363052368164,0.0019220447866246104,0.11131565272808075,24.475677490234375,0.0035680627916008234,0.15001145005226135,23.878917694091797,0.004093626514077187,0.18310371041297913,26.079404830932617,0.0024663787335157394,0.11495858430862427,28.945602416992188,0.0012747931759804487,25.768033981323242,0.0026496995706111193,0.13965655863285065,23.551313400268555,0.004414370283484459,0.16371677815914154,23.06255531311035,0.004940199200063944,0.19694435596466064,29.93267250061035,0.0010156237985938787,0.05280693992972374,29.85967254638672,0.0010328392963856459,29.944011688232422,0.001012975350022316,0.0616074800491333
233607,6048,2,1191,-1,3,28.614728927612305,0.14000017940998077,24.857051849365234,0.14422664046287537,25.888471603393555,24.317977905273438,0.18213018774986267,22.505847930908203,24.774770736694336,0.09561284631490707,17.92770004272461,17.9708309173584,24.071731567382812,0.2212853729724884,100.0,0.33348172903060913,0.4324873983860016,1191,1223,0.4081360399723053,0,0,0.0013757109409198165,0.002577228005975485,29.24138641357422,0.00119086226914078,0.1653100848197937,0.0032680968288332224,0.21466805040836334,24.673625946044922,0.003409082069993019,0.26234883069992065,0.0037000058218836784,0.016114985570311546,27.47144889831543,0.0017900089733302593,0.20883986353874207,0.005615847650915384,0.22874224185943604,23.972084045410156,0.0040067448280751705,0.26954910159111023,0.003330602776259184,0.015955738723278046,28.57524871826172,0.0013882742496207356,0.10310619324445724,0.003915857989341021,0.0,23.450252532958984,0.004518297500908375,0.27034544944763184,31.63599967956543,0.0006861199508421123,0.12486043572425842,37.01652908325195,0.00019876821897923946,31.185598373413086,0.0007610971806570888,0.15055285394191742,25.604961395263672,0.0027510852087289095,0.19606290757656097,25.02263069152832,0.003145843278616667,0.24425175786018372,28.73964500427246,0.0013367043575271964,0.1373502016067505,31.993730545043945,0.0006318690138868988,28.40089988708496,0.0014451404567807913,0.16658617556095123,24.627120971679688,0.003445784794166684,0.20472925901412964,24.097795486450195,0.0038924268446862698,0.25319480895996094,30.243146896362305,0.0009455517283640802,0.05576339364051819,32.38601303100586,0.0005772962467744946,29.990428924560547,0.0010022064670920372,0.06826987862586975
234644,6048,2,2260,-1,0,28.467632293701172,0.10586801916360855,31.140241622924805,0.123931884765625,27.165422439575195,24.184226989746094,0.14575883746147156,24.63350486755371,24.85592269897461,0.08271490037441254,17.939620971679688,17.996904373168945,31.72569465637207,0.03962235152721405,100.0,0.08717059344053268,1.4217166900634766,2260,2292,0.3779044449329376,0,0,0.0014231052482500672,0.0019206933211535215,28.707763671875,0.0013465533265843987,0.1267549991607666,0.0007690880447626114,0.05420932173728943,30.89948272705078,0.0008129274356178939,0.06447558104991913,0.003815727075561881,0.016070818528532982,27.14369010925293,0.0019303284352645278,0.16267850995063782,0.0034407211933285,0.10435763746500015,28.0791072845459,0.0015562858898192644,0.10851041227579117,0.0032689471263438463,0.015860235318541527,28.75552749633789,0.0013318260898813605,0.08259690552949905,0.0006720951059833169,0.0,31.10421371459961,0.0007754943799227476,0.0486224889755249,30.842456817626953,0.0008236722205765545,0.08175475150346756,36.69644546508789,0.0002139712159987539,30.374069213867188,0.0009174724109470844,0.09992943704128265,34.10946273803711,0.00038819864857941866,0.035977233201265335,33.533843994140625,0.00044321632594801486,0.04354965686798096,28.17104148864746,0.001523687387816608,0.10660628974437714,30.298030853271484,0.0009336774819530547,27.91973114013672,0.0016144581604748964,0.13146519660949707,29.31633758544922,0.0011704869102686644,0.06420028954744339,29.107601165771484,0.001228117267601192,0.07795604318380356,30.157861709594727,0.0009643038501963019,0.04975561425089836,30.89595603942871,0.000813587917946279,30.054668426513672,0.0009874909883365035,0.06039704382419586
237192,6048,2,4840,-1,3,28.86090850830078,0.10108429938554764,25.023311614990234,0.12598814070224762,27.65178680419922,24.026575088500977,0.14524279534816742,22.576496124267578,24.400142669677734,0.09931348264217377,17.776334762573242,17.777965545654297,24.082584381103516,0.12520086765289307,100.0,0.29064351320266724,0.4334799647331238,4840,4872,0.41267478466033936,0,0,0.001299897558055818,0.0017172021325677633,29.080883026123047,0.0012356970692053437,0.11935672163963318,0.003145348746329546,0.13362017273902893,24.835800170898438,0.0032841279171407223,0.15574631094932556,0.003956785425543785,0.01668654754757881,26.993263244628906,0.001998360501602292,0.15872257947921753,0.005525230895727873,0.16635924577713013,24.07904815673828,0.003909265156835318,0.18377183377742767,0.003630660939961672,0.016680283471941948,27.896743774414062,0.001623026910237968,0.10157829523086548,0.0039060835260897875,0.0,23.461105346679688,0.004507019650191069,0.1503562033176422,32.10307693481445,0.0006161585333757102,0.08091028034687042,37.27617645263672,0.00018723297398537397,31.661222457885742,0.0006821470451541245,0.09585496783256531,25.887493133544922,0.002577807754278183,0.10725991427898407,25.300195693969727,0.0029510771855711937,0.1278863102197647,28.581981658935547,0.001386123476549983,0.10216590017080307,31.42797088623047,0.0007197852828539908,28.272113800048828,0.0014886370627209544,0.12284344434738159,24.73534393310547,0.0033609778620302677,0.1229805052280426,24.218624114990234,0.003785624634474516,0.14891120791435242,29.755571365356445,0.001057896064594388,0.05582023411989212,32.179927825927734,0.0006053508259356022,29.478761672973633,0.00112751848064363,0.06758306175470352
238197,6049,3,818,-1,2,29.164630889892578,0.08542745560407639,26.663902282714844,0.10205470770597458,28.055631637573242,24.141464233398438,0.12495444715023041,23.256366729736328,24.419736862182617,0.07343228161334991,17.895832061767578,17.916826248168945,26.429426193237305,0.08147717267274857,100.0,0.19753813743591309,0.5166329145431519,818,850,0.25523391366004944,0,0,0.00121209560893476,0.0015647213440388441,29.363494873046875,0.0011578454868867993,0.10191130638122559,0.0021558068692684174,0.09263142943382263,26.458412170410156,0.0022602626122534275,0.10800483822822571,0.0038534842897206545,0.01623367704451084,27.10223960876465,0.0019488395191729069,0.13542427122592926,0.0047245812602341175,0.12099969387054443,25.26842498779297,0.002972744405269623,0.1246991902589798,0.0036143173929303885,0.016155388206243515,27.734203338623047,0.0016849215608090162,0.0700804591178894,0.0022753975354135036,0.0,25.80794906616211,0.0026254591066390276,0.09858397394418716,33.41445541381836,0.0004555696214083582,0.08144707977771759,39.176151275634766,0.00012088847870472819,32.94941329956055,0.0005070590414106846,0.10077080875635147,28.73579978942871,0.00133788853418082,0.07186956703662872,28.1485652923584,0.0015315936179831624,0.08706651628017426,29.39628791809082,0.0011491356417536736,0.09911157190799713,32.158180236816406,0.0006083896150812507,29.09273910522461,0.0012323273112997413,0.12171980738639832,26.957687377929688,0.0020147969480603933,0.07994150370359421,26.510486602783203,0.0022333222441375256,0.09793112426996231,30.625638961791992,0.0008658372680656612,0.03483432158827782,32.40165328979492,0.0005752206197939813,30.406972885131836,0.000910547620151192,0.04289581999182701
239704,6049,3,2389,-1,0,27.153223037719727,0.10495899617671967,23.79320526123047,0.1157820001244545,26.15086555480957,23.688318252563477,0.13652607798576355,21.85222816467285,24.408960342407227,0.07021671533584595,17.710853576660156,17.629732131958008,23.200672149658203,0.16403833031654358,100.0,0.22909913957118988,0.5053794384002686,2389,2421,0.3403445780277252,0,0,0.0019260960398241878,0.002426127204671502,27.330236434936523,0.0018491680966690183,0.12583500146865845,0.004175220150500536,0.1699368953704834,23.6037540435791,0.004361387342214584,0.19931232929229736,0.0042772856540977955,0.016940049827098846,26.327991485595703,0.002329168375581503,0.1540299654006958,0.0065279570408165455,0.19345198571681976,23.08677864074707,0.004912723321467638,0.21386852860450745,0.0036232965067029,0.017259446904063225,28.166086196899414,0.001525426865555346,0.06945694983005524,0.004785561468452215,0.0,22.579191207885742,0.005521801766008139,0.19573909044265747,29.56298065185547,0.0011058644158765674,0.08994641900062561,36.850303649902344,0.00020652356033679098,29.051013946533203,0.0012442246079444885,0.11267030239105225,24.8775691986084,0.003252693684771657,0.15392707288265228,24.287548065185547,0.0037260199896991253,0.18444329500198364,27.22296142578125,0.001895412802696228,0.10116524249315262,30.569538116455078,0.0008770940476097167,26.878063201904297,0.00205207709223032,0.12464589625597,23.86986541748047,0.0041021681390702724,0.16296474635601044,23.360401153564453,0.00461274990811944,0.19361819326877594,29.733850479125977,0.0010632002959027886,0.03478502854704857,30.948753356933594,0.0008037571096792817,29.573793411254883,0.0011031146859750152,0.040733031928539276
242053,6049,3,4866,-1,1,28.077802658081055,0.13354630768299103,26.085491180419922,0.1365675926208496,27.49322509765625,24.083702087402344,0.14950761198997498,23.10079574584961,24.775789260864258,0.07564814388751984,17.872600555419922,17.849599838256836,25.297447204589844,0.1478947252035141,39.3720588684082,0.24137063324451447,0.5658003687858582,4866,4898,0.35662513971328735,0,0,0.001556753646582365,0.0017810561694204807,28.175151824951172,0.001522245816886425,0.15680678188800812,0.0024629230611026287,0.15672996640205383,25.871795654296875,0.002587143098935485,0.18393050134181976,0.0039050779305398464,0.016320744529366493,27.000625610351562,0.0019949753768742085,0.1612827032804489,0.004896890837699175,0.17688360810279846,25.056047439575195,0.0031217297073453665,0.19298279285430908,0.0033298232592642307,0.01640741154551506,28.801219940185547,0.001317886752076447,0.07479149848222733,0.0029529461171478033,0.00011555654054973274,24.698684692382812,0.0033894674852490425,0.17768369615077972,30.50476837158203,0.0008902734261937439,0.11423087120056152,33.81267547607422,0.0004156546201556921,30.16242218017578,0.0009632916189730167,0.13569241762161255,27.495079040527344,0.001780295860953629,0.13643276691436768,26.905139923095703,0.0020393228624016047,0.1637871414422989,27.91429328918457,0.0016164822736755013,0.12044826149940491,28.699451446533203,0.001349133555777371,27.80516815185547,0.0016576128546148539,0.14264003932476044,25.840368270874023,0.0026059334632009268,0.1441550999879837,25.447193145751953,0.002852863632142544,0.17305707931518555,30.04817771911621,0.0009889682987704873,0.03900086507201195,30.136816024780273,0.0009689883445389569,30.03470230102539,0.0009920421289280057,0.04632528871297836
243884,6050,4,1856,-1,0,26.97492790222168,0.12314371764659882,21.886655807495117,0.17435073852539062,25.506752014160156,23.588424682617188,0.15744927525520325,20.500642776489258,25.21308708190918,0.07425329089164734,17.755422592163086,17.79843521118164,21.49575424194336,0.22601088881492615,100.0,0.3848281800746918,0.4530612528324127,1856,1888,0.39738965034484863,0,0,0.0020068136509507895,0.002814004896208644,27.252349853515625,0.0018826305167749524,0.14415889978408813,0.006476411130279303,0.23060140013694763,21.40182876586914,0.007241310551762581,0.2776564359664917,0.004376809112727642,0.016767093911767006,26.071956634521484,0.002470611594617367,0.17476698756217957,0.008911190554499626,0.2577405571937561,21.103519439697266,0.007756183389574289,0.2949105501174927,0.00301086506806314,0.016601858660578728,30.36239242553711,0.0009199428604915738,0.07632710784673691,0.007086381781846285,0.0,20.87427520751953,0.008176594972610474,0.2725282907485962,28.209369659423828,0.0015102993929758668,0.10997694730758667,33.70345687866211,0.0004262400616426021,27.75446891784668,0.0016770779620856047,0.13354803621768951,22.133941650390625,0.0061179520562291145,0.21753044426441193,21.524757385253906,0.007039213553071022,0.26477760076522827,26.711509704589844,0.002132304245606065,0.11922197043895721,28.666202545166016,0.0013595020864158869,26.47586441040039,0.0022511971183121204,0.1447983831167221,21.6619873046875,0.00682026706635952,0.2261272370815277,21.128894805908203,0.007710995152592659,0.2739371657371521,31.107837677001953,0.0007748475763946772,0.03672837093472481,29.888164520263672,0.001026085577905178,31.33007049560547,0.000736195535864681,0.04613247513771057
245966,6050,4,3970,-1,1,26.793973922729492,0.12882864475250244,21.793296813964844,0.16509534418582916,24.424560546875,23.73676300048828,0.15114101767539978,20.46680450439453,24.949674606323242,0.07332625985145569,17.50800323486328,17.400503158569336,21.564970016479492,0.30275505781173706,100.0,0.3201989233493805,0.5156024098396301,3970,4002,0.3939629793167114,0,0,0.0020921973045915365,0.0036103057209402323,27.30804443359375,0.0018586418591439724,0.1508723646402359,0.006617143750190735,0.32011374831199646,21.40707778930664,0.007232563570141792,0.38359907269477844,0.00422983942553401,0.017750058323144913,26.676008224487305,0.002149806125089526,0.1649440973997116,0.008980896323919296,0.3311171233654022,21.211673736572266,0.007565413136035204,0.3817872405052185,0.0031991340219974518,0.018194906413555145,30.495906829833984,0.0008920918917283416,0.07213208079338074,0.00697433901950717,0.0,20.943490982055664,0.0080473143607378,0.36515098810195923,28.7840576171875,0.0013231044868007302,0.11304933577775955,34.473873138427734,0.0003569543769117445,28.32168197631836,0.0014717427548021078,0.13606876134872437,22.175495147705078,0.006059692241251469,0.29699867963790894,21.575624465942383,0.0069572473876178265,0.3622066080570221,27.377803802490234,0.0018290258012712002,0.11595554649829865,28.636489868164062,0.0013688355684280396,27.212867736816406,0.001899824244901538,0.14033932983875275,21.792213439941406,0.00661878939718008,0.30261093378067017,21.274261474609375,0.007457166910171509,0.3670647144317627,31.575986862182617,0.0006956668803468347,0.033926572650671005,29.5524959564209,0.001108537777327001,31.991809844970703,0.0006321482942439616,0.04270612820982933
246533,6050,4,4569,-1,1,24.859458923339844,0.1799149215221405,25.13617706298828,0.20956765115261078,23.27684783935547,22.95945930480957,0.21170303225517273,22.788026809692383,25.416765213012695,0.07224709540605545,17.715862274169922,17.843368530273438,24.669607162475586,0.13298770785331726,100.0,0.30201515555381775,0.6938977837562561,4569,4601,0.3920741379261017,0,0,0.0032662847079336643,0.004702351056039333,25.16362762451172,0.0030453514773398638,0.21087989211082458,0.003064658958464861,0.14162896573543549,24.943763732910156,0.0032034912146627903,0.17199483513832092,0.005058877635747194,0.01692052371799946,24.902587890625,0.003234009025618434,0.23940031230449677,0.005262563470751047,0.16239893436431885,24.533769607543945,0.003520651487633586,0.17994359135627747,0.0028729201294481754,0.016430968418717384,31.039888381958008,0.0007870663539506495,0.06652649492025375,0.0034122399520128965,0.0,24.048126220703125,0.003937199711799622,0.16345104575157166,26.136781692504883,0.0024340064264833927,0.15968862175941467,30.885677337646484,0.0008155155228450894,25.71378517150879,0.0026830050628632307,0.19519993662834167,25.301944732666016,0.002949886955320835,0.12988360226154327,24.727252960205078,0.0033672444988042116,0.16196368634700775,25.61843490600586,0.0027425624430179596,0.17457707226276398,27.165260314941406,0.0019207644509151578,25.422704696655273,0.002868992742151022,0.20968031883239746,24.8012752532959,0.0033103395253419876,0.13864079117774963,24.43477439880371,0.003601824166253209,0.1714964658021927,32.36524963378906,0.0005800630315206945,0.037905771285295486,28.735164642333984,0.0013380844611674547,33.34002685546875,0.0004634443612303585,0.04616575688123703
247337,6051,5,314,-1,2,20.92538833618164,0.20434343814849854,16.840072631835938,0.2615323066711426,25.10997772216797,19.348167419433594,0.24395035207271576,16.124826431274414,22.73617935180664,0.10172979533672333,18.055973052978516,17.959421157836914,16.245813369750977,0.37377792596817017,32.54507827758789,0.4350738227367401,0.6011216640472412,314,346,0.4343903362751007,0,0,0.008080927655100822,0.003083204384893179,20.530662536621094,0.008849808014929295,0.23260070383548737,0.02070106752216816,0.37560102343559265,16.32211685180664,0.02332320809364319,0.4266316890716553,0.011619389988481998,0.015645982697606087,19.58610725402832,0.01099991425871849,0.2769012749195099,0.024407166987657547,0.39312320947647095,15.889220237731934,0.025767840445041656,0.43986451625823975,0.005325767677277327,0.015997715294361115,24.33688735961914,0.0036839302629232407,0.10611030459403992,0.023736611008644104,0.00055653479648754,15.637931823730469,0.027302777394652367,0.4269522428512573,21.48290252685547,0.007107386365532875,0.19099754095077515,34.1069450378418,0.0003884233592543751,20.893184661865234,0.00814107246696949,0.22554773092269897,17.062061309814453,0.019669529050588608,0.35645464062690735,16.46027946472168,0.02259291149675846,0.40934979915618896,20.313125610351562,0.009304381906986237,0.2144637256860733,30.56587028503418,0.0008778354385867715,19.746623992919922,0.010600773617625237,0.2541712522506714,16.557924270629883,0.022090602666139603,0.36891961097717285,15.966232299804688,0.02531493827700615,0.4234965145587921,25.816551208496094,0.002620263723656535,0.06342335045337677,30.807003021240234,0.0008304237271659076,25.382579803466797,0.002895623678341508,0.07449881732463837
249864,6051,5,2969,-1,0,23.711015701293945,0.12734492123126984,18.21253204345703,0.2318674623966217,26.216930389404297,21.049345016479492,0.1686113476753235,17.325862884521484,22.54593276977539,0.11096268147230148,17.957395553588867,17.866010665893555,17.491283416748047,0.3270331025123596,100.0,0.4688381254673004,0.49455761909484863,2969,3001,0.45053330063819885,0,0,0.004254989326000214,0.0023894982878118753,23.427541732788086,0.004541987553238869,0.14299893379211426,0.015092000365257263,0.33729735016822815,17.67700958251953,0.017072569578886032,0.38636234402656555,0.00785354059189558,0.016005178913474083,21.804927825927734,0.00659944349899888,0.17913955450057983,0.01851031370460987,0.36173784732818604,17.235336303710938,0.018900202587246895,0.40267592668533325,0.0055642505176365376,0.01634552702307701,24.0831298828125,0.003905592253431678,0.10950092226266861,0.017818523570895195,0.0,16.86980438232422,0.02055983431637287,0.3778221607208252,25.413822174072266,0.0028748672921210527,0.1051991879940033,34.89600372314453,0.00032389184343628585,24.858076095581055,0.00326732499524951,0.12181427329778671,18.680517196655273,0.013550281524658203,0.3169039487838745,18.06853675842285,0.01560078002512455,0.36689847707748413,22.931230545043945,0.005091867409646511,0.1214224323630333,30.929882049560547,0.0008072570199146867,22.402536392211914,0.005751038435846567,0.1388542652130127,18.004480361938477,0.01583259552717209,0.327095091342926,17.41429901123047,0.018137196078896523,0.37688010931015015,25.806499481201172,0.002626335248351097,0.06000965088605881,30.93744468688965,0.0008058523526415229,25.366432189941406,0.0029064093250781298,0.06747329980134964
252387,6052,2,749,-1,3,23.166053771972656,0.15481022000312805,23.166854858398438,0.16691917181015015,26.88062858581543,20.824031829833984,0.18409855663776398,20.765771865844727,23.073415756225586,0.09371522068977356,17.808374404907227,17.952735900878906,22.29444694519043,0.0962972566485405,100.0,0.16284190118312836,1.025038242340088,749,781,0.3198542892932892,0,0,0.0048238602466881275,0.0020508647430688143,22.798015594482422,0.005250474903732538,0.18374446034431458,0.004822969436645508,0.12083061039447784,22.682390213012695,0.005392140243202448,0.14323575794696808,0.008271741680800915,0.01656389608979225,21.551485061645508,0.00699602672830224,0.2065417319536209,0.008383450098335743,0.13305313885211945,21.425689697265625,0.007201635278761387,0.14517301321029663,0.004927861038595438,0.01602235808968544,24.920072555541992,0.0032210154458880424,0.09471780061721802,0.005895969923585653,0.0,21.672969818115234,0.006803042721003294,0.11724390089511871,23.97702980041504,0.004002183210104704,0.13504517078399658,37.150169372558594,0.00019274483202025294,23.383529663085938,0.004588250536471605,0.1642257273197174,23.85066032409668,0.004120348021388054,0.09423618018627167,23.237537384033203,0.004745109938085079,0.11429235339164734,22.663864135742188,0.005415186285972595,0.14955538511276245,31.73807144165039,0.0006701821112073958,22.11465072631836,0.006145187187939882,0.180955708026886,22.52739906311035,0.005588047206401825,0.10098164528608322,21.962570190429688,0.0063641867600381374,0.12335028499364853,27.401933670043945,0.0018188909161835909,0.04887867346405983,32.666812896728516,0.0005411515012383461,26.95624542236328,0.002015466336160898,0.05775405094027519
253520,6052,2,1914,-1,1,29.4737606048584,0.11010713130235672,26.224590301513672,0.13576801121234894,27.10962677001953,24.619808197021484,0.14830461144447327,23.42678451538086,25.02365493774414,0.08001816272735596,17.933441162109375,17.920543670654297,25.651023864746094,0.10815463960170746,100.0,0.29735106229782104,0.4565916359424591,1914,1946,0.38734686374664307,0,0,0.001128818141296506,0.0019455270376056433,29.986251831054688,0.001003170502372086,0.12811678647994995,0.002385289641097188,0.11940509080886841,26.341341018676758,0.002322020474821329,0.14218343794345856,0.003451590659096837,0.016093704849481583,28.21987533569336,0.0015066498890519142,0.16295604407787323,0.00454277778044343,0.14301367104053497,25.49004364013672,0.0028248513117432594,0.159139022231102,0.0031451003160327673,0.016141565516591072,29.409503936767578,0.0011456439970061183,0.08222509175539017,0.002722060540691018,0.0,25.029544830322266,0.0031408388167619705,0.1322772204875946,32.40137481689453,0.000575257814489305,0.09109817445278168,37.41462707519531,0.00018135833670385182,31.966402053833008,0.0006358576356433332,0.11024319380521774,27.366191864013672,0.0018339212983846664,0.10047604888677597,26.787397384643555,0.002095368690788746,0.1225699782371521,29.562883377075195,0.0011058897944167256,0.10460780560970306,31.40578269958496,0.000723472039680928,29.337772369384766,0.0011647233041003346,0.1263582557439804,26.21566390991211,0.0023901972454041243,0.1101047694683075,25.737201690673828,0.002668577479198575,0.13402411341667175,31.14995574951172,0.000767369638197124,0.04255357384681702,32.01369857788086,0.0006289704469963908,31.03109359741211,0.0007886617677286267,0.05220668762922287
258422,6053,3,2020,-1,2,27.7668399810791,0.06331825256347656,26.884565353393555,0.08698134869337082,28.77062225341797,23.369646072387695,0.1085270419716835,22.80329704284668,23.73936653137207,0.0798187330365181,18.0527400970459,18.01897430419922,25.83845329284668,0.03393103927373886,100.0,0.08698555082082748,0.9999517202377319,2020,2052,0.2767244875431061,0,0,0.0016723077278584242,0.0013272042851895094,27.631101608276367,0.0017254005651921034,0.07593665271997452,0.002049007685855031,0.04321413114666939,26.464828491210938,0.0022569249849766493,0.05060313642024994,0.0046029421500861645,0.015657633543014526,25.372697830200195,0.0029022200033068657,0.10991926491260529,0.005244092084467411,0.08832274377346039,24.425254821777344,0.00360973016358912,0.08384203910827637,0.004227302502840757,0.01577983796596527,26.10835838317871,0.0024499893188476562,0.07391413301229477,0.0026070817839354277,0.0,25.216976165771484,0.0030081712175160646,0.042173758149147034,31.26115608215332,0.0007479707710444927,0.047220613807439804,40.589073181152344,8.731574780540541e-05,30.707805633544922,0.0008496100781485438,0.057483334094285965,28.751102447509766,0.0013331833761185408,0.029275797307491302,28.145492553710938,0.0015326779102906585,0.03494793921709061,27.57989501953125,0.0017458648653700948,0.06551530957221985,32.49077606201172,0.0005635371198877692,27.14946937561035,0.0019277612445876002,0.08050338178873062,26.268465042114258,0.002361312508583069,0.045459143817424774,25.776508331298828,0.0026445346884429455,0.05458744615316391,28.857019424438477,0.001301062642596662,0.03525257110595703,32.78262710571289,0.0005269110552035272,28.47661781311035,0.0014201629674062133,0.04265287518501282
260292,6053,3,3954,-1,2,24.705411911010742,0.14922046661376953,20.918092727661133,0.1744963377714157,26.555383682250977,21.98358726501465,0.18893201649188995,19.496252059936523,23.69184112548828,0.09452399611473083,18.059080123901367,18.062576293945312,20.384750366210938,0.13944749534130096,100.0,0.2445041686296463,0.7136743068695068,3954,3986,0.36013463139533997,0,0,0.003384221578016877,0.0022103535011410713,24.479629516601562,0.0035648164339363575,0.16880930960178375,0.008094512857496738,0.1571841835975647,20.381526947021484,0.009158984757959843,0.17674463987350464,0.006333466619253159,0.01563478633761406,23.095827102661133,0.0049024950712919235,0.20468471944332123,0.011229871772229671,0.1900615692138672,19.74898338317871,0.010595016181468964,0.20163103938102722,0.004273817874491215,0.015622206963598728,25.972381591796875,0.0025279121473431587,0.09253022819757462,0.00915218610316515,0.0,19.763273239135742,0.010560215450823307,0.16041910648345947,26.05116081237793,0.002482469892129302,0.13505113124847412,35.879390716552734,0.0002582624147180468,25.490345001220703,0.00282465573400259,0.15409645438194275,21.179428100585938,0.007621794939041138,0.12994500994682312,20.56581687927246,0.008778456598520279,0.14785797894001007,24.54159927368164,0.0035143105778843164,0.15548887848854065,31.68825912475586,0.0006779132527299225,24.033283233642578,0.003950679209083319,0.18058806657791138,20.583877563476562,0.008742029778659344,0.14619410037994385,20.000770568847656,0.009998229332268238,0.16765646636486053,28.72077751159668,0.001342525240033865,0.04828628525137901,32.594276428222656,0.0005502657149918377,28.34337043762207,0.001464411267079413,0.05609257519245148
260645,6053,3,4339,-1,3,25.36655616760254,0.16049344837665558,20.860483169555664,0.15438921749591827,25.454618453979492,22.28153419494629,0.19301538169384003,19.461963653564453,23.561716079711914,0.10193896293640137,17.75672149658203,17.929351806640625,19.84136962890625,0.21199411153793335,100.0,0.28195005655288696,0.5475764870643616,4339,4371,0.3834429383277893,0,0,0.002906326437368989,0.0028479881584644318,25.353164672851562,0.002915301825851202,0.1867825984954834,0.00820260401815176,0.21655184030532837,20.40789794921875,0.009103539399802685,0.24332892894744873,0.005913526751101017,0.016762083396315575,23.721717834472656,0.0042445180006325245,0.21039824187755585,0.01131888385862112,0.2558668553829193,19.780010223388672,0.010519590228796005,0.27614936232566833,0.004403810482472181,0.016108859330415726,25.84520149230957,0.002603034256026149,0.10147514194250107,0.010372013784945011,0.0,19.219890594482422,0.011967708356678486,0.24083513021469116,26.97722625732422,0.0020057533401995897,0.14067484438419342,34.57912826538086,0.0003484073095023632,26.457515716552734,0.002260729670524597,0.16822461783885956,21.348743438720703,0.0073303659446537495,0.19977319240570068,20.738191604614258,0.008436858654022217,0.22787976264953613,24.658283233642578,0.0034211461897939444,0.15814195573329926,30.54397964477539,0.0008822707459330559,24.188764572143555,0.0038117424119263887,0.18779192864894867,20.484066009521484,0.00894527044147253,0.21432945132255554,19.910518646240234,0.01020817831158638,0.24308307468891144,27.58452606201172,0.0017440031515434384,0.04867003485560417,31.532447814941406,0.0007026765961199999,27.202857971191406,0.0019042073981836438,0.056350432336330414
267888,6055,5,1560,-1,0,23.88211441040039,0.1952061802148819,21.021595001220703,0.2418106645345688,25.886526107788086,21.6755313873291,0.2372867912054062,19.648212432861328,23.75323486328125,0.11080516129732132,17.730098724365234,17.769468307495117,20.523845672607422,0.15256357192993164,100.0,0.3483331799507141,0.6941936016082764,1560,1592,0.46628883481025696,0,0,0.0040906150825321674,0.002578383544459939,23.641881942749023,0.004323265980929136,0.2223174273967743,0.007903882302343845,0.1659010648727417,20.542200088500977,0.008826328441500664,0.18802842497825623,0.006799031049013138,0.016865147277712822,22.798078536987305,0.0052503980696201324,0.2588435113430023,0.010843733325600624,0.22269251942634583,20.009597778320312,0.009977923706173897,0.24082587659358978,0.004213824402540922,0.01671295426785946,26.399974822998047,0.002290881471708417,0.11155831068754196,0.008863710798323154,0.0,19.90236473083496,0.010227357968688011,0.1749071478843689,25.377376556396484,0.0028990947175771,0.17318269610404968,35.08979797363281,0.0003097564622294158,24.818212509155273,0.003297454444691539,0.20040668547153473,22.062808990478516,0.006218977738171816,0.14015305042266846,21.453664779663086,0.007155397441238165,0.16150720417499542,23.670902252197266,0.004294473212212324,0.2000141143798828,28.942218780517578,0.0012757875956594944,23.224946975708008,0.004758886527270079,0.2302360087633133,21.05705451965332,0.007839610800147057,0.16177619993686676,20.50762367248535,0.00889687892049551,0.18569567799568176,27.725505828857422,0.0016882990021258593,0.05641689524054527,29.975933074951172,0.0010055569000542164,27.463382720947266,0.0017933363560587168,0.06454068422317505
268861,6055,5,2597,-1,2,25.162338256835938,0.15470817685127258,20.123950958251953,0.2061903029680252,25.774368286132812,22.124134063720703,0.18745926022529602,18.927000045776367,23.622737884521484,0.0886513888835907,17.62627410888672,17.6993408203125,19.32923698425293,0.28078705072402954,100.0,0.39768800139427185,0.5184725522994995,2597,2629,0.3713659942150116,0,0,0.003046253928914666,0.0026458369102329016,25.075393676757812,0.003107856260612607,0.17712686955928802,0.00971862580627203,0.2837287485599518,19.653352737426758,0.01083090528845787,0.32729408144950867,0.006131782662123442,0.01727319322526455,23.548019409179688,0.004417719319462776,0.20179657638072968,0.012802652083337307,0.30441728234291077,19.134912490844727,0.012204187922179699,0.33879587054252625,0.004342364147305489,0.01698501594364643,26.202701568603516,0.0023973407223820686,0.08528205752372742,0.011670144274830818,0.0,18.7077579498291,0.013465551659464836,0.3244466483592987,26.693897247314453,0.002140968805179,0.1216074526309967,35.5832633972168,0.00027648633113130927,26.147850036621094,0.002427812200039625,0.14310294389724731,20.416301727294922,0.009085935540497303,0.2615344822406769,19.8043155670166,0.010460888035595417,0.3047463297843933,24.684736251831055,0.0034003709442913532,0.14023251831531525,31.05892562866211,0.0007836231961846352,24.19879913330078,0.003802947700023651,0.1645870804786682,19.76970863342285,0.010544579476118088,0.27545350790023804,19.181730270385742,0.012073327787220478,0.31925472617149353,28.024166107177734,0.0015760991955175996,0.04619371145963669,32.207462310791016,0.0006015250110067427,27.62950897216797,0.00172603374812752,0.053082630038261414
272300,6056,2,1293,-1,0,22.70899200439453,0.17805306613445282,20.260923385620117,0.18004775047302246,23.06682777404785,20.795698165893555,0.20629869401454926,19.036846160888672,23.814849853515625,0.08560102432966232,17.509424209594727,17.740798950195312,19.675853729248047,0.15826565027236938,100.0,0.32010290026664734,0.5624683499336243,1293,1325,0.41065841913223267,0,0,0.005359209608286619,0.004935343749821186,22.656469345092773,0.005424419417977333,0.19987785816192627,0.009416895918548107,0.1656627655029297,19.807384490966797,0.010453499853610992,0.18595609068870544,0.008325883187353611,0.01774424873292446,21.626070022583008,0.006876904051750898,0.22655314207077026,0.012482897378504276,0.1908266246318817,19.23232650756836,0.01193348877131939,0.20750311017036438,0.00415446562692523,0.016823653131723404,26.56520652770996,0.0022053602151572704,0.08122126758098602,0.01077493466436863,0.0,19.05437660217285,0.012432616204023361,0.18534934520721436,23.117549896240234,0.004878038074821234,0.1548890471458435,25.786075592041016,0.0026387153193354607,22.821176528930664,0.005222548730671406,0.18224775791168213,20.377044677734375,0.009168441407382488,0.15144918859004974,19.773141860961914,0.01053624413907528,0.17756004631519318,22.290449142456055,0.005901400465518236,0.16619063913822174,24.796628952026367,0.003313882276415825,22.006954193115234,0.006299479864537716,0.19522815942764282,19.933446884155273,0.01015442330390215,0.16035565733909607,19.360807418823242,0.011585617437958717,0.18845072388648987,28.660358428955078,0.0013613324845209718,0.0403001494705677,30.249980926513672,0.0009440651047043502,28.460243225097656,0.0014255275018513203,0.04839937761425972
272680,6056,2,1705,-1,0,25.145463943481445,0.15695837140083313,23.812761306762695,0.21318650245666504,26.621292114257812,22.112709045410156,0.20909924805164337,21.406126022338867,23.293758392333984,0.1171773225069046,17.953723907470703,18.075603485107422,22.118846893310547,0.33118563890457153,100.0,0.35212311148643494,0.6054317355155945,1705,1737,0.39319613575935364,0,0,0.0030581143219023943,0.0021770624443888664,24.957111358642578,0.0031936608720570803,0.18118035793304443,0.004156462848186493,0.3004456162452698,23.427265167236328,0.004542277194559574,0.34704914689064026,0.006147934589534998,0.016018712893128395,23.344799041748047,0.004629353526979685,0.23055535554885864,0.007234146352857351,0.3357388377189636,22.230792999267578,0.005983027629554272,0.3774135112762451,0.004684079438447952,0.015575412660837173,25.216514587402344,0.0030084901954978704,0.1205647811293602,0.006139249075204134,0.0,21.49736785888672,0.007083748932927847,0.38764438033103943,27.183372497558594,0.0019127695122733712,0.1283702552318573,34.858734130859375,0.000326683308230713,26.661937713623047,0.0021567828953266144,0.15242592990398407,25.075973510742188,0.0031074397265911102,0.3103027641773224,24.48114585876465,0.0035635707899928093,0.36656588315963745,24.41376495361328,0.003619292052462697,0.15105140209197998,30.861265182495117,0.0008201124728657305,23.925518035888672,0.004049935378134251,0.17646770179271698,23.156339645385742,0.004834660328924656,0.3314845561981201,22.60805892944336,0.005485223140567541,0.3906790614128113,26.96175765991211,0.002012908924371004,0.06389481574296951,31.98456573486328,0.0006332038319669664,26.5263671875,0.002225171308964491,0.07464703917503357
274078,6056,2,3103,-1,2,25.025497436523438,0.21977894008159637,22.55472183227539,0.19302646815776825,21.01100730895996,22.9722900390625,0.2616933286190033,21.24817657470703,25.15033531188965,0.07775665819644928,17.03739356994629,18.060762405395508,22.252914428710938,0.2843000888824463,23.032255172729492,0.32442528009414673,0.5949797630310059,3103,3135,0.4012570083141327,0,0,0.003143767826259136,0.007923177443444729,26.182579040527344,0.0024084742181003094,0.2575482130050659,0.005553002003580332,0.281282514333725,22.723350524902344,0.005341523326933384,0.3368266820907593,0.005043952725827694,0.01978157088160515,25.5648250579834,0.0027766271959990263,0.2942295968532562,0.0075020925141870975,0.3026062846183777,22.383617401123047,0.005776148289442062,0.3491448760032654,0.0030546854250133038,0.01562873274087906,29.50697898864746,0.0011202167952433228,0.07652408629655838,0.005952626932412386,0.004974785726517439,22.144519805908203,0.0061030639335513115,0.3442472219467163,26.292112350463867,0.002348491456359625,0.20627537369728088,23.498592376708984,0.004468284081667662,26.941394805908203,0.0020223690662533045,0.24488931894302368,23.09426498413086,0.004904260393232107,0.2683003842830658,23.011653900146484,0.004998443182557821,0.32498642802238464,25.297622680664062,0.0029528257437050343,0.2316424548625946,22.58220672607422,0.005517971236258745,25.92067527770996,0.0025581882800906897,0.27262264490127563,22.515625,0.005603217985481024,0.2798710763454437,22.485397338867188,0.005642353091388941,0.3375544846057892,30.604917526245117,0.0008699782774783671,0.0521545447409153,29.365205764770508,0.001157389604486525,30.83145523071289,0.000825761235319078,0.06168825924396515
274497,6056,2,3554,-1,3,27.74796485900879,0.1476956307888031,24.715068817138672,0.15066848695278168,25.626428604125977,23.90254020690918,0.1936589479446411,22.647552490234375,24.598663330078125,0.09897051006555557,17.878786087036133,17.980459213256836,24.089174270629883,0.13469254970550537,35.374813079833984,0.27561765909194946,0.5466576218605042,3554,3586,0.3879600167274475,0,0,0.0016795913688838482,0.0027375200297683477,28.190624237060547,0.0015168330864980817,0.1754419505596161,0.0033767055720090866,0.14034578204154968,24.64651870727539,0.0034304270520806313,0.16719523072242737,0.004071420524269342,0.016297511756420135,26.594600677490234,0.00219048373401165,0.22050392627716064,0.00543556734919548,0.16685041785240173,24.093475341796875,0.003896301845088601,0.18963418900966644,0.0034684378188103437,0.015920404344797134,28.08898162841797,0.001552750589326024,0.10326748341321945,0.0039001614786684513,0.0002900807885453105,23.51097869873047,0.004455558490008116,0.16327011585235596,30.656652450561523,0.0008596762781962752,0.12278705835342407,35.580284118652344,0.0002766760590020567,30.225650787353516,0.000949368579313159,0.15015769004821777,25.71831703186035,0.002680207369849086,0.11927393823862076,25.168453216552734,0.003041970543563366,0.1454438418149948,28.027990341186523,0.0015747119905427098,0.15120305120944977,30.073963165283203,0.0009831140050664544,27.78396224975586,0.0016657270025461912,0.18392406404018402,24.70872688293457,0.003381640650331974,0.13766558468341827,24.236204147338867,0.0037703318521380424,0.16700401902198792,30.02472686767578,0.000994322937913239,0.0586426667869091,31.368684768676758,0.0007296784897334874,29.850440979003906,0.001035037450492382,0.07184295356273651
278930,6057,3,3120,-1,2,26.034563064575195,0.19696936011314392,27.6667423248291,0.14029891788959503,28.832921981811523,22.680240631103516,0.23882827162742615,23.06999969482422,23.80322265625,0.1264168620109558,18.354400634765625,18.329139709472656,25.18446922302246,0.07074934244155884,100.0,0.11308201402425766,1.24068284034729,3120,3152,0.33673396706581116,0,0,0.002491975435987115,0.0013083014637231827,25.728260040283203,0.0026740790344774723,0.22913992404937744,0.0017112982459366322,0.08024279773235321,27.209308624267578,0.0019013815326616168,0.09466662257909775,0.005394807551056147,0.014606962911784649,24.003841400146484,0.003977552987635136,0.2597646713256836,0.004931738134473562,0.14290320873260498,24.610307693481445,0.0034591483417898417,0.15048107504844666,0.004165602382272482,0.014692172408103943,25.94119644165039,0.0025461299810558558,0.1311774104833603,0.003030771389603615,0.0,24.56298828125,0.003497044090181589,0.08551332354545593,27.78137969970703,0.0016667183954268694,0.16961221396923065,36.360198974609375,0.00023119599791243672,27.24097442626953,0.0018875679234042764,0.1975456178188324,29.89722442626953,0.001023947144858539,0.05020926147699356,29.300153732299805,0.001174856093712151,0.06027579307556152,24.92926025390625,0.003214208409190178,0.19123181700706482,29.392925262451172,0.001150025986135006,24.520071029663086,0.003531775204464793,0.22146110236644745,25.633556365966797,0.0027330294251441956,0.08101028949022293,25.239364624023438,0.0029927033465355635,0.09567462652921677,27.094324111938477,0.0019523949595168233,0.07031244039535522,29.71967315673828,0.001066676457412541,26.801326751708984,0.0020886592101305723,0.08218424022197723
279087,6057,3,3309,-1,3,25.5386905670166,0.1754593849182129,22.808513641357422,0.15131254494190216,28.611984252929688,22.567962646484375,0.20399999618530273,20.94190216064453,24.06255531311035,0.09815075248479843,17.977508544921875,18.072113037109375,22.350465774536133,0.1583966761827469,100.0,0.26125961542129517,0.5791654586791992,3309,3341,0.29717111587524414,0,0,0.0027933854144066572,0.0013765799812972546,25.21238136291504,0.003011355409398675,0.20760485529899597,0.00523779634386301,0.15745249390602112,22.36467170715332,0.005801401101052761,0.19137859344482422,0.005536096636205912,0.015931224450469017,24.04851722717285,0.003936845809221268,0.2261475771665573,0.00805025827139616,0.1881175935268402,21.642616271972656,0.006850754376500845,0.2129502147436142,0.003924140706658363,0.01558794267475605,26.716796875,0.0021297093480825424,0.0994146317243576,0.0058204070664942265,0.0,21.728988647460938,0.006715854164212942,0.1967017948627472,27.08147430419922,0.001958179287612438,0.16275683045387268,39.06427764892578,0.0001240429701283574,26.49683380126953,0.002240353962406516,0.19530022144317627,23.541288375854492,0.00442457152530551,0.13635145127773285,22.929983139038086,0.005093327723443508,0.17013554275035858,25.39436149597168,0.0028877784498035908,0.17028367519378662,32.81489181518555,0.000523011083714664,24.879045486450195,0.0032515882048755884,0.20221418142318726,22.619983673095703,0.005470179952681065,0.1558980792760849,22.052518844604492,0.006233730353415012,0.19247640669345856,28.972545623779297,0.0012669101124629378,0.05395966023206711,33.2130126953125,0.0004771982494276017,28.574840545654297,0.0013884044019505382,0.06440834701061249
280412,6057,3,4698,-1,1,23.718971252441406,0.13505993783473969,22.908527374267578,0.1936693638563156,27.58949089050293,21.18355941772461,0.17312639951705933,20.68874168395996,23.23402214050293,0.09820901602506638,17.767223358154297,18.003612518310547,21.139225006103516,0.09137987345457077,100.0,0.2241598665714264,0.8639787435531616,4698,4730,0.3457503616809845,0,0,0.004247202537953854,0.0017420121002942324,23.34173583984375,0.00463261641561985,0.15305231511592865,0.00511855399236083,0.10543284565210342,22.498424530029297,0.00562545470893383,0.11720563471317291,0.007614548318088055,0.016721591353416443,22.066661834716797,0.0062134647741913795,0.18391597270965576,0.008533473126590252,0.145370215177536,21.313302993774414,0.007390431594103575,0.15037523210048676,0.004748953506350517,0.015835756435990334,25.16656494140625,0.003043291624635458,0.09826480597257614,0.007692675106227398,0.0,20.51774787902832,0.008876165375113487,0.10364413261413574,24.741422653198242,0.0033562760800123215,0.11616641283035278,35.26617431640625,0.0002974285453092307,24.171566009521484,0.003826867789030075,0.13397645950317383,23.352184295654297,0.004621486645191908,0.08077669888734818,22.743005752563477,0.005317400675266981,0.09136311709880829,23.044509887695312,0.004960771184414625,0.13348700106143951,29.72203254699707,0.0010660968255251646,22.54928970336914,0.005559952463954687,0.1523614525794983,21.946260452270508,0.006388133391737938,0.0976003035902977,21.409149169921875,0.00722911674529314,0.10967104136943817,26.87125015258789,0.002055299701169133,0.05194249004125595,30.251060485839844,0.000943830527830869,26.524173736572266,0.0022262949496507645,0.059167515486478806
285053,6058,4,4528,-1,0,26.087627410888672,0.1868765950202942,27.982223510742188,0.18639664351940155,24.58713722229004,23.14654541015625,0.2082301527261734,23.896350860595703,25.088985443115234,0.07279884070158005,17.051265716552734,17.179140090942383,27.898590087890625,0.07894561439752579,100.0,0.21436236798763275,0.8695399761199951,4528,4560,0.3875664174556732,0,0,0.002461713273078203,0.0034776534885168076,26.372509002685547,0.0023054147604852915,0.22154036164283752,0.0015913938404992223,0.08551742881536484,28.110132217407227,0.0015452078077942133,0.10282929241657257,0.004845576826483011,0.019718479365110397,25.921947479248047,0.002557438798248768,0.23370273411273956,0.004077228717505932,0.11798980087041855,27.539770126342773,0.001762068597599864,0.1269380748271942,0.0030981439631432295,0.019146356731653214,32.0121955871582,0.0006291880854405463,0.06650039553642273,0.001622336800210178,0.0,27.277111053466797,0.0018719270592555404,0.09751136600971222,27.450429916381836,0.0017986932070925832,0.16945725679397583,32.32078552246094,0.0005860321107320487,27.021835327148438,0.0019852565601468086,0.20510710775852203,29.381044387817383,0.001153176766820252,0.06797483563423157,28.832691192626953,0.001308371196500957,0.08334603905677795,26.463346481323242,0.0022576958872377872,0.17597906291484833,26.876829147338867,0.002052661031484604,26.403087615966797,0.00228923955000937,0.2138238102197647,27.82048225402832,0.0016517783515155315,0.08396540582180023,27.846393585205078,0.0016419527819380164,0.10290398448705673,31.95135498046875,0.0006380643462762237,0.03717808797955513,27.73790740966797,0.00168348487932235,33.21271896362305,0.00047723049647174776,0.044257115572690964
287423,6059,5,1857,-1,1,25.36841583251953,0.19387070834636688,20.561805725097656,0.19867722690105438,25.517919540405273,22.421342849731445,0.2458098828792572,19.289981842041016,23.880395889282227,0.10276755690574646,17.758731842041016,17.925718307495117,19.89849853515625,0.25304919481277466,100.0,0.3435785472393036,0.5782585144042969,1857,1889,0.36842063069343567,0,0,0.0029050817247480154,0.0028067780658602715,25.345867156982422,0.0029202052392065525,0.23164185881614685,0.008786572143435478,0.2572842240333557,20.05817222595215,0.009866951033473015,0.30410444736480713,0.005726189352571964,0.016754327341914177,23.947431564331055,0.004029552452266216,0.2829073667526245,0.011776109226047993,0.28677475452423096,19.53097152709961,0.01114045362919569,0.3285125494003296,0.004092233721166849,0.016122346743941307,26.494714736938477,0.0022414473351091146,0.10875129699707031,0.010236469097435474,0.0,19.277021408081055,0.011811310425400734,0.30520036816596985,27.131135940551758,0.0019359162542968988,0.19285008311271667,34.270362854003906,0.00037407956551760435,26.623016357421875,0.0021761986427009106,0.23552215099334717,20.94647979736328,0.00804178137332201,0.23496223986148834,20.33263397216797,0.00926267821341753,0.2822074592113495,25.126502990722656,0.0030714962631464005,0.21791046857833862,31.431339263916016,0.0007192272460088134,24.64277458190918,0.003433384234085679,0.2628561854362488,20.314828872680664,0.009300732053816319,0.2517399787902832,19.725017547607422,0.010653648525476456,0.3019595146179199,28.34690284729004,0.001463219989091158,0.05984165146946907,32.83564758300781,0.0005205178167670965,27.93646240234375,0.001608251011930406,0.07255314290523529
288296,6059,5,2794,-1,1,25.761837005615234,0.11713571846485138,23.417808532714844,0.17239022254943848,26.600770950317383,22.545944213867188,0.14794865250587463,21.33510971069336,24.00527000427246,0.07803364843130112,17.700942993164062,17.846202850341797,22.357620239257812,0.12022039294242859,100.0,0.2693030834197998,0.6401346325874329,2794,2826,0.3928286135196686,0,0,0.00265348213724792,0.002187373349443078,25.64603042602539,0.002725191181525588,0.1301603615283966,0.004552176222205162,0.12505850195884705,23.08550262451172,0.0049141645431518555,0.13981223106384277,0.00556423794478178,0.016978751868009567,24.19285011291504,0.0038081591483205557,0.15241840481758118,0.007353415712714195,0.15562163293361664,22.29659080505371,0.005893060006201267,0.16134846210479736,0.003976243548095226,0.01642024703323841,26.857574462890625,0.0020617812406271696,0.0705115869641304,0.00581082608550787,0.0,21.736143112182617,0.006704799365252256,0.13611452281475067,27.431625366210938,0.0018064974574372172,0.09236704558134079,36.54051208496094,0.00022179355437401682,26.8818302154541,0.0020502980332821608,0.10668426752090454,24.264755249023438,0.003745626425370574,0.10723769664764404,23.676475524902344,0.004288963973522186,0.1221504807472229,25.313528060913086,0.0029420307837426662,0.11110620945692062,30.623767852783203,0.0008662101463414729,24.865978240966797,0.003261387813836336,0.12769663333892822,23.06087303161621,0.004942115396261215,0.1197286993265152,22.539958953857422,0.005571909714490175,0.13553839921951294,28.413036346435547,0.0014411081792786717,0.04125325009226799,31.186296463012695,0.0007609750027768314,28.108625411987305,0.00154574413318187,0.04754536971449852
292828,6060,2,2686,-1,0,25.18103790283203,0.1535683572292328,23.513086318969727,0.13938330113887787,26.385162353515625,21.790794372558594,0.1881837248802185,20.8426513671875,22.375375747680664,0.09906740486621857,17.959936141967773,17.97462272644043,22.672008514404297,0.09999872744083405,100.0,0.21454744040966034,0.6496618986129761,2686,2718,0.34422627091407776,0,0,0.0030331662856042385,0.002298707840964198,25.022193908691406,0.0031461596954613924,0.1774982362985611,0.004453397821635008,0.10808472335338593,23.143007278442383,0.00484952749684453,0.12392798066139221,0.006620955187827349,0.015995819121599197,22.857820510864258,0.005178668070584536,0.20646372437477112,0.008236347697675228,0.14161525666713715,21.509937286376953,0.007063277065753937,0.15323247015476227,0.005787120666354895,0.015941813588142395,23.74187660217285,0.004224860109388828,0.09848225861787796,0.005405041389167309,0.0,22.0505313873291,0.006236586254090071,0.11637411266565323,28.23906135559082,0.0015000090934336185,0.1309361457824707,35.01178741455078,0.00031537056202068925,27.74106788635254,0.0016822612378746271,0.15417368710041046,25.33980369567871,0.0029242844320833683,0.09016220271587372,24.74523162841797,0.0033533351961523294,0.10721638053655624,24.111286163330078,0.0038803555071353912,0.15718770027160645,29.043933868408203,0.0012462539598345757,23.67988395690918,0.004285601433366537,0.18319588899612427,22.715482711791992,0.005351207684725523,0.11701808869838715,22.197940826416016,0.006028454285115004,0.13706357777118683,25.332334518432617,0.002929318230599165,0.0688266009092331,30.195514678955078,0.0009559794561937451,24.904067993164062,0.0032329089008271694,0.07871435582637787
294055,6060,2,3977,-1,1,27.4309139251709,0.11584916710853577,24.636741638183594,0.14669835567474365,25.72504234313965,23.951400756835938,0.14147989451885223,22.44745445251465,24.802452087402344,0.08537963777780533,18.096717834472656,18.20514678955078,23.859174728393555,0.1513272523880005,100.0,0.30958276987075806,0.4738582670688629,3977,4009,0.38743001222610474,0,0,0.0018067945493385196,0.002676059026271105,27.764881134033203,0.0016730616334825754,0.1364247053861618,0.0034381586592644453,0.1618468463420868,24.431257247924805,0.0036047447938472033,0.18635129928588867,0.004025869537144899,0.015499873086810112,26.45768928527832,0.0022606386337429285,0.15517368912696838,0.005691864527761936,0.18349672853946686,23.715255737304688,0.004250839352607727,0.20259983837604523,0.003309444058686495,0.015117686241865158,28.260009765625,0.001492791692726314,0.08842229098081589,0.004112280439585447,0.0,23.237693786621094,0.004744939040392637,0.17984740436077118,29.078845977783203,0.0012362762354314327,0.09859071671962738,35.223876953125,0.0003003395104315132,28.600370407104492,0.001380266505293548,0.11755944788455963,25.24111557006836,0.0029914977494627237,0.14031574130058289,24.651763916015625,0.0034262866247445345,0.16772353649139404,27.251445770263672,0.0018830224871635437,0.10942548513412476,30.712392807006836,0.0008487132145091891,26.89912986755371,0.0020421468652784824,0.13105836510658264,24.333797454833984,0.0036865531001240015,0.14903299510478973,23.818035125732422,0.004151420667767525,0.17934054136276245,30.435293197631836,0.0009046293562278152,0.04032859951257706,31.531341552734375,0.000702855468261987,30.28876495361328,0.0009356714435853064,0.04976577311754227
294840,6060,2,4794,-1,3,29.37392234802246,0.10113852471113205,25.688493728637695,0.14844627678394318,27.354427337646484,24.362009048461914,0.1493351310491562,22.992961883544922,24.851314544677734,0.084029421210289,17.6071720123291,17.77145004272461,25.06485939025879,0.1469746232032776,100.0,0.3022167682647705,0.49119138717651367,4794,4826,0.3939262926578522,0,0,0.0011550683993846178,0.0018388975877314806,29.78866958618164,0.0010498638730496168,0.12002763152122498,0.002698675263673067,0.14586175978183746,25.597143173217773,0.002756040543317795,0.17254102230072021,0.0036626828368753195,0.017349330708384514,28.076990127563477,0.0015570445684716105,0.16315269470214844,0.005020002834498882,0.1741662621498108,24.90150260925293,0.003234818112105131,0.18916009366512299,0.00327241700142622,0.016705326735973358,29.187192916870117,0.0012058153515681624,0.07997825741767883,0.0031154020689427853,0.0,24.443378448486328,0.0035946948919445276,0.17721086740493774,32.49732971191406,0.0005626873462460935,0.08254556357860565,36.290077209472656,0.00023495919595006853,32.124637603759766,0.0006131069967523217,0.10117615014314651,26.765783309936523,0.0021058227866888046,0.1308477222919464,26.186037063598633,0.0024065582547336817,0.1602076143026352,29.157636642456055,0.0012140492908656597,0.10394465178251266,30.251407623291016,0.0009437549160793424,29.01137351989746,0.0012556331930682063,0.12472202628850937,25.614582061767578,0.002744997851550579,0.13895826041698456,25.16785430908203,0.0030423887073993683,0.16615688800811768,30.474939346313477,0.0008964090957306325,0.04556858539581299,31.079402923583984,0.0007799374870955944,30.388980865478516,0.0009143279166892171,0.055773377418518066
297216,6061,3,2285,-1,2,26.09154510498047,0.09907950460910797,20.123998641967773,0.11946193128824234,28.349149703979492,22.67481803894043,0.1312025934457779,18.906829833984375,23.381547927856445,0.07457423955202103,18.049346923828125,18.006731033325195,19.34449005126953,0.2774866819381714,100.0,0.33474332094192505,0.3568762242794037,2285,2317,0.3880164921283722,0,0,0.0024594927672296762,0.0014624641044065356,25.82880210876465,0.0026128815952688456,0.10873658955097198,0.009718522429466248,0.27689579129219055,19.54509925842285,0.011104270815849304,0.31511190533638,0.005401547998189926,0.015669869258999825,24.17731475830078,0.0038218062836676836,0.13150376081466675,0.012862250208854675,0.29889389872550964,19.05413055419922,0.012433311901986599,0.3286774754524231,0.004590344149619341,0.015824386849999428,25.433258056640625,0.0028620297089219093,0.06815565377473831,0.011629232205450535,0.0,18.723011016845703,0.013418343849480152,0.3178938627243042,28.269784927368164,0.0014894353225827217,0.08399805426597595,37.121639251708984,0.00019401546160224825,27.724397659301758,0.0016887307865545154,0.09424474835395813,20.566307067871094,0.008777471259236336,0.2606275975704193,19.94927406311035,0.010117486119270325,0.2994367480278015,25.279491424560547,0.002965178107842803,0.0994914323091507,30.314529418945312,0.0009301371756009758,24.84356689453125,0.003278261050581932,0.1099746972322464,19.831571578979492,0.010395440272986889,0.2728118896484375,19.256561279296875,0.011867081746459007,0.3129331171512604,26.919918060302734,0.0020323956850916147,0.045601923018693924,30.694488525390625,0.0008522188290953636,26.54829978942871,0.002213961211964488,0.05116048455238342
297411,6061,3,2480,-1,1,27.031597137451172,0.12565892934799194,21.717512130737305,0.1279911994934082,27.991527557373047,23.554868698120117,0.15673352777957916,20.392234802246094,24.504501342773438,0.0874847024679184,18.05913543701172,18.01485252380371,21.2626953125,0.2971605360507965,100.0,0.2943858802318573,0.4347735643386841,2480,2512,0.35839277505874634,0,0,0.0019807990174740553,0.0015879875281825662,26.901077270507812,0.0020412313751876354,0.1443306803703308,0.0067336237989366055,0.2972573935985565,21.28476905822754,0.007439147215336561,0.3408740162849426,0.004410757217556238,0.01563459262251854,25.712154388427734,0.002684013219550252,0.16593384742736816,0.00913643091917038,0.3214908838272095,20.876495361328125,0.008172416128218174,0.35925087332725525,0.0035444581881165504,0.015794822946190834,27.799476623535156,0.0016597864450886846,0.08603076636791229,0.00747705390676856,0.0,20.641216278076172,0.008627369999885559,0.3438437283039093,29.28376007080078,0.0011792994337156415,0.1113116592168808,35.52882385253906,0.00027997413417324424,28.80197525024414,0.0013176571810618043,0.12920759618282318,22.398893356323242,0.005755866412073374,0.2767527997493744,21.789541244506836,0.006622866727411747,0.32125815749168396,26.65553855895996,0.0021599631290882826,0.13253086805343628,29.68539047241211,0.001075130538083613,26.332298278808594,0.0023268605582416058,0.15237241983413696,21.623247146606445,0.006881379056721926,0.29348552227020264,21.0727596282959,0.007811315357685089,0.3397027850151062,29.095842361450195,0.0012314467458054423,0.0477919727563858,30.70340347290039,0.0008504712022840977,28.89390754699707,0.0012900582514703274,0.05578029900789261
298826,6061,3,3991,-1,3,19.745803833007812,0.22215569019317627,18.3649959564209,0.2594583034515381,28.121679306030273,18.744970321655273,0.2486933469772339,17.49965476989746,23.818336486816406,0.08479581773281097,18.41600799560547,18.572528839111328,17.585590362548828,0.2954767942428589,100.0,0.35821494460105896,0.724308967590332,3991,4023,0.37465882301330566,0,0,0.010602781549096107,0.0015411049826070666,19.209314346313477,0.011996885761618614,0.25854548811912537,0.014571377076208591,0.29853355884552,17.789276123046875,0.01663690060377121,0.34659239649772644,0.013350666500627995,0.01440121978521347,18.797866821289062,0.01318904384970665,0.27261242270469666,0.01778421178460121,0.3251209259033203,17.361610412597656,0.018358571454882622,0.3579009175300598,0.004151130095124245,0.013891441747546196,25.763248443603516,0.0026526206638664007,0.07916487008333206,0.017435764893889427,0.0,16.964111328125,0.020118188112974167,0.345455527305603,19.983976364135742,0.010036967694759369,0.2090546041727066,36.596927642822266,0.00021893091616220772,19.375146865844727,0.011547434143722057,0.2483494132757187,18.531326293945312,0.014023855328559875,0.28125590085983276,17.913850784301758,0.01616646535694599,0.32983940839767456,19.440677642822266,0.011374501511454582,0.22750477492809296,30.591678619384766,0.0008726342348381877,18.86385154724121,0.012990172952413559,0.2701548933982849,18.014671325683594,0.01579548418521881,0.29472529888153076,17.42070770263672,0.018110446631908417,0.3436242938041687,27.257688522338867,0.0018803186248987913,0.0496818870306015,31.413803100585938,0.0007221370469778776,26.864490509033203,0.0020585001911967993,0.058400340378284454
299630,6061,3,4827,-1,0,27.58501434326172,0.11842126399278641,25.566898345947266,0.1416771560907364,27.624204635620117,23.948022842407227,0.15012964606285095,22.895370483398438,24.77153778076172,0.0771632194519043,17.876461029052734,17.934022903442383,24.855125427246094,0.16326017677783966,100.0,0.23672138154506683,0.5984975099563599,4827,4859,0.3240435719490051,0,0,0.0017438078066334128,0.0017281427280977368,27.579017639160156,0.0017462179530411959,0.1402769237756729,0.002775301691144705,0.1587091088294983,25.145137786865234,0.0030583436600863934,0.18790143728256226,0.004029004368931055,0.01630624756217003,26.69546127319336,0.0021401981357485056,0.16340163350105286,0.005134086590260267,0.18305295705795288,24.652191162109375,0.003425950650125742,0.20086665451526642,0.003333084285259247,0.016091544181108475,28.632020950317383,0.001370244543068111,0.07548464834690094,0.0032695457339286804,0.0,24.233646392822266,0.003772553289309144,0.19549454748630524,30.0559024810791,0.0009872106602415442,0.10050693154335022,37.72971725463867,0.00016866630176082253,29.534502029418945,0.0011131404899060726,0.12318392843008041,26.87991714477539,0.0020512023475021124,0.14739026129245758,26.27448844909668,0.0023580407723784447,0.17535299062728882,27.440658569335938,0.0018027449259534478,0.11533687263727188,29.816314697265625,0.0010432022390887141,27.167896270751953,0.0019195976201444864,0.14088386297225952,25.509811401367188,0.002812023740261793,0.15552835166454315,25.07709503173828,0.0031066376250237226,0.18677783012390137,29.833887100219727,0.0010389902163296938,0.04198431968688965,30.324695587158203,0.0009279625373892486,29.7630672454834,0.0010560713708400726,0.05287802591919899
300211,6062,4,537,-1,1,27.291566848754883,0.18500429391860962,24.001182556152344,0.20660237967967987,24.718725204467773,23.898212432861328,0.21876412630081177,21.905773162841797,25.02942657470703,0.09319840371608734,17.846046447753906,17.994979858398438,23.250553131103516,0.24203625321388245,100.0,0.3292085826396942,0.6275728940963745,537,569,0.42471739649772644,0,0,0.0018657067557796836,0.003373863874003291,27.86832618713379,0.0016336825210601091,0.21879592537879944,0.0039799888618290424,0.24287724494934082,23.57828140258789,0.004387041553854942,0.2913566529750824,0.004075479693710804,0.016420846804976463,26.623027801513672,0.0021761925891041756,0.24794381856918335,0.006447966210544109,0.27787235379219055,22.98680877685547,0.00502712232992053,0.3203592300415039,0.0031409254297614098,0.015867261216044426,29.270050048828125,0.0011830279836431146,0.0966176688671112,0.004730909131467342,0.0,22.629074096679688,0.005458741448819637,0.2973906993865967,29.116756439208984,0.001225530868396163,0.1640356034040451,32.38381576538086,0.0005775884492322803,28.77713966369629,0.0013252142816781998,0.1989489495754242,24.292892456054688,0.0037214376498013735,0.2290719896554947,23.691059112548828,0.004274588078260422,0.2795703411102295,27.507524490356445,0.0017752015264704823,0.1772841215133667,28.293140411376953,0.0014814464375376701,27.398345947265625,0.0018203945364803076,0.216391921043396,23.577808380126953,0.004387521650642157,0.24359434843063354,23.10550308227539,0.004891589283943176,0.2957984507083893,30.87125587463379,0.0008182282326743007,0.05277223512530327,29.63970184326172,0.001086500589735806,31.096038818359375,0.0007769554504193366,0.06351982802152634
300422,6062,4,748,-1,0,25.159046173095703,0.2229243516921997,21.40587043762207,0.2292643040418625,26.046283721923828,22.549707412719727,0.26410815119743347,20.033037185668945,24.773269653320312,0.09851976484060287,17.855693817138672,17.983524322509766,20.83195686340332,0.2812091112136841,100.0,0.3913007378578186,0.5859030485153198,748,780,0.4160987138748169,0,0,0.0030485636088997126,0.0024852585047483444,25.037311553955078,0.003135225735604763,0.26519957184791565,0.007234575692564249,0.28291332721710205,20.927196502685547,0.008077566511929035,0.3364827334880829,0.005559415090829134,0.01638440042734146,24.096004486083984,0.0038940326776355505,0.30555859208106995,0.009924218989908695,0.3112764358520508,20.469837188720703,0.00897462572902441,0.3540128171443939,0.0033317548222839832,0.015909170731902122,28.548757553100586,0.0013967681443318725,0.10512548685073853,0.008256659843027592,0.0,20.21047592163086,0.009526915848255157,0.33645063638687134,25.936912536621094,0.00254864152520895,0.20415398478507996,33.09589385986328,0.0004902421496808529,25.428272247314453,0.0028653182089328766,0.24760299921035767,21.580183029174805,0.006949950009584427,0.2646379768848419,20.974882125854492,0.007989360019564629,0.31872689723968506,24.635927200317383,0.0034388042986392975,0.2217538207769394,28.09735107421875,0.0015497617423534393,24.283580780029297,0.0037294263020157814,0.2698240876197815,21.048192977905273,0.00785562302917242,0.2801503837108612,20.506498336791992,0.008899186737835407,0.33570632338523865,29.251380920410156,0.0011881248792633414,0.05979129672050476,29.663585662841797,0.0010805411729961634,29.191299438476562,0.001204676111228764,0.072432741522789
305838,6063,5,1052,-1,1,23.21297836303711,0.09666724503040314,23.031490325927734,0.21485233306884766,26.912935256958008,20.41672134399414,0.13950106501579285,20.3905029296875,21.713977813720703,0.0934487134218216,17.950958251953125,17.942886352539062,21.758134841918945,0.05712306499481201,100.0,0.17853739857673645,1.2034024000167847,1052,1084,0.3749030828475952,0,0,0.00477201770991087,0.002035666722804308,22.845821380615234,0.005192995071411133,0.10774035006761551,0.004975664429366589,0.07203547656536102,22.58951187133789,0.005508698057383299,0.07868847250938416,0.009085062891244888,0.01602891832590103,20.960002899169922,0.008016777224838734,0.14532843232154846,0.009140071459114552,0.12278782576322556,20.911880493164062,0.008106105960905552,0.12063370645046234,0.006739107426255941,0.01605873927474022,22.752885818481445,0.0053053186275064945,0.08759371936321259,0.006670932285487652,0.0,21.136655807495117,0.007697229739278555,0.06362464278936386,25.34769058227539,0.002918979385867715,0.07928825914859772,37.59844207763672,0.000173842505319044,24.760835647583008,0.003341308096423745,0.09011542797088623,24.607707977294922,0.003461220534518361,0.05903756245970726,24.004831314086914,0.00397664587944746,0.06705977022647858,22.568931579589844,0.005534862168133259,0.10230259597301483,32.054954528808594,0.0006230237777344882,22.01313018798828,0.0062905289232730865,0.11425233632326126,22.261837005615234,0.00594040984287858,0.07367347180843353,21.695911407470703,0.0067671965807676315,0.08261144161224365,24.86985206604004,0.0032584788277745247,0.045659687370061874,32.24876403808594,0.000595832010731101,24.355567932128906,0.0036681166384369135,0.051285963505506516
306517,6063,5,1763,-1,1,21.892086029052734,0.31437063217163086,16.885042190551758,0.3149331212043762,25.090009689331055,19.91873550415039,0.3605346977710724,16.094820022583008,22.645414352416992,0.1191328689455986,18.063720703125,18.190000534057617,16.144081115722656,0.3756793737411499,100.0,0.4331672787666321,0.727047324180603,1763,1795,0.3975924551486969,0,0,0.006468320265412331,0.0030974126420915127,21.557140350341797,0.006986921653151512,0.35958725214004517,0.020487818866968155,0.37839218974113464,16.31910514831543,0.023339388892054558,0.4247080087661743,0.010188883170485497,0.01561809703707695,20.290203094482422,0.009353619068861008,0.4054025411605835,0.024576392024755478,0.411991149187088,15.85464096069336,0.02597382478415966,0.4530779719352722,0.0054382444359362125,0.015170502476394176,24.043964385986328,0.003940973896533251,0.12038829922676086,0.024299200624227524,0.0,15.522600173950195,0.0280375424772501,0.4242253303527832,22.597408294677734,0.0054986923933029175,0.30170807242393494,34.59303283691406,0.0003472937969490886,22.01265525817871,0.006291214842349291,0.35434484481811523,16.917757034301758,0.02033407613635063,0.3605318069458008,16.301410675048828,0.023434676229953766,0.4098544120788574,21.21608543395996,0.007557735312730074,0.32939612865448,31.572154998779297,0.0006962810293771327,20.64828109741211,0.008613343350589275,0.38379430770874023,16.48543357849121,0.022462427616119385,0.37926650047302246,15.87841796875,0.02583201974630356,0.4301532506942749,25.901538848876953,0.0025694852229207754,0.07376237213611603,32.575897216796875,0.000552599667571485,25.406414031982422,0.00287977559491992,0.08433432877063751
307483,6063,5,2793,-1,3,23.418542861938477,0.11794503033161163,23.04206085205078,0.21851952373981476,28.149269104003906,21.11685562133789,0.15132947266101837,20.843128204345703,22.768901824951172,0.08652816712856293,18.057558059692383,18.13083839416504,21.960630416870117,0.07215133309364319,100.0,0.27824240922927856,0.7853566408157349,2793,2825,0.45855337381362915,0,0,0.004551407415419817,0.0015313454205170274,22.996397018432617,0.0050160326063632965,0.13384635746479034,0.004963567014783621,0.08889390528202057,22.66141700744629,0.0054182433523237705,0.09783028066158295,0.007732406258583069,0.015640264376997948,21.860315322875977,0.00651581259444356,0.15930505096912384,0.008235446177423,0.11827142536640167,21.46979331970215,0.00712886918336153,0.12169114500284195,0.005285787396132946,0.015378575772047043,24.279361724853516,0.003733051009476185,0.08453568816184998,0.006367031950503588,0.0,21.339149475097656,0.0073465751484036446,0.08477266877889633,25.307910919189453,0.0029458396602422,0.09541359543800354,38.08268737792969,0.00015550035459455103,24.717103958129883,0.003375122556462884,0.1101628988981247,24.20305061340332,0.0037992261350154877,0.07191932946443558,23.598880767822266,0.004366282839328051,0.08370140194892883,23.267295837402344,0.004712709225714207,0.1118764877319336,32.103763580322266,0.0006160608609206975,22.722179412841797,0.0053429631516337395,0.12727521359920502,22.585494995117188,0.005513794254511595,0.08243101090192795,22.025962829589844,0.006271967664361,0.09554991126060486,26.55116081237793,0.002212503459304571,0.0464494526386261,32.52189254760742,0.000559513398911804,26.078645706176758,0.002466809470206499,0.05328366905450821
309990,6064,2,454,-1,2,24.380008697509766,0.14015483856201172,20.937536239624023,0.1784985363483429,25.75430679321289,21.505496978759766,0.18426468968391418,19.284162521362305,22.977481842041016,0.09304912388324738,17.807165145874023,18.11117935180664,19.93140411376953,0.14141890406608582,100.0,0.32147321105003357,0.5552516579627991,454,486,0.40612196922302246,0,0,0.0036475330125540495,0.0026580877602100372,24.202444076538086,0.003799755359068513,0.15731483697891235,0.008058356121182442,0.16244754195213318,20.442808151245117,0.009030656889081001,0.18549925088882446,0.007070503197610378,0.016568509861826897,22.510936737060547,0.005609271582216024,0.19829818606376648,0.011791901662945747,0.1799161434173584,19.518383026123047,0.011172793805599213,0.19371043145656586,0.005037927534431219,0.015448345802724361,24.639057159423828,0.0034363246522843838,0.09410887211561203,0.010159207507967949,0.0,19.30992317199707,0.011722162365913391,0.16445426642894745,25.876081466674805,0.0025845917407423258,0.12604090571403503,35.53868103027344,0.0002793391468003392,25.31764030456543,0.0029392456635832787,0.1473953127861023,21.254005432128906,0.007492028176784515,0.13093505799770355,20.643230438232422,0.008623369969427586,0.15160071849822998,23.832122802734375,0.0041379742324352264,0.14590954780578613,28.476505279541016,0.0014201999874785542,23.41407585144043,0.004556093830615282,0.16866427659988403,20.344762802124023,0.009236848913133144,0.14267536997795105,19.802082061767578,0.010466266423463821,0.16559983789920807,26.78929328918457,0.002094453666359186,0.05237459018826485,28.8547306060791,0.0013017484452575445,26.543502807617188,0.00221640826202929,0.06148122623562813
314128,6064,2,4816,-1,3,19.564971923828125,0.2822212874889374,18.9597110748291,0.3035758137702942,24.564918518066406,18.467987060546875,0.3266083300113678,17.95267677307129,23.59035301208496,0.1007244810461998,17.860095977783203,17.896345138549805,18.340925216674805,0.3203016519546509,100.0,0.412598580121994,0.7357655167579651,4816,4848,0.42662402987480164,0,0,0.01105357613414526,0.003495490876957774,19.13058090209961,0.012216358445584774,0.3164021968841553,0.012706583365797997,0.32298821210861206,18.463680267333984,0.014243999496102333,0.36723464727401733,0.014229885302484035,0.016367806121706963,18.569547653198242,0.01390097476541996,0.3617575168609619,0.01602257415652275,0.3532859981060028,17.925870895385742,0.01612178236246109,0.3893093168735504,0.004374864976853132,0.016231754794716835,25.933359146118164,0.0025507279206067324,0.09974405169487,0.014652356505393982,0.0,17.719446182250977,0.01690656505525112,0.36829185485839844,19.667190551757812,0.010796444490551949,0.27204400300979614,34.435760498046875,0.0003601007047109306,19.06507110595703,0.012402036227285862,0.311865895986557,18.977834701538086,0.012653672136366367,0.3108695447444916,18.364877700805664,0.014571767300367355,0.35796409845352173,19.27696418762207,0.011811459437012672,0.2944919466972351,31.088642120361328,0.0007782799657434225,18.693809509277344,0.013508872129023075,0.3412618339061737,18.611629486083984,0.013766922987997532,0.322312593460083,18.015844345092773,0.015791213139891624,0.3707349896430969,28.447555541992188,0.0014296990120783448,0.05427313596010208,31.988656997680664,0.0006326076108962297,28.09016227722168,0.0015523285837844014,0.06329717487096786
317600,6065,3,3474,-1,3,26.08788299560547,0.12506209313869476,21.39124870300293,0.1221727654337883,26.326274871826172,22.83982276916504,0.16962997615337372,20.00113296508789,24.076623916625977,0.09902049601078033,17.885295867919922,18.12421417236328,20.63848876953125,0.2754397988319397,100.0,0.3421127498149872,0.3571125864982605,3474,3506,0.40571489930152893,0,0,0.002461567986756563,0.002330089220777154,26.05234146118164,0.0024817956145852804,0.14273808896541595,0.0072589716874063015,0.2627563774585724,21.037147521972656,0.00787562970072031,0.3014460504055023,0.005200172774493694,0.016273105517029762,24.563486099243164,0.003496644552797079,0.182792529463768,0.009997392073273659,0.30594900250434875,20.458375930786133,0.00899833720177412,0.34006085991859436,0.003911449108272791,0.015402049757540226,26.688432693481445,0.0021436645183712244,0.09894193708896637,0.008632788434624672,0.0,20.017011642456055,0.009960910305380821,0.3182864487171173,28.60577392578125,0.0013785503106191754,0.10871411859989166,36.30656433105469,0.0002340690407436341,28.0837459564209,0.0015546244103461504,0.12725257873535156,22.037681579589844,0.006255064159631729,0.25687459111213684,21.43878936767578,0.007179942913353443,0.2994004786014557,25.728416442871094,0.002673981012776494,0.13179022073745728,29.04763412475586,0.0012451923685148358,25.385324478149414,0.002893794560804963,0.1535569429397583,21.162206649780273,0.0076520731672644615,0.27216464281082153,20.62841796875,0.008652827702462673,0.315685510635376,28.204240798950195,0.0015120846219360828,0.04927990585565567,29.426286697387695,0.0011412258027121425,28.043384552001953,0.0015691398875787854,0.05638006329536438
318557,6065,3,4463,-1,3,22.839794158935547,0.1530122458934784,17.785144805908203,0.21955938637256622,27.274282455444336,20.597957611083984,0.19214336574077606,16.868837356567383,22.91513442993164,0.10078781843185425,17.92987632751465,17.943527221679688,17.150758743286133,0.2882920503616333,100.0,0.3887474834918976,0.5647866725921631,4463,4495,0.37318551540374756,0,0,0.005200208630412817,0.0018731465097516775,22.432069778442383,0.005712064448744059,0.17648068070411682,0.01665273681282997,0.2924671471118927,17.24195671081543,0.018871407955884933,0.3361431658267975,0.008713731542229652,0.01610691100358963,21.20541763305664,0.007576320320367813,0.20877300202846527,0.02056441269814968,0.3182568848133087,16.734155654907227,0.02121214009821415,0.3545393645763397,0.005110773723572493,0.016056369990110397,24.65106964111328,0.003426835173740983,0.10043958574533463,0.019271884113550186,0.0,16.529279708862305,0.022236790508031845,0.33463194966316223,23.71894645690918,0.004247226752340794,0.13415181636810303,36.879154205322266,0.00020515621872618794,23.125530242919922,0.004869083873927593,0.1568235605955124,17.893230438232422,0.016243400052189827,0.2702009081840515,17.27660369873047,0.018721453845500946,0.3143085539340973,22.36288070678711,0.00580379506573081,0.1528681218624115,29.68604278564453,0.001074968371540308,21.849998474121094,0.006531306076794863,0.1784496307373047,17.45710563659668,0.01795930042862892,0.28642287850379944,16.86737823486328,0.020571323111653328,0.33146658539772034,26.932527542114258,0.0020265025086700916,0.05921642482280731,30.338714599609375,0.0009249724098481238,26.583738327026367,0.0021959689911454916,0.06765176355838776
319150,6066,4,178,-1,2,23.73407554626465,0.18238765001296997,22.05219078063965,0.23635108768939972,25.68973159790039,21.421606063842773,0.21746134757995605,20.187044143676758,23.65096092224121,0.08732739090919495,17.81737518310547,17.71293830871582,20.885955810546875,0.16502061486244202,100.0,0.38010555505752563,0.6218038201332092,178,210,0.4422333538532257,0,0,0.00423245457932353,0.0026979076210409403,23.49834632873535,0.004468538332730532,0.2171812653541565,0.00623420299962163,0.1847969889640808,21.608734130859375,0.006904412526637316,0.21909889578819275,0.007208410184830427,0.016529612243175507,22.38494873046875,0.005774378776550293,0.2450968623161316,0.009578459896147251,0.20638637244701385,20.76502227783203,0.008384899236261845,0.22866669297218323,0.004314237739890814,0.0169319249689579,26.24692153930664,0.002373055089265108,0.08525865525007248,0.008154629729688168,0.0,20.264476776123047,0.009409187361598015,0.19691945612430573,24.72583770751953,0.0033683425281196833,0.1724545657634735,35.25688934326172,0.00029806510428898036,24.155902862548828,0.003840693272650242,0.20870476961135864,22.51464080810547,0.005604489706456661,0.1652633547782898,21.9111270904541,0.006440021097660065,0.19867472350597382,23.222978591918945,0.00476104486733675,0.18818789720535278,31.4693603515625,0.0007129582809284329,22.689090728759766,0.00538382725790143,0.22734439373016357,21.484085083007812,0.0071054501459002495,0.16397713124752045,20.914762496948242,0.008100726641714573,0.19586987793445587,27.755966186523438,0.0016764996107667685,0.0517490953207016,31.946685791015625,0.000638750905636698,27.360912322998047,0.0018361532129347324,0.060725949704647064
319176,6066,4,204,-1,0,25.919349670410156,0.17816162109375,22.476425170898438,0.23435162007808685,26.592723846435547,22.79046630859375,0.23205749690532684,20.96198844909668,24.445283889770508,0.09089504927396774,17.5247802734375,17.64186668395996,22.039697647094727,0.22165460884571075,100.0,0.35566720366477966,0.6589070558547974,204,236,0.40364348888397217,0,0,0.0025589698925614357,0.0021914299577474594,25.82442855834961,0.0026155144441872835,0.21088996529579163,0.005654023494571447,0.22224721312522888,22.1353759765625,0.006115927826613188,0.25762099027633667,0.005259609781205654,0.01768161728978157,24.751455307006836,0.00334853189997375,0.25760048627853394,0.008013114333152771,0.24362894892692566,21.748849868774414,0.006685209460556507,0.26804444193840027,0.0035931195598095655,0.01721128635108471,28.244834899902344,0.0014980171108618379,0.08818262815475464,0.0062521640211343765,0.0,21.4182186126709,0.007214035373181105,0.26095402240753174,27.140823364257812,0.0019316027173772454,0.16340599954128265,36.15139389038086,0.00024258336634375155,26.592681884765625,0.002191451843827963,0.19439885020256042,22.86717987060547,0.005167520605027676,0.20193544030189514,22.263357162475586,0.00593832740560174,0.24070937931537628,25.706663131713867,0.0026874088216573,0.18855684995651245,31.31637954711914,0.000738519593141973,25.247303009033203,0.0029872378800064325,0.22363540530204773,22.379131317138672,0.005782119929790497,0.21902604401111603,21.814306259155273,0.006585209164768457,0.25720295310020447,29.723588943481445,0.0010657154489308596,0.049100905656814575,32.67138671875,0.0005405819974839687,29.40624237060547,0.0011465051211416721,0.05764449015259743
319573,6066,4,601,-1,1,16.43629264831543,0.46825355291366577,15.792206764221191,0.44485950469970703,22.954214096069336,15.892988204956055,0.4816926121711731,15.329169273376465,25.520078659057617,0.03521036356687546,17.376739501953125,17.392314910888672,15.526379585266113,0.41905921697616577,100.0,0.46845918893814087,0.9496227502822876,601,633,0.43124496936798096,0,0,0.0227180365473032,0.00506499083712697,15.945873260498047,0.025433890521526337,0.5272842645645142,0.026349924504756927,0.42565780878067017,15.240032196044922,0.029922422021627426,0.4710646867752075,0.025745492428541183,0.01829473301768303,15.703807830810547,0.026891762390732765,0.5383930802345276,0.029314549639821053,0.43176981806755066,15.072671890258789,0.031098028644919395,0.47438666224479675,0.002805383177474141,0.01822924241423607,33.640323638916016,0.00043248169822618365,0.021779010072350502,0.028013160452246666,0.0,14.904900550842285,0.032322876155376434,0.4735473692417145,16.192808151245117,0.02402808703482151,0.45615461468696594,31.667062759399414,0.0006812299834564328,15.587778091430664,0.02761991135776043,0.5236040353775024,15.61257266998291,0.0274626724421978,0.4161183834075928,14.998007774353027,0.0316372849047184,0.46990492939949036,16.117937088012695,0.024445923045277596,0.45883622765541077,28.381528854370117,0.0014516008086502552,15.530978202819824,0.02798350900411606,0.5254856944084167,15.54642105102539,0.027884187176823616,0.417296439409256,14.952377319335938,0.03197145462036133,0.472172349691391,33.69892501831055,0.0004266852338332683,0.014458701014518738,28.573034286499023,0.0013889824040234089,35.54957580566406,0.00027863949071615934,0.014853643253445625
320448,6066,4,1476,-1,0,24.571292877197266,0.2557738721370697,20.005325317382812,0.18389220535755157,25.64957046508789,21.88020896911621,0.2837585210800171,18.713008880615234,23.8906192779541,0.11014293134212494,17.40465545654297,17.580379486083984,19.215848922729492,0.2514919936656952,100.0,0.3368956744670868,0.5458431839942932,1476,1508,0.4660729169845581,0,0,0.0034903648775070906,0.0027229704428464174,24.426822662353516,0.0036084256134927273,0.29032859206199646,0.009987742640078068,0.26557961106300354,19.524940490722656,0.011155935004353523,0.30322641134262085,0.006486032623797655,0.018177520483732224,23.290733337402344,0.00468734186142683,0.310060977935791,0.013449283316731453,0.27512991428375244,18.93299102783203,0.012785002589225769,0.301931232213974,0.0040826136246323586,0.017456699162721634,26.93561553955078,0.0020250624511390924,0.10827015340328217,0.01197885349392891,0.0,18.594369888305664,0.013821752741932869,0.2888164818286896,25.44782829284668,0.0028524433728307486,0.2364475429058075,34.074920654296875,0.00039129858487285674,24.906522750854492,0.00323108141310513,0.27900272607803345,20.108203887939453,0.009753931313753128,0.24720045924186707,19.5039005279541,0.011210115626454353,0.2867130637168884,23.962974548339844,0.004015156999230385,0.24715198576450348,28.383371353149414,0.001450984738767147,23.555965423583984,0.004409645218402147,0.28741127252578735,19.484027862548828,0.01126153115183115,0.24941259622573853,18.932979583740234,0.012785038910806179,0.287150114774704,27.761594772338867,0.0016743279993534088,0.0705796629190445,28.8424072265625,0.0013054476585239172,27.616832733154297,0.001731078838929534,0.08099181950092316
326492,6067,5,2337,-1,2,23.221508026123047,0.10757418721914291,17.73072052001953,0.21410131454467773,27.27767562866211,20.893861770629883,0.1441693902015686,17.035507202148438,22.994922637939453,0.08084584772586823,17.668712615966797,17.654258728027344,17.18001365661621,0.3063855767250061,100.0,0.46172839403152466,0.46369534730911255,2337,2369,0.4122697412967682,0,0,0.004762657918035984,0.0018716845661401749,22.833770751953125,0.005207423120737076,0.11714278906583786,0.01686273142695427,0.3150252401828766,17.226207733154297,0.018939971923828125,0.35374948382377625,0.00813980307430029,0.01710522547364235,21.70020866394043,0.0067605082876980305,0.15165285766124725,0.019790152087807655,0.3366086483001709,16.914627075195312,0.02034873329102993,0.37102892994880676,0.005017732735723257,0.017162246629595757,25.017797470092773,0.0031493459828197956,0.07842020690441132,0.019142502918839455,0.0,16.558534622192383,0.022087503224611282,0.34560009837150574,24.677410125732422,0.0034061146434396505,0.10071301460266113,36.33971405029297,0.00023228899226523936,24.095600128173828,0.0038943954277783632,0.11314484477043152,18.232032775878906,0.015024387277662754,0.30420732498168945,17.61797332763672,0.017306234687566757,0.3455425500869751,22.768993377685547,0.005285677500069141,0.12058192491531372,29.6822452545166,0.0010759090073406696,22.267013549804688,0.005933333653956652,0.13406945765018463,17.661319732666016,0.017134368419647217,0.3144552409648895,17.075218200683594,0.019610019400715828,0.35520514845848083,26.67951202392578,0.0021480729337781668,0.041009802371263504,29.995086669921875,0.0010011320700868964,26.336658477783203,0.002324525499716401,0.04593378305435181
327888,6067,5,3765,-1,2,24.121707916259766,0.1355883777141571,17.84203338623047,0.222812220454216,25.54458236694336,21.552553176879883,0.16600753366947174,16.98977279663086,23.898237228393555,0.09497899562120438,17.783512115478516,17.81918716430664,17.15380096435547,0.2385726422071457,100.0,0.44209805130958557,0.5039882659912109,3765,3797,0.4465624690055847,0,0,0.003871053224429488,0.0027896007522940636,23.93895149230957,0.004037430509924889,0.14892370998859406,0.016436025500297546,0.2324684113264084,17.281864166259766,0.018698800355196,0.2596559524536133,0.006994310300797224,0.016659000888466835,22.590505599975586,0.005507434718310833,0.17819546163082123,0.019999666139483452,0.2621725797653198,16.865121841430664,0.020582018420100212,0.28295406699180603,0.004075457341969013,0.016522714868187904,26.654470443725586,0.0021604944486171007,0.08989444375038147,0.019258392974734306,0.0,16.53232192993164,0.022221224382519722,0.27096474170684814,24.73748207092285,0.0033593224361538887,0.12678025662899017,34.869529724121094,0.00032587183522991836,24.172544479370117,0.0038260072469711304,0.1452852189540863,17.845420837402344,0.01642320491373539,0.21733011305332184,17.230016708374023,0.01892336830496788,0.24708035588264465,23.270191192626953,0.0047095660120248795,0.1452646106481552,30.219451904296875,0.0009507249342277646,22.767210006713867,0.005287849344313145,0.16610774397850037,17.4631404876709,0.017934367060661316,0.23120683431625366,16.865049362182617,0.02058235928416252,0.2624416947364807,28.171329498291016,0.001523586455732584,0.047527458518743515,31.640567779541016,0.0006853984668850899,27.818485260009766,0.0016525385435670614,0.05315393954515457
329492,6068,2,501,-1,1,25.669048309326172,0.16477075219154358,22.60930633544922,0.21030652523040771,25.275754928588867,22.683837890625,0.19580768048763275,20.769994735717773,23.8051700592041,0.09145597368478775,17.588420867919922,17.76394271850586,21.690067291259766,0.2346242517232895,100.0,0.31366071105003357,0.6704905033111572,501,533,0.4064362347126007,0,0,0.002710785483941436,0.0029677320271730423,25.73284912109375,0.002671254565939307,0.18696072697639465,0.005483648274093866,0.23131757974624634,22.22469139099121,0.0059914360754191875,0.2671016454696655,0.00539034279063344,0.017424404621124268,24.511259078979492,0.0035389484837651253,0.20937202870845795,0.008375303819775581,0.2584396004676819,21.538198471069336,0.007017464842647314,0.2867819368839264,0.004163735080510378,0.016734229400753975,26.517316818237305,0.0022298127878457308,0.08976396918296814,0.0067763072438538074,0.0,21.06859016418457,0.007818816229701042,0.27368593215942383,27.857391357421875,0.0016377997817471623,0.1465884894132614,32.670555114746094,0.0005406852578744292,27.431413650512695,0.0018065866315737367,0.17077194154262543,23.493736267089844,0.004473285283893347,0.21963998675346375,22.896282196044922,0.005133006256073713,0.25734585523605347,25.37746238708496,0.0028990386053919792,0.16850973665714264,28.549057006835938,0.0013966724509373307,25.04431915283203,0.003130171913653612,0.19308944046497345,22.3182315826416,0.0058637685142457485,0.2330884337425232,21.813678741455078,0.006586155854165554,0.27260956168174744,27.757169723510742,0.0016760349972173572,0.058077458292245865,30.06363296508789,0.000985454535111785,27.490243911743164,0.0017822782974690199,0.06681975722312927
331113,6068,2,2154,-1,1,25.948795318603516,0.17473755776882172,22.025793075561523,0.17463694512844086,25.502166748046875,22.676231384277344,0.22467046976089478,20.52385139465332,23.83099365234375,0.09303677082061768,17.71533203125,17.859172821044922,21.022441864013672,0.1542981117963791,100.0,0.33121493458747864,0.5272616744041443,2154,2186,0.40842342376708984,0,0,0.002541677327826619,0.0028169776778668165,26.02177619934082,0.0024993233382701874,0.20599761605262756,0.0062722135335206985,0.1647159904241562,21.76225471496582,0.006664607673883438,0.1877003014087677,0.005399791058152914,0.016922589391469955,24.404464721679688,0.003627052064985037,0.25463366508483887,0.008863698691129684,0.19157415628433228,21.10601806640625,0.007751721888780594,0.2115461677312851,0.004139049910008907,0.016371283680200577,26.464359283447266,0.002257168060168624,0.09539230167865753,0.007902346551418304,0.0,20.40096092224121,0.0091180931776762,0.18185347318649292,27.935253143310547,0.001608699676580727,0.15944349765777588,34.217323303222656,0.00037867590435780585,27.452260971069336,0.0017979341791942716,0.1924932599067688,22.323801040649414,0.005856255069375038,0.14359574019908905,21.720457077026367,0.006729060783982277,0.16922003030776978,25.909469604492188,0.002564797643572092,0.17418023943901062,30.487247467041016,0.0008938724640756845,25.49464225769043,0.0028218631632626057,0.2098638415336609,21.60470199584961,0.006910821422934532,0.15407073497772217,21.033411026000977,0.007882406003773212,0.18241333961486816,28.981611251831055,0.001264267018996179,0.0528472475707531,32.06403732299805,0.000621722312644124,28.654659271240234,0.0013631200417876244,0.06356820464134216
331500,6068,2,2541,-1,0,23.058120727539062,0.2962614893913269,21.780654907226562,0.2401590198278427,24.54666519165039,20.711158752441406,0.34830671548843384,19.84478759765625,22.20708465576172,0.15522544085979462,17.966358184814453,17.933639526367188,20.02082633972168,0.29095202684402466,100.0,0.3210398852825165,0.7480660080909729,2541,2573,0.3837262988090515,0,0,0.00494524696841836,0.003510212991386652,22.868440628051758,0.005166020710021257,0.3464234471321106,0.0066364300437271595,0.27116209268569946,21.422534942626953,0.007206869777292013,0.3076705038547516,0.008489536121487617,0.015972180292010307,21.344011306762695,0.007338360417634249,0.4011405110359192,0.010363852605223656,0.3084268867969513,20.192317962646484,0.009566833265125751,0.34571248292922974,0.0060157752595841885,0.01609296351671219,23.501359939575195,0.004465438425540924,0.16627712547779083,0.009952161461114883,0.0,19.39934730529785,0.011483262293040752,0.3385259211063385,24.607437133789062,0.003461437998339534,0.26391473412513733,33.653690338134766,0.0004311527591198683,24.058687210083008,0.0039276364259421825,0.31121009588241577,22.819786071777344,0.005224219989031553,0.26508650183677673,22.21794891357422,0.006000747438520193,0.3070821762084961,22.248849868774414,0.005958199966698885,0.308701753616333,30.409584045410156,0.000910000700969249,21.716724395751953,0.006734847091138363,0.3643387258052826,21.03694725036621,0.007875991985201836,0.2782440185546875,20.463111877441406,0.008988536894321442,0.32240748405456543,25.005491256713867,0.0031582838855683804,0.09690563380718231,31.728015899658203,0.0006717359647154808,24.508949279785156,0.003540830221027136,0.110353484749794
332718,6068,2,3791,-1,3,28.907379150390625,0.1511945128440857,27.854816436767578,0.19185149669647217,25.55095863342285,24.425251007080078,0.1927872598171234,24.112205505371094,25.260324478149414,0.07705274969339371,17.775680541992188,18.147075653076172,26.74077033996582,0.09667771309614182,100.0,0.24832744896411896,0.7725746631622314,3791,3823,0.39237290620803833,0,0,0.0012860624119639397,0.0027855061925947666,29.765918731689453,0.0010553788160905242,0.1770559698343277,0.0016387717332690954,0.10078676044940948,27.823341369628906,0.001650691730901599,0.1179807037115097,0.003609732259064913,0.01668907143175602,27.96552276611328,0.0015975263668224216,0.2208676040172577,0.0038795352447777987,0.13064193725585938,26.86511993408203,0.0020582028664648533,0.14418846368789673,0.0029782953206449747,0.015321189537644386,29.668224334716797,0.0010793883120641112,0.07977592945098877,0.0021179853938519955,0.0,26.119291305541992,0.002443829318508506,0.11749397218227386,31.406017303466797,0.0007234329823404551,0.12817488610744476,34.36247253417969,0.00036622886545956135,31.088043212890625,0.0007783874752931297,0.15615032613277435,28.351524353027344,0.0014616638654842973,0.08015511184930801,27.778724670410156,0.001667736447416246,0.09731288999319077,29.302310943603516,0.001174272270873189,0.14683818817138672,29.442556381225586,0.0011369582498446107,29.281131744384766,0.0011800129432231188,0.18287554383277893,27.184673309326172,0.0019121981458738446,0.09294438362121582,26.830671310424805,0.002074593910947442,0.11393553018569946,32.00416564941406,0.0006303527625277638,0.03774916008114815,30.500757217407227,0.0008910955511964858,32.28972625732422,0.0005902384291402996,0.04758887737989426
334910,6069,3,917,-1,1,27.785608291625977,0.10209297388792038,26.104171752929688,0.12629860639572144,27.91295051574707,24.012332916259766,0.1331806629896164,23.141597747802734,24.825345993041992,0.062022846192121506,18.01327896118164,18.074628829956055,25.50675392150879,0.12345517426729202,100.0,0.19487586617469788,0.6480977535247803,917,949,0.35235831141471863,0,0,0.0016650956822559237,0.0016169814625754952,27.76634407043457,0.0016724978340789676,0.11775585263967514,0.002452352549880743,0.12298983335494995,25.71159553527832,0.0026843587402254343,0.14376595616340637,0.003969783429056406,0.01580054685473442,26.67629051208496,0.002149665728211403,0.14460958540439606,0.004851100966334343,0.15175797045230865,24.927261352539062,0.003215689677745104,0.163112074136734,0.0032920422963798046,0.015578912571072578,28.533283233642578,0.0014017545618116856,0.05902284383773804,0.0028140037320554256,0.0,24.88527488708496,0.0032469274010509253,0.14837825298309326,30.164363861083984,0.0009628614643588662,0.0872587114572525,37.156742095947266,0.00019245364819653332,29.660194396972656,0.001081385649740696,0.10440896451473236,27.414756774902344,0.0018135284772142768,0.10340434312820435,26.817813873291016,0.0020807443652302027,0.12435965985059738,27.708908081054688,0.0016947647091001272,0.0985364094376564,30.175758361816406,0.0009603383950889111,27.428607940673828,0.0018077533459290862,0.11768621951341629,25.87021827697754,0.002588083501905203,0.11555898189544678,25.443443298339844,0.002855325350537896,0.1386723816394806,30.070205688476562,0.0009839648846536875,0.030797190964221954,30.70724105834961,0.0008497207309119403,29.979991912841797,0.0010046177776530385,0.03754142299294472
335146,6069,3,1185,-1,0,27.479124069213867,0.1601843237876892,26.626529693603516,0.14843615889549255,26.379392623901367,23.750831604003906,0.1844327300786972,23.393375396728516,24.243515014648438,0.09662417322397232,17.84189224243164,18.00990867614746,25.347705841064453,0.12090796232223511,100.0,0.17842788994312286,0.8319112062454224,1185,1217,0.318665474653244,0,0,0.0017868479480966926,0.0023017635103315115,27.676063537597656,0.001707630348391831,0.18778133392333984,0.0021744389086961746,0.1166652962565422,26.332725524902344,0.0023266300559043884,0.14441850781440735,0.004216157365590334,0.016436560079455376,26.315095901489258,0.002336095320060849,0.20984500646591187,0.004577859304845333,0.14875616133213043,25.41862678527832,0.002871688222512603,0.1671455055475235,0.0037639921065419912,0.015812814235687256,27.188922882080078,0.0019103268859907985,0.09824810922145844,0.002918969839811325,0.0,24.726226806640625,0.0033680421765893698,0.1514124870300293,31.309425354003906,0.0007397031877189875,0.14191657304763794,35.87286376953125,0.000258650747127831,30.89529800415039,0.0008137113181874156,0.17163029313087463,29.1921329498291,0.0012044443283230066,0.09271936118602753,28.612958908081055,0.0013762721791863441,0.11972381174564362,27.598466873168945,0.0017384147504344583,0.15424844622612,31.208303451538086,0.0007571289897896349,27.23680305480957,0.0018893820233643055,0.18777084350585938,26.531145095825195,0.0022227244917303324,0.11579164117574692,26.063247680664062,0.002475570887327194,0.14629681408405304,28.970508575439453,0.0012675037141889334,0.055138733237981796,32.49421691894531,0.0005630908417515457,28.614212036132812,0.0013758748536929488,0.06815037131309509
337140,6069,3,3307,-1,1,25.043346405029297,0.10992439091205597,21.256256103515625,0.13947942852973938,25.944232940673828,22.397979736328125,0.14513176679611206,19.94819450378418,23.314579010009766,0.08329491317272186,17.98105812072754,17.80002212524414,21.042268753051758,0.13646017014980316,100.0,0.23469172418117523,0.5943090915679932,3307,3339,0.3151998221874237,0,0,0.003130871569737792,0.0025443490594625473,24.919950485229492,0.003221106017008424,0.12874555587768555,0.0074881454929709435,0.1556115299463272,20.894149780273438,0.008139261044561863,0.16663502156734467,0.005757077597081661,0.01591820828616619,23.773895263671875,0.004193826578557491,0.15989306569099426,0.010119999758899212,0.18216510117053986,20.36741065979004,0.009188808500766754,0.19104498624801636,0.004661676939576864,0.016595784574747086,25.488800048828125,0.0028256603982299566,0.08379052579402924,0.007866346277296543,0.0,20.42078971862793,0.009076553396880627,0.15000557899475098,27.55876922607422,0.001754377968609333,0.10111169517040253,34.810115814208984,0.00033036054810509086,27.04772186279297,0.001973457634449005,0.1212485060095787,22.213443756103516,0.006006973795592785,0.13651318848133087,21.626506805419922,0.006876216270029545,0.14838683605194092,25.31261444091797,0.0029426501132547855,0.11358039826154709,29.443634033203125,0.0011366762919351459,24.920778274536133,0.003220492275431752,0.1352185159921646,21.357479095458984,0.00731563800945878,0.15031638741493225,20.804698944091797,0.008308645337820053,0.16511420905590057,27.832015991210938,0.0016473975265398622,0.04537300020456314,29.57593536376953,0.0011025709100067616,27.616483688354492,0.0017312171403318644,0.05287899821996689
339074,6070,4,434,-1,2,26.79786491394043,0.2783583998680115,26.822723388671875,0.24669776856899261,23.7198486328125,23.907602310180664,0.3276961147785187,23.699705123901367,25.382095336914062,0.09310824424028397,17.676944732666016,17.67350196838379,26.562034606933594,0.18251460790634155,100.0,0.2803904116153717,0.8798366785049438,434,466,0.40008676052093506,0,0,0.002090324182063341,0.004246343858540058,27.548259735107422,0.0017586286412552,0.33256852626800537,0.002078392542898655,0.17747646570205688,26.884172439575195,0.002049193251878023,0.21287451684474945,0.004066678695380688,0.01707283779978752,26.849262237548828,0.002065730979666114,0.38045305013656616,0.0042660851031541824,0.2197931855916977,26.356037139892578,0.0023141754791140556,0.2504086196422577,0.002895947080105543,0.017086368054151535,31.47028923034668,0.0007128058350645006,0.09500691294670105,0.0022069707047194242,0.0,25.940553665161133,0.0025465048383921385,0.22235874831676483,28.596914291381836,0.001381365698762238,0.23931396007537842,32.38055419921875,0.0005780221545137465,28.22475814819336,0.0015049570938572288,0.2942734658718109,27.847248077392578,0.0016416300786659122,0.16171422600746155,27.270095825195312,0.0018749537412077188,0.1966865062713623,27.398029327392578,0.0018205277156084776,0.2598254084587097,28.644329071044922,0.0013663667486980557,27.234466552734375,0.0018903986783698201,0.3185884952545166,26.682300567626953,0.002146693877875805,0.18046502768993378,26.362777709960938,0.0023105882573872805,0.2222006618976593,32.02236557006836,0.0006277167703956366,0.0559813566505909,29.645870208740234,0.0010849584359675646,32.538551330566406,0.0005573719390667975,0.06886985898017883
342020,6070,4,3476,-1,0,27.503507614135742,0.10837812721729279,23.762252807617188,0.13972771167755127,27.40367889404297,23.946378707885742,0.1330370157957077,21.95760726928711,25.051851272583008,0.07712073624134064,17.84245491027832,18.017976760864258,23.548187255859375,0.2393224835395813,100.0,0.3095948100090027,0.451324462890625,3476,3508,0.3835974931716919,0,0,0.0017768447287380695,0.0018181605264544487,27.51906967163086,0.001770488452166319,0.13124695420265198,0.004205085337162018,0.24504776298999786,23.364107131958008,0.004608815535902977,0.2934655547142029,0.0040305303409695625,0.016434429213404655,26.732059478759766,0.0021222385112196207,0.150437593460083,0.006371465511620045,0.26156631112098694,23.05523681640625,0.004948532674461603,0.3019357919692993,0.003124748356640339,0.01578347012400627,29.291303634643555,0.0011772526195272803,0.08088425546884537,0.004417546559125185,0.0,22.92671012878418,0.00509716896340251,0.2904580235481262,29.497474670410156,0.0011226708302274346,0.08994180709123611,36.35260772705078,0.00023160049750003964,28.997127532958984,0.0012597584864124656,0.1121310442686081,24.468605041503906,0.003573874942958355,0.2294701486825943,23.873119354248047,0.004099096637219191,0.27955690026283264,27.666805267333984,0.0017112739151343703,0.1043061837553978,29.40061378479004,0.001147991861216724,27.452266693115234,0.001797932549379766,0.12910553812980652,23.783275604248047,0.004184778314083815,0.2385290265083313,23.28446388244629,0.004694113973528147,0.29215601086616516,30.679588317871094,0.0008551478385925293,0.04052043333649635,30.3725528717041,0.0009177927277050912,30.72881317138672,0.0008455101633444428,0.05193226411938667
342815,6070,4,4303,-1,2,27.53899383544922,0.127830371260643,24.960613250732422,0.17631390690803528,24.339038848876953,24.112356185913086,0.1623297482728958,22.680805206298828,25.168907165527344,0.06026909127831459,17.593156814575195,17.695758819580078,25.01110076904297,0.23459896445274353,100.0,0.3538707494735718,0.4982438087463379,4303,4335,0.40354907512664795,0,0,0.0017623850144445896,0.003682103706523776,28.3355712890625,0.0014670436503365636,0.15450522303581238,0.003191088093444705,0.2399400770664215,25.007282257080078,0.003156980499625206,0.2851797342300415,0.003879399038851261,0.01740541122853756,27.450958251953125,0.0017984742298722267,0.18216806650161743,0.005394106265157461,0.2621571719646454,24.617637634277344,0.0034533143043518066,0.3017611503601074,0.00304165156558156,0.016999030485749245,30.484867095947266,0.0008943623979575932,0.05936240404844284,0.003154205856844783,0.0,24.38962173461914,0.0036394682247191668,0.289462685585022,30.328948974609375,0.0009270544978789985,0.11348117887973785,35.038204193115234,0.0003134581493213773,29.907814025878906,0.0010214538779109716,0.13901354372501373,26.11300277709961,0.002447370905429125,0.22392529249191284,25.54384994506836,0.002790069906041026,0.2741144299507141,28.55457305908203,0.0013948993291705847,0.12478401511907578,30.10371208190918,0.0009764024871401489,28.358604431152344,0.0014592832885682583,0.15259064733982086,25.355998992919922,0.00291339959949255,0.2315051555633545,24.907676696777344,0.0032302215695381165,0.2823270559310913,32.226985931396484,0.0005988272023387253,0.030196446925401688,31.267566680908203,0.0007468670955859125,32.3953857421875,0.0005760518833994865,0.03719446063041687
343058,6070,4,4546,-1,1,25.18560028076172,0.15747380256652832,22.21814727783203,0.2059878557920456,24.65357208251953,22.599332809448242,0.19430506229400635,20.699922561645508,24.342405319213867,0.09030548483133316,17.650236129760742,17.503520965576172,21.802396774291992,0.16494940221309662,100.0,0.3016684949398041,0.6828285455703735,4546,4578,0.40750184655189514,0,0,0.0030299837235361338,0.0034248586744070053,25.273555755615234,0.002969233551993966,0.1869020164012909,0.00600047130137682,0.18370071053504944,21.906272888183594,0.006447224877774715,0.21391057968139648,0.0054962546564638615,0.017178155481815338,24.31911277770996,0.0036990393418818712,0.2178734540939331,0.00851153302937746,0.2013532668352127,21.45203399658203,0.007158080581575632,0.22441059350967407,0.003679252229630947,0.017768383026123047,28.205360412597656,0.0015116939321160316,0.09050511568784714,0.00660328846424818,0.0,21.180917739868164,0.00761917931959033,0.1921563446521759,26.543806076049805,0.0022162534296512604,0.14057162404060364,33.73074722290039,0.0004235702217556536,26.03443145751953,0.002492050640285015,0.1730664223432541,22.641572952270508,0.005443057045340538,0.16259518265724182,22.043399810791016,0.006246835459023714,0.19447603821754456,25.333967208862305,0.0029282167088240385,0.15709267556667328,29.6690731048584,0.0010791771346703172,24.931318283081055,0.0032126842997968197,0.18971362709999084,22.077072143554688,0.006198589690029621,0.17267608642578125,21.532642364501953,0.007026446983218193,0.20371675491333008,30.283029556274414,0.0009369084145873785,0.04609999060630798,31.003345489501953,0.0007937162299640477,30.18209457397461,0.0009589380351826549,0.05259094759821892
344202,6071,5,663,-1,1,23.8370361328125,0.11245158314704895,23.14056396484375,0.19636431336402893,25.76821517944336,21.286579132080078,0.15625879168510437,20.81315803527832,22.606605529785156,0.09501995891332626,17.91763687133789,17.977596282958984,21.928682327270508,0.07579844444990158,100.0,0.20696234703063965,0.9487924575805664,663,695,0.39815250039100647,0,0,0.004133294336497784,0.002649589441716671,23.603588104248047,0.004361556377261877,0.12533973157405853,0.004852255806326866,0.09174446016550064,22.722942352294922,0.005342022515833378,0.10196971148252487,0.007436046842485666,0.016152380034327507,22.150211334228516,0.006095072720199823,0.16644470393657684,0.00829247571527958,0.13187021017074585,21.47832489013672,0.007114882580935955,0.13474059104919434,0.005487055517733097,0.0159309022128582,24.111337661743164,0.0038803101051598787,0.09479398280382156,0.006414042320102453,0.0,21.30720329284668,0.007400818169116974,0.08569859713315964,26.000574111938477,0.002511555328965187,0.09008608758449554,36.515865325927734,0.00022305583115667105,25.430828094482422,0.002863632282242179,0.1033981665968895,24.353805541992188,0.0036696072202175856,0.07126801460981369,23.746978759765625,0.0042199003510177135,0.08175265789031982,23.592906951904297,0.004372294992208481,0.10682445019483566,31.274259567260742,0.0007457172032445669,23.071327209472656,0.00493023032322526,0.12232149392366409,22.575077056884766,0.005527033470571041,0.08855943381786346,22.024002075195312,0.006274799350649118,0.10058972239494324,26.18167495727539,0.0024089771322906017,0.04428231716156006,31.81667709350586,0.0006581612396985292,25.721355438232422,0.002678333315998316,0.05027938634157181
353378,6073,3,229,-1,1,22.178199768066406,0.24150609970092773,19.172122955322266,0.18463604152202606,26.50235366821289,20.098377227783203,0.2917974591255188,17.94186019897461,22.932775497436523,0.10947492718696594,17.973604202270508,18.09779930114746,18.251768112182617,0.22756820917129517,38.754634857177734,0.3177811801433563,0.5810163021087646,229,261,0.3519093096256256,0,0,0.006055918987840414,0.0022375090047717094,21.776119232177734,0.006643366999924183,0.27513667941093445,0.01210006419569254,0.2415270209312439,18.66817283630371,0.013588854111731052,0.26861342787742615,0.009776030667126179,0.0159455593675375,20.54193115234375,0.008826873265206814,0.3183644413948059,0.016062531620264053,0.2818165719509125,17.927379608154297,0.016116179525852203,0.30337032675743103,0.005090056452900171,0.015496009960770607,24.572818756103516,0.003489140421152115,0.1061558648943901,0.01495626475661993,0.0001332099927822128,17.63545036315918,0.017236733809113503,0.25851014256477356,22.761079788208008,0.005295315757393837,0.22857841849327087,35.920448303222656,0.0002558321866672486,22.167667388916016,0.006070620846003294,0.26186496019363403,19.168798446655273,0.012109332717955112,0.22211205959320068,18.558002471923828,0.013937977142632008,0.2517753541469574,21.600677490234375,0.006917230784893036,0.24409720301628113,31.20904541015625,0.000756999768782407,21.04303550720215,0.007864958606660366,0.27942201495170593,18.537841796875,0.014002831652760506,0.23703870177268982,17.943559646606445,0.016056248918175697,0.26839128136634827,27.0179443359375,0.001987035386264324,0.05128190666437149,32.181915283203125,0.0006050740485079587,26.576473236083984,0.002199644921347499,0.059017837047576904
353631,6073,3,482,-1,2,25.95749282836914,0.0872720405459404,28.51688575744629,0.12750032544136047,26.837238311767578,22.522235870361328,0.11327574402093887,23.36965560913086,23.82696533203125,0.07305701822042465,17.923540115356445,18.128267288208008,27.381467819213867,0.039382949471473694,33.684268951416016,0.1030883938074112,1.23680579662323,482,514,0.3619416654109955,0,0,0.0025365918409079313,0.002071458613499999,25.836673736572266,0.0026081507094204426,0.09952285885810852,0.0014070565812289715,0.0465969555079937,28.499765396118164,0.0014126141322776675,0.05333230644464493,0.005594697780907154,0.01613043248653412,24.007923126220703,0.003973815590143204,0.11448060721158981,0.004602931439876556,0.08678649365901947,25.408538818359375,0.002878366271033883,0.08482716977596283,0.0041428906843066216,0.015387688763439655,26.17456817626953,0.0024129219818860292,0.06568855047225952,0.0018274827161803842,0.00042812764877453446,26.897809982299805,0.002042768057435751,0.04683023691177368,27.719303131103516,0.0016907125245779753,0.0684811919927597,32.42711639404297,0.0005718582542613149,27.298236846923828,0.0018628438701853156,0.08051620423793793,31.485084533691406,0.0007103814277797937,0.029662098735570908,31.259069442749023,0.0007483299123123288,0.0344497375190258,25.556926727294922,0.0027816814836114645,0.08178264647722244,28.049053192138672,0.0015670923748984933,25.27457046508789,0.002968541346490383,0.095549076795578,27.416034698486328,0.0018129961099475622,0.04876631870865822,27.30318260192871,0.0018607234815135598,0.056536875665187836,28.685733795166016,0.0013534011086449027,0.03417588770389557,29.701187133789062,0.0010712266666814685,28.54861831665039,0.0013968126149848104,0.039749301970005035
356285,6073,3,3360,-1,0,26.748523712158203,0.15538381040096283,23.501588821411133,0.17204001545906067,26.872404098510742,23.540136337280273,0.19233329594135284,21.645946502685547,24.294626235961914,0.08789284527301788,17.937843322753906,17.894203186035156,22.95926856994629,0.17483237385749817,100.0,0.2624540627002716,0.6555052399635315,3360,3392,0.3554290235042572,0,0,0.0021142070181667805,0.0020547527819871902,26.72977638244629,0.002123353537172079,0.19043059647083282,0.004465200938284397,0.17637792229652405,23.08795928955078,0.004911387339234352,0.2093380242586136,0.004425744991749525,0.016077397391200066,25.795190811157227,0.0026331834960728884,0.21859437227249146,0.006845502182841301,0.20336902141571045,22.682403564453125,0.005392120685428381,0.23172146081924438,0.003719954052940011,0.016239764168858528,27.462188720703125,0.0017938294913619757,0.08967029303312302,0.005059099290519953,0.0,22.33778953552246,0.005837422329932451,0.21425116062164307,29.440271377563477,0.001137556042522192,0.13866928219795227,35.704227447509766,0.00026889180298894644,28.95787239074707,0.0012711966410279274,0.17230217158794403,24.749977111816406,0.0033496732357889414,0.1544787734746933,24.15489387512207,0.0038415873423218727,0.18991461396217346,26.648895263671875,0.002163269557058811,0.16591361165046692,28.58133316040039,0.0013863305794075131,26.415325164794922,0.002282798755913973,0.2034766972064972,23.52806282043457,0.004438066389411688,0.1714133620262146,23.08292007446289,0.00491709029302001,0.20991410315036774,28.652677536010742,0.0013637423980981112,0.050341226160526276,28.84994125366211,0.0013031847774982452,28.62310791015625,0.001373058883473277,0.06269171833992004
357437,6073,3,4576,-1,0,24.14638328552246,0.15767031908035278,18.0817928314209,0.17830008268356323,26.57261848449707,21.641685485839844,0.17836545407772064,17.29874038696289,23.500003814697266,0.0906841903924942,17.86762237548828,17.909318923950195,17.566530227661133,0.3297460079193115,100.0,0.3524770736694336,0.50584876537323,4576,4608,0.3432444930076599,0,0,0.0038491245359182358,0.002201599534600973,23.869421005249023,0.004102589562535286,0.1771732121706009,0.015553235076367855,0.33609843254089355,17.539005279541016,0.01762380078434944,0.374011754989624,0.006852222140878439,0.016339467838406563,22.681982040405273,0.005392646417021751,0.18860965967178345,0.018626268953084946,0.34877222776412964,17.21843147277832,0.01897391304373741,0.38068675994873047,0.004466834012418985,0.016183340921998024,25.744178771972656,0.0026642947923392057,0.08845394849777222,0.017512455582618713,0.0,16.945051193237305,0.02020667865872383,0.37196990847587585,25.276670455932617,0.002967104548588395,0.13346920907497406,35.10822677612305,0.0003084448107983917,24.715808868408203,0.0033761290833353996,0.15202677249908447,18.37337303161621,0.014543287456035614,0.3134249746799469,17.760597229003906,0.01674713008105755,0.35325658321380615,23.511905670166016,0.004454606678336859,0.15141798555850983,30.76679039001465,0.0008381487568840384,23.000770568847656,0.005010984838008881,0.17250052094459534,17.906679153442383,0.016193179413676262,0.32284224033355713,17.313007354736328,0.018565181642770767,0.3643587529659271,27.584362030029297,0.001744069973938167,0.05045435577630997,30.884994506835938,0.0008156440453603864,27.24250030517578,0.0018869047053158283,0.05776507034897804
360116,6074,4,2455,-1,2,19.616605758666992,0.2488875836133957,18.628103256225586,0.33774229884147644,23.677465438842773,18.304536819458008,0.28772658109664917,17.56268310546875,23.443233489990234,0.09132635593414307,17.499399185180664,17.79648208618164,17.826297760009766,0.2724870443344116,100.0,0.4520229399204254,0.7471795678138733,2455,2487,0.5058450102806091,0,0,0.010922939516603947,0.004287987016141415,19.22861099243164,0.011943702585995197,0.2796078026294708,0.013714809902012348,0.2813946306705475,18.133941650390625,0.015367596410214901,0.32742345333099365,0.014775640331208706,0.01778525859117508,18.442808151245117,0.014312622137367725,0.32550233602523804,0.017527975142002106,0.3016512095928192,17.5452880859375,0.01759832352399826,0.3437134325504303,0.0045256041921675205,0.0166093111038208,25.740467071533203,0.0026665725745260715,0.09369320422410965,0.016495682299137115,0.0,17.204818725585938,0.019033480435609818,0.31962335109710693,19.613353729248047,0.010931119322776794,0.22761763632297516,31.984294891357422,0.0006332432967610657,19.025550842285156,0.012515407986938953,0.26536303758621216,18.66779136657715,0.013590049929916859,0.26347535848617554,18.059520721435547,0.01563320867717266,0.3106541037559509,18.94169044494629,0.012759420089423656,0.24974794685840607,28.87173843383789,0.0012966603972017765,18.37946128845215,0.014522921293973923,0.2920420467853546,18.125751495361328,0.015396608039736748,0.28163471817970276,17.538040161132812,0.017627712339162827,0.3295536935329437,27.280168533325195,0.0018706094706431031,0.05431036651134491,30.029268264770508,0.0009932834655046463,26.97759437561035,0.0020055826753377914,0.06310344487428665
361729,6074,4,4068,-1,3,18.00426483154297,0.2626839280128479,11.858954429626465,0.28017017245292664,22.444822311401367,16.985435485839844,0.30574336647987366,11.515878677368164,21.958221435546875,0.09115079790353775,17.10857582092285,17.192724227905273,11.487884521484375,0.3693024218082428,100.0,0.5159482359886169,0.5430199503898621,4068,4100,0.4783167243003845,0,0,0.015833377838134766,0.005695314612239599,17.596237182617188,0.01739308051764965,0.2934812903404236,0.0651785284280777,0.3695136308670044,11.268925666809082,0.07466334849596024,0.407656192779541,0.0200196485966444,0.019459979608654976,16.966796875,0.0201057530939579,0.33370041847229004,0.07053621113300323,0.39811941981315613,11.051660537719727,0.07849354296922684,0.42919424176216125,0.006370563060045242,0.019086558371782303,23.55142593383789,0.0044142561964690685,0.08769768476486206,0.0709923505783081,0.0,10.86640453338623,0.0819142609834671,0.4104244112968445,18.328197479248047,0.014695363119244576,0.2275453358888626,29.709280014038086,0.001069232588633895,17.74905776977539,0.01679169200360775,0.2610519230365753,11.964788436889648,0.06360937654972076,0.35360124707221985,11.348185539245605,0.07331309467554092,0.3956212103366852,17.55602264404297,0.01755486987531185,0.25902310013771057,25.15922737121582,0.0030484378803521395,17.03628158569336,0.01978662796318531,0.29340484738349915,11.706581115722656,0.06750591844320297,0.3743690252304077,11.103177070617676,0.0775679498910904,0.41577693819999695,24.44208526611328,0.0035957666113972664,0.06186327338218689,26.4442081451416,0.002267666393890977,24.20206069946289,0.0038000897038728,0.06834567338228226
362075,6074,4,4414,-1,1,21.982559204101562,0.3853842318058014,18.94089126586914,0.255704402923584,23.706491470336914,20.14324378967285,0.4179226756095886,17.81098175048828,22.94774055480957,0.11279389262199402,17.321178436279297,17.485519409179688,18.101919174194336,0.2593434154987335,100.0,0.40186038613319397,0.636301577091217,4414,4446,0.45205870270729065,0,0,0.006334961857646704,0.0042594256810843945,21.768991470336914,0.006654275581240654,0.43234479427337646,0.012761767022311687,0.26616552472114563,18.43406867980957,0.014341449365019798,0.3006784915924072,0.009675552137196064,0.018530286848545074,20.802276611328125,0.008313284255564213,0.4615892469882965,0.016553957015275955,0.29465100169181824,17.873273849487305,0.016318218782544136,0.32176926732063293,0.005072543863207102,0.017842190340161324,25.075214385986328,0.003107983386144042,0.11356794834136963,0.015481321141123772,0.0,17.480440139770508,0.017863063141703606,0.2987373173236847,22.776233673095703,0.005276874173432589,0.36701127886772156,31.703872680664062,0.0006754806963726878,22.22951889038086,0.005984780378639698,0.42315471172332764,19.2493953704834,0.01188667956739664,0.24869324266910553,18.645322799682617,0.013660536147654057,0.28602299094200134,21.403759002685547,0.007238090969622135,0.3829616606235504,26.90378189086914,0.0020399608183652163,20.948627471923828,0.008037803694605827,0.4376027584075928,18.500213623046875,0.014124682173132896,0.2645221948623657,17.944000244140625,0.01605462282896042,0.30314841866493225,25.883136749267578,0.0025803963653743267,0.07973688095808029,27.85099220275879,0.0016402147011831403,25.646270751953125,0.002725039841607213,0.09188847243785858
362156,6074,4,4495,-1,2,22.106142044067383,0.33954715728759766,18.17108917236328,0.22646646201610565,24.54667091369629,20.160863876342773,0.35615795850753784,17.23137855529785,23.11052131652832,0.10328220576047897,17.355093002319336,17.628572463989258,17.422353744506836,0.2904258072376251,100.0,0.4287478029727936,0.5282043814659119,4495,4527,0.4839966595172882,0,0,0.006157239433377981,0.0035102092660963535,21.828001022338867,0.006564474198967218,0.3946818709373474,0.015236707404255867,0.2871590256690979,17.676130294799805,0.017076032236218452,0.31922242045402527,0.00963637512177229,0.018386149778962135,20.814321517944336,0.008290255442261696,0.40326207876205444,0.01891743205487728,0.3130028545856476,17.16975975036621,0.019187746569514275,0.34077394008636475,0.004885937087237835,0.017264049500226974,25.255489349365234,0.0029816115275025368,0.10279668122529984,0.0181035827845335,0.0,16.80087661743164,0.02088874951004982,0.3339177668094635,22.974681854248047,0.005041176453232765,0.3086722493171692,31.733192443847656,0.0006709354929625988,22.43096351623535,0.0057135215029120445,0.36638709902763367,18.482158660888672,0.014183520339429379,0.2710130214691162,17.875606536865234,0.016309455037117004,0.3102176785469055,21.48357582092285,0.007106280419975519,0.3195700943470001,26.96446990966797,0.0020116535015404224,21.029190063476562,0.007890068925917149,0.37438806891441345,17.82533836364746,0.01649932935833931,0.2913385033607483,17.269140243530273,0.018753657117486,0.33245304226875305,26.06205177307129,0.0024762519169598818,0.06994360685348511,27.569580078125,0.001750016468577087,25.870389938354492,0.002587980590760708,0.08025627583265305
362932,6075,5,134,-1,2,25.367414474487305,0.09134949743747711,22.597423553466797,0.17589803040027618,27.599496841430664,21.83704376220703,0.1315278708934784,20.3309326171875,22.890871047973633,0.09329646080732346,17.889549255371094,17.939788818359375,21.12971305847168,0.09946334362030029,100.0,0.29086145758628845,0.6047484874725342,134,166,0.43266841769218445,0,0,0.002905752044171095,0.001738002523779869,25.10687828063965,0.0030854057986289263,0.10170266032218933,0.005498671438544989,0.12125669419765472,22.133609771728516,0.00611841632053256,0.13827566802501678,0.006550821475684643,0.01625717617571354,22.960609436035156,0.005057536065578461,0.13273915648460388,0.009266311302781105,0.15650898218154907,20.868986129760742,0.008186561055481434,0.16165751218795776,0.005139404907822609,0.016070198267698288,24.612071990966797,0.0034577450715005398,0.0876619815826416,0.007709541358053684,0.0,20.50823402404785,0.008895624428987503,0.1140034943819046,27.801496505737305,0.0016590148443356156,0.07457329332828522,36.75252151489258,0.0002112262009177357,27.254379272460938,0.0018817516975104809,0.08467289060354233,23.57318878173828,0.004392190836369991,0.10491650551557541,22.96169090270996,0.005056276917457581,0.12168572843074799,24.59307098388672,0.003472904209047556,0.0928591638803482,30.256711959838867,0.0009426027536392212,24.131675720214844,0.0038621812127530575,0.10573481023311615,22.006681442260742,0.006299876142293215,0.11358749866485596,21.458532333374023,0.007147377822548151,0.1304844319820404,26.765634536743164,0.0021058947313576937,0.04491710662841797,30.90289878845215,0.0008122886647470295,26.37346076965332,0.002304911147803068,0.05117284879088402
363303,6075,5,505,-1,1,24.17088508605957,0.1696130931377411,19.02822494506836,0.1884973645210266,24.746028900146484,21.606685638427734,0.21436689794063568,17.925275802612305,23.272769927978516,0.12561805546283722,17.755294799804688,17.788442611694336,18.261024475097656,0.23239094018936157,100.0,0.3869030773639679,0.48719531297683716,505,537,0.3778427839279175,0,0,0.003827469190582633,0.003352717962116003,24.088787078857422,0.003900508163496852,0.19034206867218018,0.012507704086601734,0.2550802528858185,18.5081787109375,0.014098803512752056,0.2905265986919403,0.00690766517072916,0.0167675893753767,22.68350601196289,0.00539075443521142,0.23696212470531464,0.01612398587167263,0.28373003005981445,17.948366165161133,0.01603848673403263,0.31703877449035645,0.004706771578639746,0.01664009876549244,25.419857025146484,0.0028708751779049635,0.13107749819755554,0.014924422837793827,0.0,17.639545440673828,0.01722048781812191,0.26983973383903503,25.602781295776367,0.0027524647302925587,0.14380879700183868,33.942867279052734,0.0004033791192341596,25.067007064819336,0.0031138623598963022,0.1691632866859436,19.159290313720703,0.01213587075471878,0.22854772210121155,18.547361373901367,0.013972174376249313,0.2662521302700043,23.929607391357422,0.004046126734465361,0.1547289937734604,29.71194076538086,0.001068577403202653,23.46381187438965,0.004504211712628603,0.18383698165416718,18.649927139282227,0.013646064326167107,0.23970745503902435,18.062236785888672,0.015623426996171474,0.2800962030887604,27.276029586791992,0.00187239411752671,0.06494789570569992,31.169979095458984,0.0007638398674316704,26.897441864013672,0.002042940817773342,0.07688634842634201
363621,6075,5,855,-1,1,25.821550369262695,0.1576366126537323,21.583541870117188,0.18472160398960114,26.574939727783203,22.85521697998047,0.20442305505275726,20.13039779663086,24.22429847717285,0.09206108748912811,17.839134216308594,17.819522857666016,20.95900535583496,0.2010686695575714,100.0,0.30801454186439514,0.5997171401977539,855,887,0.36493048071861267,0,0,0.002617249498143792,0.002200421877205372,25.716421127319336,0.002681377111002803,0.18371422588825226,0.00694457720965147,0.1994510293006897,21.036767959594727,0.007876317016780376,0.236693874001503,0.005181772634387016,0.01644699089229107,24.623493194580078,0.003448662580922246,0.22726356983184814,0.009704209864139557,0.2296447902917862,20.636917114257812,0.00863591767847538,0.2569754719734192,0.003780681872740388,0.016521437093615532,27.39793586730957,0.0018205661326646805,0.09094461053609848,0.008018618449568748,0.0,20.3375244140625,0.009252252988517284,0.2416919320821762,27.558813095092773,0.0017543603898957372,0.14536991715431213,35.32613754272461,0.0002933502255473286,27.035253524780273,0.0019791312515735626,0.17511138319969177,22.04878044128418,0.006239098962396383,0.18650835752487183,21.43309783935547,0.0071893613785505295,0.22505179047584534,25.69208335876465,0.002696446841582656,0.16222700476646423,31.11087417602539,0.0007743062451481819,25.24015235900879,0.00299216085113585,0.1961815357208252,21.361385345458984,0.007309058215469122,0.19963616132736206,20.78506851196289,0.008346285670995712,0.23994824290275574,29.112403869628906,0.0012267600977793336,0.04896615445613861,32.465213775634766,0.0005668639205396175,28.76709747314453,0.0013282825239002705,0.05908973142504692
371894,6076,2,4522,-1,3,31.17281723022461,0.21109381318092346,33.692344665527344,0.2074560672044754,24.010162353515625,25.47268295288086,0.2329769730567932,25.528182983398438,25.78641128540039,0.048153989017009735,17.03443717956543,17.227413177490234,36.33045196533203,0.08948825299739838,100.0,0.26965922117233276,0.7693268060684204,4522,4554,0.3714052736759186,0,0,0.0007633405621163547,0.003971768077462912,35.690608978271484,0.0002697363088373095,0.2630102336406708,0.00042733250302262604,0.10216905921697617,35.937992095947266,0.00025480083422735333,0.12558728456497192,0.002836165949702263,0.019795037806034088,36.437652587890625,0.00022710916528012604,0.2724817991256714,0.0028001524042338133,0.12736184895038605,34.98834228515625,0.0003170778800267726,0.13796387612819672,0.002638510661199689,0.018934715539216995,38.813968658447266,0.0001314023684244603,0.03966381400823593,0.0002327850233996287,0.0,35.7089729309082,0.0002685980871319771,0.11741377413272858,35.177276611328125,0.00030357955256477,0.197921022772789,31.213592529296875,0.0007562071550637484,36.30887222290039,0.0002339444909011945,0.25469210743904114,36.637332916259766,0.0002169037761632353,0.09122076630592346,36.318092346191406,0.00023344824148807675,0.11885721981525421,33.32255554199219,0.0004653125361073762,0.20410001277923584,27.339717864990234,0.0018451348878443241,35.96824264526367,0.0002530322235543281,0.26164913177490234,34.22627258300781,0.0003778964455705136,0.09735341370105743,35.94570541381836,0.0002543488808441907,0.12549111247062683,36.7573356628418,0.00021099224977660924,0.019411372020840645,29.086732864379883,0.0012340331450104713,42.70824432373047,5.3601346735376865e-05,0.02582336775958538
372104,6076,2,4732,-1,1,23.85679054260254,0.21240438520908356,23.0921573638916,0.23722301423549652,23.490032196044922,21.648027420043945,0.2553981840610504,21.098310470581055,24.324214935302734,0.08862157166004181,17.123058319091797,17.768844604492188,22.5675106048584,0.2282569855451584,100.0,0.3207121789455414,0.7396757006645203,4732,4764,0.30030572414398193,0,0,0.004114537034183741,0.004477100912481546,23.91607093811035,0.004058757796883583,0.24600356817245483,0.004906639456748962,0.22935310006141663,22.67978286743164,0.005395378451794386,0.2754855751991272,0.0068422225303947926,0.01939520053565502,23.088306427001953,0.004910994786769152,0.2806961238384247,0.007765492424368858,0.25888532400131226,22.041202545166016,0.0062500000931322575,0.29483509063720703,0.00369469472207129,0.01671535335481167,27.71723747253418,0.0016915167216211557,0.08198484778404236,0.005536674987524748,0.0,21.94603157043457,0.006388471461832523,0.2748359441757202,24.53799057006836,0.003517232136800885,0.20035061240196228,28.792835235595703,0.001320433453656733,24.139530181884766,0.0038552009500563145,0.23807936906814575,23.47587776184082,0.0044917152263224125,0.21785181760787964,22.87908363342285,0.005153374746441841,0.2661203444004059,23.537471771240234,0.004428462591022253,0.22525537014007568,26.309940338134766,0.0023388690315186977,23.23311996459961,0.004749938379973173,0.2621685862541199,22.617761611938477,0.005472981370985508,0.2326662689447403,22.166019439697266,0.006072928663343191,0.28008392453193665,28.606548309326172,0.001378304441459477,0.051277853548526764,27.919389724731445,0.001614585635252297,28.722625732421875,0.001341953407973051,0.05764399468898773
373223,6077,3,827,-1,0,27.099849700927734,0.06459265947341919,25.37998390197754,0.07906010746955872,31.08382797241211,22.825305938720703,0.10265792161226273,22.267559051513672,23.33817481994629,0.07143709808588028,18.09836769104004,18.165403366088867,24.645999908447266,0.057255830615758896,32.54507827758789,0.11717486381530762,0.674718976020813,827,859,0.2931665778160095,0,0,0.0019499121699482203,0.0007791435928083956,26.716140747070312,0.0021300301887094975,0.0776226595044136,0.002897354308515787,0.06886115670204163,25.13180160522461,0.0030677481554448605,0.07961481809616089,0.00521758571267128,0.015493989922106266,24.393043518066406,0.0036366009153425694,0.10631909966468811,0.0059325904585421085,0.098393514752388,23.535642623901367,0.004430326167494059,0.09913530200719833,0.0046364180743694305,0.015256664715707302,25.225122451782227,0.003002534620463848,0.06879131495952606,0.0034308354370296,0.00055653479648754,24.119483947753906,0.0038730353116989136,0.06814344227313995,29.767305374145508,0.0010550415609031916,0.048103395849466324,41.752159118652344,6.680120714008808e-05,29.18264389038086,0.0012070785742253065,0.06011517718434334,27.1590633392334,0.0019235066138207912,0.050386540591716766,26.6862850189209,0.0021447250619530678,0.05938385799527168,26.390640258789062,0.0022958097979426384,0.06727966666221619,32.580299377441406,0.0005520394770428538,25.910680770874023,0.0025640821550041437,0.08310829102993011,25.042917251586914,0.003131181001663208,0.061785124242305756,24.60932731628418,0.003459931118413806,0.07313808053731918,28.010282516479492,0.0015811449848115444,0.03803124278783798,32.89852523803711,0.0005130357458256185,27.58087921142578,0.0017454695189371705,0.04578068107366562
374295,6077,3,1995,-1,1,23.37925910949707,0.1316259205341339,20.41442108154297,0.17212212085723877,25.942886352539062,21.13004493713379,0.15763437747955322,19.02933120727539,22.883302688598633,0.08531519770622253,18.025400161743164,17.93857765197754,19.44819450378418,0.14069388806819916,35.134666442871094,0.2955418825149536,0.5823950171470642,1995,2027,0.30959999561309814,0,0,0.004592765588313341,0.0025451378896832466,23.091144561767578,0.004907785914838314,0.15493133664131165,0.009089875034987926,0.153262659907341,19.963756561279297,0.010083804838359356,0.17564433813095093,0.0077089532278478146,0.015756510198116302,21.8903751373291,0.006470867432653904,0.17456278204917908,0.012504516169428825,0.1731918305158615,19.248615264892578,0.011888816021382809,0.189070925116539,0.005148372147232294,0.016074681654572487,24.599956512451172,0.0034674019552767277,0.081329844892025,0.01135482918471098,0.00030657282331958413,18.842376708984375,0.01305456180125475,0.16699032485485077,24.876291275024414,0.003253650851547718,0.1069478690624237,36.680381774902344,0.0002147642953786999,24.29320526123047,0.0037211712915450335,0.13235723972320557,20.612642288208008,0.008684319444000721,0.13141293823719025,20.000885009765625,0.009997962974011898,0.15678812563419342,23.20355224609375,0.004782389849424362,0.11489768326282501,30.991527557373047,0.0007958796340972185,22.679523468017578,0.005395699292421341,0.14257045090198517,19.8659725189209,0.010313424281775951,0.14377358555793762,19.28134536743164,0.011799556203186512,0.17118141055107117,27.230228424072266,0.0018922437448054552,0.043690212070941925,32.14277267456055,0.0006105522625148296,26.799728393554688,0.0020894270855933428,0.052773457020521164
374516,6077,3,2248,-1,2,23.947956085205078,0.12176094949245453,22.27799415588379,0.12322602421045303,27.577383041381836,21.678401947021484,0.15632426738739014,20.58318328857422,23.961681365966797,0.08110102266073227,17.988527297973633,18.113834381103516,21.489215850830078,0.12997734546661377,100.0,0.2526944875717163,0.48764824867248535,2248,2280,0.26811376214027405,0,0,0.00402906583622098,0.0017468748847022653,23.5850887298584,0.004380171652883291,0.1401250958442688,0.005918348208069801,0.13598226010799408,21.787696838378906,0.00662568025290966,0.15491469204425812,0.006794538348913193,0.015890853479504585,22.68000030517578,0.005395105574280024,0.16885212063789368,0.008743425831198692,0.16368725895881653,21.117076873779297,0.007732009515166283,0.17683422565460205,0.004016351420432329,0.015438911505043507,26.460771560668945,0.002259034663438797,0.07754840701818466,0.007097063586115837,0.0,20.86773681640625,0.00818891916424036,0.1516493558883667,25.041717529296875,0.003132047364488244,0.10713692009449005,36.2123908996582,0.00023919984232634306,24.46468734741211,0.0035771008115261793,0.12753434479236603,22.96932601928711,0.005047397688031197,0.12242172658443451,22.364219665527344,0.00580200320109725,0.14357607066631317,23.695066452026367,0.004270645789802074,0.12573041021823883,30.282379150390625,0.0009370490442961454,23.20253562927246,0.004783506505191326,0.14725583791732788,22.02768325805664,0.006269483361393213,0.13561585545539856,21.49172592163086,0.007092958316206932,0.1585342288017273,28.525684356689453,0.001404208829626441,0.03955317661166191,30.46624183654785,0.0008982057916000485,28.29135513305664,0.0014820555225014687,0.04588187113404274
376838,6077,3,4730,-1,2,22.852876663208008,0.16763576865196228,20.68361473083496,0.22174787521362305,26.905323028564453,20.96044158935547,0.200519859790802,19.397972106933594,23.74151039123535,0.08877003192901611,18.00572967529297,18.0185604095459,19.873458862304688,0.1838139444589615,100.0,0.3061563968658447,0.7242960929870605,4730,4762,0.37735503911972046,0,0,0.005184565670788288,0.0020392374135553837,22.465347290039062,0.0056684622541069984,0.18994197249412537,0.008543552830815315,0.18104413151741028,20.192964553833008,0.009565412066876888,0.2042302042245865,0.008015966974198818,0.015828043222427368,21.665908813476562,0.00681410962715745,0.21634706854820251,0.011486899107694626,0.2074761986732483,19.625871658325195,0.010899655520915985,0.22625719010829926,0.004225216340273619,0.015781344845891,26.113037109375,0.0024473511148244143,0.08468925207853317,0.010295655578374863,0.0,19.251983642578125,0.011879600584506989,0.21118643879890442,23.9046630859375,0.004069434013217688,0.14714543521404266,36.38820266723633,0.00022971008729655296,23.31599235534668,0.0046601612120866776,0.16871093213558197,21.23356819152832,0.007527369540184736,0.17141517996788025,20.62600326538086,0.008657640777528286,0.19749361276626587,22.67949676513672,0.005395734682679176,0.1688266098499298,31.50127410888672,0.0007077382761053741,22.134639739990234,0.006116964854300022,0.19258806109428406,20.422761917114258,0.009072435088455677,0.1872982680797577,19.840904235839844,0.010373127646744251,0.21456186473369598,27.898195266723633,0.0016224842984229326,0.04758177325129509,31.995216369628906,0.0006316530634649098,27.50821304321289,0.0017749196849763393,0.0541689395904541
377181,6078,4,248,-1,0,27.330951690673828,0.09152668714523315,25.770112991333008,0.13756833970546722,27.18105697631836,23.709007263183594,0.1265801191329956,22.828065872192383,24.88114356994629,0.07463497668504715,17.905406951904297,17.908056259155273,25.212966918945312,0.08634136617183685,100.0,0.1960316151380539,0.7017660737037659,248,280,0.35795605182647705,0,0,0.0018488633213564754,0.001913790125399828,27.35447883605957,0.0018388745374977589,0.10656408220529556,0.002648431109264493,0.08978505432605743,25.585615158081055,0.002763366559520364,0.10554957389831543,0.004256958607584238,0.016197919845581055,26.16204833984375,0.002419887576252222,0.13621363043785095,0.005214270669966936,0.12135642021894455,24.54941749572754,0.003507989225909114,0.12987828254699707,0.003250017063692212,0.01618804968893528,28.997844696044922,0.0012595505686476827,0.07127777487039566,0.0030109488870948553,0.0,24.591487884521484,0.0034741717390716076,0.10431171208620071,28.465099334716797,0.0014239345910027623,0.07105502486228943,38.22480773925781,0.00015049398643895984,27.905256271362305,0.0016198483062908053,0.08528755605220795,26.22165870666504,0.002386900130659342,0.0757654458284378,25.622352600097656,0.0027400897815823555,0.09191388636827469,27.376909255981445,0.0018294017063453794,0.08476845175027847,32.36370849609375,0.0005802683881483972,26.943099975585938,0.0020215760450810194,0.10205408930778503,25.416584014892578,0.00287303957156837,0.09101632982492447,24.898508071899414,0.0032370490953326225,0.10984025150537491,31.70444107055664,0.0006753920461051166,0.035813868045806885,33.019893646240234,0.0004988968139514327,31.53325843811035,0.0007025450468063354,0.0431557334959507
379730,6078,4,2829,-1,2,27.905563354492188,0.11773382872343063,26.18427276611328,0.1664842814207077,25.32170295715332,24.26276397705078,0.14511020481586456,23.332050323486328,25.575227737426758,0.05650687217712402,17.640880584716797,17.633718490600586,26.376312255859375,0.19395528733730316,100.0,0.30236345529556274,0.550609827041626,2829,2861,0.36792388558387756,0,0,0.001619734219275415,0.002936498960480094,28.485828399658203,0.001417155028320849,0.14281171560287476,0.002407536143437028,0.19437524676322937,26.22234535217285,0.002386522013694048,0.2350901961326599,0.003747343085706234,0.017215201631188393,27.7589054107666,0.0016753649106249213,0.162349134683609,0.004642959218472242,0.21226045489311218,25.842702865600586,0.0026045329868793488,0.24123194813728333,0.002769984770566225,0.017243610695004463,32.649818420410156,0.0005432732286863029,0.053627174347639084,0.0023033979814499617,0.0,25.754833221435547,0.0026577666867524385,0.2367849200963974,29.434385299682617,0.0011390986619517207,0.10193795710802078,33.38851547241211,0.0004582986584864557,29.052364349365234,0.0012438372941687703,0.12471909075975418,27.084373474121094,0.0019568721763789654,0.18853983283042908,26.500699996948242,0.0022383600007742643,0.2292649745941162,28.33362579345703,0.0014677008148282766,0.10921456664800644,29.013826370239258,0.0012549239909276366,28.23782730102539,0.0015004357555881143,0.13468456268310547,26.41299819946289,0.0022840225137770176,0.19518496096134186,26.055801391601562,0.002479818183928728,0.2373427152633667,33.44010925292969,0.000452886481070891,0.026264958083629608,30.168670654296875,0.000961906393058598,34.26460647583008,0.0003745756985154003,0.033338770270347595
380070,6078,4,3201,-1,1,28.321468353271484,0.08482668548822403,25.54771614074707,0.15474188327789307,25.70467758178711,24.641071319580078,0.1177777349948883,23.31608009338379,25.71255111694336,0.05893817916512489,17.97026824951172,18.049358367919922,25.690776824951172,0.13876673579216003,100.0,0.3188033401966095,0.4853835105895996,3201,3233,0.4040365219116211,0,0,0.0014718150487169623,0.0026886374689638615,28.912281036376953,0.0012846115278080106,0.10330428183078766,0.002787587232887745,0.148505300283432,25.71484375,0.0026823515072464943,0.17671716213226318,0.0034347327891737223,0.01595781370997429,28.21568489074707,0.0015081048477441072,0.1306997835636139,0.004660064820200205,0.16587457060813904,25.37026596069336,0.002903844229876995,0.1886976659297943,0.0026837678160518408,0.01566982828080654,31.637313842773438,0.0006859125569462776,0.05900220572948456,0.0026972563937306404,0.0,25.069297790527344,0.003112219041213393,0.17109563946723938,30.549358367919922,0.0008811791776679456,0.07520978152751923,36.673133850097656,0.0002151229855371639,30.071598052978516,0.0009836493991315365,0.09492722153663635,26.824874877929688,0.002077363198623061,0.13525331020355225,26.26102066040039,0.0023653649259358644,0.16536691784858704,28.87261199951172,0.001296399743296206,0.0879058763384819,30.16843605041504,0.0009619585471227765,28.703577041625977,0.0013478520559147,0.10922157019376755,26.036907196044922,0.002490630839020014,0.14356717467308044,25.621719360351562,0.0027404900174587965,0.1749991476535797,32.39595413208008,0.0005759763298556209,0.03157210350036621,30.878793716430664,0.0008168090716935694,32.684715270996094,0.0005389251746237278,0.040332868695259094
382418,6079,5,444,-1,0,21.2496280670166,0.1622408777475357,17.689260482788086,0.2833406627178192,24.957468032836914,19.76140594482422,0.19562342762947083,16.923992156982422,22.202350616455078,0.07936526834964752,17.976835250854492,17.942228317260742,17.150094985961914,0.2533476650714874,30.619029998779297,0.49073711037635803,0.5773776769638062,444,476,0.4025117754936218,0,0,0.007499585393816233,0.0031933991704136133,20.881996154785156,0.008162074722349644,0.1773180216550827,0.017024489119648933,0.2751246690750122,17.17808723449707,0.0191509947180748,0.30990082025527954,0.010564757511019707,0.0159336905926466,20.114957809448242,0.009738769382238388,0.2102137953042984,0.02030489593744278,0.29748278856277466,16.805866241455078,0.020864760503172874,0.328906774520874,0.006022333167493343,0.016061175614595413,23.489261627197266,0.004477895796298981,0.0734746903181076,0.01927483081817627,0.0008671556133776903,16.554744720458984,0.022106779739260674,0.2904124855995178,22.860280990600586,0.005175731610506773,0.15071433782577515,31.97940444946289,0.0006339569226838648,22.31031608581543,0.0058744666166603565,0.17116685211658478,18.291549682617188,0.01481989398598671,0.24888700246810913,17.706031799316406,0.016958869993686676,0.28455159068107605,21.344640731811523,0.007337296847254038,0.15616054832935333,29.48148536682129,0.0011268126545473933,20.81300926208496,0.008292756043374538,0.17622266709804535,17.628076553344727,0.01726602576673031,0.2591841518878937,17.055953979492188,0.01969720423221588,0.2976325452327728,26.090255737304688,0.0024602238554507494,0.04289192333817482,31.786224365234375,0.0006627925322391093,25.627647399902344,0.0027367519214749336,0.04784710332751274
382601,6079,5,627,-1,3,26.549158096313477,0.20916536450386047,23.027936935424805,0.20499634742736816,25.964326858520508,22.89075469970703,0.24771392345428467,20.850297927856445,23.672636032104492,0.10343792289495468,17.977344512939453,17.81987762451172,21.59255599975586,0.2234978973865509,100.0,0.401235967874527,0.5109121799468994,627,659,0.41255855560302734,0,0,0.0022135234903544188,0.002532604383304715,26.646556854248047,0.002164434175938368,0.23706765472888947,0.004979734309017658,0.2330363392829895,22.659343719482422,0.0054208263754844666,0.26681017875671387,0.005139546003192663,0.015931833535432816,24.58521270751953,0.003479194827377796,0.27027571201324463,0.008221861906349659,0.26080524921417236,21.596607208251953,0.006923714652657509,0.2845275402069092,0.004292759113013744,0.01652008295059204,26.176889419555664,0.002411632100120187,0.09836100786924362,0.006930179428309202,0.0,20.97107696533203,0.007996359840035439,0.25800609588623047,28.716827392578125,0.0013437463203445077,0.17833761870861053,35.810359954833984,0.00026240028091706336,28.209922790527344,0.0015101074241101742,0.2048005759716034,23.495548248291016,0.004471418913453817,0.20815594494342804,22.8970947265625,0.0051320455968379974,0.24126896262168884,25.813079833984375,0.0026223594322800636,0.18616463243961334,30.8704776763916,0.0008183748577721417,25.376176834106445,0.002899895654991269,0.21452777087688446,22.316465377807617,0.005866154562681913,0.216144859790802,21.760971069335938,0.006666577886790037,0.25099432468414307,27.87036895751953,0.0016329139471054077,0.0496731773018837,31.45551300048828,0.0007152348989620805,27.510231018066406,0.0017740953480824828,0.057920902967453
388416,6080,2,1685,-1,1,26.634855270385742,0.10786627233028412,23.39607048034668,0.10634970664978027,26.823925018310547,22.67635726928711,0.15886537730693817,21.107004165649414,23.291799545288086,0.09789659082889557,18.04195785522461,18.149494171142578,22.34270477294922,0.09807120263576508,100.0,0.2965652644634247,0.3586047291755676,1685,1717,0.38443198800086975,0,0,0.0021702744998037815,0.002077817916870117,26.606483459472656,0.0021844985894858837,0.12342165410518646,0.004575020167976618,0.11371847987174988,23.047138214111328,0.0049577695317566395,0.12851841747760773,0.005399634595960379,0.01569654792547226,24.184492111206055,0.003815494477748871,0.17126211524009705,0.007749966811388731,0.14827069640159607,21.828128814697266,0.006564280018210411,0.1545190066099167,0.004686192609369755,0.015312657691538334,25.15507698059082,0.0030513519886881113,0.09817121177911758,0.0058308192528784275,0.0,21.72122573852539,0.006727868225425482,0.11405885219573975,29.365631103515625,0.001157276681624353,0.0849967747926712,36.60645294189453,0.00021845127048436552,28.854854583740234,0.0013017114251852036,0.10181311517953873,24.396995544433594,0.003633292159065604,0.09191405028104782,23.79936981201172,0.004169298801571131,0.10767778009176254,26.095714569091797,0.0024571330286562443,0.11211957037448883,31.127033233642578,0.0007714304374530911,25.659950256347656,0.0027164716739207506,0.13279227912425995,23.053476333618164,0.004950539208948612,0.10829822719097137,22.510513305664062,0.005609815940260887,0.12567675113677979,27.465456008911133,0.0017924802377820015,0.0540078803896904,31.20720100402832,0.0007573209004476666,27.09579086303711,0.0019517356995493174,0.06256072223186493
388927,6080,2,2260,-1,2,22.544803619384766,0.20440572500228882,20.207931518554688,0.23691752552986145,25.157175064086914,20.932350158691406,0.23935288190841675,19.228546142578125,23.253162384033203,0.10864285379648209,17.989391326904297,18.123825073242188,19.646217346191406,0.24732598662376404,100.0,0.3919053077697754,0.604527473449707,2260,2292,0.4113498628139496,0,0,0.005565697327256203,0.003049877705052495,22.252826690673828,0.005952746141701937,0.23124022781848907,0.009532502852380276,0.26157668232917786,19.818115234375,0.010427700355648994,0.2981785535812378,0.008067985996603966,0.01588769629597664,21.633625030517578,0.0068649533204734325,0.2643430233001709,0.011943879537284374,0.27232882380485535,19.454545974731445,0.01133823674172163,0.3027459979057312,0.004728071391582489,0.015403435565531254,25.10645294189453,0.003085708012804389,0.11029180884361267,0.010848719626665115,0.0,19.024738311767578,0.012517753057181835,0.29072001576423645,23.51529312133789,0.004451135639101267,0.17664770781993866,34.501766204833984,0.00035466908593662083,22.94019889831543,0.005081361625343561,0.208954319357872,20.848073959350586,0.008226071484386921,0.23851630091667175,20.244861602783203,0.009451786056160927,0.27972280979156494,22.42523956298828,0.005721056833863258,0.19494473934173584,30.555524826049805,0.0008799288771115243,21.893747329711914,0.006465846206992865,0.2282325029373169,20.21071434020996,0.009526397101581097,0.2449897974729538,19.632041931152344,0.010884186252951622,0.2864973843097687,26.870487213134766,0.0020556601230055094,0.06708213686943054,32.081607818603516,0.000619211932644248,26.427032470703125,0.0022766520269215107,0.07916683703660965
389221,6080,2,2554,-1,0,26.274911880493164,0.16504114866256714,24.71733856201172,0.16536882519721985,26.527313232421875,22.59420394897461,0.2590427100658417,21.995515823364258,22.770748138427734,0.14116567373275757,17.883344650268555,17.940746307373047,22.367645263671875,0.21085771918296814,100.0,0.2630361020565033,0.6286925077438354,2554,2586,0.3991740942001343,0,0,0.00235780980437994,0.0022246860899031162,26.23735237121582,0.002378290519118309,0.19645914435386658,0.0033749425783753395,0.1946386992931366,24.502849578857422,0.003545808605849743,0.22503051161766052,0.005502748768776655,0.016280418261885643,24.151437759399414,0.00384464580565691,0.2957717776298523,0.0063160923309624195,0.23631149530410767,23.151752471923828,0.004839769098907709,0.2634636163711548,0.005283544305711985,0.0160666536539793,24.40739631652832,0.0036246043164283037,0.1517999917268753,0.005797429010272026,0.0,21.746166229248047,0.006689342204481363,0.252748966217041,31.02484130859375,0.0007897975738160312,0.15352797508239746,36.20280838012695,0.00023972844064701349,30.582780838012695,0.0008744237129576504,0.1812591701745987,27.480928421020508,0.0017861055675894022,0.17721638083457947,26.91288185119629,0.002035690937191248,0.20995104312896729,25.610855102539062,0.0027473531663417816,0.19513162970542908,31.281291961669922,0.0007445105002261698,25.149202346801758,0.003055483102798462,0.23187822103500366,24.23095703125,0.0037748904433101416,0.1989193856716156,23.71377182006836,0.004252289421856403,0.23960214853286743,25.966651916503906,0.002531250473111868,0.08039732277393341,31.90701675415039,0.0006446122424677014,25.495195388793945,0.002821502508595586,0.09904085844755173
390342,6080,2,3707,-1,0,26.630373001098633,0.1547321379184723,22.80719757080078,0.16383524239063263,26.6041259765625,22.861854553222656,0.21305148303508759,20.91339874267578,23.44915008544922,0.11677367985248566,17.85235595703125,17.943443298339844,21.670394897460938,0.20406194031238556,100.0,0.30617478489875793,0.5351036190986633,3707,3739,0.4302137792110443,0,0,0.00217251549474895,0.0021856848616153,26.634424209594727,0.002170489402487874,0.17497995495796204,0.005239385180175304,0.2150484025478363,22.411102294921875,0.005739707499742508,0.24874791502952576,0.0051738605834543705,0.01639699935913086,24.62530517578125,0.003447223687544465,0.23374992609024048,0.00810326635837555,0.25400975346565247,21.631851196289062,0.006867758464068174,0.27938807010650635,0.004519444890320301,0.01605668105185032,25.61539077758789,0.0027444851584732533,0.12317007035017014,0.0068070776760578156,0.0,21.04891586303711,0.007854321040213108,0.24001026153564453,29.952285766601562,0.0010110472794622183,0.11538257449865341,35.86820983886719,0.0002589281357359141,29.4816951751709,0.0011267578229308128,0.13287515938282013,23.798391342163086,0.004170237574726343,0.1939665675163269,23.198936462402344,0.00478747533634305,0.22968514263629913,26.11513328552246,0.0024461697321385145,0.14181047677993774,30.88090705871582,0.0008164119790308177,25.691349029541016,0.0026969017926603556,0.16408124566078186,22.46638298034668,0.005667111370712519,0.20655189454555511,21.909461975097656,0.006442492827773094,0.24303482472896576,27.43173599243164,0.001806451822631061,0.061230987310409546,31.70053482055664,0.0006759996758773923,27.032543182373047,0.0019803675822913647,0.07324527949094772
391535,6080,2,4900,-1,1,19.781320571899414,0.3839966654777527,16.48114013671875,0.3178151547908783,25.204374313354492,18.115318298339844,0.44390273094177246,15.619959831237793,21.215551376342773,0.16106759011745453,17.888179779052734,18.07325553894043,15.481647491455078,0.3804051876068115,100.0,0.4793250262737274,0.6630472540855408,4900,4932,0.4239882826805115,0,0,0.010516420938074589,0.0030169112142175436,19.329221725463867,0.011670192703604698,0.44446122646331787,0.02248464897274971,0.39472001791000366,15.909749031066895,0.025646323338150978,0.449222207069397,0.015433639287948608,0.016262302175164223,18.151338577270508,0.01530615333467722,0.5007897019386292,0.027415992692112923,0.4469638764858246,15.343017578125,0.02922121249139309,0.5000748634338379,0.007558666169643402,0.015583842992782593,21.990066528320312,0.006324023474007845,0.16699647903442383,0.028303183615207672,0.0,14.860167503356934,0.032657522708177567,0.43562689423561096,20.410184860229492,0.009098745882511139,0.3650483787059784,33.89255905151367,0.00040807915502227843,19.814754486083984,0.010435773059725761,0.42648330330848694,16.742700576782227,0.021170444786548615,0.36545950174331665,16.12847137451172,0.024386698380112648,0.41878360509872437,18.911022186279297,0.012849838472902775,0.397960901260376,29.751741409301758,0.001058829016983509,18.337522506713867,0.014663840644061565,0.46150243282318115,16.032913208007812,0.0249292254447937,0.3943050503730774,15.43419075012207,0.028614157810807228,0.45302802324295044,23.480907440185547,0.004486519377678633,0.08982700854539871,30.436519622802734,0.0009043736499734223,22.977745056152344,0.005037619732320309,0.1012943685054779
391644,6080,2,5009,-1,2,27.480392456054688,0.10702112317085266,23.640552520751953,0.15983366966247559,25.606992721557617,23.80409049987793,0.14442822337150574,21.813507080078125,24.56590461730957,0.09946298599243164,17.75313949584961,18.020248413085938,22.95374298095703,0.2088247388601303,100.0,0.3222782015800476,0.4959493577480316,5009,5041,0.39963874220848083,0,0,0.0017863259417936206,0.0027497983537614346,27.856597900390625,0.0016380995512008667,0.12819819152355194,0.0043245903216302395,0.1963263303041458,23.5163516998291,0.004450049251317978,0.2340441644191742,0.004164771642535925,0.016775906085968018,26.527488708496094,0.002224596915766597,0.1583947390317917,0.006586418487131596,0.22289593517780304,22.94540786743164,0.005075268913060427,0.2512403130531311,0.0034946969244629145,0.01577521115541458,27.944202423095703,0.0016053874278441072,0.10447864979505539,0.00506553752347827,0.0,22.332265853881836,0.005844851955771446,0.2502758502960205,30.454561233520508,0.0009006247273646295,0.08508779853582382,35.621315002441406,0.0002740745840128511,30.01297378540039,0.0009970171377062798,0.10624749958515167,24.46037483215332,0.003580656601116061,0.18707069754600525,23.886499404907227,0.004086486529558897,0.2261206954717636,27.760656356811523,0.0016746900510042906,0.10668777674436569,29.577367782592773,0.0011022074613720179,27.53805923461914,0.0017627642955631018,0.1300281286239624,23.50172233581543,0.004465066362172365,0.20664793252944946,23.01807403564453,0.004991058260202408,0.2474101036787033,29.62550926208496,0.0010900573106482625,0.058118827641010284,29.833261489868164,0.0010391395771875978,29.594409942626953,0.0010978907812386751,0.07256346940994263
392342,6081,3,719,-1,1,19.22174644470215,0.3628830909729004,17.934152603149414,0.3162269592285156,23.514713287353516,18.016250610351562,0.4095381498336792,17.02652359008789,22.841093063354492,0.10188911855220795,17.855146408081055,17.98143196105957,17.265628814697266,0.256470263004303,100.0,0.39966922998428345,0.7912216782569885,719,751,0.382143497467041,0,0,0.011962597258388996,0.004451727028936148,18.821285247802734,0.013118116185069084,0.40139028429985046,0.01609107106924057,0.2604537010192871,17.401119232177734,0.01819233037531376,0.2926422357559204,0.015789739787578583,0.016386469826102257,18.041576385498047,0.015697933733463287,0.4451562166213989,0.019831132143735886,0.2894473671913147,16.87950325012207,0.020513975992798805,0.3137625753879547,0.005198650527745485,0.015916844829916954,24.498088836669922,0.0035496975760906935,0.09919433295726776,0.018768824636936188,0.0,16.644149780273438,0.02165633626282215,0.29178687930107117,19.515783309936523,0.011179481633007526,0.33816367387771606,32.4182014465332,0.0005730336415581405,18.924087524414062,0.012811240740120411,0.37913650274276733,18.048633575439453,0.015672441571950912,0.23882058262825012,17.435646057128906,0.018048269674181938,0.2737952470779419,18.86670684814453,0.01298163365572691,0.36093249917030334,30.035003662109375,0.0009919723961502314,18.289701461791992,0.014826198108494282,0.4033906161785126,17.58977508544922,0.01741897501051426,0.2521422803401947,16.99484634399414,0.019976317882537842,0.2874644100666046,26.712432861328125,0.0021318511571735144,0.059161268174648285,31.4871883392334,0.0007100373622961342,26.288227081298828,0.0023505918215960264,0.06650982052087784
392561,6081,3,938,-1,0,26.992856979370117,0.14078940451145172,25.439998626708984,0.1643376350402832,26.18390655517578,23.41216278076172,0.17925649881362915,22.73113441467285,24.009578704833984,0.1011534184217453,17.750761032104492,18.07244873046875,24.31974220275879,0.12127113342285156,100.0,0.1963382512331009,0.8370128273963928,938,970,0.30275630950927734,0,0,0.001998546766117215,0.0024077396374195814,27.131858825683594,0.0019355941331014037,0.1636262834072113,0.0028575919568538666,0.11686823517084122,25.05667495727539,0.0031212782487273216,0.1362486630678177,0.004558099899441004,0.01678510196506977,25.723478317260742,0.002677022945135832,0.19476547837257385,0.005331958178430796,0.15692038834095,24.268508911132812,0.0037423912435770035,0.1666368991136551,0.003972302190959454,0.015586732886731625,26.60455894470215,0.0021854666993021965,0.10501206666231155,0.003698501503095031,0.0,23.69826316833496,0.004267501644790173,0.14327877759933472,30.47260284423828,0.0008968912297859788,0.13135579228401184,34.749351501464844,0.00033501561847515404,30.0729923248291,0.00098333356436342,0.15681897103786469,27.348743438720703,0.0018413050565868616,0.10234439373016357,26.751819610595703,0.0021126046776771545,0.12258842587471008,26.921424865722656,0.0020316909067332745,0.1529828906059265,30.442350387573242,0.0009031605441123247,26.5653018951416,0.0022053110878914595,0.1820615530014038,25.31719970703125,0.0029395446181297302,0.12422522902488708,24.821125030517578,0.0032952444162219763,0.14631907641887665,28.317657470703125,0.001473106793127954,0.05535250902175903,32.0013542175293,0.0006307606236077845,27.951480865478516,0.0016026986995711923,0.06605248898267746
393201,6081,3,1610,-1,1,21.137121200561523,0.23808839917182922,20.15920639038086,0.23907215893268585,21.065872192382812,19.606664657592773,0.2871849536895752,18.8847599029541,23.324308395385742,0.1280720978975296,16.991535186767578,17.704830169677734,19.455739974975586,0.17131748795509338,21.68216896057129,0.31383615732192993,0.7617737650871277,1610,1642,0.3634534180164337,0,0,0.007696404121816158,0.00782371312379837,21.1481876373291,0.0076768179424107075,0.2691158950328827,0.009640056639909744,0.17894457280635834,20.0086612701416,0.009980079717934132,0.20392945408821106,0.010947968810796738,0.01999155431985855,20.196945190429688,0.009556647390127182,0.31664592027664185,0.012927782721817493,0.23391881585121155,19.268972396850586,0.011833217926323414,0.25350242853164673,0.004651245195418596,0.01696355640888214,25.595561981201172,0.0027570438105612993,0.13003429770469666,0.011335119605064392,0.006788646336644888,19.19569206237793,0.012034575454890728,0.20009151101112366,21.451427459716797,0.007159082684665918,0.22150926291942596,22.37751007080078,0.00578427454456687,21.32497787475586,0.0073705920949578285,0.2594473958015442,20.36678695678711,0.009190118871629238,0.15528009831905365,20.15254783630371,0.00965484231710434,0.18371814489364624,20.763227462768555,0.008388364687561989,0.2410881519317627,21.980823516845703,0.006337495055049658,20.60287094116211,0.008703882806003094,0.2790865898132324,19.757183074951172,0.010575033724308014,0.17807377874851227,19.518354415893555,0.011172865517437458,0.2062958925962448,27.844093322753906,0.0016428229864686728,0.06533568352460861,31.174314498901367,0.0007630779291503131,27.50027084350586,0.0017781684873625636,0.07656426727771759
397450,6082,4,1148,-1,0,28.643970489501953,0.15305092930793762,26.49993133544922,0.171767458319664,25.211280822753906,24.457500457763672,0.1904306411743164,23.56009292602539,25.316665649414062,0.08141157031059265,17.51799774169922,17.891258239746094,26.179697036743164,0.10836540907621384,100.0,0.26721373200416565,0.642809271812439,1148,1180,0.36429840326309204,0,0,0.0013664794387295842,0.0030121169984340668,29.53386116027832,0.001113304402679205,0.17750173807144165,0.002238756511360407,0.12114278227090836,26.463491439819336,0.0022576202172785997,0.1436314582824707,0.0035830261185765266,0.01770925521850586,28.508548736572266,0.0014097600942477584,0.20722925662994385,0.0044054556638002396,0.13838517665863037,25.891782760620117,0.002575263613834977,0.15097074210643768,0.002939906669780612,0.01625077985227108,30.495960235595703,0.0008920799591578543,0.081526979804039,0.0024100730661302805,0.0,25.55821990966797,0.0027808535378426313,0.1311202049255371,31.495933532714844,0.000708609411958605,0.1374923437833786,33.06571578979492,0.0004936608020216227,31.2978458404541,0.0007416784064844251,0.1636647880077362,27.77355194091797,0.0016697245882824063,0.097659632563591,27.206193923950195,0.0019027446396648884,0.12083137780427933,29.237701416015625,0.0011918728705495596,0.15347403287887573,29.324649810791016,0.0011682480107992887,29.22447967529297,0.0011955074733123183,0.18203623592853546,26.625099182128906,0.002175153698772192,0.11161564290523529,26.209314346313477,0.002393694594502449,0.135055273771286,31.628665924072266,0.000687279854901135,0.04745125398039818,31.308927536010742,0.0007397881126962602,31.680011749267578,0.0006792016793042421,0.057301945984363556
397998,6082,4,1696,-1,0,28.01336097717285,0.1639420986175537,23.109851837158203,0.17374509572982788,25.517921447753906,24.067455291748047,0.1997285634279251,21.431997299194336,24.98096466064453,0.08925467729568481,17.60125732421875,17.63587760925293,22.746999740600586,0.14884111285209656,100.0,0.27427634596824646,0.6334673166275024,1696,1728,0.3551632761955261,0,0,0.0015800248365849257,0.002806776901707053,28.565811157226562,0.0013912938302382827,0.1940932273864746,0.004886691924184561,0.16075223684310913,22.762588500976562,0.0052934796549379826,0.18729838728904724,0.0039197164587676525,0.017372976988554,27.328319549560547,0.001849984284490347,0.2212788164615631,0.007191184442490339,0.18170510232448578,22.435171127319336,0.005707988049834967,0.1990748792886734,0.0031761687714606524,0.017235038802027702,29.942768096923828,0.0010132654570043087,0.09052754193544388,0.005312515888363123,0.0,22.125518798828125,0.006129826419055462,0.17925281822681427,30.246334075927734,0.000944858358707279,0.14032846689224243,34.18525314331055,0.00038148241583257914,29.86517333984375,0.001031531603075564,0.17022928595542908,23.564546585083008,0.004400940611958504,0.1385219395160675,22.965415954589844,0.005051943473517895,0.1673772633075714,28.12885093688965,0.0015385628212243319,0.15963739156723022,28.94649887084961,0.0012745300773531199,28.015674591064453,0.0015791832702234387,0.18918366730213165,23.017723083496094,0.004991461522877216,0.15147855877876282,22.508445739746094,0.005612491630017757,0.181155726313591,30.927814483642578,0.0008076417143456638,0.04593832045793533,30.204910278320312,0.0009539136081002653,31.050539016723633,0.0007851383998058736,0.05598120763897896
398232,6082,4,1930,-1,2,28.99066734313965,0.12909379601478577,27.405807495117188,0.1726638227701187,26.484481811523438,24.509828567504883,0.15176503360271454,23.864242553710938,25.368520736694336,0.07843393087387085,17.68610382080078,17.684112548828125,27.16469955444336,0.15358895063400269,100.0,0.29690811038017273,0.5815395712852478,1930,1962,0.4116328954696655,0,0,0.001261633588001132,0.002246735617518425,29.54646110534668,0.0011100793490186334,0.15245458483695984,0.001817269017919898,0.16397321224212646,27.494068145751953,0.001780710881575942,0.19502520561218262,0.0035401142667979,0.017036866396665573,28.34550666809082,0.001463690772652626,0.16824966669082642,0.004107481800019741,0.18648697435855865,26.836965560913086,0.002071588532999158,0.21200942993164062,0.0029050118755549192,0.017044683918356895,31.36869239807129,0.0007296773255802691,0.07849928736686707,0.0019210113678127527,0.0,26.54322052001953,0.002216551685705781,0.19006535410881042,31.409175872802734,0.0007229073089547455,0.1041812151670456,34.08957290649414,0.00038998047239147127,31.111879348754883,0.0007741267909295857,0.12598364055156708,28.972023010253906,0.001267062034457922,0.14241935312747955,28.400850296020508,0.0014451568713411689,0.17658939957618713,29.27222442626953,0.0011824360117316246,0.11477380245923996,29.202489852905273,0.0012015755055472255,29.28305435180664,0.001179491518996656,0.14094336330890656,27.627883911132812,0.001726679620333016,0.15386104583740234,27.300914764404297,0.0018616948509588838,0.19086673855781555,32.60255432128906,0.0005492179770953953,0.035244643688201904,30.74152183532715,0.0008430391899310052,32.97557067871094,0.0005040146643295884,0.04558829963207245
399189,6082,4,2887,-1,3,20.75479507446289,0.2184610366821289,14.652304649353027,0.20315881073474884,25.594139099121094,19.051206588745117,0.27134212851524353,14.114270210266113,21.908123016357422,0.11302684247493744,18.098451614379883,18.143009185791016,13.994227409362793,0.31989482045173645,100.0,0.4357483983039856,0.4662296175956726,2887,2919,0.4512098729610443,0,0,0.008404663763940334,0.0027579483576118946,20.32761573791504,0.009273388423025608,0.24184536933898926,0.03425860032439232,0.3003169298171997,14.06684398651123,0.03920266032218933,0.3349955976009369,0.012441689148545265,0.015493687242269516,19.218276977539062,0.011972151696681976,0.2927696108818054,0.03877690061926842,0.34000176191329956,13.71881103515625,0.042473580688238144,0.36707359552383423,0.006444476544857025,0.015335538424551487,22.944252014160156,0.005076621193438768,0.11024855822324753,0.039863672107458115,0.0,13.372749328613281,0.04599654674530029,0.3601776361465454,21.418987274169922,0.007212757132947445,0.2127275913953781,31.606788635253906,0.0006907506030984223,20.85331916809082,0.008216142654418945,0.24182367324829102,14.80679988861084,0.03306131064891815,0.29674065113067627,14.189947128295898,0.03810705244541168,0.3362293541431427,19.89047622680664,0.010255394503474236,0.2412514090538025,27.01432228088379,0.0019886940717697144,19.38276481628418,0.01152719371020794,0.2713509500026703,14.357470512390137,0.036665115505456924,0.32226336002349854,13.759048461914062,0.04208189249038696,0.3601231873035431,23.92034149169922,0.004054766148328781,0.07861103117465973,28.102222442626953,0.0015480248257517815,23.525760650634766,0.0044404189102351665,0.08534139394760132
406554,6084,2,390,-1,2,24.490997314453125,0.1474221646785736,23.49298095703125,0.15464334189891815,27.094953536987305,21.576099395751953,0.1913014054298401,21.04513931274414,22.67416763305664,0.106461301445961,17.869064331054688,17.983840942382812,22.160863876342773,0.12306488305330276,100.0,0.24644358456134796,0.6274999976158142,390,422,0.4189023971557617,0,0,0.003555497620254755,0.0019521121867001057,24.19968032836914,0.0038021723739802837,0.17105937004089355,0.004474063403904438,0.1292295604944229,23.101961135864258,0.0048955767415463924,0.14973391592502594,0.00695648742839694,0.016334043815732002,22.58550262451172,0.005513786803930998,0.2107662856578827,0.007861149497330189,0.15633276104927063,21.791202545166016,0.006620330270379782,0.16770657896995544,0.005402357783168554,0.015908008441329002,24.218074798583984,0.003786104265600443,0.10635857284069061,0.006080141756683588,0.0,21.539384841918945,0.007015548180788755,0.14503389596939087,26.459915161132812,0.0022594796027988195,0.11712169647216797,37.87892150878906,0.00016297010006383061,25.880403518676758,0.002582019893452525,0.13920746743679047,25.14166259765625,0.0030607902444899082,0.1047850251197815,24.53955078125,0.00351596693508327,0.12359172105789185,24.023305892944336,0.003959765657782555,0.14693526923656464,31.35092544555664,0.0007326685008592904,23.510313034057617,0.0044562420807778835,0.1728636920452118,23.15459442138672,0.004836603067815304,0.12065176665782928,22.608158111572266,0.005485094618052244,0.1423480361700058,26.32620620727539,0.002330126240849495,0.061459001153707504,31.9198055267334,0.0006427163607440889,25.867460250854492,0.0025897277519106865,0.0724676102399826
409011,6084,2,2911,-1,1,27.321712493896484,0.12554441392421722,24.415390014648438,0.14323392510414124,26.075809478759766,23.595521926879883,0.17349322140216827,22.12704086303711,24.24968910217285,0.1121792122721672,17.819849014282227,17.974761962890625,23.254106521606445,0.117655448615551,100.0,0.3061022460460663,0.46792837977409363,2911,2943,0.3952246308326721,0,0,0.0018528011860325933,0.002468421123921871,27.549589157104492,0.001758090453222394,0.14422103762626648,0.003617936512455344,0.13494150340557098,24.16743278503418,0.0038305125199258327,0.15338410437107086,0.0043696630746126175,0.016520189121365547,26.019990921020508,0.0025003517512232065,0.1865614503622055,0.006127676926553249,0.17112195491790771,23.31814956665039,0.004657845012843609,0.18193714320659637,0.0037586435209959745,0.015941297635436058,27.2482967376709,0.00188438908662647,0.11259479820728302,0.004727042745798826,0.0,22.632627487182617,0.005454280413687229,0.13842183351516724,29.221363067626953,0.0011963651049882174,0.10127335786819458,35.538536071777344,0.0002793486637528986,28.737241744995117,0.001337444526143372,0.11866873502731323,24.989280700683594,0.003170092822983861,0.11023110896348953,24.400558471679688,0.0036303154192864895,0.1305135041475296,27.069305419921875,0.001963674556463957,0.12040576338768005,30.667211532592773,0.0008575884276069701,26.708377838134766,0.002133841859176755,0.1401800811290741,23.908687591552734,0.004065662622451782,0.12653887271881104,23.380556106567383,0.004591390956193209,0.14822255074977875,29.14194107055664,0.001218445017002523,0.059948936104774475,31.495948791503906,0.0007086067926138639,28.870994567871094,0.0012968818191438913,0.06883862614631653
409933,6084,2,3897,-1,1,26.840160369873047,0.15507379174232483,23.768274307250977,0.1631678193807602,24.159687042236328,23.573806762695312,0.19065320491790771,21.847183227539062,24.42919158935547,0.0984145924448967,17.751577377319336,17.953807830810547,23.307363510131836,0.24580098688602448,100.0,0.3370802104473114,0.4840622842311859,3897,3929,0.3930593430995941,0,0,0.002070066286250949,0.0038373498246073723,27.451677322387695,0.001798176672309637,0.18368910253047943,0.004199258051812649,0.2531532645225525,23.612457275390625,0.004352657590061426,0.30061858892440796,0.004391566384583712,0.01678195223212242,26.04612159729004,0.0024853532668203115,0.21344271302223206,0.006535541731864214,0.27554836869239807,22.970731735229492,0.005045763682574034,0.3101738691329956,0.0036064572632312775,0.016018405556678772,27.703369140625,0.0016969271237030625,0.10051655769348145,0.0046694278717041016,0.0,22.68588638305664,0.005387800745666027,0.29261285066604614,29.04035758972168,0.001247280859388411,0.12883880734443665,33.835609436035156,0.00041346525540575385,28.615205764770508,0.0013755601830780506,0.15667474269866943,24.752817153930664,0.0033474822994321585,0.2345968335866928,24.16763687133789,0.003830330679193139,0.28372663259506226,26.919557571411133,0.00203256425447762,0.14548516273498535,30.788360595703125,0.0008339963387697935,26.542423248291016,0.002216959372162819,0.17371392250061035,23.859230041503906,0.00411222642287612,0.24499304592609406,23.32863998413086,0.00464660907164216,0.2931233048439026,29.45220947265625,0.0011344336671754718,0.05478304252028465,31.62186050415039,0.000688357453327626,29.19712257385254,0.0012030608486384153,0.0650714561343193
410166,6084,2,4130,-1,2,21.974916458129883,0.19290806353092194,21.14801025390625,0.2226032316684723,26.418697357177734,20.152284622192383,0.2374516725540161,19.640796661376953,22.883129119873047,0.09824975579977036,18.03464126586914,18.236669540405273,20.227638244628906,0.17592114210128784,100.0,0.35194656252861023,0.6324915885925293,4130,4162,0.3961349427700043,0,0,0.006346122361719608,0.0022810257505625486,21.56672477722168,0.006971522234380245,0.22151294350624084,0.007677135523408651,0.1822764277458191,20.643186569213867,0.00862345565110445,0.20731623470783234,0.009655430912971497,0.01572302356362343,20.593862533569336,0.008721956051886082,0.2576911449432373,0.010862263850867748,0.20149099826812744,19.918119430541992,0.010190325789153576,0.2122930884361267,0.005148574244230986,0.015008353628218174,24.3989200592041,0.0036316849291324615,0.09090407192707062,0.009489345364272594,0.0,19.606159210205078,0.010949245654046535,0.20416170358657837,22.67873764038086,0.0053966767154634,0.1758597195148468,35.44186019897461,0.00028563672094605863,22.088014602661133,0.006182990502566099,0.20267729461193085,21.878469467163086,0.0064886328764259815,0.16043579578399658,21.275720596313477,0.007454661652445793,0.18370284140110016,21.495685577392578,0.007086495868861675,0.19414839148521423,30.82314682006836,0.0008273424464277923,20.94234275817871,0.008049443364143372,0.22363604605197906,20.88372039794922,0.00815883744508028,0.1729663610458374,20.313709259033203,0.009303135797381401,0.19591845571994781,26.413429260253906,0.002283796202391386,0.05567111074924469,31.82430076599121,0.0006570072728209198,25.961814880371094,0.002534071449190378,0.06187962740659714
411680,6085,3,688,-1,1,21.883350372314453,0.27844393253326416,21.617401123046875,0.2331095188856125,26.201250076293945,20.199289321899414,0.3534952402114868,19.952028274536133,23.544790267944336,0.1634947657585144,17.835872650146484,17.9078369140625,20.768014907836914,0.17219235002994537,100.0,0.2996259331703186,0.7780017852783203,688,720,0.38698065280914307,0,0,0.006481343414634466,0.002398142823949456,21.481592178344727,0.007109528407454491,0.3289297819137573,0.006890646647661924,0.18524116277694702,21.091365814208984,0.007777919992804527,0.21828630566596985,0.009551490657031536,0.016459349542856216,20.711566925048828,0.00848874356597662,0.3980172276496887,0.010111069306731224,0.25581926107406616,20.376842498779297,0.009168870747089386,0.28265616297721863,0.0044210064224898815,0.016188867390155792,25.832653045654297,0.002610566560178995,0.17709311842918396,0.008379122242331505,0.0,20.14653778076172,0.009668217971920967,0.20147208869457245,22.2176456451416,0.0060011642053723335,0.25951266288757324,35.52003860473633,0.0002805408148560673,21.623321533203125,0.006881260313093662,0.30880358815193176,21.817609786987305,0.00658020144328475,0.15499939024448395,21.204307556152344,0.007578255608677864,0.18480908870697021,21.500198364257812,0.007079135160893202,0.29686450958251953,29.60595703125,0.001094975508749485,20.969223022460938,0.007999774999916553,0.3508494794368744,21.1221923828125,0.007722905836999416,0.18389955163002014,20.57317543029785,0.008763601072132587,0.21643273532390594,27.753171920776367,0.0016775785479694605,0.07809636741876602,30.044363021850586,0.0009898371063172817,27.487548828125,0.001783384825102985,0.09562218934297562
411781,6085,3,789,-1,2,19.264759063720703,0.26633182168006897,18.051321029663086,0.3714539110660553,22.979459762573242,18.18559455871582,0.30502206087112427,17.176067352294922,23.046634674072266,0.11049935221672058,17.75041961669922,17.8416805267334,17.258512496948242,0.3109220564365387,100.0,0.4595254063606262,0.8083425164222717,789,821,0.4127272665500641,0,0,0.011844702996313572,0.0050356341525912285,18.896711349487305,0.012892253696918488,0.3002946674823761,0.015662742778658867,0.32523828744888306,17.597923278808594,0.017386319115757942,0.36888065934181213,0.01518589723855257,0.01678641326725483,18.256591796875,0.014939665794372559,0.3393212854862213,0.019159898161888123,0.34847044944763184,17.086530685424805,0.019559016451239586,0.3893253803253174,0.004958342760801315,0.016437357291579247,24.958908081054688,0.0031923402566462755,0.1090974286198616,0.01879960484802723,0.0,16.637035369873047,0.021691851317882538,0.3622197210788727,19.59219741821289,0.010984501801431179,0.2437329739332199,32.0748176574707,0.0006201809155754745,19.003536224365234,0.012579010799527168,0.2839367985725403,18.194496154785156,0.015154811553657055,0.2931697368621826,17.5886173248291,0.017423616722226143,0.338405042886734,18.8568058013916,0.013011260889470577,0.264260858297348,28.253480911254883,0.0014950373442843556,18.302379608154297,0.014782986603677273,0.30814582109451294,17.6433048248291,0.01720559224486351,0.30531853437423706,17.066448211669922,0.019649671390652657,0.353909969329834,26.721744537353516,0.002127284649759531,0.05819333344697952,28.75215721130371,0.0013328586937859654,26.4791316986084,0.002249504206702113,0.06575317680835724
411795,6085,3,803,-1,0,23.109779357910156,0.17741763591766357,19.820249557495117,0.2213469296693802,21.589107513427734,20.883237838745117,0.22271046042442322,18.568662643432617,23.09383201599121,0.11245892196893692,17.055147171020508,17.90823745727539,18.830665588378906,0.28266456723213196,22.095962524414062,0.41474649310112,0.5336921215057373,803,835,0.44787922501564026,0,0,0.004886772483587265,0.006935683079063892,23.39936065673828,0.0045715561136603355,0.19473151862621307,0.010422573424875736,0.29105639457702637,19.63541603088379,0.010875728912651539,0.3200973570346832,0.008159737102687359,0.01970086619257927,21.948949813842773,0.006384178996086121,0.24334672093391418,0.013903813436627388,0.31435585021972656,18.8841495513916,0.012929601594805717,0.34257379174232483,0.00490474933758378,0.016187364235520363,24.990829467773438,0.0031689624302089214,0.11070993542671204,0.013089814223349094,0.00617168890312314,18.491165161132812,0.014154140837490559,0.3212500512599945,23.47794532775879,0.004489578772336245,0.15888890624046326,22.62567901611328,0.005463009234517813,23.625282287597656,0.004339820239692926,0.18307285010814667,20.093706130981445,0.009786549024283886,0.2680515944957733,19.82070541381836,0.010421485640108585,0.30431240797042847,22.045019149780273,0.006244507152587175,0.1893409937620163,21.928512573242188,0.00641429191455245,22.06322479248047,0.006218386348336935,0.21690893173217773,19.309741973876953,0.011722653172910213,0.2837945520877838,19.02912712097168,0.01250510010868311,0.3203635513782501,26.65015983581543,0.002162639517337084,0.06655137240886688,29.775394439697266,0.0010530776344239712,26.32021713256836,0.002333341632038355,0.07473011314868927
412379,6085,3,1387,-1,0,24.269962310791016,0.1979072093963623,21.451414108276367,0.2065909206867218,24.86362075805664,21.73386001586914,0.24047191441059113,19.892921447753906,23.688230514526367,0.11021218448877335,17.79224395751953,18.01437759399414,20.635644912719727,0.2702603042125702,100.0,0.3253982961177826,0.6348863244056702,1387,1419,0.3656530976295471,0,0,0.0037411388475447893,0.0032631573267281055,24.1854248046875,0.0038146746810525656,0.22910837829113007,0.007159102708101273,0.27483123540878296,20.9633731842041,0.008010557852685452,0.3151988387107849,0.0067083206959068775,0.016625534743070602,22.854528427124023,0.005182595457881689,0.2729784846305847,0.010249623097479343,0.3045680522918701,20.289165496826172,0.009355856105685234,0.3422371745109558,0.004277372267097235,0.01579655334353447,26.011592864990234,0.0025051909033209085,0.11427286267280579,0.008638443425297737,0.0,20.014163970947266,0.009967435151338577,0.3173525333404541,25.855520248413086,0.0025968565605580807,0.186814084649086,35.24673080444336,0.00029876292683184147,25.301177978515625,0.0029504094272851944,0.22208166122436523,22.104236602783203,0.006159939803183079,0.25522273778915405,21.499019622802734,0.007081061135977507,0.29916277527809143,23.920373916625977,0.004054736811667681,0.20841369032859802,27.650239944458008,0.0017178138950839639,23.55141830444336,0.004414263181388378,0.24624685943126678,21.158897399902344,0.007657908368855715,0.2698324918746948,20.656394958496094,0.008597269654273987,0.3157234191894531,27.690237045288086,0.0017020658124238253,0.05500538647174835,28.09199333190918,0.0015516746789216995,27.6315975189209,0.0017252026591449976,0.06402979791164398
412708,6085,3,1748,-1,3,27.392841339111328,0.08524245023727417,23.872638702392578,0.10287857055664062,26.856632232666016,23.206398010253906,0.13120464980602264,21.522563934326172,23.660907745361328,0.0891563892364502,17.843629837036133,17.786144256591797,22.463903427124023,0.0855829194188118,100.0,0.19856952130794525,0.5180984735488892,1748,1780,0.38417255878448486,0,0,0.0018227034015581012,0.0020622287411242723,27.48154067993164,0.0017858536448329687,0.09609474241733551,0.004099552519619465,0.096466064453125,23.440868377685547,0.004528069868683815,0.10954105854034424,0.004779254551976919,0.01642998494207859,25.247888565063477,0.002986835315823555,0.13251881301403046,0.007042769342660904,0.1274944245815277,22.497291564941406,0.005626923404633999,0.13310790061950684,0.004304366651922464,0.016648899763822556,26.188472747802734,0.0024052076041698456,0.08515256643295288,0.0056703477166593075,0.0,21.842422485351562,0.006542709656059742,0.10072106122970581,30.79507064819336,0.000832708552479744,0.06419599056243896,35.7254753112793,0.00026757936575450003,30.363767623901367,0.0009196515311487019,0.07576198875904083,24.826128005981445,0.003291449276730418,0.0764477550983429,24.22990608215332,0.003775805002078414,0.08908641338348389,26.677005767822266,0.0021493127569556236,0.09470320492982864,30.038616180419922,0.000991147942841053,26.331119537353516,0.002327491994947195,0.10916370153427124,23.304946899414062,0.00467202952131629,0.09214363992214203,22.797801971435547,0.005250733345746994,0.10792325437068939,27.867931365966797,0.0016338303685188293,0.04962208867073059,30.29218292236328,0.0009349361644126475,27.59113311767578,0.001741352491080761,0.05669208616018295
413948,6085,3,3020,-1,2,26.24591064453125,0.17083656787872314,24.502704620361328,0.1791936159133911,25.859758377075195,23.166950225830078,0.20583119988441467,22.27032470703125,24.03104591369629,0.10210413485765457,17.965843200683594,18.13558006286621,23.423282623291016,0.12369115650653839,100.0,0.21566012501716614,0.8309075236320496,3020,3052,0.33900168538093567,0,0,0.0023736085277050734,0.002594323130324483,26.308486938476562,0.0023396527394652367,0.1976950764656067,0.003545925719663501,0.12484953552484512,24.201887130737305,0.003800244303420186,0.14340412616729736,0.004822864662855864,0.015974082052707672,25.07617950439453,0.003107292577624321,0.22836200892925262,0.005928811617195606,0.16365832090377808,23.458351135253906,0.0045098778791725636,0.1756141632795334,0.003952715080231428,0.015361802652478218,26.58077049255371,0.002197470748797059,0.10495947301387787,0.004546443000435829,0.0,22.801801681518555,0.005245896056294441,0.1466604322195053,29.455493927001953,0.0011335755698382854,0.14518561959266663,35.63701248168945,0.000273085490334779,28.975807189941406,0.0012659587664529681,0.17312011122703552,26.20232582092285,0.002397548407316208,0.09603218734264374,25.612668991088867,0.0027462057769298553,0.11344708502292633,26.207521438598633,0.002394682727754116,0.16776378452777863,29.62038803100586,0.0010913430014625192,25.85829734802246,0.0025951964780688286,0.20000635087490082,24.347707748413086,0.0036747620906680822,0.1265154778957367,23.887645721435547,0.004085408058017492,0.14917267858982086,28.10519790649414,0.001546964980661869,0.05609029531478882,30.23148536682129,0.0009480941225774586,27.85394859313965,0.0016390987439081073,0.0672653317451477
414796,6085,3,3932,-1,3,21.680160522460938,0.2141851931810379,20.052715301513672,0.20468352735042572,25.560911178588867,19.903047561645508,0.24092324078083038,18.711158752441406,22.87694549560547,0.10934329777956009,17.960412979125977,17.989055633544922,19.270692825317383,0.19373930990695953,100.0,0.2699056565761566,0.7583521008491516,3932,3964,0.32881301641464233,0,0,0.006791788153350353,0.0027791308239102364,21.302335739135742,0.0074091204442083836,0.24015399813652039,0.009879355318844318,0.20622879266738892,19.559234619140625,0.011068190447986126,0.22999244928359985,0.010225748643279076,0.015994060784578323,20.29731559753418,0.0093383165076375,0.26159045100212097,0.013455010019242764,0.23172712326049805,18.837207794189453,0.013070105575025082,0.24826034903526306,0.005155912134796381,0.015888923779129982,24.553516387939453,0.0035046797711402178,0.10753506422042847,0.011828526854515076,0.0,18.649213790893555,0.013648300431668758,0.21990984678268433,22.400611877441406,0.0057535856030881405,0.183909073472023,35.31066131591797,0.0002943973522633314,21.808868408203125,0.006593461148440838,0.21161019802093506,20.439321517944336,0.009037906304001808,0.18271443247795105,19.827062606811523,0.01040623988956213,0.20756645500659943,21.31595802307129,0.007385914213955402,0.1980884075164795,29.745025634765625,0.0010604675626382232,20.778427124023438,0.008359059691429138,0.2273835837841034,19.73455047607422,0.010630288161337376,0.197828009724617,19.165481567382812,0.01211857981979847,0.22370827198028564,26.75296974182129,0.0021120444871485233,0.058492228388786316,30.207393646240234,0.0009533684351481497,26.401073455810547,0.0022903024218976498,0.06758452951908112
415830,6086,4,17,-1,1,27.292034149169922,0.10200649499893188,24.678970336914062,0.14130783081054688,24.93778419494629,24.195037841796875,0.1413685828447342,22.81670570373535,25.563831329345703,0.08488547801971436,18.01669692993164,18.121593475341797,24.57415771484375,0.1630672663450241,100.0,0.3190678656101227,0.44287702441215515,17,49,0.3593359589576721,0,0,0.0018655057065188885,0.0032079052180051804,27.80158233642578,0.0016589825972914696,0.12177913635969162,0.003404890187084675,0.16759733855724335,24.74481201171875,0.0033536595292389393,0.20436352491378784,0.0038062420208007097,0.015788119286298752,27.071073532104492,0.0019628761801868677,0.15592177212238312,0.005227928515523672,0.19494953751564026,24.385774612426758,0.003642693627625704,0.22841902077198029,0.0027772628236562014,0.015411344356834888,30.79064178466797,0.0008335583261214197,0.0827779546380043,0.003488061483949423,0.0,23.952678680419922,0.00402468629181385,0.2057376503944397,29.27262306213379,0.0011823277454823256,0.09021230787038803,36.508975982666016,0.0002234098792541772,28.761960983276367,0.0013298534322530031,0.1120738536119461,25.74405860900879,0.002664367901161313,0.1479496955871582,25.174352645874023,0.003037839662283659,0.18557709455490112,27.87801742553711,0.0016300395363941789,0.10656110942363739,31.51422119140625,0.0007056315080262721,27.51473617553711,0.001772256102412939,0.13007870316505432,25.021312713623047,0.0031467971857637167,0.17011740803718567,24.528724670410156,0.003524742554873228,0.2118823230266571,32.03676223754883,0.0006256388733163476,0.045454345643520355,31.693584442138672,0.0006770823383703828,32.0920524597168,0.0006177243776619434,0.05558664724230766
417230,6086,4,1481,-1,3,26.337890625,0.1371966451406479,24.28392791748047,0.17731502652168274,24.777950286865234,23.563756942749023,0.169529527425766,22.398601531982422,25.808330535888672,0.05751773715019226,17.659269332885742,17.916358947753906,24.332427978515625,0.2046360969543457,100.0,0.2900334298610687,0.6113606691360474,1481,1513,0.4198421239852905,0,0,0.0023238654248416424,0.0033281673677265644,26.636688232421875,0.002169357379898429,0.16626784205436707,0.003729128511622548,0.2156774401664734,24.136676788330078,0.003857736010104418,0.25619688630104065,0.004401740152388811,0.017142456024885178,26.123199462890625,0.0024416304659098387,0.19257640838623047,0.005756252910941839,0.23638245463371277,23.842599868774414,0.004128004889935255,0.2659769356250763,0.002625228138640523,0.0161571241915226,32.6488151550293,0.0005433983169496059,0.05293416976928711,0.0036877139937132597,0.0,23.710948944091797,0.004255054518580437,0.24922558665275574,27.42477035522461,0.0018093523103743792,0.1223130077123642,34.339290618896484,0.0003681891830638051,26.922752380371094,0.002031069714576006,0.14975933730602264,24.8305606842041,0.003288092790171504,0.19970296323299408,24.24494171142578,0.0037627527490258217,0.23978331685066223,26.597822189331055,0.0021888595074415207,0.13138997554779053,28.49637794494629,0.0014137167017906904,26.367431640625,0.002308112569153309,0.16113030910491943,24.367671966552734,0.003657910041511059,0.20552650094032288,23.92502784729004,0.004050393123179674,0.24769574403762817,33.32172393798828,0.0004654014192055911,0.02413168177008629,29.842443466186523,0.0010369454976171255,34.23115539550781,0.00037747161695733666,0.02850712090730667
417268,6086,4,1519,-1,1,27.586994171142578,0.12246229499578476,25.334999084472656,0.16479520499706268,25.02366065979004,24.036914825439453,0.1478467583656311,22.78652572631836,25.286235809326172,0.06120670959353447,17.46282196044922,17.469436645507812,25.189552307128906,0.24783101677894592,100.0,0.3121407628059387,0.5279515385627747,1519,1551,0.3962162137031555,0,0,0.0017430135048925877,0.0031450972892344,28.160734176635742,0.001527308253571391,0.1433282494544983,0.0029275217093527317,0.24236899614334106,25.0615291595459,0.0031177925411611795,0.28988537192344666,0.00394737534224987,0.017935678362846375,27.45856285095215,0.0017953283386304975,0.1616155058145523,0.0052643828094005585,0.2682410776615143,24.66225814819336,0.003418017877265811,0.3068649172782898,0.002960577141493559,0.017908386886119843,31.798551559448242,0.0006609142292290926,0.05638639256358147,0.003027226310223341,0.0,24.568073272705078,0.0034929532557725906,0.29825156927108765,29.308238983154297,0.001172671327367425,0.11049894243478775,34.774879455566406,0.00033305215765722096,28.854412078857422,0.0013018434401601553,0.1312379688024521,25.975170135498047,0.0025262897834181786,0.23865272104740143,25.375043869018555,0.002900652587413788,0.28654569387435913,28.042192459106445,0.0015695705078542233,0.11695294082164764,28.74040985107422,0.0013364693149924278,27.944080352783203,0.0016054322477430105,0.14056697487831116,25.306833267211914,0.0029465698171406984,0.2479216307401657,24.89397430419922,0.003240429563447833,0.2969703674316406,32.88008117675781,0.0005152191733941436,0.026615293696522713,29.882083892822266,0.0010275236563757062,33.60111999511719,0.00043640314834192395,0.03195977956056595
417339,6086,4,1590,-1,0,24.068939208984375,0.19515900313854218,19.026153564453125,0.21974192559719086,24.519853591918945,22.31218719482422,0.20222751796245575,18.485937118530273,25.45513153076172,0.07692324370145798,17.638591766357422,17.673786163330078,19.210893630981445,0.3832131028175354,100.0,0.375655859708786,0.5849553942680359,1590,1622,0.3963997960090637,0,0,0.003918376285582781,0.003531952388584614,24.003543853759766,0.003977825865149498,0.23134875297546387,0.012513668276369572,0.4093506634235382,18.57670021057129,0.013878101482987404,0.4793952405452728,0.00587193388491869,0.017224270850419998,23.845317840576172,0.004125420469790697,0.22680005431175232,0.014171191491186619,0.3973342776298523,18.562488555908203,0.013923585414886475,0.455892413854599,0.002847652416676283,0.017085250467061996,31.822677612304688,0.0006572529673576355,0.07818645983934402,0.011992529965937138,0.0,18.589412689208984,0.013837535865604877,0.4544922113418579,24.67092514038086,0.003411203157156706,0.17961306869983673,33.625732421875,0.0004339371807873249,24.123741149902344,0.003869243897497654,0.2149086445569992,19.27840805053711,0.011807538568973541,0.3865716755390167,18.672544479370117,0.013575181365013123,0.45630013942718506,24.304367065429688,0.003711618483066559,0.17671433091163635,27.327152252197266,0.0018504828913137317,23.981630325317383,0.003997946623712778,0.20905701816082,19.249441146850586,0.011886552907526493,0.3772667646408081,18.7071533203125,0.013467426411807537,0.4465152323246002,31.78278160095215,0.0006633180310018361,0.03964181989431381,28.13739776611328,0.0015355371870100498,32.764373779296875,0.0005291304551064968,0.04707329720258713
423578,6087,5,3033,-1,2,24.346786499023438,0.3471992313861847,26.133262634277344,0.28073009848594666,24.486730575561523,21.962430953979492,0.4254523515701294,22.778667449951172,24.60240364074707,0.18662095069885254,17.785341262817383,17.925264358520508,24.030189514160156,0.2102818638086319,100.0,0.34396257996559143,0.8161646723747253,3033,3065,0.42067593336105347,0,0,0.00367554253898561,0.0035589919425547123,24.325653076171875,0.003693473059684038,0.4194934070110321,0.002435979899019003,0.2004471868276596,25.983198165893555,0.0025216226931661367,0.2391011118888855,0.00636439211666584,0.01665198802947998,23.204191207885742,0.004781685303896666,0.503693163394928,0.005273915361613035,0.2758241593837738,24.463899612426758,0.0035777506418526173,0.3169291913509369,0.0034654501359909773,0.01612403243780136,28.18735122680664,0.0015179762849584222,0.21033059060573578,0.003953493665903807,0.0,23.408710479736328,0.004561723209917545,0.2571413218975067,25.165119171142578,0.0030443049035966396,0.3455277979373932,33.09986877441406,0.0004897933686152101,24.6378173828125,0.003437306499108672,0.42640694975852966,26.173002243041992,0.0024137920700013638,0.18851518630981445,25.581195831298828,0.002766180783510208,0.23292484879493713,24.213436126708984,0.003790150862187147,0.36964404582977295,30.13083267211914,0.00097032415214926,23.7427921295166,0.004223970230668783,0.456210196018219,24.8360538482666,0.003283936996012926,0.20626682043075562,24.339717864990234,0.0036815276835113764,0.2516727149486542,29.567066192626953,0.0011048250598832965,0.08632849156856537,31.66009521484375,0.000682324287481606,29.31879234313965,0.0011698250891640782,0.10466984659433365
425098,6087,5,4617,-1,0,19.923133850097656,0.3463241457939148,18.053476333618164,0.2994982898235321,23.982681274414062,18.564476013183594,0.41808021068573,17.1074275970459,23.065088272094727,0.1357521414756775,17.663543701171875,17.91134262084961,17.503868103027344,0.26885733008384705,100.0,0.3765718638896942,0.7953283786773682,4617,4649,0.40405794978141785,0,0,0.010178565047681332,0.003996977116912603,19.535213470458984,0.011129580438137054,0.4039917588233948,0.015654971823096275,0.2732389569282532,17.50935173034668,0.01774454489350319,0.31373903155326843,0.01391721609979868,0.017125597223639488,18.721303939819336,0.013423618860542774,0.47542718052864075,0.0194651298224926,0.3276473581790924,17.008445739746094,0.01991385780274868,0.3623596131801605,0.004937320947647095,0.016175804659724236,24.937219619750977,0.003208323149010539,0.13677909970283508,0.017766961827874184,0.0,16.882389068603516,0.020500339567661285,0.3185989558696747,20.268436431884766,0.009400620125234127,0.3282278776168823,31.965293884277344,0.0006360199768096209,19.68631362915039,0.01074901968240738,0.39247941970825195,18.187633514404297,0.015178774483501911,0.2468244433403015,17.57253646850586,0.01748824678361416,0.2928057909011841,19.60409927368164,0.01095444057136774,0.35545602440834045,29.02377700805664,0.0012520523741841316,19.049312591552734,0.012447115033864975,0.4200388193130493,17.749677658081055,0.01678929105401039,0.2682175636291504,17.157421112060547,0.019242344424128532,0.31613725423812866,27.354511260986328,0.0018388599855825305,0.06872756779193878,30.832300186157227,0.0008256003493443131,27.001123428344727,0.0019947460386902094,0.08048225194215775
425419,6088,2,28,-1,0,27.56525230407715,0.11364398896694183,23.68551254272461,0.13625174760818481,27.332015991210938,23.585342407226562,0.14687615633010864,21.728084564208984,24.15984344482422,0.08503343164920807,17.822113037109375,17.826507568359375,23.012958526611328,0.13642644882202148,100.0,0.29058074951171875,0.4688946008682251,28,60,0.38803714513778687,0,0,0.0017517610685899854,0.0018484111642464995,27.602272033691406,0.0017368919216096401,0.13521546125411987,0.00428004888817668,0.14248228073120117,23.393590927124023,0.004577632062137127,0.16734236478805542,0.004379915539175272,0.0165115874260664,25.997203826904297,0.002513504819944501,0.16159099340438843,0.006717253942042589,0.16086235642433167,22.790834426879883,0.005259161815047264,0.18009190261363983,0.003837211523205042,0.016494885087013245,27.23566436767578,0.0018898770213127136,0.08572880178689957,0.0049969409592449665,0.0,22.3914794921875,0.005765701178461313,0.1661948263645172,30.466426849365234,0.0008981674327515066,0.08906245231628418,37.13942337036133,0.00019322258594911546,29.971343994140625,0.0010066203540191054,0.10892193764448166,24.479930877685547,0.003564569866284728,0.12359873950481415,23.883182525634766,0.0040896073915064335,0.1492435783147812,27.68897819519043,0.0017025594133883715,0.11215338110923767,32.029727935791016,0.0006266533746384084,27.28603744506836,0.0018680832581594586,0.13761109113693237,23.522005081176758,0.004444261081516743,0.13122281432151794,22.971601486206055,0.005044752731919289,0.15921972692012787,29.57972526550293,0.0011016090866178274,0.051571622490882874,32.66421890258789,0.0005414746119640768,29.252626419067383,0.0011877836659550667,0.06255299597978592
428099,6088,2,2772,-1,3,27.632463455200195,0.15843941271305084,25.98868179321289,0.15846116840839386,25.531173706054688,23.754423141479492,0.19627448916435242,23.064481735229492,24.282634735107422,0.1020016148686409,17.47756576538086,17.724443435668945,25.175716400146484,0.1733563095331192,100.0,0.2572892904281616,0.6158871650695801,2772,2804,0.3854365348815918,0,0,0.001724860048852861,0.002798226196318865,28.069515228271484,0.0015597267774865031,0.1867966204881668,0.002518440829589963,0.1789090782403946,25.919105529785156,0.0025591133162379265,0.21084308624267578,0.004212673287838697,0.017874902114272118,26.75554656982422,0.002110792091116309,0.21942836046218872,0.00493801012635231,0.207549586892128,25.06175994873047,0.003117627464234829,0.23110729455947876,0.0037302388809621334,0.0168871209025383,27.679946899414062,0.0017061030957847834,0.10241401195526123,0.0030368855223059654,0.0,24.554237365722656,0.003504099091514945,0.20761844515800476,30.992956161499023,0.0007956176996231079,0.13903222978115082,32.76088333129883,0.0005295557784847915,30.77507972717285,0.0008365503745153546,0.16945354640483856,27.94407844543457,0.001605432596988976,0.14970239996910095,27.391075134277344,0.0018234440358355641,0.17927058041095734,27.733779907226562,0.0016850861720740795,0.1710188090801239,29.281845092773438,0.0011798195773735642,27.537921905517578,0.001762819360010326,0.20573143661022186,25.999954223632812,0.0025119134224951267,0.16508695483207703,25.576372146606445,0.0027692539151757956,0.19754090905189514,29.0433292388916,0.0012464281171560287,0.0644635334610939,30.990800857543945,0.0007960127550177276,28.80835723876953,0.0013157227076590061,0.0757358968257904
428370,6088,2,3075,-1,0,26.166685104370117,0.12981544435024261,21.701927185058594,0.14763152599334717,27.09792137145996,22.24346923828125,0.19591528177261353,19.834148406982422,22.579286575317383,0.12013952434062958,17.91469955444336,17.870710372924805,20.585355758666992,0.39634639024734497,100.0,0.3411547839641571,0.43274059891700745,3075,3107,0.4035727083683014,0,0,0.0024173064157366753,0.0019507781835272908,26.03961181640625,0.0024890799541026354,0.14829735457897186,0.006757833529263735,0.3798515200614929,21.237628936767578,0.00752033619210124,0.4370972216129303,0.00596558628603816,0.016163304448127747,23.5687255859375,0.004396707285195589,0.21140852570533752,0.010389274917542934,0.40901637077331543,20.216672897338867,0.009513335302472115,0.4600214958190918,0.005521681159734726,0.01632784865796566,24.13503646850586,0.003859193529933691,0.123184934258461,0.008739056997001171,0.0,19.963876724243164,0.01008352730423212,0.4653310775756836,29.99180793762207,0.0010018881876021624,0.09788043051958084,36.92539978027344,0.0002029830648098141,29.489259719848633,0.0011247966904193163,0.11613348126411438,22.56351661682129,0.005541768856346607,0.38386020064353943,21.956050872802734,0.006373750511556864,0.4525279402732849,25.19984245300293,0.0030200618784874678,0.12661151587963104,30.188806533813477,0.0009574571158736944,24.76593780517578,0.003337385831400752,0.14859697222709656,21.196178436279297,0.007592454086989164,0.3864983320236206,20.640300750732422,0.008629187941551208,0.4527493119239807,25.91050910949707,0.002564183669164777,0.0697278380393982,30.470745086669922,0.0008972749928943813,25.496538162231445,0.002820631256327033,0.08143585920333862
429331,6088,2,4100,-1,1,22.769397735595703,0.3080884516239166,21.387317657470703,0.26570644974708557,21.330474853515625,19.790374755859375,0.39088788628578186,19.03541374206543,20.588903427124023,0.22378085553646088,17.07638168334961,17.905914306640625,18.571998596191406,0.2833070158958435,21.999805450439453,0.40601691603660583,0.6544221043586731,4100,4132,0.42597681283950806,0,0,0.005285183899104595,0.007361266296356916,23.040119171142578,0.004965786822140217,0.36032938957214355,0.007265546824783087,0.27514827251434326,21.30599021911621,0.007402882911264896,0.3194829225540161,0.01049452181905508,0.019604770466685295,20.41295623779297,0.009092944674193859,0.44843539595603943,0.012487020343542099,0.339924693107605,19.406404495239258,0.01146461721509695,0.385957270860672,0.008731917478144169,0.016196031123399734,21.201250076293945,0.007583592552691698,0.24537304043769836,0.013893135823309422,0.006309857126325369,18.22180938720703,0.01505979709327221,0.3330346345901489,24.506635665893555,0.0035427173133939505,0.25406432151794434,22.52988052368164,0.005584856029599905,24.909934997558594,0.003228542162105441,0.30024033784866333,22.517662048339844,0.005600590258836746,0.2528156638145447,22.506446838378906,0.005615070927888155,0.2988947033882141,20.94629669189453,0.008042112924158573,0.31211352348327637,21.748655319213867,0.006685507949441671,20.83502769470215,0.008250821381807327,0.3691926598548889,19.88948631286621,0.01025773398578167,0.28314027190208435,19.65894889831543,0.010816959664225578,0.3367442786693573,22.477115631103516,0.005653123836964369,0.13882401585578918,29.73285675048828,0.0010634437203407288,21.965953826904297,0.006359228864312172,0.16255003213882446
429471,6088,2,4240,-1,1,25.187406539916992,0.11168352514505386,20.73875617980957,0.14788101613521576,28.552997589111328,21.733179092407227,0.17593997716903687,19.289939880371094,22.43687629699707,0.12132598459720612,17.898807525634766,17.923885345458984,19.44039535522461,0.1311843991279602,100.0,0.3416975140571594,0.43278342485427856,4240,4272,0.3749642074108124,0,0,0.0030287224799394608,0.0013954051537439227,24.841259002685547,0.003280001925304532,0.12845461070537567,0.008435763418674469,0.1487632393836975,20.28524398803711,0.00936430785804987,0.16885797679424286,0.006709377747029066,0.016222558915615082,22.8018741607666,0.005245810840278864,0.18998485803604126,0.011776222847402096,0.18359996378421783,19.503273010253906,0.011211729608476162,0.19697295129299164,0.005705744493752718,0.016129154711961746,23.86989402770996,0.004102143459022045,0.12312594801187515,0.011375236324965954,0.0,18.81891632080078,0.013125273399055004,0.15255707502365112,27.95536231994629,0.00160126737318933,0.09286053478717804,37.79396438598633,0.0001661895657889545,27.39440155029297,0.0018220484489575028,0.10818471014499664,21.397422790527344,0.007248662877827883,0.12250523269176483,20.79050064086914,0.008335852064192295,0.14130541682243347,24.23507308959961,0.003771316260099411,0.11662217974662781,30.403039932250977,0.0009113730629906058,23.75583267211914,0.004211307503283024,0.1355164796113968,20.190269470214844,0.009571344591677189,0.13877950608730316,19.62473487854004,0.010902512818574905,0.16322532296180725,25.590288162231445,0.002760395174846053,0.07279561460018158,30.494842529296875,0.0008923098794184625,25.160144805908203,0.003047793172299862,0.08463213592767715
432829,6089,3,2777,-1,3,27.472087860107422,0.11599356681108475,25.827341079711914,0.1164487823843956,27.27403450012207,23.754892349243164,0.13720619678497314,22.851266860961914,24.492774963378906,0.08934801816940308,17.972942352294922,18.03080940246582,24.633495330810547,0.0907190814614296,100.0,0.1867038905620575,0.6237083673477173,2777,2809,0.38650912046432495,0,0,0.0017897447105497122,0.0018732536118477583,27.50337791442871,0.0017768973484635353,0.13278363645076752,0.002613761695101857,0.09153392165899277,25.513303756713867,0.0028097624890506268,0.10428313910961151,0.0042122178710997105,0.01594797894358635,26.18575096130371,0.0024067163467407227,0.14273515343666077,0.005186486057937145,0.129280686378479,24.489452362060547,0.003556762123480439,0.13483630120754242,0.0035540438257157803,0.015736892819404602,27.74753189086914,0.0016797594726085663,0.08846764266490936,0.0034407286439090967,0.0,24.01201629638672,0.003970071207731962,0.10532338172197342,30.34916877746582,0.000922748411539942,0.09369033575057983,36.424468994140625,0.00022779971186537296,29.873046875,0.001029663602821529,0.1103992611169815,27.22426986694336,0.0018948426004499197,0.07622586935758591,26.641016006469727,0.0021671976428478956,0.08861967921257019,27.21890640258789,0.0018971837125718594,0.10668079555034637,29.038393020629883,0.0012478453572839499,26.996042251586914,0.0019970820285379887,0.12579594552516937,25.297840118408203,0.002952678594738245,0.09539608657360077,24.9117374420166,0.003227202920243144,0.1113196387887001,29.025423049926758,0.0012515775160863996,0.05209539830684662,29.4249324798584,0.00114158121868968,28.96709442138672,0.00126850011292845,0.060467541217803955
441447,6091,5,1327,-1,2,19.715599060058594,0.1953134387731552,17.953813552856445,0.25959375500679016,25.470359802246094,18.194908142089844,0.2334061563014984,16.91768455505371,21.77253532409668,0.10404396057128906,18.020906448364258,18.07274627685547,17.03687858581543,0.17751966416835785,100.0,0.3677440881729126,0.7059087157249451,1327,1359,0.3949483036994934,0,0,0.010676776058971882,0.0028376858681440353,19.25081443786621,0.011882791295647621,0.2146501988172531,0.016018377617001534,0.19531933963298798,17.410123825073242,0.01815463975071907,0.21531741321086884,0.01515336986631155,0.015772825106978416,18.222309112548828,0.015058070421218872,0.24844537675380707,0.020334413275122643,0.2221827507019043,16.758432388305664,0.02109389565885067,0.23489652574062347,0.0066488515585660934,0.015585669316351414,22.778635025024414,0.005273956805467606,0.09760429710149765,0.019783910363912582,0.0,16.4153995513916,0.022827589884400368,0.1975824534893036,20.243144989013672,0.009455523453652859,0.1797933727502823,35.3330078125,0.00029288631048984826,19.639638900756836,0.010865159332752228,0.20188486576080322,18.273334503173828,0.014882178977131844,0.1851574182510376,17.658899307250977,0.017143921926617622,0.20732727646827698,19.10291862487793,0.012294420972466469,0.20110784471035004,30.995304107666016,0.0007951877196319401,18.51905632019043,0.014063535258173943,0.22525979578495026,17.545583724975586,0.017597120255231857,0.18931469321250916,16.94626808166504,0.02020101435482502,0.21138131618499756,24.57493782043457,0.0034874367993324995,0.06264504790306091,31.284038543701172,0.0007440401241183281,24.07879066467285,0.003909497521817684,0.07049216330051422
443718,6091,5,3694,-1,1,23.110916137695312,0.19474971294403076,18.989582061767578,0.28896114230155945,24.95481300354004,20.798616409301758,0.25024932622909546,17.84091567993164,22.428380966186523,0.11397990584373474,17.531394958496094,17.40232276916504,18.279796600341797,0.3260502815246582,100.0,0.43325328826904297,0.6669566035270691,3694,3726,0.39873918890953064,0,0,0.004885493312031031,0.003195351455360651,22.885713577270508,0.005145515315234661,0.21724823117256165,0.012619487941265106,0.3277982771396637,18.4516544342041,0.014283500611782074,0.3751206398010254,0.008320290595293045,0.01765470951795578,21.62145233154297,0.006884226109832525,0.2733946442604065,0.016440249979496002,0.35685741901397705,17.91633415222168,0.016157224774360657,0.39565619826316833,0.005716915242373943,0.018187277019023895,24.203996658325195,0.0037983981892466545,0.1126936748623848,0.014860058203339577,0.0,17.65831756591797,0.017146222293376923,0.3766978979110718,24.714942932128906,0.0033768038265407085,0.17766112089157104,34.31209945678711,0.0003705016861204058,24.157466888427734,0.0038393116556108,0.20556852221488953,19.65573501586914,0.010824962519109249,0.3175335228443146,19.0419864654541,0.012468133121728897,0.36699962615966797,22.545576095581055,0.005564710590988398,0.20035913586616516,28.848346710205078,0.0013036628952249885,22.061918258666992,0.006220256444066763,0.2318151891231537,18.803821563720703,0.013170978054404259,0.33144986629486084,18.23880958557129,0.015000960789620876,0.38147327303886414,25.73014259338379,0.0026729193050414324,0.06351788341999054,28.768699645996094,0.0013277926482260227,25.40628433227539,0.002879861742258072,0.0709652304649353
447296,6092,2,2355,-1,1,28.904264450073242,0.0965358093380928,25.25794792175293,0.13534553349018097,25.189191818237305,23.877243041992188,0.13935504853725433,22.528915405273438,24.086803436279297,0.09121382236480713,16.953994750976562,17.001930236816406,24.611072540283203,0.14035727083683014,100.0,0.31136077642440796,0.4346903860569,2355,2387,0.38601964712142944,0,0,0.0012869855854660273,0.0030274775344878435,29.91733169555664,0.0010192174231633544,0.11270137131214142,0.0029799239709973335,0.15024664998054504,25.262523651123047,0.002976786345243454,0.17542564868927002,0.004095204174518585,0.020165106281638145,27.897050857543945,0.0016229120083153248,0.15019041299819946,0.005586099345237017,0.16932252049446106,24.544973373413086,0.003511579940095544,0.18661180138587952,0.0039022902492433786,0.019943762570619583,28.43338394165039,0.0014343713410198689,0.08885720372200012,0.0034585408866405487,0.0,23.989591598510742,0.003990624099969864,0.16599935293197632,32.90279006958008,0.0005125319003127515,0.06981728971004486,33.63804626464844,0.00043270832975395024,32.799957275390625,0.0005248124361969531,0.08454626798629761,26.492286682128906,0.0022427011281251907,0.12603473663330078,25.953330993652344,0.0025390253867954016,0.15214955806732178,28.44289779663086,0.0014312331331893802,0.09056645631790161,26.590980529785156,0.0021923102904111147,28.813570022583008,0.0013141441158950329,0.10766561329364777,25.005922317504883,0.003157968632876873,0.1375361680984497,24.777231216430664,0.003328717080876231,0.16650882363319397,29.324687957763672,0.0011682381154969335,0.04673340544104576,27.2703914642334,0.0018748254515230656,29.748857498168945,0.0010595323983579874,0.05558745190501213
451518,6093,3,1671,-1,3,23.227493286132812,0.15261171758174896,19.826492309570312,0.13039031624794006,27.328746795654297,21.01156997680664,0.1937181055545807,18.585006713867188,22.95046615600586,0.09111811220645905,18.17921257019043,18.187028884887695,18.9296932220459,0.1411130428314209,36.48650360107422,0.22458143532276154,0.5805925726890564,1671,1703,0.22938652336597443,0,0,0.004756095819175243,0.0018498026765882969,22.8372802734375,0.005203217267990112,0.17881888151168823,0.010407604277133942,0.14666110277175903,19.364055633544922,0.011576958931982517,0.16673457622528076,0.007922153919935226,0.015208234079182148,21.67413330078125,0.006801219191402197,0.21434804797172546,0.013851577416062355,0.1785605549812317,18.647478103637695,0.013653757981956005,0.1957806497812271,0.005069366190582514,0.015180887654423714,24.542293548583984,0.0035137480590492487,0.09050873667001724,0.012794720008969307,0.00022456909937318414,18.318387985229492,0.014728590846061707,0.1646873652935028,24.381446838378906,0.003646325087174773,0.13017137348651886,37.99253463745117,0.00015876206452958286,23.785255432128906,0.004182873293757439,0.15747764706611633,19.997251510620117,0.01000632718205452,0.12700721621513367,19.38998794555664,0.011508041061460972,0.14824031293392181,22.90557098388672,0.005122040864080191,0.15728892385959625,32.30157470703125,0.0005886299768462777,22.351152420043945,0.005819488316774368,0.18777596950531006,19.289915084838867,0.011776288971304893,0.14855171740055084,18.701021194458008,0.01348645705729723,0.17376041412353516,27.11707305908203,0.0019421938341110945,0.04625091701745987,33.01240158081055,0.0004997581709176302,26.647212982177734,0.0021641068160533905,0.05594976246356964
454594,6094,4,78,-1,2,25.25367546081543,0.21546508371829987,17.850013732910156,0.22913086414337158,25.580883026123047,22.69191551208496,0.24918749928474426,17.185270309448242,25.095783233642578,0.07950203120708466,17.644338607788086,17.87859344482422,17.645240783691406,0.18887919187545776,100.0,0.37986862659454346,0.6031844615936279,78,110,0.4496130049228668,0,0,0.002982858568429947,0.002766379388049245,25.20545196533203,0.0030161631293594837,0.25433799624443054,0.016405850648880005,0.19654247164726257,17.319499969482422,0.018537448719143867,0.2334907352924347,0.005380325019359589,0.0172014981508255,24.483449935913086,0.00356168276630342,0.27948448061943054,0.019119342789053917,0.2184954583644867,17.126243591308594,0.019380979239940643,0.25195565819740295,0.003093298291787505,0.016298238188028336,29.739696502685547,0.001061769318766892,0.07884036004543304,0.01719791814684868,0.0,17.023761749267578,0.019843751564621925,0.233189657330513,26.114009857177734,0.002446803031489253,0.19195322692394257,35.346317291259766,0.0002919902035500854,25.56218910217285,0.0027783128898590803,0.23229359090328217,17.887662887573242,0.016264239326119423,0.1789810061454773,17.271554946899414,0.018743237480521202,0.22034387290477753,25.194141387939453,0.003024028381332755,0.20662429928779602,30.3701114654541,0.0009183095535263419,24.752166748046875,0.0033479854464530945,0.24716009199619293,17.746883392333984,0.01680009253323078,0.19048160314559937,17.15034294128418,0.019273726269602776,0.23465795814990997,30.846099853515625,0.000822981761302799,0.04507622867822647,31.745147705078125,0.0006690910086035728,30.722923278808594,0.0008466572617180645,0.055377110838890076
454878,6094,4,362,-1,2,25.337478637695312,0.19350408017635345,19.323484420776367,0.21512620151042938,24.916906356811523,22.774761199951172,0.22201569378376007,18.435752868652344,24.691160202026367,0.07510583102703094,17.59842872619629,17.559234619140625,18.86700439453125,0.2249978482723236,100.0,0.43868008255958557,0.49039426445961,362,394,0.41126322746276855,0,0,0.0029258516151458025,0.0032233656384050846,25.40595245361328,0.0028800806030631065,0.2257642149925232,0.011685614474117756,0.24463528394699097,18.827510833740234,0.013099324889481068,0.28365111351013184,0.005278662778437138,0.017384296283125877,24.66449546813965,0.003416257444769144,0.2523024082183838,0.014335895888507366,0.2601203918457031,18.592594146728516,0.013827402144670486,0.2931811511516571,0.0033953464590013027,0.017541905865073204,29.140132904052734,0.0012189524713903666,0.07487666606903076,0.012980741448700428,0.0,18.245527267456055,0.014977778308093548,0.2650703191757202,26.213838577270508,0.002391201676800847,0.17839926481246948,35.645259857177734,0.000272567558567971,25.658872604370117,0.0027171452529728413,0.21407350897789001,19.326480865478516,0.011677554808557034,0.22199368476867676,18.71518898010254,0.013442534022033215,0.2632905840873718,25.340044021606445,0.002924122614786029,0.1922486275434494,29.318552017211914,0.0011698894668370485,24.956645965576172,0.0031940045300871134,0.23114784061908722,19.076339721679688,0.012369897216558456,0.2341717630624771,18.507539749145508,0.014100871980190277,0.27594760060310364,30.31232452392578,0.0009306099964305758,0.04586908221244812,29.884113311767578,0.0010270429775118828,30.382118225097656,0.000915774202439934,0.05472547933459282
456101,6094,4,1585,-1,1,26.566730499267578,0.14027051627635956,23.447704315185547,0.17110224068164825,26.548511505126953,23.27333641052246,0.17763163149356842,21.48613166809082,24.729082107543945,0.07799464464187622,17.521854400634766,17.58914566040039,22.780967712402344,0.22343051433563232,100.0,0.3175700604915619,0.5387858152389526,1585,1617,0.38086655735969543,0,0,0.0022045858204364777,0.0022138538770377636,26.56954002380371,0.002203160198405385,0.16327814757823944,0.004520950373262167,0.22882726788520813,23.089702606201172,0.004909416660666466,0.26505348086357117,0.00470615504309535,0.0176935363560915,25.67336082458496,0.00270809605717659,0.19415831565856934,0.00710209971293807,0.2447194755077362,22.55643653869629,0.005550808738917112,0.27281349897384644,0.003365826793015003,0.017421502619981766,29.195844650268555,0.0012034149840474129,0.07811387628316879,0.0052711255848407745,0.0,22.159488677978516,0.006082067731767893,0.2650783360004425,28.105104446411133,0.0015469972277060151,0.12647400796413422,35.05705261230469,0.0003121007757727057,27.60205078125,0.0017369813285768032,0.15093529224395752,23.867351531982422,0.004104543011635542,0.20746418833732605,23.266254425048828,0.00471383985131979,0.24844378232955933,26.47060203552246,0.0022539268247783184,0.13766539096832275,28.288774490356445,0.0014829363208264112,26.24786376953125,0.0023725409992039204,0.16362304985523224,23.097457885742188,0.004900655709207058,0.21619769930839539,22.61924934387207,0.005471107549965382,0.25598597526550293,30.427154541015625,0.0009063265169970691,0.03652779757976532,29.476551055908203,0.0011280932230874896,30.59379768371582,0.0008722085622139275,0.04560421407222748
461979,6095,5,2344,-1,0,23.79352569580078,0.33639025688171387,22.899532318115234,0.28227171301841736,22.650136947631836,21.708955764770508,0.37891846895217896,21.09005355834961,24.945293426513672,0.09230931848287582,17.569311141967773,17.796751022338867,22.28848648071289,0.31013327836990356,100.0,0.36916375160217285,0.7646246552467346,2344,2376,0.47749200463294983,0,0,0.004174914676696062,0.00543233472853899,23.99957275390625,0.003981465008109808,0.38882553577423096,0.005129166878759861,0.2994275689125061,22.53839683532715,0.00557391531765461,0.34654903411865234,0.0067469049245119095,0.017501240596175194,22.930784225463867,0.00509239174425602,0.4300408959388733,0.007780269253998995,0.3232918381690979,21.91402816772461,0.006435717921704054,0.3630980849266052,0.003202364081516862,0.016608290374279022,29.43128204345703,0.0011399139184504747,0.09425641596317291,0.005904069636017084,0.0,21.667007446289062,0.00681238854303956,0.36635738611221313,24.63430404663086,0.003440088825300336,0.30118077993392944,30.229890823364258,0.0009484426118433475,24.17548179626465,0.0038234188687056303,0.3498786389827728,23.00229835510254,0.005009219981729984,0.2820131778717041,22.40753173828125,0.005744428839534521,0.33264827728271484,23.675621032714844,0.0042898100800812244,0.32574349641799927,27.212566375732422,0.0018999557942152023,23.318490982055664,0.004657479468733072,0.3777933120727539,22.393409729003906,0.005763135850429535,0.29208770394325256,21.90608787536621,0.006447498686611652,0.3435375392436981,30.524356842041016,0.0008862667600624263,0.05290289223194122,29.220256805419922,0.0011966703459620476,30.76490592956543,0.000838512263726443,0.06226444989442825
463435,6095,5,3896,-1,0,21.34990882873535,0.12833629548549652,14.144606590270996,0.2155410349369049,26.680999755859375,19.331947326660156,0.1606387346982956,13.672369956970215,21.585474014282227,0.0971703752875328,18.26449966430664,18.137548446655273,13.649054527282715,0.3557072877883911,31.597248077392578,0.543615460395813,0.39649540185928345,3896,3928,0.4587947726249695,0,0,0.007328402251005173,0.0021473364904522896,20.901506423950195,0.00812548864632845,0.14274394512176514,0.038506973534822464,0.3463909924030304,13.560049057006836,0.04405497759580612,0.3930494785308838,0.011662863194942474,0.014912488870322704,19.5222225189209,0.01116291992366314,0.16655313968658447,0.042930204421281815,0.37429237365722656,13.263168334960938,0.047171883285045624,0.41282302141189575,0.006941487081348896,0.015354838222265244,22.481725692749023,0.0056471265852451324,0.09367071092128754,0.0431612953543663,0.0006922698812559247,13.036872863769531,0.04969499260187149,0.40655896067619324,22.87222671508789,0.00516151636838913,0.10269729793071747,36.672157287597656,0.00021517118148040026,22.274953842163086,0.0059224930591881275,0.11752448976039886,14.418950080871582,0.03614973649382591,0.3433874845504761,13.809857368469238,0.04159242659807205,0.39299827814102173,20.83074951171875,0.008258956484496593,0.1194000318646431,29.85803985595703,0.0010332278907299042,20.282323837280273,0.009370607323944569,0.13530290126800537,14.007966995239258,0.0397377647459507,0.35205814242362976,13.408726692199707,0.04561707004904747,0.40196526050567627,24.321460723876953,0.00369703839533031,0.050703730434179306,30.527385711669922,0.0008856483036652207,23.84096336364746,0.004129560198634863,0.05790470540523529
466320,6096,2,1871,-1,3,28.82101058959961,0.10430043190717697,25.96479034423828,0.1626967489719391,26.242082595825195,24.460115432739258,0.15872128307819366,23.224571228027344,25.00522804260254,0.09496937692165375,17.899158477783203,18.008752822875977,25.47036361694336,0.13091082870960236,100.0,0.30325767397880554,0.5364966988563538,1871,1903,0.37905576825141907,0,0,0.0013118948554620147,0.0023757012095302343,29.399702072143555,0.0011482323752716184,0.12336909025907516,0.002532334765419364,0.13789302110671997,25.981523513793945,0.0025225956924259663,0.1660599708557129,0.00358086870983243,0.016221238300204277,27.861644744873047,0.0016361961606889963,0.17721077799797058,0.004759298637509346,0.16972148418426514,25.21275520324707,0.0030110946390777826,0.18775704503059387,0.00315847247838974,0.015817023813724518,29.168548583984375,0.0012110034003853798,0.10007177293300629,0.0028376809787005186,0.0,24.84888458251953,0.003274247283115983,0.15557198226451874,31.545761108398438,0.0007005255902186036,0.09250539541244507,34.857566833496094,0.0003267706779297441,31.203157424926758,0.0007580263772979379,0.1130279153585434,27.244625091552734,0.001885981298983097,0.11764675378799438,26.71634292602539,0.0021299333311617374,0.14440341293811798,28.79166603088379,0.001320788636803627,0.11633298546075821,30.103519439697266,0.0009764457354322076,28.62087631225586,0.0013737644767388701,0.14078083634376526,25.919910430908203,0.0025586404372006655,0.13198138773441315,25.522010803222656,0.0028041352052241564,0.15809306502342224,30.33983612060547,0.0009247331763617694,0.04731373488903046,29.699817657470703,0.0010715648531913757,30.44724464416504,0.0009021436562761664,0.05773179233074188
467293,6096,2,2876,-1,0,22.295391082763672,0.26330623030662537,19.752439498901367,0.26014629006385803,25.52869415283203,20.526832580566406,0.29414981603622437,18.668596267700195,23.871379852294922,0.087887242436409,18.028202056884766,18.031503677368164,19.166126251220703,0.3831733465194702,100.0,0.38899922370910645,0.6687578558921814,2876,2908,0.43913018703460693,0,0,0.005894690752029419,0.0027998245786875486,21.958044052124023,0.006370824761688709,0.3096296489238739,0.010586588643491268,0.3705146014690399,19.25140380859375,0.01188118290156126,0.43096572160720825,0.008857612498104572,0.015746349468827248,21.080276489257812,0.007797806523740292,0.33733755350112915,0.0135875279083848,0.39395853877067566,18.780292510986328,0.01324252225458622,0.4492012858390808,0.004100739490240812,0.015734385699033737,26.362098693847656,0.0023109479807317257,0.08450741320848465,0.012116783298552036,0.0,18.544647216796875,0.013980903662741184,0.4494210481643677,22.974388122558594,0.005041518714278936,0.23917151987552643,34.800235748291016,0.0003311131149530411,22.3911075592041,0.005766196176409721,0.2885441184043884,20.09599494934082,0.009781389497220516,0.3603406548500061,19.4835262298584,0.011262830346822739,0.42539075016975403,21.990339279174805,0.006323623936623335,0.26119178533554077,30.228084564208984,0.0009488367941230536,21.456626892089844,0.007150514051318169,0.3120841383934021,19.553918838500977,0.01108174491673708,0.37957584857940674,18.97372055053711,0.012665663845837116,0.4449547231197357,28.311140060424805,0.001475319266319275,0.04607560485601425,30.934417724609375,0.0008064142311923206,28.01830291748047,0.0015782277332618833,0.053766824305057526
467853,6096,2,3468,-1,2,24.025333404541016,0.1793489158153534,19.31258773803711,0.1879895031452179,25.60439682006836,21.328947067260742,0.21795186400413513,18.07886505126953,23.07427215576172,0.09514985233545303,17.86892318725586,18.14723014831543,18.37236213684082,0.17898426949977875,100.0,0.36767637729644775,0.5112906694412231,3468,3500,0.42851394414901733,0,0,0.00395791744813323,0.002751442603766918,23.826295852661133,0.004143528640270233,0.21551063656806946,0.011714973486959934,0.19959133863449097,18.751216888427734,0.013331481255590916,0.23126953840255737,0.007363858632743359,0.016334572806954384,22.230266571044922,0.005983748938888311,0.24961422383785248,0.015563725493848324,0.22119730710983276,18.067901611328125,0.015603063628077507,0.24855364859104156,0.004926889203488827,0.015320646576583385,24.778364181518555,0.0033278493210673332,0.09234805405139923,0.014546681195497513,0.0,17.750883102416992,0.016784630715847015,0.21407531201839447,25.14963150024414,0.003055181819945574,0.16605892777442932,34.23448181152344,0.0003771827323362231,24.600234985351562,0.0034671819303184748,0.2036387175321579,19.281644821166992,0.011798742227256298,0.18352438509464264,18.66823387145996,0.013588658533990383,0.22015362977981567,23.51357650756836,0.004452893976122141,0.1807643175125122,29.743528366088867,0.0010608334559947252,23.03228759765625,0.004974749404937029,0.218976691365242,18.740938186645508,0.013363068923354149,0.19340170919895172,18.15772819519043,0.015283656306564808,0.23236481845378876,27.171422958374023,0.0019180409144610167,0.05294171720743179,30.854509353637695,0.000821389548946172,26.80528450012207,0.002086756518110633,0.06195908039808273
469343,6096,2,4990,-1,4,25.862810134887695,0.2272588163614273,22.392696380615234,0.23929107189178467,25.41478157043457,23.025693893432617,0.27410009503364563,20.894357681274414,24.888137817382812,0.10149752348661423,17.9527645111084,18.103252410888672,21.791339874267578,0.29374656081199646,100.0,0.35600587725639343,0.6721548438072205,4990,5022,0.4250280559062958,0,0,0.0025925016961991787,0.0028742318972945213,25.936031341552734,0.002549158874899149,0.2662302255630493,0.00576408626511693,0.30047309398651123,22.036968231201172,0.0062560951337218285,0.35381704568862915,0.004982309881597757,0.016022255644202232,24.836158752441406,0.003283856902271509,0.31081902980804443,0.008138871751725674,0.32379788160324097,21.525039672851562,0.00703875906765461,0.3694515824317932,0.0032447860576212406,0.015476572327315807,28.655128479003906,0.0013629728928208351,0.10463188588619232,0.006620126310735941,0.0,21.169857025146484,0.007638607639819384,0.3505859076976776,26.808792114257812,0.002085071289911866,0.20973655581474304,34.11503219604492,0.00038770079845562577,26.29633903503418,0.002346205059438944,0.25189095735549927,22.60558319091797,0.005488350056111813,0.2901954650878906,22.00702667236328,0.006299374625086784,0.34775078296661377,25.70793914794922,0.0026866199914366007,0.22696678340435028,30.493507385253906,0.0008925843867473304,25.283233642578125,0.002962625352665782,0.2719384431838989,22.065488815307617,0.006215142086148262,0.2966999113559723,21.503623962402344,0.007073551882058382,0.3547379970550537,30.698333740234375,0.0008514650980941951,0.05218776315450668,31.888721466064453,0.0006473332759924233,30.541030883789062,0.00088286999380216,0.06392674893140793
469956,6097,3,537,-1,1,25.39865493774414,0.14244894683361053,23.485004425048828,0.16096459329128265,27.41288185119629,22.4262638092041,0.19800424575805664,21.314870834350586,23.622604370117188,0.10638368874788284,18.06671905517578,18.068204879760742,22.55817222595215,0.11559529602527618,100.0,0.2144409865140915,0.7506241798400879,537,569,0.31819695234298706,0,0,0.0028849255759269,0.0018143123015761375,25.157520294189453,0.0030496353283524513,0.16241315007209778,0.004482286050915718,0.11394508183002472,23.035737991333008,0.00497079873457551,0.13005028665065765,0.005719705484807491,0.015607312321662903,23.769023895263672,0.00419853487983346,0.21090033650398254,0.007387763820588589,0.16069114208221436,22.137245178222656,0.006113297771662474,0.1695479154586792,0.004342498257756233,0.015601971186697483,25.833141326904297,0.0026102715637534857,0.10574830323457718,0.0055485921911895275,0.0,21.93669319152832,0.006402221508324146,0.13632379472255707,27.161224365234375,0.0019225500291213393,0.1203804463148117,37.92999267578125,0.00016106486145872623,26.588531494140625,0.0021935475524514914,0.1399722546339035,24.521635055541992,0.003530503949150443,0.10360576957464218,23.915950775146484,0.004058868158608675,0.1200326532125473,25.000886917114258,0.003161633387207985,0.1534123718738556,32.32024383544922,0.000586105277761817,24.488101959228516,0.0035578685346990824,0.17883436381816864,23.214401245117188,0.004770456347614527,0.12348350882530212,22.655941009521484,0.005425076931715012,0.14272060990333557,27.90777015686035,0.0016189106972888112,0.05591985583305359,32.672279357910156,0.0005404707044363022,27.484046936035156,0.0017848244169726968,0.06477724015712738
470351,6097,3,964,-1,2,25.697908401489258,0.12522996962070465,19.998014450073242,0.1619122475385666,28.902151107788086,22.37758445739746,0.15696340799331665,18.890405654907227,23.733932495117188,0.09312921017408371,18.30607032775879,18.169633865356445,19.156953811645508,0.15553617477416992,100.0,0.3259005844593048,0.4968148469924927,964,996,0.31724637746810913,0,0,0.0026928314473479986,0.0012876116670668125,25.362533569335938,0.002909019123762846,0.14255847036838531,0.010004575364291668,0.1610918939113617,19.55862045288086,0.011069757863879204,0.17541161179542542,0.005784178618341684,0.014770425856113434,23.56381607055664,0.004401679150760174,0.16510778665542603,0.012910989113152027,0.18502464890480042,19.01731300354004,0.012539166957139969,0.1955319046974182,0.0042325956746935844,0.015241816639900208,25.953596115112305,0.002538869855925441,0.09070584923028946,0.012142402119934559,0.0,18.535476684570312,0.01401046384125948,0.17223912477493286,27.255657196044922,0.0018811982590705156,0.10187043249607086,36.73133087158203,0.00021225966338533908,26.700008392333984,0.0021379580721259117,0.1187090203166008,20.258132934570312,0.00942294578999281,0.14176808297634125,19.64775276184082,0.010844879783689976,0.15682676434516907,24.86102294921875,0.0032651096116751432,0.12372585386037827,31.380102157592773,0.0007277628174051642,24.370567321777344,0.0036554711405187845,0.14304934442043304,19.61233901977539,0.01093367300927639,0.15745212137699127,19.026620864868164,0.01251231785863638,0.1734638810157776,28.028255462646484,0.001574616297148168,0.04897607862949371,31.55031967163086,0.0006997909513302147,27.672060012817383,0.0017092048656195402,0.05605471879243851
472252,6097,3,2993,-1,2,18.752655029296875,0.24701394140720367,16.960540771484375,0.2494487762451172,25.416624069213867,17.71086883544922,0.2818114459514618,16.2029972076416,23.062536239624023,0.07928717136383057,17.9458065032959,18.068883895874023,16.345928192138672,0.3309440612792969,100.0,0.38416215777397156,0.6493319869041443,2993,3025,0.28000807762145996,0,0,0.013327063992619514,0.0028730130288749933,18.257837295532227,0.014935378916561604,0.2673194408416748,0.02013474330306053,0.3296254575252533,16.400745391845703,0.022904744371771812,0.3676520586013794,0.016939986497163773,0.016047943383455276,17.675827026367188,0.01707722432911396,0.3030083477497101,0.023971782997250557,0.3477957248687744,15.984472274780273,0.025208840146660805,0.3814823031425476,0.00494022062048316,0.015599533915519714,24.81443214416504,0.0033003264106810093,0.07561464607715607,0.02319568209350109,0.0,15.724449157714844,0.026764249429106712,0.3771345615386963,18.846803665161133,0.013041265308856964,0.2294062376022339,35.68266296386719,0.00027023005532100797,18.237340927124023,0.015006041154265404,0.2547530233860016,17.030818939208984,0.019811531528830528,0.3160057067871094,16.41443634033203,0.022832660004496574,0.359335333108902,18.319419860839844,0.014725091867148876,0.24598699808120728,31.65987205505371,0.0006823588628321886,17.7248592376709,0.016885511577129364,0.2739564776420593,16.64542007446289,0.021650012582540512,0.3212892413139343,16.04037857055664,0.024886416271328926,0.3669734001159668,26.880990982055664,0.0020506950095295906,0.04338083043694496,32.21327590942383,0.0006007205811329186,26.432540893554688,0.002273768186569214,0.04952724277973175
476018,6098,4,1920,-1,0,20.029491424560547,0.35736942291259766,17.933395385742188,0.314596563577652,23.493946075439453,18.635589599609375,0.39659959077835083,16.98706817626953,23.95327377319336,0.06477881222963333,17.356887817382812,17.521512985229492,17.13443946838379,0.3476768136024475,100.0,0.4927401542663574,0.6384634375572205,1920,1952,0.42059245705604553,0,0,0.009932323358952999,0.004473067354410887,19.676952362060547,0.01077220868319273,0.4089958667755127,0.016093866899609566,0.35207289457321167,17.430526733398438,0.018069550395011902,0.40688788890838623,0.013691185973584652,0.018378548324108124,18.87058448791504,0.012970052659511566,0.4469948410987854,0.020012125372886658,0.37427616119384766,16.92768669128418,0.02028762921690941,0.42171433568000793,0.004024137277156115,0.017694927752017975,27.16486358642578,0.0019209389574825764,0.059977855533361435,0.019344443455338478,0.0,16.51296043395996,0.02232050895690918,0.4027618169784546,19.988340377807617,0.010026885196566582,0.3467221260070801,31.190717697143555,0.0007602008990943432,19.410987854003906,0.011452529579401016,0.4049845337867737,17.901742935180664,0.016211597248911858,0.3434120714664459,17.296796798706055,0.01863461174070835,0.40258532762527466,19.4251766204834,0.011415170505642891,0.3629240393638611,27.806413650512695,0.0016571383457630873,18.88858413696289,0.012916406616568565,0.41817182302474976,17.474239349365234,0.017888594418764114,0.3474445044994354,16.892961502075195,0.020450495183467865,0.4026199281215668,28.303016662597656,0.0014780808705836535,0.03957890719175339,28.93583106994629,0.001277664676308632,28.213356018066406,0.00150891428347677,0.04540026932954788
477627,6098,4,3561,-1,0,27.26604461669922,0.11734510213136673,22.82818603515625,0.16019144654273987,26.741558074951172,23.90079116821289,0.16511724889278412,21.315776824951172,25.53862762451172,0.07493386417627335,18.07176399230957,18.10423469543457,22.518943786621094,0.22131946682929993,100.0,0.3245391249656677,0.4935967028141022,3561,3593,0.3420295715332031,0,0,0.001876703230664134,0.0021176012232899666,27.3526668548584,0.0018396420637145638,0.14329402148723602,0.0052141244523227215,0.22283834218978882,22.426502227783203,0.005719390232115984,0.2616748809814453,0.004073061048984528,0.015589185990393162,26.380176544189453,0.0023013497702777386,0.187217116355896,0.007386217825114727,0.24615973234176636,22.10284996032715,0.006161905359476805,0.2795122563838959,0.0027934254612773657,0.015473072417080402,30.743215560913086,0.0008427106658928096,0.07594215869903564,0.0055989352986216545,0.0,21.8974666595459,0.00646031042560935,0.26342156529426575,28.52173614501953,0.0014054857892915606,0.11071355640888214,36.90956115722656,0.0002037248486885801,27.98501205444336,0.0015903720632195473,0.13667333126068115,23.21865463256836,0.004765785299241543,0.22022411227226257,22.615888595581055,0.0054753427393734455,0.2638009786605835,27.226463317871094,0.0018938855500891805,0.13090863823890686,30.415882110595703,0.0009086815407499671,26.892101287841797,0.002045455388724804,0.15744470059871674,22.740467071533203,0.005320509430021048,0.22333179414272308,22.20027732849121,0.00602521188557148,0.2649519741535187,31.75152587890625,0.0006681091617792845,0.03957238048315048,31.135072708129883,0.000770003825891763,31.85464096069336,0.0006524330819956958,0.04724708944559097
478241,6098,4,4175,-1,2,24.330825805664062,0.2529313862323761,21.921630859375,0.2340887039899826,25.728939056396484,22.282705307006836,0.2817971706390381,20.59075164794922,25.479509353637695,0.06834038347005844,17.64278793334961,17.63581085205078,21.865524291992188,0.3351573348045349,100.0,0.3598010241985321,0.6506059765815735,4175,4207,0.4046187698841095,0,0,0.0036890755873173475,0.0026736597064882517,24.150705337524414,0.0038452937733381987,0.3041095435619354,0.006424464751034975,0.34297072887420654,21.64830780029297,0.006841783877462149,0.4075695276260376,0.005911930929869413,0.017207631841301918,23.79433822631836,0.004174130968749523,0.33057349920272827,0.008728205226361752,0.35409653186798096,21.360294342041016,0.0073108975775539875,0.4098811447620392,0.0028317123651504517,0.017235305160284042,32.10578536987305,0.0006157747120596468,0.06757204234600067,0.006508000660687685,0.0,21.24404525756836,0.007509231101721525,0.4049087166786194,25.10184097290039,0.00308898719958961,0.23509061336517334,35.67844009399414,0.000270493037533015,24.53136444091797,0.003522602142766118,0.28993260860443115,22.359621047973633,0.005808151327073574,0.3291587829589844,21.758007049560547,0.0066711269319057465,0.3981282114982605,24.468488693237305,0.0035739729646593332,0.2542901337146759,29.268762588500977,0.0011833783937618136,24.043102264404297,0.003941756673157215,0.31400614976882935,21.9899845123291,0.006324143148958683,0.3348452150821686,21.457386016845703,0.007149268873035908,0.4045824110507965,32.66230010986328,0.0005417141946963966,0.036856550723314285,30.183250427246094,0.000958683027420193,33.20967483520508,0.0004775651905220002,0.04639991372823715
480440,6099,5,1294,-1,1,25.863683700561523,0.27963268756866455,23.749588012695312,0.2200494110584259,24.47127914428711,22.901329040527344,0.3204464614391327,21.72607421875,25.201332092285156,0.08851843327283859,17.65677261352539,17.802928924560547,23.107614517211914,0.2225642204284668,100.0,0.3508910834789276,0.6271160244941711,1294,1326,0.4185776114463806,0,0,0.0025919813197106123,0.0035716774873435497,26.123863220214844,0.0024412591010332108,0.3237278461456299,0.004217366222292185,0.24784354865550995,23.334484100341797,0.0046403598971664906,0.29256153106689453,0.005127043928951025,0.017152322456240654,24.84523582458496,0.003277001203969121,0.35745730996131897,0.006720359902828932,0.27098822593688965,22.852752685546875,0.005184712819755077,0.30235418677330017,0.0030190260149538517,0.016584686934947968,30.305835723876953,0.0009320011595264077,0.08202250301837921,0.00488920696079731,0.0,22.486135482788086,0.005641392897814512,0.2702447772026062,27.229585647583008,0.001892525120638311,0.2511458694934845,32.233707427978516,0.000597901176661253,26.79500961303711,0.002091697882860899,0.29872819781303406,23.617206573486328,0.004347899463027716,0.22308188676834106,23.016578674316406,0.0049927751533687115,0.2694318890571594,26.60770606994629,0.00218388345092535,0.2637189030647278,28.340972900390625,0.0014652193058282137,26.393220901489258,0.002294447273015976,0.3138481080532074,23.287717819213867,0.004690599627792835,0.22889596223831177,22.79039764404297,0.005259690806269646,0.2766944169998169,33.29030227661133,0.0004687808104790747,0.03672570362687111,30.386045455932617,0.0009149458492174745,33.977882385253906,0.0004001400084234774,0.04416032135486603
483053,6099,5,4067,-1,2,23.730833053588867,0.14308470487594604,19.433935165405273,0.23769128322601318,24.71868133544922,21.227313995361328,0.17448921501636505,18.22007942199707,23.43857192993164,0.10379122942686081,17.355472564697266,17.622474670410156,18.651966094970703,0.19655412435531616,100.0,0.38046032190322876,0.624746561050415,4067,4099,0.42459002137184143,0,0,0.004235618282109499,0.00337389949709177,23.59698486328125,0.004368191119283438,0.15470167994499207,0.01139217521995306,0.20601023733615875,18.926944732666016,0.012802818790078163,0.2257189154624939,0.007538215722888708,0.018384544178843498,22.313955307006836,0.0058695487678050995,0.17876668274402618,0.015065795741975307,0.2396019697189331,18.314912796020508,0.014740380458533764,0.252800315618515,0.004530464299023151,0.017288314178586006,25.904529571533203,0.002567718271166086,0.10149318724870682,0.013639654032886028,0.0,18.030488967895508,0.01573806256055832,0.22005978226661682,24.67146873474121,0.00341077521443367,0.11808812618255615,34.443214416503906,0.000359483266947791,24.111454010009766,0.0038802046328783035,0.13384605944156647,19.572662353515625,0.011034020222723484,0.18768423795700073,18.961158752441406,0.012702355161309242,0.2090044468641281,23.250730514526367,0.004730717279016972,0.13754035532474518,29.768768310546875,0.001054686727002263,22.76030731201172,0.00529625965282321,0.15464335680007935,18.976322174072266,0.012658077292144299,0.19701127707958221,18.393152236938477,0.014477204531431198,0.21886414289474487,27.65865707397461,0.0017144866287708282,0.05556221306324005,30.560768127441406,0.0008788670529611409,27.344646453857422,0.0018430433701723814,0.06296994537115097
